{"played_against": {"f8c72766": {"runs": 0, "balls": 2, "wickets": 1}, "f28a60e0": {"runs": 5, "balls": 8, "wickets": 0}, "7f3ad1ed": {"runs": 4, "balls": 4, "wickets": 0}, "fc55ec67": {"runs": 0, "balls": 1, "wickets": 1}, "dcdb87f2": {"runs": 5, "balls": 2, "wickets": 0}, "bd9fbd51": {"runs": 1, "balls": 3, "wickets": 0}, "d76ab352": {"runs": 2, "balls": 2, "wickets": 0}, "269cc4ff": {"runs": 2, "balls": 3, "wickets": 0}, "782fb776": {"runs": 0, "balls": 1, "wickets": 0}, "f092b4c7": {"runs": 3, "balls": 1, "wickets": 0}, "9de62878": {"runs": 0, "balls": 3, "wickets": 0}, "415d30b6": {"runs": 0, "balls": 1, "wickets": 0}, "78bbeba1": {"runs": 1, "balls": 5, "wickets": 0}, "dc60abdc": {"runs": 3, "balls": 4, "wickets": 0}, "60bec5c3": {"runs": 0, "balls": 5, "wickets": 0}, "0730a707": {"runs": 2, "balls": 2, "wickets": 0}, "4277234d": {"runs": 1, "balls": 3, "wickets": 0}, "fce581b5": {"runs": 1, "balls": 2, "wickets": 0}, "f2e8b37c": {"runs": 0, "balls": 0, "wickets": 0}, "b6359668": {"runs": 0, "balls": 1, "wickets": 1}, "c1077ba3": {"runs": 0, "balls": 0, "wickets": 0}, "596982e6": {"runs": 1, "balls": 2, "wickets": 0}, "a9a18e3e": {"runs": 6, "balls": 3, "wickets": 0}}, "fifties": 0, "thirties": 0, "centuries": 0, "maidens": 2.0, "hattricks": 1, "club_ODI_previous3_runs": [], "club_ODI_previous3_wickets": [], "club_ODI_previous3_balls played": [], "club_ODI_previous3_overs": [], "club_ODI_previous3_runs gave": [], "club_ODI_lifetime_runs": 0.0, "club_ODI_lifetime_wickets": 0.0, "club_ODI_lifetime_balls played": 0.0, "club_ODI_lifetime_overs": 0.0, "club_ODI_lifetime_runs gave": 0.0, "club_Test_previous3_runs": [], "club_Test_previous3_wickets": [], "club_Test_previous3_balls played": [], "club_Test_previous3_overs": [], "club_Test_previous3_runs gave": [], "club_Test_lifetime_runs": 0.0, "club_Test_lifetime_wickets": 0.0, "club_Test_lifetime_balls played": 0.0, "club_Test_lifetime_overs": 0.0, "club_Test_lifetime_runs gave": 0.0, "club_T20_previous3_runs": [], "club_T20_previous3_wickets": [], "club_T20_previous3_balls played": [], "club_T20_previous3_overs": [], "club_T20_previous3_runs gave": [], "club_T20_lifetime_runs": 0.0, "club_T20_lifetime_wickets": 0.0, "club_T20_lifetime_balls played": 0.0, "club_T20_lifetime_overs": 0.0, "club_T20_lifetime_runs gave": 0.0, "international_ODI_previous3_runs": [2.0, 0.0, 0.0], "international_ODI_previous3_wickets": [1.0, 0.0, 0.0], "international_ODI_previous3_balls played": [2.0, 0.0, 0.0], "international_ODI_previous3_overs": [7.0, 6.0, 7.0], "international_ODI_previous3_runs gave": [37.0, 19.0, 33.0], "international_ODI_lifetime_runs": 7.0, "international_ODI_lifetime_wickets": 2.0, "international_ODI_lifetime_balls played": 12.0, "international_ODI_lifetime_overs": 24.833333333333336, "international_ODI_lifetime_runs gave": 139.0, "international_Test_previous3_runs": [], "international_Test_previous3_wickets": [], "international_Test_previous3_balls played": [], "international_Test_previous3_overs": [], "international_Test_previous3_runs gave": [], "international_Test_lifetime_runs": 0.0, "international_Test_lifetime_wickets": 0.0, "international_Test_lifetime_balls played": 0.0, "international_Test_lifetime_overs": 0.0, "international_Test_lifetime_runs gave": 0.0, "international_T20_previous3_runs": [0.0, 7.0, 0.0], "international_T20_previous3_wickets": [0.0, 0.0, 0.0], "international_T20_previous3_balls played": [0.0, 5.0, 0.0], "international_T20_previous3_overs": [2.0, 1.0, 0.0], "international_T20_previous3_runs gave": [15.0, 11.0, 0.0], "international_T20_lifetime_runs": 30.0, "international_T20_lifetime_wickets": 17.0, "international_T20_lifetime_balls played": 47.0, "international_T20_lifetime_overs": 80.0, "international_T20_lifetime_runs gave": 544.0}