{"played_against": {"64775749": {"runs": 16, "balls": 13, "wickets": 0}, "1a156c88": {"runs": 10, "balls": 7, "wickets": 0}, "d167edd3": {"runs": 14, "balls": 18, "wickets": 1}, "9eb1455b": {"runs": 61, "balls": 30, "wickets": 0}, "607c846c": {"runs": 3, "balls": 3, "wickets": 0}, "75224f22": {"runs": 14, "balls": 3, "wickets": 0}, "e1b9f3a9": {"runs": 5, "balls": 4, "wickets": 0}, "2a2e6343": {"runs": 2, "balls": 2, "wickets": 1}, "38c276e1": {"runs": 43, "balls": 27, "wickets": 0}, "e342e5fb": {"runs": 0, "balls": 1, "wickets": 1}, "9cb8d7a6": {"runs": 1, "balls": 1, "wickets": 0}, "6f95e5fa": {"runs": 2, "balls": 3, "wickets": 0}, "50c6bc2b": {"runs": 3, "balls": 3, "wickets": 0}, "1ee08e9a": {"runs": 1, "balls": 1, "wickets": 0}, "7c7d63a2": {"runs": 13, "balls": 12, "wickets": 3}, "8e3cb0e9": {"runs": 8, "balls": 14, "wickets": 0}, "96a6a7ad": {"runs": 13, "balls": 22, "wickets": 0}, "3fb19989": {"runs": 5, "balls": 8, "wickets": 0}, "8f3fde65": {"runs": 0, "balls": 1, "wickets": 1}, "208f22ea": {"runs": 3, "balls": 6, "wickets": 1}, "616a8149": {"runs": 6, "balls": 2, "wickets": 0}, "12b610c2": {"runs": 0, "balls": 3, "wickets": 1}, "52c952d9": {"runs": 8, "balls": 9, "wickets": 1}, "1558d83b": {"runs": 0, "balls": 0, "wickets": 0}, "caf69bf7": {"runs": 14, "balls": 8, "wickets": 1}, "4933f499": {"runs": 13, "balls": 6, "wickets": 1}, "dfc4d8b5": {"runs": 9, "balls": 11, "wickets": 0}, "62af8546": {"runs": 3, "balls": 4, "wickets": 0}, "8db7f47f": {"runs": 10, "balls": 2, "wickets": 0}, "0f6db197": {"runs": 0, "balls": 1, "wickets": 0}, "19b9f399": {"runs": 8, "balls": 14, "wickets": 0}, "5f547c8b": {"runs": 1, "balls": 1, "wickets": 0}, "15de1f5d": {"runs": 20, "balls": 23, "wickets": 3}, "b681e71e": {"runs": 2, "balls": 4, "wickets": 0}, "8d5d991e": {"runs": 0, "balls": 1, "wickets": 1}, "9de62878": {"runs": 4, "balls": 5, "wickets": 0}, "f422728b": {"runs": 16, "balls": 25, "wickets": 2}, "1b04e02b": {"runs": 8, "balls": 10, "wickets": 1}, "b410bd3d": {"runs": 14, "balls": 7, "wickets": 0}, "1d2f290a": {"runs": 7, "balls": 4, "wickets": 0}, "56ab442f": {"runs": 4, "balls": 5, "wickets": 0}, "14f96089": {"runs": 13, "balls": 9, "wickets": 2}, "1a2676c5": {"runs": 10, "balls": 12, "wickets": 0}, "2c7ac4b9": {"runs": 2, "balls": 9, "wickets": 0}, "bc2d4f2e": {"runs": 15, "balls": 39, "wickets": 1}, "f752db61": {"runs": 19, "balls": 14, "wickets": 0}, "70c4f525": {"runs": 27, "balls": 46, "wickets": 0}, "442461fa": {"runs": 22, "balls": 27, "wickets": 0}, "a90e53ec": {"runs": 24, "balls": 29, "wickets": 1}, "e7dd5eca": {"runs": 0, "balls": 4, "wickets": 2}, "bc773eeb": {"runs": 2, "balls": 4, "wickets": 1}, "ab21795b": {"runs": 15, "balls": 20, "wickets": 0}, "a2421394": {"runs": 0, "balls": 21, "wickets": 0}, "7c8f533d": {"runs": 2, "balls": 25, "wickets": 0}, "b08e58e2": {"runs": 6, "balls": 6, "wickets": 1}, "4d7f517e": {"runs": 1, "balls": 3, "wickets": 1}, "7d92277a": {"runs": 6, "balls": 6, "wickets": 0}, "bbd41817": {"runs": 3, "balls": 3, "wickets": 0}, "055be93a": {"runs": 3, "balls": 2, "wickets": 0}, "33742f04": {"runs": 10, "balls": 9, "wickets": 0}, "3540beff": {"runs": 1, "balls": 1, "wickets": 0}, "ffe699c0": {"runs": 0, "balls": 1, "wickets": 1}, "272fc5ad": {"runs": 10, "balls": 5, "wickets": 0}, "51a60c16": {"runs": 1, "balls": 1, "wickets": 0}, "bd93fea4": {"runs": 5, "balls": 2, "wickets": 0}, "f1f99156": {"runs": 7, "balls": 6, "wickets": 0}, "2cbdd22f": {"runs": 0, "balls": 3, "wickets": 0}, "68e26ec9": {"runs": 1, "balls": 1, "wickets": 0}, "2413a688": {"runs": 0, "balls": 2, "wickets": 0}, "28217d89": {"runs": 0, "balls": 1, "wickets": 1}, "1cc0a83d": {"runs": 4, "balls": 5, "wickets": 0}, "c78a879c": {"runs": 1, "balls": 3, "wickets": 0}, "35c08a29": {"runs": 0, "balls": 1, "wickets": 1}, "c672e80e": {"runs": 3, "balls": 3, "wickets": 0}, "5ccdb14f": {"runs": 4, "balls": 4, "wickets": 0}, "ad212f96": {"runs": 0, "balls": 3, "wickets": 0}, "d26e0405": {"runs": 0, "balls": 2, "wickets": 1}, "d48c0f40": {"runs": 1, "balls": 7, "wickets": 0}, "2baad3bd": {"runs": 3, "balls": 5, "wickets": 1}, "3b4f3099": {"runs": 10, "balls": 8, "wickets": 0}, "f655d740": {"runs": 1, "balls": 5, "wickets": 0}, "ef55b38c": {"runs": 0, "balls": 3, "wickets": 0}, "f787e0eb": {"runs": 6, "balls": 2, "wickets": 0}, "d405c0d5": {"runs": 4, "balls": 3, "wickets": 1}, "7b953689": {"runs": 7, "balls": 2, "wickets": 0}, "83c3e8e3": {"runs": 0, "balls": 2, "wickets": 0}}, "fifties": 1, "thirties": 4, "centuries": 0, "maidens": 56.0, "hattricks": 4, "club_ODI_previous3_runs": [7.0, 0.0, 15.0], "club_ODI_previous3_wickets": [0.0, 2.0, 0.0], "club_ODI_previous3_balls played": [7.0, 5.0, 26.0], "club_ODI_previous3_overs": [3.0, 5.0, 6.0], "club_ODI_previous3_runs gave": [30.0, 20.0, 22.0], "club_ODI_lifetime_runs": 27.0, "club_ODI_lifetime_wickets": 8.0, "club_ODI_lifetime_balls played": 50.0, "club_ODI_lifetime_overs": 39.0, "club_ODI_lifetime_runs gave": 222.0, "club_Test_previous3_runs": [64.0, 7.0, 4.0], "club_Test_previous3_wickets": [2.0, 0.0, 1.0], "club_Test_previous3_balls played": [53.0, 49.0, 18.0], "club_Test_previous3_overs": [33.0, 19.0, 17.0], "club_Test_previous3_runs gave": [96.0, 68.0, 28.0], "club_Test_lifetime_runs": 225.0, "club_Test_lifetime_wickets": 13.0, "club_Test_lifetime_balls played": 369.0, "club_Test_lifetime_overs": 193.0, "club_Test_lifetime_runs gave": 577.0, "club_T20_previous3_runs": [2.0, 4.0, 7.0], "club_T20_previous3_wickets": [0.0, 0.0, 0.0], "club_T20_previous3_balls played": [4.0, 3.0, 4.0], "club_T20_previous3_overs": [3.0, 0.0, 3.0], "club_T20_previous3_runs gave": [57.0, 0.0, 43.0], "club_T20_lifetime_runs": 361.0, "club_T20_lifetime_wickets": 32.0, "club_T20_lifetime_balls played": 290.0, "club_T20_lifetime_overs": 112.83333333333334, "club_T20_lifetime_runs gave": 1000.0, "international_ODI_previous3_runs": [], "international_ODI_previous3_wickets": [], "international_ODI_previous3_balls played": [], "international_ODI_previous3_overs": [], "international_ODI_previous3_runs gave": [], "international_ODI_lifetime_runs": 0.0, "international_ODI_lifetime_wickets": 0.0, "international_ODI_lifetime_balls played": 0.0, "international_ODI_lifetime_overs": 0.0, "international_ODI_lifetime_runs gave": 0.0, "international_Test_previous3_runs": [], "international_Test_previous3_wickets": [], "international_Test_previous3_balls played": [], "international_Test_previous3_overs": [], "international_Test_previous3_runs gave": [], "international_Test_lifetime_runs": 0.0, "international_Test_lifetime_wickets": 0.0, "international_Test_lifetime_balls played": 0.0, "international_Test_lifetime_overs": 0.0, "international_Test_lifetime_runs gave": 0.0, "international_T20_previous3_runs": [], "international_T20_previous3_wickets": [], "international_T20_previous3_balls played": [], "international_T20_previous3_overs": [], "international_T20_previous3_runs gave": [], "international_T20_lifetime_runs": 0.0, "international_T20_lifetime_wickets": 0.0, "international_T20_lifetime_balls played": 0.0, "international_T20_lifetime_overs": 0.0, "international_T20_lifetime_runs gave": 0.0}