{"played_against": {"aeab0d4f": {"runs": 1, "balls": 1, "wickets": 0}, "fec369cd": {"runs": 3, "balls": 5, "wickets": 0}, "78c12883": {"runs": 1, "balls": 1, "wickets": 0}, "31b01074": {"runs": 2, "balls": 4, "wickets": 0}, "8bf61e65": {"runs": 5, "balls": 6, "wickets": 0}, "34b37279": {"runs": 2, "balls": 3, "wickets": 1}, "f838b4d1": {"runs": 3, "balls": 2, "wickets": 0}, "b8701e6d": {"runs": 2, "balls": 2, "wickets": 0}, "5a74e559": {"runs": 1, "balls": 6, "wickets": 0}, "56ef4f99": {"runs": 3, "balls": 7, "wickets": 0}, "3a60e0b5": {"runs": 5, "balls": 5, "wickets": 1}, "0f21680d": {"runs": 1, "balls": 3, "wickets": 0}, "e871a7a1": {"runs": 7, "balls": 4, "wickets": 0}, "f1f99156": {"runs": 9, "balls": 15, "wickets": 0}, "8728a058": {"runs": 1, "balls": 4, "wickets": 0}, "5899dceb": {"runs": 3, "balls": 5, "wickets": 0}, "57a76baa": {"runs": 5, "balls": 7, "wickets": 0}, "6ea2710f": {"runs": 1, "balls": 4, "wickets": 0}}, "fifties": 0, "thirties": 0, "centuries": 0, "maidens": 0.0, "hattricks": 0, "club_ODI_previous3_runs": [5.0, 17.0, 19.0], "club_ODI_previous3_wickets": [0.0, 0.0, 0.0], "club_ODI_previous3_balls played": [4.0, 25.0, 35.0], "club_ODI_previous3_overs": [7.0, 4.0, 3.0], "club_ODI_previous3_runs gave": [26.0, 29.0, 16.0], "club_ODI_lifetime_runs": 55.0, "club_ODI_lifetime_wickets": 0.0, "club_ODI_lifetime_balls played": 86.0, "club_ODI_lifetime_overs": 19.0, "club_ODI_lifetime_runs gave": 114.0, "club_Test_previous3_runs": [], "club_Test_previous3_wickets": [], "club_Test_previous3_balls played": [], "club_Test_previous3_overs": [], "club_Test_previous3_runs gave": [], "club_Test_lifetime_runs": 0.0, "club_Test_lifetime_wickets": 0.0, "club_Test_lifetime_balls played": 0.0, "club_Test_lifetime_overs": 0.0, "club_Test_lifetime_runs gave": 0.0, "club_T20_previous3_runs": [], "club_T20_previous3_wickets": [], "club_T20_previous3_balls played": [], "club_T20_previous3_overs": [], "club_T20_previous3_runs gave": [], "club_T20_lifetime_runs": 0.0, "club_T20_lifetime_wickets": 0.0, "club_T20_lifetime_balls played": 0.0, "club_T20_lifetime_overs": 0.0, "club_T20_lifetime_runs gave": 0.0, "international_ODI_previous3_runs": [], "international_ODI_previous3_wickets": [], "international_ODI_previous3_balls played": [], "international_ODI_previous3_overs": [], "international_ODI_previous3_runs gave": [], "international_ODI_lifetime_runs": 0.0, "international_ODI_lifetime_wickets": 0.0, "international_ODI_lifetime_balls played": 0.0, "international_ODI_lifetime_overs": 0.0, "international_ODI_lifetime_runs gave": 0.0, "international_Test_previous3_runs": [], "international_Test_previous3_wickets": [], "international_Test_previous3_balls played": [], "international_Test_previous3_overs": [], "international_Test_previous3_runs gave": [], "international_Test_lifetime_runs": 0.0, "international_Test_lifetime_wickets": 0.0, "international_Test_lifetime_balls played": 0.0, "international_Test_lifetime_overs": 0.0, "international_Test_lifetime_runs gave": 0.0, "international_T20_previous3_runs": [], "international_T20_previous3_wickets": [], "international_T20_previous3_balls played": [], "international_T20_previous3_overs": [], "international_T20_previous3_runs gave": [], "international_T20_lifetime_runs": 0.0, "international_T20_lifetime_wickets": 0.0, "international_T20_lifetime_balls played": 0.0, "international_T20_lifetime_overs": 0.0, "international_T20_lifetime_runs gave": 0.0}