{"played_against": {"2deb4082": {"runs": 5, "balls": 3, "wickets": 0}, "dd3df124": {"runs": 1, "balls": 2, "wickets": 1}, "9244df4b": {"runs": 1, "balls": 1, "wickets": 0}, "6a091f62": {"runs": 5, "balls": 5, "wickets": 0}, "6de51a8e": {"runs": 5, "balls": 6, "wickets": 0}, "dc1dd6c4": {"runs": 1, "balls": 1, "wickets": 0}, "2df874e6": {"runs": 10, "balls": 4, "wickets": 1}, "26f98ea3": {"runs": 1, "balls": 1, "wickets": 0}, "ff36e706": {"runs": 0, "balls": 3, "wickets": 0}, "e204b898": {"runs": 0, "balls": 2, "wickets": 1}, "58aa33cd": {"runs": 2, "balls": 1, "wickets": 0}, "d18b7f34": {"runs": 1, "balls": 1, "wickets": 0}, "14e1fdab": {"runs": 10, "balls": 10, "wickets": 1}, "0813a8b1": {"runs": 15, "balls": 6, "wickets": 0}, "77e321db": {"runs": 0, "balls": 2, "wickets": 1}, "c228c52d": {"runs": 5, "balls": 2, "wickets": 0}, "32e97806": {"runs": 3, "balls": 3, "wickets": 0}, "704e0160": {"runs": 5, "balls": 3, "wickets": 0}, "faef026c": {"runs": 3, "balls": 4, "wickets": 0}, "d85d52c2": {"runs": 1, "balls": 3, "wickets": 1}, "b857468a": {"runs": 2, "balls": 4, "wickets": 1}, "5f25b104": {"runs": 1, "balls": 3, "wickets": 0}, "11f56b14": {"runs": 3, "balls": 2, "wickets": 0}, "efc3a46b": {"runs": 1, "balls": 1, "wickets": 0}, "935305fd": {"runs": 1, "balls": 2, "wickets": 0}, "d5c38041": {"runs": 0, "balls": 1, "wickets": 1}}, "fifties": 0, "thirties": 0, "centuries": 0, "maidens": 0.0, "hattricks": 3, "club_ODI_previous3_runs": [], "club_ODI_previous3_wickets": [], "club_ODI_previous3_balls played": [], "club_ODI_previous3_overs": [], "club_ODI_previous3_runs gave": [], "club_ODI_lifetime_runs": 0.0, "club_ODI_lifetime_wickets": 0.0, "club_ODI_lifetime_balls played": 0.0, "club_ODI_lifetime_overs": 0.0, "club_ODI_lifetime_runs gave": 0.0, "club_Test_previous3_runs": [], "club_Test_previous3_wickets": [], "club_Test_previous3_balls played": [], "club_Test_previous3_overs": [], "club_Test_previous3_runs gave": [], "club_Test_lifetime_runs": 0.0, "club_Test_lifetime_wickets": 0.0, "club_Test_lifetime_balls played": 0.0, "club_Test_lifetime_overs": 0.0, "club_Test_lifetime_runs gave": 0.0, "club_T20_previous3_runs": [], "club_T20_previous3_wickets": [], "club_T20_previous3_balls played": [], "club_T20_previous3_overs": [], "club_T20_previous3_runs gave": [], "club_T20_lifetime_runs": 0.0, "club_T20_lifetime_wickets": 0.0, "club_T20_lifetime_balls played": 0.0, "club_T20_lifetime_overs": 0.0, "club_T20_lifetime_runs gave": 0.0, "international_ODI_previous3_runs": [], "international_ODI_previous3_wickets": [], "international_ODI_previous3_balls played": [], "international_ODI_previous3_overs": [], "international_ODI_previous3_runs gave": [], "international_ODI_lifetime_runs": 0.0, "international_ODI_lifetime_wickets": 0.0, "international_ODI_lifetime_balls played": 0.0, "international_ODI_lifetime_overs": 0.0, "international_ODI_lifetime_runs gave": 0.0, "international_Test_previous3_runs": [], "international_Test_previous3_wickets": [], "international_Test_previous3_balls played": [], "international_Test_previous3_overs": [], "international_Test_previous3_runs gave": [], "international_Test_lifetime_runs": 0.0, "international_Test_lifetime_wickets": 0.0, "international_Test_lifetime_balls played": 0.0, "international_Test_lifetime_overs": 0.0, "international_Test_lifetime_runs gave": 0.0, "international_T20_previous3_runs": [1.0, 0.0, 0.0], "international_T20_previous3_wickets": [0.0, 0.0, 2.0], "international_T20_previous3_balls played": [3.0, 0.0, 0.0], "international_T20_previous3_overs": [2.0, 2.0, 4.0], "international_T20_previous3_runs gave": [25.0, 23.0, 21.0], "international_T20_lifetime_runs": 82.0, "international_T20_lifetime_wickets": 31.0, "international_T20_lifetime_balls played": 76.0, "international_T20_lifetime_overs": 83.00000000000001, "international_T20_lifetime_runs gave": 729.0}