{"played_against": {"75a667c0": {"runs": 0, "balls": 4, "wickets": 0}, "a45db27e": {"runs": 0, "balls": 1, "wickets": 1}, "9e547805": {"runs": 3, "balls": 3, "wickets": 0}, "5fab5186": {"runs": 3, "balls": 2, "wickets": 0}, "a2632c7c": {"runs": 0, "balls": 1, "wickets": 0}, "aeccf5cc": {"runs": 2, "balls": 1, "wickets": 0}}, "fifties": 0, "thirties": 0, "centuries": 0, "maidens": 0.0, "hattricks": 0, "club_ODI_previous3_runs": [2.0], "club_ODI_previous3_wickets": [0.0], "club_ODI_previous3_balls played": [1.0], "club_ODI_previous3_overs": [2.0], "club_ODI_previous3_runs gave": [14.0], "club_ODI_lifetime_runs": 2.0, "club_ODI_lifetime_wickets": 0.0, "club_ODI_lifetime_balls played": 1.0, "club_ODI_lifetime_overs": 2.0, "club_ODI_lifetime_runs gave": 14.0, "club_Test_previous3_runs": [], "club_Test_previous3_wickets": [], "club_Test_previous3_balls played": [], "club_Test_previous3_overs": [], "club_Test_previous3_runs gave": [], "club_Test_lifetime_runs": 0.0, "club_Test_lifetime_wickets": 0.0, "club_Test_lifetime_balls played": 0.0, "club_Test_lifetime_overs": 0.0, "club_Test_lifetime_runs gave": 0.0, "club_T20_previous3_runs": [3.0, 3.0, 0.0], "club_T20_previous3_wickets": [2.0, 0.0, 0.0], "club_T20_previous3_balls played": [3.0, 4.0, 0.0], "club_T20_previous3_overs": [4.0, 2.0, 0.0], "club_T20_previous3_runs gave": [17.0, 10.0, 0.0], "club_T20_lifetime_runs": 6.0, "club_T20_lifetime_wickets": 3.0, "club_T20_lifetime_balls played": 12.0, "club_T20_lifetime_overs": 10.0, "club_T20_lifetime_runs gave": 50.0, "international_ODI_previous3_runs": [], "international_ODI_previous3_wickets": [], "international_ODI_previous3_balls played": [], "international_ODI_previous3_overs": [], "international_ODI_previous3_runs gave": [], "international_ODI_lifetime_runs": 0.0, "international_ODI_lifetime_wickets": 0.0, "international_ODI_lifetime_balls played": 0.0, "international_ODI_lifetime_overs": 0.0, "international_ODI_lifetime_runs gave": 0.0, "international_Test_previous3_runs": [], "international_Test_previous3_wickets": [], "international_Test_previous3_balls played": [], "international_Test_previous3_overs": [], "international_Test_previous3_runs gave": [], "international_Test_lifetime_runs": 0.0, "international_Test_lifetime_wickets": 0.0, "international_Test_lifetime_balls played": 0.0, "international_Test_lifetime_overs": 0.0, "international_Test_lifetime_runs gave": 0.0, "international_T20_previous3_runs": [], "international_T20_previous3_wickets": [], "international_T20_previous3_balls played": [], "international_T20_previous3_overs": [], "international_T20_previous3_runs gave": [], "international_T20_lifetime_runs": 0.0, "international_T20_lifetime_wickets": 0.0, "international_T20_lifetime_balls played": 0.0, "international_T20_lifetime_overs": 0.0, "international_T20_lifetime_runs gave": 0.0}