{"played_against": {"780d1997": {"runs": 2, "balls": 4, "wickets": 0}, "995aedfe": {"runs": 1, "balls": 2, "wickets": 0}, "29ee9bf9": {"runs": 0, "balls": 2, "wickets": 1}, "98d05440": {"runs": 7, "balls": 11, "wickets": 0}, "12c3ba4d": {"runs": 8, "balls": 8, "wickets": 1}, "edf3773b": {"runs": 9, "balls": 21, "wickets": 0}, "2d8aae2f": {"runs": 4, "balls": 6, "wickets": 0}, "3c4007d3": {"runs": 0, "balls": 1, "wickets": 1}, "bceb1b07": {"runs": 24, "balls": 23, "wickets": 0}, "7f6c2dae": {"runs": 6, "balls": 9, "wickets": 0}, "f5853cef": {"runs": 22, "balls": 30, "wickets": 0}, "0e0afd8b": {"runs": 8, "balls": 4, "wickets": 0}, "2fdd16fe": {"runs": 3, "balls": 3, "wickets": 0}, "753b5a2d": {"runs": 19, "balls": 23, "wickets": 0}, "49118dc7": {"runs": 34, "balls": 56, "wickets": 0}, "c07a1f41": {"runs": 0, "balls": 1, "wickets": 0}, "96503059": {"runs": 0, "balls": 2, "wickets": 0}, "abbdca1a": {"runs": 0, "balls": 2, "wickets": 0}, "a75a78eb": {"runs": 0, "balls": 3, "wickets": 0}, "91052c96": {"runs": 0, "balls": 1, "wickets": 1}, "8c7d6cbe": {"runs": 20, "balls": 9, "wickets": 1}, "27159c6a": {"runs": 1, "balls": 2, "wickets": 0}, "f43dd8c2": {"runs": 19, "balls": 12, "wickets": 1}, "7805af0f": {"runs": 1, "balls": 1, "wickets": 0}, "363fe2d5": {"runs": 4, "balls": 6, "wickets": 0}, "cf9ae594": {"runs": 2, "balls": 5, "wickets": 1}, "c53500ba": {"runs": 10, "balls": 11, "wickets": 0}, "1f3e6df4": {"runs": 4, "balls": 16, "wickets": 0}, "488f6d91": {"runs": 0, "balls": 1, "wickets": 0}, "a96938ba": {"runs": 17, "balls": 25, "wickets": 0}, "4d3d1792": {"runs": 0, "balls": 5, "wickets": 1}, "b858be20": {"runs": 13, "balls": 25, "wickets": 0}, "34464143": {"runs": 4, "balls": 8, "wickets": 0}, "eff8b730": {"runs": 20, "balls": 17, "wickets": 0}, "235fb973": {"runs": 2, "balls": 11, "wickets": 0}, "22cf078a": {"runs": 7, "balls": 9, "wickets": 0}, "1f1f93b5": {"runs": 20, "balls": 45, "wickets": 0}, "b7ccb3c9": {"runs": 19, "balls": 28, "wickets": 0}, "3528b8dd": {"runs": 10, "balls": 16, "wickets": 1}, "87e89d7f": {"runs": 7, "balls": 12, "wickets": 0}, "cb4a3840": {"runs": 9, "balls": 15, "wickets": 0}, "ed7bdfec": {"runs": 5, "balls": 5, "wickets": 0}, "180bb105": {"runs": 13, "balls": 23, "wickets": 0}, "3957a70a": {"runs": 6, "balls": 5, "wickets": 1}, "b6980844": {"runs": 16, "balls": 13, "wickets": 1}, "8160713d": {"runs": 13, "balls": 12, "wickets": 1}, "80089b3a": {"runs": 18, "balls": 28, "wickets": 0}, "9f998ed8": {"runs": 9, "balls": 28, "wickets": 0}, "bc6f8328": {"runs": 9, "balls": 18, "wickets": 0}, "01d5f279": {"runs": 3, "balls": 10, "wickets": 0}, "ff722bc8": {"runs": 13, "balls": 21, "wickets": 0}, "a9231c3f": {"runs": 2, "balls": 12, "wickets": 1}, "b0eaaac6": {"runs": 4, "balls": 13, "wickets": 0}, "e6ddab51": {"runs": 0, "balls": 1, "wickets": 0}, "c024db94": {"runs": 2, "balls": 6, "wickets": 0}, "3748955d": {"runs": 3, "balls": 15, "wickets": 0}, "934b36a6": {"runs": 2, "balls": 6, "wickets": 1}, "81c9dbbc": {"runs": 12, "balls": 13, "wickets": 0}, "59dcf322": {"runs": 7, "balls": 9, "wickets": 0}, "0f652c21": {"runs": 6, "balls": 7, "wickets": 0}, "ae624b05": {"runs": 14, "balls": 13, "wickets": 0}, "f8035c2a": {"runs": 0, "balls": 0, "wickets": 0}, "5efa8af3": {"runs": 26, "balls": 44, "wickets": 0}, "28adcce9": {"runs": 31, "balls": 62, "wickets": 0}, "6667067e": {"runs": 28, "balls": 39, "wickets": 0}, "78fcc740": {"runs": 24, "balls": 56, "wickets": 2}, "87e33d07": {"runs": 13, "balls": 29, "wickets": 0}, "dc67d315": {"runs": 9, "balls": 15, "wickets": 0}, "2b7609f1": {"runs": 9, "balls": 16, "wickets": 0}, "7636b587": {"runs": 5, "balls": 2, "wickets": 0}, "269cc4ff": {"runs": 13, "balls": 19, "wickets": 1}, "a3a275ec": {"runs": 1, "balls": 2, "wickets": 1}, "e91933cb": {"runs": 1, "balls": 7, "wickets": 0}, "479da8f9": {"runs": 12, "balls": 14, "wickets": 0}, "a22b4f3f": {"runs": 10, "balls": 23, "wickets": 0}, "c498c510": {"runs": 42, "balls": 42, "wickets": 1}, "49f6d023": {"runs": 18, "balls": 32, "wickets": 1}, "af19aa66": {"runs": 9, "balls": 12, "wickets": 1}, "e45810ed": {"runs": 8, "balls": 5, "wickets": 0}, "f96933f0": {"runs": 8, "balls": 12, "wickets": 0}, "b1b99a1a": {"runs": 2, "balls": 5, "wickets": 0}, "d9fd42e4": {"runs": 3, "balls": 3, "wickets": 1}, "9951e469": {"runs": 5, "balls": 5, "wickets": 0}, "e8ffdab1": {"runs": 0, "balls": 2, "wickets": 1}, "18db3f22": {"runs": 5, "balls": 15, "wickets": 0}, "1a9e9efe": {"runs": 13, "balls": 14, "wickets": 0}, "48f25627": {"runs": 37, "balls": 53, "wickets": 1}, "f092b4c7": {"runs": 31, "balls": 36, "wickets": 1}, "8a3756a0": {"runs": 9, "balls": 13, "wickets": 0}, "8f1e023f": {"runs": 7, "balls": 5, "wickets": 0}, "e9d6a2ce": {"runs": 14, "balls": 24, "wickets": 0}, "13598ebc": {"runs": 29, "balls": 26, "wickets": 0}, "b56f5b6f": {"runs": 27, "balls": 30, "wickets": 0}, "dcdb87f2": {"runs": 7, "balls": 3, "wickets": 0}, "72253b87": {"runs": 1, "balls": 1, "wickets": 0}, "eb4f9c61": {"runs": 31, "balls": 49, "wickets": 0}, "6cedad99": {"runs": 17, "balls": 21, "wickets": 0}, "e9173fb0": {"runs": 10, "balls": 14, "wickets": 0}, "7fa6bd8e": {"runs": 16, "balls": 23, "wickets": 1}, "c6e10e5c": {"runs": 9, "balls": 8, "wickets": 0}, "9048c17e": {"runs": 0, "balls": 1, "wickets": 0}, "e1370b54": {"runs": 4, "balls": 7, "wickets": 0}, "0daf3ffc": {"runs": 12, "balls": 13, "wickets": 0}, "c01852c6": {"runs": 13, "balls": 13, "wickets": 0}, "877ad201": {"runs": 4, "balls": 3, "wickets": 0}, "fb27d38c": {"runs": 7, "balls": 7, "wickets": 0}, "eee46f77": {"runs": 12, "balls": 7, "wickets": 0}, "fb7dc205": {"runs": 12, "balls": 10, "wickets": 0}, "609d6c7c": {"runs": 13, "balls": 12, "wickets": 0}, "7f74b21d": {"runs": 4, "balls": 5, "wickets": 0}, "0ac067e8": {"runs": 1, "balls": 3, "wickets": 1}, "eddf25bd": {"runs": 2, "balls": 11, "wickets": 1}, "eaeb065e": {"runs": 0, "balls": 1, "wickets": 0}, "362fde0f": {"runs": 15, "balls": 13, "wickets": 0}, "39f0b039": {"runs": 5, "balls": 7, "wickets": 0}, "d1c7dd6d": {"runs": 0, "balls": 2, "wickets": 1}, "6324f601": {"runs": 8, "balls": 12, "wickets": 0}, "13bc54a8": {"runs": 54, "balls": 36, "wickets": 2}, "dd5a9067": {"runs": 20, "balls": 27, "wickets": 0}, "856cbb1e": {"runs": 38, "balls": 41, "wickets": 0}, "62141a22": {"runs": 15, "balls": 14, "wickets": 0}, "82afc034": {"runs": 8, "balls": 18, "wickets": 0}, "cef52835": {"runs": 12, "balls": 19, "wickets": 0}, "b9fd3959": {"runs": 11, "balls": 24, "wickets": 0}, "85b0ccd1": {"runs": 2, "balls": 4, "wickets": 0}, "d754fde8": {"runs": 9, "balls": 18, "wickets": 1}, "71ad618b": {"runs": 4, "balls": 4, "wickets": 0}, "7bf34437": {"runs": 13, "balls": 14, "wickets": 0}, "95c434f7": {"runs": 4, "balls": 6, "wickets": 0}, "e258a603": {"runs": 17, "balls": 15, "wickets": 0}, "f28a60e0": {"runs": 8, "balls": 14, "wickets": 0}, "b3bad3f2": {"runs": 10, "balls": 17, "wickets": 1}, "bd021695": {"runs": 8, "balls": 12, "wickets": 0}, "5c93efb1": {"runs": 34, "balls": 25, "wickets": 1}, "0331c99a": {"runs": 2, "balls": 6, "wickets": 1}, "c0fca5eb": {"runs": 13, "balls": 11, "wickets": 0}, "90a41671": {"runs": 9, "balls": 13, "wickets": 0}, "06b45b20": {"runs": 18, "balls": 6, "wickets": 0}, "249fe400": {"runs": 9, "balls": 12, "wickets": 0}, "3b4a8cfb": {"runs": 48, "balls": 36, "wickets": 1}, "f83b77f9": {"runs": 23, "balls": 16, "wickets": 0}, "1c1bb0d5": {"runs": 34, "balls": 18, "wickets": 0}, "8e9d3dc4": {"runs": 27, "balls": 27, "wickets": 1}, "11406bad": {"runs": 25, "balls": 22, "wickets": 1}, "ca673cff": {"runs": 6, "balls": 4, "wickets": 0}, "0393fbdc": {"runs": 6, "balls": 6, "wickets": 0}, "fda4150a": {"runs": 12, "balls": 8, "wickets": 0}, "4e6ff836": {"runs": 0, "balls": 1, "wickets": 1}, "5c57229d": {"runs": 11, "balls": 11, "wickets": 0}, "76b19864": {"runs": 14, "balls": 11, "wickets": 0}, "6978bff0": {"runs": 8, "balls": 7, "wickets": 0}, "cf0b9a0d": {"runs": 11, "balls": 11, "wickets": 0}, "e4ad57ea": {"runs": 13, "balls": 6, "wickets": 0}, "b3e9555a": {"runs": 1, "balls": 2, "wickets": 1}, "7ee25c46": {"runs": 14, "balls": 8, "wickets": 0}, "1a628a92": {"runs": 2, "balls": 4, "wickets": 0}, "7fcc57bf": {"runs": 6, "balls": 3, "wickets": 0}, "79209272": {"runs": 2, "balls": 4, "wickets": 0}, "2d46e8ed": {"runs": 0, "balls": 3, "wickets": 1}, "be0077ba": {"runs": 7, "balls": 6, "wickets": 0}, "ff36e706": {"runs": 18, "balls": 13, "wickets": 0}, "58aa33cd": {"runs": 7, "balls": 5, "wickets": 0}, "e204b898": {"runs": 5, "balls": 7, "wickets": 0}, "d0d32c30": {"runs": 6, "balls": 5, "wickets": 0}, "973006cc": {"runs": 1, "balls": 1, "wickets": 0}, "1021b6e5": {"runs": 12, "balls": 31, "wickets": 0}, "a843d7a8": {"runs": 12, "balls": 18, "wickets": 0}, "673be48f": {"runs": 24, "balls": 30, "wickets": 0}, "2999e5b3": {"runs": 7, "balls": 9, "wickets": 1}, "d482c8b8": {"runs": 8, "balls": 13, "wickets": 0}, "df3947f4": {"runs": 21, "balls": 25, "wickets": 0}, "c6e1354c": {"runs": 16, "balls": 25, "wickets": 2}, "fb59e5bc": {"runs": 26, "balls": 26, "wickets": 0}, "aef39fe4": {"runs": 5, "balls": 4, "wickets": 0}, "82e71557": {"runs": 1, "balls": 4, "wickets": 0}, "f104c434": {"runs": 12, "balls": 25, "wickets": 0}, "60bec5c3": {"runs": 10, "balls": 12, "wickets": 1}, "6dba59e0": {"runs": 0, "balls": 3, "wickets": 0}, "dc60abdc": {"runs": 7, "balls": 10, "wickets": 1}, "57fcfd3b": {"runs": 6, "balls": 5, "wickets": 0}, "14810ee7": {"runs": 2, "balls": 6, "wickets": 0}, "bb9b51f4": {"runs": 1, "balls": 12, "wickets": 0}, "2a7b9e74": {"runs": 5, "balls": 9, "wickets": 0}, "9c181b99": {"runs": 1, "balls": 2, "wickets": 0}, "fc362c5d": {"runs": 0, "balls": 0, "wickets": 0}, "ee17d329": {"runs": 0, "balls": 2, "wickets": 1}, "6a88d66d": {"runs": 2, "balls": 5, "wickets": 0}, "0a15f357": {"runs": 10, "balls": 6, "wickets": 0}, "43f3c050": {"runs": 1, "balls": 1, "wickets": 0}, "63d6e16e": {"runs": 8, "balls": 8, "wickets": 1}, "d7074ddc": {"runs": 4, "balls": 5, "wickets": 0}, "2b203501": {"runs": 4, "balls": 7, "wickets": 1}, "1252f71a": {"runs": 9, "balls": 14, "wickets": 0}, "2ecd844a": {"runs": 8, "balls": 7, "wickets": 0}, "436c763a": {"runs": 2, "balls": 3, "wickets": 0}, "28131839": {"runs": 14, "balls": 8, "wickets": 0}, "4ebc70ca": {"runs": 7, "balls": 2, "wickets": 0}, "6b46ce43": {"runs": 0, "balls": 1, "wickets": 1}, "0b581ed6": {"runs": 27, "balls": 23, "wickets": 1}, "aea11d1d": {"runs": 12, "balls": 12, "wickets": 0}, "c8ea9add": {"runs": 1, "balls": 3, "wickets": 1}, "3cc13c68": {"runs": 31, "balls": 16, "wickets": 0}, "24c1844e": {"runs": 10, "balls": 6, "wickets": 0}, "281ce63c": {"runs": 21, "balls": 11, "wickets": 0}, "87609cbb": {"runs": 6, "balls": 7, "wickets": 0}, "f7cb7c3a": {"runs": 22, "balls": 11, "wickets": 1}, "e5464794": {"runs": 10, "balls": 6, "wickets": 0}, "251eb801": {"runs": 8, "balls": 6, "wickets": 0}, "e18e9598": {"runs": 16, "balls": 17, "wickets": 0}, "4289ccc9": {"runs": 12, "balls": 6, "wickets": 1}, "db218528": {"runs": 11, "balls": 9, "wickets": 0}, "edc950ce": {"runs": 12, "balls": 7, "wickets": 0}, "2011735e": {"runs": 4, "balls": 5, "wickets": 0}, "2d45d7d2": {"runs": 14, "balls": 5, "wickets": 1}, "2cf2fc9e": {"runs": 8, "balls": 7, "wickets": 0}, "985b649e": {"runs": 13, "balls": 10, "wickets": 0}, "98e3f1de": {"runs": 19, "balls": 11, "wickets": 0}, "f0f2b9c5": {"runs": 33, "balls": 16, "wickets": 0}, "80b92515": {"runs": 5, "balls": 4, "wickets": 0}, "dfcdb11e": {"runs": 2, "balls": 6, "wickets": 1}, "0ed66ce6": {"runs": 7, "balls": 2, "wickets": 0}, "62b2aa65": {"runs": 8, "balls": 6, "wickets": 0}, "ff13b10c": {"runs": 8, "balls": 7, "wickets": 0}, "ecdd8d60": {"runs": 0, "balls": 2, "wickets": 1}, "4d1ec7eb": {"runs": 1, "balls": 5, "wickets": 0}, "270bf7e2": {"runs": 0, "balls": 1, "wickets": 1}, "3e6e9a5f": {"runs": 7, "balls": 9, "wickets": 0}, "f4a0a615": {"runs": 15, "balls": 17, "wickets": 0}, "2af28253": {"runs": 5, "balls": 12, "wickets": 0}, "b67af1c4": {"runs": 6, "balls": 17, "wickets": 0}, "42bf1b7d": {"runs": 2, "balls": 9, "wickets": 0}, "c810b349": {"runs": 6, "balls": 13, "wickets": 0}, "ed394ace": {"runs": 6, "balls": 4, "wickets": 0}, "86f84b37": {"runs": 4, "balls": 8, "wickets": 1}}, "fifties": 3, "thirties": 28, "centuries": 0, "maidens": 5.0, "hattricks": 4, "club_ODI_previous3_runs": [], "club_ODI_previous3_wickets": [], "club_ODI_previous3_balls played": [], "club_ODI_previous3_overs": [], "club_ODI_previous3_runs gave": [], "club_ODI_lifetime_runs": 0.0, "club_ODI_lifetime_wickets": 0.0, "club_ODI_lifetime_balls played": 0.0, "club_ODI_lifetime_overs": 0.0, "club_ODI_lifetime_runs gave": 0.0, "club_Test_previous3_runs": [], "club_Test_previous3_wickets": [], "club_Test_previous3_balls played": [], "club_Test_previous3_overs": [], "club_Test_previous3_runs gave": [], "club_Test_lifetime_runs": 0.0, "club_Test_lifetime_wickets": 0.0, "club_Test_lifetime_balls played": 0.0, "club_Test_lifetime_overs": 0.0, "club_Test_lifetime_runs gave": 0.0, "club_T20_previous3_runs": [], "club_T20_previous3_wickets": [], "club_T20_previous3_balls played": [], "club_T20_previous3_overs": [], "club_T20_previous3_runs gave": [], "club_T20_lifetime_runs": 0.0, "club_T20_lifetime_wickets": 0.0, "club_T20_lifetime_balls played": 0.0, "club_T20_lifetime_overs": 0.0, "club_T20_lifetime_runs gave": 0.0, "international_ODI_previous3_runs": [51.0, 20.0, 54.0], "international_ODI_previous3_wickets": [0.0, 0.0, 0.0], "international_ODI_previous3_balls played": [77.0, 33.0, 69.0], "international_ODI_previous3_overs": [3.0, 0.0, 0.0], "international_ODI_previous3_runs gave": [15.0, 0.0, 0.0], "international_ODI_lifetime_runs": 1380.0, "international_ODI_lifetime_wickets": 17.0, "international_ODI_lifetime_balls played": 2067.0, "international_ODI_lifetime_overs": 177.0, "international_ODI_lifetime_runs gave": 865.0, "international_Test_previous3_runs": [], "international_Test_previous3_wickets": [], "international_Test_previous3_balls played": [], "international_Test_previous3_overs": [], "international_Test_previous3_runs gave": [], "international_Test_lifetime_runs": 0.0, "international_Test_lifetime_wickets": 0.0, "international_Test_lifetime_balls played": 0.0, "international_Test_lifetime_overs": 0.0, "international_Test_lifetime_runs gave": 0.0, "international_T20_previous3_runs": [59.0, 91.0, 22.0], "international_T20_previous3_wickets": [0.0, 0.0, 0.0], "international_T20_previous3_balls played": [45.0, 54.0, 18.0], "international_T20_previous3_overs": [0.0, 0.0, 0.0], "international_T20_previous3_runs gave": [0.0, 0.0, 0.0], "international_T20_lifetime_runs": 1007.0, "international_T20_lifetime_wickets": 21.0, "international_T20_lifetime_balls played": 869.0, "international_T20_lifetime_overs": 52.833333333333336, "international_T20_lifetime_runs gave": 360.0}