{"played_against": {"910dd54e": {"runs": 0, "balls": 3, "wickets": 0}, "35828bdd": {"runs": 3, "balls": 3, "wickets": 0}, "c64b7c5b": {"runs": 2, "balls": 4, "wickets": 0}, "b34e0c77": {"runs": 1, "balls": 5, "wickets": 0}, "cefad9fd": {"runs": 0, "balls": 1, "wickets": 1}, "8d742853": {"runs": 5, "balls": 3, "wickets": 0}, "e69dbbef": {"runs": 2, "balls": 2, "wickets": 0}, "efc40724": {"runs": 3, "balls": 4, "wickets": 1}, "d12c8445": {"runs": 0, "balls": 1, "wickets": 1}, "bfa0fa33": {"runs": 4, "balls": 5, "wickets": 0}}, "fifties": 0, "thirties": 0, "centuries": 0, "maidens": 0.0, "hattricks": 0, "club_ODI_previous3_runs": [4.0], "club_ODI_previous3_wickets": [0.0], "club_ODI_previous3_balls played": [8.0], "club_ODI_previous3_overs": [0.0], "club_ODI_previous3_runs gave": [0.0], "club_ODI_lifetime_runs": 4.0, "club_ODI_lifetime_wickets": 0.0, "club_ODI_lifetime_balls played": 8.0, "club_ODI_lifetime_overs": 0.0, "club_ODI_lifetime_runs gave": 0.0, "club_Test_previous3_runs": [], "club_Test_previous3_wickets": [], "club_Test_previous3_balls played": [], "club_Test_previous3_overs": [], "club_Test_previous3_runs gave": [], "club_Test_lifetime_runs": 0.0, "club_Test_lifetime_wickets": 0.0, "club_Test_lifetime_balls played": 0.0, "club_Test_lifetime_overs": 0.0, "club_Test_lifetime_runs gave": 0.0, "club_T20_previous3_runs": [10.0, 0.0, 0.0], "club_T20_previous3_wickets": [0.0, 0.0, 0.0], "club_T20_previous3_balls played": [9.0, 0.0, 1.0], "club_T20_previous3_overs": [0.0, 0.0, 0.0], "club_T20_previous3_runs gave": [0.0, 0.0, 0.0], "club_T20_lifetime_runs": 16.0, "club_T20_lifetime_wickets": 0.0, "club_T20_lifetime_balls played": 24.0, "club_T20_lifetime_overs": 0.0, "club_T20_lifetime_runs gave": 0.0, "international_ODI_previous3_runs": [], "international_ODI_previous3_wickets": [], "international_ODI_previous3_balls played": [], "international_ODI_previous3_overs": [], "international_ODI_previous3_runs gave": [], "international_ODI_lifetime_runs": 0.0, "international_ODI_lifetime_wickets": 0.0, "international_ODI_lifetime_balls played": 0.0, "international_ODI_lifetime_overs": 0.0, "international_ODI_lifetime_runs gave": 0.0, "international_Test_previous3_runs": [], "international_Test_previous3_wickets": [], "international_Test_previous3_balls played": [], "international_Test_previous3_overs": [], "international_Test_previous3_runs gave": [], "international_Test_lifetime_runs": 0.0, "international_Test_lifetime_wickets": 0.0, "international_Test_lifetime_balls played": 0.0, "international_Test_lifetime_overs": 0.0, "international_Test_lifetime_runs gave": 0.0, "international_T20_previous3_runs": [], "international_T20_previous3_wickets": [], "international_T20_previous3_balls played": [], "international_T20_previous3_overs": [], "international_T20_previous3_runs gave": [], "international_T20_lifetime_runs": 0.0, "international_T20_lifetime_wickets": 0.0, "international_T20_lifetime_balls played": 0.0, "international_T20_lifetime_overs": 0.0, "international_T20_lifetime_runs gave": 0.0}