{"played_against": {"99cddc5e": {"runs": 1, "balls": 4, "wickets": 1}, "c9945bdf": {"runs": 12, "balls": 12, "wickets": 1}, "8c2aa0f9": {"runs": 3, "balls": 7, "wickets": 0}, "243431b5": {"runs": 1, "balls": 2, "wickets": 1}, "bd48593c": {"runs": 2, "balls": 2, "wickets": 0}, "c8065f31": {"runs": 7, "balls": 4, "wickets": 0}, "547408c8": {"runs": 4, "balls": 1, "wickets": 0}, "3147131e": {"runs": 0, "balls": 1, "wickets": 1}}, "fifties": 0, "thirties": 0, "centuries": 0, "maidens": 1.0, "hattricks": 0, "club_ODI_previous3_runs": [0.0, 2.0, 0.0], "club_ODI_previous3_wickets": [0.0, 1.0, 2.0], "club_ODI_previous3_balls played": [0.0, 5.0, 1.0], "club_ODI_previous3_overs": [0.0, 9.833333333333334, 6.0], "club_ODI_previous3_runs gave": [0.0, 33.0, 45.0], "club_ODI_lifetime_runs": 2.0, "club_ODI_lifetime_wickets": 5.0, "club_ODI_lifetime_balls played": 12.0, "club_ODI_lifetime_overs": 24.833333333333336, "club_ODI_lifetime_runs gave": 122.0, "club_Test_previous3_runs": [], "club_Test_previous3_wickets": [], "club_Test_previous3_balls played": [], "club_Test_previous3_overs": [], "club_Test_previous3_runs gave": [], "club_Test_lifetime_runs": 0.0, "club_Test_lifetime_wickets": 0.0, "club_Test_lifetime_balls played": 0.0, "club_Test_lifetime_overs": 0.0, "club_Test_lifetime_runs gave": 0.0, "club_T20_previous3_runs": [13.0, 0.0, 0.0], "club_T20_previous3_wickets": [0.0, 2.0, 1.0], "club_T20_previous3_balls played": [7.0, 0.0, 0.0], "club_T20_previous3_overs": [2.0, 4.0, 3.0], "club_T20_previous3_runs gave": [11.0, 28.0, 15.0], "club_T20_lifetime_runs": 28.0, "club_T20_lifetime_wickets": 4.0, "club_T20_lifetime_balls played": 21.0, "club_T20_lifetime_overs": 11.0, "club_T20_lifetime_runs gave": 64.0, "international_ODI_previous3_runs": [], "international_ODI_previous3_wickets": [], "international_ODI_previous3_balls played": [], "international_ODI_previous3_overs": [], "international_ODI_previous3_runs gave": [], "international_ODI_lifetime_runs": 0.0, "international_ODI_lifetime_wickets": 0.0, "international_ODI_lifetime_balls played": 0.0, "international_ODI_lifetime_overs": 0.0, "international_ODI_lifetime_runs gave": 0.0, "international_Test_previous3_runs": [], "international_Test_previous3_wickets": [], "international_Test_previous3_balls played": [], "international_Test_previous3_overs": [], "international_Test_previous3_runs gave": [], "international_Test_lifetime_runs": 0.0, "international_Test_lifetime_wickets": 0.0, "international_Test_lifetime_balls played": 0.0, "international_Test_lifetime_overs": 0.0, "international_Test_lifetime_runs gave": 0.0, "international_T20_previous3_runs": [], "international_T20_previous3_wickets": [], "international_T20_previous3_balls played": [], "international_T20_previous3_overs": [], "international_T20_previous3_runs gave": [], "international_T20_lifetime_runs": 0.0, "international_T20_lifetime_wickets": 0.0, "international_T20_lifetime_balls played": 0.0, "international_T20_lifetime_overs": 0.0, "international_T20_lifetime_runs gave": 0.0}