{"played_against": {"94ed8d37": {"runs": 1, "balls": 2, "wickets": 0}, "3b282e51": {"runs": 11, "balls": 10, "wickets": 0}, "f9979b69": {"runs": 16, "balls": 15, "wickets": 1}, "3b9f0224": {"runs": 7, "balls": 15, "wickets": 0}, "c01d1c0a": {"runs": 7, "balls": 11, "wickets": 0}, "511e02e2": {"runs": 15, "balls": 16, "wickets": 0}, "f2957511": {"runs": 17, "balls": 11, "wickets": 0}, "aa048c9b": {"runs": 14, "balls": 7, "wickets": 0}, "d7f1fe76": {"runs": 18, "balls": 15, "wickets": 0}, "28574428": {"runs": 23, "balls": 17, "wickets": 0}, "39799e49": {"runs": 1, "balls": 2, "wickets": 0}, "04f0d409": {"runs": 1, "balls": 2, "wickets": 1}, "928baf6b": {"runs": 0, "balls": 1, "wickets": 0}, "78bbeba1": {"runs": 34, "balls": 63, "wickets": 0}, "4d3d1792": {"runs": 17, "balls": 25, "wickets": 0}, "1cba4ec3": {"runs": 7, "balls": 13, "wickets": 0}, "2b8718c8": {"runs": 10, "balls": 8, "wickets": 0}, "a96938ba": {"runs": 17, "balls": 28, "wickets": 3}, "288ea226": {"runs": 12, "balls": 13, "wickets": 1}, "b858be20": {"runs": 1, "balls": 10, "wickets": 1}, "34464143": {"runs": 5, "balls": 8, "wickets": 0}, "e05fcb17": {"runs": 4, "balls": 5, "wickets": 1}, "f8035c2a": {"runs": 0, "balls": 5, "wickets": 0}, "78fcc740": {"runs": 15, "balls": 32, "wickets": 0}, "15cbeb9c": {"runs": 6, "balls": 5, "wickets": 0}, "87e33d07": {"runs": 9, "balls": 32, "wickets": 0}, "011f6b42": {"runs": 3, "balls": 11, "wickets": 0}, "01d5f279": {"runs": 0, "balls": 4, "wickets": 1}, "934b36a6": {"runs": 1, "balls": 2, "wickets": 0}, "526e006d": {"runs": 0, "balls": 6, "wickets": 0}, "b0f2d3bd": {"runs": 6, "balls": 13, "wickets": 0}, "1f41b702": {"runs": 7, "balls": 9, "wickets": 0}, "8de618ab": {"runs": 16, "balls": 9, "wickets": 0}, "bf385668": {"runs": 1, "balls": 1, "wickets": 0}, "269cc4ff": {"runs": 0, "balls": 5, "wickets": 0}, "a3a275ec": {"runs": 3, "balls": 19, "wickets": 1}, "2b7609f1": {"runs": 6, "balls": 7, "wickets": 0}, "49118dc7": {"runs": 14, "balls": 23, "wickets": 1}, "6cedad99": {"runs": 5, "balls": 4, "wickets": 0}, "e9173fb0": {"runs": 9, "balls": 8, "wickets": 0}, "c6e10e5c": {"runs": 5, "balls": 7, "wickets": 0}, "7fa6bd8e": {"runs": 10, "balls": 8, "wickets": 0}, "9048c17e": {"runs": 5, "balls": 3, "wickets": 0}, "95fcbfb7": {"runs": 6, "balls": 10, "wickets": 0}, "f7d267f7": {"runs": 10, "balls": 11, "wickets": 0}, "1ac2a995": {"runs": 5, "balls": 10, "wickets": 0}, "b9fd3959": {"runs": 1, "balls": 1, "wickets": 0}, "62141a22": {"runs": 1, "balls": 3, "wickets": 1}, "673be48f": {"runs": 6, "balls": 11, "wickets": 2}, "f49c401e": {"runs": 6, "balls": 14, "wickets": 0}, "c57fa67e": {"runs": 4, "balls": 3, "wickets": 1}, "87a92b6b": {"runs": 6, "balls": 4, "wickets": 0}, "053f3ce3": {"runs": 1, "balls": 3, "wickets": 1}, "a36915ce": {"runs": 5, "balls": 6, "wickets": 0}, "f104c434": {"runs": 8, "balls": 10, "wickets": 0}, "28adcce9": {"runs": 12, "balls": 21, "wickets": 1}, "415d30b6": {"runs": 5, "balls": 8, "wickets": 0}, "6667067e": {"runs": 5, "balls": 8, "wickets": 1}, "c70448aa": {"runs": 4, "balls": 2, "wickets": 0}, "a64e3b89": {"runs": 1, "balls": 3, "wickets": 0}, "0730a707": {"runs": 6, "balls": 5, "wickets": 1}, "c9d05f1a": {"runs": 11, "balls": 11, "wickets": 0}, "00321fff": {"runs": 15, "balls": 20, "wickets": 1}, "d5ae21a2": {"runs": 0, "balls": 1, "wickets": 1}, "d8976cb7": {"runs": 2, "balls": 4, "wickets": 0}, "42bf1b7d": {"runs": 1, "balls": 1, "wickets": 0}, "9e0bd203": {"runs": 0, "balls": 1, "wickets": 0}, "d482c8b8": {"runs": 4, "balls": 15, "wickets": 0}, "c6e1354c": {"runs": 6, "balls": 13, "wickets": 0}, "856cbb1e": {"runs": 2, "balls": 6, "wickets": 0}, "fb59e5bc": {"runs": 0, "balls": 3, "wickets": 1}, "bb9b51f4": {"runs": 4, "balls": 9, "wickets": 0}, "af98bf5b": {"runs": 3, "balls": 2, "wickets": 0}, "679af2e2": {"runs": 1, "balls": 3, "wickets": 0}, "ef141f36": {"runs": 4, "balls": 9, "wickets": 1}, "38189be1": {"runs": 10, "balls": 11, "wickets": 0}, "a843d7a8": {"runs": 8, "balls": 13, "wickets": 0}, "1021b6e5": {"runs": 4, "balls": 7, "wickets": 0}, "d3851cd8": {"runs": 4, "balls": 2, "wickets": 0}, "be0f9ce9": {"runs": 1, "balls": 2, "wickets": 0}, "07687c15": {"runs": 0, "balls": 5, "wickets": 0}, "84dc72db": {"runs": 6, "balls": 5, "wickets": 0}, "2a04400b": {"runs": 1, "balls": 2, "wickets": 0}, "adbf0400": {"runs": 3, "balls": 3, "wickets": 0}, "d07dbc28": {"runs": 4, "balls": 4, "wickets": 1}, "ecdd8d60": {"runs": 1, "balls": 5, "wickets": 0}, "b9cfb0b1": {"runs": 3, "balls": 3, "wickets": 0}, "2d9451cc": {"runs": 0, "balls": 1, "wickets": 1}, "ef503cfe": {"runs": 5, "balls": 9, "wickets": 1}, "dd14abf5": {"runs": 5, "balls": 7, "wickets": 0}, "64c81abf": {"runs": 4, "balls": 4, "wickets": 0}, "9f2be73d": {"runs": 2, "balls": 6, "wickets": 0}, "414d8a10": {"runs": 0, "balls": 6, "wickets": 0}, "30d8136b": {"runs": 0, "balls": 5, "wickets": 1}, "a9a18e3e": {"runs": 1, "balls": 11, "wickets": 0}, "0cfb42b5": {"runs": 3, "balls": 9, "wickets": 0}, "596982e6": {"runs": 7, "balls": 7, "wickets": 0}, "4db71b2e": {"runs": 1, "balls": 2, "wickets": 0}, "b76b2d25": {"runs": 1, "balls": 3, "wickets": 0}}, "fifties": 0, "thirties": 5, "centuries": 0, "maidens": 0.0, "hattricks": 0, "club_ODI_previous3_runs": [], "club_ODI_previous3_wickets": [], "club_ODI_previous3_balls played": [], "club_ODI_previous3_overs": [], "club_ODI_previous3_runs gave": [], "club_ODI_lifetime_runs": 0.0, "club_ODI_lifetime_wickets": 0.0, "club_ODI_lifetime_balls played": 0.0, "club_ODI_lifetime_overs": 0.0, "club_ODI_lifetime_runs gave": 0.0, "club_Test_previous3_runs": [], "club_Test_previous3_wickets": [], "club_Test_previous3_balls played": [], "club_Test_previous3_overs": [], "club_Test_previous3_runs gave": [], "club_Test_lifetime_runs": 0.0, "club_Test_lifetime_wickets": 0.0, "club_Test_lifetime_balls played": 0.0, "club_Test_lifetime_overs": 0.0, "club_Test_lifetime_runs gave": 0.0, "club_T20_previous3_runs": [], "club_T20_previous3_wickets": [], "club_T20_previous3_balls played": [], "club_T20_previous3_overs": [], "club_T20_previous3_runs gave": [], "club_T20_lifetime_runs": 0.0, "club_T20_lifetime_wickets": 0.0, "club_T20_lifetime_balls played": 0.0, "club_T20_lifetime_overs": 0.0, "club_T20_lifetime_runs gave": 0.0, "international_ODI_previous3_runs": [0.0, 13.0, 0.0], "international_ODI_previous3_wickets": [0.0, 0.0, 0.0], "international_ODI_previous3_balls played": [11.0, 32.0, 0.0], "international_ODI_previous3_overs": [0.0, 0.0, 0.0], "international_ODI_previous3_runs gave": [0.0, 0.0, 0.0], "international_ODI_lifetime_runs": 447.0, "international_ODI_lifetime_wickets": 0.0, "international_ODI_lifetime_balls played": 709.0, "international_ODI_lifetime_overs": 0.0, "international_ODI_lifetime_runs gave": 0.0, "international_Test_previous3_runs": [], "international_Test_previous3_wickets": [], "international_Test_previous3_balls played": [], "international_Test_previous3_overs": [], "international_Test_previous3_runs gave": [], "international_Test_lifetime_runs": 0.0, "international_Test_lifetime_wickets": 0.0, "international_Test_lifetime_balls played": 0.0, "international_Test_lifetime_overs": 0.0, "international_Test_lifetime_runs gave": 0.0, "international_T20_previous3_runs": [0.0, 0.0, 16.0], "international_T20_previous3_wickets": [0.0, 0.0, 0.0], "international_T20_previous3_balls played": [1.0, 4.0, 22.0], "international_T20_previous3_overs": [0.0, 0.0, 0.0], "international_T20_previous3_runs gave": [0.0, 0.0, 0.0], "international_T20_lifetime_runs": 131.0, "international_T20_lifetime_wickets": 0.0, "international_T20_lifetime_balls played": 171.0, "international_T20_lifetime_overs": 0.0, "international_T20_lifetime_runs gave": 0.0}