{"played_against": {"fe4f5d2b": {"runs": 5, "balls": 7, "wickets": 0}, "030a38e0": {"runs": 0, "balls": 2, "wickets": 1}, "ce5030d8": {"runs": 6, "balls": 7, "wickets": 0}, "5e181be6": {"runs": 7, "balls": 3, "wickets": 0}, "47b32a5a": {"runs": 5, "balls": 12, "wickets": 1}, "4d35d0b3": {"runs": 4, "balls": 8, "wickets": 0}, "fa9db243": {"runs": 3, "balls": 4, "wickets": 0}, "983a0c34": {"runs": 0, "balls": 2, "wickets": 1}, "463e127a": {"runs": 1, "balls": 1, "wickets": 0}, "17751f98": {"runs": 11, "balls": 5, "wickets": 1}, "7e8bcfc1": {"runs": 5, "balls": 8, "wickets": 1}, "d4f98302": {"runs": 3, "balls": 5, "wickets": 0}, "3250b7db": {"runs": 1, "balls": 5, "wickets": 0}, "01815edc": {"runs": 6, "balls": 6, "wickets": 0}, "d0ff93a9": {"runs": 8, "balls": 12, "wickets": 0}, "46dff613": {"runs": 6, "balls": 7, "wickets": 0}, "bc11f3a3": {"runs": 0, "balls": 1, "wickets": 1}}, "fifties": 0, "thirties": 0, "centuries": 0, "maidens": 0.0, "hattricks": 0, "club_ODI_previous3_runs": [], "club_ODI_previous3_wickets": [], "club_ODI_previous3_balls played": [], "club_ODI_previous3_overs": [], "club_ODI_previous3_runs gave": [], "club_ODI_lifetime_runs": 0.0, "club_ODI_lifetime_wickets": 0.0, "club_ODI_lifetime_balls played": 0.0, "club_ODI_lifetime_overs": 0.0, "club_ODI_lifetime_runs gave": 0.0, "club_Test_previous3_runs": [], "club_Test_previous3_wickets": [], "club_Test_previous3_balls played": [], "club_Test_previous3_overs": [], "club_Test_previous3_runs gave": [], "club_Test_lifetime_runs": 0.0, "club_Test_lifetime_wickets": 0.0, "club_Test_lifetime_balls played": 0.0, "club_Test_lifetime_overs": 0.0, "club_Test_lifetime_runs gave": 0.0, "club_T20_previous3_runs": [], "club_T20_previous3_wickets": [], "club_T20_previous3_balls played": [], "club_T20_previous3_overs": [], "club_T20_previous3_runs gave": [], "club_T20_lifetime_runs": 0.0, "club_T20_lifetime_wickets": 0.0, "club_T20_lifetime_balls played": 0.0, "club_T20_lifetime_overs": 0.0, "club_T20_lifetime_runs gave": 0.0, "international_ODI_previous3_runs": [], "international_ODI_previous3_wickets": [], "international_ODI_previous3_balls played": [], "international_ODI_previous3_overs": [], "international_ODI_previous3_runs gave": [], "international_ODI_lifetime_runs": 0.0, "international_ODI_lifetime_wickets": 0.0, "international_ODI_lifetime_balls played": 0.0, "international_ODI_lifetime_overs": 0.0, "international_ODI_lifetime_runs gave": 0.0, "international_Test_previous3_runs": [], "international_Test_previous3_wickets": [], "international_Test_previous3_balls played": [], "international_Test_previous3_overs": [], "international_Test_previous3_runs gave": [], "international_Test_lifetime_runs": 0.0, "international_Test_lifetime_wickets": 0.0, "international_Test_lifetime_balls played": 0.0, "international_Test_lifetime_overs": 0.0, "international_Test_lifetime_runs gave": 0.0, "international_T20_previous3_runs": [13.0, 0.0, 21.0], "international_T20_previous3_wickets": [0.0, 0.0, 0.0], "international_T20_previous3_balls played": [16.0, 1.0, 31.0], "international_T20_previous3_overs": [0.0, 0.0, 0.0], "international_T20_previous3_runs gave": [0.0, 0.0, 0.0], "international_T20_lifetime_runs": 71.0, "international_T20_lifetime_wickets": 0.0, "international_T20_lifetime_balls played": 95.0, "international_T20_lifetime_overs": 0.0, "international_T20_lifetime_runs gave": 0.0}