{"played_against": {"0b69a844": {"runs": 1, "balls": 1, "wickets": 0}, "69a9bb78": {"runs": 0, "balls": 1, "wickets": 1}, "7b01ce83": {"runs": 6, "balls": 5, "wickets": 0}, "108c4c09": {"runs": 1, "balls": 2, "wickets": 0}, "0d518f89": {"runs": 0, "balls": 3, "wickets": 0}, "7544bf30": {"runs": 1, "balls": 2, "wickets": 0}, "a92763ea": {"runs": 0, "balls": 2, "wickets": 0}, "752183c1": {"runs": 2, "balls": 8, "wickets": 0}, "037f2b86": {"runs": 0, "balls": 2, "wickets": 0}, "bec997fc": {"runs": 0, "balls": 4, "wickets": 1}, "005f0561": {"runs": 1, "balls": 1, "wickets": 0}, "595433d2": {"runs": 1, "balls": 4, "wickets": 1}, "dd468f06": {"runs": 1, "balls": 1, "wickets": 0}, "b287e7b1": {"runs": 0, "balls": 3, "wickets": 1}, "cd62f670": {"runs": 17, "balls": 18, "wickets": 1}, "3a9e9cb2": {"runs": 5, "balls": 4, "wickets": 0}, "17608a6f": {"runs": 1, "balls": 1, "wickets": 0}, "201fef33": {"runs": 0, "balls": 1, "wickets": 0}, "89bbc67a": {"runs": 0, "balls": 1, "wickets": 1}, "907c51ab": {"runs": 7, "balls": 5, "wickets": 0}, "c6625a26": {"runs": 3, "balls": 4, "wickets": 0}, "8ae7bb3e": {"runs": 6, "balls": 5, "wickets": 1}, "a139c379": {"runs": 2, "balls": 2, "wickets": 0}, "7b1f2542": {"runs": 15, "balls": 19, "wickets": 1}, "fb192f98": {"runs": 4, "balls": 13, "wickets": 1}, "f3a18a0c": {"runs": 2, "balls": 10, "wickets": 0}, "6a434bd3": {"runs": 8, "balls": 8, "wickets": 0}, "c64b7c5b": {"runs": 20, "balls": 35, "wickets": 1}, "04381402": {"runs": 8, "balls": 10, "wickets": 0}, "54719239": {"runs": 2, "balls": 11, "wickets": 0}, "971cb321": {"runs": 1, "balls": 3, "wickets": 1}, "1ade138e": {"runs": 11, "balls": 14, "wickets": 1}, "d7b754d4": {"runs": 5, "balls": 2, "wickets": 0}, "15f609ed": {"runs": 15, "balls": 12, "wickets": 1}, "910dd54e": {"runs": 17, "balls": 15, "wickets": 1}, "b074cd46": {"runs": 18, "balls": 26, "wickets": 1}, "78fd864b": {"runs": 10, "balls": 26, "wickets": 3}, "287ed3a0": {"runs": 6, "balls": 4, "wickets": 1}, "588360ee": {"runs": 10, "balls": 6, "wickets": 0}, "38b4583c": {"runs": 5, "balls": 3, "wickets": 0}, "d6a9af83": {"runs": 6, "balls": 5, "wickets": 0}, "35828bdd": {"runs": 22, "balls": 34, "wickets": 0}, "3a9b3866": {"runs": 8, "balls": 21, "wickets": 0}, "d2763568": {"runs": 5, "balls": 8, "wickets": 0}, "8d742853": {"runs": 0, "balls": 2, "wickets": 1}, "32497ecd": {"runs": 1, "balls": 2, "wickets": 0}, "abc9f8a4": {"runs": 10, "balls": 6, "wickets": 0}, "c296dba1": {"runs": 4, "balls": 15, "wickets": 0}, "31adb911": {"runs": 6, "balls": 7, "wickets": 1}, "340202b0": {"runs": 16, "balls": 31, "wickets": 0}, "9b73d523": {"runs": 6, "balls": 8, "wickets": 1}, "cdb82f1c": {"runs": 3, "balls": 22, "wickets": 1}, "2479daa6": {"runs": 4, "balls": 4, "wickets": 0}, "7673c908": {"runs": 1, "balls": 2, "wickets": 0}, "459a7b0a": {"runs": 13, "balls": 19, "wickets": 0}, "58717de2": {"runs": 5, "balls": 5, "wickets": 1}, "b3ccffff": {"runs": 26, "balls": 37, "wickets": 0}, "2e018b14": {"runs": 1, "balls": 1, "wickets": 0}, "72b7ed1e": {"runs": 1, "balls": 1, "wickets": 0}, "31972229": {"runs": 1, "balls": 2, "wickets": 1}, "e5b17517": {"runs": 0, "balls": 5, "wickets": 0}, "e69dbbef": {"runs": 11, "balls": 28, "wickets": 0}, "091001f8": {"runs": 9, "balls": 9, "wickets": 0}, "014cfac4": {"runs": 10, "balls": 15, "wickets": 0}, "370a88ac": {"runs": 0, "balls": 7, "wickets": 0}, "907e5f6c": {"runs": 1, "balls": 9, "wickets": 0}, "cefad9fd": {"runs": 1, "balls": 6, "wickets": 0}, "e3a93585": {"runs": 7, "balls": 12, "wickets": 0}, "39155047": {"runs": 9, "balls": 30, "wickets": 1}, "ef7baafc": {"runs": 11, "balls": 15, "wickets": 2}, "92b94582": {"runs": 1, "balls": 10, "wickets": 0}, "24596e4d": {"runs": 9, "balls": 7, "wickets": 1}, "c1f3ae44": {"runs": 13, "balls": 23, "wickets": 0}, "9da0d1e5": {"runs": 1, "balls": 2, "wickets": 0}, "53e25aa3": {"runs": 5, "balls": 5, "wickets": 0}, "8f30d191": {"runs": 0, "balls": 2, "wickets": 1}, "f7b74efa": {"runs": 20, "balls": 30, "wickets": 1}, "13c19f32": {"runs": 11, "balls": 13, "wickets": 0}, "9b3bcca4": {"runs": 9, "balls": 8, "wickets": 0}, "db362015": {"runs": 3, "balls": 6, "wickets": 0}, "ffdfa9ad": {"runs": 9, "balls": 9, "wickets": 0}, "d7ff1adc": {"runs": 6, "balls": 6, "wickets": 0}, "0c694738": {"runs": 8, "balls": 7, "wickets": 1}, "8a452195": {"runs": 1, "balls": 1, "wickets": 0}, "026135b1": {"runs": 0, "balls": 1, "wickets": 1}, "2e0b6638": {"runs": 2, "balls": 2, "wickets": 0}, "d12c8445": {"runs": 2, "balls": 2, "wickets": 0}, "c9366237": {"runs": 4, "balls": 4, "wickets": 1}, "011533e5": {"runs": 1, "balls": 4, "wickets": 0}, "1164142d": {"runs": 2, "balls": 14, "wickets": 0}}, "fifties": 0, "thirties": 3, "centuries": 0, "maidens": 50.0, "hattricks": 12, "club_ODI_previous3_runs": [0.0, 4.0, 22.0], "club_ODI_previous3_wickets": [1.0, 0.0, 0.0], "club_ODI_previous3_balls played": [0.0, 13.0, 56.0], "club_ODI_previous3_overs": [10.0, 9.0, 10.0], "club_ODI_previous3_runs gave": [47.0, 35.0, 24.0], "club_ODI_lifetime_runs": 370.0, "club_ODI_lifetime_wickets": 40.0, "club_ODI_lifetime_balls played": 660.0, "club_ODI_lifetime_overs": 349.16666666666674, "club_ODI_lifetime_runs gave": 1386.0, "club_Test_previous3_runs": [], "club_Test_previous3_wickets": [], "club_Test_previous3_balls played": [], "club_Test_previous3_overs": [], "club_Test_previous3_runs gave": [], "club_Test_lifetime_runs": 0.0, "club_Test_lifetime_wickets": 0.0, "club_Test_lifetime_balls played": 0.0, "club_Test_lifetime_overs": 0.0, "club_Test_lifetime_runs gave": 0.0, "club_T20_previous3_runs": [0.0, 0.0, 0.0], "club_T20_previous3_wickets": [0.0, 0.0, 1.0], "club_T20_previous3_balls played": [0.0, 0.0, 0.0], "club_T20_previous3_overs": [3.0, 2.0, 4.0], "club_T20_previous3_runs gave": [28.0, 12.0, 9.0], "club_T20_lifetime_runs": 132.0, "club_T20_lifetime_wickets": 71.0, "club_T20_lifetime_balls played": 131.0, "club_T20_lifetime_overs": 294.43333333333334, "club_T20_lifetime_runs gave": 1852.0, "international_ODI_previous3_runs": [3.0, 2.0, 0.0], "international_ODI_previous3_wickets": [0.0, 2.0, 4.0], "international_ODI_previous3_balls played": [17.0, 5.0, 3.0], "international_ODI_previous3_overs": [10.0, 10.0, 10.0], "international_ODI_previous3_runs gave": [23.0, 27.0, 29.0], "international_ODI_lifetime_runs": 13.0, "international_ODI_lifetime_wickets": 9.0, "international_ODI_lifetime_balls played": 37.0, "international_ODI_lifetime_overs": 50.0, "international_ODI_lifetime_runs gave": 148.0, "international_Test_previous3_runs": [0.0], "international_Test_previous3_wickets": [3.0], "international_Test_previous3_balls played": [0.0], "international_Test_previous3_overs": [37.0], "international_Test_previous3_runs gave": [123.0], "international_Test_lifetime_runs": 0.0, "international_Test_lifetime_wickets": 3.0, "international_Test_lifetime_balls played": 0.0, "international_Test_lifetime_overs": 37.0, "international_Test_lifetime_runs gave": 123.0, "international_T20_previous3_runs": [0.0, 0.0, 1.0], "international_T20_previous3_wickets": [1.0, 2.0, 0.0], "international_T20_previous3_balls played": [0.0, 0.0, 1.0], "international_T20_previous3_overs": [4.0, 4.0, 3.0], "international_T20_previous3_runs gave": [14.0, 20.0, 30.0], "international_T20_lifetime_runs": 2.0, "international_T20_lifetime_wickets": 13.0, "international_T20_lifetime_balls played": 4.0, "international_T20_lifetime_overs": 30.0, "international_T20_lifetime_runs gave": 169.0}