{"played_against": {"00d69fa4": {"runs": 3, "balls": 5, "wickets": 0}, "2c13defe": {"runs": 7, "balls": 6, "wickets": 0}, "27cc4361": {"runs": 5, "balls": 4, "wickets": 0}, "b57f8a9a": {"runs": 3, "balls": 7, "wickets": 0}, "f708a0bc": {"runs": 1, "balls": 12, "wickets": 0}, "addfb70e": {"runs": 0, "balls": 1, "wickets": 0}, "74ef405a": {"runs": 1, "balls": 3, "wickets": 0}, "4d05a82e": {"runs": 0, "balls": 4, "wickets": 0}, "98ae73b1": {"runs": 4, "balls": 6, "wickets": 0}, "5d096f3d": {"runs": 3, "balls": 9, "wickets": 0}, "c3d1402f": {"runs": 1, "balls": 2, "wickets": 0}, "f0f628c7": {"runs": 8, "balls": 9, "wickets": 0}, "fa463154": {"runs": 21, "balls": 8, "wickets": 0}, "0dc00542": {"runs": 3, "balls": 5, "wickets": 0}, "9ab63e7b": {"runs": 3, "balls": 3, "wickets": 0}, "3cf5ae43": {"runs": 6, "balls": 8, "wickets": 0}, "16dfcc19": {"runs": 2, "balls": 2, "wickets": 1}, "243431b5": {"runs": 1, "balls": 3, "wickets": 0}, "e01895bb": {"runs": 7, "balls": 16, "wickets": 0}, "d1761087": {"runs": 6, "balls": 18, "wickets": 0}, "568e5a4a": {"runs": 2, "balls": 5, "wickets": 1}, "29b89ae8": {"runs": 3, "balls": 10, "wickets": 0}, "796e4140": {"runs": 1, "balls": 3, "wickets": 0}, "6d25efd7": {"runs": 4, "balls": 5, "wickets": 0}}, "fifties": 0, "thirties": 1, "centuries": 0, "maidens": 9.0, "hattricks": 1, "club_ODI_previous3_runs": [], "club_ODI_previous3_wickets": [], "club_ODI_previous3_balls played": [], "club_ODI_previous3_overs": [], "club_ODI_previous3_runs gave": [], "club_ODI_lifetime_runs": 0.0, "club_ODI_lifetime_wickets": 0.0, "club_ODI_lifetime_balls played": 0.0, "club_ODI_lifetime_overs": 0.0, "club_ODI_lifetime_runs gave": 0.0, "club_Test_previous3_runs": [], "club_Test_previous3_wickets": [], "club_Test_previous3_balls played": [], "club_Test_previous3_overs": [], "club_Test_previous3_runs gave": [], "club_Test_lifetime_runs": 0.0, "club_Test_lifetime_wickets": 0.0, "club_Test_lifetime_balls played": 0.0, "club_Test_lifetime_overs": 0.0, "club_Test_lifetime_runs gave": 0.0, "club_T20_previous3_runs": [], "club_T20_previous3_wickets": [], "club_T20_previous3_balls played": [], "club_T20_previous3_overs": [], "club_T20_previous3_runs gave": [], "club_T20_lifetime_runs": 0.0, "club_T20_lifetime_wickets": 0.0, "club_T20_lifetime_balls played": 0.0, "club_T20_lifetime_overs": 0.0, "club_T20_lifetime_runs gave": 0.0, "international_ODI_previous3_runs": [0.0, 19.0, 5.0], "international_ODI_previous3_wickets": [1.0, 1.0, 1.0], "international_ODI_previous3_balls played": [0.0, 53.0, 8.0], "international_ODI_previous3_overs": [7.0, 5.0, 10.0], "international_ODI_previous3_runs gave": [17.0, 49.0, 23.0], "international_ODI_lifetime_runs": 81.0, "international_ODI_lifetime_wickets": 6.0, "international_ODI_lifetime_balls played": 138.0, "international_ODI_lifetime_overs": 51.0, "international_ODI_lifetime_runs gave": 230.0, "international_Test_previous3_runs": [], "international_Test_previous3_wickets": [], "international_Test_previous3_balls played": [], "international_Test_previous3_overs": [], "international_Test_previous3_runs gave": [], "international_Test_lifetime_runs": 0.0, "international_Test_lifetime_wickets": 0.0, "international_Test_lifetime_balls played": 0.0, "international_Test_lifetime_overs": 0.0, "international_Test_lifetime_runs gave": 0.0, "international_T20_previous3_runs": [14.0, 0.0], "international_T20_previous3_wickets": [3.0, 1.0], "international_T20_previous3_balls played": [18.0, 0.0], "international_T20_previous3_overs": [4.0, 1.0], "international_T20_previous3_runs gave": [29.0, 20.0], "international_T20_lifetime_runs": 14.0, "international_T20_lifetime_wickets": 4.0, "international_T20_lifetime_balls played": 18.0, "international_T20_lifetime_overs": 5.0, "international_T20_lifetime_runs gave": 49.0}