{"played_against": {"68c56d09": {"runs": 4, "balls": 15, "wickets": 0}, "fd9f43bb": {"runs": 14, "balls": 30, "wickets": 1}, "2649b254": {"runs": 1, "balls": 19, "wickets": 1}, "74a1c1e3": {"runs": 18, "balls": 44, "wickets": 0}, "f28c7456": {"runs": 2, "balls": 15, "wickets": 0}, "9219eff0": {"runs": 0, "balls": 1, "wickets": 1}, "e6e154e3": {"runs": 1, "balls": 1, "wickets": 0}, "99528b4b": {"runs": 0, "balls": 1, "wickets": 1}, "782fb776": {"runs": 8, "balls": 3, "wickets": 0}, "d285acaf": {"runs": 11, "balls": 23, "wickets": 0}, "861eed37": {"runs": 2, "balls": 20, "wickets": 0}, "eade4650": {"runs": 2, "balls": 2, "wickets": 0}, "b03db6fa": {"runs": 30, "balls": 52, "wickets": 1}, "b53136ce": {"runs": 0, "balls": 17, "wickets": 0}, "ebb1f8e8": {"runs": 3, "balls": 17, "wickets": 0}, "2767c22a": {"runs": 3, "balls": 26, "wickets": 0}, "63a1874a": {"runs": 0, "balls": 3, "wickets": 0}, "90701232": {"runs": 1, "balls": 10, "wickets": 0}, "236c8ffb": {"runs": 12, "balls": 24, "wickets": 0}, "05b1aef8": {"runs": 3, "balls": 7, "wickets": 1}, "7068c81e": {"runs": 1, "balls": 2, "wickets": 0}, "93f25f4f": {"runs": 6, "balls": 6, "wickets": 1}, "8e9a5d20": {"runs": 2, "balls": 2, "wickets": 0}, "94734e80": {"runs": 12, "balls": 55, "wickets": 0}, "dbeb6733": {"runs": 22, "balls": 54, "wickets": 0}, "1e1a8922": {"runs": 14, "balls": 31, "wickets": 0}, "94d7f855": {"runs": 4, "balls": 32, "wickets": 0}, "ccbd3ba9": {"runs": 3, "balls": 16, "wickets": 0}, "641ac5ff": {"runs": 10, "balls": 51, "wickets": 1}, "5f966ec0": {"runs": 0, "balls": 5, "wickets": 0}, "70f2f922": {"runs": 21, "balls": 63, "wickets": 0}, "56d471f2": {"runs": 5, "balls": 7, "wickets": 0}, "03521fd3": {"runs": 0, "balls": 1, "wickets": 0}, "78adc879": {"runs": 1, "balls": 20, "wickets": 0}, "4de02539": {"runs": 4, "balls": 5, "wickets": 0}, "ac3e5a31": {"runs": 1, "balls": 5, "wickets": 0}, "8ce2080b": {"runs": 0, "balls": 1, "wickets": 0}}, "fifties": 0, "thirties": 4, "centuries": 0, "maidens": 27.0, "hattricks": 1, "club_ODI_previous3_runs": [], "club_ODI_previous3_wickets": [], "club_ODI_previous3_balls played": [], "club_ODI_previous3_overs": [], "club_ODI_previous3_runs gave": [], "club_ODI_lifetime_runs": 0.0, "club_ODI_lifetime_wickets": 0.0, "club_ODI_lifetime_balls played": 0.0, "club_ODI_lifetime_overs": 0.0, "club_ODI_lifetime_runs gave": 0.0, "club_Test_previous3_runs": [34.0, 16.0, 5.0], "club_Test_previous3_wickets": [1.0, 0.0, 4.0], "club_Test_previous3_balls played": [110.0, 56.0, 19.0], "club_Test_previous3_overs": [20.0, 18.0, 32.833333333333336], "club_Test_previous3_runs gave": [87.0, 56.0, 90.0], "club_Test_lifetime_runs": 194.0, "club_Test_lifetime_wickets": 12.0, "club_Test_lifetime_balls played": 666.0, "club_Test_lifetime_overs": 157.66666666666669, "club_Test_lifetime_runs gave": 532.0, "club_T20_previous3_runs": [0.0, 0.0, 0.0], "club_T20_previous3_wickets": [1.0, 0.0, 0.0], "club_T20_previous3_balls played": [0.0, 0.0, 0.0], "club_T20_previous3_overs": [2.0, 2.0, 1.0], "club_T20_previous3_runs gave": [19.0, 17.0, 7.0], "club_T20_lifetime_runs": 27.0, "club_T20_lifetime_wickets": 16.0, "club_T20_lifetime_balls played": 24.0, "club_T20_lifetime_overs": 55.49999999999999, "club_T20_lifetime_runs gave": 535.0, "international_ODI_previous3_runs": [], "international_ODI_previous3_wickets": [], "international_ODI_previous3_balls played": [], "international_ODI_previous3_overs": [], "international_ODI_previous3_runs gave": [], "international_ODI_lifetime_runs": 0.0, "international_ODI_lifetime_wickets": 0.0, "international_ODI_lifetime_balls played": 0.0, "international_ODI_lifetime_overs": 0.0, "international_ODI_lifetime_runs gave": 0.0, "international_Test_previous3_runs": [], "international_Test_previous3_wickets": [], "international_Test_previous3_balls played": [], "international_Test_previous3_overs": [], "international_Test_previous3_runs gave": [], "international_Test_lifetime_runs": 0.0, "international_Test_lifetime_wickets": 0.0, "international_Test_lifetime_balls played": 0.0, "international_Test_lifetime_overs": 0.0, "international_Test_lifetime_runs gave": 0.0, "international_T20_previous3_runs": [], "international_T20_previous3_wickets": [], "international_T20_previous3_balls played": [], "international_T20_previous3_overs": [], "international_T20_previous3_runs gave": [], "international_T20_lifetime_runs": 0.0, "international_T20_lifetime_wickets": 0.0, "international_T20_lifetime_balls played": 0.0, "international_T20_lifetime_overs": 0.0, "international_T20_lifetime_runs gave": 0.0}