{"played_against": {"236c8ffb": {"runs": 2, "balls": 17, "wickets": 0}, "9f395b45": {"runs": 0, "balls": 11, "wickets": 0}, "e1891e00": {"runs": 12, "balls": 14, "wickets": 1}, "57f520ee": {"runs": 10, "balls": 12, "wickets": 0}, "383dd431": {"runs": 1, "balls": 1, "wickets": 0}, "d285acaf": {"runs": 2, "balls": 5, "wickets": 0}, "5426de63": {"runs": 3, "balls": 4, "wickets": 1}, "7068c81e": {"runs": 5, "balls": 2, "wickets": 0}, "fef92afc": {"runs": 4, "balls": 7, "wickets": 1}, "8e9a5d20": {"runs": 3, "balls": 3, "wickets": 0}, "e4a0deae": {"runs": 0, "balls": 3, "wickets": 1}, "74a1c1e3": {"runs": 2, "balls": 6, "wickets": 0}, "2c1438ef": {"runs": 8, "balls": 57, "wickets": 1}, "79f5bc26": {"runs": 15, "balls": 27, "wickets": 1}, "68c56d09": {"runs": 5, "balls": 16, "wickets": 0}, "2649b254": {"runs": 13, "balls": 22, "wickets": 0}, "7eb7b47b": {"runs": 28, "balls": 21, "wickets": 0}, "b708c4ad": {"runs": 15, "balls": 7, "wickets": 0}, "ce7936a5": {"runs": 15, "balls": 14, "wickets": 1}, "1021b6e5": {"runs": 33, "balls": 28, "wickets": 0}, "af19aa66": {"runs": 10, "balls": 17, "wickets": 1}, "9585854d": {"runs": 27, "balls": 22, "wickets": 0}, "673be48f": {"runs": 22, "balls": 22, "wickets": 0}, "f49c401e": {"runs": 0, "balls": 1, "wickets": 1}, "5299063a": {"runs": 13, "balls": 15, "wickets": 0}, "3f9feb1e": {"runs": 13, "balls": 13, "wickets": 0}, "d68f4aa1": {"runs": 7, "balls": 10, "wickets": 0}, "10962078": {"runs": 11, "balls": 3, "wickets": 0}, "9815de17": {"runs": 18, "balls": 11, "wickets": 0}, "bf19d427": {"runs": 19, "balls": 17, "wickets": 0}, "1eb2b096": {"runs": 17, "balls": 8, "wickets": 0}, "039cabd9": {"runs": 25, "balls": 13, "wickets": 0}, "653a7fa8": {"runs": 12, "balls": 6, "wickets": 0}, "a02b9f81": {"runs": 11, "balls": 9, "wickets": 0}, "49f6d023": {"runs": 15, "balls": 11, "wickets": 0}, "384fa385": {"runs": 9, "balls": 6, "wickets": 0}, "c498c510": {"runs": 21, "balls": 10, "wickets": 0}, "bb4da4d3": {"runs": 5, "balls": 6, "wickets": 1}, "d77ddc9f": {"runs": 3, "balls": 12, "wickets": 1}, "62708dce": {"runs": 3, "balls": 4, "wickets": 0}, "d88f9163": {"runs": 2, "balls": 3, "wickets": 1}, "5485c999": {"runs": 2, "balls": 3, "wickets": 0}, "6b25ef46": {"runs": 6, "balls": 1, "wickets": 0}, "63772ee4": {"runs": 5, "balls": 2, "wickets": 0}}, "fifties": 0, "thirties": 7, "centuries": 0, "maidens": 0.0, "hattricks": 0, "club_ODI_previous3_runs": [], "club_ODI_previous3_wickets": [], "club_ODI_previous3_balls played": [], "club_ODI_previous3_overs": [], "club_ODI_previous3_runs gave": [], "club_ODI_lifetime_runs": 0.0, "club_ODI_lifetime_wickets": 0.0, "club_ODI_lifetime_balls played": 0.0, "club_ODI_lifetime_overs": 0.0, "club_ODI_lifetime_runs gave": 0.0, "club_Test_previous3_runs": [24.0, 43.0], "club_Test_previous3_wickets": [0.0, 0.0], "club_Test_previous3_balls played": [55.0, 128.0], "club_Test_previous3_overs": [0.0, 0.0], "club_Test_previous3_runs gave": [0.0, 0.0], "club_Test_lifetime_runs": 67.0, "club_Test_lifetime_wickets": 0.0, "club_Test_lifetime_balls played": 183.0, "club_Test_lifetime_overs": 0.0, "club_Test_lifetime_runs gave": 0.0, "club_T20_previous3_runs": [0.0, 12.0, 0.0], "club_T20_previous3_wickets": [0.0, 0.0, 0.0], "club_T20_previous3_balls played": [0.0, 10.0, 5.0], "club_T20_previous3_overs": [0.0, 0.0, 0.0], "club_T20_previous3_runs gave": [0.0, 0.0, 0.0], "club_T20_lifetime_runs": 18.0, "club_T20_lifetime_wickets": 0.0, "club_T20_lifetime_balls played": 25.0, "club_T20_lifetime_overs": 0.0, "club_T20_lifetime_runs gave": 0.0, "international_ODI_previous3_runs": [], "international_ODI_previous3_wickets": [], "international_ODI_previous3_balls played": [], "international_ODI_previous3_overs": [], "international_ODI_previous3_runs gave": [], "international_ODI_lifetime_runs": 0.0, "international_ODI_lifetime_wickets": 0.0, "international_ODI_lifetime_balls played": 0.0, "international_ODI_lifetime_overs": 0.0, "international_ODI_lifetime_runs gave": 0.0, "international_Test_previous3_runs": [], "international_Test_previous3_wickets": [], "international_Test_previous3_balls played": [], "international_Test_previous3_overs": [], "international_Test_previous3_runs gave": [], "international_Test_lifetime_runs": 0.0, "international_Test_lifetime_wickets": 0.0, "international_Test_lifetime_balls played": 0.0, "international_Test_lifetime_overs": 0.0, "international_Test_lifetime_runs gave": 0.0, "international_T20_previous3_runs": [44.0, 9.0, 2.0], "international_T20_previous3_wickets": [0.0, 0.0, 0.0], "international_T20_previous3_balls played": [31.0, 13.0, 5.0], "international_T20_previous3_overs": [0.0, 0.0, 0.0], "international_T20_previous3_runs gave": [0.0, 0.0, 0.0], "international_T20_lifetime_runs": 367.0, "international_T20_lifetime_wickets": 6.0, "international_T20_lifetime_balls played": 297.0, "international_T20_lifetime_overs": 14.0, "international_T20_lifetime_runs gave": 98.0}