{"played_against": {"46a7ac78": {"runs": 0, "balls": 1, "wickets": 0}, "18db3f22": {"runs": 1, "balls": 2, "wickets": 1}, "95a5e066": {"runs": 3, "balls": 7, "wickets": 1}, "3c87f0c3": {"runs": 2, "balls": 9, "wickets": 1}, "c26cd57a": {"runs": 2, "balls": 5, "wickets": 1}, "395695ce": {"runs": 5, "balls": 5, "wickets": 0}, "c74c583b": {"runs": 7, "balls": 4, "wickets": 0}, "1f3b9f8d": {"runs": 1, "balls": 2, "wickets": 0}, "3a82673c": {"runs": 2, "balls": 2, "wickets": 0}, "ba57fb08": {"runs": 2, "balls": 4, "wickets": 0}, "8088632c": {"runs": 2, "balls": 4, "wickets": 0}, "2af28253": {"runs": 0, "balls": 1, "wickets": 1}, "30d8136b": {"runs": 1, "balls": 1, "wickets": 0}, "f33cfd25": {"runs": 1, "balls": 4, "wickets": 1}, "6cedad99": {"runs": 2, "balls": 1, "wickets": 0}, "2b7609f1": {"runs": 0, "balls": 2, "wickets": 1}, "e73f6c4b": {"runs": 5, "balls": 5, "wickets": 0}}, "fifties": 0, "thirties": 0, "centuries": 0, "maidens": 3.0, "hattricks": 2, "club_ODI_previous3_runs": [], "club_ODI_previous3_wickets": [], "club_ODI_previous3_balls played": [], "club_ODI_previous3_overs": [], "club_ODI_previous3_runs gave": [], "club_ODI_lifetime_runs": 0.0, "club_ODI_lifetime_wickets": 0.0, "club_ODI_lifetime_balls played": 0.0, "club_ODI_lifetime_overs": 0.0, "club_ODI_lifetime_runs gave": 0.0, "club_Test_previous3_runs": [], "club_Test_previous3_wickets": [], "club_Test_previous3_balls played": [], "club_Test_previous3_overs": [], "club_Test_previous3_runs gave": [], "club_Test_lifetime_runs": 0.0, "club_Test_lifetime_wickets": 0.0, "club_Test_lifetime_balls played": 0.0, "club_Test_lifetime_overs": 0.0, "club_Test_lifetime_runs gave": 0.0, "club_T20_previous3_runs": [], "club_T20_previous3_wickets": [], "club_T20_previous3_balls played": [], "club_T20_previous3_overs": [], "club_T20_previous3_runs gave": [], "club_T20_lifetime_runs": 0.0, "club_T20_lifetime_wickets": 0.0, "club_T20_lifetime_balls played": 0.0, "club_T20_lifetime_overs": 0.0, "club_T20_lifetime_runs gave": 0.0, "international_ODI_previous3_runs": [0.0, 0.0], "international_ODI_previous3_wickets": [1.0, 0.0], "international_ODI_previous3_balls played": [0.0, 0.0], "international_ODI_previous3_overs": [9.833333333333334, 3.8333333333333335], "international_ODI_previous3_runs gave": [31.0, 28.0], "international_ODI_lifetime_runs": 0.0, "international_ODI_lifetime_wickets": 1.0, "international_ODI_lifetime_balls played": 0.0, "international_ODI_lifetime_overs": 13.666666666666668, "international_ODI_lifetime_runs gave": 59.0, "international_Test_previous3_runs": [], "international_Test_previous3_wickets": [], "international_Test_previous3_balls played": [], "international_Test_previous3_overs": [], "international_Test_previous3_runs gave": [], "international_Test_lifetime_runs": 0.0, "international_Test_lifetime_wickets": 0.0, "international_Test_lifetime_balls played": 0.0, "international_Test_lifetime_overs": 0.0, "international_Test_lifetime_runs gave": 0.0, "international_T20_previous3_runs": [0.0, 6.0, 0.0], "international_T20_previous3_wickets": [1.0, 2.0, 0.0], "international_T20_previous3_balls played": [2.0, 7.0, 0.0], "international_T20_previous3_overs": [2.0, 4.0, 4.0], "international_T20_previous3_runs gave": [16.0, 17.0, 26.0], "international_T20_lifetime_runs": 36.0, "international_T20_lifetime_wickets": 28.0, "international_T20_lifetime_balls played": 59.0, "international_T20_lifetime_overs": 102.0, "international_T20_lifetime_runs gave": 710.0}