{"played_against": {"5bdcdb72": {"runs": 5, "balls": 5, "wickets": 0}, "1558d83b": {"runs": 2, "balls": 6, "wickets": 1}, "c404f58a": {"runs": 2, "balls": 3, "wickets": 1}, "96824e68": {"runs": 1, "balls": 6, "wickets": 1}, "45c2196c": {"runs": 15, "balls": 12, "wickets": 0}, "64c34cd0": {"runs": 1, "balls": 2, "wickets": 0}, "502b2c81": {"runs": 1, "balls": 2, "wickets": 0}, "f3171936": {"runs": 15, "balls": 15, "wickets": 0}, "dd09ff8e": {"runs": 27, "balls": 22, "wickets": 1}, "7c503806": {"runs": 29, "balls": 14, "wickets": 0}, "dfc4d8b5": {"runs": 3, "balls": 3, "wickets": 0}, "0164b064": {"runs": 42, "balls": 15, "wickets": 0}, "addfb70e": {"runs": 7, "balls": 2, "wickets": 0}, "70c4f525": {"runs": 22, "balls": 10, "wickets": 1}, "208f22ea": {"runs": 2, "balls": 6, "wickets": 1}, "03806cf8": {"runs": 30, "balls": 12, "wickets": 0}, "2c7ac4b9": {"runs": 10, "balls": 7, "wickets": 0}, "7ca5e05d": {"runs": 14, "balls": 9, "wickets": 0}, "1a2676c5": {"runs": 36, "balls": 15, "wickets": 2}, "99464591": {"runs": 8, "balls": 3, "wickets": 0}, "3fb19989": {"runs": 10, "balls": 5, "wickets": 0}, "3edb58fc": {"runs": 16, "balls": 9, "wickets": 0}, "51a60c16": {"runs": 7, "balls": 7, "wickets": 0}, "bbce4647": {"runs": 4, "balls": 2, "wickets": 1}, "f60dc2a5": {"runs": 14, "balls": 7, "wickets": 0}, "bc773eeb": {"runs": 23, "balls": 14, "wickets": 1}, "7517d134": {"runs": 6, "balls": 2, "wickets": 0}, "808f425a": {"runs": 0, "balls": 1, "wickets": 0}, "012829ff": {"runs": 12, "balls": 3, "wickets": 1}, "ff1e12a0": {"runs": 4, "balls": 2, "wickets": 0}, "4933f499": {"runs": 10, "balls": 9, "wickets": 1}, "7c7d63a2": {"runs": 7, "balls": 4, "wickets": 0}, "f048bb41": {"runs": 9, "balls": 9, "wickets": 0}, "d99cc23a": {"runs": 13, "balls": 5, "wickets": 0}, "c03c6200": {"runs": 0, "balls": 3, "wickets": 1}, "7da44536": {"runs": 6, "balls": 7, "wickets": 0}, "903560ed": {"runs": 6, "balls": 5, "wickets": 0}, "519c30cb": {"runs": 3, "balls": 4, "wickets": 1}, "3cf5ae43": {"runs": 4, "balls": 2, "wickets": 0}, "a2421394": {"runs": 3, "balls": 4, "wickets": 0}, "f708a0bc": {"runs": 1, "balls": 3, "wickets": 0}, "86dc8f2e": {"runs": 12, "balls": 7, "wickets": 0}, "88209c84": {"runs": 1, "balls": 1, "wickets": 0}, "8ea6e670": {"runs": 7, "balls": 3, "wickets": 0}, "96a6a7ad": {"runs": 17, "balls": 10, "wickets": 0}, "32198ae0": {"runs": 4, "balls": 5, "wickets": 0}, "3540beff": {"runs": 6, "balls": 7, "wickets": 0}, "f752db61": {"runs": 1, "balls": 13, "wickets": 1}, "bd93fea4": {"runs": 14, "balls": 7, "wickets": 0}, "d167edd3": {"runs": 0, "balls": 1, "wickets": 1}, "7c8f533d": {"runs": 1, "balls": 1, "wickets": 0}, "56ab442f": {"runs": 0, "balls": 4, "wickets": 1}, "bbd41817": {"runs": 1, "balls": 2, "wickets": 0}, "e1b9f3a9": {"runs": 7, "balls": 3, "wickets": 0}}, "fifties": 2, "thirties": 3, "centuries": 0, "maidens": 0.0, "hattricks": 0, "club_ODI_previous3_runs": [], "club_ODI_previous3_wickets": [], "club_ODI_previous3_balls played": [], "club_ODI_previous3_overs": [], "club_ODI_previous3_runs gave": [], "club_ODI_lifetime_runs": 0.0, "club_ODI_lifetime_wickets": 0.0, "club_ODI_lifetime_balls played": 0.0, "club_ODI_lifetime_overs": 0.0, "club_ODI_lifetime_runs gave": 0.0, "club_Test_previous3_runs": [], "club_Test_previous3_wickets": [], "club_Test_previous3_balls played": [], "club_Test_previous3_overs": [], "club_Test_previous3_runs gave": [], "club_Test_lifetime_runs": 0.0, "club_Test_lifetime_wickets": 0.0, "club_Test_lifetime_balls played": 0.0, "club_Test_lifetime_overs": 0.0, "club_Test_lifetime_runs gave": 0.0, "club_T20_previous3_runs": [1.0, 1.0, 25.0], "club_T20_previous3_wickets": [0.0, 1.0, 0.0], "club_T20_previous3_balls played": [5.0, 4.0, 16.0], "club_T20_previous3_overs": [0.0, 1.0, 0.0], "club_T20_previous3_runs gave": [0.0, 5.0, 0.0], "club_T20_lifetime_runs": 501.0, "club_T20_lifetime_wickets": 3.0, "club_T20_lifetime_balls played": 350.0, "club_T20_lifetime_overs": 13.833333333333334, "club_T20_lifetime_runs gave": 89.0, "international_ODI_previous3_runs": [], "international_ODI_previous3_wickets": [], "international_ODI_previous3_balls played": [], "international_ODI_previous3_overs": [], "international_ODI_previous3_runs gave": [], "international_ODI_lifetime_runs": 0.0, "international_ODI_lifetime_wickets": 0.0, "international_ODI_lifetime_balls played": 0.0, "international_ODI_lifetime_overs": 0.0, "international_ODI_lifetime_runs gave": 0.0, "international_Test_previous3_runs": [], "international_Test_previous3_wickets": [], "international_Test_previous3_balls played": [], "international_Test_previous3_overs": [], "international_Test_previous3_runs gave": [], "international_Test_lifetime_runs": 0.0, "international_Test_lifetime_wickets": 0.0, "international_Test_lifetime_balls played": 0.0, "international_Test_lifetime_overs": 0.0, "international_Test_lifetime_runs gave": 0.0, "international_T20_previous3_runs": [], "international_T20_previous3_wickets": [], "international_T20_previous3_balls played": [], "international_T20_previous3_overs": [], "international_T20_previous3_runs gave": [], "international_T20_lifetime_runs": 0.0, "international_T20_lifetime_wickets": 0.0, "international_T20_lifetime_balls played": 0.0, "international_T20_lifetime_overs": 0.0, "international_T20_lifetime_runs gave": 0.0}