{"played_against": {"56b93d46": {"runs": 9, "balls": 6, "wickets": 0}, "39e2c0fd": {"runs": 13, "balls": 3, "wickets": 0}, "bad83284": {"runs": 15, "balls": 7, "wickets": 0}, "e734d090": {"runs": 1, "balls": 2, "wickets": 1}, "c1a89821": {"runs": 7, "balls": 14, "wickets": 0}, "c5f40e35": {"runs": 2, "balls": 3, "wickets": 0}, "3f61a062": {"runs": 10, "balls": 6, "wickets": 1}, "d26e0405": {"runs": 1, "balls": 1, "wickets": 0}, "cbacc713": {"runs": 3, "balls": 4, "wickets": 0}, "dfc3f02d": {"runs": 7, "balls": 10, "wickets": 0}, "4557dc54": {"runs": 15, "balls": 12, "wickets": 0}, "0a12e736": {"runs": 12, "balls": 25, "wickets": 0}, "6c79c098": {"runs": 2, "balls": 11, "wickets": 0}, "269ff06e": {"runs": 10, "balls": 8, "wickets": 0}, "eb2d5fe7": {"runs": 1, "balls": 2, "wickets": 0}, "4b685e2d": {"runs": 0, "balls": 3, "wickets": 0}, "5899dceb": {"runs": 0, "balls": 3, "wickets": 1}, "e087956b": {"runs": 6, "balls": 8, "wickets": 1}, "4c0f3806": {"runs": 4, "balls": 8, "wickets": 1}, "aa1210d8": {"runs": 2, "balls": 6, "wickets": 0}, "3c55c703": {"runs": 3, "balls": 4, "wickets": 1}, "1efd12d1": {"runs": 6, "balls": 9, "wickets": 1}, "7cb2d9d2": {"runs": 1, "balls": 1, "wickets": 0}, "a4b810d0": {"runs": 0, "balls": 1, "wickets": 1}, "fc4375ef": {"runs": 12, "balls": 14, "wickets": 1}, "31b01074": {"runs": 0, "balls": 1, "wickets": 1}, "e4a0deae": {"runs": 5, "balls": 3, "wickets": 0}, "894b2d25": {"runs": 15, "balls": 16, "wickets": 0}, "208f22ea": {"runs": 4, "balls": 4, "wickets": 0}, "5ccdb14f": {"runs": 19, "balls": 18, "wickets": 1}, "c672e80e": {"runs": 2, "balls": 5, "wickets": 0}, "9caf69a1": {"runs": 4, "balls": 12, "wickets": 0}, "cdd875d9": {"runs": 2, "balls": 13, "wickets": 0}, "4a461c24": {"runs": 0, "balls": 4, "wickets": 0}, "9c643d7b": {"runs": 5, "balls": 3, "wickets": 0}, "f7c3d426": {"runs": 5, "balls": 9, "wickets": 0}, "51e1ed69": {"runs": 12, "balls": 5, "wickets": 0}}, "fifties": 0, "thirties": 2, "centuries": 0, "maidens": 8.0, "hattricks": 5, "club_ODI_previous3_runs": [4.0, 0.0, 0.0], "club_ODI_previous3_wickets": [1.0, 0.0, 0.0], "club_ODI_previous3_balls played": [4.0, 5.0, 1.0], "club_ODI_previous3_overs": [9.0, 0.0, 5.0], "club_ODI_previous3_runs gave": [71.0, 0.0, 25.0], "club_ODI_lifetime_runs": 112.0, "club_ODI_lifetime_wickets": 9.0, "club_ODI_lifetime_balls played": 129.0, "club_ODI_lifetime_overs": 65.0, "club_ODI_lifetime_runs gave": 395.0, "club_Test_previous3_runs": [29.0, 2.0, 36.0], "club_Test_previous3_wickets": [3.0, 3.0, 0.0], "club_Test_previous3_balls played": [39.0, 18.0, 41.0], "club_Test_previous3_overs": [18.0, 25.0, 14.833333333333334], "club_Test_previous3_runs gave": [90.0, 105.0, 85.0], "club_Test_lifetime_runs": 76.0, "club_Test_lifetime_wickets": 12.0, "club_Test_lifetime_balls played": 122.0, "club_Test_lifetime_overs": 93.49999999999999, "club_Test_lifetime_runs gave": 450.0, "club_T20_previous3_runs": [18.0, 0.0, 5.0], "club_T20_previous3_wickets": [0.0, 0.0, 0.0], "club_T20_previous3_balls played": [12.0, 0.0, 3.0], "club_T20_previous3_overs": [3.0, 1.0, 2.0], "club_T20_previous3_runs gave": [18.0, 18.0, 13.0], "club_T20_lifetime_runs": 27.0, "club_T20_lifetime_wickets": 5.0, "club_T20_lifetime_balls played": 19.0, "club_T20_lifetime_overs": 20.5, "club_T20_lifetime_runs gave": 165.0, "international_ODI_previous3_runs": [], "international_ODI_previous3_wickets": [], "international_ODI_previous3_balls played": [], "international_ODI_previous3_overs": [], "international_ODI_previous3_runs gave": [], "international_ODI_lifetime_runs": 0.0, "international_ODI_lifetime_wickets": 0.0, "international_ODI_lifetime_balls played": 0.0, "international_ODI_lifetime_overs": 0.0, "international_ODI_lifetime_runs gave": 0.0, "international_Test_previous3_runs": [], "international_Test_previous3_wickets": [], "international_Test_previous3_balls played": [], "international_Test_previous3_overs": [], "international_Test_previous3_runs gave": [], "international_Test_lifetime_runs": 0.0, "international_Test_lifetime_wickets": 0.0, "international_Test_lifetime_balls played": 0.0, "international_Test_lifetime_overs": 0.0, "international_Test_lifetime_runs gave": 0.0, "international_T20_previous3_runs": [], "international_T20_previous3_wickets": [], "international_T20_previous3_balls played": [], "international_T20_previous3_overs": [], "international_T20_previous3_runs gave": [], "international_T20_lifetime_runs": 0.0, "international_T20_lifetime_wickets": 0.0, "international_T20_lifetime_balls played": 0.0, "international_T20_lifetime_overs": 0.0, "international_T20_lifetime_runs gave": 0.0}