{"played_against": {"d46933ed": {"runs": 8, "balls": 21, "wickets": 0}, "bceb1b07": {"runs": 6, "balls": 13, "wickets": 0}, "db3f0650": {"runs": 28, "balls": 34, "wickets": 1}, "52f96571": {"runs": 23, "balls": 20, "wickets": 0}, "214cf493": {"runs": 0, "balls": 1, "wickets": 0}, "c2ecd4a7": {"runs": 0, "balls": 6, "wickets": 0}, "e205ce8b": {"runs": 4, "balls": 3, "wickets": 0}, "2f6f44bb": {"runs": 5, "balls": 4, "wickets": 1}, "244009ae": {"runs": 10, "balls": 4, "wickets": 0}, "1d6e8f52": {"runs": 3, "balls": 6, "wickets": 1}, "d953bf92": {"runs": 0, "balls": 4, "wickets": 0}, "0d38ab25": {"runs": 1, "balls": 2, "wickets": 1}, "dab18aa5": {"runs": 4, "balls": 6, "wickets": 0}, "e1592949": {"runs": 1, "balls": 5, "wickets": 0}, "69649715": {"runs": 2, "balls": 2, "wickets": 0}}, "fifties": 0, "thirties": 1, "centuries": 0, "maidens": 0.0, "hattricks": 0, "club_ODI_previous3_runs": [], "club_ODI_previous3_wickets": [], "club_ODI_previous3_balls played": [], "club_ODI_previous3_overs": [], "club_ODI_previous3_runs gave": [], "club_ODI_lifetime_runs": 0.0, "club_ODI_lifetime_wickets": 0.0, "club_ODI_lifetime_balls played": 0.0, "club_ODI_lifetime_overs": 0.0, "club_ODI_lifetime_runs gave": 0.0, "club_Test_previous3_runs": [], "club_Test_previous3_wickets": [], "club_Test_previous3_balls played": [], "club_Test_previous3_overs": [], "club_Test_previous3_runs gave": [], "club_Test_lifetime_runs": 0.0, "club_Test_lifetime_wickets": 0.0, "club_Test_lifetime_balls played": 0.0, "club_Test_lifetime_overs": 0.0, "club_Test_lifetime_runs gave": 0.0, "club_T20_previous3_runs": [], "club_T20_previous3_wickets": [], "club_T20_previous3_balls played": [], "club_T20_previous3_overs": [], "club_T20_previous3_runs gave": [], "club_T20_lifetime_runs": 0.0, "club_T20_lifetime_wickets": 0.0, "club_T20_lifetime_balls played": 0.0, "club_T20_lifetime_overs": 0.0, "club_T20_lifetime_runs gave": 0.0, "international_ODI_previous3_runs": [52.0], "international_ODI_previous3_wickets": [1.0], "international_ODI_previous3_balls played": [78.0], "international_ODI_previous3_overs": [7.0], "international_ODI_previous3_runs gave": [25.0], "international_ODI_lifetime_runs": 52.0, "international_ODI_lifetime_wickets": 1.0, "international_ODI_lifetime_balls played": 78.0, "international_ODI_lifetime_overs": 7.0, "international_ODI_lifetime_runs gave": 25.0, "international_Test_previous3_runs": [], "international_Test_previous3_wickets": [], "international_Test_previous3_balls played": [], "international_Test_previous3_overs": [], "international_Test_previous3_runs gave": [], "international_Test_lifetime_runs": 0.0, "international_Test_lifetime_wickets": 0.0, "international_Test_lifetime_balls played": 0.0, "international_Test_lifetime_overs": 0.0, "international_Test_lifetime_runs gave": 0.0, "international_T20_previous3_runs": [3.0, 1.0, 7.0], "international_T20_previous3_wickets": [2.0, 0.0, 0.0], "international_T20_previous3_balls played": [6.0, 6.0, 13.0], "international_T20_previous3_overs": [1.8333333333333335, 4.0, 0.0], "international_T20_previous3_runs gave": [15.0, 27.0, 0.0], "international_T20_lifetime_runs": 43.0, "international_T20_lifetime_wickets": 4.0, "international_T20_lifetime_balls played": 54.0, "international_T20_lifetime_overs": 12.833333333333334, "international_T20_lifetime_runs gave": 74.0}