{"played_against": {"c5cc48bc": {"runs": 63, "balls": 138, "wickets": 0}, "932d3cc9": {"runs": 11, "balls": 20, "wickets": 0}, "067bda18": {"runs": 17, "balls": 21, "wickets": 0}, "3a3e7d82": {"runs": 10, "balls": 31, "wickets": 2}, "fc6f22e9": {"runs": 11, "balls": 34, "wickets": 0}, "9789e56e": {"runs": 11, "balls": 7, "wickets": 0}, "9f701298": {"runs": 2, "balls": 3, "wickets": 1}, "95a06106": {"runs": 5, "balls": 9, "wickets": 1}, "e05b2a5b": {"runs": 12, "balls": 23, "wickets": 1}, "4c0f3806": {"runs": 4, "balls": 11, "wickets": 0}, "51e1ed69": {"runs": 3, "balls": 6, "wickets": 0}, "e737a5fe": {"runs": 36, "balls": 97, "wickets": 0}, "894b2d25": {"runs": 1, "balls": 3, "wickets": 0}, "f54dbda7": {"runs": 9, "balls": 7, "wickets": 1}, "6ce9f3eb": {"runs": 13, "balls": 15, "wickets": 0}, "5ccdb14f": {"runs": 6, "balls": 9, "wickets": 0}, "57a76baa": {"runs": 20, "balls": 13, "wickets": 0}, "8728a058": {"runs": 6, "balls": 3, "wickets": 0}, "70d57519": {"runs": 47, "balls": 54, "wickets": 0}, "6ea2710f": {"runs": 10, "balls": 21, "wickets": 2}, "2223b920": {"runs": 7, "balls": 21, "wickets": 1}, "a089f93f": {"runs": 13, "balls": 53, "wickets": 1}, "4a461c24": {"runs": 34, "balls": 71, "wickets": 1}, "819ae1ad": {"runs": 9, "balls": 27, "wickets": 1}, "a37b5c0a": {"runs": 8, "balls": 27, "wickets": 0}, "ad46c747": {"runs": 49, "balls": 51, "wickets": 0}, "1d2f290a": {"runs": 12, "balls": 26, "wickets": 0}, "8f2dfebf": {"runs": 18, "balls": 18, "wickets": 0}, "4ae1755b": {"runs": 9, "balls": 21, "wickets": 0}, "28217d89": {"runs": 42, "balls": 33, "wickets": 0}, "ed8faea2": {"runs": 10, "balls": 16, "wickets": 0}, "787b56d6": {"runs": 12, "balls": 32, "wickets": 0}, "27fc5808": {"runs": 20, "balls": 37, "wickets": 0}, "f1eb3c73": {"runs": 38, "balls": 49, "wickets": 0}, "8f9c5014": {"runs": 30, "balls": 22, "wickets": 0}, "ccdd8308": {"runs": 6, "balls": 23, "wickets": 0}, "bdadcca1": {"runs": 2, "balls": 5, "wickets": 0}, "d99cc23a": {"runs": 8, "balls": 25, "wickets": 0}, "5a42a396": {"runs": 14, "balls": 24, "wickets": 0}, "10f68de1": {"runs": 21, "balls": 30, "wickets": 1}, "5da34add": {"runs": 17, "balls": 45, "wickets": 2}, "0164b064": {"runs": 3, "balls": 15, "wickets": 0}, "0c7f11be": {"runs": 10, "balls": 11, "wickets": 0}, "f1ba9ed7": {"runs": 2, "balls": 14, "wickets": 0}, "1a45b864": {"runs": 20, "balls": 28, "wickets": 0}, "c995d726": {"runs": 17, "balls": 13, "wickets": 2}, "0126ff20": {"runs": 19, "balls": 39, "wickets": 1}, "cd143bca": {"runs": 9, "balls": 32, "wickets": 0}, "80e44dc5": {"runs": 18, "balls": 15, "wickets": 0}, "34c7b9d2": {"runs": 22, "balls": 28, "wickets": 0}, "03df7a25": {"runs": 10, "balls": 20, "wickets": 0}, "56c80c90": {"runs": 1, "balls": 3, "wickets": 0}, "a790df98": {"runs": 6, "balls": 8, "wickets": 0}, "c2e5539b": {"runs": 5, "balls": 2, "wickets": 0}, "e22d3b5c": {"runs": 11, "balls": 23, "wickets": 0}, "a6f2b2ef": {"runs": 10, "balls": 30, "wickets": 0}, "5239d782": {"runs": 2, "balls": 8, "wickets": 0}, "0dbe27b8": {"runs": 6, "balls": 6, "wickets": 0}, "a4b810d0": {"runs": 12, "balls": 34, "wickets": 1}, "35c08a29": {"runs": 5, "balls": 25, "wickets": 0}, "b9877635": {"runs": 36, "balls": 62, "wickets": 2}, "27c5a793": {"runs": 30, "balls": 18, "wickets": 0}, "b56dc5f7": {"runs": 2, "balls": 12, "wickets": 0}, "6c908ffc": {"runs": 17, "balls": 16, "wickets": 0}, "c96f6ac5": {"runs": 10, "balls": 11, "wickets": 0}, "9f812582": {"runs": 20, "balls": 6, "wickets": 0}, "de6c2c6e": {"runs": 5, "balls": 7, "wickets": 0}, "fec369cd": {"runs": 8, "balls": 4, "wickets": 0}, "4167f30b": {"runs": 0, "balls": 7, "wickets": 1}, "a9da7784": {"runs": 31, "balls": 38, "wickets": 3}, "dda5aae5": {"runs": 18, "balls": 40, "wickets": 2}, "bbc192a4": {"runs": 0, "balls": 4, "wickets": 0}, "ba9258a7": {"runs": 18, "balls": 24, "wickets": 0}, "e9987a94": {"runs": 9, "balls": 14, "wickets": 0}, "31b01074": {"runs": 38, "balls": 39, "wickets": 1}, "34b37279": {"runs": 29, "balls": 18, "wickets": 1}, "96824e68": {"runs": 1, "balls": 5, "wickets": 0}, "5a74e559": {"runs": 4, "balls": 16, "wickets": 1}, "e0ac7144": {"runs": 29, "balls": 66, "wickets": 1}, "4c5d73db": {"runs": 17, "balls": 36, "wickets": 0}, "2911de16": {"runs": 27, "balls": 35, "wickets": 1}, "a510bdd3": {"runs": 47, "balls": 67, "wickets": 1}, "3581a798": {"runs": 24, "balls": 32, "wickets": 0}, "23638956": {"runs": 59, "balls": 157, "wickets": 0}, "2e9fdf9b": {"runs": 7, "balls": 13, "wickets": 1}, "5b6d248a": {"runs": 15, "balls": 23, "wickets": 0}, "c89474d1": {"runs": 11, "balls": 15, "wickets": 1}, "ad212f96": {"runs": 3, "balls": 12, "wickets": 0}, "74a274cc": {"runs": 11, "balls": 15, "wickets": 0}, "948beb1f": {"runs": 7, "balls": 23, "wickets": 1}, "c672e80e": {"runs": 55, "balls": 115, "wickets": 1}, "208f22ea": {"runs": 62, "balls": 123, "wickets": 0}, "1a2676c5": {"runs": 39, "balls": 56, "wickets": 0}, "fe2ac1a8": {"runs": 39, "balls": 41, "wickets": 3}, "9d430b40": {"runs": 1, "balls": 3, "wickets": 0}, "e94915e6": {"runs": 2, "balls": 4, "wickets": 0}, "bd93fea4": {"runs": 1, "balls": 1, "wickets": 0}, "06c2de82": {"runs": 23, "balls": 37, "wickets": 2}, "9caf69a1": {"runs": 11, "balls": 7, "wickets": 0}, "e871a7a1": {"runs": 10, "balls": 13, "wickets": 0}, "ab01e323": {"runs": 4, "balls": 17, "wickets": 0}, "641ac5ff": {"runs": 12, "balls": 7, "wickets": 0}, "e84ac20c": {"runs": 14, "balls": 4, "wickets": 1}, "d3868bd0": {"runs": 28, "balls": 41, "wickets": 0}, "b681e71e": {"runs": 11, "balls": 47, "wickets": 0}, "2085e1fa": {"runs": 4, "balls": 15, "wickets": 1}, "679cd31e": {"runs": 27, "balls": 42, "wickets": 0}, "4b685e2d": {"runs": 7, "balls": 19, "wickets": 0}, "57590dbb": {"runs": 7, "balls": 9, "wickets": 1}, "b3544c5d": {"runs": 16, "balls": 29, "wickets": 0}, "462d7c62": {"runs": 46, "balls": 55, "wickets": 2}, "2baad3bd": {"runs": 33, "balls": 64, "wickets": 1}, "f655d740": {"runs": 4, "balls": 39, "wickets": 0}, "214f6461": {"runs": 7, "balls": 11, "wickets": 0}, "2413a688": {"runs": 30, "balls": 24, "wickets": 1}, "ed12fcd7": {"runs": 19, "balls": 10, "wickets": 0}, "c78a879c": {"runs": 0, "balls": 3, "wickets": 1}, "23dee937": {"runs": 44, "balls": 79, "wickets": 0}, "7a8a0237": {"runs": 19, "balls": 22, "wickets": 0}, "00b195ae": {"runs": 7, "balls": 5, "wickets": 0}, "de3d549a": {"runs": 4, "balls": 27, "wickets": 0}, "78adc879": {"runs": 27, "balls": 27, "wickets": 1}, "22b98d7c": {"runs": 11, "balls": 49, "wickets": 1}, "660538af": {"runs": 15, "balls": 26, "wickets": 0}, "3d0ed2f9": {"runs": 17, "balls": 9, "wickets": 0}, "218d4d78": {"runs": 24, "balls": 29, "wickets": 0}, "ed47cb25": {"runs": 22, "balls": 38, "wickets": 1}, "5899dceb": {"runs": 21, "balls": 42, "wickets": 0}, "78eb4223": {"runs": 16, "balls": 19, "wickets": 0}, "861eed37": {"runs": 24, "balls": 38, "wickets": 1}, "96a6a7ad": {"runs": 25, "balls": 56, "wickets": 0}, "1957c6b7": {"runs": 1, "balls": 10, "wickets": 0}, "9679838c": {"runs": 3, "balls": 23, "wickets": 0}, "0d61d8f0": {"runs": 1, "balls": 3, "wickets": 0}, "05b1aef8": {"runs": 5, "balls": 13, "wickets": 1}, "0f721006": {"runs": 5, "balls": 10, "wickets": 0}, "f3b26fe4": {"runs": 2, "balls": 8, "wickets": 0}, "ad8cb396": {"runs": 1, "balls": 5, "wickets": 0}, "54c2b697": {"runs": 5, "balls": 17, "wickets": 1}, "3987e390": {"runs": 15, "balls": 27, "wickets": 0}, "eab74985": {"runs": 10, "balls": 22, "wickets": 0}, "25a42048": {"runs": 2, "balls": 11, "wickets": 1}, "bdc0670a": {"runs": 13, "balls": 14, "wickets": 0}, "8f08313a": {"runs": 2, "balls": 2, "wickets": 0}, "39180894": {"runs": 2, "balls": 2, "wickets": 1}, "0bec3a6c": {"runs": 1, "balls": 1, "wickets": 0}, "1cfac535": {"runs": 10, "balls": 6, "wickets": 0}, "cdd875d9": {"runs": 1, "balls": 1, "wickets": 0}, "78c12883": {"runs": 1, "balls": 0, "wickets": 0}, "05c2ca46": {"runs": 6, "balls": 2, "wickets": 0}, "8cbcff3b": {"runs": 1, "balls": 4, "wickets": 1}, "56b93d46": {"runs": 6, "balls": 6, "wickets": 1}, "01a95383": {"runs": 8, "balls": 10, "wickets": 1}, "6c79c098": {"runs": 9, "balls": 6, "wickets": 0}, "d4eef961": {"runs": 1, "balls": 3, "wickets": 0}, "b82e3032": {"runs": 3, "balls": 2, "wickets": 0}, "245c97cb": {"runs": 2, "balls": 6, "wickets": 0}, "38c276e1": {"runs": 2, "balls": 3, "wickets": 0}, "27e60d6e": {"runs": 5, "balls": 2, "wickets": 0}, "9c643d7b": {"runs": 1, "balls": 1, "wickets": 0}, "0f3ee070": {"runs": 5, "balls": 4, "wickets": 1}, "7d7233a9": {"runs": 3, "balls": 1, "wickets": 0}, "ffe699c0": {"runs": 2, "balls": 2, "wickets": 0}, "88211932": {"runs": 12, "balls": 10, "wickets": 0}, "d3a625ec": {"runs": 9, "balls": 11, "wickets": 0}, "3f61a062": {"runs": 9, "balls": 12, "wickets": 1}, "cbacc713": {"runs": 0, "balls": 1, "wickets": 0}, "ddee4125": {"runs": 8, "balls": 13, "wickets": 0}, "88a32fa2": {"runs": 6, "balls": 6, "wickets": 0}, "86781001": {"runs": 4, "balls": 8, "wickets": 1}, "7578b730": {"runs": 7, "balls": 9, "wickets": 0}, "fe5b4367": {"runs": 9, "balls": 8, "wickets": 0}, "7cb2d9d2": {"runs": 15, "balls": 9, "wickets": 0}, "1efd12d1": {"runs": 1, "balls": 1, "wickets": 0}, "18fac429": {"runs": 0, "balls": 2, "wickets": 1}, "fc4375ef": {"runs": 7, "balls": 19, "wickets": 1}, "ec5160d7": {"runs": 1, "balls": 1, "wickets": 0}, "07c8a2f4": {"runs": 0, "balls": 2, "wickets": 1}, "867a45a7": {"runs": 9, "balls": 20, "wickets": 0}, "fc63d916": {"runs": 8, "balls": 11, "wickets": 2}, "9f395b45": {"runs": 3, "balls": 8, "wickets": 0}, "1c06d60a": {"runs": 26, "balls": 35, "wickets": 0}, "92205bc7": {"runs": 1, "balls": 4, "wickets": 1}, "3c55c703": {"runs": 11, "balls": 9, "wickets": 0}, "c1f62b71": {"runs": 27, "balls": 26, "wickets": 1}, "dadbdb68": {"runs": 16, "balls": 42, "wickets": 0}, "26f1d66c": {"runs": 43, "balls": 73, "wickets": 1}, "353de846": {"runs": 12, "balls": 19, "wickets": 0}, "aa1210d8": {"runs": 29, "balls": 43, "wickets": 0}, "b4fd80a2": {"runs": 20, "balls": 21, "wickets": 0}, "fe1e8fe9": {"runs": 1, "balls": 5, "wickets": 0}, "f7c3d426": {"runs": 15, "balls": 8, "wickets": 0}, "e734d090": {"runs": 2, "balls": 2, "wickets": 0}, "60f4c586": {"runs": 7, "balls": 9, "wickets": 0}, "a1b69936": {"runs": 1, "balls": 4, "wickets": 0}}, "fifties": 5, "thirties": 26, "centuries": 0, "maidens": 81.0, "hattricks": 8, "club_ODI_previous3_runs": [32.0, 28.0, 1.0], "club_ODI_previous3_wickets": [0.0, 0.0, 0.0], "club_ODI_previous3_balls played": [30.0, 30.0, 3.0], "club_ODI_previous3_overs": [0.0, 0.0, 0.0], "club_ODI_previous3_runs gave": [0.0, 0.0, 0.0], "club_ODI_lifetime_runs": 647.0, "club_ODI_lifetime_wickets": 9.0, "club_ODI_lifetime_balls played": 737.0, "club_ODI_lifetime_overs": 71.83333333333334, "club_ODI_lifetime_runs gave": 510.0, "club_Test_previous3_runs": [32.0, 118.0, 77.0], "club_Test_previous3_wickets": [2.0, 1.0, 0.0], "club_Test_previous3_balls played": [54.0, 206.0, 99.0], "club_Test_previous3_overs": [13.0, 12.0, 13.0], "club_Test_previous3_runs gave": [48.0, 30.0, 40.0], "club_Test_lifetime_runs": 1756.0, "club_Test_lifetime_wickets": 43.0, "club_Test_lifetime_balls played": 3485.0, "club_Test_lifetime_overs": 639.9999999999999, "club_Test_lifetime_runs gave": 2435.0, "club_T20_previous3_runs": [6.0, 5.0, 15.0], "club_T20_previous3_wickets": [0.0, 1.0, 0.0], "club_T20_previous3_balls played": [5.0, 5.0, 8.0], "club_T20_previous3_overs": [4.0, 1.0, 0.0], "club_T20_previous3_runs gave": [47.0, 15.0, 0.0], "club_T20_lifetime_runs": 235.0, "club_T20_lifetime_wickets": 9.0, "club_T20_lifetime_balls played": 182.0, "club_T20_lifetime_overs": 40.83333333333333, "club_T20_lifetime_runs gave": 407.0, "international_ODI_previous3_runs": [], "international_ODI_previous3_wickets": [], "international_ODI_previous3_balls played": [], "international_ODI_previous3_overs": [], "international_ODI_previous3_runs gave": [], "international_ODI_lifetime_runs": 0.0, "international_ODI_lifetime_wickets": 0.0, "international_ODI_lifetime_balls played": 0.0, "international_ODI_lifetime_overs": 0.0, "international_ODI_lifetime_runs gave": 0.0, "international_Test_previous3_runs": [], "international_Test_previous3_wickets": [], "international_Test_previous3_balls played": [], "international_Test_previous3_overs": [], "international_Test_previous3_runs gave": [], "international_Test_lifetime_runs": 0.0, "international_Test_lifetime_wickets": 0.0, "international_Test_lifetime_balls played": 0.0, "international_Test_lifetime_overs": 0.0, "international_Test_lifetime_runs gave": 0.0, "international_T20_previous3_runs": [], "international_T20_previous3_wickets": [], "international_T20_previous3_balls played": [], "international_T20_previous3_overs": [], "international_T20_previous3_runs gave": [], "international_T20_lifetime_runs": 0.0, "international_T20_lifetime_wickets": 0.0, "international_T20_lifetime_balls played": 0.0, "international_T20_lifetime_overs": 0.0, "international_T20_lifetime_runs gave": 0.0}