{"played_against": {"3540beff": {"runs": 1, "balls": 6, "wickets": 1}, "1a2676c5": {"runs": 21, "balls": 29, "wickets": 0}, "bc773eeb": {"runs": 19, "balls": 60, "wickets": 0}, "56b93d46": {"runs": 15, "balls": 19, "wickets": 0}, "912f472c": {"runs": 29, "balls": 70, "wickets": 0}, "bd93fea4": {"runs": 2, "balls": 12, "wickets": 0}, "9eb1455b": {"runs": 28, "balls": 46, "wickets": 1}, "14f96089": {"runs": 5, "balls": 26, "wickets": 1}, "5f222a64": {"runs": 9, "balls": 9, "wickets": 0}, "19b9f399": {"runs": 4, "balls": 15, "wickets": 0}, "96824e68": {"runs": 12, "balls": 20, "wickets": 0}, "32198ae0": {"runs": 3, "balls": 10, "wickets": 0}, "526a3073": {"runs": 0, "balls": 3, "wickets": 0}, "72075ec1": {"runs": 1, "balls": 1, "wickets": 0}, "770ae773": {"runs": 0, "balls": 4, "wickets": 0}, "96a6a7ad": {"runs": 7, "balls": 21, "wickets": 1}, "3fb19989": {"runs": 0, "balls": 2, "wickets": 1}}, "fifties": 0, "thirties": 1, "centuries": 0, "maidens": 11.0, "hattricks": 2, "club_ODI_previous3_runs": [], "club_ODI_previous3_wickets": [], "club_ODI_previous3_balls played": [], "club_ODI_previous3_overs": [], "club_ODI_previous3_runs gave": [], "club_ODI_lifetime_runs": 0.0, "club_ODI_lifetime_wickets": 0.0, "club_ODI_lifetime_balls played": 0.0, "club_ODI_lifetime_overs": 0.0, "club_ODI_lifetime_runs gave": 0.0, "club_Test_previous3_runs": [93.0, 1.0, 13.0], "club_Test_previous3_wickets": [3.0, 2.0, 4.0], "club_Test_previous3_balls played": [208.0, 8.0, 31.0], "club_Test_previous3_overs": [31.166666666666664, 27.833333333333332, 23.166666666666668], "club_Test_previous3_runs gave": [104.0, 92.0, 68.0], "club_Test_lifetime_runs": 107.0, "club_Test_lifetime_wickets": 9.0, "club_Test_lifetime_balls played": 247.0, "club_Test_lifetime_overs": 82.16666666666667, "club_Test_lifetime_runs gave": 264.0, "club_T20_previous3_runs": [2.0, 0.0], "club_T20_previous3_wickets": [0.0, 0.0], "club_T20_previous3_balls played": [7.0, 0.0], "club_T20_previous3_overs": [3.0, 4.0], "club_T20_previous3_runs gave": [30.0, 32.0], "club_T20_lifetime_runs": 2.0, "club_T20_lifetime_wickets": 0.0, "club_T20_lifetime_balls played": 7.0, "club_T20_lifetime_overs": 7.0, "club_T20_lifetime_runs gave": 62.0, "international_ODI_previous3_runs": [], "international_ODI_previous3_wickets": [], "international_ODI_previous3_balls played": [], "international_ODI_previous3_overs": [], "international_ODI_previous3_runs gave": [], "international_ODI_lifetime_runs": 0.0, "international_ODI_lifetime_wickets": 0.0, "international_ODI_lifetime_balls played": 0.0, "international_ODI_lifetime_overs": 0.0, "international_ODI_lifetime_runs gave": 0.0, "international_Test_previous3_runs": [], "international_Test_previous3_wickets": [], "international_Test_previous3_balls played": [], "international_Test_previous3_overs": [], "international_Test_previous3_runs gave": [], "international_Test_lifetime_runs": 0.0, "international_Test_lifetime_wickets": 0.0, "international_Test_lifetime_balls played": 0.0, "international_Test_lifetime_overs": 0.0, "international_Test_lifetime_runs gave": 0.0, "international_T20_previous3_runs": [], "international_T20_previous3_wickets": [], "international_T20_previous3_balls played": [], "international_T20_previous3_overs": [], "international_T20_previous3_runs gave": [], "international_T20_lifetime_runs": 0.0, "international_T20_lifetime_wickets": 0.0, "international_T20_lifetime_balls played": 0.0, "international_T20_lifetime_overs": 0.0, "international_T20_lifetime_runs gave": 0.0}