{"played_against": {"2b661b53": {"runs": 8, "balls": 30, "wickets": 1}, "b5472435": {"runs": 8, "balls": 13, "wickets": 0}, "3486a171": {"runs": 16, "balls": 19, "wickets": 1}, "e4e4f569": {"runs": 5, "balls": 13, "wickets": 0}, "a651cd4d": {"runs": 19, "balls": 16, "wickets": 0}, "2be548b0": {"runs": 3, "balls": 9, "wickets": 0}, "50102dea": {"runs": 11, "balls": 18, "wickets": 0}, "80b34521": {"runs": 11, "balls": 9, "wickets": 0}, "7eba546e": {"runs": 7, "balls": 13, "wickets": 0}, "d5595998": {"runs": 6, "balls": 3, "wickets": 0}, "7f2f40fa": {"runs": 19, "balls": 16, "wickets": 1}, "7a64c6eb": {"runs": 6, "balls": 15, "wickets": 1}, "02c8fbfc": {"runs": 7, "balls": 9, "wickets": 0}, "115b7211": {"runs": 13, "balls": 7, "wickets": 0}, "1c03d322": {"runs": 4, "balls": 5, "wickets": 0}}, "fifties": 0, "thirties": 2, "centuries": 0, "maidens": 0.0, "hattricks": 0, "club_ODI_previous3_runs": [], "club_ODI_previous3_wickets": [], "club_ODI_previous3_balls played": [], "club_ODI_previous3_overs": [], "club_ODI_previous3_runs gave": [], "club_ODI_lifetime_runs": 0.0, "club_ODI_lifetime_wickets": 0.0, "club_ODI_lifetime_balls played": 0.0, "club_ODI_lifetime_overs": 0.0, "club_ODI_lifetime_runs gave": 0.0, "club_Test_previous3_runs": [], "club_Test_previous3_wickets": [], "club_Test_previous3_balls played": [], "club_Test_previous3_overs": [], "club_Test_previous3_runs gave": [], "club_Test_lifetime_runs": 0.0, "club_Test_lifetime_wickets": 0.0, "club_Test_lifetime_balls played": 0.0, "club_Test_lifetime_overs": 0.0, "club_Test_lifetime_runs gave": 0.0, "club_T20_previous3_runs": [], "club_T20_previous3_wickets": [], "club_T20_previous3_balls played": [], "club_T20_previous3_overs": [], "club_T20_previous3_runs gave": [], "club_T20_lifetime_runs": 0.0, "club_T20_lifetime_wickets": 0.0, "club_T20_lifetime_balls played": 0.0, "club_T20_lifetime_overs": 0.0, "club_T20_lifetime_runs gave": 0.0, "international_ODI_previous3_runs": [], "international_ODI_previous3_wickets": [], "international_ODI_previous3_balls played": [], "international_ODI_previous3_overs": [], "international_ODI_previous3_runs gave": [], "international_ODI_lifetime_runs": 0.0, "international_ODI_lifetime_wickets": 0.0, "international_ODI_lifetime_balls played": 0.0, "international_ODI_lifetime_overs": 0.0, "international_ODI_lifetime_runs gave": 0.0, "international_Test_previous3_runs": [], "international_Test_previous3_wickets": [], "international_Test_previous3_balls played": [], "international_Test_previous3_overs": [], "international_Test_previous3_runs gave": [], "international_Test_lifetime_runs": 0.0, "international_Test_lifetime_wickets": 0.0, "international_Test_lifetime_balls played": 0.0, "international_Test_lifetime_overs": 0.0, "international_Test_lifetime_runs gave": 0.0, "international_T20_previous3_runs": [6.0, 24.0, 8.0], "international_T20_previous3_wickets": [1.0, 2.0, 1.0], "international_T20_previous3_balls played": [7.0, 29.0, 11.0], "international_T20_previous3_overs": [4.0, 3.0, 1.0], "international_T20_previous3_runs gave": [9.0, 10.0, 7.0], "international_T20_lifetime_runs": 143.0, "international_T20_lifetime_wickets": 5.0, "international_T20_lifetime_balls played": 196.0, "international_T20_lifetime_overs": 13.0, "international_T20_lifetime_runs gave": 43.0}