{"played_against": {"88fccd6c": {"runs": 1, "balls": 10, "wickets": 1}, "20a941bb": {"runs": 2, "balls": 5, "wickets": 0}, "28ed9134": {"runs": 9, "balls": 6, "wickets": 0}, "b7b66a96": {"runs": 16, "balls": 17, "wickets": 0}, "9cb022df": {"runs": 24, "balls": 29, "wickets": 0}, "5471024e": {"runs": 10, "balls": 13, "wickets": 0}, "15d1b59e": {"runs": 1, "balls": 2, "wickets": 0}, "bcce309e": {"runs": 1, "balls": 7, "wickets": 0}, "6cc006ef": {"runs": 11, "balls": 14, "wickets": 0}, "342d8ade": {"runs": 1, "balls": 4, "wickets": 0}, "4ba44e19": {"runs": 1, "balls": 5, "wickets": 0}, "7ff3fcaa": {"runs": 19, "balls": 25, "wickets": 0}, "0c8a1d51": {"runs": 12, "balls": 23, "wickets": 0}, "2cccba8f": {"runs": 4, "balls": 6, "wickets": 1}, "54279e23": {"runs": 2, "balls": 3, "wickets": 0}, "8b5b6769": {"runs": 12, "balls": 36, "wickets": 1}, "91a4a398": {"runs": 3, "balls": 20, "wickets": 0}, "80ec5dfd": {"runs": 7, "balls": 9, "wickets": 1}, "37f501d7": {"runs": 1, "balls": 2, "wickets": 0}, "dd09ff8e": {"runs": 2, "balls": 18, "wickets": 0}, "ee7d0c82": {"runs": 12, "balls": 21, "wickets": 0}, "3cf83487": {"runs": 0, "balls": 6, "wickets": 0}, "f708a0bc": {"runs": 15, "balls": 24, "wickets": 0}, "3227beb4": {"runs": 13, "balls": 18, "wickets": 0}, "53fe6ee4": {"runs": 9, "balls": 11, "wickets": 1}, "bad31fac": {"runs": 1, "balls": 4, "wickets": 0}, "96fd40ae": {"runs": 5, "balls": 12, "wickets": 1}, "1c914163": {"runs": 31, "balls": 20, "wickets": 0}, "d2c2b2d5": {"runs": 9, "balls": 12, "wickets": 1}, "8ba8195d": {"runs": 1, "balls": 2, "wickets": 0}, "7fe5deb8": {"runs": 0, "balls": 2, "wickets": 0}, "67af6f81": {"runs": 21, "balls": 34, "wickets": 1}, "348195ea": {"runs": 8, "balls": 6, "wickets": 0}, "656202a7": {"runs": 7, "balls": 7, "wickets": 0}, "556302a7": {"runs": 1, "balls": 3, "wickets": 0}, "717e803a": {"runs": 7, "balls": 16, "wickets": 0}, "3b50c63a": {"runs": 0, "balls": 1, "wickets": 1}, "68ddabdb": {"runs": 1, "balls": 4, "wickets": 1}, "33f28243": {"runs": 6, "balls": 6, "wickets": 0}, "5fa06777": {"runs": 0, "balls": 7, "wickets": 0}, "0dc00542": {"runs": 3, "balls": 12, "wickets": 1}, "64c34cd0": {"runs": 0, "balls": 2, "wickets": 1}, "e186f49c": {"runs": 15, "balls": 23, "wickets": 1}, "b743f01b": {"runs": 31, "balls": 33, "wickets": 0}, "4948a447": {"runs": 18, "balls": 11, "wickets": 0}, "888e32bf": {"runs": 12, "balls": 9, "wickets": 1}, "e662b18f": {"runs": 6, "balls": 11, "wickets": 0}, "7157a72f": {"runs": 1, "balls": 3, "wickets": 0}, "7c70083d": {"runs": 8, "balls": 13, "wickets": 0}, "008589a4": {"runs": 4, "balls": 10, "wickets": 1}, "ad75edc3": {"runs": 6, "balls": 25, "wickets": 0}, "2b8b75a0": {"runs": 32, "balls": 46, "wickets": 1}, "123e663a": {"runs": 65, "balls": 106, "wickets": 1}, "aab3e7be": {"runs": 2, "balls": 7, "wickets": 1}, "4f629497": {"runs": 4, "balls": 7, "wickets": 0}, "cf73ad76": {"runs": 1, "balls": 3, "wickets": 0}, "d12143bf": {"runs": 13, "balls": 16, "wickets": 0}, "ddc0828d": {"runs": 7, "balls": 9, "wickets": 1}, "7ca5e05d": {"runs": 5, "balls": 3, "wickets": 0}, "e97aefe2": {"runs": 18, "balls": 19, "wickets": 0}, "a386e91b": {"runs": 16, "balls": 22, "wickets": 0}, "5a37ec26": {"runs": 17, "balls": 26, "wickets": 0}, "e03b66ec": {"runs": 9, "balls": 18, "wickets": 0}, "f233bbb4": {"runs": 6, "balls": 12, "wickets": 0}, "2bb09eb2": {"runs": 3, "balls": 5, "wickets": 1}, "7d7ab238": {"runs": 0, "balls": 1, "wickets": 0}, "a12e1d51": {"runs": 1, "balls": 8, "wickets": 1}, "1f6cbaff": {"runs": 6, "balls": 6, "wickets": 0}, "6d8356ee": {"runs": 15, "balls": 25, "wickets": 0}, "c66d9486": {"runs": 47, "balls": 73, "wickets": 2}, "52f96571": {"runs": 54, "balls": 42, "wickets": 1}, "fbc5c0c6": {"runs": 60, "balls": 64, "wickets": 0}, "bceb1b07": {"runs": 18, "balls": 19, "wickets": 0}, "0e0afd8b": {"runs": 24, "balls": 21, "wickets": 0}, "056f58dd": {"runs": 9, "balls": 5, "wickets": 0}, "543d3e69": {"runs": 1, "balls": 7, "wickets": 1}, "5500c675": {"runs": 7, "balls": 13, "wickets": 0}, "243431b5": {"runs": 4, "balls": 7, "wickets": 0}, "568e5a4a": {"runs": 2, "balls": 3, "wickets": 0}, "d8e79af0": {"runs": 0, "balls": 1, "wickets": 0}, "7c7303eb": {"runs": 0, "balls": 2, "wickets": 0}, "86dc8f2e": {"runs": 1, "balls": 4, "wickets": 0}, "5bb5a915": {"runs": 9, "balls": 10, "wickets": 0}, "2e8994e7": {"runs": 6, "balls": 5, "wickets": 0}, "7c503806": {"runs": 2, "balls": 3, "wickets": 0}, "49691d7a": {"runs": 9, "balls": 13, "wickets": 0}, "d2babdd5": {"runs": 10, "balls": 11, "wickets": 0}, "9f0270e0": {"runs": 6, "balls": 9, "wickets": 0}, "9de271ef": {"runs": 1, "balls": 2, "wickets": 0}, "796e4140": {"runs": 86, "balls": 72, "wickets": 1}, "0f9ebf32": {"runs": 40, "balls": 38, "wickets": 0}, "9b12068b": {"runs": 35, "balls": 49, "wickets": 0}, "3a026eb4": {"runs": 62, "balls": 103, "wickets": 0}, "795df06c": {"runs": 16, "balls": 14, "wickets": 0}, "7839bf3a": {"runs": 13, "balls": 15, "wickets": 0}, "c4ff0618": {"runs": 22, "balls": 9, "wickets": 0}, "e66d962d": {"runs": 3, "balls": 2, "wickets": 0}, "94238673": {"runs": 2, "balls": 2, "wickets": 1}, "16dfcc19": {"runs": 7, "balls": 7, "wickets": 0}, "d094e7d1": {"runs": 3, "balls": 14, "wickets": 0}, "896d78ad": {"runs": 1, "balls": 3, "wickets": 1}, "469ea22b": {"runs": 4, "balls": 4, "wickets": 0}, "a36915ce": {"runs": 17, "balls": 6, "wickets": 0}, "7516045a": {"runs": 7, "balls": 4, "wickets": 0}, "664189ff": {"runs": 9, "balls": 4, "wickets": 0}, "5be810ba": {"runs": 5, "balls": 5, "wickets": 0}, "f8dcfe4e": {"runs": 11, "balls": 6, "wickets": 1}, "3b282e51": {"runs": 12, "balls": 9, "wickets": 0}, "94ed8d37": {"runs": 12, "balls": 3, "wickets": 0}, "928baf6b": {"runs": 13, "balls": 8, "wickets": 0}, "007113d7": {"runs": 1, "balls": 1, "wickets": 0}, "12b7fa12": {"runs": 2, "balls": 3, "wickets": 0}, "3f796a61": {"runs": 8, "balls": 5, "wickets": 0}, "7805af0f": {"runs": 4, "balls": 2, "wickets": 0}, "f43dd8c2": {"runs": 0, "balls": 3, "wickets": 0}, "59f509ed": {"runs": 16, "balls": 4, "wickets": 1}, "e1592949": {"runs": 16, "balls": 6, "wickets": 0}, "dab18aa5": {"runs": 11, "balls": 7, "wickets": 0}, "7f6c2dae": {"runs": 3, "balls": 5, "wickets": 0}, "f5853cef": {"runs": 11, "balls": 7, "wickets": 0}, "37312a74": {"runs": 5, "balls": 6, "wickets": 1}, "bb9b51f4": {"runs": 14, "balls": 6, "wickets": 0}, "9025e58f": {"runs": 20, "balls": 10, "wickets": 0}, "d146924b": {"runs": 0, "balls": 1, "wickets": 0}, "96503059": {"runs": 2, "balls": 3, "wickets": 0}}, "fifties": 1, "thirties": 14, "centuries": 0, "maidens": 20.0, "hattricks": 6, "club_ODI_previous3_runs": [], "club_ODI_previous3_wickets": [], "club_ODI_previous3_balls played": [], "club_ODI_previous3_overs": [], "club_ODI_previous3_runs gave": [], "club_ODI_lifetime_runs": 0.0, "club_ODI_lifetime_wickets": 0.0, "club_ODI_lifetime_balls played": 0.0, "club_ODI_lifetime_overs": 0.0, "club_ODI_lifetime_runs gave": 0.0, "club_Test_previous3_runs": [], "club_Test_previous3_wickets": [], "club_Test_previous3_balls played": [], "club_Test_previous3_overs": [], "club_Test_previous3_runs gave": [], "club_Test_lifetime_runs": 0.0, "club_Test_lifetime_wickets": 0.0, "club_Test_lifetime_balls played": 0.0, "club_Test_lifetime_overs": 0.0, "club_Test_lifetime_runs gave": 0.0, "club_T20_previous3_runs": [], "club_T20_previous3_wickets": [], "club_T20_previous3_balls played": [], "club_T20_previous3_overs": [], "club_T20_previous3_runs gave": [], "club_T20_lifetime_runs": 0.0, "club_T20_lifetime_wickets": 0.0, "club_T20_lifetime_balls played": 0.0, "club_T20_lifetime_overs": 0.0, "club_T20_lifetime_runs gave": 0.0, "international_ODI_previous3_runs": [12.0, 10.0, 7.0], "international_ODI_previous3_wickets": [0.0, 0.0, 0.0], "international_ODI_previous3_balls played": [20.0, 14.0, 6.0], "international_ODI_previous3_overs": [5.0, 6.833333333333333, 10.0], "international_ODI_previous3_runs gave": [24.0, 50.0, 43.0], "international_ODI_lifetime_runs": 705.0, "international_ODI_lifetime_wickets": 22.0, "international_ODI_lifetime_balls played": 1058.0, "international_ODI_lifetime_overs": 178.00000000000003, "international_ODI_lifetime_runs gave": 919.0, "international_Test_previous3_runs": [33.0, 6.0, 327.0], "international_Test_previous3_wickets": [4.0, 0.0, 2.0], "international_Test_previous3_balls played": [64.0, 16.0, 395.0], "international_Test_previous3_overs": [27.0, 11.0, 16.0], "international_Test_previous3_runs gave": [51.0, 50.0, 24.0], "international_Test_lifetime_runs": 366.0, "international_Test_lifetime_wickets": 6.0, "international_Test_lifetime_balls played": 475.0, "international_Test_lifetime_overs": 54.0, "international_Test_lifetime_runs gave": 125.0, "international_T20_previous3_runs": [54.0, 0.0, 40.0], "international_T20_previous3_wickets": [2.0, 0.0, 3.0], "international_T20_previous3_balls played": [36.0, 4.0, 23.0], "international_T20_previous3_overs": [4.0, 4.0, 4.0], "international_T20_previous3_runs gave": [35.0, 16.0, 17.0], "international_T20_lifetime_runs": 302.0, "international_T20_lifetime_wickets": 10.0, "international_T20_lifetime_balls played": 215.0, "international_T20_lifetime_overs": 21.333333333333336, "international_T20_lifetime_runs gave": 166.0}