{"played_against": {"c3d1402f": {"runs": 24, "balls": 12, "wickets": 0}, "6b8eb6e5": {"runs": 5, "balls": 3, "wickets": 0}, "fe93fd9d": {"runs": 20, "balls": 12, "wickets": 1}, "4ba44e19": {"runs": 17, "balls": 9, "wickets": 0}, "41eb4a4f": {"runs": 22, "balls": 12, "wickets": 1}, "a12e1d51": {"runs": 15, "balls": 11, "wickets": 2}, "8fd1a8f5": {"runs": 23, "balls": 21, "wickets": 1}, "5bb1a1c4": {"runs": 55, "balls": 39, "wickets": 1}, "ae78bc32": {"runs": 3, "balls": 4, "wickets": 2}, "c3d35165": {"runs": 29, "balls": 19, "wickets": 1}, "13c35c9e": {"runs": 147, "balls": 241, "wickets": 3}, "495d42a5": {"runs": 71, "balls": 44, "wickets": 3}, "45c2196c": {"runs": 25, "balls": 20, "wickets": 0}, "87e562a9": {"runs": 12, "balls": 16, "wickets": 1}, "c8179c68": {"runs": 6, "balls": 7, "wickets": 0}, "2af1b6d2": {"runs": 4, "balls": 6, "wickets": 1}, "8b5b6769": {"runs": 44, "balls": 24, "wickets": 2}, "f0f628c7": {"runs": 27, "balls": 11, "wickets": 0}, "740742ef": {"runs": 13, "balls": 5, "wickets": 0}, "a757b0d8": {"runs": 9, "balls": 10, "wickets": 1}, "b681e71e": {"runs": 10, "balls": 7, "wickets": 0}, "9d80c5e1": {"runs": 7, "balls": 7, "wickets": 1}, "cc1e8c68": {"runs": 42, "balls": 40, "wickets": 1}, "5bb5a915": {"runs": 17, "balls": 13, "wickets": 2}, "b2b50355": {"runs": 2, "balls": 3, "wickets": 1}, "33a364a6": {"runs": 4, "balls": 4, "wickets": 0}, "7c503806": {"runs": 23, "balls": 9, "wickets": 0}, "e32d22f6": {"runs": 19, "balls": 15, "wickets": 1}, "5b040b81": {"runs": 3, "balls": 2, "wickets": 0}, "66b30f71": {"runs": 6, "balls": 2, "wickets": 0}, "96fd40ae": {"runs": 9, "balls": 11, "wickets": 2}, "2e81a32d": {"runs": 41, "balls": 36, "wickets": 1}, "f846de6a": {"runs": 1, "balls": 4, "wickets": 1}, "e938e1bc": {"runs": 17, "balls": 20, "wickets": 0}, "1a0c3177": {"runs": 1, "balls": 2, "wickets": 0}, "557153ca": {"runs": 0, "balls": 4, "wickets": 0}, "3d7e087f": {"runs": 2, "balls": 4, "wickets": 0}, "f708a0bc": {"runs": 2, "balls": 3, "wickets": 1}, "dd09ff8e": {"runs": 8, "balls": 7, "wickets": 0}, "9d430b40": {"runs": 40, "balls": 32, "wickets": 2}, "12eddf28": {"runs": 6, "balls": 3, "wickets": 1}, "d718440b": {"runs": 15, "balls": 7, "wickets": 0}, "1c2a64cd": {"runs": 7, "balls": 3, "wickets": 0}, "35205dfc": {"runs": 3, "balls": 7, "wickets": 0}, "6b19d823": {"runs": 43, "balls": 24, "wickets": 3}, "462411b3": {"runs": 15, "balls": 21, "wickets": 3}, "3eac9d95": {"runs": 1, "balls": 3, "wickets": 0}, "0f12f9df": {"runs": 15, "balls": 10, "wickets": 1}, "94253925": {"runs": 11, "balls": 5, "wickets": 0}, "86dc8f2e": {"runs": 6, "balls": 5, "wickets": 0}, "c654af19": {"runs": 0, "balls": 3, "wickets": 1}, "fb66ce1f": {"runs": 40, "balls": 28, "wickets": 1}, "c404f58a": {"runs": 5, "balls": 6, "wickets": 0}, "759ac88f": {"runs": 35, "balls": 18, "wickets": 0}, "3fb19989": {"runs": 113, "balls": 217, "wickets": 2}, "e0407c01": {"runs": 1, "balls": 3, "wickets": 1}, "f3171936": {"runs": 1, "balls": 4, "wickets": 0}, "119678fd": {"runs": 1, "balls": 1, "wickets": 0}, "32198ae0": {"runs": 9, "balls": 7, "wickets": 0}, "57ee1fde": {"runs": 81, "balls": 47, "wickets": 6}, "1c914163": {"runs": 3, "balls": 5, "wickets": 0}, "d2a989fc": {"runs": 37, "balls": 18, "wickets": 0}, "2e11c706": {"runs": 21, "balls": 9, "wickets": 0}, "808f425a": {"runs": 0, "balls": 3, "wickets": 1}, "ce820073": {"runs": 47, "balls": 42, "wickets": 3}, "2e171977": {"runs": 43, "balls": 54, "wickets": 2}, "f5180fe6": {"runs": 20, "balls": 11, "wickets": 1}, "6aed7e79": {"runs": 0, "balls": 2, "wickets": 1}, "69be866a": {"runs": 25, "balls": 20, "wickets": 1}, "26a85969": {"runs": 10, "balls": 6, "wickets": 0}, "51a3c5ef": {"runs": 3, "balls": 5, "wickets": 2}, "0a3d54b9": {"runs": 15, "balls": 13, "wickets": 0}, "f986ca1a": {"runs": 17, "balls": 19, "wickets": 1}, "aa8d28ae": {"runs": 4, "balls": 4, "wickets": 0}, "85aae393": {"runs": 3, "balls": 6, "wickets": 0}, "1abb78f8": {"runs": 47, "balls": 29, "wickets": 1}, "bd17b45f": {"runs": 6, "balls": 3, "wickets": 1}, "4b2056c7": {"runs": 4, "balls": 8, "wickets": 1}, "ed3fdd1a": {"runs": 17, "balls": 9, "wickets": 0}, "549fdc26": {"runs": 7, "balls": 5, "wickets": 0}, "db31895a": {"runs": 26, "balls": 16, "wickets": 0}, "40792cff": {"runs": 0, "balls": 1, "wickets": 1}, "2c76b512": {"runs": 4, "balls": 3, "wickets": 0}, "90a5e58a": {"runs": 5, "balls": 3, "wickets": 0}, "0af3426f": {"runs": 2, "balls": 4, "wickets": 0}, "77255a9e": {"runs": 5, "balls": 4, "wickets": 1}, "47f75983": {"runs": 1, "balls": 1, "wickets": 0}, "09cb47d4": {"runs": 0, "balls": 3, "wickets": 0}, "bbd41817": {"runs": 22, "balls": 24, "wickets": 3}, "012829ff": {"runs": 1, "balls": 4, "wickets": 0}, "dbe50b21": {"runs": 12, "balls": 12, "wickets": 3}, "ded9240e": {"runs": 98, "balls": 165, "wickets": 5}, "91a4a398": {"runs": 4, "balls": 6, "wickets": 1}, "4af886ed": {"runs": 13, "balls": 7, "wickets": 0}, "2d209101": {"runs": 17, "balls": 11, "wickets": 0}, "773bf733": {"runs": 13, "balls": 8, "wickets": 0}, "ce2b42ae": {"runs": 7, "balls": 3, "wickets": 1}, "dc4686e6": {"runs": 2, "balls": 3, "wickets": 0}, "06adaa46": {"runs": 0, "balls": 1, "wickets": 1}, "5876c626": {"runs": 10, "balls": 5, "wickets": 0}, "2f49c897": {"runs": 34, "balls": 23, "wickets": 1}, "529fbf1b": {"runs": 9, "balls": 6, "wickets": 0}, "c7a995d3": {"runs": 4, "balls": 4, "wickets": 1}, "537d02f3": {"runs": 33, "balls": 16, "wickets": 0}, "cdc6bdba": {"runs": 31, "balls": 18, "wickets": 0}, "cdc4604c": {"runs": 5, "balls": 8, "wickets": 0}, "ade90de7": {"runs": 18, "balls": 14, "wickets": 0}, "798cc28e": {"runs": 12, "balls": 10, "wickets": 1}, "dcf81436": {"runs": 31, "balls": 23, "wickets": 2}, "e941cd33": {"runs": 4, "balls": 6, "wickets": 0}, "23eeb873": {"runs": 26, "balls": 25, "wickets": 1}, "a2f46292": {"runs": 12, "balls": 13, "wickets": 2}, "fb24e76c": {"runs": 0, "balls": 2, "wickets": 1}, "baaae738": {"runs": 34, "balls": 14, "wickets": 0}, "8da6dbf1": {"runs": 10, "balls": 8, "wickets": 1}, "dd506910": {"runs": 15, "balls": 6, "wickets": 0}, "26989d80": {"runs": 9, "balls": 8, "wickets": 1}, "a4e37e47": {"runs": 3, "balls": 2, "wickets": 0}, "8cf9814c": {"runs": 6, "balls": 9, "wickets": 0}, "fa2f1dde": {"runs": 6, "balls": 5, "wickets": 0}, "4329fbb5": {"runs": 12, "balls": 7, "wickets": 0}, "acee4cc4": {"runs": 3, "balls": 5, "wickets": 1}, "5f547c8b": {"runs": 23, "balls": 23, "wickets": 1}, "73ad96ed": {"runs": 6, "balls": 3, "wickets": 0}, "7dc35884": {"runs": 13, "balls": 7, "wickets": 1}, "c38d3503": {"runs": 18, "balls": 17, "wickets": 0}, "eef2536f": {"runs": 48, "balls": 34, "wickets": 0}, "a818c1be": {"runs": 91, "balls": 93, "wickets": 1}, "9a963804": {"runs": 1, "balls": 4, "wickets": 1}, "2a2e6343": {"runs": 11, "balls": 5, "wickets": 0}, "871e9faf": {"runs": 18, "balls": 11, "wickets": 0}, "5574750c": {"runs": 11, "balls": 17, "wickets": 0}, "e087956b": {"runs": 6, "balls": 5, "wickets": 1}, "94d7f855": {"runs": 15, "balls": 50, "wickets": 1}, "03806cf8": {"runs": 59, "balls": 100, "wickets": 3}, "96a6a7ad": {"runs": 82, "balls": 121, "wickets": 1}, "3d8feaf8": {"runs": 22, "balls": 36, "wickets": 0}, "d6ac52e8": {"runs": 0, "balls": 5, "wickets": 1}, "b8d80b40": {"runs": 15, "balls": 4, "wickets": 0}, "9a09c4b2": {"runs": 9, "balls": 5, "wickets": 1}, "b7d8d5ce": {"runs": 0, "balls": 2, "wickets": 0}, "c2ed5822": {"runs": 4, "balls": 1, "wickets": 0}, "66ea7420": {"runs": 7, "balls": 5, "wickets": 0}, "21b9e62b": {"runs": 3, "balls": 5, "wickets": 0}, "13dd2a4b": {"runs": 11, "balls": 8, "wickets": 0}, "cc8531c2": {"runs": 7, "balls": 4, "wickets": 1}, "a73f1f24": {"runs": 7, "balls": 4, "wickets": 0}, "a81e957f": {"runs": 3, "balls": 3, "wickets": 0}, "347fb4e1": {"runs": 0, "balls": 2, "wickets": 1}, "8998a68f": {"runs": 3, "balls": 4, "wickets": 0}, "81049310": {"runs": 5, "balls": 5, "wickets": 0}, "39a2dfa8": {"runs": 36, "balls": 18, "wickets": 1}, "9601c534": {"runs": 1, "balls": 1, "wickets": 0}, "6c7a68d0": {"runs": 2, "balls": 2, "wickets": 0}, "46a9bea1": {"runs": 4, "balls": 1, "wickets": 0}, "7210d461": {"runs": 11, "balls": 8, "wickets": 0}, "2a6afc6f": {"runs": 8, "balls": 6, "wickets": 0}, "c0e59e39": {"runs": 16, "balls": 11, "wickets": 1}, "c33d8116": {"runs": 34, "balls": 21, "wickets": 1}, "bee290b6": {"runs": 7, "balls": 5, "wickets": 0}, "21d4e29b": {"runs": 23, "balls": 20, "wickets": 0}, "f62772e5": {"runs": 8, "balls": 7, "wickets": 0}, "23639793": {"runs": 11, "balls": 13, "wickets": 0}, "ad427b5c": {"runs": 28, "balls": 23, "wickets": 0}, "fb2d1dda": {"runs": 12, "balls": 10, "wickets": 0}, "ec9fc54b": {"runs": 8, "balls": 5, "wickets": 0}, "dddca1d6": {"runs": 5, "balls": 4, "wickets": 0}, "c8f697bd": {"runs": 17, "balls": 12, "wickets": 0}, "09a71776": {"runs": 31, "balls": 16, "wickets": 0}, "cb461421": {"runs": 11, "balls": 10, "wickets": 0}, "c15706c8": {"runs": 12, "balls": 8, "wickets": 0}, "9ed95736": {"runs": 10, "balls": 5, "wickets": 0}, "ccae927b": {"runs": 4, "balls": 6, "wickets": 0}, "90de905a": {"runs": 8, "balls": 7, "wickets": 1}, "1e66c162": {"runs": 29, "balls": 21, "wickets": 0}, "2f9d0389": {"runs": 5, "balls": 4, "wickets": 0}, "85e0cf10": {"runs": 44, "balls": 25, "wickets": 1}, "8d2c70ad": {"runs": 13, "balls": 14, "wickets": 0}, "98ae73b1": {"runs": 49, "balls": 32, "wickets": 2}, "5b8c830e": {"runs": 59, "balls": 32, "wickets": 2}, "a9fd84fb": {"runs": 9, "balls": 4, "wickets": 0}, "b410bd3d": {"runs": 4, "balls": 7, "wickets": 0}, "e62dd25d": {"runs": 167, "balls": 282, "wickets": 5}, "62af8546": {"runs": 15, "balls": 10, "wickets": 0}, "bb351c23": {"runs": 7, "balls": 5, "wickets": 0}, "641ac5ff": {"runs": 13, "balls": 7, "wickets": 1}, "7a8bd078": {"runs": 41, "balls": 15, "wickets": 0}, "d9273ee7": {"runs": 32, "balls": 21, "wickets": 2}, "f29185a1": {"runs": 17, "balls": 13, "wickets": 0}, "e412cb64": {"runs": 3, "balls": 2, "wickets": 0}, "d9609443": {"runs": 19, "balls": 28, "wickets": 0}, "78eb4223": {"runs": 23, "balls": 49, "wickets": 1}, "3feda4fa": {"runs": 7, "balls": 28, "wickets": 0}, "92aa28fe": {"runs": 4, "balls": 8, "wickets": 0}, "0f721006": {"runs": 22, "balls": 60, "wickets": 2}, "c4d9634c": {"runs": 17, "balls": 34, "wickets": 0}, "cfe70281": {"runs": 35, "balls": 116, "wickets": 0}, "0b60eb09": {"runs": 122, "balls": 226, "wickets": 1}, "537f5ab2": {"runs": 45, "balls": 41, "wickets": 0}, "7dfb8890": {"runs": 44, "balls": 62, "wickets": 0}, "33085ffb": {"runs": 4, "balls": 4, "wickets": 1}, "acdc62f5": {"runs": 71, "balls": 51, "wickets": 0}, "f834dcfc": {"runs": 25, "balls": 61, "wickets": 1}, "cb5100f1": {"runs": 71, "balls": 121, "wickets": 0}, "1bb0993e": {"runs": 29, "balls": 54, "wickets": 0}, "9d1d34bd": {"runs": 51, "balls": 63, "wickets": 0}, "c58b0108": {"runs": 80, "balls": 95, "wickets": 1}, "bf1d7d3e": {"runs": 18, "balls": 8, "wickets": 0}, "3f5f39cd": {"runs": 8, "balls": 9, "wickets": 1}, "94238673": {"runs": 10, "balls": 8, "wickets": 1}, "68c56d09": {"runs": 42, "balls": 114, "wickets": 2}, "fbd4f01f": {"runs": 118, "balls": 207, "wickets": 2}, "e86754b2": {"runs": 15, "balls": 8, "wickets": 1}, "f752db61": {"runs": 8, "balls": 4, "wickets": 0}, "e94915e6": {"runs": 22, "balls": 16, "wickets": 0}, "b4f5c2d9": {"runs": 12, "balls": 6, "wickets": 0}, "5b7ab5a9": {"runs": 16, "balls": 19, "wickets": 1}, "ac5ae4af": {"runs": 8, "balls": 4, "wickets": 0}, "caf69bf7": {"runs": 3, "balls": 5, "wickets": 0}, "eaa76d3c": {"runs": 10, "balls": 22, "wickets": 0}, "2cdce1be": {"runs": 11, "balls": 11, "wickets": 1}, "0a8fce53": {"runs": 19, "balls": 14, "wickets": 1}, "d3611425": {"runs": 30, "balls": 17, "wickets": 1}, "4c5d73db": {"runs": 8, "balls": 2, "wickets": 0}, "2ed569a0": {"runs": 2, "balls": 5, "wickets": 2}, "5d2eea49": {"runs": 22, "balls": 13, "wickets": 0}, "da934ee8": {"runs": 4, "balls": 3, "wickets": 0}, "a24be938": {"runs": 7, "balls": 2, "wickets": 0}, "be869ccf": {"runs": 12, "balls": 10, "wickets": 0}, "f9e6e7ef": {"runs": 24, "balls": 16, "wickets": 0}, "7e83cef2": {"runs": 0, "balls": 1, "wickets": 1}, "f4ef0fd7": {"runs": 2, "balls": 3, "wickets": 0}, "0ff9728b": {"runs": 6, "balls": 4, "wickets": 0}, "31ee319e": {"runs": 10, "balls": 9, "wickets": 0}, "a63563c0": {"runs": 8, "balls": 7, "wickets": 0}, "f8c7484e": {"runs": 2, "balls": 4, "wickets": 0}, "fa73f373": {"runs": 4, "balls": 8, "wickets": 0}, "0d64d81c": {"runs": 2, "balls": 3, "wickets": 1}, "ba86aae4": {"runs": 4, "balls": 4, "wickets": 0}, "4312e8f9": {"runs": 5, "balls": 2, "wickets": 0}, "8f607eea": {"runs": 3, "balls": 7, "wickets": 1}, "2cffab74": {"runs": 9, "balls": 6, "wickets": 1}, "74a1c1e3": {"runs": 38, "balls": 52, "wickets": 0}, "ba5e1069": {"runs": 15, "balls": 21, "wickets": 0}, "eade4650": {"runs": 9, "balls": 21, "wickets": 0}, "81c36ee9": {"runs": 29, "balls": 47, "wickets": 2}, "c96f6ac5": {"runs": 6, "balls": 12, "wickets": 0}, "a8e56914": {"runs": 20, "balls": 21, "wickets": 0}, "2f28dc94": {"runs": 17, "balls": 37, "wickets": 0}, "5eef2118": {"runs": 22, "balls": 21, "wickets": 0}, "4751caa3": {"runs": 5, "balls": 7, "wickets": 0}, "b54b66b3": {"runs": 15, "balls": 22, "wickets": 1}, "7f048519": {"runs": 11, "balls": 7, "wickets": 0}, "0a67aec0": {"runs": 2, "balls": 2, "wickets": 0}, "a97c8ec2": {"runs": 1, "balls": 4, "wickets": 1}, "765a4731": {"runs": 9, "balls": 9, "wickets": 1}, "e2db2409": {"runs": 17, "balls": 8, "wickets": 1}, "245c97cb": {"runs": 13, "balls": 7, "wickets": 0}, "f24c6701": {"runs": 8, "balls": 8, "wickets": 1}, "e4a0deae": {"runs": 6, "balls": 6, "wickets": 0}, "327b58d3": {"runs": 6, "balls": 4, "wickets": 1}, "2e78f685": {"runs": 2, "balls": 3, "wickets": 0}, "81c08fa3": {"runs": 0, "balls": 0, "wickets": 0}, "f19ccfad": {"runs": 1, "balls": 3, "wickets": 1}, "73c18486": {"runs": 2, "balls": 2, "wickets": 0}, "244048f6": {"runs": 9, "balls": 6, "wickets": 0}, "c05edf8e": {"runs": 7, "balls": 5, "wickets": 0}, "9eb1455b": {"runs": 2, "balls": 4, "wickets": 0}, "44aac2f0": {"runs": 2, "balls": 4, "wickets": 0}, "4933f499": {"runs": 29, "balls": 15, "wickets": 0}, "64775749": {"runs": 16, "balls": 10, "wickets": 1}, "0c9652b0": {"runs": 3, "balls": 3, "wickets": 0}, "77b1aa15": {"runs": 33, "balls": 25, "wickets": 2}, "7c3b3b78": {"runs": 10, "balls": 4, "wickets": 0}, "ffe699c0": {"runs": 3, "balls": 4, "wickets": 0}, "4bd09374": {"runs": 19, "balls": 8, "wickets": 1}, "f6d8a7ab": {"runs": 31, "balls": 24, "wickets": 0}, "12314277": {"runs": 12, "balls": 7, "wickets": 0}, "de33074a": {"runs": 3, "balls": 6, "wickets": 1}, "9440ef41": {"runs": 3, "balls": 6, "wickets": 0}, "3b63b5cc": {"runs": 14, "balls": 6, "wickets": 0}, "a7e1f127": {"runs": 3, "balls": 3, "wickets": 0}, "107c26fb": {"runs": 2, "balls": 5, "wickets": 0}, "8f6dd463": {"runs": 6, "balls": 8, "wickets": 1}, "fcc21ace": {"runs": 0, "balls": 2, "wickets": 1}}, "fifties": 6, "thirties": 48, "centuries": 0, "maidens": 0.0, "hattricks": 0, "club_ODI_previous3_runs": [], "club_ODI_previous3_wickets": [], "club_ODI_previous3_balls played": [], "club_ODI_previous3_overs": [], "club_ODI_previous3_runs gave": [], "club_ODI_lifetime_runs": 0.0, "club_ODI_lifetime_wickets": 0.0, "club_ODI_lifetime_balls played": 0.0, "club_ODI_lifetime_overs": 0.0, "club_ODI_lifetime_runs gave": 0.0, "club_Test_previous3_runs": [], "club_Test_previous3_wickets": [], "club_Test_previous3_balls played": [], "club_Test_previous3_overs": [], "club_Test_previous3_runs gave": [], "club_Test_lifetime_runs": 0.0, "club_Test_lifetime_wickets": 0.0, "club_Test_lifetime_balls played": 0.0, "club_Test_lifetime_overs": 0.0, "club_Test_lifetime_runs gave": 0.0, "club_T20_previous3_runs": [11.0, 16.0, 5.0], "club_T20_previous3_wickets": [0.0, 0.0, 0.0], "club_T20_previous3_balls played": [13.0, 17.0, 6.0], "club_T20_previous3_overs": [0.0, 0.0, 0.0], "club_T20_previous3_runs gave": [0.0, 0.0, 0.0], "club_T20_lifetime_runs": 3473.0, "club_T20_lifetime_wickets": 0.0, "club_T20_lifetime_balls played": 2616.0, "club_T20_lifetime_overs": 0.0, "club_T20_lifetime_runs gave": 0.0, "international_ODI_previous3_runs": [1.0, 22.0, 28.0], "international_ODI_previous3_wickets": [0.0, 0.0, 0.0], "international_ODI_previous3_balls played": [3.0, 18.0, 26.0], "international_ODI_previous3_overs": [0.0, 0.0, 1.0], "international_ODI_previous3_runs gave": [0.0, 0.0, 10.0], "international_ODI_lifetime_runs": 86.0, "international_ODI_lifetime_wickets": 0.0, "international_ODI_lifetime_balls played": 83.0, "international_ODI_lifetime_overs": 1.0, "international_ODI_lifetime_runs gave": 10.0, "international_Test_previous3_runs": [22.0, 33.0, 26.0], "international_Test_previous3_wickets": [0.0, 0.0, 0.0], "international_Test_previous3_balls played": [47.0, 47.0, 40.0], "international_Test_previous3_overs": [0.0, 0.0, 0.0], "international_Test_previous3_runs gave": [0.0, 0.0, 0.0], "international_Test_lifetime_runs": 1488.0, "international_Test_lifetime_wickets": 0.0, "international_Test_lifetime_balls played": 2765.0, "international_Test_lifetime_overs": 0.0, "international_Test_lifetime_runs gave": 0.0, "international_T20_previous3_runs": [], "international_T20_previous3_wickets": [], "international_T20_previous3_balls played": [], "international_T20_previous3_overs": [], "international_T20_previous3_runs gave": [], "international_T20_lifetime_runs": 0.0, "international_T20_lifetime_wickets": 0.0, "international_T20_lifetime_balls played": 0.0, "international_T20_lifetime_overs": 0.0, "international_T20_lifetime_runs gave": 0.0}