{"played_against": {"d12143bf": {"runs": 11, "balls": 7, "wickets": 0}, "25020f9d": {"runs": 13, "balls": 43, "wickets": 1}, "c16d2e28": {"runs": 7, "balls": 13, "wickets": 0}, "f011dfa3": {"runs": 3, "balls": 7, "wickets": 0}, "818e8bf2": {"runs": 18, "balls": 16, "wickets": 0}, "a386e91b": {"runs": 1, "balls": 2, "wickets": 1}, "ee7d0c82": {"runs": 15, "balls": 45, "wickets": 1}, "953e3931": {"runs": 13, "balls": 10, "wickets": 0}, "4c61a0f9": {"runs": 0, "balls": 1, "wickets": 0}, "4f629497": {"runs": 9, "balls": 20, "wickets": 0}, "43936951": {"runs": 5, "balls": 3, "wickets": 0}, "3eac9d95": {"runs": 14, "balls": 31, "wickets": 0}, "525c3f54": {"runs": 12, "balls": 13, "wickets": 0}, "582e9baa": {"runs": 17, "balls": 10, "wickets": 0}, "57efa3be": {"runs": 7, "balls": 9, "wickets": 0}, "99639abf": {"runs": 17, "balls": 18, "wickets": 0}, "331bd689": {"runs": 10, "balls": 27, "wickets": 0}, "2c13defe": {"runs": 10, "balls": 11, "wickets": 0}, "5680f1ad": {"runs": 15, "balls": 22, "wickets": 2}, "27cc4361": {"runs": 1, "balls": 1, "wickets": 0}, "f1cb042f": {"runs": 13, "balls": 22, "wickets": 0}, "5af87ad6": {"runs": 6, "balls": 12, "wickets": 0}, "b16b5eea": {"runs": 7, "balls": 18, "wickets": 0}, "61dab16a": {"runs": 8, "balls": 9, "wickets": 0}, "60beb01b": {"runs": 2, "balls": 5, "wickets": 1}, "88fccd6c": {"runs": 0, "balls": 6, "wickets": 0}, "20a941bb": {"runs": 0, "balls": 0, "wickets": 0}, "9b75e4f1": {"runs": 7, "balls": 11, "wickets": 0}, "86dc8f2e": {"runs": 7, "balls": 10, "wickets": 1}, "dd09ff8e": {"runs": 12, "balls": 21, "wickets": 1}, "64c34cd0": {"runs": 4, "balls": 10, "wickets": 0}, "9ab63e7b": {"runs": 3, "balls": 4, "wickets": 0}, "33f28243": {"runs": 4, "balls": 7, "wickets": 1}, "45477249": {"runs": 20, "balls": 26, "wickets": 0}, "00d69fa4": {"runs": 7, "balls": 12, "wickets": 0}, "b15eaf77": {"runs": 3, "balls": 4, "wickets": 0}, "556302a7": {"runs": 12, "balls": 23, "wickets": 0}, "7fe5deb8": {"runs": 2, "balls": 3, "wickets": 0}, "67af6f81": {"runs": 13, "balls": 20, "wickets": 0}, "37f501d7": {"runs": 4, "balls": 6, "wickets": 1}, "5ac8f17b": {"runs": 10, "balls": 17, "wickets": 0}, "a4af4849": {"runs": 2, "balls": 22, "wickets": 1}, "bd77eb62": {"runs": 8, "balls": 25, "wickets": 0}, "74234d66": {"runs": 4, "balls": 15, "wickets": 0}, "8d0ea930": {"runs": 1, "balls": 7, "wickets": 0}, "60dac349": {"runs": 24, "balls": 51, "wickets": 0}, "bb18be76": {"runs": 15, "balls": 35, "wickets": 1}, "53fe6ee4": {"runs": 6, "balls": 6, "wickets": 0}}, "fifties": 0, "thirties": 6, "centuries": 0, "maidens": 0.0, "hattricks": 0, "club_ODI_previous3_runs": [], "club_ODI_previous3_wickets": [], "club_ODI_previous3_balls played": [], "club_ODI_previous3_overs": [], "club_ODI_previous3_runs gave": [], "club_ODI_lifetime_runs": 0.0, "club_ODI_lifetime_wickets": 0.0, "club_ODI_lifetime_balls played": 0.0, "club_ODI_lifetime_overs": 0.0, "club_ODI_lifetime_runs gave": 0.0, "club_Test_previous3_runs": [], "club_Test_previous3_wickets": [], "club_Test_previous3_balls played": [], "club_Test_previous3_overs": [], "club_Test_previous3_runs gave": [], "club_Test_lifetime_runs": 0.0, "club_Test_lifetime_wickets": 0.0, "club_Test_lifetime_balls played": 0.0, "club_Test_lifetime_overs": 0.0, "club_Test_lifetime_runs gave": 0.0, "club_T20_previous3_runs": [], "club_T20_previous3_wickets": [], "club_T20_previous3_balls played": [], "club_T20_previous3_overs": [], "club_T20_previous3_runs gave": [], "club_T20_lifetime_runs": 0.0, "club_T20_lifetime_wickets": 0.0, "club_T20_lifetime_balls played": 0.0, "club_T20_lifetime_overs": 0.0, "club_T20_lifetime_runs gave": 0.0, "international_ODI_previous3_runs": [11.0, 43.0, 31.0], "international_ODI_previous3_wickets": [0.0, 0.0, 0.0], "international_ODI_previous3_balls played": [21.0, 56.0, 52.0], "international_ODI_previous3_overs": [0.0, 0.0, 0.0], "international_ODI_previous3_runs gave": [0.0, 0.0, 0.0], "international_ODI_lifetime_runs": 332.0, "international_ODI_lifetime_wickets": 0.0, "international_ODI_lifetime_balls played": 542.0, "international_ODI_lifetime_overs": 0.0, "international_ODI_lifetime_runs gave": 0.0, "international_Test_previous3_runs": [12.0, 58.0], "international_Test_previous3_wickets": [0.0, 0.0], "international_Test_previous3_balls played": [39.0, 139.0], "international_Test_previous3_overs": [0.0, 0.0], "international_Test_previous3_runs gave": [0.0, 0.0], "international_Test_lifetime_runs": 70.0, "international_Test_lifetime_wickets": 0.0, "international_Test_lifetime_balls played": 178.0, "international_Test_lifetime_overs": 0.0, "international_Test_lifetime_runs gave": 0.0, "international_T20_previous3_runs": [], "international_T20_previous3_wickets": [], "international_T20_previous3_balls played": [], "international_T20_previous3_overs": [], "international_T20_previous3_runs gave": [], "international_T20_lifetime_runs": 0.0, "international_T20_lifetime_wickets": 0.0, "international_T20_lifetime_balls played": 0.0, "international_T20_lifetime_overs": 0.0, "international_T20_lifetime_runs gave": 0.0}