{"played_against": {"8a452195": {"runs": 1, "balls": 3, "wickets": 1}, "ab6573dc": {"runs": 0, "balls": 4, "wickets": 0}, "d8f20ba5": {"runs": 7, "balls": 8, "wickets": 0}, "00823a96": {"runs": 8, "balls": 13, "wickets": 0}, "7ce7fb3c": {"runs": 4, "balls": 11, "wickets": 0}, "11ff23e3": {"runs": 8, "balls": 13, "wickets": 1}, "db362015": {"runs": 5, "balls": 13, "wickets": 0}, "9b3bcca4": {"runs": 6, "balls": 9, "wickets": 0}, "5f86ce69": {"runs": 9, "balls": 5, "wickets": 0}, "c296dba1": {"runs": 3, "balls": 4, "wickets": 0}}, "fifties": 0, "thirties": 0, "centuries": 0, "maidens": 1.0, "hattricks": 0, "club_ODI_previous3_runs": [27.0, 23.0], "club_ODI_previous3_wickets": [0.0, 0.0], "club_ODI_previous3_balls played": [47.0, 31.0], "club_ODI_previous3_overs": [8.0, 4.0], "club_ODI_previous3_runs gave": [26.0, 16.0], "club_ODI_lifetime_runs": 50.0, "club_ODI_lifetime_wickets": 0.0, "club_ODI_lifetime_balls played": 78.0, "club_ODI_lifetime_overs": 12.0, "club_ODI_lifetime_runs gave": 42.0, "club_Test_previous3_runs": [], "club_Test_previous3_wickets": [], "club_Test_previous3_balls played": [], "club_Test_previous3_overs": [], "club_Test_previous3_runs gave": [], "club_Test_lifetime_runs": 0.0, "club_Test_lifetime_wickets": 0.0, "club_Test_lifetime_balls played": 0.0, "club_Test_lifetime_overs": 0.0, "club_Test_lifetime_runs gave": 0.0, "club_T20_previous3_runs": [1.0], "club_T20_previous3_wickets": [0.0], "club_T20_previous3_balls played": [7.0], "club_T20_previous3_overs": [2.0], "club_T20_previous3_runs gave": [11.0], "club_T20_lifetime_runs": 1.0, "club_T20_lifetime_wickets": 0.0, "club_T20_lifetime_balls played": 7.0, "club_T20_lifetime_overs": 2.0, "club_T20_lifetime_runs gave": 11.0, "international_ODI_previous3_runs": [], "international_ODI_previous3_wickets": [], "international_ODI_previous3_balls played": [], "international_ODI_previous3_overs": [], "international_ODI_previous3_runs gave": [], "international_ODI_lifetime_runs": 0.0, "international_ODI_lifetime_wickets": 0.0, "international_ODI_lifetime_balls played": 0.0, "international_ODI_lifetime_overs": 0.0, "international_ODI_lifetime_runs gave": 0.0, "international_Test_previous3_runs": [], "international_Test_previous3_wickets": [], "international_Test_previous3_balls played": [], "international_Test_previous3_overs": [], "international_Test_previous3_runs gave": [], "international_Test_lifetime_runs": 0.0, "international_Test_lifetime_wickets": 0.0, "international_Test_lifetime_balls played": 0.0, "international_Test_lifetime_overs": 0.0, "international_Test_lifetime_runs gave": 0.0, "international_T20_previous3_runs": [], "international_T20_previous3_wickets": [], "international_T20_previous3_balls played": [], "international_T20_previous3_overs": [], "international_T20_previous3_runs gave": [], "international_T20_lifetime_runs": 0.0, "international_T20_lifetime_wickets": 0.0, "international_T20_lifetime_balls played": 0.0, "international_T20_lifetime_overs": 0.0, "international_T20_lifetime_runs gave": 0.0}