{"played_against": {"0cf7e80f": {"runs": 0, "balls": 1, "wickets": 0}, "242f4ef1": {"runs": 0, "balls": 2, "wickets": 0}, "b591215f": {"runs": 2, "balls": 6, "wickets": 1}, "5a127bba": {"runs": 0, "balls": 1, "wickets": 0}, "f8f4f6ed": {"runs": 0, "balls": 1, "wickets": 0}, "638a14dc": {"runs": 11, "balls": 6, "wickets": 0}, "a89c270b": {"runs": 11, "balls": 4, "wickets": 0}, "72275237": {"runs": 6, "balls": 4, "wickets": 0}, "2b9c8de3": {"runs": 10, "balls": 4, "wickets": 0}, "f0a45427": {"runs": 1, "balls": 3, "wickets": 0}, "ea0e8ea2": {"runs": 6, "balls": 8, "wickets": 0}, "a968d39b": {"runs": 1, "balls": 2, "wickets": 0}, "f681481e": {"runs": 4, "balls": 1, "wickets": 0}, "e969e580": {"runs": 0, "balls": 1, "wickets": 1}, "b6a85ead": {"runs": 9, "balls": 6, "wickets": 0}, "d17b73f7": {"runs": 10, "balls": 5, "wickets": 1}}, "fifties": 0, "thirties": 1, "centuries": 0, "maidens": 0.0, "hattricks": 0, "club_ODI_previous3_runs": [], "club_ODI_previous3_wickets": [], "club_ODI_previous3_balls played": [], "club_ODI_previous3_overs": [], "club_ODI_previous3_runs gave": [], "club_ODI_lifetime_runs": 0.0, "club_ODI_lifetime_wickets": 0.0, "club_ODI_lifetime_balls played": 0.0, "club_ODI_lifetime_overs": 0.0, "club_ODI_lifetime_runs gave": 0.0, "club_Test_previous3_runs": [], "club_Test_previous3_wickets": [], "club_Test_previous3_balls played": [], "club_Test_previous3_overs": [], "club_Test_previous3_runs gave": [], "club_Test_lifetime_runs": 0.0, "club_Test_lifetime_wickets": 0.0, "club_Test_lifetime_balls played": 0.0, "club_Test_lifetime_overs": 0.0, "club_Test_lifetime_runs gave": 0.0, "club_T20_previous3_runs": [], "club_T20_previous3_wickets": [], "club_T20_previous3_balls played": [], "club_T20_previous3_overs": [], "club_T20_previous3_runs gave": [], "club_T20_lifetime_runs": 0.0, "club_T20_lifetime_wickets": 0.0, "club_T20_lifetime_balls played": 0.0, "club_T20_lifetime_overs": 0.0, "club_T20_lifetime_runs gave": 0.0, "international_ODI_previous3_runs": [], "international_ODI_previous3_wickets": [], "international_ODI_previous3_balls played": [], "international_ODI_previous3_overs": [], "international_ODI_previous3_runs gave": [], "international_ODI_lifetime_runs": 0.0, "international_ODI_lifetime_wickets": 0.0, "international_ODI_lifetime_balls played": 0.0, "international_ODI_lifetime_overs": 0.0, "international_ODI_lifetime_runs gave": 0.0, "international_Test_previous3_runs": [], "international_Test_previous3_wickets": [], "international_Test_previous3_balls played": [], "international_Test_previous3_overs": [], "international_Test_previous3_runs gave": [], "international_Test_lifetime_runs": 0.0, "international_Test_lifetime_wickets": 0.0, "international_Test_lifetime_balls played": 0.0, "international_Test_lifetime_overs": 0.0, "international_Test_lifetime_runs gave": 0.0, "international_T20_previous3_runs": [0.0, 12.0, 10.0], "international_T20_previous3_wickets": [0.0, 0.0, 0.0], "international_T20_previous3_balls played": [3.0, 11.0, 5.0], "international_T20_previous3_overs": [0.0, 0.0, 0.0], "international_T20_previous3_runs gave": [0.0, 0.0, 0.0], "international_T20_lifetime_runs": 71.0, "international_T20_lifetime_wickets": 0.0, "international_T20_lifetime_balls played": 55.0, "international_T20_lifetime_overs": 0.0, "international_T20_lifetime_runs gave": 0.0}