{"played_against": {"681af475": {"runs": 16, "balls": 16, "wickets": 0}, "3748955d": {"runs": 4, "balls": 3, "wickets": 1}, "12c3ba4d": {"runs": 26, "balls": 43, "wickets": 2}, "47f6e4a5": {"runs": 4, "balls": 11, "wickets": 1}, "2d8aae2f": {"runs": 13, "balls": 19, "wickets": 0}, "26534b48": {"runs": 7, "balls": 11, "wickets": 0}, "7572bf45": {"runs": 3, "balls": 4, "wickets": 0}, "18eaf2fa": {"runs": 1, "balls": 1, "wickets": 0}, "5f5ca1a7": {"runs": 4, "balls": 4, "wickets": 0}, "1f1f93b5": {"runs": 0, "balls": 2, "wickets": 1}, "99cddc5e": {"runs": 0, "balls": 4, "wickets": 1}, "cf494ffe": {"runs": 1, "balls": 1, "wickets": 0}, "0e0afd8b": {"runs": 7, "balls": 5, "wickets": 0}, "4cfc2dc0": {"runs": 29, "balls": 26, "wickets": 0}, "e1592949": {"runs": 35, "balls": 25, "wickets": 1}, "1adb8ee8": {"runs": 18, "balls": 41, "wickets": 0}, "61340099": {"runs": 1, "balls": 4, "wickets": 0}, "48f25627": {"runs": 18, "balls": 27, "wickets": 1}, "edf3773b": {"runs": 12, "balls": 17, "wickets": 1}, "1f3e6df4": {"runs": 10, "balls": 9, "wickets": 0}, "b56f5b6f": {"runs": 5, "balls": 8, "wickets": 0}, "1676b2d6": {"runs": 8, "balls": 12, "wickets": 0}, "e6ddab51": {"runs": 9, "balls": 9, "wickets": 0}, "fb4c5ea5": {"runs": 8, "balls": 9, "wickets": 0}, "cf9ae594": {"runs": 14, "balls": 29, "wickets": 0}, "363fe2d5": {"runs": 12, "balls": 14, "wickets": 0}, "95fcbfb7": {"runs": 4, "balls": 11, "wickets": 0}, "59cc6b79": {"runs": 16, "balls": 15, "wickets": 0}, "ea9a0642": {"runs": 8, "balls": 9, "wickets": 1}, "a96938ba": {"runs": 1, "balls": 3, "wickets": 0}, "01d5f279": {"runs": 12, "balls": 10, "wickets": 0}, "7f6c2dae": {"runs": 21, "balls": 28, "wickets": 1}, "f1eb3c73": {"runs": 10, "balls": 6, "wickets": 0}, "edc2a9c6": {"runs": 8, "balls": 6, "wickets": 1}, "98d05440": {"runs": 17, "balls": 10, "wickets": 0}, "f53b3e1d": {"runs": 5, "balls": 14, "wickets": 0}, "bb134e5c": {"runs": 8, "balls": 7, "wickets": 0}, "9ff7f691": {"runs": 0, "balls": 3, "wickets": 0}, "e16e7347": {"runs": 4, "balls": 8, "wickets": 0}, "540ffb25": {"runs": 10, "balls": 9, "wickets": 0}, "49118dc7": {"runs": 55, "balls": 42, "wickets": 1}, "7bf34437": {"runs": 6, "balls": 9, "wickets": 1}, "ed97af2b": {"runs": 18, "balls": 14, "wickets": 0}, "37312a74": {"runs": 4, "balls": 4, "wickets": 1}, "8a79613a": {"runs": 7, "balls": 5, "wickets": 0}, "cbabd6ad": {"runs": 13, "balls": 12, "wickets": 1}, "795df06c": {"runs": 2, "balls": 4, "wickets": 0}, "13598ebc": {"runs": 5, "balls": 16, "wickets": 0}, "44c69e2b": {"runs": 1, "balls": 1, "wickets": 0}, "baf0fc26": {"runs": 0, "balls": 3, "wickets": 0}, "dcdb87f2": {"runs": 2, "balls": 6, "wickets": 0}, "c5d7b244": {"runs": 1, "balls": 1, "wickets": 0}, "b858be20": {"runs": 6, "balls": 7, "wickets": 0}, "34464143": {"runs": 18, "balls": 22, "wickets": 1}, "934b36a6": {"runs": 14, "balls": 21, "wickets": 0}, "b3b39bed": {"runs": 0, "balls": 2, "wickets": 0}, "f104c434": {"runs": 10, "balls": 18, "wickets": 0}, "d1b5efdf": {"runs": 0, "balls": 4, "wickets": 0}, "78bbeba1": {"runs": 8, "balls": 15, "wickets": 0}, "78fcc740": {"runs": 4, "balls": 8, "wickets": 1}, "adc96559": {"runs": 7, "balls": 9, "wickets": 1}, "ff722bc8": {"runs": 26, "balls": 39, "wickets": 0}, "ae624b05": {"runs": 21, "balls": 27, "wickets": 0}, "0f652c21": {"runs": 13, "balls": 13, "wickets": 0}, "bceb1b07": {"runs": 12, "balls": 15, "wickets": 0}, "f5853cef": {"runs": 19, "balls": 22, "wickets": 0}, "af19aa66": {"runs": 1, "balls": 6, "wickets": 0}, "49f6d023": {"runs": 2, "balls": 3, "wickets": 1}, "bf385668": {"runs": 4, "balls": 19, "wickets": 1}, "2c6052a6": {"runs": 15, "balls": 13, "wickets": 0}, "1b4acb7b": {"runs": 1, "balls": 5, "wickets": 0}, "6b46ce43": {"runs": 1, "balls": 8, "wickets": 0}, "42bf1b7d": {"runs": 1, "balls": 5, "wickets": 1}, "753b5a2d": {"runs": 13, "balls": 10, "wickets": 0}, "eb4f9c61": {"runs": 35, "balls": 34, "wickets": 3}, "ba3b4b09": {"runs": 9, "balls": 11, "wickets": 0}, "ba57fb08": {"runs": 50, "balls": 55, "wickets": 4}, "995aedfe": {"runs": 1, "balls": 2, "wickets": 0}, "780d1997": {"runs": 13, "balls": 15, "wickets": 0}, "6d5983d4": {"runs": 15, "balls": 13, "wickets": 0}, "895faea3": {"runs": 3, "balls": 5, "wickets": 0}, "b7db83eb": {"runs": 6, "balls": 4, "wickets": 1}, "3a82673c": {"runs": 2, "balls": 4, "wickets": 0}, "2dcac6ff": {"runs": 7, "balls": 4, "wickets": 0}, "8088632c": {"runs": 27, "balls": 23, "wickets": 3}, "16f4cc7e": {"runs": 0, "balls": 2, "wickets": 1}, "c8a3f688": {"runs": 7, "balls": 15, "wickets": 1}, "b0eaaac6": {"runs": 9, "balls": 9, "wickets": 0}, "008a024c": {"runs": 7, "balls": 9, "wickets": 1}, "08df0bd3": {"runs": 3, "balls": 5, "wickets": 1}, "017faef2": {"runs": 2, "balls": 4, "wickets": 0}, "f7b2cbe8": {"runs": 2, "balls": 2, "wickets": 0}, "e85d03d6": {"runs": 10, "balls": 12, "wickets": 0}, "1688f2dc": {"runs": 7, "balls": 5, "wickets": 1}, "3c87f0c3": {"runs": 33, "balls": 37, "wickets": 1}, "95a5e066": {"runs": 6, "balls": 15, "wickets": 1}, "c57fa67e": {"runs": 1, "balls": 2, "wickets": 1}, "c6614fc0": {"runs": 7, "balls": 6, "wickets": 0}, "5fe3709e": {"runs": 11, "balls": 15, "wickets": 0}, "c26cd57a": {"runs": 17, "balls": 21, "wickets": 1}, "ff6a7ab5": {"runs": 4, "balls": 9, "wickets": 0}, "f468293b": {"runs": 13, "balls": 20, "wickets": 0}, "f6c2659d": {"runs": 5, "balls": 5, "wickets": 1}, "d3851cd8": {"runs": 1, "balls": 2, "wickets": 0}, "0730a707": {"runs": 8, "balls": 9, "wickets": 1}, "053f3ce3": {"runs": 1, "balls": 3, "wickets": 0}, "c042b412": {"runs": 0, "balls": 1, "wickets": 1}, "00321fff": {"runs": 4, "balls": 3, "wickets": 0}, "60ef3ddb": {"runs": 18, "balls": 11, "wickets": 0}, "91056862": {"runs": 72, "balls": 48, "wickets": 2}, "34e36b65": {"runs": 40, "balls": 27, "wickets": 0}, "c06c25fd": {"runs": 27, "balls": 19, "wickets": 1}, "0848ac5f": {"runs": 25, "balls": 20, "wickets": 1}, "29ee9bf9": {"runs": 14, "balls": 8, "wickets": 0}, "ffb3b559": {"runs": 15, "balls": 9, "wickets": 0}, "9238dd92": {"runs": 16, "balls": 13, "wickets": 1}, "d7e51f87": {"runs": 16, "balls": 12, "wickets": 1}, "2af28253": {"runs": 30, "balls": 16, "wickets": 1}, "c07a1f41": {"runs": 1, "balls": 5, "wickets": 1}, "e73f6c4b": {"runs": 4, "balls": 4, "wickets": 0}, "9ccb6e52": {"runs": 42, "balls": 14, "wickets": 0}, "1f3b9f8d": {"runs": 22, "balls": 22, "wickets": 0}, "059ec7a5": {"runs": 25, "balls": 15, "wickets": 0}, "18ae55e4": {"runs": 1, "balls": 1, "wickets": 0}, "39fd9295": {"runs": 5, "balls": 2, "wickets": 0}, "a96b36af": {"runs": 0, "balls": 1, "wickets": 0}, "bfc7799f": {"runs": 15, "balls": 11, "wickets": 1}, "3ac13a94": {"runs": 25, "balls": 15, "wickets": 0}, "e9173fb0": {"runs": 1, "balls": 4, "wickets": 0}, "3df8f9d5": {"runs": 9, "balls": 7, "wickets": 1}, "f99a219a": {"runs": 48, "balls": 24, "wickets": 1}, "bbab35a3": {"runs": 27, "balls": 25, "wickets": 3}, "d3eedb51": {"runs": 45, "balls": 22, "wickets": 1}, "f58295c2": {"runs": 17, "balls": 13, "wickets": 0}, "847b4bdd": {"runs": 2, "balls": 2, "wickets": 0}, "aa8d28ae": {"runs": 6, "balls": 3, "wickets": 1}, "4bc0a378": {"runs": 1, "balls": 4, "wickets": 0}, "6e3f5a5c": {"runs": 2, "balls": 7, "wickets": 0}, "449f4e3c": {"runs": 2, "balls": 4, "wickets": 0}, "26d041c4": {"runs": 3, "balls": 5, "wickets": 0}, "5bbabe59": {"runs": 3, "balls": 5, "wickets": 0}, "afe57f7a": {"runs": 5, "balls": 2, "wickets": 0}, "b08252b8": {"runs": 7, "balls": 2, "wickets": 0}, "2e392afa": {"runs": 1, "balls": 5, "wickets": 0}, "71fa64d6": {"runs": 1, "balls": 2, "wickets": 0}, "681f522f": {"runs": 6, "balls": 10, "wickets": 0}, "b9e07e44": {"runs": 2, "balls": 5, "wickets": 0}, "c156cc1f": {"runs": 8, "balls": 9, "wickets": 0}, "1c5c3dce": {"runs": 4, "balls": 6, "wickets": 0}, "a9d788e3": {"runs": 6, "balls": 3, "wickets": 0}, "6cedad99": {"runs": 28, "balls": 18, "wickets": 0}, "f4a0a615": {"runs": 14, "balls": 12, "wickets": 0}, "7fa6bd8e": {"runs": 14, "balls": 7, "wickets": 0}, "1ce4f664": {"runs": 20, "balls": 11, "wickets": 0}, "c391d077": {"runs": 3, "balls": 4, "wickets": 0}, "26c9b5be": {"runs": 28, "balls": 12, "wickets": 0}, "b38a9f73": {"runs": 4, "balls": 4, "wickets": 1}, "afe8ff08": {"runs": 1, "balls": 1, "wickets": 0}, "c74c583b": {"runs": 4, "balls": 4, "wickets": 0}, "537021f5": {"runs": 13, "balls": 12, "wickets": 0}, "4043e3b0": {"runs": 1, "balls": 3, "wickets": 0}, "e6bf8162": {"runs": 4, "balls": 5, "wickets": 0}, "20ab5aad": {"runs": 12, "balls": 10, "wickets": 1}, "75be3b2a": {"runs": 3, "balls": 5, "wickets": 0}, "4d1ec7eb": {"runs": 0, "balls": 3, "wickets": 0}, "4d7f517e": {"runs": 0, "balls": 2, "wickets": 0}}, "fifties": 0, "thirties": 21, "centuries": 0, "maidens": 5.0, "hattricks": 2, "club_ODI_previous3_runs": [], "club_ODI_previous3_wickets": [], "club_ODI_previous3_balls played": [], "club_ODI_previous3_overs": [], "club_ODI_previous3_runs gave": [], "club_ODI_lifetime_runs": 0.0, "club_ODI_lifetime_wickets": 0.0, "club_ODI_lifetime_balls played": 0.0, "club_ODI_lifetime_overs": 0.0, "club_ODI_lifetime_runs gave": 0.0, "club_Test_previous3_runs": [], "club_Test_previous3_wickets": [], "club_Test_previous3_balls played": [], "club_Test_previous3_overs": [], "club_Test_previous3_runs gave": [], "club_Test_lifetime_runs": 0.0, "club_Test_lifetime_wickets": 0.0, "club_Test_lifetime_balls played": 0.0, "club_Test_lifetime_overs": 0.0, "club_Test_lifetime_runs gave": 0.0, "club_T20_previous3_runs": [], "club_T20_previous3_wickets": [], "club_T20_previous3_balls played": [], "club_T20_previous3_overs": [], "club_T20_previous3_runs gave": [], "club_T20_lifetime_runs": 0.0, "club_T20_lifetime_wickets": 0.0, "club_T20_lifetime_balls played": 0.0, "club_T20_lifetime_overs": 0.0, "club_T20_lifetime_runs gave": 0.0, "international_ODI_previous3_runs": [0.0, 0.0, 43.0], "international_ODI_previous3_wickets": [0.0, 0.0, 1.0], "international_ODI_previous3_balls played": [11.0, 3.0, 68.0], "international_ODI_previous3_overs": [0.0, 0.0, 9.0], "international_ODI_previous3_runs gave": [0.0, 0.0, 62.0], "international_ODI_lifetime_runs": 663.0, "international_ODI_lifetime_wickets": 18.0, "international_ODI_lifetime_balls played": 917.0, "international_ODI_lifetime_overs": 95.5, "international_ODI_lifetime_runs gave": 431.0, "international_Test_previous3_runs": [], "international_Test_previous3_wickets": [], "international_Test_previous3_balls played": [], "international_Test_previous3_overs": [], "international_Test_previous3_runs gave": [], "international_Test_lifetime_runs": 0.0, "international_Test_lifetime_wickets": 0.0, "international_Test_lifetime_balls played": 0.0, "international_Test_lifetime_overs": 0.0, "international_Test_lifetime_runs gave": 0.0, "international_T20_previous3_runs": [25.0, 0.0, 0.0], "international_T20_previous3_wickets": [0.0, 0.0, 0.0], "international_T20_previous3_balls played": [27.0, 3.0, 2.0], "international_T20_previous3_overs": [0.0, 0.0, 0.0], "international_T20_previous3_runs gave": [0.0, 0.0, 0.0], "international_T20_lifetime_runs": 1130.0, "international_T20_lifetime_wickets": 4.0, "international_T20_lifetime_balls played": 939.0, "international_T20_lifetime_overs": 29.500000000000004, "international_T20_lifetime_runs gave": 214.0}