{"played_against": {"e737a5fe": {"runs": 0, "balls": 20, "wickets": 1}, "894b2d25": {"runs": 6, "balls": 20, "wickets": 1}, "e05b2a5b": {"runs": 0, "balls": 24, "wickets": 0}, "51e1ed69": {"runs": 1, "balls": 2, "wickets": 0}, "e087956b": {"runs": 2, "balls": 3, "wickets": 0}, "067bda18": {"runs": 4, "balls": 9, "wickets": 0}, "e142c599": {"runs": 4, "balls": 1, "wickets": 0}, "71440756": {"runs": 0, "balls": 3, "wickets": 0}, "4c0f3806": {"runs": 0, "balls": 6, "wickets": 0}, "b5781ac3": {"runs": 0, "balls": 6, "wickets": 1}, "c5f40e35": {"runs": 0, "balls": 1, "wickets": 0}, "37b12633": {"runs": 5, "balls": 6, "wickets": 1}, "9789e56e": {"runs": 6, "balls": 5, "wickets": 0}, "d99cc23a": {"runs": 1, "balls": 3, "wickets": 0}, "d48c0f40": {"runs": 4, "balls": 15, "wickets": 0}, "462d7c62": {"runs": 6, "balls": 12, "wickets": 0}, "0e0d43b4": {"runs": 5, "balls": 7, "wickets": 0}, "b3544c5d": {"runs": 6, "balls": 2, "wickets": 1}, "ad212f96": {"runs": 1, "balls": 4, "wickets": 0}, "6c6aca89": {"runs": 1, "balls": 5, "wickets": 1}, "fe5b4367": {"runs": 1, "balls": 16, "wickets": 1}, "2f28dc94": {"runs": 1, "balls": 7, "wickets": 0}, "3a3e7d82": {"runs": 7, "balls": 14, "wickets": 0}, "6e6fb538": {"runs": 5, "balls": 18, "wickets": 0}, "463ebce3": {"runs": 13, "balls": 21, "wickets": 0}, "27e60d6e": {"runs": 1, "balls": 10, "wickets": 0}, "269ff06e": {"runs": 12, "balls": 18, "wickets": 0}, "0f3ee070": {"runs": 0, "balls": 2, "wickets": 0}, "c96f6ac5": {"runs": 1, "balls": 4, "wickets": 0}, "6c908ffc": {"runs": 0, "balls": 3, "wickets": 0}, "ac3c3cab": {"runs": 4, "balls": 3, "wickets": 0}, "a5735bd3": {"runs": 4, "balls": 7, "wickets": 0}, "5426de63": {"runs": 5, "balls": 6, "wickets": 0}, "6ea2710f": {"runs": 11, "balls": 42, "wickets": 0}, "28217d89": {"runs": 7, "balls": 17, "wickets": 1}, "903560ed": {"runs": 12, "balls": 20, "wickets": 0}, "70b8fd28": {"runs": 0, "balls": 6, "wickets": 0}, "8f2dfebf": {"runs": 23, "balls": 37, "wickets": 0}, "a37b5c0a": {"runs": 3, "balls": 19, "wickets": 1}, "54c2b697": {"runs": 9, "balls": 4, "wickets": 0}, "fbdec8c0": {"runs": 4, "balls": 4, "wickets": 0}, "ed47cb25": {"runs": 4, "balls": 5, "wickets": 1}, "478a63e7": {"runs": 1, "balls": 3, "wickets": 0}, "ad46c747": {"runs": 3, "balls": 2, "wickets": 0}, "208f22ea": {"runs": 11, "balls": 10, "wickets": 1}, "78eb4223": {"runs": 3, "balls": 7, "wickets": 0}, "c672e80e": {"runs": 1, "balls": 4, "wickets": 0}, "70d57519": {"runs": 18, "balls": 25, "wickets": 0}, "4b685e2d": {"runs": 34, "balls": 12, "wickets": 1}, "1a2676c5": {"runs": 8, "balls": 5, "wickets": 0}, "219cc59e": {"runs": 4, "balls": 6, "wickets": 0}}, "fifties": 0, "thirties": 3, "centuries": 0, "maidens": 69.0, "hattricks": 8, "club_ODI_previous3_runs": [0.0, 5.0, 0.0], "club_ODI_previous3_wickets": [1.0, 3.0, 1.0], "club_ODI_previous3_balls played": [0.0, 8.0, 0.0], "club_ODI_previous3_overs": [6.0, 9.0, 7.0], "club_ODI_previous3_runs gave": [34.0, 62.0, 53.0], "club_ODI_lifetime_runs": 29.0, "club_ODI_lifetime_wickets": 12.0, "club_ODI_lifetime_balls played": 28.0, "club_ODI_lifetime_overs": 68.0, "club_ODI_lifetime_runs gave": 440.0, "club_Test_previous3_runs": [0.0, 75.0, 5.0], "club_Test_previous3_wickets": [2.0, 4.0, 0.0], "club_Test_previous3_balls played": [0.0, 64.0, 10.0], "club_Test_previous3_overs": [31.0, 34.166666666666664, 13.0], "club_Test_previous3_runs gave": [100.0, 136.0, 48.0], "club_Test_lifetime_runs": 233.0, "club_Test_lifetime_wickets": 41.0, "club_Test_lifetime_balls played": 486.0, "club_Test_lifetime_overs": 486.00000000000006, "club_Test_lifetime_runs gave": 1966.0, "club_T20_previous3_runs": [], "club_T20_previous3_wickets": [], "club_T20_previous3_balls played": [], "club_T20_previous3_overs": [], "club_T20_previous3_runs gave": [], "club_T20_lifetime_runs": 0.0, "club_T20_lifetime_wickets": 0.0, "club_T20_lifetime_balls played": 0.0, "club_T20_lifetime_overs": 0.0, "club_T20_lifetime_runs gave": 0.0, "international_ODI_previous3_runs": [], "international_ODI_previous3_wickets": [], "international_ODI_previous3_balls played": [], "international_ODI_previous3_overs": [], "international_ODI_previous3_runs gave": [], "international_ODI_lifetime_runs": 0.0, "international_ODI_lifetime_wickets": 0.0, "international_ODI_lifetime_balls played": 0.0, "international_ODI_lifetime_overs": 0.0, "international_ODI_lifetime_runs gave": 0.0, "international_Test_previous3_runs": [], "international_Test_previous3_wickets": [], "international_Test_previous3_balls played": [], "international_Test_previous3_overs": [], "international_Test_previous3_runs gave": [], "international_Test_lifetime_runs": 0.0, "international_Test_lifetime_wickets": 0.0, "international_Test_lifetime_balls played": 0.0, "international_Test_lifetime_overs": 0.0, "international_Test_lifetime_runs gave": 0.0, "international_T20_previous3_runs": [], "international_T20_previous3_wickets": [], "international_T20_previous3_balls played": [], "international_T20_previous3_overs": [], "international_T20_previous3_runs gave": [], "international_T20_lifetime_runs": 0.0, "international_T20_lifetime_wickets": 0.0, "international_T20_lifetime_balls played": 0.0, "international_T20_lifetime_overs": 0.0, "international_T20_lifetime_runs gave": 0.0}