{"played_against": {"f5f18a18": {"runs": 1, "balls": 1, "wickets": 0}, "a12e1d51": {"runs": 12, "balls": 9, "wickets": 0}, "342d8ade": {"runs": 12, "balls": 5, "wickets": 0}, "469ea22b": {"runs": 6, "balls": 10, "wickets": 0}, "0f12f9df": {"runs": 3, "balls": 4, "wickets": 1}, "3812d56b": {"runs": 3, "balls": 8, "wickets": 0}, "a72b14ff": {"runs": 7, "balls": 5, "wickets": 0}, "a73321d3": {"runs": 12, "balls": 30, "wickets": 2}, "a386e91b": {"runs": 4, "balls": 6, "wickets": 1}, "4c5d73db": {"runs": 5, "balls": 4, "wickets": 1}, "d12143bf": {"runs": 5, "balls": 12, "wickets": 2}, "ccdd8308": {"runs": 26, "balls": 38, "wickets": 2}, "888e32bf": {"runs": 7, "balls": 4, "wickets": 0}, "bf1d7d3e": {"runs": 5, "balls": 2, "wickets": 0}, "1a8eebbe": {"runs": 9, "balls": 3, "wickets": 0}, "2f28dc94": {"runs": 1, "balls": 1, "wickets": 0}, "9b79b9de": {"runs": 13, "balls": 3, "wickets": 0}, "5bb5a915": {"runs": 2, "balls": 12, "wickets": 1}, "26ff4c29": {"runs": 33, "balls": 33, "wickets": 1}, "cfe70281": {"runs": 12, "balls": 27, "wickets": 0}, "8fd1a8f5": {"runs": 11, "balls": 20, "wickets": 0}, "addfb70e": {"runs": 0, "balls": 1, "wickets": 0}, "dfc4d8b5": {"runs": 0, "balls": 2, "wickets": 0}, "3fe2db87": {"runs": 5, "balls": 3, "wickets": 0}, "e3882f9a": {"runs": 2, "balls": 4, "wickets": 0}, "c404f58a": {"runs": 2, "balls": 3, "wickets": 0}, "db584dad": {"runs": 0, "balls": 1, "wickets": 1}, "25d12bb4": {"runs": 0, "balls": 0, "wickets": 0}, "6042bf26": {"runs": 2, "balls": 3, "wickets": 1}, "903560ed": {"runs": 8, "balls": 2, "wickets": 0}, "b552a935": {"runs": 16, "balls": 13, "wickets": 0}, "f708a0bc": {"runs": 7, "balls": 2, "wickets": 0}, "ded9240e": {"runs": 0, "balls": 1, "wickets": 0}, "45c2196c": {"runs": 1, "balls": 1, "wickets": 0}, "f3171936": {"runs": 11, "balls": 8, "wickets": 1}, "b2a79f17": {"runs": 28, "balls": 12, "wickets": 1}, "6c6aca89": {"runs": 19, "balls": 22, "wickets": 0}, "025a092b": {"runs": 19, "balls": 8, "wickets": 0}, "cf494ffe": {"runs": 8, "balls": 4, "wickets": 0}, "687fb627": {"runs": 1, "balls": 6, "wickets": 2}, "c163432a": {"runs": 22, "balls": 42, "wickets": 0}, "b20f423b": {"runs": 43, "balls": 34, "wickets": 0}, "4c0f3806": {"runs": 4, "balls": 4, "wickets": 1}, "6c75310b": {"runs": 4, "balls": 32, "wickets": 1}, "dd17e4bc": {"runs": 25, "balls": 46, "wickets": 1}, "c6a9148d": {"runs": 6, "balls": 12, "wickets": 0}, "fea7a34c": {"runs": 25, "balls": 17, "wickets": 1}, "49b6c09f": {"runs": 29, "balls": 32, "wickets": 0}, "249d60c9": {"runs": 37, "balls": 40, "wickets": 2}, "5fcb6fb1": {"runs": 5, "balls": 2, "wickets": 0}, "58043739": {"runs": 56, "balls": 36, "wickets": 2}, "9dca07d7": {"runs": 22, "balls": 21, "wickets": 2}, "8bf61e65": {"runs": 5, "balls": 13, "wickets": 1}, "903c1d37": {"runs": 8, "balls": 6, "wickets": 0}, "0f3ee070": {"runs": 49, "balls": 20, "wickets": 0}, "8728a058": {"runs": 35, "balls": 49, "wickets": 1}, "ac7fa28f": {"runs": 13, "balls": 13, "wickets": 0}, "29b89ae8": {"runs": 22, "balls": 45, "wickets": 0}, "f5821615": {"runs": 23, "balls": 24, "wickets": 3}, "2223b920": {"runs": 30, "balls": 39, "wickets": 1}, "c4450a69": {"runs": 26, "balls": 15, "wickets": 0}, "a23fda4a": {"runs": 11, "balls": 3, "wickets": 0}, "0f21680d": {"runs": 6, "balls": 3, "wickets": 0}, "18899e2b": {"runs": 7, "balls": 3, "wickets": 0}, "3f659464": {"runs": 14, "balls": 11, "wickets": 0}, "85d8110a": {"runs": 15, "balls": 5, "wickets": 0}, "7f048519": {"runs": 35, "balls": 13, "wickets": 0}, "dddc811c": {"runs": 35, "balls": 34, "wickets": 3}, "bca21d18": {"runs": 5, "balls": 4, "wickets": 0}, "15101f12": {"runs": 1, "balls": 3, "wickets": 1}, "98eacfe5": {"runs": 3, "balls": 3, "wickets": 0}, "5b3acc53": {"runs": 1, "balls": 1, "wickets": 0}, "0c7f11be": {"runs": 0, "balls": 2, "wickets": 1}, "b21ed464": {"runs": 8, "balls": 10, "wickets": 2}, "18fac429": {"runs": 5, "balls": 9, "wickets": 2}, "3d0ed2f9": {"runs": 30, "balls": 13, "wickets": 0}, "de6c37a6": {"runs": 0, "balls": 1, "wickets": 0}, "e423d162": {"runs": 10, "balls": 5, "wickets": 0}, "dc670143": {"runs": 19, "balls": 25, "wickets": 1}, "c89474d1": {"runs": 18, "balls": 33, "wickets": 1}, "51a60c16": {"runs": 17, "balls": 5, "wickets": 0}, "f048bb41": {"runs": 1, "balls": 1, "wickets": 0}, "ddc0828d": {"runs": 2, "balls": 2, "wickets": 1}, "87e562a9": {"runs": 2, "balls": 3, "wickets": 0}, "bbd41817": {"runs": 2, "balls": 2, "wickets": 0}, "6c87f1df": {"runs": 10, "balls": 3, "wickets": 1}, "4933f499": {"runs": 10, "balls": 4, "wickets": 0}, "a2421394": {"runs": 19, "balls": 5, "wickets": 1}, "56ab442f": {"runs": 5, "balls": 5, "wickets": 0}, "3cf5ae43": {"runs": 4, "balls": 4, "wickets": 0}, "7c7d63a2": {"runs": 4, "balls": 4, "wickets": 2}, "06c2de82": {"runs": 20, "balls": 25, "wickets": 0}, "4c239537": {"runs": 20, "balls": 27, "wickets": 0}, "6f049d41": {"runs": 26, "balls": 23, "wickets": 0}, "f1ba9ed7": {"runs": 13, "balls": 33, "wickets": 1}, "b3544c5d": {"runs": 6, "balls": 18, "wickets": 0}, "e412cb64": {"runs": 3, "balls": 12, "wickets": 1}, "65b6943c": {"runs": 8, "balls": 5, "wickets": 0}, "0dc00542": {"runs": 3, "balls": 3, "wickets": 1}, "ab474682": {"runs": 0, "balls": 2, "wickets": 1}, "45966141": {"runs": 1, "balls": 1, "wickets": 0}, "b9877635": {"runs": 0, "balls": 1, "wickets": 1}, "7fa2ab1f": {"runs": 5, "balls": 4, "wickets": 0}, "94eac556": {"runs": 16, "balls": 7, "wickets": 0}, "9a963804": {"runs": 22, "balls": 18, "wickets": 0}, "8f2dfebf": {"runs": 37, "balls": 12, "wickets": 0}, "0e0d43b4": {"runs": 17, "balls": 13, "wickets": 1}, "c03c6200": {"runs": 4, "balls": 4, "wickets": 0}, "6355d428": {"runs": 1, "balls": 1, "wickets": 0}, "a7e8ff19": {"runs": 4, "balls": 7, "wickets": 0}, "151d88b3": {"runs": 7, "balls": 4, "wickets": 0}, "e0ac7144": {"runs": 21, "balls": 14, "wickets": 3}, "7d5e0b78": {"runs": 4, "balls": 2, "wickets": 0}, "e9987a94": {"runs": 28, "balls": 27, "wickets": 1}, "93e06301": {"runs": 27, "balls": 18, "wickets": 0}, "05d74535": {"runs": 0, "balls": 2, "wickets": 1}, "a510bdd3": {"runs": 1, "balls": 4, "wickets": 0}, "bb351c23": {"runs": 3, "balls": 4, "wickets": 0}, "1a88bdd3": {"runs": 25, "balls": 25, "wickets": 1}, "1957c6b7": {"runs": 33, "balls": 25, "wickets": 1}, "99cddc5e": {"runs": 34, "balls": 22, "wickets": 0}, "fdb8ed0d": {"runs": 1, "balls": 2, "wickets": 0}, "9679838c": {"runs": 0, "balls": 5, "wickets": 0}, "b82e3032": {"runs": 21, "balls": 5, "wickets": 0}, "b2fe023a": {"runs": 1, "balls": 2, "wickets": 0}, "42151725": {"runs": 10, "balls": 18, "wickets": 0}, "4a461c24": {"runs": 9, "balls": 14, "wickets": 0}, "bc773eeb": {"runs": 3, "balls": 13, "wickets": 0}, "f0a0204e": {"runs": 6, "balls": 14, "wickets": 2}, "ad962377": {"runs": 5, "balls": 3, "wickets": 0}, "2a0d5d4a": {"runs": 8, "balls": 20, "wickets": 2}, "7955eb15": {"runs": 20, "balls": 8, "wickets": 1}, "e86754b2": {"runs": 20, "balls": 16, "wickets": 1}, "7b1e20ea": {"runs": 9, "balls": 8, "wickets": 0}, "7be8a0ed": {"runs": 2, "balls": 3, "wickets": 0}, "0bec3a6c": {"runs": 6, "balls": 10, "wickets": 0}, "0a12e736": {"runs": 10, "balls": 11, "wickets": 0}, "dda5aae5": {"runs": 21, "balls": 12, "wickets": 0}, "6c79c098": {"runs": 9, "balls": 8, "wickets": 0}, "45ca0dc0": {"runs": 23, "balls": 9, "wickets": 1}, "4900d2bf": {"runs": 4, "balls": 1, "wickets": 0}, "1427277f": {"runs": 0, "balls": 2, "wickets": 1}, "a7c226e1": {"runs": 2, "balls": 12, "wickets": 1}, "8d92a2c3": {"runs": 20, "balls": 20, "wickets": 1}, "462411b3": {"runs": 2, "balls": 3, "wickets": 1}, "5bb1a1c4": {"runs": 0, "balls": 0, "wickets": 0}, "495d42a5": {"runs": 1, "balls": 2, "wickets": 0}, "96fd40ae": {"runs": 3, "balls": 3, "wickets": 0}, "8abdf100": {"runs": 3, "balls": 7, "wickets": 1}, "e84ac20c": {"runs": 33, "balls": 19, "wickets": 0}, "350bb1b1": {"runs": 20, "balls": 22, "wickets": 0}, "e4a0deae": {"runs": 4, "balls": 10, "wickets": 1}, "c03449e0": {"runs": 2, "balls": 9, "wickets": 0}, "a818c1be": {"runs": 14, "balls": 7, "wickets": 0}, "641ac5ff": {"runs": 4, "balls": 10, "wickets": 0}, "acee4cc4": {"runs": 22, "balls": 26, "wickets": 2}, "e62dd25d": {"runs": 12, "balls": 21, "wickets": 0}, "7dc35884": {"runs": 3, "balls": 4, "wickets": 1}, "e2ee90d9": {"runs": 1, "balls": 2, "wickets": 0}, "f78e7113": {"runs": 2, "balls": 3, "wickets": 0}, "7d608e12": {"runs": 10, "balls": 8, "wickets": 0}, "ab6b1c45": {"runs": 9, "balls": 10, "wickets": 2}, "3a60e0b5": {"runs": 32, "balls": 24, "wickets": 0}, "a9da7784": {"runs": 4, "balls": 2, "wickets": 0}, "a03bba42": {"runs": 0, "balls": 1, "wickets": 0}, "5e6d1a54": {"runs": 14, "balls": 15, "wickets": 0}, "5da34add": {"runs": 19, "balls": 23, "wickets": 0}, "d4eef961": {"runs": 10, "balls": 15, "wickets": 1}, "43205dad": {"runs": 8, "balls": 13, "wickets": 0}, "5239d782": {"runs": 13, "balls": 18, "wickets": 0}, "6fe2c1c0": {"runs": 13, "balls": 27, "wickets": 0}, "79c7041c": {"runs": 10, "balls": 6, "wickets": 0}, "14373322": {"runs": 4, "balls": 3, "wickets": 0}, "eb1a5b03": {"runs": 7, "balls": 4, "wickets": 0}, "5147c792": {"runs": 8, "balls": 3, "wickets": 0}, "a4b810d0": {"runs": 16, "balls": 6, "wickets": 1}, "59792462": {"runs": 4, "balls": 12, "wickets": 0}, "8d1dad51": {"runs": 6, "balls": 2, "wickets": 0}, "fb396280": {"runs": 5, "balls": 9, "wickets": 1}, "fc55ec67": {"runs": 9, "balls": 8, "wickets": 0}, "71440756": {"runs": 2, "balls": 4, "wickets": 1}, "10f68de1": {"runs": 8, "balls": 7, "wickets": 0}, "5ac8f17b": {"runs": 3, "balls": 5, "wickets": 1}, "e9d5218e": {"runs": 0, "balls": 4, "wickets": 1}, "e737a5fe": {"runs": 22, "balls": 14, "wickets": 0}, "94d7f855": {"runs": 31, "balls": 7, "wickets": 0}, "1ad0b441": {"runs": 0, "balls": 2, "wickets": 1}, "6a2fadd0": {"runs": 11, "balls": 4, "wickets": 0}, "402f8494": {"runs": 7, "balls": 8, "wickets": 2}, "0c5bb005": {"runs": 6, "balls": 3, "wickets": 0}, "e871a7a1": {"runs": 12, "balls": 6, "wickets": 0}, "ffe699c0": {"runs": 12, "balls": 10, "wickets": 0}, "f3abd0c9": {"runs": 17, "balls": 19, "wickets": 0}, "5574750c": {"runs": 5, "balls": 7, "wickets": 1}, "f4dfcbb4": {"runs": 0, "balls": 2, "wickets": 1}, "f5180fe6": {"runs": 1, "balls": 1, "wickets": 0}, "1ee08e9a": {"runs": 2, "balls": 2, "wickets": 0}, "2e11c706": {"runs": 0, "balls": 2, "wickets": 1}, "0164b064": {"runs": 4, "balls": 5, "wickets": 0}, "1558d83b": {"runs": 0, "balls": 2, "wickets": 0}, "19b9f399": {"runs": 1, "balls": 2, "wickets": 0}, "51a3c5ef": {"runs": 3, "balls": 3, "wickets": 0}, "4329fbb5": {"runs": 5, "balls": 3, "wickets": 0}, "245c97cb": {"runs": 4, "balls": 2, "wickets": 1}, "f69f1d8a": {"runs": 0, "balls": 2, "wickets": 0}, "b3118300": {"runs": 5, "balls": 4, "wickets": 0}}, "fifties": 2, "thirties": 26, "centuries": 0, "maidens": 180.0, "hattricks": 35, "club_ODI_previous3_runs": [36.0, 2.0, 3.0], "club_ODI_previous3_wickets": [2.0, 3.0, 1.0], "club_ODI_previous3_balls played": [26.0, 5.0, 5.0], "club_ODI_previous3_overs": [10.0, 10.0, 9.833333333333334], "club_ODI_previous3_runs gave": [62.0, 50.0, 102.0], "club_ODI_lifetime_runs": 312.0, "club_ODI_lifetime_wickets": 41.0, "club_ODI_lifetime_balls played": 249.0, "club_ODI_lifetime_overs": 211.16666666666669, "club_ODI_lifetime_runs gave": 1106.0, "club_Test_previous3_runs": [12.0, 0.0, 34.0], "club_Test_previous3_wickets": [3.0, 1.0, 0.0], "club_Test_previous3_balls played": [13.0, 2.0, 39.0], "club_Test_previous3_overs": [17.0, 37.0, 19.0], "club_Test_previous3_runs gave": [44.0, 128.0, 43.0], "club_Test_lifetime_runs": 826.0, "club_Test_lifetime_wickets": 75.0, "club_Test_lifetime_balls played": 1152.0, "club_Test_lifetime_overs": 760.3333333333333, "club_Test_lifetime_runs gave": 2572.0, "club_T20_previous3_runs": [0.0, 5.0, 0.0], "club_T20_previous3_wickets": [1.0, 1.0, 0.0], "club_T20_previous3_balls played": [0.0, 7.0, 1.0], "club_T20_previous3_overs": [4.0, 4.0, 2.0], "club_T20_previous3_runs gave": [36.0, 26.0, 16.0], "club_T20_lifetime_runs": 686.0, "club_T20_lifetime_wickets": 86.0, "club_T20_lifetime_balls played": 397.0, "club_T20_lifetime_overs": 246.66666666666669, "club_T20_lifetime_runs gave": 2032.0, "international_ODI_previous3_runs": [0.0, 4.0, 0.0], "international_ODI_previous3_wickets": [1.0, 0.0, 2.0], "international_ODI_previous3_balls played": [0.0, 3.0, 0.0], "international_ODI_previous3_overs": [10.0, 4.0, 9.0], "international_ODI_previous3_runs gave": [81.0, 28.0, 69.0], "international_ODI_lifetime_runs": 271.0, "international_ODI_lifetime_wickets": 41.0, "international_ODI_lifetime_balls played": 272.0, "international_ODI_lifetime_overs": 247.5, "international_ODI_lifetime_runs gave": 1271.0, "international_Test_previous3_runs": [52.0], "international_Test_previous3_wickets": [1.0], "international_Test_previous3_balls played": [88.0], "international_Test_previous3_overs": [39.0], "international_Test_previous3_runs gave": [153.0], "international_Test_lifetime_runs": 52.0, "international_Test_lifetime_wickets": 1.0, "international_Test_lifetime_balls played": 88.0, "international_Test_lifetime_overs": 39.0, "international_Test_lifetime_runs gave": 153.0, "international_T20_previous3_runs": [0.0, 3.0, 0.0], "international_T20_previous3_wickets": [0.0, 0.0, 2.0], "international_T20_previous3_balls played": [0.0, 4.0, 0.0], "international_T20_previous3_overs": [3.0, 3.0, 4.0], "international_T20_previous3_runs gave": [28.0, 24.0, 23.0], "international_T20_lifetime_runs": 46.0, "international_T20_lifetime_wickets": 7.0, "international_T20_lifetime_balls played": 37.0, "international_T20_lifetime_overs": 31.0, "international_T20_lifetime_runs gave": 255.0}