{"played_against": {"78bbeba1": {"runs": 20, "balls": 16, "wickets": 0}, "4d3d1792": {"runs": 8, "balls": 8, "wickets": 0}, "2b8718c8": {"runs": 11, "balls": 13, "wickets": 0}, "6e0a942c": {"runs": 1, "balls": 4, "wickets": 0}, "288ea226": {"runs": 5, "balls": 7, "wickets": 1}, "70456281": {"runs": 1, "balls": 2, "wickets": 0}, "5f5ca1a7": {"runs": 12, "balls": 17, "wickets": 0}, "5c124657": {"runs": 3, "balls": 3, "wickets": 0}, "023f6b02": {"runs": 0, "balls": 5, "wickets": 1}, "eff8b730": {"runs": 6, "balls": 11, "wickets": 0}, "235fb973": {"runs": 3, "balls": 8, "wickets": 0}, "b7ccb3c9": {"runs": 9, "balls": 6, "wickets": 0}, "ed7bdfec": {"runs": 4, "balls": 3, "wickets": 1}, "e05fcb17": {"runs": 9, "balls": 6, "wickets": 0}, "80089b3a": {"runs": 18, "balls": 17, "wickets": 1}, "4b0a8488": {"runs": 9, "balls": 6, "wickets": 0}, "f8035c2a": {"runs": 16, "balls": 17, "wickets": 0}, "9f998ed8": {"runs": 2, "balls": 12, "wickets": 0}, "8160713d": {"runs": 2, "balls": 3, "wickets": 0}, "eca301ed": {"runs": 6, "balls": 6, "wickets": 0}, "3b282e51": {"runs": 8, "balls": 7, "wickets": 0}, "928baf6b": {"runs": 0, "balls": 3, "wickets": 1}, "e27cff77": {"runs": 0, "balls": 1, "wickets": 0}, "007113d7": {"runs": 12, "balls": 4, "wickets": 0}, "bf385668": {"runs": 1, "balls": 3, "wickets": 0}, "1f3e6df4": {"runs": 2, "balls": 10, "wickets": 0}, "3cd10113": {"runs": 2, "balls": 2, "wickets": 0}, "edf3773b": {"runs": 2, "balls": 8, "wickets": 0}, "a96938ba": {"runs": 11, "balls": 6, "wickets": 1}}, "fifties": 0, "thirties": 2, "centuries": 0, "maidens": 0.0, "hattricks": 0, "club_ODI_previous3_runs": [], "club_ODI_previous3_wickets": [], "club_ODI_previous3_balls played": [], "club_ODI_previous3_overs": [], "club_ODI_previous3_runs gave": [], "club_ODI_lifetime_runs": 0.0, "club_ODI_lifetime_wickets": 0.0, "club_ODI_lifetime_balls played": 0.0, "club_ODI_lifetime_overs": 0.0, "club_ODI_lifetime_runs gave": 0.0, "club_Test_previous3_runs": [], "club_Test_previous3_wickets": [], "club_Test_previous3_balls played": [], "club_Test_previous3_overs": [], "club_Test_previous3_runs gave": [], "club_Test_lifetime_runs": 0.0, "club_Test_lifetime_wickets": 0.0, "club_Test_lifetime_balls played": 0.0, "club_Test_lifetime_overs": 0.0, "club_Test_lifetime_runs gave": 0.0, "club_T20_previous3_runs": [], "club_T20_previous3_wickets": [], "club_T20_previous3_balls played": [], "club_T20_previous3_overs": [], "club_T20_previous3_runs gave": [], "club_T20_lifetime_runs": 0.0, "club_T20_lifetime_wickets": 0.0, "club_T20_lifetime_balls played": 0.0, "club_T20_lifetime_overs": 0.0, "club_T20_lifetime_runs gave": 0.0, "international_ODI_previous3_runs": [6.0, 12.0, 1.0], "international_ODI_previous3_wickets": [0.0, 0.0, 1.0], "international_ODI_previous3_balls played": [20.0, 7.0, 2.0], "international_ODI_previous3_overs": [0.0, 0.0, 7.0], "international_ODI_previous3_runs gave": [0.0, 0.0, 35.0], "international_ODI_lifetime_runs": 183.0, "international_ODI_lifetime_wickets": 1.0, "international_ODI_lifetime_balls played": 216.0, "international_ODI_lifetime_overs": 12.0, "international_ODI_lifetime_runs gave": 63.0, "international_Test_previous3_runs": [], "international_Test_previous3_wickets": [], "international_Test_previous3_balls played": [], "international_Test_previous3_overs": [], "international_Test_previous3_runs gave": [], "international_Test_lifetime_runs": 0.0, "international_Test_lifetime_wickets": 0.0, "international_Test_lifetime_balls played": 0.0, "international_Test_lifetime_overs": 0.0, "international_Test_lifetime_runs gave": 0.0, "international_T20_previous3_runs": [], "international_T20_previous3_wickets": [], "international_T20_previous3_balls played": [], "international_T20_previous3_overs": [], "international_T20_previous3_runs gave": [], "international_T20_lifetime_runs": 0.0, "international_T20_lifetime_wickets": 0.0, "international_T20_lifetime_balls played": 0.0, "international_T20_lifetime_overs": 0.0, "international_T20_lifetime_runs gave": 0.0}