{"played_against": {"e15d9f04": {"runs": 0, "balls": 1, "wickets": 1}, "2053da82": {"runs": 1, "balls": 7, "wickets": 0}, "aaf037b1": {"runs": 1, "balls": 4, "wickets": 0}, "037f2b86": {"runs": 0, "balls": 1, "wickets": 1}, "dfdaca74": {"runs": 0, "balls": 4, "wickets": 1}, "760fcf65": {"runs": 0, "balls": 3, "wickets": 0}, "6348c6e9": {"runs": 0, "balls": 2, "wickets": 1}, "e1492aed": {"runs": 0, "balls": 6, "wickets": 0}}, "fifties": 0, "thirties": 0, "centuries": 0, "maidens": 0.0, "hattricks": 1, "club_ODI_previous3_runs": [], "club_ODI_previous3_wickets": [], "club_ODI_previous3_balls played": [], "club_ODI_previous3_overs": [], "club_ODI_previous3_runs gave": [], "club_ODI_lifetime_runs": 0.0, "club_ODI_lifetime_wickets": 0.0, "club_ODI_lifetime_balls played": 0.0, "club_ODI_lifetime_overs": 0.0, "club_ODI_lifetime_runs gave": 0.0, "club_Test_previous3_runs": [], "club_Test_previous3_wickets": [], "club_Test_previous3_balls played": [], "club_Test_previous3_overs": [], "club_Test_previous3_runs gave": [], "club_Test_lifetime_runs": 0.0, "club_Test_lifetime_wickets": 0.0, "club_Test_lifetime_balls played": 0.0, "club_Test_lifetime_overs": 0.0, "club_Test_lifetime_runs gave": 0.0, "club_T20_previous3_runs": [], "club_T20_previous3_wickets": [], "club_T20_previous3_balls played": [], "club_T20_previous3_overs": [], "club_T20_previous3_runs gave": [], "club_T20_lifetime_runs": 0.0, "club_T20_lifetime_wickets": 0.0, "club_T20_lifetime_balls played": 0.0, "club_T20_lifetime_overs": 0.0, "club_T20_lifetime_runs gave": 0.0, "international_ODI_previous3_runs": [], "international_ODI_previous3_wickets": [], "international_ODI_previous3_balls played": [], "international_ODI_previous3_overs": [], "international_ODI_previous3_runs gave": [], "international_ODI_lifetime_runs": 0.0, "international_ODI_lifetime_wickets": 0.0, "international_ODI_lifetime_balls played": 0.0, "international_ODI_lifetime_overs": 0.0, "international_ODI_lifetime_runs gave": 0.0, "international_Test_previous3_runs": [], "international_Test_previous3_wickets": [], "international_Test_previous3_balls played": [], "international_Test_previous3_overs": [], "international_Test_previous3_runs gave": [], "international_Test_lifetime_runs": 0.0, "international_Test_lifetime_wickets": 0.0, "international_Test_lifetime_balls played": 0.0, "international_Test_lifetime_overs": 0.0, "international_Test_lifetime_runs gave": 0.0, "international_T20_previous3_runs": [0.0, 0.0, 0.0], "international_T20_previous3_wickets": [0.0, 0.0, 3.0], "international_T20_previous3_balls played": [3.0, 2.0, 9.0], "international_T20_previous3_overs": [2.8333333333333335, 4.0, 4.0], "international_T20_previous3_runs gave": [12.0, 32.0, 44.0], "international_T20_lifetime_runs": 2.0, "international_T20_lifetime_wickets": 4.0, "international_T20_lifetime_balls played": 28.0, "international_T20_lifetime_overs": 15.833333333333334, "international_T20_lifetime_runs gave": 144.0}