{"played_against": {"09a58e2d": {"runs": 0, "balls": 1, "wickets": 0}, "36dfa62e": {"runs": 0, "balls": 1, "wickets": 0}, "a0a65375": {"runs": 2, "balls": 8, "wickets": 0}, "23ef9b32": {"runs": 1, "balls": 4, "wickets": 0}, "4d35d0b3": {"runs": 2, "balls": 4, "wickets": 0}, "623c8835": {"runs": 6, "balls": 8, "wickets": 0}}, "fifties": 0, "thirties": 0, "centuries": 0, "maidens": 0.0, "hattricks": 0, "club_ODI_previous3_runs": [], "club_ODI_previous3_wickets": [], "club_ODI_previous3_balls played": [], "club_ODI_previous3_overs": [], "club_ODI_previous3_runs gave": [], "club_ODI_lifetime_runs": 0.0, "club_ODI_lifetime_wickets": 0.0, "club_ODI_lifetime_balls played": 0.0, "club_ODI_lifetime_overs": 0.0, "club_ODI_lifetime_runs gave": 0.0, "club_Test_previous3_runs": [], "club_Test_previous3_wickets": [], "club_Test_previous3_balls played": [], "club_Test_previous3_overs": [], "club_Test_previous3_runs gave": [], "club_Test_lifetime_runs": 0.0, "club_Test_lifetime_wickets": 0.0, "club_Test_lifetime_balls played": 0.0, "club_Test_lifetime_overs": 0.0, "club_Test_lifetime_runs gave": 0.0, "club_T20_previous3_runs": [], "club_T20_previous3_wickets": [], "club_T20_previous3_balls played": [], "club_T20_previous3_overs": [], "club_T20_previous3_runs gave": [], "club_T20_lifetime_runs": 0.0, "club_T20_lifetime_wickets": 0.0, "club_T20_lifetime_balls played": 0.0, "club_T20_lifetime_overs": 0.0, "club_T20_lifetime_runs gave": 0.0, "international_ODI_previous3_runs": [0.0, 3.0, 8.0], "international_ODI_previous3_wickets": [1.0, 2.0, 0.0], "international_ODI_previous3_balls played": [2.0, 12.0, 12.0], "international_ODI_previous3_overs": [8.0, 8.5, 1.0], "international_ODI_previous3_runs gave": [47.0, 34.0, 8.0], "international_ODI_lifetime_runs": 11.0, "international_ODI_lifetime_wickets": 3.0, "international_ODI_lifetime_balls played": 26.0, "international_ODI_lifetime_overs": 17.5, "international_ODI_lifetime_runs gave": 89.0, "international_Test_previous3_runs": [], "international_Test_previous3_wickets": [], "international_Test_previous3_balls played": [], "international_Test_previous3_overs": [], "international_Test_previous3_runs gave": [], "international_Test_lifetime_runs": 0.0, "international_Test_lifetime_wickets": 0.0, "international_Test_lifetime_balls played": 0.0, "international_Test_lifetime_overs": 0.0, "international_Test_lifetime_runs gave": 0.0, "international_T20_previous3_runs": [0.0, 0.0, 0.0], "international_T20_previous3_wickets": [0.0, 0.0, 0.0], "international_T20_previous3_balls played": [0.0, 0.0, 0.0], "international_T20_previous3_overs": [0.0, 4.0, 1.0], "international_T20_previous3_runs gave": [0.0, 20.0, 9.0], "international_T20_lifetime_runs": 0.0, "international_T20_lifetime_wickets": 0.0, "international_T20_lifetime_balls played": 0.0, "international_T20_lifetime_overs": 5.0, "international_T20_lifetime_runs gave": 29.0}