{"played_against": {"97e6e41a": {"runs": 1, "balls": 5, "wickets": 0}, "e1492aed": {"runs": 0, "balls": 2, "wickets": 1}, "3f886270": {"runs": 0, "balls": 2, "wickets": 0}, "cad60789": {"runs": 3, "balls": 6, "wickets": 0}, "36d3ed28": {"runs": 7, "balls": 6, "wickets": 0}, "a6a22a96": {"runs": 0, "balls": 1, "wickets": 1}, "4b95058b": {"runs": 0, "balls": 1, "wickets": 0}, "4db4c8be": {"runs": 0, "balls": 4, "wickets": 0}, "f8b50da3": {"runs": 1, "balls": 6, "wickets": 0}, "77b26349": {"runs": 0, "balls": 4, "wickets": 0}, "6c8904c8": {"runs": 3, "balls": 9, "wickets": 0}, "31c56f40": {"runs": 1, "balls": 3, "wickets": 1}, "57a25400": {"runs": 1, "balls": 5, "wickets": 0}, "7e2c16a3": {"runs": 0, "balls": 1, "wickets": 1}, "8c0d904e": {"runs": 0, "balls": 4, "wickets": 0}}, "fifties": 0, "thirties": 0, "centuries": 0, "maidens": 0.0, "hattricks": 0, "club_ODI_previous3_runs": [], "club_ODI_previous3_wickets": [], "club_ODI_previous3_balls played": [], "club_ODI_previous3_overs": [], "club_ODI_previous3_runs gave": [], "club_ODI_lifetime_runs": 0.0, "club_ODI_lifetime_wickets": 0.0, "club_ODI_lifetime_balls played": 0.0, "club_ODI_lifetime_overs": 0.0, "club_ODI_lifetime_runs gave": 0.0, "club_Test_previous3_runs": [], "club_Test_previous3_wickets": [], "club_Test_previous3_balls played": [], "club_Test_previous3_overs": [], "club_Test_previous3_runs gave": [], "club_Test_lifetime_runs": 0.0, "club_Test_lifetime_wickets": 0.0, "club_Test_lifetime_balls played": 0.0, "club_Test_lifetime_overs": 0.0, "club_Test_lifetime_runs gave": 0.0, "club_T20_previous3_runs": [], "club_T20_previous3_wickets": [], "club_T20_previous3_balls played": [], "club_T20_previous3_overs": [], "club_T20_previous3_runs gave": [], "club_T20_lifetime_runs": 0.0, "club_T20_lifetime_wickets": 0.0, "club_T20_lifetime_balls played": 0.0, "club_T20_lifetime_overs": 0.0, "club_T20_lifetime_runs gave": 0.0, "international_ODI_previous3_runs": [], "international_ODI_previous3_wickets": [], "international_ODI_previous3_balls played": [], "international_ODI_previous3_overs": [], "international_ODI_previous3_runs gave": [], "international_ODI_lifetime_runs": 0.0, "international_ODI_lifetime_wickets": 0.0, "international_ODI_lifetime_balls played": 0.0, "international_ODI_lifetime_overs": 0.0, "international_ODI_lifetime_runs gave": 0.0, "international_Test_previous3_runs": [], "international_Test_previous3_wickets": [], "international_Test_previous3_balls played": [], "international_Test_previous3_overs": [], "international_Test_previous3_runs gave": [], "international_Test_lifetime_runs": 0.0, "international_Test_lifetime_wickets": 0.0, "international_Test_lifetime_balls played": 0.0, "international_Test_lifetime_overs": 0.0, "international_Test_lifetime_runs gave": 0.0, "international_T20_previous3_runs": [7.0, 0.0, 0.0], "international_T20_previous3_wickets": [0.0, 0.0, 1.0], "international_T20_previous3_balls played": [14.0, 5.0, 2.0], "international_T20_previous3_overs": [2.0, 2.0, 3.0], "international_T20_previous3_runs gave": [12.0, 18.0, 37.0], "international_T20_lifetime_runs": 17.0, "international_T20_lifetime_wickets": 1.0, "international_T20_lifetime_balls played": 60.0, "international_T20_lifetime_overs": 7.0, "international_T20_lifetime_runs gave": 67.0}