{"played_against": {"f61e2829": {"runs": 5, "balls": 8, "wickets": 1}, "7306c48d": {"runs": 7, "balls": 12, "wickets": 0}, "b4e026de": {"runs": 4, "balls": 4, "wickets": 0}, "ea544967": {"runs": 6, "balls": 7, "wickets": 0}, "13c19f32": {"runs": 6, "balls": 10, "wickets": 1}, "cf9338c9": {"runs": 2, "balls": 3, "wickets": 0}, "8ae7bb3e": {"runs": 10, "balls": 5, "wickets": 0}, "2f485713": {"runs": 6, "balls": 7, "wickets": 0}, "026135b1": {"runs": 3, "balls": 2, "wickets": 0}, "8f30d191": {"runs": 0, "balls": 0, "wickets": 0}, "385eac52": {"runs": 1, "balls": 6, "wickets": 0}, "588360ee": {"runs": 2, "balls": 2, "wickets": 0}, "459a7b0a": {"runs": 7, "balls": 5, "wickets": 0}, "f13d3eba": {"runs": 6, "balls": 7, "wickets": 0}, "c64b7c5b": {"runs": 7, "balls": 5, "wickets": 0}, "cd62f670": {"runs": 1, "balls": 1, "wickets": 0}, "00823a96": {"runs": 1, "balls": 5, "wickets": 0}, "fbd79b9b": {"runs": 1, "balls": 1, "wickets": 0}, "d8f20ba5": {"runs": 6, "balls": 8, "wickets": 0}, "907e5f6c": {"runs": 0, "balls": 2, "wickets": 0}}, "fifties": 0, "thirties": 0, "centuries": 0, "maidens": 6.0, "hattricks": 5, "club_ODI_previous3_runs": [8.0, 0.0, 7.0], "club_ODI_previous3_wickets": [0.0, 0.0, 0.0], "club_ODI_previous3_balls played": [11.0, 2.0, 5.0], "club_ODI_previous3_overs": [5.0, 2.0, 8.0], "club_ODI_previous3_runs gave": [23.0, 18.0, 45.0], "club_ODI_lifetime_runs": 66.0, "club_ODI_lifetime_wickets": 22.0, "club_ODI_lifetime_balls played": 82.0, "club_ODI_lifetime_overs": 177.66666666666666, "club_ODI_lifetime_runs gave": 953.0, "club_Test_previous3_runs": [], "club_Test_previous3_wickets": [], "club_Test_previous3_balls played": [], "club_Test_previous3_overs": [], "club_Test_previous3_runs gave": [], "club_Test_lifetime_runs": 0.0, "club_Test_lifetime_wickets": 0.0, "club_Test_lifetime_balls played": 0.0, "club_Test_lifetime_overs": 0.0, "club_Test_lifetime_runs gave": 0.0, "club_T20_previous3_runs": [0.0, 0.0, 0.0], "club_T20_previous3_wickets": [0.0, 0.0, 0.0], "club_T20_previous3_balls played": [0.0, 0.0, 0.0], "club_T20_previous3_overs": [4.0, 1.0, 1.0], "club_T20_previous3_runs gave": [35.0, 9.0, 1.0], "club_T20_lifetime_runs": 15.0, "club_T20_lifetime_wickets": 8.0, "club_T20_lifetime_balls played": 21.0, "club_T20_lifetime_overs": 39.33333333333333, "club_T20_lifetime_runs gave": 282.0, "international_ODI_previous3_runs": [], "international_ODI_previous3_wickets": [], "international_ODI_previous3_balls played": [], "international_ODI_previous3_overs": [], "international_ODI_previous3_runs gave": [], "international_ODI_lifetime_runs": 0.0, "international_ODI_lifetime_wickets": 0.0, "international_ODI_lifetime_balls played": 0.0, "international_ODI_lifetime_overs": 0.0, "international_ODI_lifetime_runs gave": 0.0, "international_Test_previous3_runs": [], "international_Test_previous3_wickets": [], "international_Test_previous3_balls played": [], "international_Test_previous3_overs": [], "international_Test_previous3_runs gave": [], "international_Test_lifetime_runs": 0.0, "international_Test_lifetime_wickets": 0.0, "international_Test_lifetime_balls played": 0.0, "international_Test_lifetime_overs": 0.0, "international_Test_lifetime_runs gave": 0.0, "international_T20_previous3_runs": [], "international_T20_previous3_wickets": [], "international_T20_previous3_balls played": [], "international_T20_previous3_overs": [], "international_T20_previous3_runs gave": [], "international_T20_lifetime_runs": 0.0, "international_T20_lifetime_wickets": 0.0, "international_T20_lifetime_balls played": 0.0, "international_T20_lifetime_overs": 0.0, "international_T20_lifetime_runs gave": 0.0}