{"played_against": {"832b77c6": {"runs": 15, "balls": 10, "wickets": 0}, "3957a70a": {"runs": 6, "balls": 5, "wickets": 0}, "fd68e23d": {"runs": 4, "balls": 3, "wickets": 0}, "c4281e43": {"runs": 2, "balls": 2, "wickets": 0}, "5db10a22": {"runs": 2, "balls": 3, "wickets": 0}, "96912eac": {"runs": 9, "balls": 6, "wickets": 0}, "26d80a9d": {"runs": 4, "balls": 7, "wickets": 0}, "3ed4e2ad": {"runs": 7, "balls": 9, "wickets": 1}, "5b616bf0": {"runs": 7, "balls": 9, "wickets": 0}, "f1c4f2ea": {"runs": 19, "balls": 15, "wickets": 0}, "14157abf": {"runs": 18, "balls": 14, "wickets": 1}, "c1f05d1d": {"runs": 21, "balls": 14, "wickets": 0}, "46821fbd": {"runs": 13, "balls": 13, "wickets": 0}, "67ec2b09": {"runs": 3, "balls": 4, "wickets": 0}, "1252f71a": {"runs": 9, "balls": 9, "wickets": 0}, "2ecd844a": {"runs": 2, "balls": 3, "wickets": 0}, "4ebc70ca": {"runs": 2, "balls": 3, "wickets": 0}, "28131839": {"runs": 4, "balls": 2, "wickets": 1}, "dae28050": {"runs": 20, "balls": 9, "wickets": 0}, "5de198db": {"runs": 8, "balls": 7, "wickets": 0}, "38189be1": {"runs": 7, "balls": 4, "wickets": 0}, "8de618ab": {"runs": 5, "balls": 10, "wickets": 0}, "28b032ac": {"runs": 1, "balls": 1, "wickets": 0}, "b0f2d3bd": {"runs": 10, "balls": 7, "wickets": 0}, "2c6052a6": {"runs": 17, "balls": 6, "wickets": 0}, "926c6d3c": {"runs": 2, "balls": 5, "wickets": 1}, "6b46ce43": {"runs": 1, "balls": 4, "wickets": 0}, "42bf1b7d": {"runs": 5, "balls": 2, "wickets": 0}, "0b581ed6": {"runs": 5, "balls": 5, "wickets": 0}, "9f998ed8": {"runs": 2, "balls": 4, "wickets": 1}, "d8976cb7": {"runs": 6, "balls": 2, "wickets": 0}, "0e56c514": {"runs": 22, "balls": 12, "wickets": 0}, "ab21795b": {"runs": 8, "balls": 5, "wickets": 0}, "a77472dc": {"runs": 5, "balls": 2, "wickets": 0}, "823a57a9": {"runs": 0, "balls": 1, "wickets": 1}}, "fifties": 0, "thirties": 5, "centuries": 0, "maidens": 0.0, "hattricks": 0, "club_ODI_previous3_runs": [], "club_ODI_previous3_wickets": [], "club_ODI_previous3_balls played": [], "club_ODI_previous3_overs": [], "club_ODI_previous3_runs gave": [], "club_ODI_lifetime_runs": 0.0, "club_ODI_lifetime_wickets": 0.0, "club_ODI_lifetime_balls played": 0.0, "club_ODI_lifetime_overs": 0.0, "club_ODI_lifetime_runs gave": 0.0, "club_Test_previous3_runs": [], "club_Test_previous3_wickets": [], "club_Test_previous3_balls played": [], "club_Test_previous3_overs": [], "club_Test_previous3_runs gave": [], "club_Test_lifetime_runs": 0.0, "club_Test_lifetime_wickets": 0.0, "club_Test_lifetime_balls played": 0.0, "club_Test_lifetime_overs": 0.0, "club_Test_lifetime_runs gave": 0.0, "club_T20_previous3_runs": [], "club_T20_previous3_wickets": [], "club_T20_previous3_balls played": [], "club_T20_previous3_overs": [], "club_T20_previous3_runs gave": [], "club_T20_lifetime_runs": 0.0, "club_T20_lifetime_wickets": 0.0, "club_T20_lifetime_balls played": 0.0, "club_T20_lifetime_overs": 0.0, "club_T20_lifetime_runs gave": 0.0, "international_ODI_previous3_runs": [], "international_ODI_previous3_wickets": [], "international_ODI_previous3_balls played": [], "international_ODI_previous3_overs": [], "international_ODI_previous3_runs gave": [], "international_ODI_lifetime_runs": 0.0, "international_ODI_lifetime_wickets": 0.0, "international_ODI_lifetime_balls played": 0.0, "international_ODI_lifetime_overs": 0.0, "international_ODI_lifetime_runs gave": 0.0, "international_Test_previous3_runs": [], "international_Test_previous3_wickets": [], "international_Test_previous3_balls played": [], "international_Test_previous3_overs": [], "international_Test_previous3_runs gave": [], "international_Test_lifetime_runs": 0.0, "international_Test_lifetime_wickets": 0.0, "international_Test_lifetime_balls played": 0.0, "international_Test_lifetime_overs": 0.0, "international_Test_lifetime_runs gave": 0.0, "international_T20_previous3_runs": [42.0, 19.0, 35.0], "international_T20_previous3_wickets": [0.0, 2.0, 0.0], "international_T20_previous3_balls played": [33.0, 19.0, 20.0], "international_T20_previous3_overs": [0.0, 4.0, 0.0], "international_T20_previous3_runs gave": [0.0, 41.0, 0.0], "international_T20_lifetime_runs": 271.0, "international_T20_lifetime_wickets": 4.0, "international_T20_lifetime_balls played": 221.0, "international_T20_lifetime_overs": 7.0, "international_T20_lifetime_runs gave": 58.0}