{"played_against": {"2b8718c8": {"runs": 32, "balls": 23, "wickets": 0}, "78bbeba1": {"runs": 11, "balls": 16, "wickets": 0}, "63d556ae": {"runs": 8, "balls": 13, "wickets": 0}, "78fcc740": {"runs": 9, "balls": 8, "wickets": 0}, "10f4518c": {"runs": 6, "balls": 6, "wickets": 0}, "4d3d1792": {"runs": 10, "balls": 11, "wickets": 1}, "e05fcb17": {"runs": 7, "balls": 11, "wickets": 0}, "f8035c2a": {"runs": 2, "balls": 8, "wickets": 0}, "80089b3a": {"runs": 1, "balls": 4, "wickets": 1}, "958d9f30": {"runs": 8, "balls": 7, "wickets": 0}}, "fifties": 0, "thirties": 1, "centuries": 0, "maidens": 1.0, "hattricks": 0, "club_ODI_previous3_runs": [], "club_ODI_previous3_wickets": [], "club_ODI_previous3_balls played": [], "club_ODI_previous3_overs": [], "club_ODI_previous3_runs gave": [], "club_ODI_lifetime_runs": 0.0, "club_ODI_lifetime_wickets": 0.0, "club_ODI_lifetime_balls played": 0.0, "club_ODI_lifetime_overs": 0.0, "club_ODI_lifetime_runs gave": 0.0, "club_Test_previous3_runs": [], "club_Test_previous3_wickets": [], "club_Test_previous3_balls played": [], "club_Test_previous3_overs": [], "club_Test_previous3_runs gave": [], "club_Test_lifetime_runs": 0.0, "club_Test_lifetime_wickets": 0.0, "club_Test_lifetime_balls played": 0.0, "club_Test_lifetime_overs": 0.0, "club_Test_lifetime_runs gave": 0.0, "club_T20_previous3_runs": [], "club_T20_previous3_wickets": [], "club_T20_previous3_balls played": [], "club_T20_previous3_overs": [], "club_T20_previous3_runs gave": [], "club_T20_lifetime_runs": 0.0, "club_T20_lifetime_wickets": 0.0, "club_T20_lifetime_balls played": 0.0, "club_T20_lifetime_overs": 0.0, "club_T20_lifetime_runs gave": 0.0, "international_ODI_previous3_runs": [76.0, 18.0], "international_ODI_previous3_wickets": [0.0, 0.0], "international_ODI_previous3_balls played": [79.0, 30.0], "international_ODI_previous3_overs": [9.0, 6.0], "international_ODI_previous3_runs gave": [38.0, 23.0], "international_ODI_lifetime_runs": 94.0, "international_ODI_lifetime_wickets": 0.0, "international_ODI_lifetime_balls played": 109.0, "international_ODI_lifetime_overs": 15.0, "international_ODI_lifetime_runs gave": 61.0, "international_Test_previous3_runs": [], "international_Test_previous3_wickets": [], "international_Test_previous3_balls played": [], "international_Test_previous3_overs": [], "international_Test_previous3_runs gave": [], "international_Test_lifetime_runs": 0.0, "international_Test_lifetime_wickets": 0.0, "international_Test_lifetime_balls played": 0.0, "international_Test_lifetime_overs": 0.0, "international_Test_lifetime_runs gave": 0.0, "international_T20_previous3_runs": [], "international_T20_previous3_wickets": [], "international_T20_previous3_balls played": [], "international_T20_previous3_overs": [], "international_T20_previous3_runs gave": [], "international_T20_lifetime_runs": 0.0, "international_T20_lifetime_wickets": 0.0, "international_T20_lifetime_balls played": 0.0, "international_T20_lifetime_overs": 0.0, "international_T20_lifetime_runs gave": 0.0}