{"played_against": {"9d430b40": {"runs": 2, "balls": 2, "wickets": 0}, "9caf69a1": {"runs": 0, "balls": 2, "wickets": 1}, "9eb1455b": {"runs": 0, "balls": 2, "wickets": 0}, "d3868bd0": {"runs": 2, "balls": 4, "wickets": 0}, "bd93fea4": {"runs": 7, "balls": 4, "wickets": 0}, "34b37279": {"runs": 13, "balls": 13, "wickets": 1}, "6daf5e8c": {"runs": 0, "balls": 1, "wickets": 0}, "6c7349c4": {"runs": 1, "balls": 1, "wickets": 0}, "d99cc23a": {"runs": 0, "balls": 1, "wickets": 1}, "e871a7a1": {"runs": 22, "balls": 61, "wickets": 0}, "96824e68": {"runs": 18, "balls": 45, "wickets": 0}, "acb94221": {"runs": 25, "balls": 33, "wickets": 0}, "07c8a2f4": {"runs": 13, "balls": 35, "wickets": 1}, "e22d3b5c": {"runs": 28, "balls": 52, "wickets": 0}, "ab01e323": {"runs": 25, "balls": 40, "wickets": 1}, "944533a5": {"runs": 3, "balls": 1, "wickets": 0}, "a37b5c0a": {"runs": 17, "balls": 33, "wickets": 0}, "1d2f290a": {"runs": 10, "balls": 36, "wickets": 2}, "5f222a64": {"runs": 3, "balls": 9, "wickets": 0}, "214f6461": {"runs": 0, "balls": 7, "wickets": 0}, "dbb15645": {"runs": 4, "balls": 23, "wickets": 1}, "27e60d6e": {"runs": 18, "balls": 15, "wickets": 0}, "d4eef961": {"runs": 5, "balls": 12, "wickets": 1}, "63e1e352": {"runs": 2, "balls": 5, "wickets": 0}, "c5f40e35": {"runs": 1, "balls": 3, "wickets": 0}, "0ecb4de6": {"runs": 15, "balls": 7, "wickets": 1}, "ed12fcd7": {"runs": 2, "balls": 3, "wickets": 0}, "9e707e02": {"runs": 0, "balls": 14, "wickets": 0}, "f0a0204e": {"runs": 25, "balls": 27, "wickets": 1}, "7d7233a9": {"runs": 1, "balls": 12, "wickets": 0}, "80e44dc5": {"runs": 10, "balls": 15, "wickets": 0}, "f1ba9ed7": {"runs": 2, "balls": 26, "wickets": 1}, "932d3cc9": {"runs": 8, "balls": 31, "wickets": 0}, "0f3ee070": {"runs": 1, "balls": 11, "wickets": 0}, "27c5a793": {"runs": 23, "balls": 23, "wickets": 0}, "ded9ff1e": {"runs": 3, "balls": 5, "wickets": 0}, "344c6d55": {"runs": 24, "balls": 49, "wickets": 0}, "9c643d7b": {"runs": 24, "balls": 48, "wickets": 0}, "ed8faea2": {"runs": 8, "balls": 13, "wickets": 1}, "ad286dcc": {"runs": 3, "balls": 21, "wickets": 1}, "9789e56e": {"runs": 7, "balls": 15, "wickets": 1}, "7cb2d9d2": {"runs": 4, "balls": 9, "wickets": 0}, "aae2eb6c": {"runs": 3, "balls": 7, "wickets": 1}, "88a32fa2": {"runs": 5, "balls": 7, "wickets": 0}, "7578b730": {"runs": 4, "balls": 11, "wickets": 1}, "067bda18": {"runs": 1, "balls": 1, "wickets": 0}, "693af62a": {"runs": 12, "balls": 17, "wickets": 0}, "ec5160d7": {"runs": 11, "balls": 12, "wickets": 0}, "8c9d3000": {"runs": 15, "balls": 17, "wickets": 0}, "a63dfe8a": {"runs": 7, "balls": 6, "wickets": 0}, "e2caec46": {"runs": 15, "balls": 16, "wickets": 0}, "a77472dc": {"runs": 8, "balls": 8, "wickets": 1}, "cbb0fe42": {"runs": 9, "balls": 16, "wickets": 1}, "b9877635": {"runs": 2, "balls": 8, "wickets": 0}, "64775749": {"runs": 0, "balls": 4, "wickets": 0}, "a089f93f": {"runs": 10, "balls": 16, "wickets": 0}, "a9da7784": {"runs": 11, "balls": 14, "wickets": 0}, "3f61a062": {"runs": 3, "balls": 7, "wickets": 1}, "5f031dc9": {"runs": 9, "balls": 6, "wickets": 0}, "57ee1fde": {"runs": 12, "balls": 24, "wickets": 0}, "2413a688": {"runs": 1, "balls": 13, "wickets": 1}}, "fifties": 1, "thirties": 6, "centuries": 0, "maidens": 2.0, "hattricks": 0, "club_ODI_previous3_runs": [11.0, 1.0, 33.0], "club_ODI_previous3_wickets": [0.0, 0.0, 0.0], "club_ODI_previous3_balls played": [25.0, 7.0, 44.0], "club_ODI_previous3_overs": [8.0, 2.0, 8.0], "club_ODI_previous3_runs gave": [45.0, 26.0, 33.0], "club_ODI_lifetime_runs": 152.0, "club_ODI_lifetime_wickets": 3.0, "club_ODI_lifetime_balls played": 218.0, "club_ODI_lifetime_overs": 42.0, "club_ODI_lifetime_runs gave": 252.0, "club_Test_previous3_runs": [91.0, 11.0, 21.0], "club_Test_previous3_wickets": [1.0, 0.0, 0.0], "club_Test_previous3_balls played": [180.0, 41.0, 64.0], "club_Test_previous3_overs": [13.0, 4.0, 0.0], "club_Test_previous3_runs gave": [53.0, 4.0, 0.0], "club_Test_lifetime_runs": 354.0, "club_Test_lifetime_wickets": 2.0, "club_Test_lifetime_balls played": 756.0, "club_Test_lifetime_overs": 36.0, "club_Test_lifetime_runs gave": 142.0, "club_T20_previous3_runs": [8.0, 0.0, 1.0], "club_T20_previous3_wickets": [0.0, 1.0, 0.0], "club_T20_previous3_balls played": [6.0, 0.0, 3.0], "club_T20_previous3_overs": [1.0, 3.0, 1.0], "club_T20_previous3_runs gave": [10.0, 46.0, 14.0], "club_T20_lifetime_runs": 11.0, "club_T20_lifetime_wickets": 4.0, "club_T20_lifetime_balls played": 15.0, "club_T20_lifetime_overs": 13.0, "club_T20_lifetime_runs gave": 146.0, "international_ODI_previous3_runs": [], "international_ODI_previous3_wickets": [], "international_ODI_previous3_balls played": [], "international_ODI_previous3_overs": [], "international_ODI_previous3_runs gave": [], "international_ODI_lifetime_runs": 0.0, "international_ODI_lifetime_wickets": 0.0, "international_ODI_lifetime_balls played": 0.0, "international_ODI_lifetime_overs": 0.0, "international_ODI_lifetime_runs gave": 0.0, "international_Test_previous3_runs": [], "international_Test_previous3_wickets": [], "international_Test_previous3_balls played": [], "international_Test_previous3_overs": [], "international_Test_previous3_runs gave": [], "international_Test_lifetime_runs": 0.0, "international_Test_lifetime_wickets": 0.0, "international_Test_lifetime_balls played": 0.0, "international_Test_lifetime_overs": 0.0, "international_Test_lifetime_runs gave": 0.0, "international_T20_previous3_runs": [], "international_T20_previous3_wickets": [], "international_T20_previous3_balls played": [], "international_T20_previous3_overs": [], "international_T20_previous3_runs gave": [], "international_T20_lifetime_runs": 0.0, "international_T20_lifetime_wickets": 0.0, "international_T20_lifetime_balls played": 0.0, "international_T20_lifetime_overs": 0.0, "international_T20_lifetime_runs gave": 0.0}