{"played_against": {"d516a95f": {"runs": 5, "balls": 7, "wickets": 0}, "76b19864": {"runs": 2, "balls": 9, "wickets": 0}, "036dcf9b": {"runs": 4, "balls": 6, "wickets": 1}, "cf0b9a0d": {"runs": 3, "balls": 7, "wickets": 0}, "dae28050": {"runs": 2, "balls": 6, "wickets": 0}, "82af7861": {"runs": 5, "balls": 7, "wickets": 0}, "33b67317": {"runs": 4, "balls": 6, "wickets": 1}, "1afd4f89": {"runs": 10, "balls": 9, "wickets": 0}, "02b078b1": {"runs": 1, "balls": 1, "wickets": 0}, "fb34b0ec": {"runs": 13, "balls": 5, "wickets": 0}, "b857468a": {"runs": 20, "balls": 8, "wickets": 0}, "f8bd71c9": {"runs": 1, "balls": 2, "wickets": 0}, "663ad386": {"runs": 0, "balls": 1, "wickets": 1}, "5d6a1f76": {"runs": 19, "balls": 9, "wickets": 0}, "2deb4082": {"runs": 0, "balls": 2, "wickets": 0}, "11f56b14": {"runs": 0, "balls": 1, "wickets": 0}, "8b0b3bba": {"runs": 10, "balls": 5, "wickets": 0}, "026e1314": {"runs": 1, "balls": 1, "wickets": 0}, "ec483176": {"runs": 5, "balls": 8, "wickets": 0}, "ad05692c": {"runs": 3, "balls": 5, "wickets": 0}, "c9c356e2": {"runs": 7, "balls": 3, "wickets": 0}, "9865ed99": {"runs": 2, "balls": 3, "wickets": 0}, "0fa81719": {"runs": 2, "balls": 2, "wickets": 0}, "6cd74704": {"runs": 2, "balls": 2, "wickets": 1}}, "fifties": 0, "thirties": 2, "centuries": 0, "maidens": 1.0, "hattricks": 0, "club_ODI_previous3_runs": [], "club_ODI_previous3_wickets": [], "club_ODI_previous3_balls played": [], "club_ODI_previous3_overs": [], "club_ODI_previous3_runs gave": [], "club_ODI_lifetime_runs": 0.0, "club_ODI_lifetime_wickets": 0.0, "club_ODI_lifetime_balls played": 0.0, "club_ODI_lifetime_overs": 0.0, "club_ODI_lifetime_runs gave": 0.0, "club_Test_previous3_runs": [], "club_Test_previous3_wickets": [], "club_Test_previous3_balls played": [], "club_Test_previous3_overs": [], "club_Test_previous3_runs gave": [], "club_Test_lifetime_runs": 0.0, "club_Test_lifetime_wickets": 0.0, "club_Test_lifetime_balls played": 0.0, "club_Test_lifetime_overs": 0.0, "club_Test_lifetime_runs gave": 0.0, "club_T20_previous3_runs": [], "club_T20_previous3_wickets": [], "club_T20_previous3_balls played": [], "club_T20_previous3_overs": [], "club_T20_previous3_runs gave": [], "club_T20_lifetime_runs": 0.0, "club_T20_lifetime_wickets": 0.0, "club_T20_lifetime_balls played": 0.0, "club_T20_lifetime_overs": 0.0, "club_T20_lifetime_runs gave": 0.0, "international_ODI_previous3_runs": [], "international_ODI_previous3_wickets": [], "international_ODI_previous3_balls played": [], "international_ODI_previous3_overs": [], "international_ODI_previous3_runs gave": [], "international_ODI_lifetime_runs": 0.0, "international_ODI_lifetime_wickets": 0.0, "international_ODI_lifetime_balls played": 0.0, "international_ODI_lifetime_overs": 0.0, "international_ODI_lifetime_runs gave": 0.0, "international_Test_previous3_runs": [], "international_Test_previous3_wickets": [], "international_Test_previous3_balls played": [], "international_Test_previous3_overs": [], "international_Test_previous3_runs gave": [], "international_Test_lifetime_runs": 0.0, "international_Test_lifetime_wickets": 0.0, "international_Test_lifetime_balls played": 0.0, "international_Test_lifetime_overs": 0.0, "international_Test_lifetime_runs gave": 0.0, "international_T20_previous3_runs": [2.0, 30.0, 21.0], "international_T20_previous3_wickets": [0.0, 0.0, 0.0], "international_T20_previous3_balls played": [3.0, 19.0, 24.0], "international_T20_previous3_overs": [0.0, 2.0, 0.0], "international_T20_previous3_runs gave": [0.0, 20.0, 0.0], "international_T20_lifetime_runs": 121.0, "international_T20_lifetime_wickets": 1.0, "international_T20_lifetime_balls played": 117.0, "international_T20_lifetime_overs": 6.0, "international_T20_lifetime_runs gave": 35.0}