{"played_against": {"b8cce99f": {"runs": 13, "balls": 12, "wickets": 0}, "50b558d2": {"runs": 0, "balls": 2, "wickets": 0}, "b91efad5": {"runs": 1, "balls": 1, "wickets": 0}, "50ee0500": {"runs": 4, "balls": 3, "wickets": 0}, "93b4f6f6": {"runs": 1, "balls": 1, "wickets": 0}, "9b73d523": {"runs": 2, "balls": 3, "wickets": 0}, "7673c908": {"runs": 6, "balls": 8, "wickets": 0}, "60471339": {"runs": 5, "balls": 4, "wickets": 0}, "165b9097": {"runs": 1, "balls": 2, "wickets": 0}, "7391f160": {"runs": 3, "balls": 6, "wickets": 1}, "7c0055c1": {"runs": 1, "balls": 7, "wickets": 1}, "57a49987": {"runs": 11, "balls": 10, "wickets": 1}, "72b7ed1e": {"runs": 4, "balls": 4, "wickets": 0}, "d945db3e": {"runs": 1, "balls": 3, "wickets": 0}, "9af58032": {"runs": 2, "balls": 2, "wickets": 0}, "31972229": {"runs": 4, "balls": 5, "wickets": 0}, "9b3bcca4": {"runs": 1, "balls": 2, "wickets": 0}, "7693851c": {"runs": 1, "balls": 1, "wickets": 0}, "2817e17a": {"runs": 6, "balls": 4, "wickets": 0}, "89bbc67a": {"runs": 5, "balls": 3, "wickets": 0}, "d8e8179f": {"runs": 1, "balls": 1, "wickets": 0}}, "fifties": 0, "thirties": 0, "centuries": 0, "maidens": 0.0, "hattricks": 2, "club_ODI_previous3_runs": [], "club_ODI_previous3_wickets": [], "club_ODI_previous3_balls played": [], "club_ODI_previous3_overs": [], "club_ODI_previous3_runs gave": [], "club_ODI_lifetime_runs": 0.0, "club_ODI_lifetime_wickets": 0.0, "club_ODI_lifetime_balls played": 0.0, "club_ODI_lifetime_overs": 0.0, "club_ODI_lifetime_runs gave": 0.0, "club_Test_previous3_runs": [], "club_Test_previous3_wickets": [], "club_Test_previous3_balls played": [], "club_Test_previous3_overs": [], "club_Test_previous3_runs gave": [], "club_Test_lifetime_runs": 0.0, "club_Test_lifetime_wickets": 0.0, "club_Test_lifetime_balls played": 0.0, "club_Test_lifetime_overs": 0.0, "club_Test_lifetime_runs gave": 0.0, "club_T20_previous3_runs": [15.0, 1.0, 0.0], "club_T20_previous3_wickets": [0.0, 3.0, 2.0], "club_T20_previous3_balls played": [11.0, 1.0, 0.0], "club_T20_previous3_overs": [2.0, 4.0, 2.8333333333333335], "club_T20_previous3_runs gave": [25.0, 26.0, 13.0], "club_T20_lifetime_runs": 73.0, "club_T20_lifetime_wickets": 27.0, "club_T20_lifetime_balls played": 85.0, "club_T20_lifetime_overs": 130.5, "club_T20_lifetime_runs gave": 835.0, "international_ODI_previous3_runs": [], "international_ODI_previous3_wickets": [], "international_ODI_previous3_balls played": [], "international_ODI_previous3_overs": [], "international_ODI_previous3_runs gave": [], "international_ODI_lifetime_runs": 0.0, "international_ODI_lifetime_wickets": 0.0, "international_ODI_lifetime_balls played": 0.0, "international_ODI_lifetime_overs": 0.0, "international_ODI_lifetime_runs gave": 0.0, "international_Test_previous3_runs": [], "international_Test_previous3_wickets": [], "international_Test_previous3_balls played": [], "international_Test_previous3_overs": [], "international_Test_previous3_runs gave": [], "international_Test_lifetime_runs": 0.0, "international_Test_lifetime_wickets": 0.0, "international_Test_lifetime_balls played": 0.0, "international_Test_lifetime_overs": 0.0, "international_Test_lifetime_runs gave": 0.0, "international_T20_previous3_runs": [], "international_T20_previous3_wickets": [], "international_T20_previous3_balls played": [], "international_T20_previous3_overs": [], "international_T20_previous3_runs gave": [], "international_T20_lifetime_runs": 0.0, "international_T20_lifetime_wickets": 0.0, "international_T20_lifetime_balls played": 0.0, "international_T20_lifetime_overs": 0.0, "international_T20_lifetime_runs gave": 0.0}