{"played_against": {"e05b2a5b": {"runs": 12, "balls": 41, "wickets": 0}, "894b2d25": {"runs": 12, "balls": 17, "wickets": 0}, "4c0f3806": {"runs": 16, "balls": 64, "wickets": 0}, "e737a5fe": {"runs": 18, "balls": 44, "wickets": 1}, "b5781ac3": {"runs": 1, "balls": 12, "wickets": 0}, "67954d19": {"runs": 9, "balls": 28, "wickets": 1}, "a4a2a0c0": {"runs": 1, "balls": 5, "wickets": 0}, "c1f6c27e": {"runs": 15, "balls": 19, "wickets": 0}, "d12143bf": {"runs": 3, "balls": 14, "wickets": 0}, "0f6db197": {"runs": 0, "balls": 16, "wickets": 1}, "d8256633": {"runs": 12, "balls": 16, "wickets": 0}, "0f3ee070": {"runs": 3, "balls": 14, "wickets": 0}, "ffe699c0": {"runs": 0, "balls": 2, "wickets": 0}, "1957c6b7": {"runs": 8, "balls": 6, "wickets": 0}, "d68e7f48": {"runs": 0, "balls": 23, "wickets": 1}, "b16cf2ec": {"runs": 0, "balls": 7, "wickets": 0}, "6042bf26": {"runs": 10, "balls": 24, "wickets": 0}, "cad40f5e": {"runs": 1, "balls": 14, "wickets": 0}, "bca21d18": {"runs": 5, "balls": 13, "wickets": 1}, "3dcd1e8d": {"runs": 15, "balls": 7, "wickets": 0}, "ba377b40": {"runs": 5, "balls": 9, "wickets": 0}, "208f22ea": {"runs": 5, "balls": 8, "wickets": 0}, "c2b6764d": {"runs": 12, "balls": 10, "wickets": 0}, "b82e3032": {"runs": 10, "balls": 4, "wickets": 0}, "0a12e736": {"runs": 0, "balls": 1, "wickets": 1}, "23638956": {"runs": 4, "balls": 6, "wickets": 0}, "a790df98": {"runs": 5, "balls": 5, "wickets": 0}, "23f2143b": {"runs": 2, "balls": 3, "wickets": 0}, "39e2c0fd": {"runs": 16, "balls": 10, "wickets": 0}, "948beb1f": {"runs": 1, "balls": 1, "wickets": 0}, "f1ba9ed7": {"runs": 1, "balls": 2, "wickets": 0}, "64212089": {"runs": 7, "balls": 4, "wickets": 1}, "819ae1ad": {"runs": 1, "balls": 6, "wickets": 0}, "a9da7784": {"runs": 1, "balls": 2, "wickets": 1}}, "fifties": 0, "thirties": 2, "centuries": 0, "maidens": 0.0, "hattricks": 0, "club_ODI_previous3_runs": [27.0, 9.0, 2.0], "club_ODI_previous3_wickets": [0.0, 0.0, 0.0], "club_ODI_previous3_balls played": [24.0, 7.0, 8.0], "club_ODI_previous3_overs": [0.0, 0.0, 0.0], "club_ODI_previous3_runs gave": [0.0, 0.0, 0.0], "club_ODI_lifetime_runs": 90.0, "club_ODI_lifetime_wickets": 0.0, "club_ODI_lifetime_balls played": 91.0, "club_ODI_lifetime_overs": 0.0, "club_ODI_lifetime_runs gave": 0.0, "club_Test_previous3_runs": [23.0, 0.0, 15.0], "club_Test_previous3_wickets": [0.0, 0.0, 0.0], "club_Test_previous3_balls played": [39.0, 33.0, 68.0], "club_Test_previous3_overs": [0.0, 0.0, 0.0], "club_Test_previous3_runs gave": [0.0, 0.0, 0.0], "club_Test_lifetime_runs": 121.0, "club_Test_lifetime_wickets": 0.0, "club_Test_lifetime_balls played": 372.0, "club_Test_lifetime_overs": 0.0, "club_Test_lifetime_runs gave": 0.0, "club_T20_previous3_runs": [], "club_T20_previous3_wickets": [], "club_T20_previous3_balls played": [], "club_T20_previous3_overs": [], "club_T20_previous3_runs gave": [], "club_T20_lifetime_runs": 0.0, "club_T20_lifetime_wickets": 0.0, "club_T20_lifetime_balls played": 0.0, "club_T20_lifetime_overs": 0.0, "club_T20_lifetime_runs gave": 0.0, "international_ODI_previous3_runs": [], "international_ODI_previous3_wickets": [], "international_ODI_previous3_balls played": [], "international_ODI_previous3_overs": [], "international_ODI_previous3_runs gave": [], "international_ODI_lifetime_runs": 0.0, "international_ODI_lifetime_wickets": 0.0, "international_ODI_lifetime_balls played": 0.0, "international_ODI_lifetime_overs": 0.0, "international_ODI_lifetime_runs gave": 0.0, "international_Test_previous3_runs": [], "international_Test_previous3_wickets": [], "international_Test_previous3_balls played": [], "international_Test_previous3_overs": [], "international_Test_previous3_runs gave": [], "international_Test_lifetime_runs": 0.0, "international_Test_lifetime_wickets": 0.0, "international_Test_lifetime_balls played": 0.0, "international_Test_lifetime_overs": 0.0, "international_Test_lifetime_runs gave": 0.0, "international_T20_previous3_runs": [], "international_T20_previous3_wickets": [], "international_T20_previous3_balls played": [], "international_T20_previous3_overs": [], "international_T20_previous3_runs gave": [], "international_T20_lifetime_runs": 0.0, "international_T20_lifetime_wickets": 0.0, "international_T20_lifetime_balls played": 0.0, "international_T20_lifetime_overs": 0.0, "international_T20_lifetime_runs gave": 0.0}