{"played_against": {"808f425a": {"runs": 5, "balls": 4, "wickets": 0}, "bb18be76": {"runs": 4, "balls": 3, "wickets": 0}, "94eac556": {"runs": 18, "balls": 9, "wickets": 0}, "cca50cd6": {"runs": 20, "balls": 12, "wickets": 0}, "7be8a0ed": {"runs": 1, "balls": 1, "wickets": 0}, "b0b320a0": {"runs": 4, "balls": 2, "wickets": 0}, "6042bf26": {"runs": 26, "balls": 18, "wickets": 0}, "390ff45b": {"runs": 7, "balls": 2, "wickets": 0}, "63bff7f9": {"runs": 6, "balls": 3, "wickets": 0}, "0f12f9df": {"runs": 3, "balls": 3, "wickets": 0}, "956887b2": {"runs": 5, "balls": 3, "wickets": 1}, "4ba44e19": {"runs": 3, "balls": 7, "wickets": 0}, "f846de6a": {"runs": 9, "balls": 6, "wickets": 0}, "3fe2db87": {"runs": 7, "balls": 3, "wickets": 0}, "d29be810": {"runs": 10, "balls": 8, "wickets": 0}, "25d12bb4": {"runs": 1, "balls": 1, "wickets": 0}, "c404f58a": {"runs": 2, "balls": 3, "wickets": 1}, "03806cf8": {"runs": 1, "balls": 3, "wickets": 0}, "88209c84": {"runs": 20, "balls": 13, "wickets": 0}, "dd09ff8e": {"runs": 4, "balls": 2, "wickets": 0}, "012829ff": {"runs": 2, "balls": 6, "wickets": 0}, "52f08be8": {"runs": 0, "balls": 3, "wickets": 0}, "12eddf28": {"runs": 0, "balls": 1, "wickets": 0}, "519c30cb": {"runs": 17, "balls": 11, "wickets": 1}, "87e562a9": {"runs": 12, "balls": 7, "wickets": 0}, "bd93fea4": {"runs": 49, "balls": 65, "wickets": 1}, "d167edd3": {"runs": 45, "balls": 38, "wickets": 1}, "7f048519": {"runs": 4, "balls": 7, "wickets": 1}, "3d8feaf8": {"runs": 11, "balls": 12, "wickets": 0}, "22ae3041": {"runs": 2, "balls": 9, "wickets": 0}, "4329fbb5": {"runs": 3, "balls": 6, "wickets": 0}, "bbd41817": {"runs": 12, "balls": 10, "wickets": 1}, "a2421394": {"runs": 19, "balls": 18, "wickets": 0}, "f5180fe6": {"runs": 13, "balls": 8, "wickets": 1}, "7c7d63a2": {"runs": 3, "balls": 5, "wickets": 1}, "eba6a852": {"runs": 11, "balls": 6, "wickets": 0}, "f3171936": {"runs": 1, "balls": 1, "wickets": 0}, "d9273ee7": {"runs": 2, "balls": 4, "wickets": 0}, "9d430b40": {"runs": 7, "balls": 4, "wickets": 1}, "1a2676c5": {"runs": 69, "balls": 82, "wickets": 4}, "45c2196c": {"runs": 11, "balls": 16, "wickets": 0}, "2c7ac4b9": {"runs": 31, "balls": 99, "wickets": 2}, "86b4bf88": {"runs": 16, "balls": 13, "wickets": 0}, "903560ed": {"runs": 10, "balls": 8, "wickets": 0}, "5574750c": {"runs": 1, "balls": 2, "wickets": 0}, "4ba2c04d": {"runs": 4, "balls": 4, "wickets": 1}, "51a3c5ef": {"runs": 1, "balls": 4, "wickets": 0}, "19b9f399": {"runs": 48, "balls": 112, "wickets": 1}, "68e26ec9": {"runs": 33, "balls": 79, "wickets": 5}, "1ee08e9a": {"runs": 33, "balls": 47, "wickets": 5}, "f1c61793": {"runs": 4, "balls": 2, "wickets": 0}, "208f22ea": {"runs": 11, "balls": 21, "wickets": 0}, "14f96089": {"runs": 16, "balls": 46, "wickets": 0}, "f048bb41": {"runs": 8, "balls": 16, "wickets": 0}, "6c87f1df": {"runs": 25, "balls": 38, "wickets": 1}, "12b610c2": {"runs": 2, "balls": 4, "wickets": 1}, "479f9b04": {"runs": 10, "balls": 19, "wickets": 1}, "56b93d46": {"runs": 58, "balls": 80, "wickets": 2}, "1b04e02b": {"runs": 5, "balls": 9, "wickets": 0}, "e7dd5eca": {"runs": 13, "balls": 26, "wickets": 0}, "029c4618": {"runs": 6, "balls": 13, "wickets": 0}, "bc773eeb": {"runs": 70, "balls": 130, "wickets": 0}, "249d60c9": {"runs": 4, "balls": 8, "wickets": 0}, "9a963804": {"runs": 0, "balls": 3, "wickets": 2}, "f752db61": {"runs": 12, "balls": 19, "wickets": 1}, "2e11c706": {"runs": 4, "balls": 5, "wickets": 0}, "56ab442f": {"runs": 1, "balls": 1, "wickets": 0}, "dfc4d8b5": {"runs": 3, "balls": 3, "wickets": 0}, "f0e722e0": {"runs": 10, "balls": 4, "wickets": 0}, "3540beff": {"runs": 14, "balls": 27, "wickets": 0}, "e86754b2": {"runs": 23, "balls": 11, "wickets": 0}, "e1b9f3a9": {"runs": 74, "balls": 69, "wickets": 2}, "5f317fd4": {"runs": 10, "balls": 10, "wickets": 1}, "96824e68": {"runs": 85, "balls": 115, "wickets": 1}, "70c4f525": {"runs": 28, "balls": 52, "wickets": 0}, "272fc5ad": {"runs": 25, "balls": 35, "wickets": 6}, "32198ae0": {"runs": 12, "balls": 33, "wickets": 0}, "d405c0d5": {"runs": 20, "balls": 54, "wickets": 1}, "7c8f533d": {"runs": 24, "balls": 53, "wickets": 4}, "b03303ca": {"runs": 5, "balls": 14, "wickets": 0}, "3fb19989": {"runs": 12, "balls": 29, "wickets": 0}, "30a45b23": {"runs": 45, "balls": 39, "wickets": 1}, "81d06fb5": {"runs": 0, "balls": 16, "wickets": 0}, "ab965cad": {"runs": 21, "balls": 23, "wickets": 1}, "399b0b94": {"runs": 1, "balls": 2, "wickets": 0}, "616a8149": {"runs": 9, "balls": 8, "wickets": 0}, "7d92277a": {"runs": 0, "balls": 4, "wickets": 0}, "9eb1455b": {"runs": 36, "balls": 37, "wickets": 0}, "fb66ce1f": {"runs": 1, "balls": 2, "wickets": 0}, "caf69bf7": {"runs": 6, "balls": 6, "wickets": 2}, "770ae773": {"runs": 23, "balls": 36, "wickets": 1}, "35db64ff": {"runs": 16, "balls": 18, "wickets": 0}, "e1a867df": {"runs": 12, "balls": 15, "wickets": 0}, "782b4a8e": {"runs": 7, "balls": 8, "wickets": 0}, "64775749": {"runs": 38, "balls": 48, "wickets": 1}, "9cebb612": {"runs": 14, "balls": 6, "wickets": 0}, "96a6a7ad": {"runs": 40, "balls": 103, "wickets": 3}, "898e628d": {"runs": 20, "balls": 31, "wickets": 1}, "350bb1b1": {"runs": 1, "balls": 5, "wickets": 0}, "fa433be6": {"runs": 0, "balls": 1, "wickets": 1}, "8e3cb0e9": {"runs": 34, "balls": 49, "wickets": 1}, "8f3fde65": {"runs": 9, "balls": 12, "wickets": 0}, "d12143bf": {"runs": 3, "balls": 19, "wickets": 1}, "65b6943c": {"runs": 17, "balls": 27, "wickets": 0}, "27c5a793": {"runs": 14, "balls": 14, "wickets": 0}, "19708692": {"runs": 1, "balls": 7, "wickets": 1}, "4ae1755b": {"runs": 8, "balls": 15, "wickets": 0}, "1d2f290a": {"runs": 1, "balls": 7, "wickets": 1}, "a37b5c0a": {"runs": 16, "balls": 21, "wickets": 0}, "b21ed464": {"runs": 0, "balls": 6, "wickets": 0}, "0f6db197": {"runs": 3, "balls": 8, "wickets": 0}, "eaa76d3c": {"runs": 1, "balls": 1, "wickets": 0}, "1a156c88": {"runs": 4, "balls": 6, "wickets": 0}, "e087956b": {"runs": 11, "balls": 14, "wickets": 1}, "4c5d73db": {"runs": 16, "balls": 6, "wickets": 0}, "0f3ee070": {"runs": 4, "balls": 14, "wickets": 0}, "4933f499": {"runs": 25, "balls": 10, "wickets": 1}, "f422728b": {"runs": 81, "balls": 81, "wickets": 1}, "52c952d9": {"runs": 6, "balls": 9, "wickets": 0}, "462d7c62": {"runs": 16, "balls": 21, "wickets": 0}, "00cada13": {"runs": 7, "balls": 5, "wickets": 1}, "74a274cc": {"runs": 1, "balls": 5, "wickets": 0}, "d26e0405": {"runs": 22, "balls": 19, "wickets": 0}, "6c6aca89": {"runs": 10, "balls": 11, "wickets": 1}, "45a7e761": {"runs": 1, "balls": 8, "wickets": 0}, "2f28dc94": {"runs": 4, "balls": 9, "wickets": 1}, "067bda18": {"runs": 9, "balls": 5, "wickets": 0}, "d112c570": {"runs": 0, "balls": 5, "wickets": 0}, "e142c599": {"runs": 2, "balls": 3, "wickets": 1}, "b56dc5f7": {"runs": 7, "balls": 24, "wickets": 0}, "6c908ffc": {"runs": 37, "balls": 82, "wickets": 1}, "c96f6ac5": {"runs": 15, "balls": 55, "wickets": 1}, "ed12fcd7": {"runs": 7, "balls": 5, "wickets": 0}, "aa1210d8": {"runs": 46, "balls": 81, "wickets": 0}, "894b2d25": {"runs": 10, "balls": 31, "wickets": 0}, "4c0f3806": {"runs": 19, "balls": 30, "wickets": 0}, "cad40f5e": {"runs": 19, "balls": 14, "wickets": 0}, "e737a5fe": {"runs": 12, "balls": 24, "wickets": 0}, "51e1ed69": {"runs": 17, "balls": 14, "wickets": 0}, "64212089": {"runs": 5, "balls": 4, "wickets": 1}, "34b37279": {"runs": 17, "balls": 9, "wickets": 1}, "d3868bd0": {"runs": 5, "balls": 4, "wickets": 0}, "7f7f658b": {"runs": 3, "balls": 12, "wickets": 0}, "27fc5808": {"runs": 10, "balls": 10, "wickets": 0}, "8f9c5014": {"runs": 13, "balls": 12, "wickets": 0}, "8bf61e65": {"runs": 6, "balls": 10, "wickets": 0}, "f1eb3c73": {"runs": 1, "balls": 2, "wickets": 0}, "bdadcca1": {"runs": 12, "balls": 27, "wickets": 0}, "cd143bca": {"runs": 24, "balls": 41, "wickets": 1}, "a510bdd3": {"runs": 16, "balls": 12, "wickets": 1}, "219cc59e": {"runs": 6, "balls": 5, "wickets": 0}, "5db1c288": {"runs": 1, "balls": 4, "wickets": 0}, "e423d162": {"runs": 0, "balls": 2, "wickets": 0}, "d48c0f40": {"runs": 13, "balls": 19, "wickets": 0}, "0e0d43b4": {"runs": 16, "balls": 22, "wickets": 1}, "b08e58e2": {"runs": 40, "balls": 37, "wickets": 1}, "aa3c7a7a": {"runs": 12, "balls": 46, "wickets": 0}, "b3267eaa": {"runs": 46, "balls": 65, "wickets": 0}, "442461fa": {"runs": 53, "balls": 49, "wickets": 1}, "bc2d4f2e": {"runs": 40, "balls": 68, "wickets": 0}, "ac2e7ec0": {"runs": 9, "balls": 38, "wickets": 0}, "b0946605": {"runs": 8, "balls": 9, "wickets": 0}, "3feda4fa": {"runs": 1, "balls": 13, "wickets": 0}, "f2665768": {"runs": 9, "balls": 9, "wickets": 0}, "7d5af2ea": {"runs": 0, "balls": 2, "wickets": 0}, "4d7f517e": {"runs": 1, "balls": 3, "wickets": 1}, "a90e53ec": {"runs": 1, "balls": 1, "wickets": 0}, "055be93a": {"runs": 7, "balls": 5, "wickets": 1}, "5f547c8b": {"runs": 3, "balls": 6, "wickets": 0}, "15de1f5d": {"runs": 5, "balls": 16, "wickets": 0}, "33742f04": {"runs": 1, "balls": 1, "wickets": 0}, "38c276e1": {"runs": 17, "balls": 27, "wickets": 1}, "ffe699c0": {"runs": 19, "balls": 11, "wickets": 1}, "bd4ea627": {"runs": 0, "balls": 1, "wickets": 0}, "2cbdd22f": {"runs": 9, "balls": 5, "wickets": 0}, "39d608d4": {"runs": 6, "balls": 10, "wickets": 0}, "ab21795b": {"runs": 17, "balls": 32, "wickets": 0}, "e94d2d50": {"runs": 1, "balls": 13, "wickets": 0}, "83c3e8e3": {"runs": 9, "balls": 16, "wickets": 1}, "8c9d3000": {"runs": 20, "balls": 34, "wickets": 0}, "ac3c3cab": {"runs": 70, "balls": 82, "wickets": 0}, "0ecb4de6": {"runs": 29, "balls": 45, "wickets": 0}, "e734d090": {"runs": 28, "balls": 53, "wickets": 0}, "214f6461": {"runs": 8, "balls": 6, "wickets": 0}, "5f222a64": {"runs": 0, "balls": 1, "wickets": 1}, "fc63d916": {"runs": 29, "balls": 30, "wickets": 0}, "1f1b4c89": {"runs": 19, "balls": 15, "wickets": 0}, "a4b810d0": {"runs": 9, "balls": 31, "wickets": 0}, "9679838c": {"runs": 12, "balls": 13, "wickets": 0}, "a5735bd3": {"runs": 16, "balls": 25, "wickets": 0}, "344c6d55": {"runs": 26, "balls": 41, "wickets": 0}, "932d3cc9": {"runs": 6, "balls": 12, "wickets": 0}, "9c643d7b": {"runs": 11, "balls": 42, "wickets": 0}, "961b8ff1": {"runs": 9, "balls": 21, "wickets": 0}, "1ab18b25": {"runs": 7, "balls": 8, "wickets": 0}, "e05b2a5b": {"runs": 36, "balls": 33, "wickets": 0}, "f834dcfc": {"runs": 2, "balls": 2, "wickets": 0}, "81c36ee9": {"runs": 0, "balls": 5, "wickets": 0}, "3204c99f": {"runs": 1, "balls": 1, "wickets": 0}, "0b60eb09": {"runs": 0, "balls": 4, "wickets": 1}, "ab6b1c45": {"runs": 0, "balls": 1, "wickets": 0}, "f787e0eb": {"runs": 18, "balls": 22, "wickets": 0}, "526a3073": {"runs": 12, "balls": 29, "wickets": 0}, "912f472c": {"runs": 26, "balls": 49, "wickets": 0}, "72075ec1": {"runs": 8, "balls": 12, "wickets": 0}, "f2c936d7": {"runs": 13, "balls": 9, "wickets": 0}, "28392e11": {"runs": 6, "balls": 5, "wickets": 2}, "5222f5fa": {"runs": 6, "balls": 4, "wickets": 0}, "51a60c16": {"runs": 1, "balls": 1, "wickets": 0}, "6834d1f2": {"runs": 11, "balls": 19, "wickets": 1}, "10735e1d": {"runs": 15, "balls": 26, "wickets": 1}, "70d57519": {"runs": 3, "balls": 5, "wickets": 1}, "a77472dc": {"runs": 1, "balls": 1, "wickets": 0}, "06c2de82": {"runs": 1, "balls": 1, "wickets": 0}, "39e2c0fd": {"runs": 5, "balls": 3, "wickets": 1}, "57590dbb": {"runs": 7, "balls": 4, "wickets": 0}, "be69e09d": {"runs": 0, "balls": 2, "wickets": 0}, "0ebb3444": {"runs": 14, "balls": 29, "wickets": 1}}, "fifties": 5, "thirties": 30, "centuries": 0, "maidens": 475.0, "hattricks": 49, "club_ODI_previous3_runs": [], "club_ODI_previous3_wickets": [], "club_ODI_previous3_balls played": [], "club_ODI_previous3_overs": [], "club_ODI_previous3_runs gave": [], "club_ODI_lifetime_runs": 0.0, "club_ODI_lifetime_wickets": 0.0, "club_ODI_lifetime_balls played": 0.0, "club_ODI_lifetime_overs": 0.0, "club_ODI_lifetime_runs gave": 0.0, "club_Test_previous3_runs": [3.0, 12.0, 41.0], "club_Test_previous3_wickets": [2.0, 6.0, 4.0], "club_Test_previous3_balls played": [5.0, 19.0, 79.0], "club_Test_previous3_overs": [15.5, 41.0, 48.83333333333333], "club_Test_previous3_runs gave": [56.0, 131.0, 133.0], "club_Test_lifetime_runs": 2214.0, "club_Test_lifetime_wickets": 187.0, "club_Test_lifetime_balls played": 3725.0, "club_Test_lifetime_overs": 1887.1666666666665, "club_Test_lifetime_runs gave": 5375.0, "club_T20_previous3_runs": [0.0, 12.0, 0.0], "club_T20_previous3_wickets": [1.0, 1.0, 3.0], "club_T20_previous3_balls played": [0.0, 7.0, 0.0], "club_T20_previous3_overs": [3.0, 3.8333333333333335, 4.0], "club_T20_previous3_runs gave": [24.0, 36.0, 34.0], "club_T20_lifetime_runs": 691.0, "club_T20_lifetime_wickets": 124.0, "club_T20_lifetime_balls played": 542.0, "club_T20_lifetime_overs": 364.83333333333326, "club_T20_lifetime_runs gave": 3141.0, "international_ODI_previous3_runs": [2.0, 3.0, 0.0], "international_ODI_previous3_wickets": [0.0, 1.0, 0.0], "international_ODI_previous3_balls played": [2.0, 11.0, 2.0], "international_ODI_previous3_overs": [8.666666666666666, 10.0, 10.0], "international_ODI_previous3_runs gave": [74.0, 59.0, 60.0], "international_ODI_lifetime_runs": 11.0, "international_ODI_lifetime_wickets": 2.0, "international_ODI_lifetime_balls played": 29.0, "international_ODI_lifetime_overs": 36.666666666666664, "international_ODI_lifetime_runs gave": 239.0, "international_Test_previous3_runs": [38.0, 18.0], "international_Test_previous3_wickets": [1.0, 5.0], "international_Test_previous3_balls played": [37.0, 34.0], "international_Test_previous3_overs": [24.0, 22.833333333333336], "international_Test_previous3_runs gave": [63.0, 56.0], "international_Test_lifetime_runs": 56.0, "international_Test_lifetime_wickets": 6.0, "international_Test_lifetime_balls played": 71.0, "international_Test_lifetime_overs": 46.833333333333336, "international_Test_lifetime_runs gave": 119.0, "international_T20_previous3_runs": [], "international_T20_previous3_wickets": [], "international_T20_previous3_balls played": [], "international_T20_previous3_overs": [], "international_T20_previous3_runs gave": [], "international_T20_lifetime_runs": 0.0, "international_T20_lifetime_wickets": 0.0, "international_T20_lifetime_balls played": 0.0, "international_T20_lifetime_overs": 0.0, "international_T20_lifetime_runs gave": 0.0}