{"played_against": {"2c535f08": {"runs": 5, "balls": 2, "wickets": 0}, "2dde3e62": {"runs": 0, "balls": 2, "wickets": 2}, "a96b36af": {"runs": 1, "balls": 5, "wickets": 0}, "4393e047": {"runs": 1, "balls": 4, "wickets": 1}, "6d5983d4": {"runs": 0, "balls": 6, "wickets": 1}, "8f70fff7": {"runs": 0, "balls": 2, "wickets": 0}, "c556b9d2": {"runs": 7, "balls": 5, "wickets": 1}, "f992c8da": {"runs": 0, "balls": 2, "wickets": 1}, "69caf2be": {"runs": 9, "balls": 6, "wickets": 0}, "11a22126": {"runs": 4, "balls": 5, "wickets": 0}, "7213d757": {"runs": 2, "balls": 2, "wickets": 0}, "34ab1e6e": {"runs": 7, "balls": 5, "wickets": 0}, "31f01815": {"runs": 1, "balls": 2, "wickets": 0}, "3b52d247": {"runs": 1, "balls": 2, "wickets": 0}, "681f522f": {"runs": 0, "balls": 2, "wickets": 0}, "97b9cb64": {"runs": 0, "balls": 6, "wickets": 0}, "c2409632": {"runs": 2, "balls": 3, "wickets": 0}, "180e2c15": {"runs": 2, "balls": 2, "wickets": 0}, "b38a9f73": {"runs": 2, "balls": 2, "wickets": 0}, "3c13fc3b": {"runs": 1, "balls": 5, "wickets": 0}, "26c9b5be": {"runs": 4, "balls": 2, "wickets": 1}, "8a9320a1": {"runs": 1, "balls": 1, "wickets": 0}, "29ee9bf9": {"runs": 1, "balls": 1, "wickets": 0}, "0848ac5f": {"runs": 1, "balls": 3, "wickets": 1}, "e5117568": {"runs": 4, "balls": 1, "wickets": 0}, "8b7ce771": {"runs": 1, "balls": 1, "wickets": 0}, "89394502": {"runs": 3, "balls": 1, "wickets": 0}}, "fifties": 0, "thirties": 0, "centuries": 0, "maidens": 2.0, "hattricks": 1, "club_ODI_previous3_runs": [], "club_ODI_previous3_wickets": [], "club_ODI_previous3_balls played": [], "club_ODI_previous3_overs": [], "club_ODI_previous3_runs gave": [], "club_ODI_lifetime_runs": 0.0, "club_ODI_lifetime_wickets": 0.0, "club_ODI_lifetime_balls played": 0.0, "club_ODI_lifetime_overs": 0.0, "club_ODI_lifetime_runs gave": 0.0, "club_Test_previous3_runs": [], "club_Test_previous3_wickets": [], "club_Test_previous3_balls played": [], "club_Test_previous3_overs": [], "club_Test_previous3_runs gave": [], "club_Test_lifetime_runs": 0.0, "club_Test_lifetime_wickets": 0.0, "club_Test_lifetime_balls played": 0.0, "club_Test_lifetime_overs": 0.0, "club_Test_lifetime_runs gave": 0.0, "club_T20_previous3_runs": [], "club_T20_previous3_wickets": [], "club_T20_previous3_balls played": [], "club_T20_previous3_overs": [], "club_T20_previous3_runs gave": [], "club_T20_lifetime_runs": 0.0, "club_T20_lifetime_wickets": 0.0, "club_T20_lifetime_balls played": 0.0, "club_T20_lifetime_overs": 0.0, "club_T20_lifetime_runs gave": 0.0, "international_ODI_previous3_runs": [], "international_ODI_previous3_wickets": [], "international_ODI_previous3_balls played": [], "international_ODI_previous3_overs": [], "international_ODI_previous3_runs gave": [], "international_ODI_lifetime_runs": 0.0, "international_ODI_lifetime_wickets": 0.0, "international_ODI_lifetime_balls played": 0.0, "international_ODI_lifetime_overs": 0.0, "international_ODI_lifetime_runs gave": 0.0, "international_Test_previous3_runs": [], "international_Test_previous3_wickets": [], "international_Test_previous3_balls played": [], "international_Test_previous3_overs": [], "international_Test_previous3_runs gave": [], "international_Test_lifetime_runs": 0.0, "international_Test_lifetime_wickets": 0.0, "international_Test_lifetime_balls played": 0.0, "international_Test_lifetime_overs": 0.0, "international_Test_lifetime_runs gave": 0.0, "international_T20_previous3_runs": [2.0, 8.0, 0.0], "international_T20_previous3_wickets": [0.0, 0.0, 3.0], "international_T20_previous3_balls played": [4.0, 3.0, 0.0], "international_T20_previous3_overs": [1.0, 1.0, 4.0], "international_T20_previous3_runs gave": [6.0, 15.0, 15.0], "international_T20_lifetime_runs": 60.0, "international_T20_lifetime_wickets": 10.0, "international_T20_lifetime_balls played": 80.0, "international_T20_lifetime_overs": 35.5, "international_T20_lifetime_runs gave": 229.0}