{"played_against": {"42172c3c": {"runs": 7, "balls": 7, "wickets": 0}, "c654af19": {"runs": 0, "balls": 3, "wickets": 1}, "5f547c8b": {"runs": 0, "balls": 1, "wickets": 0}, "a9da7784": {"runs": 1, "balls": 2, "wickets": 0}, "d4eef961": {"runs": 13, "balls": 2, "wickets": 0}, "462d7c62": {"runs": 0, "balls": 1, "wickets": 0}, "8361e524": {"runs": 14, "balls": 11, "wickets": 0}, "46b9eda8": {"runs": 2, "balls": 3, "wickets": 0}, "f892fcf9": {"runs": 2, "balls": 3, "wickets": 0}, "9df3a2f4": {"runs": 20, "balls": 6, "wickets": 0}, "a03bba42": {"runs": 4, "balls": 8, "wickets": 0}, "1cb14aa4": {"runs": 6, "balls": 5, "wickets": 0}, "d92d8446": {"runs": 4, "balls": 5, "wickets": 0}, "c64b1e43": {"runs": 1, "balls": 3, "wickets": 1}, "9a2fc964": {"runs": 5, "balls": 4, "wickets": 0}, "f2397e48": {"runs": 3, "balls": 3, "wickets": 0}, "8e6827f7": {"runs": 2, "balls": 4, "wickets": 0}, "9d50c7e1": {"runs": 9, "balls": 5, "wickets": 0}, "a2316f90": {"runs": 0, "balls": 1, "wickets": 1}, "6b9eb501": {"runs": 1, "balls": 2, "wickets": 1}, "844e79d1": {"runs": 10, "balls": 8, "wickets": 0}, "a83c44b8": {"runs": 6, "balls": 4, "wickets": 0}}, "fifties": 0, "thirties": 1, "centuries": 0, "maidens": 0.0, "hattricks": 2, "club_ODI_previous3_runs": [], "club_ODI_previous3_wickets": [], "club_ODI_previous3_balls played": [], "club_ODI_previous3_overs": [], "club_ODI_previous3_runs gave": [], "club_ODI_lifetime_runs": 0.0, "club_ODI_lifetime_wickets": 0.0, "club_ODI_lifetime_balls played": 0.0, "club_ODI_lifetime_overs": 0.0, "club_ODI_lifetime_runs gave": 0.0, "club_Test_previous3_runs": [], "club_Test_previous3_wickets": [], "club_Test_previous3_balls played": [], "club_Test_previous3_overs": [], "club_Test_previous3_runs gave": [], "club_Test_lifetime_runs": 0.0, "club_Test_lifetime_wickets": 0.0, "club_Test_lifetime_balls played": 0.0, "club_Test_lifetime_overs": 0.0, "club_Test_lifetime_runs gave": 0.0, "club_T20_previous3_runs": [1.0, 22.0, 0.0], "club_T20_previous3_wickets": [0.0, 0.0, 0.0], "club_T20_previous3_balls played": [2.0, 18.0, 0.0], "club_T20_previous3_overs": [1.0, 2.0, 1.0], "club_T20_previous3_runs gave": [9.0, 10.0, 7.0], "club_T20_lifetime_runs": 110.0, "club_T20_lifetime_wickets": 16.0, "club_T20_lifetime_balls played": 91.0, "club_T20_lifetime_overs": 48.5, "club_T20_lifetime_runs gave": 430.0, "international_ODI_previous3_runs": [], "international_ODI_previous3_wickets": [], "international_ODI_previous3_balls played": [], "international_ODI_previous3_overs": [], "international_ODI_previous3_runs gave": [], "international_ODI_lifetime_runs": 0.0, "international_ODI_lifetime_wickets": 0.0, "international_ODI_lifetime_balls played": 0.0, "international_ODI_lifetime_overs": 0.0, "international_ODI_lifetime_runs gave": 0.0, "international_Test_previous3_runs": [], "international_Test_previous3_wickets": [], "international_Test_previous3_balls played": [], "international_Test_previous3_overs": [], "international_Test_previous3_runs gave": [], "international_Test_lifetime_runs": 0.0, "international_Test_lifetime_wickets": 0.0, "international_Test_lifetime_balls played": 0.0, "international_Test_lifetime_overs": 0.0, "international_Test_lifetime_runs gave": 0.0, "international_T20_previous3_runs": [], "international_T20_previous3_wickets": [], "international_T20_previous3_balls played": [], "international_T20_previous3_overs": [], "international_T20_previous3_runs gave": [], "international_T20_lifetime_runs": 0.0, "international_T20_lifetime_wickets": 0.0, "international_T20_lifetime_balls played": 0.0, "international_T20_lifetime_overs": 0.0, "international_T20_lifetime_runs gave": 0.0}