{"played_against": {"7a03f67d": {"runs": 0, "balls": 1, "wickets": 1}, "edf62a25": {"runs": 10, "balls": 9, "wickets": 1}, "f91abcd6": {"runs": 5, "balls": 7, "wickets": 0}, "2ae76bf6": {"runs": 1, "balls": 7, "wickets": 0}, "16301313": {"runs": 5, "balls": 6, "wickets": 0}, "2e988457": {"runs": 15, "balls": 17, "wickets": 0}, "1e4c0204": {"runs": 5, "balls": 5, "wickets": 0}, "86933cde": {"runs": 5, "balls": 8, "wickets": 0}, "a4f1fdd4": {"runs": 8, "balls": 22, "wickets": 0}, "f13d3eba": {"runs": 5, "balls": 8, "wickets": 0}, "2dc78362": {"runs": 1, "balls": 5, "wickets": 0}, "8e7be59c": {"runs": 4, "balls": 4, "wickets": 0}, "bba7558e": {"runs": 0, "balls": 1, "wickets": 1}, "50ee0500": {"runs": 1, "balls": 3, "wickets": 0}, "d3b4b8ed": {"runs": 0, "balls": 2, "wickets": 0}, "ac8bca8d": {"runs": 1, "balls": 2, "wickets": 0}, "b4f73b44": {"runs": 3, "balls": 8, "wickets": 0}, "d58fdb42": {"runs": 1, "balls": 4, "wickets": 1}, "1806d310": {"runs": 1, "balls": 1, "wickets": 0}, "4eebb3e5": {"runs": 6, "balls": 3, "wickets": 0}, "f6ddfe08": {"runs": 0, "balls": 8, "wickets": 0}, "58acb320": {"runs": 1, "balls": 3, "wickets": 0}, "44c3cb6d": {"runs": 8, "balls": 22, "wickets": 2}, "1b3f7dbb": {"runs": 3, "balls": 5, "wickets": 0}, "b72a8938": {"runs": 18, "balls": 15, "wickets": 0}, "0e283b75": {"runs": 3, "balls": 4, "wickets": 0}, "76e56ac6": {"runs": 9, "balls": 8, "wickets": 0}, "72de0105": {"runs": 1, "balls": 3, "wickets": 0}, "626fbc80": {"runs": 20, "balls": 13, "wickets": 0}, "6e60bbe2": {"runs": 13, "balls": 27, "wickets": 0}, "16610c7b": {"runs": 6, "balls": 10, "wickets": 0}, "88e90658": {"runs": 7, "balls": 11, "wickets": 0}, "1c726c76": {"runs": 8, "balls": 7, "wickets": 0}, "7f8316e3": {"runs": 1, "balls": 3, "wickets": 0}, "7e7d2fe5": {"runs": 2, "balls": 4, "wickets": 0}, "90e03594": {"runs": 2, "balls": 3, "wickets": 0}, "2853eafb": {"runs": 0, "balls": 4, "wickets": 0}, "ffa296f7": {"runs": 20, "balls": 17, "wickets": 1}, "bc44071a": {"runs": 4, "balls": 5, "wickets": 0}, "8a0ba257": {"runs": 3, "balls": 10, "wickets": 0}, "11d0079f": {"runs": 11, "balls": 4, "wickets": 0}, "4ca3d67d": {"runs": 3, "balls": 2, "wickets": 0}, "9d80f576": {"runs": 1, "balls": 1, "wickets": 0}, "a4e98e6b": {"runs": 6, "balls": 10, "wickets": 0}, "9be80ea0": {"runs": 4, "balls": 4, "wickets": 0}, "f7aca3b3": {"runs": 16, "balls": 5, "wickets": 0}, "1eec6a0f": {"runs": 3, "balls": 4, "wickets": 0}, "36dfa62e": {"runs": 3, "balls": 5, "wickets": 1}, "e393c6c1": {"runs": 15, "balls": 21, "wickets": 0}, "c0dc015b": {"runs": 3, "balls": 8, "wickets": 0}, "fa9fdefa": {"runs": 16, "balls": 33, "wickets": 0}, "db873292": {"runs": 0, "balls": 2, "wickets": 1}, "531aef3b": {"runs": 13, "balls": 15, "wickets": 0}, "5728635a": {"runs": 9, "balls": 3, "wickets": 0}, "5596d5bf": {"runs": 3, "balls": 6, "wickets": 1}, "dfdaca74": {"runs": 15, "balls": 28, "wickets": 1}, "521abce2": {"runs": 18, "balls": 20, "wickets": 1}, "97e6e41a": {"runs": 8, "balls": 9, "wickets": 1}, "0cd297b9": {"runs": 6, "balls": 8, "wickets": 0}, "8eb52953": {"runs": 7, "balls": 5, "wickets": 0}, "e1492aed": {"runs": 1, "balls": 2, "wickets": 0}, "61c22ad0": {"runs": 16, "balls": 17, "wickets": 0}, "7bdbd6d0": {"runs": 11, "balls": 14, "wickets": 0}, "25a2755a": {"runs": 0, "balls": 1, "wickets": 0}, "27339093": {"runs": 0, "balls": 1, "wickets": 0}, "2d772f77": {"runs": 17, "balls": 18, "wickets": 0}, "f5e70dd4": {"runs": 1, "balls": 4, "wickets": 0}, "97eb9a07": {"runs": 0, "balls": 1, "wickets": 0}, "fdc6b34d": {"runs": 1, "balls": 1, "wickets": 0}, "b245cd8b": {"runs": 3, "balls": 4, "wickets": 0}, "a259c414": {"runs": 4, "balls": 5, "wickets": 1}, "34f86a2d": {"runs": 3, "balls": 6, "wickets": 0}, "6348c6e9": {"runs": 1, "balls": 2, "wickets": 0}, "106135f5": {"runs": 5, "balls": 4, "wickets": 0}, "c4022bff": {"runs": 1, "balls": 2, "wickets": 1}, "2f37396f": {"runs": 2, "balls": 2, "wickets": 0}, "c1a0cebe": {"runs": 4, "balls": 5, "wickets": 0}, "2d4317da": {"runs": 13, "balls": 14, "wickets": 1}, "b84718fd": {"runs": 1, "balls": 4, "wickets": 0}, "026b815f": {"runs": 6, "balls": 4, "wickets": 0}, "d758a366": {"runs": 2, "balls": 6, "wickets": 0}, "92b9e9af": {"runs": 0, "balls": 2, "wickets": 1}, "532ddb12": {"runs": 0, "balls": 2, "wickets": 1}, "26b3df21": {"runs": 0, "balls": 3, "wickets": 0}, "86a68879": {"runs": 6, "balls": 8, "wickets": 0}, "0286eabe": {"runs": 12, "balls": 12, "wickets": 0}, "f4270fc7": {"runs": 1, "balls": 1, "wickets": 0}, "bb641155": {"runs": 2, "balls": 2, "wickets": 0}, "f281dd00": {"runs": 6, "balls": 8, "wickets": 0}, "c8e6bddd": {"runs": 7, "balls": 11, "wickets": 0}, "9c2e3040": {"runs": 3, "balls": 2, "wickets": 0}, "8d25271a": {"runs": 9, "balls": 7, "wickets": 0}, "9e5f4ad7": {"runs": 2, "balls": 6, "wickets": 0}, "ff20c3ed": {"runs": 1, "balls": 1, "wickets": 0}, "b17a4a93": {"runs": 3, "balls": 5, "wickets": 0}, "1b0ce76e": {"runs": 6, "balls": 9, "wickets": 1}, "3798b336": {"runs": 2, "balls": 8, "wickets": 0}, "8451562a": {"runs": 0, "balls": 2, "wickets": 1}, "8a452195": {"runs": 4, "balls": 5, "wickets": 1}, "23e3f2d6": {"runs": 2, "balls": 4, "wickets": 0}, "bd36bc39": {"runs": 1, "balls": 1, "wickets": 0}, "4b15618c": {"runs": 15, "balls": 10, "wickets": 0}, "519b872a": {"runs": 6, "balls": 6, "wickets": 0}, "ac56b5a7": {"runs": 1, "balls": 1, "wickets": 0}, "5838cb64": {"runs": 1, "balls": 2, "wickets": 0}, "2fa916b3": {"runs": 1, "balls": 4, "wickets": 0}, "a61850e6": {"runs": 0, "balls": 1, "wickets": 1}, "10726a80": {"runs": 0, "balls": 2, "wickets": 0}, "5145239b": {"runs": 5, "balls": 2, "wickets": 0}, "6d972d02": {"runs": 9, "balls": 5, "wickets": 0}, "781f1a40": {"runs": 2, "balls": 2, "wickets": 0}, "8ffa1b3c": {"runs": 18, "balls": 9, "wickets": 0}, "53f88bf1": {"runs": 11, "balls": 7, "wickets": 0}, "7a81836e": {"runs": 17, "balls": 11, "wickets": 0}, "23917bf0": {"runs": 8, "balls": 5, "wickets": 0}, "db32d60a": {"runs": 1, "balls": 1, "wickets": 0}}, "fifties": 0, "thirties": 5, "centuries": 0, "maidens": 2.0, "hattricks": 0, "club_ODI_previous3_runs": [], "club_ODI_previous3_wickets": [], "club_ODI_previous3_balls played": [], "club_ODI_previous3_overs": [], "club_ODI_previous3_runs gave": [], "club_ODI_lifetime_runs": 0.0, "club_ODI_lifetime_wickets": 0.0, "club_ODI_lifetime_balls played": 0.0, "club_ODI_lifetime_overs": 0.0, "club_ODI_lifetime_runs gave": 0.0, "club_Test_previous3_runs": [], "club_Test_previous3_wickets": [], "club_Test_previous3_balls played": [], "club_Test_previous3_overs": [], "club_Test_previous3_runs gave": [], "club_Test_lifetime_runs": 0.0, "club_Test_lifetime_wickets": 0.0, "club_Test_lifetime_balls played": 0.0, "club_Test_lifetime_overs": 0.0, "club_Test_lifetime_runs gave": 0.0, "club_T20_previous3_runs": [], "club_T20_previous3_wickets": [], "club_T20_previous3_balls played": [], "club_T20_previous3_overs": [], "club_T20_previous3_runs gave": [], "club_T20_lifetime_runs": 0.0, "club_T20_lifetime_wickets": 0.0, "club_T20_lifetime_balls played": 0.0, "club_T20_lifetime_overs": 0.0, "club_T20_lifetime_runs gave": 0.0, "international_ODI_previous3_runs": [], "international_ODI_previous3_wickets": [], "international_ODI_previous3_balls played": [], "international_ODI_previous3_overs": [], "international_ODI_previous3_runs gave": [], "international_ODI_lifetime_runs": 0.0, "international_ODI_lifetime_wickets": 0.0, "international_ODI_lifetime_balls played": 0.0, "international_ODI_lifetime_overs": 0.0, "international_ODI_lifetime_runs gave": 0.0, "international_Test_previous3_runs": [], "international_Test_previous3_wickets": [], "international_Test_previous3_balls played": [], "international_Test_previous3_overs": [], "international_Test_previous3_runs gave": [], "international_Test_lifetime_runs": 0.0, "international_Test_lifetime_wickets": 0.0, "international_Test_lifetime_balls played": 0.0, "international_Test_lifetime_overs": 0.0, "international_Test_lifetime_runs gave": 0.0, "international_T20_previous3_runs": [0.0, 14.0, 0.0], "international_T20_previous3_wickets": [0.0, 0.0, 0.0], "international_T20_previous3_balls played": [0.0, 16.0, 0.0], "international_T20_previous3_overs": [0.0, 0.0, 0.0], "international_T20_previous3_runs gave": [0.0, 0.0, 0.0], "international_T20_lifetime_runs": 620.0, "international_T20_lifetime_wickets": 20.0, "international_T20_lifetime_balls played": 793.0, "international_T20_lifetime_overs": 90.49999999999999, "international_T20_lifetime_runs gave": 510.0}