{"played_against": {"41eb4a4f": {"runs": 4, "balls": 7, "wickets": 1}, "66cf56a5": {"runs": 3, "balls": 3, "wickets": 0}, "bd17b45f": {"runs": 7, "balls": 3, "wickets": 0}, "5876c626": {"runs": 9, "balls": 5, "wickets": 0}, "6c6591ab": {"runs": 10, "balls": 4, "wickets": 0}, "2f49c897": {"runs": 1, "balls": 1, "wickets": 0}, "0ff9728b": {"runs": 1, "balls": 2, "wickets": 1}, "529fbf1b": {"runs": 12, "balls": 8, "wickets": 0}, "70eb694b": {"runs": 9, "balls": 3, "wickets": 0}, "f19ccfad": {"runs": 4, "balls": 6, "wickets": 0}, "871e9faf": {"runs": 0, "balls": 4, "wickets": 0}, "798cc28e": {"runs": 0, "balls": 1, "wickets": 1}, "dc4686e6": {"runs": 10, "balls": 4, "wickets": 0}, "06adaa46": {"runs": 4, "balls": 6, "wickets": 0}, "cb4f31e2": {"runs": 11, "balls": 5, "wickets": 0}, "791c088d": {"runs": 5, "balls": 4, "wickets": 0}, "c18496e1": {"runs": 1, "balls": 8, "wickets": 0}, "fe473dc2": {"runs": 11, "balls": 9, "wickets": 1}, "27e71d47": {"runs": 6, "balls": 6, "wickets": 1}, "1d8388eb": {"runs": 11, "balls": 3, "wickets": 0}, "9d704f6f": {"runs": 10, "balls": 8, "wickets": 1}, "d2a989fc": {"runs": 6, "balls": 6, "wickets": 0}, "1abb78f8": {"runs": 11, "balls": 5, "wickets": 0}, "46a9bea1": {"runs": 10, "balls": 4, "wickets": 0}, "9601c534": {"runs": 1, "balls": 1, "wickets": 0}, "e0407c01": {"runs": 1, "balls": 3, "wickets": 1}, "d8b2f218": {"runs": 6, "balls": 9, "wickets": 0}, "0c0ef3fb": {"runs": 12, "balls": 7, "wickets": 0}, "ae78bc32": {"runs": 14, "balls": 6, "wickets": 0}, "339bda40": {"runs": 3, "balls": 5, "wickets": 0}, "c0a642a9": {"runs": 1, "balls": 3, "wickets": 0}, "1e66c162": {"runs": 8, "balls": 6, "wickets": 1}, "eef2536f": {"runs": 6, "balls": 7, "wickets": 0}, "2e0c09bb": {"runs": 6, "balls": 3, "wickets": 0}, "2e78f685": {"runs": 1, "balls": 3, "wickets": 0}, "24d94623": {"runs": 4, "balls": 5, "wickets": 1}, "49bacd0f": {"runs": 5, "balls": 3, "wickets": 0}, "a63563c0": {"runs": 3, "balls": 6, "wickets": 0}, "134bead2": {"runs": 2, "balls": 3, "wickets": 0}, "caabc8e4": {"runs": 0, "balls": 2, "wickets": 1}, "2795b0f6": {"runs": 1, "balls": 2, "wickets": 0}, "2ed569a0": {"runs": 6, "balls": 2, "wickets": 0}}, "fifties": 0, "thirties": 3, "centuries": 0, "maidens": 0.0, "hattricks": 0, "club_ODI_previous3_runs": [], "club_ODI_previous3_wickets": [], "club_ODI_previous3_balls played": [], "club_ODI_previous3_overs": [], "club_ODI_previous3_runs gave": [], "club_ODI_lifetime_runs": 0.0, "club_ODI_lifetime_wickets": 0.0, "club_ODI_lifetime_balls played": 0.0, "club_ODI_lifetime_overs": 0.0, "club_ODI_lifetime_runs gave": 0.0, "club_Test_previous3_runs": [], "club_Test_previous3_wickets": [], "club_Test_previous3_balls played": [], "club_Test_previous3_overs": [], "club_Test_previous3_runs gave": [], "club_Test_lifetime_runs": 0.0, "club_Test_lifetime_wickets": 0.0, "club_Test_lifetime_balls played": 0.0, "club_Test_lifetime_overs": 0.0, "club_Test_lifetime_runs gave": 0.0, "club_T20_previous3_runs": [5.0, 7.0, 0.0], "club_T20_previous3_wickets": [0.0, 0.0, 0.0], "club_T20_previous3_balls played": [11.0, 4.0, 0.0], "club_T20_previous3_overs": [0.0, 0.0, 0.0], "club_T20_previous3_runs gave": [0.0, 0.0, 0.0], "club_T20_lifetime_runs": 236.0, "club_T20_lifetime_wickets": 3.0, "club_T20_lifetime_balls played": 195.0, "club_T20_lifetime_overs": 8.0, "club_T20_lifetime_runs gave": 60.0, "international_ODI_previous3_runs": [], "international_ODI_previous3_wickets": [], "international_ODI_previous3_balls played": [], "international_ODI_previous3_overs": [], "international_ODI_previous3_runs gave": [], "international_ODI_lifetime_runs": 0.0, "international_ODI_lifetime_wickets": 0.0, "international_ODI_lifetime_balls played": 0.0, "international_ODI_lifetime_overs": 0.0, "international_ODI_lifetime_runs gave": 0.0, "international_Test_previous3_runs": [], "international_Test_previous3_wickets": [], "international_Test_previous3_balls played": [], "international_Test_previous3_overs": [], "international_Test_previous3_runs gave": [], "international_Test_lifetime_runs": 0.0, "international_Test_lifetime_wickets": 0.0, "international_Test_lifetime_balls played": 0.0, "international_Test_lifetime_overs": 0.0, "international_Test_lifetime_runs gave": 0.0, "international_T20_previous3_runs": [], "international_T20_previous3_wickets": [], "international_T20_previous3_balls played": [], "international_T20_previous3_overs": [], "international_T20_previous3_runs gave": [], "international_T20_lifetime_runs": 0.0, "international_T20_lifetime_wickets": 0.0, "international_T20_lifetime_balls played": 0.0, "international_T20_lifetime_overs": 0.0, "international_T20_lifetime_runs gave": 0.0}