{"played_against": {"70456281": {"runs": 0, "balls": 4, "wickets": 0}, "7cefb2a2": {"runs": 5, "balls": 9, "wickets": 0}, "35971419": {"runs": 2, "balls": 3, "wickets": 1}, "98d05440": {"runs": 1, "balls": 1, "wickets": 0}, "1adb8ee8": {"runs": 4, "balls": 4, "wickets": 0}, "e6d298e8": {"runs": 6, "balls": 2, "wickets": 0}, "f43dd8c2": {"runs": 8, "balls": 8, "wickets": 1}, "469ccead": {"runs": 11, "balls": 4, "wickets": 0}, "1252f71a": {"runs": 17, "balls": 6, "wickets": 0}, "b8b95e44": {"runs": 1, "balls": 1, "wickets": 0}, "13a1dc01": {"runs": 14, "balls": 11, "wickets": 0}, "d178e57e": {"runs": 6, "balls": 5, "wickets": 0}, "ceec82cd": {"runs": 21, "balls": 7, "wickets": 0}, "86b0bbe8": {"runs": 8, "balls": 6, "wickets": 0}, "4040951f": {"runs": 1, "balls": 1, "wickets": 0}, "08df0bd3": {"runs": 1, "balls": 2, "wickets": 0}, "5d9ebb3c": {"runs": 4, "balls": 6, "wickets": 0}, "18ae55e4": {"runs": 0, "balls": 1, "wickets": 1}, "c8a3f688": {"runs": 3, "balls": 3, "wickets": 0}, "bd9fbd51": {"runs": 1, "balls": 2, "wickets": 0}, "dcdb87f2": {"runs": 2, "balls": 2, "wickets": 0}, "18db3f22": {"runs": 1, "balls": 1, "wickets": 0}, "a9231c3f": {"runs": 2, "balls": 8, "wickets": 1}, "a6bab2a9": {"runs": 1, "balls": 10, "wickets": 0}, "87a92b6b": {"runs": 1, "balls": 1, "wickets": 0}, "0dbe27b8": {"runs": 1, "balls": 1, "wickets": 0}, "abbdca1a": {"runs": 4, "balls": 5, "wickets": 0}, "05c2ca46": {"runs": 3, "balls": 4, "wickets": 0}, "d99cc23a": {"runs": 3, "balls": 2, "wickets": 0}, "c042b412": {"runs": 2, "balls": 4, "wickets": 0}, "4557dc54": {"runs": 0, "balls": 2, "wickets": 1}, "72e60730": {"runs": 3, "balls": 7, "wickets": 1}, "9a95bebb": {"runs": 1, "balls": 3, "wickets": 0}, "c9945bdf": {"runs": 1, "balls": 1, "wickets": 0}, "bd0a4a7d": {"runs": 1, "balls": 3, "wickets": 0}, "29b89ae8": {"runs": 0, "balls": 2, "wickets": 1}}, "fifties": 0, "thirties": 2, "centuries": 0, "maidens": 7.0, "hattricks": 1, "club_ODI_previous3_runs": [], "club_ODI_previous3_wickets": [], "club_ODI_previous3_balls played": [], "club_ODI_previous3_overs": [], "club_ODI_previous3_runs gave": [], "club_ODI_lifetime_runs": 0.0, "club_ODI_lifetime_wickets": 0.0, "club_ODI_lifetime_balls played": 0.0, "club_ODI_lifetime_overs": 0.0, "club_ODI_lifetime_runs gave": 0.0, "club_Test_previous3_runs": [], "club_Test_previous3_wickets": [], "club_Test_previous3_balls played": [], "club_Test_previous3_overs": [], "club_Test_previous3_runs gave": [], "club_Test_lifetime_runs": 0.0, "club_Test_lifetime_wickets": 0.0, "club_Test_lifetime_balls played": 0.0, "club_Test_lifetime_overs": 0.0, "club_Test_lifetime_runs gave": 0.0, "club_T20_previous3_runs": [], "club_T20_previous3_wickets": [], "club_T20_previous3_balls played": [], "club_T20_previous3_overs": [], "club_T20_previous3_runs gave": [], "club_T20_lifetime_runs": 0.0, "club_T20_lifetime_wickets": 0.0, "club_T20_lifetime_balls played": 0.0, "club_T20_lifetime_overs": 0.0, "club_T20_lifetime_runs gave": 0.0, "international_ODI_previous3_runs": [3.0, 0.0, 1.0], "international_ODI_previous3_wickets": [2.0, 1.0, 0.0], "international_ODI_previous3_balls played": [18.0, 0.0, 1.0], "international_ODI_previous3_overs": [9.0, 9.0, 7.0], "international_ODI_previous3_runs gave": [28.0, 46.0, 36.0], "international_ODI_lifetime_runs": 57.0, "international_ODI_lifetime_wickets": 6.0, "international_ODI_lifetime_balls played": 51.0, "international_ODI_lifetime_overs": 76.66666666666667, "international_ODI_lifetime_runs gave": 347.0, "international_Test_previous3_runs": [], "international_Test_previous3_wickets": [], "international_Test_previous3_balls played": [], "international_Test_previous3_overs": [], "international_Test_previous3_runs gave": [], "international_Test_lifetime_runs": 0.0, "international_Test_lifetime_wickets": 0.0, "international_Test_lifetime_balls played": 0.0, "international_Test_lifetime_overs": 0.0, "international_Test_lifetime_runs gave": 0.0, "international_T20_previous3_runs": [4.0, 0.0, 2.0], "international_T20_previous3_wickets": [0.0, 0.0, 1.0], "international_T20_previous3_balls played": [10.0, 0.0, 6.0], "international_T20_previous3_overs": [2.0, 1.0, 4.0], "international_T20_previous3_runs gave": [21.0, 13.0, 20.0], "international_T20_lifetime_runs": 83.0, "international_T20_lifetime_wickets": 13.0, "international_T20_lifetime_balls played": 91.0, "international_T20_lifetime_overs": 47.66666666666667, "international_T20_lifetime_runs gave": 255.0}