{"played_against": {"ddc0828d": {"runs": 123, "balls": 296, "wickets": 4}, "a4af4849": {"runs": 16, "balls": 63, "wickets": 0}, "dc0f5506": {"runs": 39, "balls": 130, "wickets": 1}, "7fb32e5b": {"runs": 54, "balls": 85, "wickets": 1}, "3eac9d95": {"runs": 55, "balls": 73, "wickets": 0}, "d7c6af50": {"runs": 257, "balls": 566, "wickets": 4}, "27d1cc51": {"runs": 11, "balls": 30, "wickets": 1}, "43936951": {"runs": 29, "balls": 86, "wickets": 1}, "525c3f54": {"runs": 5, "balls": 13, "wickets": 1}, "4f629497": {"runs": 12, "balls": 46, "wickets": 0}, "57efa3be": {"runs": 58, "balls": 69, "wickets": 3}, "51080a1f": {"runs": 10, "balls": 21, "wickets": 0}, "d2f72b19": {"runs": 7, "balls": 17, "wickets": 1}, "dd09ff8e": {"runs": 190, "balls": 441, "wickets": 7}, "ee7d0c82": {"runs": 39, "balls": 128, "wickets": 2}, "74234d66": {"runs": 47, "balls": 137, "wickets": 2}, "348195ea": {"runs": 19, "balls": 30, "wickets": 0}, "31ce61ab": {"runs": 11, "balls": 18, "wickets": 0}, "80ec5dfd": {"runs": 33, "balls": 41, "wickets": 0}, "7fe5deb8": {"runs": 26, "balls": 25, "wickets": 0}, "37f501d7": {"runs": 26, "balls": 22, "wickets": 0}, "f44af07f": {"runs": 15, "balls": 18, "wickets": 0}, "f011dfa3": {"runs": 6, "balls": 10, "wickets": 0}, "a386e91b": {"runs": 71, "balls": 90, "wickets": 2}, "d12143bf": {"runs": 293, "balls": 489, "wickets": 5}, "25020f9d": {"runs": 7, "balls": 8, "wickets": 1}, "0dc00542": {"runs": 156, "balls": 193, "wickets": 0}, "390ff45b": {"runs": 174, "balls": 217, "wickets": 0}, "10a91f35": {"runs": 108, "balls": 277, "wickets": 2}, "126e56a1": {"runs": 7, "balls": 14, "wickets": 0}, "d8906a73": {"runs": 12, "balls": 8, "wickets": 0}, "2c13defe": {"runs": 17, "balls": 16, "wickets": 0}, "331bd689": {"runs": 8, "balls": 22, "wickets": 0}, "27cc4361": {"runs": 12, "balls": 15, "wickets": 0}, "b15eaf77": {"runs": 7, "balls": 18, "wickets": 0}, "5680f1ad": {"runs": 2, "balls": 8, "wickets": 1}, "bcce309e": {"runs": 66, "balls": 71, "wickets": 0}, "4ba44e19": {"runs": 259, "balls": 472, "wickets": 1}, "342d8ade": {"runs": 87, "balls": 110, "wickets": 1}, "f5390243": {"runs": 2, "balls": 4, "wickets": 0}, "582e9baa": {"runs": 23, "balls": 21, "wickets": 0}, "f708a0bc": {"runs": 66, "balls": 98, "wickets": 2}, "3cf83487": {"runs": 60, "balls": 60, "wickets": 2}, "f39866f1": {"runs": 1, "balls": 8, "wickets": 0}, "b68a30f0": {"runs": 5, "balls": 21, "wickets": 1}, "bd77eb62": {"runs": 138, "balls": 207, "wickets": 4}, "f842c2cf": {"runs": 48, "balls": 70, "wickets": 3}, "4c61a0f9": {"runs": 53, "balls": 75, "wickets": 1}, "60dac349": {"runs": 84, "balls": 100, "wickets": 0}, "953e3931": {"runs": 8, "balls": 22, "wickets": 1}, "3227beb4": {"runs": 11, "balls": 10, "wickets": 2}, "556302a7": {"runs": 20, "balls": 27, "wickets": 1}, "67af6f81": {"runs": 16, "balls": 27, "wickets": 0}, "64c34cd0": {"runs": 97, "balls": 116, "wickets": 3}, "3d189742": {"runs": 9, "balls": 19, "wickets": 0}, "68ddabdb": {"runs": 203, "balls": 351, "wickets": 3}, "905181c0": {"runs": 60, "balls": 126, "wickets": 0}, "0be1b885": {"runs": 149, "balls": 297, "wickets": 1}, "480ed517": {"runs": 29, "balls": 27, "wickets": 1}, "f144d99b": {"runs": 4, "balls": 4, "wickets": 0}, "f233bbb4": {"runs": 72, "balls": 86, "wickets": 2}, "ab89348d": {"runs": 61, "balls": 59, "wickets": 2}, "434e36b1": {"runs": 21, "balls": 26, "wickets": 1}, "2e0fcc58": {"runs": 20, "balls": 28, "wickets": 2}, "6e1b1ec0": {"runs": 6, "balls": 12, "wickets": 0}, "fcbf5a30": {"runs": 4, "balls": 10, "wickets": 0}, "c16d2e28": {"runs": 36, "balls": 125, "wickets": 1}, "00d69fa4": {"runs": 7, "balls": 4, "wickets": 0}, "2fdd16fe": {"runs": 10, "balls": 5, "wickets": 0}, "33f28243": {"runs": 106, "balls": 139, "wickets": 2}, "bb18be76": {"runs": 38, "balls": 57, "wickets": 1}, "8d0ea930": {"runs": 7, "balls": 52, "wickets": 1}, "53fe6ee4": {"runs": 2, "balls": 6, "wickets": 0}, "8ea6e670": {"runs": 77, "balls": 117, "wickets": 0}, "88fccd6c": {"runs": 88, "balls": 258, "wickets": 3}, "20a941bb": {"runs": 186, "balls": 418, "wickets": 3}, "6b0c3a20": {"runs": 66, "balls": 148, "wickets": 1}, "26ff4c29": {"runs": 14, "balls": 29, "wickets": 0}, "c85bcfad": {"runs": 13, "balls": 56, "wickets": 0}, "55f33b32": {"runs": 24, "balls": 49, "wickets": 0}, "42537f07": {"runs": 12, "balls": 28, "wickets": 0}, "72861603": {"runs": 34, "balls": 50, "wickets": 0}, "e186f49c": {"runs": 62, "balls": 90, "wickets": 1}, "5e5eab39": {"runs": 1, "balls": 11, "wickets": 0}, "3fc3b204": {"runs": 14, "balls": 21, "wickets": 0}, "0c8a1d51": {"runs": 38, "balls": 41, "wickets": 1}, "7ff3fcaa": {"runs": 78, "balls": 110, "wickets": 2}, "53bc7b84": {"runs": 18, "balls": 22, "wickets": 0}, "bb1819fa": {"runs": 7, "balls": 5, "wickets": 0}, "acc321aa": {"runs": 17, "balls": 14, "wickets": 0}, "0a4c6dfd": {"runs": 35, "balls": 63, "wickets": 0}, "9ab63e7b": {"runs": 16, "balls": 15, "wickets": 0}, "6adf9347": {"runs": 61, "balls": 91, "wickets": 0}, "db767b89": {"runs": 24, "balls": 23, "wickets": 0}, "35205dfc": {"runs": 45, "balls": 74, "wickets": 2}, "83904270": {"runs": 16, "balls": 20, "wickets": 0}, "1417ba2f": {"runs": 12, "balls": 9, "wickets": 0}, "2f8a9682": {"runs": 1, "balls": 3, "wickets": 0}, "a7c7802a": {"runs": 10, "balls": 19, "wickets": 0}, "9de271ef": {"runs": 3, "balls": 9, "wickets": 1}, "0cc343b0": {"runs": 16, "balls": 26, "wickets": 2}, "df08c69e": {"runs": 27, "balls": 40, "wickets": 0}, "36fc8d18": {"runs": 17, "balls": 33, "wickets": 0}, "4329fbb5": {"runs": 52, "balls": 98, "wickets": 2}, "d0513f63": {"runs": 15, "balls": 9, "wickets": 0}, "5bdcdb72": {"runs": 74, "balls": 82, "wickets": 1}, "e0351c86": {"runs": 20, "balls": 23, "wickets": 0}, "cccdde80": {"runs": 6, "balls": 4, "wickets": 0}, "30b60511": {"runs": 8, "balls": 8, "wickets": 0}, "2503e881": {"runs": 35, "balls": 78, "wickets": 2}, "d1c94b25": {"runs": 43, "balls": 62, "wickets": 2}, "7c503806": {"runs": 14, "balls": 21, "wickets": 0}, "e03b66ec": {"runs": 49, "balls": 124, "wickets": 2}, "33cb3411": {"runs": 1, "balls": 19, "wickets": 0}, "16dfcc19": {"runs": 32, "balls": 50, "wickets": 0}, "3cf5ae43": {"runs": 44, "balls": 73, "wickets": 1}, "5a37ec26": {"runs": 164, "balls": 339, "wickets": 2}, "818e8bf2": {"runs": 41, "balls": 72, "wickets": 0}, "9a963804": {"runs": 45, "balls": 62, "wickets": 1}, "60dd8960": {"runs": 23, "balls": 23, "wickets": 0}, "e97aefe2": {"runs": 27, "balls": 35, "wickets": 0}, "a7c226e1": {"runs": 136, "balls": 288, "wickets": 2}, "a7489342": {"runs": 73, "balls": 198, "wickets": 1}, "4180d897": {"runs": 118, "balls": 195, "wickets": 0}, "87b177e8": {"runs": 62, "balls": 255, "wickets": 4}, "60beb01b": {"runs": 9, "balls": 8, "wickets": 0}, "77079be1": {"runs": 37, "balls": 44, "wickets": 1}, "db584dad": {"runs": 91, "balls": 135, "wickets": 1}, "87e562a9": {"runs": 104, "balls": 210, "wickets": 1}, "36d33dd0": {"runs": 36, "balls": 44, "wickets": 1}, "f1cb042f": {"runs": 98, "balls": 175, "wickets": 0}, "f846de6a": {"runs": 128, "balls": 209, "wickets": 3}, "881a9bdd": {"runs": 7, "balls": 6, "wickets": 0}, "a12e1d51": {"runs": 85, "balls": 118, "wickets": 1}, "f5180fe6": {"runs": 141, "balls": 366, "wickets": 6}, "a3bfec5d": {"runs": 59, "balls": 233, "wickets": 0}, "86dc8f2e": {"runs": 130, "balls": 188, "wickets": 1}, "6581d753": {"runs": 4, "balls": 4, "wickets": 0}, "8fd1a8f5": {"runs": 104, "balls": 195, "wickets": 3}, "fd093ca9": {"runs": 107, "balls": 297, "wickets": 1}, "e7de4f6b": {"runs": 23, "balls": 27, "wickets": 0}, "4fc516bd": {"runs": 20, "balls": 25, "wickets": 0}, "469ea22b": {"runs": 57, "balls": 84, "wickets": 0}, "888e32bf": {"runs": 18, "balls": 29, "wickets": 0}, "b743f01b": {"runs": 33, "balls": 42, "wickets": 0}, "7dc35884": {"runs": 63, "balls": 121, "wickets": 2}, "cb263798": {"runs": 7, "balls": 2, "wickets": 0}, "090f9211": {"runs": 33, "balls": 56, "wickets": 3}, "0480aba6": {"runs": 10, "balls": 25, "wickets": 0}, "1ec36a1e": {"runs": 27, "balls": 24, "wickets": 0}, "2bb09eb2": {"runs": 22, "balls": 29, "wickets": 0}, "cfe70281": {"runs": 19, "balls": 21, "wickets": 0}, "e9c14262": {"runs": 1, "balls": 1, "wickets": 0}, "9dca07d7": {"runs": 25, "balls": 49, "wickets": 0}, "a72b14ff": {"runs": 66, "balls": 173, "wickets": 1}, "e662b18f": {"runs": 5, "balls": 5, "wickets": 0}, "7c7303eb": {"runs": 5, "balls": 3, "wickets": 0}, "eba6a852": {"runs": 206, "balls": 399, "wickets": 3}, "3edb58fc": {"runs": 27, "balls": 29, "wickets": 1}, "7ca5e05d": {"runs": 44, "balls": 41, "wickets": 1}, "6c75310b": {"runs": 2, "balls": 3, "wickets": 0}, "7bf96684": {"runs": 2, "balls": 3, "wickets": 1}, "2498e163": {"runs": 26, "balls": 33, "wickets": 0}, "64d43928": {"runs": 44, "balls": 70, "wickets": 1}, "addfb70e": {"runs": 18, "balls": 30, "wickets": 0}, "5bb5a915": {"runs": 75, "balls": 214, "wickets": 4}, "035cb925": {"runs": 3, "balls": 7, "wickets": 0}, "66b30f71": {"runs": 25, "balls": 19, "wickets": 0}, "5bb1a1c4": {"runs": 63, "balls": 47, "wickets": 2}, "96fd40ae": {"runs": 33, "balls": 32, "wickets": 1}, "d2a989fc": {"runs": 16, "balls": 18, "wickets": 1}, "8b5b6769": {"runs": 23, "balls": 23, "wickets": 3}, "ae78bc32": {"runs": 11, "balls": 14, "wickets": 1}, "93a17209": {"runs": 10, "balls": 8, "wickets": 0}, "33a364a6": {"runs": 27, "balls": 16, "wickets": 1}, "8ba8195d": {"runs": 9, "balls": 6, "wickets": 0}, "c3d1402f": {"runs": 40, "balls": 31, "wickets": 0}, "6c6591ab": {"runs": 71, "balls": 59, "wickets": 2}, "6b8eb6e5": {"runs": 6, "balls": 11, "wickets": 1}, "890de8cb": {"runs": 14, "balls": 10, "wickets": 0}, "034b4b7d": {"runs": 30, "balls": 22, "wickets": 1}, "98ae73b1": {"runs": 38, "balls": 40, "wickets": 1}, "5fa06777": {"runs": 58, "balls": 41, "wickets": 2}, "725529bc": {"runs": 10, "balls": 9, "wickets": 1}, "abfeb126": {"runs": 35, "balls": 25, "wickets": 1}, "1c914163": {"runs": 33, "balls": 26, "wickets": 1}, "3d7e087f": {"runs": 21, "balls": 8, "wickets": 0}, "3c6ffae8": {"runs": 38, "balls": 21, "wickets": 1}, "fe93fd9d": {"runs": 27, "balls": 13, "wickets": 0}, "b2b50355": {"runs": 59, "balls": 43, "wickets": 1}, "c3d35165": {"runs": 48, "balls": 38, "wickets": 1}, "acd4f5dc": {"runs": 4, "balls": 5, "wickets": 0}, "0604ef16": {"runs": 14, "balls": 7, "wickets": 1}, "fe763256": {"runs": 1, "balls": 1, "wickets": 0}, "b720a5d6": {"runs": 9, "balls": 4, "wickets": 0}, "ea0cdc12": {"runs": 129, "balls": 243, "wickets": 5}, "9b79b9de": {"runs": 50, "balls": 82, "wickets": 0}, "bd93fea4": {"runs": 46, "balls": 121, "wickets": 2}, "fdedb37c": {"runs": 4, "balls": 4, "wickets": 0}, "047d9032": {"runs": 2, "balls": 8, "wickets": 1}, "221ad9d9": {"runs": 186, "balls": 350, "wickets": 5}, "05e0fab5": {"runs": 89, "balls": 293, "wickets": 3}, "78f34e15": {"runs": 81, "balls": 186, "wickets": 1}, "cf73ad76": {"runs": 28, "balls": 87, "wickets": 0}, "f5821615": {"runs": 68, "balls": 134, "wickets": 0}, "91ffa6c6": {"runs": 20, "balls": 74, "wickets": 1}, "13c35c9e": {"runs": 64, "balls": 131, "wickets": 0}, "6ef60d3a": {"runs": 8, "balls": 5, "wickets": 0}, "f0f628c7": {"runs": 20, "balls": 21, "wickets": 3}, "0a4ebc61": {"runs": 23, "balls": 16, "wickets": 0}, "9f961c14": {"runs": 2, "balls": 3, "wickets": 0}, "2a72fd4f": {"runs": 42, "balls": 25, "wickets": 2}, "4353bba5": {"runs": 1, "balls": 1, "wickets": 0}, "d872f52a": {"runs": 0, "balls": 1, "wickets": 1}, "f24ca2ba": {"runs": 7, "balls": 6, "wickets": 0}, "896d78ad": {"runs": 99, "balls": 155, "wickets": 4}, "c24a2c5d": {"runs": 5, "balls": 5, "wickets": 1}, "260fd380": {"runs": 6, "balls": 4, "wickets": 0}, "16043342": {"runs": 15, "balls": 12, "wickets": 0}, "662c47a6": {"runs": 1, "balls": 2, "wickets": 1}, "c8179c68": {"runs": 30, "balls": 29, "wickets": 1}, "1dc12ab9": {"runs": 3, "balls": 6, "wickets": 0}, "740742ef": {"runs": 5, "balls": 3, "wickets": 0}, "b2ae53f5": {"runs": 24, "balls": 28, "wickets": 0}, "e174dadd": {"runs": 11, "balls": 17, "wickets": 0}, "05d74535": {"runs": 12, "balls": 18, "wickets": 0}, "78eb4223": {"runs": 17, "balls": 27, "wickets": 0}, "7d21eb9b": {"runs": 0, "balls": 1, "wickets": 0}, "dd37da14": {"runs": 79, "balls": 127, "wickets": 2}, "d2fcce2f": {"runs": 128, "balls": 252, "wickets": 0}, "bf1d7d3e": {"runs": 38, "balls": 56, "wickets": 0}, "1a8eebbe": {"runs": 12, "balls": 36, "wickets": 0}, "f56cd097": {"runs": 35, "balls": 61, "wickets": 0}, "62e203d4": {"runs": 2, "balls": 2, "wickets": 0}, "6b19d823": {"runs": 26, "balls": 26, "wickets": 1}, "12eddf28": {"runs": 47, "balls": 107, "wickets": 4}, "3d8feaf8": {"runs": 9, "balls": 5, "wickets": 0}, "fa463154": {"runs": 37, "balls": 25, "wickets": 0}, "c654af19": {"runs": 1, "balls": 1, "wickets": 0}, "a757b0d8": {"runs": 30, "balls": 20, "wickets": 0}, "91a4a398": {"runs": 37, "balls": 33, "wickets": 0}, "5d9a1a73": {"runs": 32, "balls": 26, "wickets": 1}, "f5f18a18": {"runs": 29, "balls": 37, "wickets": 2}, "f3171936": {"runs": 95, "balls": 202, "wickets": 4}, "45c2196c": {"runs": 31, "balls": 43, "wickets": 3}, "94238673": {"runs": 14, "balls": 32, "wickets": 0}, "d027ba9f": {"runs": 39, "balls": 71, "wickets": 1}, "a5ac694f": {"runs": 10, "balls": 36, "wickets": 0}, "de3acffe": {"runs": 28, "balls": 51, "wickets": 0}, "2be41edb": {"runs": 13, "balls": 17, "wickets": 0}, "b61a3e1a": {"runs": 2, "balls": 4, "wickets": 0}, "12bffe91": {"runs": 25, "balls": 61, "wickets": 2}, "2a2e6343": {"runs": 25, "balls": 17, "wickets": 1}, "05c2ca46": {"runs": 11, "balls": 7, "wickets": 1}, "9d80c5e1": {"runs": 37, "balls": 33, "wickets": 0}, "85aae393": {"runs": 4, "balls": 6, "wickets": 0}, "e938e1bc": {"runs": 30, "balls": 27, "wickets": 1}, "41eb4a4f": {"runs": 46, "balls": 32, "wickets": 0}, "0f12f9df": {"runs": 10, "balls": 13, "wickets": 1}, "b2570b38": {"runs": 4, "balls": 4, "wickets": 0}, "ef5da05c": {"runs": 4, "balls": 5, "wickets": 0}, "b552a935": {"runs": 8, "balls": 5, "wickets": 0}, "495d42a5": {"runs": 24, "balls": 18, "wickets": 0}, "957532de": {"runs": 12, "balls": 10, "wickets": 1}, "d68e7f48": {"runs": 86, "balls": 259, "wickets": 1}, "c03c6200": {"runs": 127, "balls": 276, "wickets": 2}, "7a80ddf2": {"runs": 165, "balls": 333, "wickets": 2}, "749a1b3a": {"runs": 5, "balls": 5, "wickets": 0}, "ac7fa28f": {"runs": 18, "balls": 31, "wickets": 0}, "39f01cdb": {"runs": 23, "balls": 42, "wickets": 0}, "58043739": {"runs": 51, "balls": 123, "wickets": 2}, "7be8a0ed": {"runs": 23, "balls": 22, "wickets": 0}, "18fac429": {"runs": 46, "balls": 31, "wickets": 0}, "ccdd8308": {"runs": 6, "balls": 8, "wickets": 0}, "7d5af2ea": {"runs": 2, "balls": 4, "wickets": 1}, "f752db61": {"runs": 23, "balls": 84, "wickets": 1}, "96a6a7ad": {"runs": 30, "balls": 76, "wickets": 0}, "48fd7349": {"runs": 12, "balls": 20, "wickets": 0}, "dcce6f09": {"runs": 3, "balls": 4, "wickets": 0}, "3fb19989": {"runs": 11, "balls": 45, "wickets": 0}, "808f425a": {"runs": 9, "balls": 5, "wickets": 0}, "c18496e1": {"runs": 9, "balls": 5, "wickets": 1}, "9d430b40": {"runs": 11, "balls": 12, "wickets": 0}, "24d94623": {"runs": 6, "balls": 6, "wickets": 0}, "d2340a43": {"runs": 9, "balls": 4, "wickets": 0}, "f986ca1a": {"runs": 6, "balls": 4, "wickets": 0}, "d92e42f5": {"runs": 12, "balls": 8, "wickets": 1}, "cc1e8c68": {"runs": 32, "balls": 35, "wickets": 1}, "f62772e5": {"runs": 19, "balls": 15, "wickets": 0}, "1a0c3177": {"runs": 10, "balls": 8, "wickets": 0}, "9a158001": {"runs": 8, "balls": 10, "wickets": 0}, "3a60e0b5": {"runs": 11, "balls": 11, "wickets": 1}, "2e81a32d": {"runs": 30, "balls": 30, "wickets": 0}, "2e8994e7": {"runs": 1, "balls": 1, "wickets": 0}, "d718440b": {"runs": 11, "balls": 7, "wickets": 0}, "1c2a64cd": {"runs": 5, "balls": 3, "wickets": 0}, "bbd41817": {"runs": 16, "balls": 10, "wickets": 0}, "1e66c162": {"runs": 15, "balls": 9, "wickets": 0}, "0f721006": {"runs": 9, "balls": 9, "wickets": 0}, "fb66ce1f": {"runs": 5, "balls": 8, "wickets": 1}, "119678fd": {"runs": 7, "balls": 5, "wickets": 0}, "32198ae0": {"runs": 3, "balls": 5, "wickets": 1}, "27e71d47": {"runs": 10, "balls": 8, "wickets": 0}, "dcf81436": {"runs": 11, "balls": 12, "wickets": 1}, "27af6414": {"runs": 6, "balls": 4, "wickets": 0}, "759ac88f": {"runs": 8, "balls": 11, "wickets": 0}}, "fifties": 25, "thirties": 121, "centuries": 0, "maidens": 0.0, "hattricks": 0, "club_ODI_previous3_runs": [], "club_ODI_previous3_wickets": [], "club_ODI_previous3_balls played": [], "club_ODI_previous3_overs": [], "club_ODI_previous3_runs gave": [], "club_ODI_lifetime_runs": 0.0, "club_ODI_lifetime_wickets": 0.0, "club_ODI_lifetime_balls played": 0.0, "club_ODI_lifetime_overs": 0.0, "club_ODI_lifetime_runs gave": 0.0, "club_Test_previous3_runs": [], "club_Test_previous3_wickets": [], "club_Test_previous3_balls played": [], "club_Test_previous3_overs": [], "club_Test_previous3_runs gave": [], "club_Test_lifetime_runs": 0.0, "club_Test_lifetime_wickets": 0.0, "club_Test_lifetime_balls played": 0.0, "club_Test_lifetime_overs": 0.0, "club_Test_lifetime_runs gave": 0.0, "club_T20_previous3_runs": [25.0, 12.0, 43.0], "club_T20_previous3_wickets": [0.0, 0.0, 0.0], "club_T20_previous3_balls played": [24.0, 10.0, 37.0], "club_T20_previous3_overs": [0.0, 0.0, 0.0], "club_T20_previous3_runs gave": [0.0, 0.0, 0.0], "club_T20_lifetime_runs": 2174.0, "club_T20_lifetime_wickets": 0.0, "club_T20_lifetime_balls played": 1873.0, "club_T20_lifetime_overs": 0.0, "club_T20_lifetime_runs gave": 0.0, "international_ODI_previous3_runs": [2.0, 19.0, 69.0], "international_ODI_previous3_wickets": [0.0, 0.0, 0.0], "international_ODI_previous3_balls played": [11.0, 33.0, 79.0], "international_ODI_previous3_overs": [0.0, 0.0, 0.0], "international_ODI_previous3_runs gave": [0.0, 0.0, 0.0], "international_ODI_lifetime_runs": 3650.0, "international_ODI_lifetime_wickets": 0.0, "international_ODI_lifetime_balls played": 4992.0, "international_ODI_lifetime_overs": 0.0, "international_ODI_lifetime_runs gave": 0.0, "international_Test_previous3_runs": [34.0, 56.0, 26.0], "international_Test_previous3_wickets": [0.0, 0.0, 0.0], "international_Test_previous3_balls played": [106.0, 147.0, 80.0], "international_Test_previous3_overs": [0.0, 0.0, 0.0], "international_Test_previous3_runs gave": [0.0, 0.0, 0.0], "international_Test_lifetime_runs": 5925.0, "international_Test_lifetime_wickets": 0.0, "international_Test_lifetime_balls played": 13585.0, "international_Test_lifetime_overs": 0.0, "international_Test_lifetime_runs gave": 0.0, "international_T20_previous3_runs": [31.0], "international_T20_previous3_wickets": [0.0], "international_T20_previous3_balls played": [21.0], "international_T20_previous3_overs": [0.0], "international_T20_previous3_runs gave": [0.0], "international_T20_lifetime_runs": 31.0, "international_T20_lifetime_wickets": 0.0, "international_T20_lifetime_balls played": 21.0, "international_T20_lifetime_overs": 0.0, "international_T20_lifetime_runs gave": 0.0}