{"played_against": {"6de4e430": {"runs": 8, "balls": 5, "wickets": 1}, "8b0b3bba": {"runs": 12, "balls": 9, "wickets": 1}, "11f56b14": {"runs": 10, "balls": 3, "wickets": 0}, "24c1844e": {"runs": 2, "balls": 5, "wickets": 1}, "da39f141": {"runs": 8, "balls": 3, "wickets": 0}, "ec483176": {"runs": 2, "balls": 2, "wickets": 0}, "0fa81719": {"runs": 3, "balls": 4, "wickets": 0}, "1125ebe4": {"runs": 28, "balls": 10, "wickets": 1}, "dc1dd6c4": {"runs": 4, "balls": 3, "wickets": 0}, "c122fe73": {"runs": 1, "balls": 3, "wickets": 0}, "3fa5672e": {"runs": 0, "balls": 1, "wickets": 1}, "e4ad57ea": {"runs": 1, "balls": 1, "wickets": 0}, "b3e9555a": {"runs": 2, "balls": 3, "wickets": 0}, "5e0bb751": {"runs": 1, "balls": 3, "wickets": 1}, "d8bee9a1": {"runs": 0, "balls": 1, "wickets": 1}, "efc3a46b": {"runs": 0, "balls": 1, "wickets": 0}}, "fifties": 0, "thirties": 1, "centuries": 0, "maidens": 0.0, "hattricks": 0, "club_ODI_previous3_runs": [], "club_ODI_previous3_wickets": [], "club_ODI_previous3_balls played": [], "club_ODI_previous3_overs": [], "club_ODI_previous3_runs gave": [], "club_ODI_lifetime_runs": 0.0, "club_ODI_lifetime_wickets": 0.0, "club_ODI_lifetime_balls played": 0.0, "club_ODI_lifetime_overs": 0.0, "club_ODI_lifetime_runs gave": 0.0, "club_Test_previous3_runs": [], "club_Test_previous3_wickets": [], "club_Test_previous3_balls played": [], "club_Test_previous3_overs": [], "club_Test_previous3_runs gave": [], "club_Test_lifetime_runs": 0.0, "club_Test_lifetime_wickets": 0.0, "club_Test_lifetime_balls played": 0.0, "club_Test_lifetime_overs": 0.0, "club_Test_lifetime_runs gave": 0.0, "club_T20_previous3_runs": [], "club_T20_previous3_wickets": [], "club_T20_previous3_balls played": [], "club_T20_previous3_overs": [], "club_T20_previous3_runs gave": [], "club_T20_lifetime_runs": 0.0, "club_T20_lifetime_wickets": 0.0, "club_T20_lifetime_balls played": 0.0, "club_T20_lifetime_overs": 0.0, "club_T20_lifetime_runs gave": 0.0, "international_ODI_previous3_runs": [], "international_ODI_previous3_wickets": [], "international_ODI_previous3_balls played": [], "international_ODI_previous3_overs": [], "international_ODI_previous3_runs gave": [], "international_ODI_lifetime_runs": 0.0, "international_ODI_lifetime_wickets": 0.0, "international_ODI_lifetime_balls played": 0.0, "international_ODI_lifetime_overs": 0.0, "international_ODI_lifetime_runs gave": 0.0, "international_Test_previous3_runs": [], "international_Test_previous3_wickets": [], "international_Test_previous3_balls played": [], "international_Test_previous3_overs": [], "international_Test_previous3_runs gave": [], "international_Test_lifetime_runs": 0.0, "international_Test_lifetime_wickets": 0.0, "international_Test_lifetime_balls played": 0.0, "international_Test_lifetime_overs": 0.0, "international_Test_lifetime_runs gave": 0.0, "international_T20_previous3_runs": [0.0, 0.0, 0.0], "international_T20_previous3_wickets": [1.0, 2.0, 0.0], "international_T20_previous3_balls played": [1.0, 0.0, 0.0], "international_T20_previous3_overs": [1.0, 2.0, 3.5], "international_T20_previous3_runs gave": [16.0, 22.0, 38.0], "international_T20_lifetime_runs": 82.0, "international_T20_lifetime_wickets": 5.0, "international_T20_lifetime_balls played": 58.0, "international_T20_lifetime_overs": 27.333333333333336, "international_T20_lifetime_runs gave": 259.0}