{"played_against": {"58822938": {"runs": 0, "balls": 6, "wickets": 0}, "a15618fe": {"runs": 0, "balls": 5, "wickets": 0}, "a9da7784": {"runs": 6, "balls": 15, "wickets": 1}, "e9d5218e": {"runs": 34, "balls": 48, "wickets": 0}, "5da34add": {"runs": 21, "balls": 57, "wickets": 3}, "7d5e0b78": {"runs": 1, "balls": 6, "wickets": 0}, "450f6fa6": {"runs": 9, "balls": 23, "wickets": 0}, "61a9ce31": {"runs": 12, "balls": 19, "wickets": 0}, "57a76baa": {"runs": 8, "balls": 17, "wickets": 1}, "a72b14ff": {"runs": 9, "balls": 19, "wickets": 0}, "e86754b2": {"runs": 0, "balls": 6, "wickets": 1}, "eaa4cfc2": {"runs": 9, "balls": 40, "wickets": 0}, "15101f12": {"runs": 25, "balls": 46, "wickets": 2}, "7fa2ab1f": {"runs": 1, "balls": 3, "wickets": 1}, "5239d782": {"runs": 13, "balls": 34, "wickets": 2}, "d1c36f5c": {"runs": 1, "balls": 6, "wickets": 0}, "7be8a0ed": {"runs": 11, "balls": 13, "wickets": 1}, "aac9f784": {"runs": 3, "balls": 32, "wickets": 1}, "6daf5e8c": {"runs": 2, "balls": 3, "wickets": 0}, "611926bc": {"runs": 19, "balls": 31, "wickets": 1}, "8db7f47f": {"runs": 15, "balls": 31, "wickets": 0}, "5a37ec26": {"runs": 4, "balls": 17, "wickets": 0}, "7ca5e05d": {"runs": 10, "balls": 14, "wickets": 0}, "91ffa6c6": {"runs": 10, "balls": 14, "wickets": 0}, "25a42048": {"runs": 7, "balls": 22, "wickets": 0}, "4ec07775": {"runs": 0, "balls": 4, "wickets": 0}, "7f048519": {"runs": 0, "balls": 1, "wickets": 0}, "1427277f": {"runs": 1, "balls": 3, "wickets": 0}, "b16cf2ec": {"runs": 18, "balls": 31, "wickets": 0}, "f6c84b9f": {"runs": 0, "balls": 3, "wickets": 1}, "5b6d248a": {"runs": 5, "balls": 10, "wickets": 0}, "245c97cb": {"runs": 6, "balls": 4, "wickets": 1}, "d66edc9a": {"runs": 0, "balls": 4, "wickets": 2}, "bca21d18": {"runs": 3, "balls": 13, "wickets": 0}, "59792462": {"runs": 3, "balls": 11, "wickets": 1}, "b9877635": {"runs": 25, "balls": 25, "wickets": 0}, "808f425a": {"runs": 0, "balls": 7, "wickets": 1}, "59559bc2": {"runs": 8, "balls": 22, "wickets": 0}, "05c2ca46": {"runs": 5, "balls": 3, "wickets": 0}, "5ac8f17b": {"runs": 0, "balls": 1, "wickets": 0}, "8d92a2c3": {"runs": 1, "balls": 1, "wickets": 0}, "dd17e4bc": {"runs": 9, "balls": 19, "wickets": 0}, "aa8d28ae": {"runs": 4, "balls": 20, "wickets": 1}, "ffe699c0": {"runs": 24, "balls": 46, "wickets": 0}, "5574750c": {"runs": 16, "balls": 34, "wickets": 1}, "a316d663": {"runs": 8, "balls": 11, "wickets": 0}, "d99cc23a": {"runs": 11, "balls": 21, "wickets": 3}, "e22d3b5c": {"runs": 2, "balls": 7, "wickets": 1}, "2a0d5d4a": {"runs": 0, "balls": 4, "wickets": 0}, "7955eb15": {"runs": 10, "balls": 13, "wickets": 0}, "42151725": {"runs": 2, "balls": 8, "wickets": 0}, "d74d1090": {"runs": 1, "balls": 2, "wickets": 0}, "0e0d43b4": {"runs": 0, "balls": 6, "wickets": 0}, "e423d162": {"runs": 6, "balls": 4, "wickets": 0}, "f3abd0c9": {"runs": 0, "balls": 2, "wickets": 0}, "e174dadd": {"runs": 2, "balls": 2, "wickets": 0}, "57590dbb": {"runs": 0, "balls": 3, "wickets": 1}, "aeab0d4f": {"runs": 2, "balls": 4, "wickets": 0}, "4c0f3806": {"runs": 1, "balls": 21, "wickets": 2}, "350bb1b1": {"runs": 6, "balls": 17, "wickets": 0}, "9395f98e": {"runs": 7, "balls": 19, "wickets": 0}, "bdadf7da": {"runs": 3, "balls": 21, "wickets": 1}, "eddf25bd": {"runs": 3, "balls": 2, "wickets": 0}, "acee4cc4": {"runs": 3, "balls": 5, "wickets": 0}, "c5cc48bc": {"runs": 10, "balls": 39, "wickets": 0}, "e84ac20c": {"runs": 1, "balls": 10, "wickets": 1}, "5e6d1a54": {"runs": 14, "balls": 22, "wickets": 0}, "d4eef961": {"runs": 33, "balls": 52, "wickets": 1}, "0c7f11be": {"runs": 11, "balls": 17, "wickets": 0}, "1a45b864": {"runs": 0, "balls": 1, "wickets": 1}, "0f3ee070": {"runs": 13, "balls": 29, "wickets": 1}, "43205dad": {"runs": 3, "balls": 6, "wickets": 0}, "c4450a69": {"runs": 13, "balls": 13, "wickets": 1}, "b3544c5d": {"runs": 23, "balls": 25, "wickets": 1}, "e871a7a1": {"runs": 13, "balls": 26, "wickets": 1}, "ab01e323": {"runs": 4, "balls": 30, "wickets": 0}, "e087956b": {"runs": 1, "balls": 10, "wickets": 2}, "4fd09cfc": {"runs": 6, "balls": 7, "wickets": 0}, "6c908ffc": {"runs": 0, "balls": 7, "wickets": 2}, "d112c570": {"runs": 1, "balls": 1, "wickets": 0}, "1efd12d1": {"runs": 6, "balls": 5, "wickets": 0}, "3a60e0b5": {"runs": 1, "balls": 4, "wickets": 0}, "a089f93f": {"runs": 0, "balls": 2, "wickets": 1}, "ad9c32a2": {"runs": 0, "balls": 2, "wickets": 0}, "948beb1f": {"runs": 11, "balls": 17, "wickets": 0}, "dda5aae5": {"runs": 19, "balls": 19, "wickets": 1}, "f1ba9ed7": {"runs": 2, "balls": 5, "wickets": 0}, "9789e56e": {"runs": 11, "balls": 21, "wickets": 1}, "2f9d0389": {"runs": 5, "balls": 11, "wickets": 0}, "1066a976": {"runs": 5, "balls": 9, "wickets": 0}, "d68e7f48": {"runs": 1, "balls": 6, "wickets": 0}, "782fb776": {"runs": 1, "balls": 2, "wickets": 0}, "8728a058": {"runs": 3, "balls": 3, "wickets": 0}, "fa433be6": {"runs": 2, "balls": 10, "wickets": 0}, "cad40f5e": {"runs": 7, "balls": 18, "wickets": 1}, "e05b2a5b": {"runs": 8, "balls": 10, "wickets": 0}, "03df7a25": {"runs": 0, "balls": 2, "wickets": 2}, "cd143bca": {"runs": 20, "balls": 40, "wickets": 0}, "219cc59e": {"runs": 11, "balls": 26, "wickets": 0}, "a510bdd3": {"runs": 1, "balls": 4, "wickets": 0}, "fc63d916": {"runs": 17, "balls": 32, "wickets": 2}, "98eacfe5": {"runs": 2, "balls": 15, "wickets": 1}, "be869ccf": {"runs": 20, "balls": 20, "wickets": 0}, "f1eb3c73": {"runs": 2, "balls": 3, "wickets": 0}, "1f1b4c89": {"runs": 6, "balls": 9, "wickets": 0}, "5db1c288": {"runs": 10, "balls": 8, "wickets": 1}, "e0ac7144": {"runs": 8, "balls": 6, "wickets": 2}, "d3868bd0": {"runs": 15, "balls": 41, "wickets": 1}, "e9987a94": {"runs": 14, "balls": 57, "wickets": 0}, "8bf61e65": {"runs": 9, "balls": 11, "wickets": 1}, "70d57519": {"runs": 13, "balls": 20, "wickets": 0}, "c672e80e": {"runs": 1, "balls": 2, "wickets": 0}, "06c2de82": {"runs": 21, "balls": 43, "wickets": 0}, "3987e390": {"runs": 29, "balls": 49, "wickets": 1}, "f0a0204e": {"runs": 6, "balls": 46, "wickets": 0}, "4167f30b": {"runs": 2, "balls": 4, "wickets": 0}, "4a461c24": {"runs": 14, "balls": 30, "wickets": 1}, "3f61a062": {"runs": 4, "balls": 12, "wickets": 1}, "c89474d1": {"runs": 13, "balls": 55, "wickets": 0}, "d26e0405": {"runs": 0, "balls": 3, "wickets": 2}, "6ea2710f": {"runs": 2, "balls": 41, "wickets": 0}, "ea3d687a": {"runs": 7, "balls": 21, "wickets": 1}, "9caf69a1": {"runs": 3, "balls": 4, "wickets": 1}, "1a2676c5": {"runs": 8, "balls": 12, "wickets": 0}, "c042b412": {"runs": 0, "balls": 1, "wickets": 1}, "39180894": {"runs": 12, "balls": 10, "wickets": 0}, "eade4650": {"runs": 0, "balls": 3, "wickets": 1}, "94d7f855": {"runs": 0, "balls": 1, "wickets": 0}, "7a8a0237": {"runs": 10, "balls": 26, "wickets": 0}, "8479a24a": {"runs": 6, "balls": 13, "wickets": 0}, "45ca0dc0": {"runs": 12, "balls": 8, "wickets": 0}, "27c5a793": {"runs": 8, "balls": 11, "wickets": 0}, "e43aa7ed": {"runs": 1, "balls": 2, "wickets": 0}, "a790df98": {"runs": 1, "balls": 10, "wickets": 1}, "39e2c0fd": {"runs": 7, "balls": 3, "wickets": 0}, "b20f423b": {"runs": 4, "balls": 34, "wickets": 0}, "867a45a7": {"runs": 10, "balls": 37, "wickets": 0}, "07c8a2f4": {"runs": 5, "balls": 18, "wickets": 0}, "5a74e559": {"runs": 6, "balls": 12, "wickets": 0}, "24bb1c2f": {"runs": 5, "balls": 6, "wickets": 1}, "b21ed464": {"runs": 0, "balls": 3, "wickets": 0}, "861eed37": {"runs": 1, "balls": 15, "wickets": 0}, "65b6943c": {"runs": 10, "balls": 32, "wickets": 0}, "23dee937": {"runs": 0, "balls": 1, "wickets": 0}, "23638956": {"runs": 10, "balls": 23, "wickets": 1}, "eab74985": {"runs": 0, "balls": 2, "wickets": 0}, "2f28dc94": {"runs": 17, "balls": 15, "wickets": 0}, "067bda18": {"runs": 20, "balls": 25, "wickets": 0}, "2085e1fa": {"runs": 7, "balls": 13, "wickets": 0}, "ad286dcc": {"runs": 5, "balls": 8, "wickets": 0}, "fc4375ef": {"runs": 0, "balls": 1, "wickets": 0}, "fbd4f01f": {"runs": 9, "balls": 21, "wickets": 1}, "894b2d25": {"runs": 10, "balls": 33, "wickets": 0}, "e5437608": {"runs": 4, "balls": 7, "wickets": 0}, "a77472dc": {"runs": 7, "balls": 6, "wickets": 0}, "dfc4d8b5": {"runs": 1, "balls": 1, "wickets": 0}, "74a274cc": {"runs": 8, "balls": 5, "wickets": 0}, "e94915e6": {"runs": 1, "balls": 1, "wickets": 0}, "e36e9dd3": {"runs": 3, "balls": 3, "wickets": 1}, "9c643d7b": {"runs": 8, "balls": 6, "wickets": 0}, "a5735bd3": {"runs": 0, "balls": 1, "wickets": 1}, "214f6461": {"runs": 5, "balls": 7, "wickets": 1}, "2413a688": {"runs": 4, "balls": 4, "wickets": 1}, "19708692": {"runs": 4, "balls": 20, "wickets": 0}, "54c2b697": {"runs": 10, "balls": 4, "wickets": 0}, "52c442e4": {"runs": 14, "balls": 26, "wickets": 0}, "a4b810d0": {"runs": 0, "balls": 16, "wickets": 0}, "9679838c": {"runs": 1, "balls": 9, "wickets": 0}, "27fc5808": {"runs": 14, "balls": 13, "wickets": 0}, "7f7f658b": {"runs": 8, "balls": 14, "wickets": 1}, "2ecd844a": {"runs": 2, "balls": 8, "wickets": 1}, "344c6d55": {"runs": 3, "balls": 4, "wickets": 0}, "fe5b4367": {"runs": 1, "balls": 2, "wickets": 1}, "0bec3a6c": {"runs": 1, "balls": 2, "wickets": 0}, "cdd875d9": {"runs": 2, "balls": 1, "wickets": 0}, "7d7233a9": {"runs": 1, "balls": 7, "wickets": 1}, "bdc0670a": {"runs": 0, "balls": 0, "wickets": 0}, "8f08313a": {"runs": 6, "balls": 4, "wickets": 1}, "ad212f96": {"runs": 6, "balls": 5, "wickets": 1}, "5ccdb14f": {"runs": 2, "balls": 5, "wickets": 0}, "5899dceb": {"runs": 9, "balls": 8, "wickets": 0}, "5c86c3c2": {"runs": 5, "balls": 3, "wickets": 0}, "8ecb0241": {"runs": 3, "balls": 3, "wickets": 0}, "28217d89": {"runs": 8, "balls": 3, "wickets": 0}, "634749ad": {"runs": 10, "balls": 5, "wickets": 0}, "e5218454": {"runs": 2, "balls": 3, "wickets": 0}, "92205bc7": {"runs": 1, "balls": 2, "wickets": 1}, "402f8494": {"runs": 5, "balls": 9, "wickets": 0}, "30f92334": {"runs": 1, "balls": 1, "wickets": 0}, "eafe8a94": {"runs": 0, "balls": 7, "wickets": 1}}, "fifties": 0, "thirties": 9, "centuries": 0, "maidens": 377.0, "hattricks": 42, "club_ODI_previous3_runs": [13.0, 13.0, 0.0], "club_ODI_previous3_wickets": [3.0, 1.0, 0.0], "club_ODI_previous3_balls played": [8.0, 10.0, 0.0], "club_ODI_previous3_overs": [10.0, 10.0, 6.0], "club_ODI_previous3_runs gave": [38.0, 49.0, 17.0], "club_ODI_lifetime_runs": 144.0, "club_ODI_lifetime_wickets": 28.0, "club_ODI_lifetime_balls played": 159.0, "club_ODI_lifetime_overs": 278.33333333333337, "club_ODI_lifetime_runs gave": 1498.0, "club_Test_previous3_runs": [3.0, 4.0, 8.0], "club_Test_previous3_wickets": [0.0, 4.0, 2.0], "club_Test_previous3_balls played": [7.0, 15.0, 12.0], "club_Test_previous3_overs": [28.833333333333336, 46.0, 19.0], "club_Test_previous3_runs gave": [121.0, 160.0, 71.0], "club_Test_lifetime_runs": 951.0, "club_Test_lifetime_wickets": 160.0, "club_Test_lifetime_balls played": 2343.0, "club_Test_lifetime_overs": 2019.1666666666663, "club_Test_lifetime_runs gave": 7098.0, "club_T20_previous3_runs": [6.0, 0.0, 0.0], "club_T20_previous3_wickets": [0.0, 3.0, 3.0], "club_T20_previous3_balls played": [11.0, 0.0, 0.0], "club_T20_previous3_overs": [4.0, 3.0, 4.0], "club_T20_previous3_runs gave": [27.0, 26.0, 18.0], "club_T20_lifetime_runs": 152.0, "club_T20_lifetime_wickets": 69.0, "club_T20_lifetime_balls played": 144.0, "club_T20_lifetime_overs": 222.33333333333337, "club_T20_lifetime_runs gave": 1905.0, "international_ODI_previous3_runs": [], "international_ODI_previous3_wickets": [], "international_ODI_previous3_balls played": [], "international_ODI_previous3_overs": [], "international_ODI_previous3_runs gave": [], "international_ODI_lifetime_runs": 0.0, "international_ODI_lifetime_wickets": 0.0, "international_ODI_lifetime_balls played": 0.0, "international_ODI_lifetime_overs": 0.0, "international_ODI_lifetime_runs gave": 0.0, "international_Test_previous3_runs": [], "international_Test_previous3_wickets": [], "international_Test_previous3_balls played": [], "international_Test_previous3_overs": [], "international_Test_previous3_runs gave": [], "international_Test_lifetime_runs": 0.0, "international_Test_lifetime_wickets": 0.0, "international_Test_lifetime_balls played": 0.0, "international_Test_lifetime_overs": 0.0, "international_Test_lifetime_runs gave": 0.0, "international_T20_previous3_runs": [], "international_T20_previous3_wickets": [], "international_T20_previous3_balls played": [], "international_T20_previous3_overs": [], "international_T20_previous3_runs gave": [], "international_T20_lifetime_runs": 0.0, "international_T20_lifetime_wickets": 0.0, "international_T20_lifetime_balls played": 0.0, "international_T20_lifetime_overs": 0.0, "international_T20_lifetime_runs gave": 0.0}