{"played_against": {"495d42a5": {"runs": 11, "balls": 4, "wickets": 0}, "1b7c4d69": {"runs": 1, "balls": 2, "wickets": 1}, "d2550980": {"runs": 1, "balls": 1, "wickets": 0}, "d4b8ea98": {"runs": 4, "balls": 2, "wickets": 1}, "a584021c": {"runs": 1, "balls": 1, "wickets": 0}, "26a85969": {"runs": 4, "balls": 3, "wickets": 0}, "3bc10d5b": {"runs": 1, "balls": 2, "wickets": 0}, "7c3b3b78": {"runs": 0, "balls": 1, "wickets": 1}, "8f607eea": {"runs": 1, "balls": 1, "wickets": 0}, "e342d310": {"runs": 0, "balls": 3, "wickets": 0}, "97114e80": {"runs": 2, "balls": 4, "wickets": 0}}, "fifties": 0, "thirties": 0, "centuries": 0, "maidens": 4.0, "hattricks": 4, "club_ODI_previous3_runs": [], "club_ODI_previous3_wickets": [], "club_ODI_previous3_balls played": [], "club_ODI_previous3_overs": [], "club_ODI_previous3_runs gave": [], "club_ODI_lifetime_runs": 0.0, "club_ODI_lifetime_wickets": 0.0, "club_ODI_lifetime_balls played": 0.0, "club_ODI_lifetime_overs": 0.0, "club_ODI_lifetime_runs gave": 0.0, "club_Test_previous3_runs": [], "club_Test_previous3_wickets": [], "club_Test_previous3_balls played": [], "club_Test_previous3_overs": [], "club_Test_previous3_runs gave": [], "club_Test_lifetime_runs": 0.0, "club_Test_lifetime_wickets": 0.0, "club_Test_lifetime_balls played": 0.0, "club_Test_lifetime_overs": 0.0, "club_Test_lifetime_runs gave": 0.0, "club_T20_previous3_runs": [0.0, 0.0, 0.0], "club_T20_previous3_wickets": [0.0, 6.0, 0.0], "club_T20_previous3_balls played": [0.0, 0.0, 0.0], "club_T20_previous3_overs": [3.0, 4.0, 3.6666666666666665], "club_T20_previous3_runs gave": [40.0, 13.0, 32.0], "club_T20_lifetime_runs": 26.0, "club_T20_lifetime_wickets": 29.0, "club_T20_lifetime_balls played": 25.0, "club_T20_lifetime_overs": 70.5, "club_T20_lifetime_runs gave": 503.0, "international_ODI_previous3_runs": [], "international_ODI_previous3_wickets": [], "international_ODI_previous3_balls played": [], "international_ODI_previous3_overs": [], "international_ODI_previous3_runs gave": [], "international_ODI_lifetime_runs": 0.0, "international_ODI_lifetime_wickets": 0.0, "international_ODI_lifetime_balls played": 0.0, "international_ODI_lifetime_overs": 0.0, "international_ODI_lifetime_runs gave": 0.0, "international_Test_previous3_runs": [], "international_Test_previous3_wickets": [], "international_Test_previous3_balls played": [], "international_Test_previous3_overs": [], "international_Test_previous3_runs gave": [], "international_Test_lifetime_runs": 0.0, "international_Test_lifetime_wickets": 0.0, "international_Test_lifetime_balls played": 0.0, "international_Test_lifetime_overs": 0.0, "international_Test_lifetime_runs gave": 0.0, "international_T20_previous3_runs": [], "international_T20_previous3_wickets": [], "international_T20_previous3_balls played": [], "international_T20_previous3_overs": [], "international_T20_previous3_runs gave": [], "international_T20_lifetime_runs": 0.0, "international_T20_lifetime_wickets": 0.0, "international_T20_lifetime_balls played": 0.0, "international_T20_lifetime_overs": 0.0, "international_T20_lifetime_runs gave": 0.0}