{"played_against": {"1f3e6df4": {"runs": 2, "balls": 3, "wickets": 0}, "48f25627": {"runs": 3, "balls": 9, "wickets": 0}, "edf3773b": {"runs": 4, "balls": 8, "wickets": 1}, "c53500ba": {"runs": 6, "balls": 5, "wickets": 0}, "488f6d91": {"runs": 4, "balls": 12, "wickets": 0}, "44f5a3e4": {"runs": 8, "balls": 6, "wickets": 0}, "25ef10a2": {"runs": 3, "balls": 10, "wickets": 0}, "7c885103": {"runs": 1, "balls": 2, "wickets": 0}, "71686118": {"runs": 0, "balls": 1, "wickets": 1}, "76903be1": {"runs": 21, "balls": 19, "wickets": 0}, "746fd7bf": {"runs": 1, "balls": 1, "wickets": 0}, "33e72826": {"runs": 2, "balls": 3, "wickets": 0}, "119007ef": {"runs": 2, "balls": 7, "wickets": 0}, "b9fd3959": {"runs": 0, "balls": 2, "wickets": 1}, "87ead66e": {"runs": 12, "balls": 5, "wickets": 0}, "92593de0": {"runs": 7, "balls": 5, "wickets": 0}, "5cbeb83d": {"runs": 8, "balls": 9, "wickets": 0}, "c65e0275": {"runs": 7, "balls": 12, "wickets": 1}, "39799e49": {"runs": 1, "balls": 2, "wickets": 0}, "72a7dcb5": {"runs": 5, "balls": 4, "wickets": 0}, "04f0d409": {"runs": 0, "balls": 3, "wickets": 1}, "f20e7aac": {"runs": 0, "balls": 2, "wickets": 1}, "db95ddeb": {"runs": 6, "balls": 9, "wickets": 0}, "e7353cbb": {"runs": 18, "balls": 8, "wickets": 0}, "a9a18e3e": {"runs": 12, "balls": 6, "wickets": 0}, "cc3fb3b3": {"runs": 0, "balls": 1, "wickets": 0}, "07687c15": {"runs": 4, "balls": 7, "wickets": 0}, "79b4839e": {"runs": 3, "balls": 9, "wickets": 0}, "d1988788": {"runs": 3, "balls": 5, "wickets": 0}, "3df3f50b": {"runs": 3, "balls": 4, "wickets": 0}, "f0e293b0": {"runs": 4, "balls": 3, "wickets": 0}, "84dc72db": {"runs": 1, "balls": 2, "wickets": 0}, "e741ed8f": {"runs": 1, "balls": 3, "wickets": 0}, "1e569fb0": {"runs": 8, "balls": 6, "wickets": 1}, "1021b6e5": {"runs": 6, "balls": 7, "wickets": 1}, "384fa385": {"runs": 4, "balls": 4, "wickets": 0}, "2c6052a6": {"runs": 7, "balls": 10, "wickets": 1}, "38189be1": {"runs": 2, "balls": 5, "wickets": 0}, "6e991bd4": {"runs": 5, "balls": 6, "wickets": 0}, "b67af1c4": {"runs": 2, "balls": 6, "wickets": 0}, "df3947f4": {"runs": 11, "balls": 20, "wickets": 1}, "7bb926a7": {"runs": 15, "balls": 24, "wickets": 0}, "c6e1354c": {"runs": 6, "balls": 7, "wickets": 0}, "1a8f879b": {"runs": 18, "balls": 14, "wickets": 0}, "219a417a": {"runs": 4, "balls": 4, "wickets": 0}, "42bf1b7d": {"runs": 2, "balls": 4, "wickets": 0}, "0b581ed6": {"runs": 1, "balls": 6, "wickets": 1}, "eb4f9c61": {"runs": 2, "balls": 11, "wickets": 0}, "2af28253": {"runs": 14, "balls": 24, "wickets": 1}, "7fa6bd8e": {"runs": 9, "balls": 3, "wickets": 0}, "d7e51f87": {"runs": 8, "balls": 11, "wickets": 0}, "3e6e9a5f": {"runs": 2, "balls": 7, "wickets": 0}, "49118dc7": {"runs": 11, "balls": 7, "wickets": 0}, "270bf7e2": {"runs": 1, "balls": 2, "wickets": 0}, "4d1ec7eb": {"runs": 0, "balls": 2, "wickets": 0}}, "fifties": 0, "thirties": 4, "centuries": 0, "maidens": 0.0, "hattricks": 0, "club_ODI_previous3_runs": [], "club_ODI_previous3_wickets": [], "club_ODI_previous3_balls played": [], "club_ODI_previous3_overs": [], "club_ODI_previous3_runs gave": [], "club_ODI_lifetime_runs": 0.0, "club_ODI_lifetime_wickets": 0.0, "club_ODI_lifetime_balls played": 0.0, "club_ODI_lifetime_overs": 0.0, "club_ODI_lifetime_runs gave": 0.0, "club_Test_previous3_runs": [], "club_Test_previous3_wickets": [], "club_Test_previous3_balls played": [], "club_Test_previous3_overs": [], "club_Test_previous3_runs gave": [], "club_Test_lifetime_runs": 0.0, "club_Test_lifetime_wickets": 0.0, "club_Test_lifetime_balls played": 0.0, "club_Test_lifetime_overs": 0.0, "club_Test_lifetime_runs gave": 0.0, "club_T20_previous3_runs": [], "club_T20_previous3_wickets": [], "club_T20_previous3_balls played": [], "club_T20_previous3_overs": [], "club_T20_previous3_runs gave": [], "club_T20_lifetime_runs": 0.0, "club_T20_lifetime_wickets": 0.0, "club_T20_lifetime_balls played": 0.0, "club_T20_lifetime_overs": 0.0, "club_T20_lifetime_runs gave": 0.0, "international_ODI_previous3_runs": [3.0, 46.0, 1.0], "international_ODI_previous3_wickets": [0.0, 0.0, 0.0], "international_ODI_previous3_balls played": [10.0, 63.0, 4.0], "international_ODI_previous3_overs": [0.0, 1.0, 0.0], "international_ODI_previous3_runs gave": [0.0, 12.0, 0.0], "international_ODI_lifetime_runs": 217.0, "international_ODI_lifetime_wickets": 0.0, "international_ODI_lifetime_balls played": 307.0, "international_ODI_lifetime_overs": 9.0, "international_ODI_lifetime_runs gave": 63.0, "international_Test_previous3_runs": [], "international_Test_previous3_wickets": [], "international_Test_previous3_balls played": [], "international_Test_previous3_overs": [], "international_Test_previous3_runs gave": [], "international_Test_lifetime_runs": 0.0, "international_Test_lifetime_wickets": 0.0, "international_Test_lifetime_balls played": 0.0, "international_Test_lifetime_overs": 0.0, "international_Test_lifetime_runs gave": 0.0, "international_T20_previous3_runs": [18.0, 13.0, 10.0], "international_T20_previous3_wickets": [0.0, 0.0, 0.0], "international_T20_previous3_balls played": [31.0, 14.0, 11.0], "international_T20_previous3_overs": [0.0, 0.0, 0.0], "international_T20_previous3_runs gave": [0.0, 0.0, 0.0], "international_T20_lifetime_runs": 73.0, "international_T20_lifetime_wickets": 1.0, "international_T20_lifetime_balls played": 75.0, "international_T20_lifetime_overs": 2.0, "international_T20_lifetime_runs gave": 18.0}