{"played_against": {"609d6c7c": {"runs": 1, "balls": 2, "wickets": 0}, "0ac067e8": {"runs": 1, "balls": 4, "wickets": 0}, "138e30ab": {"runs": 0, "balls": 2, "wickets": 0}, "6de4e430": {"runs": 1, "balls": 3, "wickets": 1}, "a0a32dd1": {"runs": 3, "balls": 5, "wickets": 0}, "27aec396": {"runs": 9, "balls": 4, "wickets": 0}, "39e9f0c9": {"runs": 2, "balls": 3, "wickets": 1}, "2deb4082": {"runs": 3, "balls": 3, "wickets": 0}, "dd3df124": {"runs": 6, "balls": 3, "wickets": 0}, "8b0b3bba": {"runs": 7, "balls": 3, "wickets": 0}, "dc1dd6c4": {"runs": 1, "balls": 1, "wickets": 0}, "1125ebe4": {"runs": 1, "balls": 2, "wickets": 1}, "c122fe73": {"runs": 14, "balls": 6, "wickets": 0}, "3fa5672e": {"runs": 11, "balls": 8, "wickets": 0}, "a4a53adf": {"runs": 7, "balls": 3, "wickets": 0}, "4c72b407": {"runs": 0, "balls": 1, "wickets": 1}, "007113d7": {"runs": 2, "balls": 2, "wickets": 1}, "eb5aa5b9": {"runs": 2, "balls": 3, "wickets": 0}, "d8bee9a1": {"runs": 12, "balls": 5, "wickets": 1}, "7adc2d68": {"runs": 3, "balls": 2, "wickets": 0}, "d18b7f34": {"runs": 5, "balls": 4, "wickets": 0}, "e85bb4b3": {"runs": 2, "balls": 3, "wickets": 0}, "14e1fdab": {"runs": 1, "balls": 4, "wickets": 0}, "a138f597": {"runs": 2, "balls": 4, "wickets": 1}, "77e321db": {"runs": 0, "balls": 1, "wickets": 1}}, "fifties": 0, "thirties": 1, "centuries": 0, "maidens": 0.0, "hattricks": 0, "club_ODI_previous3_runs": [], "club_ODI_previous3_wickets": [], "club_ODI_previous3_balls played": [], "club_ODI_previous3_overs": [], "club_ODI_previous3_runs gave": [], "club_ODI_lifetime_runs": 0.0, "club_ODI_lifetime_wickets": 0.0, "club_ODI_lifetime_balls played": 0.0, "club_ODI_lifetime_overs": 0.0, "club_ODI_lifetime_runs gave": 0.0, "club_Test_previous3_runs": [], "club_Test_previous3_wickets": [], "club_Test_previous3_balls played": [], "club_Test_previous3_overs": [], "club_Test_previous3_runs gave": [], "club_Test_lifetime_runs": 0.0, "club_Test_lifetime_wickets": 0.0, "club_Test_lifetime_balls played": 0.0, "club_Test_lifetime_overs": 0.0, "club_Test_lifetime_runs gave": 0.0, "club_T20_previous3_runs": [], "club_T20_previous3_wickets": [], "club_T20_previous3_balls played": [], "club_T20_previous3_overs": [], "club_T20_previous3_runs gave": [], "club_T20_lifetime_runs": 0.0, "club_T20_lifetime_wickets": 0.0, "club_T20_lifetime_balls played": 0.0, "club_T20_lifetime_overs": 0.0, "club_T20_lifetime_runs gave": 0.0, "international_ODI_previous3_runs": [], "international_ODI_previous3_wickets": [], "international_ODI_previous3_balls played": [], "international_ODI_previous3_overs": [], "international_ODI_previous3_runs gave": [], "international_ODI_lifetime_runs": 0.0, "international_ODI_lifetime_wickets": 0.0, "international_ODI_lifetime_balls played": 0.0, "international_ODI_lifetime_overs": 0.0, "international_ODI_lifetime_runs gave": 0.0, "international_Test_previous3_runs": [], "international_Test_previous3_wickets": [], "international_Test_previous3_balls played": [], "international_Test_previous3_overs": [], "international_Test_previous3_runs gave": [], "international_Test_lifetime_runs": 0.0, "international_Test_lifetime_wickets": 0.0, "international_Test_lifetime_balls played": 0.0, "international_Test_lifetime_overs": 0.0, "international_Test_lifetime_runs gave": 0.0, "international_T20_previous3_runs": [0.0, 2.0, 0.0], "international_T20_previous3_wickets": [1.0, 1.0, 0.0], "international_T20_previous3_balls played": [0.0, 4.0, 1.0], "international_T20_previous3_overs": [3.0, 4.0, 2.0], "international_T20_previous3_runs gave": [31.0, 21.0, 26.0], "international_T20_lifetime_runs": 96.0, "international_T20_lifetime_wickets": 6.0, "international_T20_lifetime_balls played": 83.0, "international_T20_lifetime_overs": 33.666666666666664, "international_T20_lifetime_runs gave": 388.0}