{"played_against": {"f61e2829": {"runs": 0, "balls": 3, "wickets": 2}, "4dabe716": {"runs": 2, "balls": 2, "wickets": 0}, "519b872a": {"runs": 3, "balls": 3, "wickets": 0}, "44c3cb6d": {"runs": 9, "balls": 8, "wickets": 0}, "0e283b75": {"runs": 2, "balls": 3, "wickets": 0}, "531aef3b": {"runs": 3, "balls": 9, "wickets": 1}, "657da2f4": {"runs": 2, "balls": 3, "wickets": 1}, "1c726c76": {"runs": 0, "balls": 1, "wickets": 0}, "bb411d1e": {"runs": 14, "balls": 10, "wickets": 1}, "8d25271a": {"runs": 3, "balls": 8, "wickets": 0}, "cca8bdca": {"runs": 5, "balls": 8, "wickets": 0}, "a4f1fdd4": {"runs": 1, "balls": 5, "wickets": 0}, "97e6e41a": {"runs": 2, "balls": 2, "wickets": 0}, "7bdbd6d0": {"runs": 0, "balls": 2, "wickets": 1}, "521abce2": {"runs": 1, "balls": 5, "wickets": 0}, "61c22ad0": {"runs": 2, "balls": 4, "wickets": 0}, "72de0105": {"runs": 1, "balls": 1, "wickets": 0}, "a259c414": {"runs": 2, "balls": 9, "wickets": 0}, "b245cd8b": {"runs": 4, "balls": 6, "wickets": 1}, "c4022bff": {"runs": 0, "balls": 8, "wickets": 0}, "106135f5": {"runs": 1, "balls": 3, "wickets": 0}, "1486e3fd": {"runs": 1, "balls": 1, "wickets": 0}, "fa9fdefa": {"runs": 2, "balls": 5, "wickets": 0}, "b72a8938": {"runs": 8, "balls": 9, "wickets": 0}, "5728635a": {"runs": 4, "balls": 4, "wickets": 0}, "92b9e9af": {"runs": 4, "balls": 7, "wickets": 0}, "d034d60a": {"runs": 1, "balls": 2, "wickets": 0}, "36dfa62e": {"runs": 0, "balls": 4, "wickets": 0}, "b17a4a93": {"runs": 3, "balls": 4, "wickets": 0}, "9e5f4ad7": {"runs": 1, "balls": 3, "wickets": 0}, "80f6c181": {"runs": 1, "balls": 5, "wickets": 0}, "ecb8ba2c": {"runs": 0, "balls": 4, "wickets": 1}, "8a452195": {"runs": 1, "balls": 1, "wickets": 0}, "2fa916b3": {"runs": 1, "balls": 1, "wickets": 0}, "c34a15e6": {"runs": 0, "balls": 1, "wickets": 1}, "532ddb12": {"runs": 1, "balls": 1, "wickets": 0}, "8451562a": {"runs": 6, "balls": 5, "wickets": 1}, "ffa296f7": {"runs": 5, "balls": 2, "wickets": 0}}, "fifties": 0, "thirties": 0, "centuries": 0, "maidens": 10.0, "hattricks": 3, "club_ODI_previous3_runs": [], "club_ODI_previous3_wickets": [], "club_ODI_previous3_balls played": [], "club_ODI_previous3_overs": [], "club_ODI_previous3_runs gave": [], "club_ODI_lifetime_runs": 0.0, "club_ODI_lifetime_wickets": 0.0, "club_ODI_lifetime_balls played": 0.0, "club_ODI_lifetime_overs": 0.0, "club_ODI_lifetime_runs gave": 0.0, "club_Test_previous3_runs": [], "club_Test_previous3_wickets": [], "club_Test_previous3_balls played": [], "club_Test_previous3_overs": [], "club_Test_previous3_runs gave": [], "club_Test_lifetime_runs": 0.0, "club_Test_lifetime_wickets": 0.0, "club_Test_lifetime_balls played": 0.0, "club_Test_lifetime_overs": 0.0, "club_Test_lifetime_runs gave": 0.0, "club_T20_previous3_runs": [], "club_T20_previous3_wickets": [], "club_T20_previous3_balls played": [], "club_T20_previous3_overs": [], "club_T20_previous3_runs gave": [], "club_T20_lifetime_runs": 0.0, "club_T20_lifetime_wickets": 0.0, "club_T20_lifetime_balls played": 0.0, "club_T20_lifetime_overs": 0.0, "club_T20_lifetime_runs gave": 0.0, "international_ODI_previous3_runs": [], "international_ODI_previous3_wickets": [], "international_ODI_previous3_balls played": [], "international_ODI_previous3_overs": [], "international_ODI_previous3_runs gave": [], "international_ODI_lifetime_runs": 0.0, "international_ODI_lifetime_wickets": 0.0, "international_ODI_lifetime_balls played": 0.0, "international_ODI_lifetime_overs": 0.0, "international_ODI_lifetime_runs gave": 0.0, "international_Test_previous3_runs": [], "international_Test_previous3_wickets": [], "international_Test_previous3_balls played": [], "international_Test_previous3_overs": [], "international_Test_previous3_runs gave": [], "international_Test_lifetime_runs": 0.0, "international_Test_lifetime_wickets": 0.0, "international_Test_lifetime_balls played": 0.0, "international_Test_lifetime_overs": 0.0, "international_Test_lifetime_runs gave": 0.0, "international_T20_previous3_runs": [7.0, 0.0, 5.0], "international_T20_previous3_wickets": [1.0, 2.0, 1.0], "international_T20_previous3_balls played": [6.0, 0.0, 2.0], "international_T20_previous3_overs": [4.0, 3.8333333333333335, 4.0], "international_T20_previous3_runs gave": [20.0, 13.0, 11.0], "international_T20_lifetime_runs": 96.0, "international_T20_lifetime_wickets": 58.0, "international_T20_lifetime_balls played": 162.0, "international_T20_lifetime_overs": 214.5, "international_T20_lifetime_runs gave": 902.0}