{"played_against": {"e21ef7ec": {"runs": 2, "balls": 3, "wickets": 1}, "04cf2e94": {"runs": 5, "balls": 4, "wickets": 0}, "92173bfb": {"runs": 6, "balls": 8, "wickets": 0}, "30baaf1f": {"runs": 7, "balls": 7, "wickets": 0}, "681612f2": {"runs": 5, "balls": 4, "wickets": 0}, "e52eb657": {"runs": 0, "balls": 2, "wickets": 0}, "00c98c78": {"runs": 1, "balls": 1, "wickets": 0}, "224a9f5e": {"runs": 0, "balls": 1, "wickets": 1}, "2b7609f1": {"runs": 1, "balls": 8, "wickets": 0}, "e77e96de": {"runs": 5, "balls": 9, "wickets": 1}, "011f6b42": {"runs": 12, "balls": 10, "wickets": 0}, "6d2dac56": {"runs": 1, "balls": 1, "wickets": 0}, "fb4c5ea5": {"runs": 4, "balls": 6, "wickets": 0}, "59cc6b79": {"runs": 10, "balls": 14, "wickets": 0}, "a9231c3f": {"runs": 18, "balls": 15, "wickets": 0}, "cf9ae594": {"runs": 6, "balls": 5, "wickets": 0}, "934b36a6": {"runs": 1, "balls": 2, "wickets": 1}, "34464143": {"runs": 2, "balls": 2, "wickets": 0}, "3b282e51": {"runs": 10, "balls": 9, "wickets": 0}, "8de618ab": {"runs": 25, "balls": 19, "wickets": 0}, "e27cff77": {"runs": 3, "balls": 6, "wickets": 0}, "007113d7": {"runs": 6, "balls": 7, "wickets": 0}, "94ed8d37": {"runs": 19, "balls": 18, "wickets": 0}, "32a8161e": {"runs": 6, "balls": 1, "wickets": 0}, "8160713d": {"runs": 0, "balls": 1, "wickets": 1}, "cb4a3840": {"runs": 7, "balls": 6, "wickets": 0}, "b7ccb3c9": {"runs": 7, "balls": 5, "wickets": 0}, "180bb105": {"runs": 0, "balls": 1, "wickets": 0}, "16f4cc7e": {"runs": 9, "balls": 10, "wickets": 0}, "d35a520a": {"runs": 13, "balls": 11, "wickets": 0}}, "fifties": 0, "thirties": 3, "centuries": 0, "maidens": 7.0, "hattricks": 1, "club_ODI_previous3_runs": [], "club_ODI_previous3_wickets": [], "club_ODI_previous3_balls played": [], "club_ODI_previous3_overs": [], "club_ODI_previous3_runs gave": [], "club_ODI_lifetime_runs": 0.0, "club_ODI_lifetime_wickets": 0.0, "club_ODI_lifetime_balls played": 0.0, "club_ODI_lifetime_overs": 0.0, "club_ODI_lifetime_runs gave": 0.0, "club_Test_previous3_runs": [], "club_Test_previous3_wickets": [], "club_Test_previous3_balls played": [], "club_Test_previous3_overs": [], "club_Test_previous3_runs gave": [], "club_Test_lifetime_runs": 0.0, "club_Test_lifetime_wickets": 0.0, "club_Test_lifetime_balls played": 0.0, "club_Test_lifetime_overs": 0.0, "club_Test_lifetime_runs gave": 0.0, "club_T20_previous3_runs": [], "club_T20_previous3_wickets": [], "club_T20_previous3_balls played": [], "club_T20_previous3_overs": [], "club_T20_previous3_runs gave": [], "club_T20_lifetime_runs": 0.0, "club_T20_lifetime_wickets": 0.0, "club_T20_lifetime_balls played": 0.0, "club_T20_lifetime_overs": 0.0, "club_T20_lifetime_runs gave": 0.0, "international_ODI_previous3_runs": [6.0, 14.0, 52.0], "international_ODI_previous3_wickets": [0.0, 0.0, 0.0], "international_ODI_previous3_balls played": [2.0, 13.0, 43.0], "international_ODI_previous3_overs": [4.0, 2.0, 4.0], "international_ODI_previous3_runs gave": [40.0, 15.0, 26.0], "international_ODI_lifetime_runs": 185.0, "international_ODI_lifetime_wickets": 10.0, "international_ODI_lifetime_balls played": 192.0, "international_ODI_lifetime_overs": 60.0, "international_ODI_lifetime_runs gave": 264.0, "international_Test_previous3_runs": [], "international_Test_previous3_wickets": [], "international_Test_previous3_balls played": [], "international_Test_previous3_overs": [], "international_Test_previous3_runs gave": [], "international_Test_lifetime_runs": 0.0, "international_Test_lifetime_wickets": 0.0, "international_Test_lifetime_balls played": 0.0, "international_Test_lifetime_overs": 0.0, "international_Test_lifetime_runs gave": 0.0, "international_T20_previous3_runs": [5.0, 1.0], "international_T20_previous3_wickets": [0.0, 1.0], "international_T20_previous3_balls played": [6.0, 2.0], "international_T20_previous3_overs": [2.0, 4.0], "international_T20_previous3_runs gave": [26.0, 31.0], "international_T20_lifetime_runs": 6.0, "international_T20_lifetime_wickets": 1.0, "international_T20_lifetime_balls played": 8.0, "international_T20_lifetime_overs": 6.0, "international_T20_lifetime_runs gave": 57.0}