{"played_against": {"607ed7c2": {"runs": 1, "balls": 4, "wickets": 0}, "7ca5e05d": {"runs": 0, "balls": 2, "wickets": 0}, "4948a447": {"runs": 1, "balls": 4, "wickets": 0}, "6eec260b": {"runs": 0, "balls": 3, "wickets": 0}, "0f348f58": {"runs": 0, "balls": 1, "wickets": 1}, "1a8eebbe": {"runs": 1, "balls": 3, "wickets": 0}, "aa467af0": {"runs": 3, "balls": 2, "wickets": 0}, "e174dadd": {"runs": 1, "balls": 2, "wickets": 0}}, "fifties": 0, "thirties": 0, "centuries": 0, "maidens": 0.0, "hattricks": 0, "club_ODI_previous3_runs": [], "club_ODI_previous3_wickets": [], "club_ODI_previous3_balls played": [], "club_ODI_previous3_overs": [], "club_ODI_previous3_runs gave": [], "club_ODI_lifetime_runs": 0.0, "club_ODI_lifetime_wickets": 0.0, "club_ODI_lifetime_balls played": 0.0, "club_ODI_lifetime_overs": 0.0, "club_ODI_lifetime_runs gave": 0.0, "club_Test_previous3_runs": [], "club_Test_previous3_wickets": [], "club_Test_previous3_balls played": [], "club_Test_previous3_overs": [], "club_Test_previous3_runs gave": [], "club_Test_lifetime_runs": 0.0, "club_Test_lifetime_wickets": 0.0, "club_Test_lifetime_balls played": 0.0, "club_Test_lifetime_overs": 0.0, "club_Test_lifetime_runs gave": 0.0, "club_T20_previous3_runs": [0.0, 0.0, 5.0], "club_T20_previous3_wickets": [0.0, 1.0, 0.0], "club_T20_previous3_balls played": [2.0, 0.0, 8.0], "club_T20_previous3_overs": [4.0, 3.0, 3.0], "club_T20_previous3_runs gave": [26.0, 25.0, 26.0], "club_T20_lifetime_runs": 7.0, "club_T20_lifetime_wickets": 3.0, "club_T20_lifetime_balls played": 23.0, "club_T20_lifetime_overs": 18.333333333333336, "club_T20_lifetime_runs gave": 134.0, "international_ODI_previous3_runs": [], "international_ODI_previous3_wickets": [], "international_ODI_previous3_balls played": [], "international_ODI_previous3_overs": [], "international_ODI_previous3_runs gave": [], "international_ODI_lifetime_runs": 0.0, "international_ODI_lifetime_wickets": 0.0, "international_ODI_lifetime_balls played": 0.0, "international_ODI_lifetime_overs": 0.0, "international_ODI_lifetime_runs gave": 0.0, "international_Test_previous3_runs": [], "international_Test_previous3_wickets": [], "international_Test_previous3_balls played": [], "international_Test_previous3_overs": [], "international_Test_previous3_runs gave": [], "international_Test_lifetime_runs": 0.0, "international_Test_lifetime_wickets": 0.0, "international_Test_lifetime_balls played": 0.0, "international_Test_lifetime_overs": 0.0, "international_Test_lifetime_runs gave": 0.0, "international_T20_previous3_runs": [], "international_T20_previous3_wickets": [], "international_T20_previous3_balls played": [], "international_T20_previous3_overs": [], "international_T20_previous3_runs gave": [], "international_T20_lifetime_runs": 0.0, "international_T20_lifetime_wickets": 0.0, "international_T20_lifetime_balls played": 0.0, "international_T20_lifetime_overs": 0.0, "international_T20_lifetime_runs gave": 0.0}