{"played_against": {"42172c3c": {"runs": 12, "balls": 15, "wickets": 0}, "e734d090": {"runs": 12, "balls": 10, "wickets": 1}, "179bea21": {"runs": 9, "balls": 5, "wickets": 0}, "1e182ae2": {"runs": 1, "balls": 1, "wickets": 0}, "9df3a2f4": {"runs": 0, "balls": 1, "wickets": 1}, "afa78c3a": {"runs": 0, "balls": 6, "wickets": 1}, "acee4cc4": {"runs": 5, "balls": 3, "wickets": 0}, "a83c44b8": {"runs": 3, "balls": 4, "wickets": 0}, "7ec9711d": {"runs": 5, "balls": 8, "wickets": 0}, "ab6b1c45": {"runs": 1, "balls": 2, "wickets": 1}, "aaa5a3a3": {"runs": 1, "balls": 1, "wickets": 0}, "9d50c7e1": {"runs": 3, "balls": 3, "wickets": 0}, "8e6827f7": {"runs": 1, "balls": 3, "wickets": 1}, "56feceb0": {"runs": 8, "balls": 6, "wickets": 0}, "54c2b697": {"runs": 9, "balls": 4, "wickets": 0}, "8dc152d1": {"runs": 4, "balls": 3, "wickets": 1}, "d3cc2954": {"runs": 2, "balls": 7, "wickets": 1}, "acdc62f5": {"runs": 2, "balls": 2, "wickets": 0}, "39181592": {"runs": 2, "balls": 2, "wickets": 0}, "7dfb8890": {"runs": 2, "balls": 2, "wickets": 0}, "91cd48e0": {"runs": 4, "balls": 5, "wickets": 0}, "6b9eb501": {"runs": 1, "balls": 2, "wickets": 1}, "f29dfbc0": {"runs": 0, "balls": 1, "wickets": 1}}, "fifties": 0, "thirties": 0, "centuries": 0, "maidens": 0.0, "hattricks": 0, "club_ODI_previous3_runs": [], "club_ODI_previous3_wickets": [], "club_ODI_previous3_balls played": [], "club_ODI_previous3_overs": [], "club_ODI_previous3_runs gave": [], "club_ODI_lifetime_runs": 0.0, "club_ODI_lifetime_wickets": 0.0, "club_ODI_lifetime_balls played": 0.0, "club_ODI_lifetime_overs": 0.0, "club_ODI_lifetime_runs gave": 0.0, "club_Test_previous3_runs": [], "club_Test_previous3_wickets": [], "club_Test_previous3_balls played": [], "club_Test_previous3_overs": [], "club_Test_previous3_runs gave": [], "club_Test_lifetime_runs": 0.0, "club_Test_lifetime_wickets": 0.0, "club_Test_lifetime_balls played": 0.0, "club_Test_lifetime_overs": 0.0, "club_Test_lifetime_runs gave": 0.0, "club_T20_previous3_runs": [8.0, 10.0, 0.0], "club_T20_previous3_wickets": [0.0, 0.0, 0.0], "club_T20_previous3_balls played": [13.0, 13.0, 1.0], "club_T20_previous3_overs": [0.0, 0.0, 0.0], "club_T20_previous3_runs gave": [0.0, 0.0, 0.0], "club_T20_lifetime_runs": 87.0, "club_T20_lifetime_wickets": 1.0, "club_T20_lifetime_balls played": 97.0, "club_T20_lifetime_overs": 8.0, "club_T20_lifetime_runs gave": 68.0, "international_ODI_previous3_runs": [], "international_ODI_previous3_wickets": [], "international_ODI_previous3_balls played": [], "international_ODI_previous3_overs": [], "international_ODI_previous3_runs gave": [], "international_ODI_lifetime_runs": 0.0, "international_ODI_lifetime_wickets": 0.0, "international_ODI_lifetime_balls played": 0.0, "international_ODI_lifetime_overs": 0.0, "international_ODI_lifetime_runs gave": 0.0, "international_Test_previous3_runs": [], "international_Test_previous3_wickets": [], "international_Test_previous3_balls played": [], "international_Test_previous3_overs": [], "international_Test_previous3_runs gave": [], "international_Test_lifetime_runs": 0.0, "international_Test_lifetime_wickets": 0.0, "international_Test_lifetime_balls played": 0.0, "international_Test_lifetime_overs": 0.0, "international_Test_lifetime_runs gave": 0.0, "international_T20_previous3_runs": [], "international_T20_previous3_wickets": [], "international_T20_previous3_balls played": [], "international_T20_previous3_overs": [], "international_T20_previous3_runs gave": [], "international_T20_lifetime_runs": 0.0, "international_T20_lifetime_wickets": 0.0, "international_T20_lifetime_balls played": 0.0, "international_T20_lifetime_overs": 0.0, "international_T20_lifetime_runs gave": 0.0}