{"played_against": {"d48c0f40": {"runs": 2, "balls": 2, "wickets": 0}, "7671203a": {"runs": 11, "balls": 19, "wickets": 1}, "1d48795b": {"runs": 8, "balls": 14, "wickets": 0}, "e0ac7144": {"runs": 3, "balls": 5, "wickets": 1}, "c96f6ac5": {"runs": 5, "balls": 7, "wickets": 0}, "b56dc5f7": {"runs": 2, "balls": 2, "wickets": 0}, "6c908ffc": {"runs": 1, "balls": 7, "wickets": 0}, "fec369cd": {"runs": 20, "balls": 23, "wickets": 0}, "9f812582": {"runs": 4, "balls": 10, "wickets": 0}, "2085e1fa": {"runs": 1, "balls": 1, "wickets": 0}, "a510bdd3": {"runs": 1, "balls": 1, "wickets": 0}, "d617bf90": {"runs": 16, "balls": 10, "wickets": 0}}, "fifties": 0, "thirties": 1, "centuries": 0, "maidens": 1.0, "hattricks": 0, "club_ODI_previous3_runs": [5.0, 20.0, 0.0], "club_ODI_previous3_wickets": [0.0, 1.0, 0.0], "club_ODI_previous3_balls played": [4.0, 20.0, 0.0], "club_ODI_previous3_overs": [4.0, 7.666666666666667, 3.0], "club_ODI_previous3_runs gave": [24.0, 52.0, 25.0], "club_ODI_lifetime_runs": 74.0, "club_ODI_lifetime_wickets": 3.0, "club_ODI_lifetime_balls played": 103.0, "club_ODI_lifetime_overs": 36.666666666666664, "club_ODI_lifetime_runs gave": 205.0, "club_Test_previous3_runs": [], "club_Test_previous3_wickets": [], "club_Test_previous3_balls played": [], "club_Test_previous3_overs": [], "club_Test_previous3_runs gave": [], "club_Test_lifetime_runs": 0.0, "club_Test_lifetime_wickets": 0.0, "club_Test_lifetime_balls played": 0.0, "club_Test_lifetime_overs": 0.0, "club_Test_lifetime_runs gave": 0.0, "club_T20_previous3_runs": [], "club_T20_previous3_wickets": [], "club_T20_previous3_balls played": [], "club_T20_previous3_overs": [], "club_T20_previous3_runs gave": [], "club_T20_lifetime_runs": 0.0, "club_T20_lifetime_wickets": 0.0, "club_T20_lifetime_balls played": 0.0, "club_T20_lifetime_overs": 0.0, "club_T20_lifetime_runs gave": 0.0, "international_ODI_previous3_runs": [], "international_ODI_previous3_wickets": [], "international_ODI_previous3_balls played": [], "international_ODI_previous3_overs": [], "international_ODI_previous3_runs gave": [], "international_ODI_lifetime_runs": 0.0, "international_ODI_lifetime_wickets": 0.0, "international_ODI_lifetime_balls played": 0.0, "international_ODI_lifetime_overs": 0.0, "international_ODI_lifetime_runs gave": 0.0, "international_Test_previous3_runs": [], "international_Test_previous3_wickets": [], "international_Test_previous3_balls played": [], "international_Test_previous3_overs": [], "international_Test_previous3_runs gave": [], "international_Test_lifetime_runs": 0.0, "international_Test_lifetime_wickets": 0.0, "international_Test_lifetime_balls played": 0.0, "international_Test_lifetime_overs": 0.0, "international_Test_lifetime_runs gave": 0.0, "international_T20_previous3_runs": [], "international_T20_previous3_wickets": [], "international_T20_previous3_balls played": [], "international_T20_previous3_overs": [], "international_T20_previous3_runs gave": [], "international_T20_lifetime_runs": 0.0, "international_T20_lifetime_wickets": 0.0, "international_T20_lifetime_balls played": 0.0, "international_T20_lifetime_overs": 0.0, "international_T20_lifetime_runs gave": 0.0}