{"played_against": {"544f562f": {"runs": 4, "balls": 26, "wickets": 0}, "5fd92ea2": {"runs": 12, "balls": 53, "wickets": 0}, "d50b2de4": {"runs": 0, "balls": 9, "wickets": 1}, "6bb7a785": {"runs": 4, "balls": 13, "wickets": 0}, "b9e15440": {"runs": 2, "balls": 6, "wickets": 0}, "9306c803": {"runs": 0, "balls": 8, "wickets": 0}, "84f1ae7f": {"runs": 13, "balls": 38, "wickets": 0}, "a3ead8da": {"runs": 17, "balls": 47, "wickets": 1}, "050492b0": {"runs": 9, "balls": 18, "wickets": 0}, "21324c94": {"runs": 6, "balls": 24, "wickets": 0}, "65665151": {"runs": 28, "balls": 27, "wickets": 0}, "2e7ee0f6": {"runs": 11, "balls": 15, "wickets": 0}, "3e72a174": {"runs": 5, "balls": 10, "wickets": 0}, "e2410b5e": {"runs": 0, "balls": 1, "wickets": 0}, "89bbc67a": {"runs": 9, "balls": 10, "wickets": 1}, "053dc208": {"runs": 1, "balls": 2, "wickets": 0}, "15f609ed": {"runs": 4, "balls": 1, "wickets": 0}, "f3a18a0c": {"runs": 1, "balls": 5, "wickets": 0}, "63e3b6b3": {"runs": 4, "balls": 3, "wickets": 0}, "60471339": {"runs": 3, "balls": 4, "wickets": 0}, "9706e64b": {"runs": 6, "balls": 7, "wickets": 0}, "53d50717": {"runs": 3, "balls": 4, "wickets": 1}}, "fifties": 0, "thirties": 1, "centuries": 0, "maidens": 10.0, "hattricks": 1, "club_ODI_previous3_runs": [], "club_ODI_previous3_wickets": [], "club_ODI_previous3_balls played": [], "club_ODI_previous3_overs": [], "club_ODI_previous3_runs gave": [], "club_ODI_lifetime_runs": 0.0, "club_ODI_lifetime_wickets": 0.0, "club_ODI_lifetime_balls played": 0.0, "club_ODI_lifetime_overs": 0.0, "club_ODI_lifetime_runs gave": 0.0, "club_Test_previous3_runs": [], "club_Test_previous3_wickets": [], "club_Test_previous3_balls played": [], "club_Test_previous3_overs": [], "club_Test_previous3_runs gave": [], "club_Test_lifetime_runs": 0.0, "club_Test_lifetime_wickets": 0.0, "club_Test_lifetime_balls played": 0.0, "club_Test_lifetime_overs": 0.0, "club_Test_lifetime_runs gave": 0.0, "club_T20_previous3_runs": [14.0, 17.0], "club_T20_previous3_wickets": [0.0, 0.0], "club_T20_previous3_balls played": [14.0, 23.0], "club_T20_previous3_overs": [0.0, 0.0], "club_T20_previous3_runs gave": [0.0, 0.0], "club_T20_lifetime_runs": 31.0, "club_T20_lifetime_wickets": 0.0, "club_T20_lifetime_balls played": 37.0, "club_T20_lifetime_overs": 0.0, "club_T20_lifetime_runs gave": 0.0, "international_ODI_previous3_runs": [], "international_ODI_previous3_wickets": [], "international_ODI_previous3_balls played": [], "international_ODI_previous3_overs": [], "international_ODI_previous3_runs gave": [], "international_ODI_lifetime_runs": 0.0, "international_ODI_lifetime_wickets": 0.0, "international_ODI_lifetime_balls played": 0.0, "international_ODI_lifetime_overs": 0.0, "international_ODI_lifetime_runs gave": 0.0, "international_Test_previous3_runs": [22.0, 0.0, 89.0], "international_Test_previous3_wickets": [1.0, 0.0, 4.0], "international_Test_previous3_balls played": [106.0, 10.0, 181.0], "international_Test_previous3_overs": [16.0, 0.0, 36.16666666666667], "international_Test_previous3_runs gave": [50.0, 0.0, 93.0], "international_Test_lifetime_runs": 111.0, "international_Test_lifetime_wickets": 5.0, "international_Test_lifetime_balls played": 297.0, "international_Test_lifetime_overs": 52.16666666666667, "international_Test_lifetime_runs gave": 143.0, "international_T20_previous3_runs": [], "international_T20_previous3_wickets": [], "international_T20_previous3_balls played": [], "international_T20_previous3_overs": [], "international_T20_previous3_runs gave": [], "international_T20_lifetime_runs": 0.0, "international_T20_lifetime_wickets": 0.0, "international_T20_lifetime_balls played": 0.0, "international_T20_lifetime_overs": 0.0, "international_T20_lifetime_runs gave": 0.0}