{"played_against": {"eff8b730": {"runs": 3, "balls": 2, "wickets": 0}, "d76ab352": {"runs": 2, "balls": 4, "wickets": 0}, "9e0bd203": {"runs": 2, "balls": 10, "wickets": 0}, "6b46ce43": {"runs": 2, "balls": 7, "wickets": 0}, "f8035c2a": {"runs": 4, "balls": 5, "wickets": 0}, "9f998ed8": {"runs": 6, "balls": 7, "wickets": 0}, "9960a421": {"runs": 2, "balls": 4, "wickets": 0}, "0393fbdc": {"runs": 5, "balls": 6, "wickets": 0}, "8534e758": {"runs": 2, "balls": 4, "wickets": 0}, "efcb778e": {"runs": 2, "balls": 5, "wickets": 1}, "0c95e20e": {"runs": 19, "balls": 20, "wickets": 0}, "b312a9c1": {"runs": 5, "balls": 8, "wickets": 0}, "dba54d8e": {"runs": 14, "balls": 15, "wickets": 0}}, "fifties": 0, "thirties": 0, "centuries": 0, "maidens": 0.0, "hattricks": 0, "club_ODI_previous3_runs": [], "club_ODI_previous3_wickets": [], "club_ODI_previous3_balls played": [], "club_ODI_previous3_overs": [], "club_ODI_previous3_runs gave": [], "club_ODI_lifetime_runs": 0.0, "club_ODI_lifetime_wickets": 0.0, "club_ODI_lifetime_balls played": 0.0, "club_ODI_lifetime_overs": 0.0, "club_ODI_lifetime_runs gave": 0.0, "club_Test_previous3_runs": [], "club_Test_previous3_wickets": [], "club_Test_previous3_balls played": [], "club_Test_previous3_overs": [], "club_Test_previous3_runs gave": [], "club_Test_lifetime_runs": 0.0, "club_Test_lifetime_wickets": 0.0, "club_Test_lifetime_balls played": 0.0, "club_Test_lifetime_overs": 0.0, "club_Test_lifetime_runs gave": 0.0, "club_T20_previous3_runs": [], "club_T20_previous3_wickets": [], "club_T20_previous3_balls played": [], "club_T20_previous3_overs": [], "club_T20_previous3_runs gave": [], "club_T20_lifetime_runs": 0.0, "club_T20_lifetime_wickets": 0.0, "club_T20_lifetime_balls played": 0.0, "club_T20_lifetime_overs": 0.0, "club_T20_lifetime_runs gave": 0.0, "international_ODI_previous3_runs": [], "international_ODI_previous3_wickets": [], "international_ODI_previous3_balls played": [], "international_ODI_previous3_overs": [], "international_ODI_previous3_runs gave": [], "international_ODI_lifetime_runs": 0.0, "international_ODI_lifetime_wickets": 0.0, "international_ODI_lifetime_balls played": 0.0, "international_ODI_lifetime_overs": 0.0, "international_ODI_lifetime_runs gave": 0.0, "international_Test_previous3_runs": [], "international_Test_previous3_wickets": [], "international_Test_previous3_balls played": [], "international_Test_previous3_overs": [], "international_Test_previous3_runs gave": [], "international_Test_lifetime_runs": 0.0, "international_Test_lifetime_wickets": 0.0, "international_Test_lifetime_balls played": 0.0, "international_Test_lifetime_overs": 0.0, "international_Test_lifetime_runs gave": 0.0, "international_T20_previous3_runs": [0.0, 0.0, 0.0], "international_T20_previous3_wickets": [0.0, 0.0, 0.0], "international_T20_previous3_balls played": [0.0, 0.0, 0.0], "international_T20_previous3_overs": [0.0, 0.0, 0.0], "international_T20_previous3_runs gave": [0.0, 0.0, 0.0], "international_T20_lifetime_runs": 68.0, "international_T20_lifetime_wickets": 0.0, "international_T20_lifetime_balls played": 98.0, "international_T20_lifetime_overs": 0.0, "international_T20_lifetime_runs gave": 0.0}