{"played_against": {"2479daa6": {"runs": 19, "balls": 24, "wickets": 0}, "32497ecd": {"runs": 62, "balls": 68, "wickets": 3}, "6e8b586a": {"runs": 9, "balls": 13, "wickets": 0}, "4ba0289e": {"runs": 46, "balls": 44, "wickets": 1}, "8d742853": {"runs": 27, "balls": 22, "wickets": 0}, "92cf79a8": {"runs": 23, "balls": 25, "wickets": 2}, "be150fc8": {"runs": 9, "balls": 8, "wickets": 2}, "de69af96": {"runs": 5, "balls": 5, "wickets": 0}, "e149d0ae": {"runs": 6, "balls": 9, "wickets": 0}, "8c5775f3": {"runs": 14, "balls": 10, "wickets": 0}, "15f609ed": {"runs": 13, "balls": 15, "wickets": 1}, "e2410b5e": {"runs": 13, "balls": 11, "wickets": 0}, "89bbc67a": {"runs": 11, "balls": 7, "wickets": 0}, "340202b0": {"runs": 77, "balls": 68, "wickets": 5}, "053dc208": {"runs": 4, "balls": 4, "wickets": 0}, "60471339": {"runs": 16, "balls": 6, "wickets": 0}, "63e3b6b3": {"runs": 56, "balls": 65, "wickets": 2}, "f3a18a0c": {"runs": 16, "balls": 17, "wickets": 1}, "e381ae69": {"runs": 16, "balls": 9, "wickets": 0}, "6a434bd3": {"runs": 18, "balls": 29, "wickets": 1}, "ac56b5a7": {"runs": 6, "balls": 7, "wickets": 0}, "8f30d191": {"runs": 52, "balls": 49, "wickets": 2}, "9706e64b": {"runs": 7, "balls": 11, "wickets": 1}, "fa8f9dc3": {"runs": 2, "balls": 3, "wickets": 0}, "d32cf49a": {"runs": 7, "balls": 15, "wickets": 0}, "efc40724": {"runs": 33, "balls": 26, "wickets": 1}, "907c51ab": {"runs": 27, "balls": 36, "wickets": 1}, "35828bdd": {"runs": 52, "balls": 29, "wickets": 1}, "13c19f32": {"runs": 41, "balls": 24, "wickets": 0}, "c64b7c5b": {"runs": 15, "balls": 15, "wickets": 2}, "d2763568": {"runs": 39, "balls": 43, "wickets": 0}, "38b4583c": {"runs": 38, "balls": 36, "wickets": 0}, "992acb49": {"runs": 3, "balls": 2, "wickets": 0}, "cd62f670": {"runs": 32, "balls": 24, "wickets": 1}, "9b73d523": {"runs": 37, "balls": 22, "wickets": 0}, "9b3bcca4": {"runs": 36, "balls": 32, "wickets": 2}, "e5b17517": {"runs": 54, "balls": 62, "wickets": 1}, "00823a96": {"runs": 47, "balls": 52, "wickets": 3}, "fb192f98": {"runs": 29, "balls": 25, "wickets": 0}, "184512d1": {"runs": 6, "balls": 3, "wickets": 0}, "f13d3eba": {"runs": 36, "balls": 50, "wickets": 1}, "c7bf22fa": {"runs": 7, "balls": 3, "wickets": 0}, "78fd864b": {"runs": 52, "balls": 73, "wickets": 2}, "31adb911": {"runs": 52, "balls": 60, "wickets": 0}, "3a9b3866": {"runs": 32, "balls": 17, "wickets": 0}, "a6aea235": {"runs": 12, "balls": 12, "wickets": 0}, "f929cd04": {"runs": 9, "balls": 4, "wickets": 0}, "5b77e287": {"runs": 33, "balls": 37, "wickets": 0}, "091a7550": {"runs": 18, "balls": 12, "wickets": 1}, "b4e026de": {"runs": 68, "balls": 60, "wickets": 1}, "e893fef7": {"runs": 16, "balls": 15, "wickets": 1}, "708584cf": {"runs": 23, "balls": 26, "wickets": 0}, "b34e0c77": {"runs": 21, "balls": 19, "wickets": 1}, "54719239": {"runs": 59, "balls": 64, "wickets": 3}, "9ea1f14a": {"runs": 2, "balls": 4, "wickets": 0}, "b5c83d22": {"runs": 6, "balls": 3, "wickets": 0}, "de0b7c56": {"runs": 8, "balls": 6, "wickets": 0}, "bbc912c4": {"runs": 12, "balls": 17, "wickets": 1}, "7306c48d": {"runs": 19, "balls": 13, "wickets": 0}, "5532c093": {"runs": 20, "balls": 8, "wickets": 0}, "67045de6": {"runs": 35, "balls": 24, "wickets": 0}, "2e0b6638": {"runs": 29, "balls": 20, "wickets": 0}, "c6625a26": {"runs": 26, "balls": 22, "wickets": 0}, "201fef33": {"runs": 10, "balls": 15, "wickets": 1}, "d7b754d4": {"runs": 2, "balls": 3, "wickets": 0}, "99812d10": {"runs": 5, "balls": 7, "wickets": 2}, "8ae7bb3e": {"runs": 14, "balls": 26, "wickets": 0}, "287ed3a0": {"runs": 10, "balls": 17, "wickets": 1}, "588360ee": {"runs": 32, "balls": 39, "wickets": 2}, "abc9f8a4": {"runs": 15, "balls": 19, "wickets": 1}, "ac574559": {"runs": 6, "balls": 9, "wickets": 0}, "8a452195": {"runs": 49, "balls": 48, "wickets": 2}, "9da0d1e5": {"runs": 9, "balls": 5, "wickets": 1}, "fbd79b9b": {"runs": 36, "balls": 23, "wickets": 0}, "ebf683f9": {"runs": 22, "balls": 16, "wickets": 0}, "11ff23e3": {"runs": 27, "balls": 21, "wickets": 0}, "507acf2e": {"runs": 14, "balls": 11, "wickets": 1}, "bf5e7711": {"runs": 4, "balls": 1, "wickets": 0}, "2f485713": {"runs": 50, "balls": 47, "wickets": 0}, "370a88ac": {"runs": 41, "balls": 32, "wickets": 1}, "ea544967": {"runs": 84, "balls": 76, "wickets": 0}, "6e28e586": {"runs": 15, "balls": 26, "wickets": 1}, "dcf0e8f4": {"runs": 10, "balls": 16, "wickets": 1}, "0d518f89": {"runs": 34, "balls": 38, "wickets": 0}, "686362af": {"runs": 61, "balls": 51, "wickets": 0}, "108c4c09": {"runs": 18, "balls": 31, "wickets": 1}, "4d4605e6": {"runs": 18, "balls": 13, "wickets": 1}, "e3a93585": {"runs": 60, "balls": 83, "wickets": 0}, "cefad9fd": {"runs": 58, "balls": 44, "wickets": 0}, "971cb321": {"runs": 2, "balls": 3, "wickets": 0}, "65d9b6b6": {"runs": 25, "balls": 27, "wickets": 2}, "53d50717": {"runs": 3, "balls": 5, "wickets": 0}, "e69dbbef": {"runs": 33, "balls": 37, "wickets": 0}, "7b1f2542": {"runs": 20, "balls": 20, "wickets": 1}, "ca5acfa4": {"runs": 2, "balls": 12, "wickets": 0}, "99e23670": {"runs": 15, "balls": 9, "wickets": 0}, "f61e2829": {"runs": 8, "balls": 5, "wickets": 0}, "c296dba1": {"runs": 43, "balls": 46, "wickets": 1}, "d23c808d": {"runs": 23, "balls": 22, "wickets": 0}, "84f1ae7f": {"runs": 19, "balls": 30, "wickets": 0}, "f176e421": {"runs": 9, "balls": 11, "wickets": 1}, "7298db76": {"runs": 14, "balls": 28, "wickets": 0}, "8026ea72": {"runs": 6, "balls": 4, "wickets": 0}, "fb9a8cc3": {"runs": 20, "balls": 17, "wickets": 0}, "75820733": {"runs": 16, "balls": 19, "wickets": 0}, "4b0e3049": {"runs": 7, "balls": 11, "wickets": 0}, "6bebf334": {"runs": 5, "balls": 4, "wickets": 0}, "c29ada99": {"runs": 5, "balls": 6, "wickets": 0}, "6900060d": {"runs": 0, "balls": 1, "wickets": 1}, "d6a9af83": {"runs": 40, "balls": 44, "wickets": 3}, "aefd0567": {"runs": 10, "balls": 7, "wickets": 0}, "091001f8": {"runs": 11, "balls": 15, "wickets": 0}, "db362015": {"runs": 4, "balls": 3, "wickets": 1}, "24596e4d": {"runs": 42, "balls": 51, "wickets": 1}, "58717de2": {"runs": 23, "balls": 27, "wickets": 0}, "d8f20ba5": {"runs": 22, "balls": 35, "wickets": 1}, "5f86ce69": {"runs": 22, "balls": 14, "wickets": 0}, "c9366237": {"runs": 23, "balls": 24, "wickets": 0}, "20af5f5f": {"runs": 6, "balls": 4, "wickets": 0}, "459a7b0a": {"runs": 23, "balls": 23, "wickets": 1}, "b3ccffff": {"runs": 13, "balls": 15, "wickets": 1}, "2e81be88": {"runs": 13, "balls": 16, "wickets": 0}, "0b69a844": {"runs": 8, "balls": 27, "wickets": 0}, "78bec461": {"runs": 4, "balls": 10, "wickets": 1}, "ab6573dc": {"runs": 6, "balls": 10, "wickets": 0}, "c1f3ae44": {"runs": 13, "balls": 27, "wickets": 1}, "5471b94a": {"runs": 0, "balls": 1, "wickets": 1}, "1ade138e": {"runs": 9, "balls": 6, "wickets": 1}, "f0b4e47d": {"runs": 14, "balls": 14, "wickets": 0}, "d12c8445": {"runs": 26, "balls": 24, "wickets": 0}, "a0fdf513": {"runs": 8, "balls": 11, "wickets": 0}, "550373ea": {"runs": 11, "balls": 9, "wickets": 0}, "52d3b7ff": {"runs": 1, "balls": 5, "wickets": 1}, "a61850e6": {"runs": 2, "balls": 4, "wickets": 0}, "af8c3a85": {"runs": 4, "balls": 9, "wickets": 0}, "b074cd46": {"runs": 23, "balls": 22, "wickets": 0}, "907e5f6c": {"runs": 11, "balls": 14, "wickets": 1}, "53e25aa3": {"runs": 8, "balls": 6, "wickets": 0}, "a0a65375": {"runs": 7, "balls": 6, "wickets": 0}, "026135b1": {"runs": 3, "balls": 5, "wickets": 0}, "7442f8dd": {"runs": 2, "balls": 3, "wickets": 0}, "92b94582": {"runs": 17, "balls": 19, "wickets": 1}, "bfa0fa33": {"runs": 7, "balls": 4, "wickets": 0}, "1f4a8a2a": {"runs": 10, "balls": 8, "wickets": 0}, "0475a86b": {"runs": 0, "balls": 2, "wickets": 0}, "bc969efb": {"runs": 1, "balls": 2, "wickets": 0}, "d58e9bfb": {"runs": 15, "balls": 11, "wickets": 0}, "1b1c23bb": {"runs": 4, "balls": 3, "wickets": 0}, "397369e0": {"runs": 0, "balls": 5, "wickets": 0}, "66498395": {"runs": 10, "balls": 12, "wickets": 1}}, "fifties": 4, "thirties": 38, "centuries": 0, "maidens": 5.0, "hattricks": 2, "club_ODI_previous3_runs": [71.0, 24.0, 19.0], "club_ODI_previous3_wickets": [0.0, 0.0, 0.0], "club_ODI_previous3_balls played": [84.0, 36.0, 25.0], "club_ODI_previous3_overs": [0.0, 0.0, 0.0], "club_ODI_previous3_runs gave": [0.0, 0.0, 0.0], "club_ODI_lifetime_runs": 1062.0, "club_ODI_lifetime_wickets": 7.0, "club_ODI_lifetime_balls played": 1244.0, "club_ODI_lifetime_overs": 83.5, "club_ODI_lifetime_runs gave": 440.0, "club_Test_previous3_runs": [], "club_Test_previous3_wickets": [], "club_Test_previous3_balls played": [], "club_Test_previous3_overs": [], "club_Test_previous3_runs gave": [], "club_Test_lifetime_runs": 0.0, "club_Test_lifetime_wickets": 0.0, "club_Test_lifetime_balls played": 0.0, "club_Test_lifetime_overs": 0.0, "club_Test_lifetime_runs gave": 0.0, "club_T20_previous3_runs": [28.0, 0.0, 0.0], "club_T20_previous3_wickets": [0.0, 0.0, 0.0], "club_T20_previous3_balls played": [26.0, 0.0, 0.0], "club_T20_previous3_overs": [0.0, 0.0, 0.0], "club_T20_previous3_runs gave": [0.0, 0.0, 0.0], "club_T20_lifetime_runs": 1539.0, "club_T20_lifetime_wickets": 33.0, "club_T20_lifetime_balls played": 1323.0, "club_T20_lifetime_overs": 135.5, "club_T20_lifetime_runs gave": 996.0, "international_ODI_previous3_runs": [4.0, 18.0, 11.0], "international_ODI_previous3_wickets": [0.0, 0.0, 0.0], "international_ODI_previous3_balls played": [13.0, 32.0, 13.0], "international_ODI_previous3_overs": [0.0, 0.0, 0.0], "international_ODI_previous3_runs gave": [0.0, 0.0, 0.0], "international_ODI_lifetime_runs": 396.0, "international_ODI_lifetime_wickets": 3.0, "international_ODI_lifetime_balls played": 451.0, "international_ODI_lifetime_overs": 18.0, "international_ODI_lifetime_runs gave": 96.0, "international_Test_previous3_runs": [38.0, 38.0], "international_Test_previous3_wickets": [0.0, 0.0], "international_Test_previous3_balls played": [69.0, 71.0], "international_Test_previous3_overs": [2.0, 0.0], "international_Test_previous3_runs gave": [7.0, 0.0], "international_Test_lifetime_runs": 76.0, "international_Test_lifetime_wickets": 0.0, "international_Test_lifetime_balls played": 140.0, "international_Test_lifetime_overs": 2.0, "international_Test_lifetime_runs gave": 7.0, "international_T20_previous3_runs": [0.0], "international_T20_previous3_wickets": [0.0], "international_T20_previous3_balls played": [0.0], "international_T20_previous3_overs": [0.0], "international_T20_previous3_runs gave": [0.0], "international_T20_lifetime_runs": 0.0, "international_T20_lifetime_wickets": 0.0, "international_T20_lifetime_balls played": 0.0, "international_T20_lifetime_overs": 0.0, "international_T20_lifetime_runs gave": 0.0}