{"played_against": {"2fdcecae": {"runs": 3, "balls": 3, "wickets": 0}, "7be9cb29": {"runs": 9, "balls": 3, "wickets": 0}, "5a6b2c1d": {"runs": 0, "balls": 2, "wickets": 1}, "c982ad6f": {"runs": 0, "balls": 1, "wickets": 0}, "a6898f7a": {"runs": 4, "balls": 4, "wickets": 0}, "c7e59109": {"runs": 4, "balls": 10, "wickets": 1}, "1b3f7dbb": {"runs": 0, "balls": 5, "wickets": 0}, "ba0e04b2": {"runs": 0, "balls": 3, "wickets": 1}, "2beae660": {"runs": 1, "balls": 1, "wickets": 0}, "11d0079f": {"runs": 1, "balls": 7, "wickets": 0}, "e63c08e9": {"runs": 6, "balls": 12, "wickets": 1}, "7ec52f4a": {"runs": 2, "balls": 3, "wickets": 0}, "c1a0cebe": {"runs": 2, "balls": 2, "wickets": 0}, "0c00286e": {"runs": 1, "balls": 1, "wickets": 0}}, "fifties": 0, "thirties": 0, "centuries": 0, "maidens": 0.0, "hattricks": 0, "club_ODI_previous3_runs": [], "club_ODI_previous3_wickets": [], "club_ODI_previous3_balls played": [], "club_ODI_previous3_overs": [], "club_ODI_previous3_runs gave": [], "club_ODI_lifetime_runs": 0.0, "club_ODI_lifetime_wickets": 0.0, "club_ODI_lifetime_balls played": 0.0, "club_ODI_lifetime_overs": 0.0, "club_ODI_lifetime_runs gave": 0.0, "club_Test_previous3_runs": [], "club_Test_previous3_wickets": [], "club_Test_previous3_balls played": [], "club_Test_previous3_overs": [], "club_Test_previous3_runs gave": [], "club_Test_lifetime_runs": 0.0, "club_Test_lifetime_wickets": 0.0, "club_Test_lifetime_balls played": 0.0, "club_Test_lifetime_overs": 0.0, "club_Test_lifetime_runs gave": 0.0, "club_T20_previous3_runs": [], "club_T20_previous3_wickets": [], "club_T20_previous3_balls played": [], "club_T20_previous3_overs": [], "club_T20_previous3_runs gave": [], "club_T20_lifetime_runs": 0.0, "club_T20_lifetime_wickets": 0.0, "club_T20_lifetime_balls played": 0.0, "club_T20_lifetime_overs": 0.0, "club_T20_lifetime_runs gave": 0.0, "international_ODI_previous3_runs": [], "international_ODI_previous3_wickets": [], "international_ODI_previous3_balls played": [], "international_ODI_previous3_overs": [], "international_ODI_previous3_runs gave": [], "international_ODI_lifetime_runs": 0.0, "international_ODI_lifetime_wickets": 0.0, "international_ODI_lifetime_balls played": 0.0, "international_ODI_lifetime_overs": 0.0, "international_ODI_lifetime_runs gave": 0.0, "international_Test_previous3_runs": [], "international_Test_previous3_wickets": [], "international_Test_previous3_balls played": [], "international_Test_previous3_overs": [], "international_Test_previous3_runs gave": [], "international_Test_lifetime_runs": 0.0, "international_Test_lifetime_wickets": 0.0, "international_Test_lifetime_balls played": 0.0, "international_Test_lifetime_overs": 0.0, "international_Test_lifetime_runs gave": 0.0, "international_T20_previous3_runs": [1.0, 9.0, 3.0], "international_T20_previous3_wickets": [0.0, 0.0, 0.0], "international_T20_previous3_balls played": [1.0, 23.0, 3.0], "international_T20_previous3_overs": [0.0, 0.0, 0.0], "international_T20_previous3_runs gave": [0.0, 0.0, 0.0], "international_T20_lifetime_runs": 33.0, "international_T20_lifetime_wickets": 0.0, "international_T20_lifetime_balls played": 58.0, "international_T20_lifetime_overs": 0.0, "international_T20_lifetime_runs gave": 0.0}