{"played_against": {"8c2aa0f9": {"runs": 0, "balls": 1, "wickets": 0}, "bd0a4a7d": {"runs": 4, "balls": 8, "wickets": 0}, "6b64e7a3": {"runs": 1, "balls": 2, "wickets": 0}, "99cddc5e": {"runs": 1, "balls": 4, "wickets": 0}, "6a685375": {"runs": 7, "balls": 10, "wickets": 0}, "4d1ec7eb": {"runs": 10, "balls": 11, "wickets": 0}, "a36915ce": {"runs": 2, "balls": 7, "wickets": 1}, "3c87f0c3": {"runs": 6, "balls": 9, "wickets": 0}, "bb134e5c": {"runs": 8, "balls": 11, "wickets": 0}, "9ff7f691": {"runs": 19, "balls": 21, "wickets": 1}, "2f0911cc": {"runs": 1, "balls": 1, "wickets": 0}, "12c3ba4d": {"runs": 7, "balls": 10, "wickets": 0}, "934b36a6": {"runs": 1, "balls": 7, "wickets": 0}, "72253b87": {"runs": 0, "balls": 3, "wickets": 1}, "c9945bdf": {"runs": 0, "balls": 4, "wickets": 0}, "3766056b": {"runs": 0, "balls": 5, "wickets": 1}, "3f61a062": {"runs": 0, "balls": 1, "wickets": 0}, "1579d497": {"runs": 1, "balls": 1, "wickets": 0}, "b410bd3d": {"runs": 5, "balls": 17, "wickets": 0}, "f53b3e1d": {"runs": 7, "balls": 10, "wickets": 0}, "98d05440": {"runs": 0, "balls": 3, "wickets": 0}, "1adb8ee8": {"runs": 2, "balls": 5, "wickets": 0}, "6ad2d5f7": {"runs": 1, "balls": 4, "wickets": 0}, "64fb6b15": {"runs": 1, "balls": 1, "wickets": 0}, "26d041c4": {"runs": 8, "balls": 18, "wickets": 0}, "59792462": {"runs": 2, "balls": 6, "wickets": 1}, "afe57f7a": {"runs": 0, "balls": 2, "wickets": 0}, "dadb9703": {"runs": 1, "balls": 3, "wickets": 1}}, "fifties": 0, "thirties": 1, "centuries": 0, "maidens": 15.0, "hattricks": 4, "club_ODI_previous3_runs": [], "club_ODI_previous3_wickets": [], "club_ODI_previous3_balls played": [], "club_ODI_previous3_overs": [], "club_ODI_previous3_runs gave": [], "club_ODI_lifetime_runs": 0.0, "club_ODI_lifetime_wickets": 0.0, "club_ODI_lifetime_balls played": 0.0, "club_ODI_lifetime_overs": 0.0, "club_ODI_lifetime_runs gave": 0.0, "club_Test_previous3_runs": [], "club_Test_previous3_wickets": [], "club_Test_previous3_balls played": [], "club_Test_previous3_overs": [], "club_Test_previous3_runs gave": [], "club_Test_lifetime_runs": 0.0, "club_Test_lifetime_wickets": 0.0, "club_Test_lifetime_balls played": 0.0, "club_Test_lifetime_overs": 0.0, "club_Test_lifetime_runs gave": 0.0, "club_T20_previous3_runs": [], "club_T20_previous3_wickets": [], "club_T20_previous3_balls played": [], "club_T20_previous3_overs": [], "club_T20_previous3_runs gave": [], "club_T20_lifetime_runs": 0.0, "club_T20_lifetime_wickets": 0.0, "club_T20_lifetime_balls played": 0.0, "club_T20_lifetime_overs": 0.0, "club_T20_lifetime_runs gave": 0.0, "international_ODI_previous3_runs": [10.0, 1.0, 0.0], "international_ODI_previous3_wickets": [1.0, 1.0, 0.0], "international_ODI_previous3_balls played": [26.0, 2.0, 1.0], "international_ODI_previous3_overs": [3.1666666666666665, 7.0, 1.0], "international_ODI_previous3_runs gave": [31.0, 40.0, 13.0], "international_ODI_lifetime_runs": 57.0, "international_ODI_lifetime_wickets": 30.0, "international_ODI_lifetime_balls played": 135.0, "international_ODI_lifetime_overs": 187.66666666666666, "international_ODI_lifetime_runs gave": 955.0, "international_Test_previous3_runs": [33.0], "international_Test_previous3_wickets": [3.0], "international_Test_previous3_balls played": [41.0], "international_Test_previous3_overs": [36.833333333333336], "international_Test_previous3_runs gave": [113.0], "international_Test_lifetime_runs": 33.0, "international_Test_lifetime_wickets": 3.0, "international_Test_lifetime_balls played": 41.0, "international_Test_lifetime_overs": 36.833333333333336, "international_Test_lifetime_runs gave": 113.0, "international_T20_previous3_runs": [0.0, 0.0, 0.0], "international_T20_previous3_wickets": [0.0, 0.0, 0.0], "international_T20_previous3_balls played": [1.0, 0.0, 0.0], "international_T20_previous3_overs": [1.0, 2.0, 1.0], "international_T20_previous3_runs gave": [19.0, 13.0, 17.0], "international_T20_lifetime_runs": 5.0, "international_T20_lifetime_wickets": 14.0, "international_T20_lifetime_balls played": 9.0, "international_T20_lifetime_overs": 50.0, "international_T20_lifetime_runs gave": 348.0}