{"played_against": {"0877eba5": {"runs": 2, "balls": 3, "wickets": 0}, "9e4f6851": {"runs": 2, "balls": 2, "wickets": 0}, "857de42e": {"runs": 2, "balls": 6, "wickets": 2}, "bff0535a": {"runs": 0, "balls": 1, "wickets": 1}, "72a025a0": {"runs": 1, "balls": 2, "wickets": 0}, "cd7134f5": {"runs": 7, "balls": 7, "wickets": 1}, "fe7ba5cf": {"runs": 1, "balls": 1, "wickets": 0}, "4d498084": {"runs": 2, "balls": 2, "wickets": 0}, "9c4b58db": {"runs": 2, "balls": 3, "wickets": 0}, "4b15618c": {"runs": 4, "balls": 2, "wickets": 1}, "74eecff4": {"runs": 0, "balls": 1, "wickets": 0}, "e2e5b178": {"runs": 0, "balls": 1, "wickets": 1}, "c68fc575": {"runs": 0, "balls": 1, "wickets": 1}, "e1e0775d": {"runs": 0, "balls": 3, "wickets": 0}, "b1f21c0f": {"runs": 0, "balls": 1, "wickets": 0}, "b9b32e3c": {"runs": 0, "balls": 1, "wickets": 1}, "dfdaca74": {"runs": 0, "balls": 2, "wickets": 0}, "cdaf3af3": {"runs": 2, "balls": 2, "wickets": 0}, "bf5e7711": {"runs": 9, "balls": 9, "wickets": 0}, "106135f5": {"runs": 6, "balls": 4, "wickets": 0}, "34f86a2d": {"runs": 12, "balls": 26, "wickets": 2}, "c4022bff": {"runs": 1, "balls": 5, "wickets": 0}, "49693035": {"runs": 6, "balls": 4, "wickets": 0}, "6348c6e9": {"runs": 6, "balls": 6, "wickets": 1}, "6c8904c8": {"runs": 2, "balls": 2, "wickets": 1}, "3a4d914f": {"runs": 6, "balls": 6, "wickets": 1}, "70bab30b": {"runs": 5, "balls": 3, "wickets": 0}, "237baa2c": {"runs": 2, "balls": 3, "wickets": 0}, "deaa286f": {"runs": 1, "balls": 1, "wickets": 0}, "8e574c74": {"runs": 1, "balls": 3, "wickets": 1}, "ad580a96": {"runs": 1, "balls": 1, "wickets": 0}, "521abce2": {"runs": 1, "balls": 3, "wickets": 0}, "760fcf65": {"runs": 1, "balls": 1, "wickets": 0}, "f037f4d8": {"runs": 2, "balls": 2, "wickets": 0}, "09cbca15": {"runs": 1, "balls": 1, "wickets": 0}, "10854c82": {"runs": 1, "balls": 5, "wickets": 1}, "1486e3fd": {"runs": 4, "balls": 7, "wickets": 0}, "4c7744de": {"runs": 1, "balls": 2, "wickets": 1}, "cfdfe39c": {"runs": 4, "balls": 3, "wickets": 1}, "db080f9d": {"runs": 0, "balls": 1, "wickets": 1}, "39b12998": {"runs": 9, "balls": 6, "wickets": 0}, "f1d76e6f": {"runs": 2, "balls": 6, "wickets": 0}, "4d382b64": {"runs": 3, "balls": 4, "wickets": 0}, "b2cd8abe": {"runs": 3, "balls": 4, "wickets": 0}, "1119a645": {"runs": 6, "balls": 3, "wickets": 0}, "9c2bb7da": {"runs": 2, "balls": 4, "wickets": 0}, "3b492b8d": {"runs": 2, "balls": 4, "wickets": 0}, "5bc290a2": {"runs": 3, "balls": 4, "wickets": 0}, "59f44fde": {"runs": 8, "balls": 9, "wickets": 0}, "7467fe01": {"runs": 1, "balls": 5, "wickets": 0}, "2cd18a73": {"runs": 1, "balls": 1, "wickets": 0}, "3af75717": {"runs": 3, "balls": 3, "wickets": 0}, "23e3f2d6": {"runs": 1, "balls": 3, "wickets": 0}, "f6ddfe08": {"runs": 2, "balls": 2, "wickets": 0}, "58acb320": {"runs": 0, "balls": 2, "wickets": 1}, "33d65ab4": {"runs": 3, "balls": 3, "wickets": 1}, "ec687c3a": {"runs": 5, "balls": 9, "wickets": 1}, "992979fa": {"runs": 4, "balls": 6, "wickets": 0}, "417bde96": {"runs": 2, "balls": 2, "wickets": 0}, "ce490298": {"runs": 1, "balls": 1, "wickets": 0}, "3775b9f9": {"runs": 1, "balls": 4, "wickets": 0}, "57fb24e6": {"runs": 0, "balls": 1, "wickets": 1}}, "fifties": 0, "thirties": 1, "centuries": 0, "maidens": 0.0, "hattricks": 0, "club_ODI_previous3_runs": [], "club_ODI_previous3_wickets": [], "club_ODI_previous3_balls played": [], "club_ODI_previous3_overs": [], "club_ODI_previous3_runs gave": [], "club_ODI_lifetime_runs": 0.0, "club_ODI_lifetime_wickets": 0.0, "club_ODI_lifetime_balls played": 0.0, "club_ODI_lifetime_overs": 0.0, "club_ODI_lifetime_runs gave": 0.0, "club_Test_previous3_runs": [], "club_Test_previous3_wickets": [], "club_Test_previous3_balls played": [], "club_Test_previous3_overs": [], "club_Test_previous3_runs gave": [], "club_Test_lifetime_runs": 0.0, "club_Test_lifetime_wickets": 0.0, "club_Test_lifetime_balls played": 0.0, "club_Test_lifetime_overs": 0.0, "club_Test_lifetime_runs gave": 0.0, "club_T20_previous3_runs": [], "club_T20_previous3_wickets": [], "club_T20_previous3_balls played": [], "club_T20_previous3_overs": [], "club_T20_previous3_runs gave": [], "club_T20_lifetime_runs": 0.0, "club_T20_lifetime_wickets": 0.0, "club_T20_lifetime_balls played": 0.0, "club_T20_lifetime_overs": 0.0, "club_T20_lifetime_runs gave": 0.0, "international_ODI_previous3_runs": [], "international_ODI_previous3_wickets": [], "international_ODI_previous3_balls played": [], "international_ODI_previous3_overs": [], "international_ODI_previous3_runs gave": [], "international_ODI_lifetime_runs": 0.0, "international_ODI_lifetime_wickets": 0.0, "international_ODI_lifetime_balls played": 0.0, "international_ODI_lifetime_overs": 0.0, "international_ODI_lifetime_runs gave": 0.0, "international_Test_previous3_runs": [], "international_Test_previous3_wickets": [], "international_Test_previous3_balls played": [], "international_Test_previous3_overs": [], "international_Test_previous3_runs gave": [], "international_Test_lifetime_runs": 0.0, "international_Test_lifetime_wickets": 0.0, "international_Test_lifetime_balls played": 0.0, "international_Test_lifetime_overs": 0.0, "international_Test_lifetime_runs gave": 0.0, "international_T20_previous3_runs": [6.0, 0.0, 0.0], "international_T20_previous3_wickets": [0.0, 0.0, 0.0], "international_T20_previous3_balls played": [11.0, 0.0, 0.0], "international_T20_previous3_overs": [0.0, 0.0, 0.0], "international_T20_previous3_runs gave": [0.0, 0.0, 0.0], "international_T20_lifetime_runs": 160.0, "international_T20_lifetime_wickets": 0.0, "international_T20_lifetime_balls played": 226.0, "international_T20_lifetime_overs": 11.0, "international_T20_lifetime_runs gave": 90.0}