{"played_against": {"d8f20ba5": {"runs": 4, "balls": 18, "wickets": 1}, "ffd5fcd8": {"runs": 4, "balls": 13, "wickets": 0}, "28aba384": {"runs": 11, "balls": 7, "wickets": 1}, "50ee0500": {"runs": 1, "balls": 3, "wickets": 0}, "bba7558e": {"runs": 0, "balls": 2, "wickets": 1}, "5a50471c": {"runs": 30, "balls": 40, "wickets": 2}, "a61850e6": {"runs": 1, "balls": 3, "wickets": 0}, "52d3b7ff": {"runs": 1, "balls": 4, "wickets": 0}, "b4f73b44": {"runs": 23, "balls": 47, "wickets": 1}, "5596d5bf": {"runs": 1, "balls": 2, "wickets": 0}, "fa9fdefa": {"runs": 2, "balls": 6, "wickets": 1}, "44c3cb6d": {"runs": 0, "balls": 1, "wickets": 1}, "d284ef29": {"runs": 10, "balls": 30, "wickets": 0}, "07248d8e": {"runs": 19, "balls": 32, "wickets": 0}, "397369e0": {"runs": 5, "balls": 13, "wickets": 0}, "940feccc": {"runs": 12, "balls": 26, "wickets": 1}, "23e3f2d6": {"runs": 13, "balls": 28, "wickets": 1}, "9c4b58db": {"runs": 17, "balls": 36, "wickets": 2}, "4b15618c": {"runs": 22, "balls": 36, "wickets": 2}, "519b872a": {"runs": 14, "balls": 27, "wickets": 1}, "58acb320": {"runs": 12, "balls": 16, "wickets": 0}, "72eada4c": {"runs": 5, "balls": 8, "wickets": 0}, "12a2157e": {"runs": 5, "balls": 13, "wickets": 0}, "f6ddfe08": {"runs": 5, "balls": 17, "wickets": 1}, "7027d12f": {"runs": 9, "balls": 10, "wickets": 0}, "f61e2829": {"runs": 7, "balls": 24, "wickets": 0}, "8a452195": {"runs": 0, "balls": 0, "wickets": 0}, "bd36bc39": {"runs": 2, "balls": 6, "wickets": 0}, "fa6e2cb3": {"runs": 3, "balls": 6, "wickets": 0}, "4c87bd01": {"runs": 4, "balls": 7, "wickets": 0}, "569bbcbb": {"runs": 7, "balls": 7, "wickets": 0}, "95bf6b2a": {"runs": 1, "balls": 1, "wickets": 0}, "52bbb9e5": {"runs": 6, "balls": 6, "wickets": 1}, "5c77d7cb": {"runs": 7, "balls": 9, "wickets": 0}, "e01e17ee": {"runs": 5, "balls": 5, "wickets": 0}, "66c1accf": {"runs": 1, "balls": 3, "wickets": 0}, "94271647": {"runs": 1, "balls": 3, "wickets": 0}, "24ed1f75": {"runs": 2, "balls": 1, "wickets": 0}, "b0023708": {"runs": 3, "balls": 3, "wickets": 0}, "31c56f40": {"runs": 5, "balls": 13, "wickets": 1}, "fdc6b34d": {"runs": 7, "balls": 9, "wickets": 0}, "c0dc015b": {"runs": 2, "balls": 2, "wickets": 0}, "bf5e7711": {"runs": 6, "balls": 3, "wickets": 0}, "34f86a2d": {"runs": 3, "balls": 2, "wickets": 0}, "aaccb8ca": {"runs": 0, "balls": 1, "wickets": 0}, "6348c6e9": {"runs": 3, "balls": 2, "wickets": 0}, "595433d2": {"runs": 6, "balls": 16, "wickets": 0}, "88bcd09d": {"runs": 1, "balls": 9, "wickets": 0}, "040f11e8": {"runs": 4, "balls": 3, "wickets": 0}, "62d92d76": {"runs": 5, "balls": 5, "wickets": 0}, "83cde44d": {"runs": 5, "balls": 14, "wickets": 1}, "c3394c16": {"runs": 19, "balls": 30, "wickets": 0}, "8cd72e0b": {"runs": 6, "balls": 7, "wickets": 0}, "385eac52": {"runs": 17, "balls": 28, "wickets": 0}, "a0a65375": {"runs": 7, "balls": 17, "wickets": 1}, "a3034d3d": {"runs": 0, "balls": 1, "wickets": 0}, "2daa8e40": {"runs": 4, "balls": 7, "wickets": 0}, "3697a0ff": {"runs": 1, "balls": 3, "wickets": 1}, "d92d3563": {"runs": 7, "balls": 8, "wickets": 1}, "8e7be59c": {"runs": 5, "balls": 10, "wickets": 1}, "23ef9b32": {"runs": 2, "balls": 5, "wickets": 0}}, "fifties": 0, "thirties": 3, "centuries": 0, "maidens": 8.0, "hattricks": 3, "club_ODI_previous3_runs": [], "club_ODI_previous3_wickets": [], "club_ODI_previous3_balls played": [], "club_ODI_previous3_overs": [], "club_ODI_previous3_runs gave": [], "club_ODI_lifetime_runs": 0.0, "club_ODI_lifetime_wickets": 0.0, "club_ODI_lifetime_balls played": 0.0, "club_ODI_lifetime_overs": 0.0, "club_ODI_lifetime_runs gave": 0.0, "club_Test_previous3_runs": [], "club_Test_previous3_wickets": [], "club_Test_previous3_balls played": [], "club_Test_previous3_overs": [], "club_Test_previous3_runs gave": [], "club_Test_lifetime_runs": 0.0, "club_Test_lifetime_wickets": 0.0, "club_Test_lifetime_balls played": 0.0, "club_Test_lifetime_overs": 0.0, "club_Test_lifetime_runs gave": 0.0, "club_T20_previous3_runs": [], "club_T20_previous3_wickets": [], "club_T20_previous3_balls played": [], "club_T20_previous3_overs": [], "club_T20_previous3_runs gave": [], "club_T20_lifetime_runs": 0.0, "club_T20_lifetime_wickets": 0.0, "club_T20_lifetime_balls played": 0.0, "club_T20_lifetime_overs": 0.0, "club_T20_lifetime_runs gave": 0.0, "international_ODI_previous3_runs": [17.0, 10.0, 34.0], "international_ODI_previous3_wickets": [0.0, 0.0, 0.0], "international_ODI_previous3_balls played": [44.0, 22.0, 67.0], "international_ODI_previous3_overs": [3.0, 2.8333333333333335, 0.0], "international_ODI_previous3_runs gave": [23.0, 17.0, 0.0], "international_ODI_lifetime_runs": 228.0, "international_ODI_lifetime_wickets": 6.0, "international_ODI_lifetime_balls played": 467.0, "international_ODI_lifetime_overs": 50.333333333333336, "international_ODI_lifetime_runs gave": 275.0, "international_Test_previous3_runs": [], "international_Test_previous3_wickets": [], "international_Test_previous3_balls played": [], "international_Test_previous3_overs": [], "international_Test_previous3_runs gave": [], "international_Test_lifetime_runs": 0.0, "international_Test_lifetime_wickets": 0.0, "international_Test_lifetime_balls played": 0.0, "international_Test_lifetime_overs": 0.0, "international_Test_lifetime_runs gave": 0.0, "international_T20_previous3_runs": [3.0, 0.0, 15.0], "international_T20_previous3_wickets": [2.0, 0.0, 0.0], "international_T20_previous3_balls played": [2.0, 0.0, 13.0], "international_T20_previous3_overs": [3.0, 0.0, 0.0], "international_T20_previous3_runs gave": [10.0, 0.0, 0.0], "international_T20_lifetime_runs": 162.0, "international_T20_lifetime_wickets": 25.0, "international_T20_lifetime_balls played": 250.0, "international_T20_lifetime_overs": 63.5, "international_T20_lifetime_runs gave": 394.0}