{"played_against": {"6dba59e0": {"runs": 0, "balls": 3, "wickets": 1}, "44e00a4c": {"runs": 0, "balls": 2, "wickets": 1}, "1f4a78c5": {"runs": 1, "balls": 2, "wickets": 0}, "7a6decc8": {"runs": 0, "balls": 4, "wickets": 0}, "6cc4d322": {"runs": 0, "balls": 2, "wickets": 1}, "e3eb9e46": {"runs": 0, "balls": 1, "wickets": 0}, "d3851cd8": {"runs": 1, "balls": 4, "wickets": 0}, "cbd91942": {"runs": 1, "balls": 3, "wickets": 0}, "48024cf4": {"runs": 2, "balls": 2, "wickets": 0}, "626af7ff": {"runs": 1, "balls": 3, "wickets": 0}, "66a7f213": {"runs": 0, "balls": 1, "wickets": 0}}, "fifties": 0, "thirties": 0, "centuries": 0, "maidens": 0.0, "hattricks": 0, "club_ODI_previous3_runs": [], "club_ODI_previous3_wickets": [], "club_ODI_previous3_balls played": [], "club_ODI_previous3_overs": [], "club_ODI_previous3_runs gave": [], "club_ODI_lifetime_runs": 0.0, "club_ODI_lifetime_wickets": 0.0, "club_ODI_lifetime_balls played": 0.0, "club_ODI_lifetime_overs": 0.0, "club_ODI_lifetime_runs gave": 0.0, "club_Test_previous3_runs": [], "club_Test_previous3_wickets": [], "club_Test_previous3_balls played": [], "club_Test_previous3_overs": [], "club_Test_previous3_runs gave": [], "club_Test_lifetime_runs": 0.0, "club_Test_lifetime_wickets": 0.0, "club_Test_lifetime_balls played": 0.0, "club_Test_lifetime_overs": 0.0, "club_Test_lifetime_runs gave": 0.0, "club_T20_previous3_runs": [], "club_T20_previous3_wickets": [], "club_T20_previous3_balls played": [], "club_T20_previous3_overs": [], "club_T20_previous3_runs gave": [], "club_T20_lifetime_runs": 0.0, "club_T20_lifetime_wickets": 0.0, "club_T20_lifetime_balls played": 0.0, "club_T20_lifetime_overs": 0.0, "club_T20_lifetime_runs gave": 0.0, "international_ODI_previous3_runs": [], "international_ODI_previous3_wickets": [], "international_ODI_previous3_balls played": [], "international_ODI_previous3_overs": [], "international_ODI_previous3_runs gave": [], "international_ODI_lifetime_runs": 0.0, "international_ODI_lifetime_wickets": 0.0, "international_ODI_lifetime_balls played": 0.0, "international_ODI_lifetime_overs": 0.0, "international_ODI_lifetime_runs gave": 0.0, "international_Test_previous3_runs": [], "international_Test_previous3_wickets": [], "international_Test_previous3_balls played": [], "international_Test_previous3_overs": [], "international_Test_previous3_runs gave": [], "international_Test_lifetime_runs": 0.0, "international_Test_lifetime_wickets": 0.0, "international_Test_lifetime_balls played": 0.0, "international_Test_lifetime_overs": 0.0, "international_Test_lifetime_runs gave": 0.0, "international_T20_previous3_runs": [1.0, 4.0, 0.0], "international_T20_previous3_wickets": [1.0, 0.0, 0.0], "international_T20_previous3_balls played": [5.0, 8.0, 1.0], "international_T20_previous3_overs": [3.0, 1.0, 0.0], "international_T20_previous3_runs gave": [34.0, 21.0, 0.0], "international_T20_lifetime_runs": 6.0, "international_T20_lifetime_wickets": 1.0, "international_T20_lifetime_balls played": 28.0, "international_T20_lifetime_overs": 4.0, "international_T20_lifetime_runs gave": 55.0}