{"played_against": {"61f05b05": {"runs": 1, "balls": 6, "wickets": 1}, "64c34cd0": {"runs": 0, "balls": 4, "wickets": 0}, "33cb3411": {"runs": 1, "balls": 4, "wickets": 0}, "8ba8195d": {"runs": 0, "balls": 1, "wickets": 1}, "0bd536fb": {"runs": 7, "balls": 2, "wickets": 0}, "7516045a": {"runs": 8, "balls": 8, "wickets": 0}, "98d05440": {"runs": 2, "balls": 6, "wickets": 0}, "2d8aae2f": {"runs": 3, "balls": 4, "wickets": 0}, "f8dcfe4e": {"runs": 1, "balls": 5, "wickets": 1}, "7147f314": {"runs": 1, "balls": 1, "wickets": 0}, "888e32bf": {"runs": 1, "balls": 1, "wickets": 0}, "b858be20": {"runs": 1, "balls": 4, "wickets": 0}, "34464143": {"runs": 2, "balls": 6, "wickets": 1}, "4c7df2c8": {"runs": 1, "balls": 1, "wickets": 0}, "75186c24": {"runs": 5, "balls": 6, "wickets": 0}, "4861d29b": {"runs": 0, "balls": 8, "wickets": 1}, "1adb8ee8": {"runs": 4, "balls": 2, "wickets": 1}, "e186f49c": {"runs": 0, "balls": 1, "wickets": 0}, "7dc35884": {"runs": 8, "balls": 4, "wickets": 0}, "ef18b66e": {"runs": 2, "balls": 3, "wickets": 0}, "12c3ba4d": {"runs": 1, "balls": 3, "wickets": 0}, "7fa2ab1f": {"runs": 6, "balls": 2, "wickets": 0}, "d3868bd0": {"runs": 4, "balls": 2, "wickets": 1}, "3ce127f2": {"runs": 5, "balls": 10, "wickets": 0}, "79b4839e": {"runs": 17, "balls": 37, "wickets": 1}, "7ee25c46": {"runs": 1, "balls": 6, "wickets": 0}, "e70a0811": {"runs": 6, "balls": 9, "wickets": 1}, "934b36a6": {"runs": 2, "balls": 7, "wickets": 1}, "dcdb87f2": {"runs": 5, "balls": 8, "wickets": 1}, "3f61a062": {"runs": 0, "balls": 1, "wickets": 0}, "e21bc7f3": {"runs": 1, "balls": 1, "wickets": 0}, "1252f71a": {"runs": 2, "balls": 5, "wickets": 0}, "e9a870ed": {"runs": 11, "balls": 15, "wickets": 2}, "469ccead": {"runs": 2, "balls": 2, "wickets": 0}, "a36915ce": {"runs": 1, "balls": 10, "wickets": 1}, "9920dd86": {"runs": 1, "balls": 2, "wickets": 1}, "6a685375": {"runs": 0, "balls": 1, "wickets": 1}, "72253b87": {"runs": 2, "balls": 4, "wickets": 0}, "c5d7b244": {"runs": 2, "balls": 4, "wickets": 0}, "f0e293b0": {"runs": 3, "balls": 5, "wickets": 1}, "4557dc54": {"runs": 1, "balls": 6, "wickets": 1}, "96503059": {"runs": 6, "balls": 3, "wickets": 0}, "26d041c4": {"runs": 1, "balls": 2, "wickets": 0}, "9f0270e0": {"runs": 4, "balls": 10, "wickets": 0}, "afe57f7a": {"runs": 3, "balls": 9, "wickets": 0}, "449f4e3c": {"runs": 0, "balls": 4, "wickets": 0}, "f53b3e1d": {"runs": 2, "balls": 4, "wickets": 0}, "05c2ca46": {"runs": 1, "balls": 2, "wickets": 1}, "4d84ad05": {"runs": 1, "balls": 8, "wickets": 0}, "053f3ce3": {"runs": 4, "balls": 9, "wickets": 0}, "2911de16": {"runs": 6, "balls": 5, "wickets": 0}, "9de62878": {"runs": 3, "balls": 6, "wickets": 0}}, "fifties": 0, "thirties": 0, "centuries": 0, "maidens": 36.0, "hattricks": 9, "club_ODI_previous3_runs": [], "club_ODI_previous3_wickets": [], "club_ODI_previous3_balls played": [], "club_ODI_previous3_overs": [], "club_ODI_previous3_runs gave": [], "club_ODI_lifetime_runs": 0.0, "club_ODI_lifetime_wickets": 0.0, "club_ODI_lifetime_balls played": 0.0, "club_ODI_lifetime_overs": 0.0, "club_ODI_lifetime_runs gave": 0.0, "club_Test_previous3_runs": [], "club_Test_previous3_wickets": [], "club_Test_previous3_balls played": [], "club_Test_previous3_overs": [], "club_Test_previous3_runs gave": [], "club_Test_lifetime_runs": 0.0, "club_Test_lifetime_wickets": 0.0, "club_Test_lifetime_balls played": 0.0, "club_Test_lifetime_overs": 0.0, "club_Test_lifetime_runs gave": 0.0, "club_T20_previous3_runs": [], "club_T20_previous3_wickets": [], "club_T20_previous3_balls played": [], "club_T20_previous3_overs": [], "club_T20_previous3_runs gave": [], "club_T20_lifetime_runs": 0.0, "club_T20_lifetime_wickets": 0.0, "club_T20_lifetime_balls played": 0.0, "club_T20_lifetime_overs": 0.0, "club_T20_lifetime_runs gave": 0.0, "international_ODI_previous3_runs": [5.0, 9.0, 0.0], "international_ODI_previous3_wickets": [2.0, 0.0, 0.0], "international_ODI_previous3_balls played": [22.0, 11.0, 0.0], "international_ODI_previous3_overs": [10.0, 4.0, 10.0], "international_ODI_previous3_runs gave": [42.0, 27.0, 39.0], "international_ODI_lifetime_runs": 71.0, "international_ODI_lifetime_wickets": 27.0, "international_ODI_lifetime_balls played": 153.0, "international_ODI_lifetime_overs": 211.50000000000003, "international_ODI_lifetime_runs gave": 924.0, "international_Test_previous3_runs": [29.0, 0.0], "international_Test_previous3_wickets": [3.0, 2.0], "international_Test_previous3_balls played": [62.0, 1.0], "international_Test_previous3_overs": [37.5, 42.833333333333336], "international_Test_previous3_runs gave": [88.0, 178.0], "international_Test_lifetime_runs": 29.0, "international_Test_lifetime_wickets": 5.0, "international_Test_lifetime_balls played": 63.0, "international_Test_lifetime_overs": 80.33333333333334, "international_Test_lifetime_runs gave": 266.0, "international_T20_previous3_runs": [0.0, 7.0, 0.0], "international_T20_previous3_wickets": [0.0, 1.0, 1.0], "international_T20_previous3_balls played": [0.0, 16.0, 0.0], "international_T20_previous3_overs": [4.0, 4.0, 4.0], "international_T20_previous3_runs gave": [36.0, 29.0, 27.0], "international_T20_lifetime_runs": 52.0, "international_T20_lifetime_wickets": 39.0, "international_T20_lifetime_balls played": 64.0, "international_T20_lifetime_overs": 113.83333333333334, "international_T20_lifetime_runs gave": 766.0}