{"played_against": {"479da8f9": {"runs": 0, "balls": 9, "wickets": 0}, "673be48f": {"runs": 10, "balls": 17, "wickets": 1}, "1021b6e5": {"runs": 1, "balls": 7, "wickets": 0}, "b269b49d": {"runs": 8, "balls": 21, "wickets": 0}, "6cb6215d": {"runs": 14, "balls": 16, "wickets": 1}, "bd3c364d": {"runs": 11, "balls": 11, "wickets": 0}, "cbd91942": {"runs": 4, "balls": 8, "wickets": 0}, "97da4ec9": {"runs": 2, "balls": 3, "wickets": 1}, "766e328e": {"runs": 6, "balls": 3, "wickets": 0}, "63f306ac": {"runs": 5, "balls": 8, "wickets": 0}, "f681481e": {"runs": 4, "balls": 4, "wickets": 0}, "9a5668db": {"runs": 6, "balls": 3, "wickets": 0}, "4a51c045": {"runs": 6, "balls": 1, "wickets": 0}, "d17b73f7": {"runs": 2, "balls": 2, "wickets": 0}, "cc9b822c": {"runs": 6, "balls": 6, "wickets": 0}, "039f8170": {"runs": 2, "balls": 6, "wickets": 1}}, "fifties": 0, "thirties": 1, "centuries": 0, "maidens": 0.0, "hattricks": 0, "club_ODI_previous3_runs": [], "club_ODI_previous3_wickets": [], "club_ODI_previous3_balls played": [], "club_ODI_previous3_overs": [], "club_ODI_previous3_runs gave": [], "club_ODI_lifetime_runs": 0.0, "club_ODI_lifetime_wickets": 0.0, "club_ODI_lifetime_balls played": 0.0, "club_ODI_lifetime_overs": 0.0, "club_ODI_lifetime_runs gave": 0.0, "club_Test_previous3_runs": [], "club_Test_previous3_wickets": [], "club_Test_previous3_balls played": [], "club_Test_previous3_overs": [], "club_Test_previous3_runs gave": [], "club_Test_lifetime_runs": 0.0, "club_Test_lifetime_wickets": 0.0, "club_Test_lifetime_balls played": 0.0, "club_Test_lifetime_overs": 0.0, "club_Test_lifetime_runs gave": 0.0, "club_T20_previous3_runs": [], "club_T20_previous3_wickets": [], "club_T20_previous3_balls played": [], "club_T20_previous3_overs": [], "club_T20_previous3_runs gave": [], "club_T20_lifetime_runs": 0.0, "club_T20_lifetime_wickets": 0.0, "club_T20_lifetime_balls played": 0.0, "club_T20_lifetime_overs": 0.0, "club_T20_lifetime_runs gave": 0.0, "international_ODI_previous3_runs": [11.0, 39.0], "international_ODI_previous3_wickets": [0.0, 0.0], "international_ODI_previous3_balls played": [33.0, 55.0], "international_ODI_previous3_overs": [0.0, 0.0], "international_ODI_previous3_runs gave": [0.0, 0.0], "international_ODI_lifetime_runs": 50.0, "international_ODI_lifetime_wickets": 0.0, "international_ODI_lifetime_balls played": 88.0, "international_ODI_lifetime_overs": 0.0, "international_ODI_lifetime_runs gave": 0.0, "international_Test_previous3_runs": [], "international_Test_previous3_wickets": [], "international_Test_previous3_balls played": [], "international_Test_previous3_overs": [], "international_Test_previous3_runs gave": [], "international_Test_lifetime_runs": 0.0, "international_Test_lifetime_wickets": 0.0, "international_Test_lifetime_balls played": 0.0, "international_Test_lifetime_overs": 0.0, "international_Test_lifetime_runs gave": 0.0, "international_T20_previous3_runs": [29.0, 5.0, 3.0], "international_T20_previous3_wickets": [0.0, 0.0, 0.0], "international_T20_previous3_balls played": [21.0, 8.0, 8.0], "international_T20_previous3_overs": [2.0, 1.8333333333333335, 0.0], "international_T20_previous3_runs gave": [25.0, 22.0, 0.0], "international_T20_lifetime_runs": 37.0, "international_T20_lifetime_wickets": 0.0, "international_T20_lifetime_balls played": 37.0, "international_T20_lifetime_overs": 3.8333333333333335, "international_T20_lifetime_runs gave": 47.0}