{"played_against": {"8fd1a8f5": {"runs": 0, "balls": 21, "wickets": 1}, "cfe70281": {"runs": 2, "balls": 18, "wickets": 0}, "5bb5a915": {"runs": 2, "balls": 11, "wickets": 0}, "537f5ab2": {"runs": 2, "balls": 22, "wickets": 1}, "2e8994e7": {"runs": 12, "balls": 14, "wickets": 0}, "33085ffb": {"runs": 1, "balls": 5, "wickets": 0}, "7f8ecc51": {"runs": 13, "balls": 10, "wickets": 0}, "acee4cc4": {"runs": 5, "balls": 8, "wickets": 1}, "3a60e0b5": {"runs": 0, "balls": 1, "wickets": 1}, "3fb19989": {"runs": 1, "balls": 3, "wickets": 0}, "30a45b23": {"runs": 0, "balls": 3, "wickets": 1}, "c654af19": {"runs": 0, "balls": 1, "wickets": 1}, "c4487b84": {"runs": 1, "balls": 2, "wickets": 0}, "9d1d34bd": {"runs": 7, "balls": 11, "wickets": 0}, "090f9211": {"runs": 1, "balls": 2, "wickets": 0}, "7dc35884": {"runs": 10, "balls": 10, "wickets": 2}, "1f7adc8a": {"runs": 1, "balls": 8, "wickets": 1}, "f56cd097": {"runs": 0, "balls": 4, "wickets": 0}, "902d916b": {"runs": 3, "balls": 5, "wickets": 0}, "51a3c5ef": {"runs": 1, "balls": 1, "wickets": 0}, "64c34cd0": {"runs": 3, "balls": 4, "wickets": 1}, "f2800ef3": {"runs": 1, "balls": 4, "wickets": 0}, "9cb8d7a6": {"runs": 2, "balls": 5, "wickets": 0}, "c89474d1": {"runs": 2, "balls": 4, "wickets": 0}, "bd0a4a7d": {"runs": 4, "balls": 5, "wickets": 0}, "243431b5": {"runs": 1, "balls": 1, "wickets": 0}, "78adc879": {"runs": 1, "balls": 16, "wickets": 0}, "641ac5ff": {"runs": 7, "balls": 12, "wickets": 1}, "2be41edb": {"runs": 0, "balls": 1, "wickets": 0}, "9ab63e7b": {"runs": 1, "balls": 2, "wickets": 0}, "d9273ee7": {"runs": 1, "balls": 4, "wickets": 0}, "7c7d63a2": {"runs": 5, "balls": 5, "wickets": 0}}, "fifties": 0, "thirties": 0, "centuries": 0, "maidens": 14.0, "hattricks": 2, "club_ODI_previous3_runs": [], "club_ODI_previous3_wickets": [], "club_ODI_previous3_balls played": [], "club_ODI_previous3_overs": [], "club_ODI_previous3_runs gave": [], "club_ODI_lifetime_runs": 0.0, "club_ODI_lifetime_wickets": 0.0, "club_ODI_lifetime_balls played": 0.0, "club_ODI_lifetime_overs": 0.0, "club_ODI_lifetime_runs gave": 0.0, "club_Test_previous3_runs": [], "club_Test_previous3_wickets": [], "club_Test_previous3_balls played": [], "club_Test_previous3_overs": [], "club_Test_previous3_runs gave": [], "club_Test_lifetime_runs": 0.0, "club_Test_lifetime_wickets": 0.0, "club_Test_lifetime_balls played": 0.0, "club_Test_lifetime_overs": 0.0, "club_Test_lifetime_runs gave": 0.0, "club_T20_previous3_runs": [], "club_T20_previous3_wickets": [], "club_T20_previous3_balls played": [], "club_T20_previous3_overs": [], "club_T20_previous3_runs gave": [], "club_T20_lifetime_runs": 0.0, "club_T20_lifetime_wickets": 0.0, "club_T20_lifetime_balls played": 0.0, "club_T20_lifetime_overs": 0.0, "club_T20_lifetime_runs gave": 0.0, "international_ODI_previous3_runs": [0.0, 0.0, 7.0], "international_ODI_previous3_wickets": [2.0, 0.0, 0.0], "international_ODI_previous3_balls played": [0.0, 0.0, 10.0], "international_ODI_previous3_overs": [9.833333333333334, 8.0, 9.0], "international_ODI_previous3_runs gave": [36.0, 39.0, 37.0], "international_ODI_lifetime_runs": 45.0, "international_ODI_lifetime_wickets": 17.0, "international_ODI_lifetime_balls played": 86.0, "international_ODI_lifetime_overs": 133.16666666666666, "international_ODI_lifetime_runs gave": 695.0, "international_Test_previous3_runs": [15.0, 15.0, 8.0], "international_Test_previous3_wickets": [5.0, 0.0, 0.0], "international_Test_previous3_balls played": [81.0, 17.0, 30.0], "international_Test_previous3_overs": [53.333333333333336, 16.0, 40.83333333333333], "international_Test_previous3_runs gave": [185.0, 73.0, 130.0], "international_Test_lifetime_runs": 38.0, "international_Test_lifetime_wickets": 5.0, "international_Test_lifetime_balls played": 128.0, "international_Test_lifetime_overs": 110.16666666666667, "international_Test_lifetime_runs gave": 388.0, "international_T20_previous3_runs": [1.0, 6.0], "international_T20_previous3_wickets": [0.0, 0.0], "international_T20_previous3_balls played": [2.0, 9.0], "international_T20_previous3_overs": [3.0, 3.0], "international_T20_previous3_runs gave": [32.0, 45.0], "international_T20_lifetime_runs": 7.0, "international_T20_lifetime_wickets": 0.0, "international_T20_lifetime_balls played": 11.0, "international_T20_lifetime_overs": 6.0, "international_T20_lifetime_runs gave": 77.0}