{"played_against": {"f233bbb4": {"runs": 2, "balls": 5, "wickets": 0}, "d18f9182": {"runs": 2, "balls": 3, "wickets": 0}, "1be70c88": {"runs": 2, "balls": 4, "wickets": 0}, "4fc516bd": {"runs": 1, "balls": 2, "wickets": 0}, "342d8ade": {"runs": 1, "balls": 2, "wickets": 1}, "8b5b6769": {"runs": 14, "balls": 18, "wickets": 0}, "1c914163": {"runs": 4, "balls": 2, "wickets": 0}, "91a4a398": {"runs": 17, "balls": 12, "wickets": 1}, "5bb1a1c4": {"runs": 16, "balls": 12, "wickets": 0}, "e938e1bc": {"runs": 12, "balls": 4, "wickets": 0}, "e01895bb": {"runs": 5, "balls": 4, "wickets": 1}, "64c34cd0": {"runs": 6, "balls": 4, "wickets": 0}, "0dc00542": {"runs": 2, "balls": 3, "wickets": 0}, "16dfcc19": {"runs": 24, "balls": 6, "wickets": 0}, "ea0cdc12": {"runs": 1, "balls": 2, "wickets": 1}, "469ea22b": {"runs": 1, "balls": 1, "wickets": 0}, "9ab63e7b": {"runs": 1, "balls": 5, "wickets": 0}, "10a91f35": {"runs": 0, "balls": 2, "wickets": 0}, "05d74535": {"runs": 5, "balls": 3, "wickets": 0}, "b3118300": {"runs": 2, "balls": 6, "wickets": 0}, "390ff45b": {"runs": 1, "balls": 3, "wickets": 0}, "93f104b4": {"runs": 4, "balls": 4, "wickets": 0}, "d094e7d1": {"runs": 1, "balls": 2, "wickets": 1}}, "fifties": 0, "thirties": 1, "centuries": 0, "maidens": 0.0, "hattricks": 0, "club_ODI_previous3_runs": [], "club_ODI_previous3_wickets": [], "club_ODI_previous3_balls played": [], "club_ODI_previous3_overs": [], "club_ODI_previous3_runs gave": [], "club_ODI_lifetime_runs": 0.0, "club_ODI_lifetime_wickets": 0.0, "club_ODI_lifetime_balls played": 0.0, "club_ODI_lifetime_overs": 0.0, "club_ODI_lifetime_runs gave": 0.0, "club_Test_previous3_runs": [], "club_Test_previous3_wickets": [], "club_Test_previous3_balls played": [], "club_Test_previous3_overs": [], "club_Test_previous3_runs gave": [], "club_Test_lifetime_runs": 0.0, "club_Test_lifetime_wickets": 0.0, "club_Test_lifetime_balls played": 0.0, "club_Test_lifetime_overs": 0.0, "club_Test_lifetime_runs gave": 0.0, "club_T20_previous3_runs": [], "club_T20_previous3_wickets": [], "club_T20_previous3_balls played": [], "club_T20_previous3_overs": [], "club_T20_previous3_runs gave": [], "club_T20_lifetime_runs": 0.0, "club_T20_lifetime_wickets": 0.0, "club_T20_lifetime_balls played": 0.0, "club_T20_lifetime_overs": 0.0, "club_T20_lifetime_runs gave": 0.0, "international_ODI_previous3_runs": [7.0, 56.0, 0.0], "international_ODI_previous3_wickets": [0.0, 0.0, 0.0], "international_ODI_previous3_balls played": [9.0, 42.0, 0.0], "international_ODI_previous3_overs": [0.0, 0.0, 0.0], "international_ODI_previous3_runs gave": [0.0, 0.0, 0.0], "international_ODI_lifetime_runs": 63.0, "international_ODI_lifetime_wickets": 0.0, "international_ODI_lifetime_balls played": 51.0, "international_ODI_lifetime_overs": 0.0, "international_ODI_lifetime_runs gave": 0.0, "international_Test_previous3_runs": [], "international_Test_previous3_wickets": [], "international_Test_previous3_balls played": [], "international_Test_previous3_overs": [], "international_Test_previous3_runs gave": [], "international_Test_lifetime_runs": 0.0, "international_Test_lifetime_wickets": 0.0, "international_Test_lifetime_balls played": 0.0, "international_Test_lifetime_overs": 0.0, "international_Test_lifetime_runs gave": 0.0, "international_T20_previous3_runs": [5.0, 26.0, 7.0], "international_T20_previous3_wickets": [0.0, 0.0, 0.0], "international_T20_previous3_balls played": [8.0, 9.0, 13.0], "international_T20_previous3_overs": [0.0, 0.0, 0.0], "international_T20_previous3_runs gave": [0.0, 0.0, 0.0], "international_T20_lifetime_runs": 61.0, "international_T20_lifetime_wickets": 0.0, "international_T20_lifetime_balls played": 63.0, "international_T20_lifetime_overs": 0.0, "international_T20_lifetime_runs gave": 0.0}