{"played_against": {"2911de16": {"runs": 1, "balls": 2, "wickets": 1}, "bd4ea627": {"runs": 4, "balls": 7, "wickets": 0}, "f59b3bd1": {"runs": 7, "balls": 2, "wickets": 0}, "9e9af5f2": {"runs": 2, "balls": 2, "wickets": 0}, "3be224b0": {"runs": 1, "balls": 3, "wickets": 0}, "4d7f517e": {"runs": 0, "balls": 1, "wickets": 0}, "2cec2a92": {"runs": 0, "balls": 1, "wickets": 1}, "9cb8d7a6": {"runs": 0, "balls": 3, "wickets": 0}, "45a7e761": {"runs": 0, "balls": 1, "wickets": 0}}, "fifties": 0, "thirties": 0, "centuries": 0, "maidens": 0.0, "hattricks": 0, "club_ODI_previous3_runs": [], "club_ODI_previous3_wickets": [], "club_ODI_previous3_balls played": [], "club_ODI_previous3_overs": [], "club_ODI_previous3_runs gave": [], "club_ODI_lifetime_runs": 0.0, "club_ODI_lifetime_wickets": 0.0, "club_ODI_lifetime_balls played": 0.0, "club_ODI_lifetime_overs": 0.0, "club_ODI_lifetime_runs gave": 0.0, "club_Test_previous3_runs": [], "club_Test_previous3_wickets": [], "club_Test_previous3_balls played": [], "club_Test_previous3_overs": [], "club_Test_previous3_runs gave": [], "club_Test_lifetime_runs": 0.0, "club_Test_lifetime_wickets": 0.0, "club_Test_lifetime_balls played": 0.0, "club_Test_lifetime_overs": 0.0, "club_Test_lifetime_runs gave": 0.0, "club_T20_previous3_runs": [0.0, 0.0, 0.0], "club_T20_previous3_wickets": [0.0, 0.0, 0.0], "club_T20_previous3_balls played": [3.0, 0.0, 1.0], "club_T20_previous3_overs": [0.0, 0.0, 0.0], "club_T20_previous3_runs gave": [0.0, 0.0, 0.0], "club_T20_lifetime_runs": 15.0, "club_T20_lifetime_wickets": 0.0, "club_T20_lifetime_balls played": 23.0, "club_T20_lifetime_overs": 0.0, "club_T20_lifetime_runs gave": 0.0, "international_ODI_previous3_runs": [], "international_ODI_previous3_wickets": [], "international_ODI_previous3_balls played": [], "international_ODI_previous3_overs": [], "international_ODI_previous3_runs gave": [], "international_ODI_lifetime_runs": 0.0, "international_ODI_lifetime_wickets": 0.0, "international_ODI_lifetime_balls played": 0.0, "international_ODI_lifetime_overs": 0.0, "international_ODI_lifetime_runs gave": 0.0, "international_Test_previous3_runs": [], "international_Test_previous3_wickets": [], "international_Test_previous3_balls played": [], "international_Test_previous3_overs": [], "international_Test_previous3_runs gave": [], "international_Test_lifetime_runs": 0.0, "international_Test_lifetime_wickets": 0.0, "international_Test_lifetime_balls played": 0.0, "international_Test_lifetime_overs": 0.0, "international_Test_lifetime_runs gave": 0.0, "international_T20_previous3_runs": [], "international_T20_previous3_wickets": [], "international_T20_previous3_balls played": [], "international_T20_previous3_overs": [], "international_T20_previous3_runs gave": [], "international_T20_lifetime_runs": 0.0, "international_T20_lifetime_wickets": 0.0, "international_T20_lifetime_balls played": 0.0, "international_T20_lifetime_overs": 0.0, "international_T20_lifetime_runs gave": 0.0}