{"played_against": {"1cfac535": {"runs": 1, "balls": 1, "wickets": 0}, "8d92a2c3": {"runs": 0, "balls": 8, "wickets": 0}, "51e1ed69": {"runs": 7, "balls": 9, "wickets": 0}, "1f572ee8": {"runs": 0, "balls": 1, "wickets": 1}, "e423d162": {"runs": 1, "balls": 5, "wickets": 1}, "525c3f54": {"runs": 1, "balls": 5, "wickets": 0}, "fea7a34c": {"runs": 1, "balls": 1, "wickets": 0}, "a73321d3": {"runs": 0, "balls": 1, "wickets": 1}, "e0ac7144": {"runs": 0, "balls": 5, "wickets": 0}, "f5821615": {"runs": 1, "balls": 7, "wickets": 0}, "086f5984": {"runs": 7, "balls": 6, "wickets": 0}, "85afed77": {"runs": 7, "balls": 13, "wickets": 0}, "b20f423b": {"runs": 4, "balls": 12, "wickets": 0}, "b9877635": {"runs": 0, "balls": 4, "wickets": 1}, "e94915e6": {"runs": 5, "balls": 5, "wickets": 0}, "ce24059d": {"runs": 2, "balls": 3, "wickets": 0}, "e86754b2": {"runs": 7, "balls": 9, "wickets": 0}, "9395f98e": {"runs": 0, "balls": 5, "wickets": 1}, "0f3ee070": {"runs": 6, "balls": 10, "wickets": 0}, "1957c6b7": {"runs": 1, "balls": 1, "wickets": 0}, "dd17e4bc": {"runs": 2, "balls": 3, "wickets": 1}, "bbbb7f1e": {"runs": 3, "balls": 10, "wickets": 0}, "2223b920": {"runs": 0, "balls": 6, "wickets": 0}, "0bec3a6c": {"runs": 1, "balls": 3, "wickets": 0}, "ba377b40": {"runs": 6, "balls": 6, "wickets": 0}, "a9da7784": {"runs": 1, "balls": 2, "wickets": 0}, "8db7f47f": {"runs": 1, "balls": 1, "wickets": 0}, "15101f12": {"runs": 1, "balls": 1, "wickets": 0}, "3a60e0b5": {"runs": 5, "balls": 5, "wickets": 1}, "d4eef961": {"runs": 1, "balls": 3, "wickets": 0}, "5da34add": {"runs": 10, "balls": 8, "wickets": 0}, "d99cc23a": {"runs": 7, "balls": 7, "wickets": 1}, "5b6d248a": {"runs": 1, "balls": 2, "wickets": 0}, "9bab2b81": {"runs": 8, "balls": 4, "wickets": 0}, "57590dbb": {"runs": 4, "balls": 6, "wickets": 0}, "b082d112": {"runs": 2, "balls": 9, "wickets": 0}, "23638956": {"runs": 3, "balls": 4, "wickets": 1}, "c672e80e": {"runs": 2, "balls": 7, "wickets": 1}, "c654af19": {"runs": 3, "balls": 3, "wickets": 0}, "fdb8ed0d": {"runs": 0, "balls": 2, "wickets": 0}, "0f6db197": {"runs": 0, "balls": 1, "wickets": 0}, "e9987a94": {"runs": 10, "balls": 8, "wickets": 1}, "3987e390": {"runs": 1, "balls": 2, "wickets": 0}, "05c2ca46": {"runs": 6, "balls": 7, "wickets": 0}, "78adc879": {"runs": 1, "balls": 2, "wickets": 0}, "7ca5e05d": {"runs": 0, "balls": 1, "wickets": 1}, "e84ac20c": {"runs": 1, "balls": 1, "wickets": 0}, "06c2de82": {"runs": 14, "balls": 6, "wickets": 0}, "7be8a0ed": {"runs": 1, "balls": 2, "wickets": 0}, "79c7041c": {"runs": 3, "balls": 7, "wickets": 1}, "4c0f3806": {"runs": 7, "balls": 16, "wickets": 0}, "a089f93f": {"runs": 0, "balls": 2, "wickets": 1}, "fe5b4367": {"runs": 10, "balls": 22, "wickets": 0}, "d66edc9a": {"runs": 0, "balls": 6, "wickets": 1}, "43205dad": {"runs": 1, "balls": 7, "wickets": 0}, "a77472dc": {"runs": 12, "balls": 19, "wickets": 1}}, "fifties": 0, "thirties": 0, "centuries": 0, "maidens": 68.0, "hattricks": 5, "club_ODI_previous3_runs": [0.0, 4.0, 0.0], "club_ODI_previous3_wickets": [0.0, 1.0, 0.0], "club_ODI_previous3_balls played": [0.0, 5.0, 0.0], "club_ODI_previous3_overs": [8.0, 10.0, 9.0], "club_ODI_previous3_runs gave": [42.0, 41.0, 41.0], "club_ODI_lifetime_runs": 69.0, "club_ODI_lifetime_wickets": 18.0, "club_ODI_lifetime_balls played": 72.0, "club_ODI_lifetime_overs": 172.83333333333334, "club_ODI_lifetime_runs gave": 840.0, "club_Test_previous3_runs": [7.0, 20.0, 13.0], "club_Test_previous3_wickets": [7.0, 2.0, 3.0], "club_Test_previous3_balls played": [13.0, 47.0, 33.0], "club_Test_previous3_overs": [55.333333333333336, 25.500000000000004, 22.5], "club_Test_previous3_runs gave": [183.0, 107.0, 79.0], "club_Test_lifetime_runs": 85.0, "club_Test_lifetime_wickets": 26.0, "club_Test_lifetime_balls played": 215.0, "club_Test_lifetime_overs": 384.83333333333326, "club_Test_lifetime_runs gave": 1256.0, "club_T20_previous3_runs": [12.0, 0.0, 0.0], "club_T20_previous3_wickets": [0.0, 1.0, 1.0], "club_T20_previous3_balls played": [10.0, 0.0, 0.0], "club_T20_previous3_overs": [2.0, 3.0, 4.0], "club_T20_previous3_runs gave": [10.0, 18.0, 40.0], "club_T20_lifetime_runs": 25.0, "club_T20_lifetime_wickets": 19.0, "club_T20_lifetime_balls played": 27.0, "club_T20_lifetime_overs": 105.0, "club_T20_lifetime_runs gave": 824.0, "international_ODI_previous3_runs": [], "international_ODI_previous3_wickets": [], "international_ODI_previous3_balls played": [], "international_ODI_previous3_overs": [], "international_ODI_previous3_runs gave": [], "international_ODI_lifetime_runs": 0.0, "international_ODI_lifetime_wickets": 0.0, "international_ODI_lifetime_balls played": 0.0, "international_ODI_lifetime_overs": 0.0, "international_ODI_lifetime_runs gave": 0.0, "international_Test_previous3_runs": [], "international_Test_previous3_wickets": [], "international_Test_previous3_balls played": [], "international_Test_previous3_overs": [], "international_Test_previous3_runs gave": [], "international_Test_lifetime_runs": 0.0, "international_Test_lifetime_wickets": 0.0, "international_Test_lifetime_balls played": 0.0, "international_Test_lifetime_overs": 0.0, "international_Test_lifetime_runs gave": 0.0, "international_T20_previous3_runs": [], "international_T20_previous3_wickets": [], "international_T20_previous3_balls played": [], "international_T20_previous3_overs": [], "international_T20_previous3_runs gave": [], "international_T20_lifetime_runs": 0.0, "international_T20_lifetime_wickets": 0.0, "international_T20_lifetime_balls played": 0.0, "international_T20_lifetime_overs": 0.0, "international_T20_lifetime_runs gave": 0.0}