{"played_against": {"2e0b6638": {"runs": 1, "balls": 2, "wickets": 0}, "78fd864b": {"runs": 0, "balls": 3, "wickets": 1}, "014cfac4": {"runs": 4, "balls": 3, "wickets": 0}, "385eac52": {"runs": 8, "balls": 12, "wickets": 0}, "13c19f32": {"runs": 7, "balls": 11, "wickets": 2}, "7ce7fb3c": {"runs": 3, "balls": 10, "wickets": 0}, "b4e026de": {"runs": 0, "balls": 10, "wickets": 0}, "00823a96": {"runs": 8, "balls": 15, "wickets": 0}, "f13d3eba": {"runs": 4, "balls": 5, "wickets": 0}, "fbd79b9b": {"runs": 7, "balls": 7, "wickets": 0}, "e893fef7": {"runs": 1, "balls": 2, "wickets": 0}, "8d26dfab": {"runs": 2, "balls": 6, "wickets": 0}, "3a9b3866": {"runs": 3, "balls": 10, "wickets": 0}, "53bee17f": {"runs": 6, "balls": 9, "wickets": 0}, "b5c83d22": {"runs": 1, "balls": 3, "wickets": 0}, "e3a93585": {"runs": 1, "balls": 2, "wickets": 1}, "15f609ed": {"runs": 1, "balls": 1, "wickets": 0}, "9049ab63": {"runs": 0, "balls": 1, "wickets": 0}, "58717de2": {"runs": 0, "balls": 4, "wickets": 0}}, "fifties": 0, "thirties": 0, "centuries": 0, "maidens": 0.0, "hattricks": 3, "club_ODI_previous3_runs": [0.0, 14.0, 0.0], "club_ODI_previous3_wickets": [0.0, 0.0, 2.0], "club_ODI_previous3_balls played": [0.0, 20.0, 0.0], "club_ODI_previous3_overs": [9.0, 7.666666666666667, 4.0], "club_ODI_previous3_runs gave": [51.0, 37.0, 36.0], "club_ODI_lifetime_runs": 48.0, "club_ODI_lifetime_wickets": 11.0, "club_ODI_lifetime_balls played": 97.0, "club_ODI_lifetime_overs": 47.666666666666664, "club_ODI_lifetime_runs gave": 272.0, "club_Test_previous3_runs": [], "club_Test_previous3_wickets": [], "club_Test_previous3_balls played": [], "club_Test_previous3_overs": [], "club_Test_previous3_runs gave": [], "club_Test_lifetime_runs": 0.0, "club_Test_lifetime_wickets": 0.0, "club_Test_lifetime_balls played": 0.0, "club_Test_lifetime_overs": 0.0, "club_Test_lifetime_runs gave": 0.0, "club_T20_previous3_runs": [1.0, 1.0, 0.0], "club_T20_previous3_wickets": [1.0, 0.0, 1.0], "club_T20_previous3_balls played": [2.0, 2.0, 4.0], "club_T20_previous3_overs": [2.0, 1.0, 1.0], "club_T20_previous3_runs gave": [17.0, 12.0, 9.0], "club_T20_lifetime_runs": 9.0, "club_T20_lifetime_wickets": 13.0, "club_T20_lifetime_balls played": 20.0, "club_T20_lifetime_overs": 30.33333333333333, "club_T20_lifetime_runs gave": 245.0, "international_ODI_previous3_runs": [], "international_ODI_previous3_wickets": [], "international_ODI_previous3_balls played": [], "international_ODI_previous3_overs": [], "international_ODI_previous3_runs gave": [], "international_ODI_lifetime_runs": 0.0, "international_ODI_lifetime_wickets": 0.0, "international_ODI_lifetime_balls played": 0.0, "international_ODI_lifetime_overs": 0.0, "international_ODI_lifetime_runs gave": 0.0, "international_Test_previous3_runs": [], "international_Test_previous3_wickets": [], "international_Test_previous3_balls played": [], "international_Test_previous3_overs": [], "international_Test_previous3_runs gave": [], "international_Test_lifetime_runs": 0.0, "international_Test_lifetime_wickets": 0.0, "international_Test_lifetime_balls played": 0.0, "international_Test_lifetime_overs": 0.0, "international_Test_lifetime_runs gave": 0.0, "international_T20_previous3_runs": [], "international_T20_previous3_wickets": [], "international_T20_previous3_balls played": [], "international_T20_previous3_overs": [], "international_T20_previous3_runs gave": [], "international_T20_lifetime_runs": 0.0, "international_T20_lifetime_wickets": 0.0, "international_T20_lifetime_balls played": 0.0, "international_T20_lifetime_overs": 0.0, "international_T20_lifetime_runs gave": 0.0}