{"played_against": {"2842d925": {"runs": 4, "balls": 6, "wickets": 0}, "791dca18": {"runs": 8, "balls": 6, "wickets": 1}, "017cadb2": {"runs": 15, "balls": 24, "wickets": 0}, "01c1b96c": {"runs": 28, "balls": 51, "wickets": 1}, "36dfa62e": {"runs": 16, "balls": 27, "wickets": 0}, "a4f1fdd4": {"runs": 16, "balls": 24, "wickets": 0}, "657da2f4": {"runs": 9, "balls": 16, "wickets": 0}, "db873292": {"runs": 5, "balls": 11, "wickets": 1}, "16301313": {"runs": 1, "balls": 1, "wickets": 0}, "5e118871": {"runs": 1, "balls": 1, "wickets": 0}, "5bb73a3c": {"runs": 7, "balls": 8, "wickets": 0}, "3b1816bf": {"runs": 10, "balls": 6, "wickets": 0}, "4fc3eddf": {"runs": 4, "balls": 1, "wickets": 0}, "9d80f576": {"runs": 28, "balls": 28, "wickets": 0}, "1530ae9d": {"runs": 5, "balls": 6, "wickets": 0}, "f7aca3b3": {"runs": 14, "balls": 18, "wickets": 0}, "4ca3d67d": {"runs": 21, "balls": 23, "wickets": 0}, "7be9cb29": {"runs": 7, "balls": 9, "wickets": 0}, "2fdcecae": {"runs": 23, "balls": 17, "wickets": 0}, "c982ad6f": {"runs": 11, "balls": 8, "wickets": 0}, "3a341948": {"runs": 13, "balls": 10, "wickets": 0}, "99772efd": {"runs": 3, "balls": 3, "wickets": 0}, "c7e59109": {"runs": 34, "balls": 29, "wickets": 0}, "a6898f7a": {"runs": 12, "balls": 27, "wickets": 2}, "8c712051": {"runs": 16, "balls": 18, "wickets": 1}, "781f1a40": {"runs": 7, "balls": 18, "wickets": 0}, "40d1b7bd": {"runs": 21, "balls": 20, "wickets": 2}, "119dc992": {"runs": 1, "balls": 2, "wickets": 0}, "a4e98e6b": {"runs": 1, "balls": 3, "wickets": 0}, "74ed1b5f": {"runs": 2, "balls": 4, "wickets": 0}, "6d972d02": {"runs": 12, "balls": 25, "wickets": 0}, "73d19a42": {"runs": 10, "balls": 8, "wickets": 0}, "c42eed38": {"runs": 11, "balls": 14, "wickets": 0}, "5145239b": {"runs": 9, "balls": 11, "wickets": 0}, "89187d8b": {"runs": 2, "balls": 2, "wickets": 0}, "2f145a4f": {"runs": 7, "balls": 8, "wickets": 0}, "f67ea6d2": {"runs": 4, "balls": 5, "wickets": 0}, "e45ac860": {"runs": 8, "balls": 11, "wickets": 0}, "7cfb9b67": {"runs": 1, "balls": 2, "wickets": 0}, "edf62a25": {"runs": 4, "balls": 6, "wickets": 0}, "2beae660": {"runs": 2, "balls": 2, "wickets": 1}, "f6ddfe08": {"runs": 0, "balls": 1, "wickets": 1}, "6d48df01": {"runs": 8, "balls": 7, "wickets": 0}, "ecbbebf1": {"runs": 6, "balls": 7, "wickets": 0}, "c6a019f5": {"runs": 4, "balls": 10, "wickets": 1}, "4d35d0b3": {"runs": 13, "balls": 19, "wickets": 2}, "f13d3eba": {"runs": 2, "balls": 6, "wickets": 0}, "2dc78362": {"runs": 3, "balls": 7, "wickets": 1}, "dbc23e51": {"runs": 0, "balls": 6, "wickets": 0}, "11d0079f": {"runs": 14, "balls": 22, "wickets": 0}, "e63c08e9": {"runs": 15, "balls": 8, "wickets": 0}, "8a0ba257": {"runs": 12, "balls": 13, "wickets": 1}, "2f37396f": {"runs": 19, "balls": 10, "wickets": 0}, "2d4317da": {"runs": 9, "balls": 7, "wickets": 0}, "0c00286e": {"runs": 1, "balls": 3, "wickets": 0}, "25a2755a": {"runs": 0, "balls": 1, "wickets": 1}, "7ec52f4a": {"runs": 5, "balls": 11, "wickets": 1}, "27339093": {"runs": 1, "balls": 6, "wickets": 0}, "2d772f77": {"runs": 4, "balls": 3, "wickets": 0}, "bc44071a": {"runs": 13, "balls": 8, "wickets": 1}, "cca8bdca": {"runs": 4, "balls": 4, "wickets": 0}, "f281dd00": {"runs": 8, "balls": 6, "wickets": 1}, "d9e5ecb4": {"runs": 20, "balls": 16, "wickets": 0}, "cf92d76b": {"runs": 6, "balls": 12, "wickets": 2}, "bb1a5f8a": {"runs": 1, "balls": 7, "wickets": 1}, "554a83e5": {"runs": 4, "balls": 4, "wickets": 0}, "91d9613e": {"runs": 0, "balls": 1, "wickets": 0}, "c0dc015b": {"runs": 3, "balls": 2, "wickets": 0}, "bb411d1e": {"runs": 9, "balls": 8, "wickets": 0}, "1b61a9fa": {"runs": 8, "balls": 6, "wickets": 0}, "47b32a5a": {"runs": 7, "balls": 18, "wickets": 1}, "9a58f2c8": {"runs": 5, "balls": 9, "wickets": 0}, "106135f5": {"runs": 12, "balls": 5, "wickets": 0}, "c4022bff": {"runs": 6, "balls": 10, "wickets": 0}, "74eecff4": {"runs": 7, "balls": 13, "wickets": 0}, "6348c6e9": {"runs": 8, "balls": 3, "wickets": 0}, "34f86a2d": {"runs": 2, "balls": 2, "wickets": 0}, "aaccb8ca": {"runs": 6, "balls": 5, "wickets": 0}, "a259c414": {"runs": 11, "balls": 15, "wickets": 1}, "31c56f40": {"runs": 2, "balls": 6, "wickets": 1}, "fdc6b34d": {"runs": 6, "balls": 5, "wickets": 0}, "77b26349": {"runs": 5, "balls": 4, "wickets": 0}, "5bb904d4": {"runs": 5, "balls": 4, "wickets": 0}, "aea89d48": {"runs": 6, "balls": 3, "wickets": 0}, "6edd8b10": {"runs": 7, "balls": 12, "wickets": 0}, "9f87d0f0": {"runs": 0, "balls": 2, "wickets": 0}, "aaa6e84c": {"runs": 1, "balls": 4, "wickets": 0}}, "fifties": 0, "thirties": 5, "centuries": 0, "maidens": 0.0, "hattricks": 0, "club_ODI_previous3_runs": [], "club_ODI_previous3_wickets": [], "club_ODI_previous3_balls played": [], "club_ODI_previous3_overs": [], "club_ODI_previous3_runs gave": [], "club_ODI_lifetime_runs": 0.0, "club_ODI_lifetime_wickets": 0.0, "club_ODI_lifetime_balls played": 0.0, "club_ODI_lifetime_overs": 0.0, "club_ODI_lifetime_runs gave": 0.0, "club_Test_previous3_runs": [], "club_Test_previous3_wickets": [], "club_Test_previous3_balls played": [], "club_Test_previous3_overs": [], "club_Test_previous3_runs gave": [], "club_Test_lifetime_runs": 0.0, "club_Test_lifetime_wickets": 0.0, "club_Test_lifetime_balls played": 0.0, "club_Test_lifetime_overs": 0.0, "club_Test_lifetime_runs gave": 0.0, "club_T20_previous3_runs": [], "club_T20_previous3_wickets": [], "club_T20_previous3_balls played": [], "club_T20_previous3_overs": [], "club_T20_previous3_runs gave": [], "club_T20_lifetime_runs": 0.0, "club_T20_lifetime_wickets": 0.0, "club_T20_lifetime_balls played": 0.0, "club_T20_lifetime_overs": 0.0, "club_T20_lifetime_runs gave": 0.0, "international_ODI_previous3_runs": [], "international_ODI_previous3_wickets": [], "international_ODI_previous3_balls played": [], "international_ODI_previous3_overs": [], "international_ODI_previous3_runs gave": [], "international_ODI_lifetime_runs": 0.0, "international_ODI_lifetime_wickets": 0.0, "international_ODI_lifetime_balls played": 0.0, "international_ODI_lifetime_overs": 0.0, "international_ODI_lifetime_runs gave": 0.0, "international_Test_previous3_runs": [], "international_Test_previous3_wickets": [], "international_Test_previous3_balls played": [], "international_Test_previous3_overs": [], "international_Test_previous3_runs gave": [], "international_Test_lifetime_runs": 0.0, "international_Test_lifetime_wickets": 0.0, "international_Test_lifetime_balls played": 0.0, "international_Test_lifetime_overs": 0.0, "international_Test_lifetime_runs gave": 0.0, "international_T20_previous3_runs": [2.0, 21.0, 12.0], "international_T20_previous3_wickets": [0.0, 0.0, 0.0], "international_T20_previous3_balls played": [5.0, 33.0, 19.0], "international_T20_previous3_overs": [0.0, 0.0, 0.0], "international_T20_previous3_runs gave": [0.0, 0.0, 0.0], "international_T20_lifetime_runs": 701.0, "international_T20_lifetime_wickets": 0.0, "international_T20_lifetime_balls played": 862.0, "international_T20_lifetime_overs": 1.0, "international_T20_lifetime_runs gave": 6.0}