{"played_against": {"292d11ee": {"runs": 1, "balls": 1, "wickets": 0}, "46a29dd0": {"runs": 4, "balls": 5, "wickets": 0}, "e63c08e9": {"runs": 3, "balls": 2, "wickets": 0}, "58317766": {"runs": 0, "balls": 1, "wickets": 1}, "2f145a4f": {"runs": 0, "balls": 2, "wickets": 1}}, "fifties": 0, "thirties": 0, "centuries": 0, "maidens": 0.0, "hattricks": 0, "club_ODI_previous3_runs": [], "club_ODI_previous3_wickets": [], "club_ODI_previous3_balls played": [], "club_ODI_previous3_overs": [], "club_ODI_previous3_runs gave": [], "club_ODI_lifetime_runs": 0.0, "club_ODI_lifetime_wickets": 0.0, "club_ODI_lifetime_balls played": 0.0, "club_ODI_lifetime_overs": 0.0, "club_ODI_lifetime_runs gave": 0.0, "club_Test_previous3_runs": [], "club_Test_previous3_wickets": [], "club_Test_previous3_balls played": [], "club_Test_previous3_overs": [], "club_Test_previous3_runs gave": [], "club_Test_lifetime_runs": 0.0, "club_Test_lifetime_wickets": 0.0, "club_Test_lifetime_balls played": 0.0, "club_Test_lifetime_overs": 0.0, "club_Test_lifetime_runs gave": 0.0, "club_T20_previous3_runs": [], "club_T20_previous3_wickets": [], "club_T20_previous3_balls played": [], "club_T20_previous3_overs": [], "club_T20_previous3_runs gave": [], "club_T20_lifetime_runs": 0.0, "club_T20_lifetime_wickets": 0.0, "club_T20_lifetime_balls played": 0.0, "club_T20_lifetime_overs": 0.0, "club_T20_lifetime_runs gave": 0.0, "international_ODI_previous3_runs": [], "international_ODI_previous3_wickets": [], "international_ODI_previous3_balls played": [], "international_ODI_previous3_overs": [], "international_ODI_previous3_runs gave": [], "international_ODI_lifetime_runs": 0.0, "international_ODI_lifetime_wickets": 0.0, "international_ODI_lifetime_balls played": 0.0, "international_ODI_lifetime_overs": 0.0, "international_ODI_lifetime_runs gave": 0.0, "international_Test_previous3_runs": [], "international_Test_previous3_wickets": [], "international_Test_previous3_balls played": [], "international_Test_previous3_overs": [], "international_Test_previous3_runs gave": [], "international_Test_lifetime_runs": 0.0, "international_Test_lifetime_wickets": 0.0, "international_Test_lifetime_balls played": 0.0, "international_Test_lifetime_overs": 0.0, "international_Test_lifetime_runs gave": 0.0, "international_T20_previous3_runs": [0.0, 0.0, 0.0], "international_T20_previous3_wickets": [0.0, 0.0, 0.0], "international_T20_previous3_balls played": [0.0, 0.0, 0.0], "international_T20_previous3_overs": [2.0, 0.0, 1.0], "international_T20_previous3_runs gave": [13.0, 0.0, 5.0], "international_T20_lifetime_runs": 8.0, "international_T20_lifetime_wickets": 4.0, "international_T20_lifetime_balls played": 12.0, "international_T20_lifetime_overs": 13.5, "international_T20_lifetime_runs gave": 72.0}