{"played_against": {"c2fd51b1": {"runs": 1, "balls": 1, "wickets": 0}, "dc1dd6c4": {"runs": 2, "balls": 2, "wickets": 0}, "ad05692c": {"runs": 1, "balls": 3, "wickets": 1}, "b857468a": {"runs": 0, "balls": 1, "wickets": 1}, "d11272c4": {"runs": 2, "balls": 3, "wickets": 0}, "125853c3": {"runs": 0, "balls": 3, "wickets": 0}, "f7cb7c3a": {"runs": 1, "balls": 1, "wickets": 0}, "281ce63c": {"runs": 5, "balls": 4, "wickets": 0}, "a9a09cb8": {"runs": 1, "balls": 1, "wickets": 0}, "e5464794": {"runs": 12, "balls": 3, "wickets": 1}, "7e439c80": {"runs": 9, "balls": 4, "wickets": 0}, "19758a47": {"runs": 10, "balls": 5, "wickets": 1}, "3ec513ea": {"runs": 6, "balls": 3, "wickets": 1}, "cfbd3998": {"runs": 1, "balls": 1, "wickets": 0}, "ff36e706": {"runs": 8, "balls": 8, "wickets": 0}, "69e53eb3": {"runs": 5, "balls": 4, "wickets": 0}, "be0077ba": {"runs": 3, "balls": 3, "wickets": 0}, "58aa33cd": {"runs": 3, "balls": 3, "wickets": 0}, "20988564": {"runs": 1, "balls": 2, "wickets": 0}, "027662be": {"runs": 0, "balls": 1, "wickets": 0}}, "fifties": 0, "thirties": 0, "centuries": 0, "maidens": 1.0, "hattricks": 1, "club_ODI_previous3_runs": [], "club_ODI_previous3_wickets": [], "club_ODI_previous3_balls played": [], "club_ODI_previous3_overs": [], "club_ODI_previous3_runs gave": [], "club_ODI_lifetime_runs": 0.0, "club_ODI_lifetime_wickets": 0.0, "club_ODI_lifetime_balls played": 0.0, "club_ODI_lifetime_overs": 0.0, "club_ODI_lifetime_runs gave": 0.0, "club_Test_previous3_runs": [], "club_Test_previous3_wickets": [], "club_Test_previous3_balls played": [], "club_Test_previous3_overs": [], "club_Test_previous3_runs gave": [], "club_Test_lifetime_runs": 0.0, "club_Test_lifetime_wickets": 0.0, "club_Test_lifetime_balls played": 0.0, "club_Test_lifetime_overs": 0.0, "club_Test_lifetime_runs gave": 0.0, "club_T20_previous3_runs": [], "club_T20_previous3_wickets": [], "club_T20_previous3_balls played": [], "club_T20_previous3_overs": [], "club_T20_previous3_runs gave": [], "club_T20_lifetime_runs": 0.0, "club_T20_lifetime_wickets": 0.0, "club_T20_lifetime_balls played": 0.0, "club_T20_lifetime_overs": 0.0, "club_T20_lifetime_runs gave": 0.0, "international_ODI_previous3_runs": [], "international_ODI_previous3_wickets": [], "international_ODI_previous3_balls played": [], "international_ODI_previous3_overs": [], "international_ODI_previous3_runs gave": [], "international_ODI_lifetime_runs": 0.0, "international_ODI_lifetime_wickets": 0.0, "international_ODI_lifetime_balls played": 0.0, "international_ODI_lifetime_overs": 0.0, "international_ODI_lifetime_runs gave": 0.0, "international_Test_previous3_runs": [], "international_Test_previous3_wickets": [], "international_Test_previous3_balls played": [], "international_Test_previous3_overs": [], "international_Test_previous3_runs gave": [], "international_Test_lifetime_runs": 0.0, "international_Test_lifetime_wickets": 0.0, "international_Test_lifetime_balls played": 0.0, "international_Test_lifetime_overs": 0.0, "international_Test_lifetime_runs gave": 0.0, "international_T20_previous3_runs": [7.0, 19.0, 1.0], "international_T20_previous3_wickets": [0.0, 0.0, 0.0], "international_T20_previous3_balls played": [4.0, 18.0, 3.0], "international_T20_previous3_overs": [0.0, 0.0, 1.0], "international_T20_previous3_runs gave": [0.0, 0.0, 14.0], "international_T20_lifetime_runs": 71.0, "international_T20_lifetime_wickets": 7.0, "international_T20_lifetime_balls played": 56.0, "international_T20_lifetime_overs": 17.0, "international_T20_lifetime_runs gave": 161.0}