{"played_against": {"b02bdcfc": {"runs": 1, "balls": 1, "wickets": 0}, "441006af": {"runs": 8, "balls": 4, "wickets": 0}, "81898acc": {"runs": 8, "balls": 7, "wickets": 0}, "7fcc57bf": {"runs": 3, "balls": 5, "wickets": 1}, "7d04a802": {"runs": 1, "balls": 5, "wickets": 0}, "6ebf4d4e": {"runs": 7, "balls": 4, "wickets": 0}, "5a00e218": {"runs": 14, "balls": 8, "wickets": 1}, "609d6c7c": {"runs": 4, "balls": 6, "wickets": 0}, "c573d173": {"runs": 2, "balls": 3, "wickets": 0}, "7f74b21d": {"runs": 1, "balls": 4, "wickets": 1}, "ff1e08eb": {"runs": 9, "balls": 7, "wickets": 0}, "5c93efb1": {"runs": 6, "balls": 10, "wickets": 0}, "93c0616e": {"runs": 3, "balls": 8, "wickets": 0}, "880133fb": {"runs": 2, "balls": 3, "wickets": 0}, "af27f9e7": {"runs": 0, "balls": 1, "wickets": 0}, "716bf559": {"runs": 5, "balls": 5, "wickets": 0}, "b0b80a99": {"runs": 9, "balls": 5, "wickets": 0}, "486f252b": {"runs": 7, "balls": 6, "wickets": 1}, "f08adc01": {"runs": 5, "balls": 4, "wickets": 0}, "a9a09cb8": {"runs": 1, "balls": 1, "wickets": 0}, "0fc88c2a": {"runs": 0, "balls": 1, "wickets": 1}, "0daf3ffc": {"runs": 0, "balls": 1, "wickets": 0}, "3befa8e0": {"runs": 2, "balls": 2, "wickets": 0}, "336a85f6": {"runs": 11, "balls": 7, "wickets": 0}, "5ef3c310": {"runs": 4, "balls": 9, "wickets": 0}, "eee46f77": {"runs": 9, "balls": 9, "wickets": 0}, "fb27d38c": {"runs": 6, "balls": 2, "wickets": 0}, "eb5aa5b9": {"runs": 4, "balls": 1, "wickets": 0}, "6de4e430": {"runs": 0, "balls": 3, "wickets": 1}, "e6082b10": {"runs": 3, "balls": 4, "wickets": 0}, "11f56b14": {"runs": 2, "balls": 4, "wickets": 1}, "74571ec4": {"runs": 5, "balls": 5, "wickets": 0}, "33b67317": {"runs": 13, "balls": 13, "wickets": 0}, "663ad386": {"runs": 3, "balls": 5, "wickets": 1}, "5de198db": {"runs": 6, "balls": 10, "wickets": 0}, "711e73ac": {"runs": 15, "balls": 4, "wickets": 0}, "a92609f2": {"runs": 0, "balls": 3, "wickets": 1}, "5772882c": {"runs": 2, "balls": 2, "wickets": 0}, "ff36e706": {"runs": 4, "balls": 5, "wickets": 1}, "e204b898": {"runs": 0, "balls": 1, "wickets": 0}, "ec483176": {"runs": 4, "balls": 10, "wickets": 0}, "b8fe81be": {"runs": 2, "balls": 2, "wickets": 0}, "c83c594d": {"runs": 3, "balls": 3, "wickets": 0}, "704e0160": {"runs": 2, "balls": 3, "wickets": 0}, "84880baf": {"runs": 14, "balls": 4, "wickets": 0}, "b857468a": {"runs": 10, "balls": 4, "wickets": 0}, "02b078b1": {"runs": 0, "balls": 1, "wickets": 1}}, "fifties": 0, "thirties": 2, "centuries": 0, "maidens": 0.0, "hattricks": 1, "club_ODI_previous3_runs": [], "club_ODI_previous3_wickets": [], "club_ODI_previous3_balls played": [], "club_ODI_previous3_overs": [], "club_ODI_previous3_runs gave": [], "club_ODI_lifetime_runs": 0.0, "club_ODI_lifetime_wickets": 0.0, "club_ODI_lifetime_balls played": 0.0, "club_ODI_lifetime_overs": 0.0, "club_ODI_lifetime_runs gave": 0.0, "club_Test_previous3_runs": [], "club_Test_previous3_wickets": [], "club_Test_previous3_balls played": [], "club_Test_previous3_overs": [], "club_Test_previous3_runs gave": [], "club_Test_lifetime_runs": 0.0, "club_Test_lifetime_wickets": 0.0, "club_Test_lifetime_balls played": 0.0, "club_Test_lifetime_overs": 0.0, "club_Test_lifetime_runs gave": 0.0, "club_T20_previous3_runs": [], "club_T20_previous3_wickets": [], "club_T20_previous3_balls played": [], "club_T20_previous3_overs": [], "club_T20_previous3_runs gave": [], "club_T20_lifetime_runs": 0.0, "club_T20_lifetime_wickets": 0.0, "club_T20_lifetime_balls played": 0.0, "club_T20_lifetime_overs": 0.0, "club_T20_lifetime_runs gave": 0.0, "international_ODI_previous3_runs": [], "international_ODI_previous3_wickets": [], "international_ODI_previous3_balls played": [], "international_ODI_previous3_overs": [], "international_ODI_previous3_runs gave": [], "international_ODI_lifetime_runs": 0.0, "international_ODI_lifetime_wickets": 0.0, "international_ODI_lifetime_balls played": 0.0, "international_ODI_lifetime_overs": 0.0, "international_ODI_lifetime_runs gave": 0.0, "international_Test_previous3_runs": [], "international_Test_previous3_wickets": [], "international_Test_previous3_balls played": [], "international_Test_previous3_overs": [], "international_Test_previous3_runs gave": [], "international_Test_lifetime_runs": 0.0, "international_Test_lifetime_wickets": 0.0, "international_Test_lifetime_balls played": 0.0, "international_Test_lifetime_overs": 0.0, "international_Test_lifetime_runs gave": 0.0, "international_T20_previous3_runs": [4.0, 6.0, 29.0], "international_T20_previous3_wickets": [4.0, 1.0, 1.0], "international_T20_previous3_balls played": [6.0, 12.0, 15.0], "international_T20_previous3_overs": [4.0, 4.0, 4.0], "international_T20_previous3_runs gave": [20.0, 35.0, 36.0], "international_T20_lifetime_runs": 220.0, "international_T20_lifetime_wickets": 19.0, "international_T20_lifetime_balls played": 215.0, "international_T20_lifetime_overs": 57.666666666666664, "international_T20_lifetime_runs gave": 358.0}