{"played_against": {"f3c150bb": {"runs": 11, "balls": 10, "wickets": 0}, "760f445b": {"runs": 22, "balls": 22, "wickets": 1}, "7147f314": {"runs": 5, "balls": 3, "wickets": 0}, "390ff45b": {"runs": 6, "balls": 4, "wickets": 0}, "68ddabdb": {"runs": 0, "balls": 1, "wickets": 1}, "817c1746": {"runs": 5, "balls": 7, "wickets": 2}, "33f28243": {"runs": 1, "balls": 1, "wickets": 0}, "1a8eebbe": {"runs": 30, "balls": 17, "wickets": 0}, "60dd8960": {"runs": 8, "balls": 6, "wickets": 0}, "9a158001": {"runs": 6, "balls": 3, "wickets": 0}, "6575e3bc": {"runs": 8, "balls": 5, "wickets": 0}, "bb01f9e0": {"runs": 17, "balls": 7, "wickets": 0}, "54279e23": {"runs": 46, "balls": 35, "wickets": 0}, "4603914b": {"runs": 0, "balls": 2, "wickets": 0}, "fccebff9": {"runs": 1, "balls": 7, "wickets": 2}, "4948a447": {"runs": 13, "balls": 10, "wickets": 0}, "b8d18afc": {"runs": 13, "balls": 22, "wickets": 1}, "c404f58a": {"runs": 9, "balls": 7, "wickets": 0}, "35205dfc": {"runs": 2, "balls": 4, "wickets": 0}, "62af8546": {"runs": 26, "balls": 15, "wickets": 0}, "8fb49ef8": {"runs": 26, "balls": 16, "wickets": 0}, "8d70ab3e": {"runs": 12, "balls": 12, "wickets": 0}, "5a4c12ab": {"runs": 33, "balls": 19, "wickets": 0}, "b0b320a0": {"runs": 14, "balls": 13, "wickets": 0}, "556302a7": {"runs": 12, "balls": 8, "wickets": 0}, "5a22d91c": {"runs": 26, "balls": 20, "wickets": 0}, "185cbde3": {"runs": 13, "balls": 10, "wickets": 0}, "4a491652": {"runs": 14, "balls": 11, "wickets": 1}, "e186f49c": {"runs": 29, "balls": 36, "wickets": 1}, "7dc35884": {"runs": 7, "balls": 24, "wickets": 3}, "5e5eab39": {"runs": 12, "balls": 9, "wickets": 0}, "d2babdd5": {"runs": 31, "balls": 47, "wickets": 0}, "de0a3209": {"runs": 9, "balls": 3, "wickets": 0}, "addfb70e": {"runs": 3, "balls": 7, "wickets": 0}, "1f7adc8a": {"runs": 13, "balls": 8, "wickets": 1}, "f56cd097": {"runs": 11, "balls": 8, "wickets": 2}, "ac5ae4af": {"runs": 7, "balls": 5, "wickets": 0}, "5c756df3": {"runs": 9, "balls": 3, "wickets": 0}, "9d1d34bd": {"runs": 22, "balls": 16, "wickets": 0}, "093ae70b": {"runs": 2, "balls": 4, "wickets": 1}, "3f5f39cd": {"runs": 2, "balls": 3, "wickets": 0}, "896d78ad": {"runs": 25, "balls": 42, "wickets": 0}, "37137c8b": {"runs": 6, "balls": 12, "wickets": 0}, "5bbabe59": {"runs": 12, "balls": 44, "wickets": 0}, "9de271ef": {"runs": 27, "balls": 19, "wickets": 2}, "3b417422": {"runs": 15, "balls": 62, "wickets": 2}, "26f12506": {"runs": 9, "balls": 9, "wickets": 0}, "31fbf891": {"runs": 5, "balls": 4, "wickets": 0}, "13c35c9e": {"runs": 7, "balls": 18, "wickets": 1}, "7fb32e5b": {"runs": 35, "balls": 41, "wickets": 0}, "5673a3fc": {"runs": 26, "balls": 28, "wickets": 0}, "9219eff0": {"runs": 3, "balls": 8, "wickets": 0}, "350bb1b1": {"runs": 11, "balls": 14, "wickets": 0}, "51a3c5ef": {"runs": 17, "balls": 13, "wickets": 0}, "8abdf100": {"runs": 9, "balls": 17, "wickets": 1}, "ed90abe4": {"runs": 17, "balls": 20, "wickets": 0}, "2f28dc94": {"runs": 69, "balls": 111, "wickets": 0}, "8f7a598f": {"runs": 9, "balls": 13, "wickets": 2}, "d2fcce2f": {"runs": 0, "balls": 9, "wickets": 0}, "5531248e": {"runs": 34, "balls": 82, "wickets": 1}, "2af838ee": {"runs": 25, "balls": 47, "wickets": 0}, "ea0cdc12": {"runs": 50, "balls": 62, "wickets": 2}, "f3bde2b3": {"runs": 16, "balls": 21, "wickets": 0}, "469ea22b": {"runs": 22, "balls": 13, "wickets": 0}, "4c4fa80b": {"runs": 28, "balls": 39, "wickets": 0}, "a12e1d51": {"runs": 23, "balls": 22, "wickets": 1}, "5bdcdb72": {"runs": 1, "balls": 3, "wickets": 1}, "0f12f9df": {"runs": 41, "balls": 37, "wickets": 1}, "9b79b9de": {"runs": 2, "balls": 6, "wickets": 1}, "fec50c96": {"runs": 1, "balls": 1, "wickets": 0}, "8cf9814c": {"runs": 6, "balls": 9, "wickets": 1}, "2e81a32d": {"runs": 1, "balls": 3, "wickets": 0}, "b40ee8a8": {"runs": 7, "balls": 13, "wickets": 0}, "495d42a5": {"runs": 0, "balls": 1, "wickets": 1}, "05d74535": {"runs": 0, "balls": 2, "wickets": 0}, "9ab63e7b": {"runs": 2, "balls": 4, "wickets": 0}, "3a0f6df2": {"runs": 2, "balls": 5, "wickets": 0}, "0dc00542": {"runs": 0, "balls": 1, "wickets": 1}, "9d430b40": {"runs": 12, "balls": 15, "wickets": 0}, "87e562a9": {"runs": 3, "balls": 6, "wickets": 1}, "d68e7f48": {"runs": 0, "balls": 1, "wickets": 0}, "0f721006": {"runs": 4, "balls": 5, "wickets": 0}, "78eb4223": {"runs": 34, "balls": 69, "wickets": 3}, "4180d897": {"runs": 35, "balls": 48, "wickets": 1}, "d9609443": {"runs": 7, "balls": 12, "wickets": 0}, "364ee2cf": {"runs": 3, "balls": 13, "wickets": 1}, "023f6b02": {"runs": 2, "balls": 3, "wickets": 0}, "e3eb9e46": {"runs": 1, "balls": 1, "wickets": 0}, "f6c2659d": {"runs": 9, "balls": 8, "wickets": 1}, "5c124657": {"runs": 6, "balls": 4, "wickets": 0}, "a2eac9df": {"runs": 8, "balls": 3, "wickets": 0}, "ec4dada1": {"runs": 4, "balls": 12, "wickets": 1}, "26d041c4": {"runs": 1, "balls": 1, "wickets": 0}, "531f0278": {"runs": 11, "balls": 7, "wickets": 0}, "1bb0993e": {"runs": 24, "balls": 18, "wickets": 1}, "c03c6200": {"runs": 2, "balls": 2, "wickets": 0}, "c285c86e": {"runs": 5, "balls": 8, "wickets": 1}, "bbd41817": {"runs": 27, "balls": 25, "wickets": 2}, "64d43928": {"runs": 7, "balls": 12, "wickets": 0}, "086f5984": {"runs": 1, "balls": 2, "wickets": 0}, "557153ca": {"runs": 3, "balls": 4, "wickets": 0}, "8eb611d0": {"runs": 3, "balls": 4, "wickets": 0}, "bf1d7d3e": {"runs": 3, "balls": 5, "wickets": 1}, "37138918": {"runs": 11, "balls": 10, "wickets": 0}, "ef18b66e": {"runs": 6, "balls": 5, "wickets": 0}, "e342e5fb": {"runs": 7, "balls": 4, "wickets": 0}, "f7e9a562": {"runs": 46, "balls": 30, "wickets": 1}, "8d5d991e": {"runs": 9, "balls": 3, "wickets": 0}, "4ec07775": {"runs": 1, "balls": 1, "wickets": 0}, "b3213c74": {"runs": 17, "balls": 11, "wickets": 0}, "bb34fd31": {"runs": 6, "balls": 5, "wickets": 1}, "aa8d28ae": {"runs": 13, "balls": 5, "wickets": 0}, "7bd03d63": {"runs": 2, "balls": 3, "wickets": 0}, "5dbdecf1": {"runs": 22, "balls": 9, "wickets": 0}, "8919756f": {"runs": 9, "balls": 4, "wickets": 0}, "1670dcfd": {"runs": 3, "balls": 5, "wickets": 0}, "afa78c3a": {"runs": 12, "balls": 6, "wickets": 0}, "8c7b16c8": {"runs": 5, "balls": 3, "wickets": 0}, "607ed7c2": {"runs": 0, "balls": 1, "wickets": 1}, "7ca5e05d": {"runs": 23, "balls": 15, "wickets": 1}, "c0c411cb": {"runs": 1, "balls": 3, "wickets": 0}, "a8e3170f": {"runs": 10, "balls": 13, "wickets": 0}, "0a8fce53": {"runs": 5, "balls": 5, "wickets": 0}, "06c2de82": {"runs": 7, "balls": 3, "wickets": 1}, "80ad39ac": {"runs": 4, "balls": 7, "wickets": 1}, "9dad0f2e": {"runs": 1, "balls": 1, "wickets": 0}, "9de62878": {"runs": 0, "balls": 3, "wickets": 1}, "0b7363da": {"runs": 0, "balls": 2, "wickets": 0}, "64c34cd0": {"runs": 10, "balls": 12, "wickets": 0}, "3086f7a4": {"runs": 18, "balls": 14, "wickets": 0}, "fa41edde": {"runs": 1, "balls": 1, "wickets": 0}, "1bae756b": {"runs": 2, "balls": 3, "wickets": 0}, "c27518d2": {"runs": 1, "balls": 2, "wickets": 0}, "687e20b3": {"runs": 6, "balls": 5, "wickets": 1}, "99d7d5b7": {"runs": 9, "balls": 10, "wickets": 0}, "c58b0108": {"runs": 7, "balls": 3, "wickets": 0}, "736123bb": {"runs": 3, "balls": 4, "wickets": 0}}, "fifties": 1, "thirties": 19, "centuries": 0, "maidens": 0.0, "hattricks": 0, "club_ODI_previous3_runs": [], "club_ODI_previous3_wickets": [], "club_ODI_previous3_balls played": [], "club_ODI_previous3_overs": [], "club_ODI_previous3_runs gave": [], "club_ODI_lifetime_runs": 0.0, "club_ODI_lifetime_wickets": 0.0, "club_ODI_lifetime_balls played": 0.0, "club_ODI_lifetime_overs": 0.0, "club_ODI_lifetime_runs gave": 0.0, "club_Test_previous3_runs": [], "club_Test_previous3_wickets": [], "club_Test_previous3_balls played": [], "club_Test_previous3_overs": [], "club_Test_previous3_runs gave": [], "club_Test_lifetime_runs": 0.0, "club_Test_lifetime_wickets": 0.0, "club_Test_lifetime_balls played": 0.0, "club_Test_lifetime_overs": 0.0, "club_Test_lifetime_runs gave": 0.0, "club_T20_previous3_runs": [25.0, 0.0, 3.0], "club_T20_previous3_wickets": [0.0, 0.0, 0.0], "club_T20_previous3_balls played": [23.0, 1.0, 6.0], "club_T20_previous3_overs": [0.0, 0.0, 0.0], "club_T20_previous3_runs gave": [0.0, 0.0, 0.0], "club_T20_lifetime_runs": 908.0, "club_T20_lifetime_wickets": 1.0, "club_T20_lifetime_balls played": 759.0, "club_T20_lifetime_overs": 3.0, "club_T20_lifetime_runs gave": 31.0, "international_ODI_previous3_runs": [39.0, 8.0, 4.0], "international_ODI_previous3_wickets": [0.0, 0.0, 0.0], "international_ODI_previous3_balls played": [57.0, 14.0, 8.0], "international_ODI_previous3_overs": [0.0, 1.0, 0.0], "international_ODI_previous3_runs gave": [0.0, 13.0, 0.0], "international_ODI_lifetime_runs": 266.0, "international_ODI_lifetime_wickets": 0.0, "international_ODI_lifetime_balls played": 346.0, "international_ODI_lifetime_overs": 1.0, "international_ODI_lifetime_runs gave": 13.0, "international_Test_previous3_runs": [40.0, 8.0, 25.0], "international_Test_previous3_wickets": [0.0, 0.0, 0.0], "international_Test_previous3_balls played": [39.0, 62.0, 89.0], "international_Test_previous3_overs": [0.0, 0.0, 0.0], "international_Test_previous3_runs gave": [0.0, 0.0, 0.0], "international_Test_lifetime_runs": 305.0, "international_Test_lifetime_wickets": 0.0, "international_Test_lifetime_balls played": 633.0, "international_Test_lifetime_overs": 1.0, "international_Test_lifetime_runs gave": 5.0, "international_T20_previous3_runs": [4.0, 0.0, 26.0], "international_T20_previous3_wickets": [0.0, 0.0, 0.0], "international_T20_previous3_balls played": [12.0, 0.0, 19.0], "international_T20_previous3_overs": [0.0, 0.0, 0.0], "international_T20_previous3_runs gave": [0.0, 0.0, 0.0], "international_T20_lifetime_runs": 112.0, "international_T20_lifetime_wickets": 0.0, "international_T20_lifetime_balls played": 102.0, "international_T20_lifetime_overs": 0.0, "international_T20_lifetime_runs gave": 0.0}