{"played_against": {"72de0105": {"runs": 2, "balls": 3, "wickets": 0}, "f5e70dd4": {"runs": 3, "balls": 5, "wickets": 0}, "76e56ac6": {"runs": 2, "balls": 3, "wickets": 0}, "97eb9a07": {"runs": 4, "balls": 4, "wickets": 1}, "8e0043dd": {"runs": 1, "balls": 2, "wickets": 0}, "cad60789": {"runs": 1, "balls": 1, "wickets": 0}, "9543a4fe": {"runs": 2, "balls": 2, "wickets": 0}, "78fa5f6d": {"runs": 1, "balls": 1, "wickets": 0}, "f20e7e23": {"runs": 2, "balls": 3, "wickets": 0}, "6348c6e9": {"runs": 0, "balls": 1, "wickets": 1}, "a4f1fdd4": {"runs": 0, "balls": 2, "wickets": 0}, "017cadb2": {"runs": 0, "balls": 0, "wickets": 0}, "01c1b96c": {"runs": 2, "balls": 2, "wickets": 1}, "b17a4a93": {"runs": 2, "balls": 3, "wickets": 1}, "ff20c3ed": {"runs": 3, "balls": 5, "wickets": 0}, "13f7c5f4": {"runs": 4, "balls": 1, "wickets": 0}}, "fifties": 0, "thirties": 0, "centuries": 0, "maidens": 2.0, "hattricks": 0, "club_ODI_previous3_runs": [], "club_ODI_previous3_wickets": [], "club_ODI_previous3_balls played": [], "club_ODI_previous3_overs": [], "club_ODI_previous3_runs gave": [], "club_ODI_lifetime_runs": 0.0, "club_ODI_lifetime_wickets": 0.0, "club_ODI_lifetime_balls played": 0.0, "club_ODI_lifetime_overs": 0.0, "club_ODI_lifetime_runs gave": 0.0, "club_Test_previous3_runs": [], "club_Test_previous3_wickets": [], "club_Test_previous3_balls played": [], "club_Test_previous3_overs": [], "club_Test_previous3_runs gave": [], "club_Test_lifetime_runs": 0.0, "club_Test_lifetime_wickets": 0.0, "club_Test_lifetime_balls played": 0.0, "club_Test_lifetime_overs": 0.0, "club_Test_lifetime_runs gave": 0.0, "club_T20_previous3_runs": [], "club_T20_previous3_wickets": [], "club_T20_previous3_balls played": [], "club_T20_previous3_overs": [], "club_T20_previous3_runs gave": [], "club_T20_lifetime_runs": 0.0, "club_T20_lifetime_wickets": 0.0, "club_T20_lifetime_balls played": 0.0, "club_T20_lifetime_overs": 0.0, "club_T20_lifetime_runs gave": 0.0, "international_ODI_previous3_runs": [], "international_ODI_previous3_wickets": [], "international_ODI_previous3_balls played": [], "international_ODI_previous3_overs": [], "international_ODI_previous3_runs gave": [], "international_ODI_lifetime_runs": 0.0, "international_ODI_lifetime_wickets": 0.0, "international_ODI_lifetime_balls played": 0.0, "international_ODI_lifetime_overs": 0.0, "international_ODI_lifetime_runs gave": 0.0, "international_Test_previous3_runs": [], "international_Test_previous3_wickets": [], "international_Test_previous3_balls played": [], "international_Test_previous3_overs": [], "international_Test_previous3_runs gave": [], "international_Test_lifetime_runs": 0.0, "international_Test_lifetime_wickets": 0.0, "international_Test_lifetime_balls played": 0.0, "international_Test_lifetime_overs": 0.0, "international_Test_lifetime_runs gave": 0.0, "international_T20_previous3_runs": [0.0, 5.0, 4.0], "international_T20_previous3_wickets": [0.0, 0.0, 0.0], "international_T20_previous3_balls played": [0.0, 9.0, 1.0], "international_T20_previous3_overs": [0.0, 0.0, 4.0], "international_T20_previous3_runs gave": [0.0, 0.0, 17.0], "international_T20_lifetime_runs": 29.0, "international_T20_lifetime_wickets": 4.0, "international_T20_lifetime_balls played": 40.0, "international_T20_lifetime_overs": 37.5, "international_T20_lifetime_runs gave": 173.0}