{"played_against": {"b552a935": {"runs": 1, "balls": 2, "wickets": 0}, "3cf5ae43": {"runs": 0, "balls": 0, "wickets": 0}, "208f22ea": {"runs": 5, "balls": 7, "wickets": 0}, "bd93fea4": {"runs": 1, "balls": 4, "wickets": 0}, "b2a79f17": {"runs": 0, "balls": 3, "wickets": 1}, "8891669e": {"runs": 0, "balls": 3, "wickets": 0}, "b03303ca": {"runs": 1, "balls": 2, "wickets": 0}, "898e628d": {"runs": 0, "balls": 8, "wickets": 0}, "86b4bf88": {"runs": 18, "balls": 18, "wickets": 0}, "f1c61793": {"runs": 6, "balls": 9, "wickets": 0}, "fa433be6": {"runs": 0, "balls": 11, "wickets": 0}, "e00a9155": {"runs": 1, "balls": 2, "wickets": 0}, "bc773eeb": {"runs": 0, "balls": 4, "wickets": 0}, "e7dd5eca": {"runs": 1, "balls": 4, "wickets": 0}, "64775749": {"runs": 0, "balls": 2, "wickets": 0}, "afa7e784": {"runs": 0, "balls": 3, "wickets": 0}, "81d06fb5": {"runs": 1, "balls": 10, "wickets": 0}, "6c87f1df": {"runs": 4, "balls": 5, "wickets": 1}}, "fifties": 0, "thirties": 0, "centuries": 0, "maidens": 32.0, "hattricks": 2, "club_ODI_previous3_runs": [], "club_ODI_previous3_wickets": [], "club_ODI_previous3_balls played": [], "club_ODI_previous3_overs": [], "club_ODI_previous3_runs gave": [], "club_ODI_lifetime_runs": 0.0, "club_ODI_lifetime_wickets": 0.0, "club_ODI_lifetime_balls played": 0.0, "club_ODI_lifetime_overs": 0.0, "club_ODI_lifetime_runs gave": 0.0, "club_Test_previous3_runs": [5.0, 0.0, 4.0], "club_Test_previous3_wickets": [2.0, 0.0, 4.0], "club_Test_previous3_balls played": [15.0, 0.0, 6.0], "club_Test_previous3_overs": [27.833333333333332, 4.666666666666667, 28.0], "club_Test_previous3_runs gave": [116.0, 12.0, 108.0], "club_Test_lifetime_runs": 36.0, "club_Test_lifetime_wickets": 15.0, "club_Test_lifetime_balls played": 88.0, "club_Test_lifetime_overs": 186.0, "club_Test_lifetime_runs gave": 659.0, "club_T20_previous3_runs": [0.0, 0.0, 0.0], "club_T20_previous3_wickets": [1.0, 1.0, 0.0], "club_T20_previous3_balls played": [0.0, 0.0, 0.0], "club_T20_previous3_overs": [2.0, 2.0, 1.0], "club_T20_previous3_runs gave": [17.0, 22.0, 13.0], "club_T20_lifetime_runs": 3.0, "club_T20_lifetime_wickets": 9.0, "club_T20_lifetime_balls played": 11.0, "club_T20_lifetime_overs": 39.66666666666667, "club_T20_lifetime_runs gave": 422.0, "international_ODI_previous3_runs": [], "international_ODI_previous3_wickets": [], "international_ODI_previous3_balls played": [], "international_ODI_previous3_overs": [], "international_ODI_previous3_runs gave": [], "international_ODI_lifetime_runs": 0.0, "international_ODI_lifetime_wickets": 0.0, "international_ODI_lifetime_balls played": 0.0, "international_ODI_lifetime_overs": 0.0, "international_ODI_lifetime_runs gave": 0.0, "international_Test_previous3_runs": [], "international_Test_previous3_wickets": [], "international_Test_previous3_balls played": [], "international_Test_previous3_overs": [], "international_Test_previous3_runs gave": [], "international_Test_lifetime_runs": 0.0, "international_Test_lifetime_wickets": 0.0, "international_Test_lifetime_balls played": 0.0, "international_Test_lifetime_overs": 0.0, "international_Test_lifetime_runs gave": 0.0, "international_T20_previous3_runs": [], "international_T20_previous3_wickets": [], "international_T20_previous3_balls played": [], "international_T20_previous3_overs": [], "international_T20_previous3_runs gave": [], "international_T20_lifetime_runs": 0.0, "international_T20_lifetime_wickets": 0.0, "international_T20_lifetime_balls played": 0.0, "international_T20_lifetime_overs": 0.0, "international_T20_lifetime_runs gave": 0.0}