{"played_against": {"a9a09cb8": {"runs": 7, "balls": 4, "wickets": 0}, "98dae38e": {"runs": 1, "balls": 1, "wickets": 0}, "9244df4b": {"runs": 4, "balls": 7, "wickets": 1}, "879095b0": {"runs": 3, "balls": 3, "wickets": 0}, "dae28050": {"runs": 2, "balls": 4, "wickets": 1}, "10ae134c": {"runs": 0, "balls": 1, "wickets": 1}, "ec106638": {"runs": 1, "balls": 3, "wickets": 1}, "8a5a8cf0": {"runs": 1, "balls": 2, "wickets": 1}, "e8a552ef": {"runs": 1, "balls": 1, "wickets": 0}, "20ac8219": {"runs": 1, "balls": 4, "wickets": 0}, "ec483176": {"runs": 1, "balls": 4, "wickets": 0}, "6b96bebf": {"runs": 1, "balls": 6, "wickets": 1}, "2df874e6": {"runs": 5, "balls": 2, "wickets": 0}, "6e60a792": {"runs": 1, "balls": 2, "wickets": 1}}, "fifties": 0, "thirties": 0, "centuries": 0, "maidens": 0.0, "hattricks": 1, "club_ODI_previous3_runs": [], "club_ODI_previous3_wickets": [], "club_ODI_previous3_balls played": [], "club_ODI_previous3_overs": [], "club_ODI_previous3_runs gave": [], "club_ODI_lifetime_runs": 0.0, "club_ODI_lifetime_wickets": 0.0, "club_ODI_lifetime_balls played": 0.0, "club_ODI_lifetime_overs": 0.0, "club_ODI_lifetime_runs gave": 0.0, "club_Test_previous3_runs": [], "club_Test_previous3_wickets": [], "club_Test_previous3_balls played": [], "club_Test_previous3_overs": [], "club_Test_previous3_runs gave": [], "club_Test_lifetime_runs": 0.0, "club_Test_lifetime_wickets": 0.0, "club_Test_lifetime_balls played": 0.0, "club_Test_lifetime_overs": 0.0, "club_Test_lifetime_runs gave": 0.0, "club_T20_previous3_runs": [], "club_T20_previous3_wickets": [], "club_T20_previous3_balls played": [], "club_T20_previous3_overs": [], "club_T20_previous3_runs gave": [], "club_T20_lifetime_runs": 0.0, "club_T20_lifetime_wickets": 0.0, "club_T20_lifetime_balls played": 0.0, "club_T20_lifetime_overs": 0.0, "club_T20_lifetime_runs gave": 0.0, "international_ODI_previous3_runs": [], "international_ODI_previous3_wickets": [], "international_ODI_previous3_balls played": [], "international_ODI_previous3_overs": [], "international_ODI_previous3_runs gave": [], "international_ODI_lifetime_runs": 0.0, "international_ODI_lifetime_wickets": 0.0, "international_ODI_lifetime_balls played": 0.0, "international_ODI_lifetime_overs": 0.0, "international_ODI_lifetime_runs gave": 0.0, "international_Test_previous3_runs": [], "international_Test_previous3_wickets": [], "international_Test_previous3_balls played": [], "international_Test_previous3_overs": [], "international_Test_previous3_runs gave": [], "international_Test_lifetime_runs": 0.0, "international_Test_lifetime_wickets": 0.0, "international_Test_lifetime_balls played": 0.0, "international_Test_lifetime_overs": 0.0, "international_Test_lifetime_runs gave": 0.0, "international_T20_previous3_runs": [0.0, 1.0, 0.0], "international_T20_previous3_wickets": [2.0, 2.0, 2.0], "international_T20_previous3_balls played": [0.0, 2.0, 0.0], "international_T20_previous3_overs": [4.0, 3.666666666666667, 4.0], "international_T20_previous3_runs gave": [30.0, 33.0, 30.0], "international_T20_lifetime_runs": 29.0, "international_T20_lifetime_wickets": 22.0, "international_T20_lifetime_balls played": 44.0, "international_T20_lifetime_overs": 72.66666666666667, "international_T20_lifetime_runs gave": 567.0}