{"played_against": {"c4450a69": {"runs": 7, "balls": 6, "wickets": 0}, "2a0d5d4a": {"runs": 26, "balls": 23, "wickets": 0}, "ddcd1520": {"runs": 7, "balls": 25, "wickets": 1}, "18899e2b": {"runs": 4, "balls": 11, "wickets": 0}, "6b0c3a20": {"runs": 8, "balls": 33, "wickets": 0}, "06c2de82": {"runs": 2, "balls": 32, "wickets": 1}, "47b4ad09": {"runs": 0, "balls": 4, "wickets": 1}, "eddf25bd": {"runs": 1, "balls": 6, "wickets": 0}, "93e06301": {"runs": 6, "balls": 13, "wickets": 0}, "c3ce33a2": {"runs": 2, "balls": 3, "wickets": 0}, "dd17e4bc": {"runs": 10, "balls": 10, "wickets": 1}, "1957c6b7": {"runs": 8, "balls": 22, "wickets": 0}, "9bab2b81": {"runs": 13, "balls": 9, "wickets": 0}, "8af86756": {"runs": 12, "balls": 19, "wickets": 0}, "0e0d43b4": {"runs": 6, "balls": 4, "wickets": 0}, "18fac429": {"runs": 1, "balls": 3, "wickets": 0}, "6fe2c1c0": {"runs": 3, "balls": 11, "wickets": 1}, "249d60c9": {"runs": 6, "balls": 9, "wickets": 0}, "58043739": {"runs": 34, "balls": 29, "wickets": 1}, "9dca07d7": {"runs": 1, "balls": 2, "wickets": 0}, "5fcb6fb1": {"runs": 9, "balls": 7, "wickets": 1}, "a73321d3": {"runs": 0, "balls": 3, "wickets": 0}, "0f3ee070": {"runs": 13, "balls": 17, "wickets": 0}, "4c239537": {"runs": 8, "balls": 14, "wickets": 0}, "6f049d41": {"runs": 7, "balls": 13, "wickets": 0}, "864c199e": {"runs": 5, "balls": 9, "wickets": 0}, "e91de70e": {"runs": 0, "balls": 4, "wickets": 0}, "ccdd8308": {"runs": 6, "balls": 21, "wickets": 1}, "f1ba9ed7": {"runs": 5, "balls": 7, "wickets": 1}, "45966141": {"runs": 1, "balls": 2, "wickets": 1}, "b9877635": {"runs": 9, "balls": 7, "wickets": 0}, "e423d162": {"runs": 4, "balls": 1, "wickets": 0}, "e412cb64": {"runs": 1, "balls": 1, "wickets": 0}, "a7e8ff19": {"runs": 3, "balls": 2, "wickets": 0}, "bb351c23": {"runs": 0, "balls": 1, "wickets": 0}, "70fdd428": {"runs": 2, "balls": 4, "wickets": 1}, "05d74535": {"runs": 4, "balls": 4, "wickets": 1}, "808f425a": {"runs": 5, "balls": 2, "wickets": 0}, "59792462": {"runs": 1, "balls": 4, "wickets": 1}, "14373322": {"runs": 1, "balls": 1, "wickets": 0}, "9c7d7cda": {"runs": 1, "balls": 1, "wickets": 0}, "243431b5": {"runs": 8, "balls": 4, "wickets": 0}, "94eac556": {"runs": 11, "balls": 8, "wickets": 0}, "4c0f3806": {"runs": 10, "balls": 7, "wickets": 0}, "b681e71e": {"runs": 4, "balls": 3, "wickets": 0}, "8f2dfebf": {"runs": 2, "balls": 4, "wickets": 1}, "f54dbda7": {"runs": 31, "balls": 13, "wickets": 1}, "bc773eeb": {"runs": 19, "balls": 24, "wickets": 0}, "58822938": {"runs": 21, "balls": 34, "wickets": 0}, "42151725": {"runs": 7, "balls": 19, "wickets": 1}, "f0a0204e": {"runs": 3, "balls": 9, "wickets": 0}, "4a461c24": {"runs": 10, "balls": 11, "wickets": 0}, "7b1e20ea": {"runs": 3, "balls": 9, "wickets": 0}, "e86754b2": {"runs": 12, "balls": 14, "wickets": 0}, "7be8a0ed": {"runs": 10, "balls": 11, "wickets": 1}, "6c79c098": {"runs": 1, "balls": 2, "wickets": 1}, "5fed6272": {"runs": 5, "balls": 4, "wickets": 0}, "dddc811c": {"runs": 4, "balls": 7, "wickets": 0}, "7d5e0b78": {"runs": 9, "balls": 24, "wickets": 0}, "05c2ca46": {"runs": 6, "balls": 19, "wickets": 0}, "d3868bd0": {"runs": 10, "balls": 15, "wickets": 0}, "e0ac7144": {"runs": 1, "balls": 1, "wickets": 0}, "4c5d73db": {"runs": 4, "balls": 3, "wickets": 0}, "c5cc48bc": {"runs": 8, "balls": 12, "wickets": 0}, "1066a976": {"runs": 2, "balls": 9, "wickets": 0}, "f6c84b9f": {"runs": 2, "balls": 6, "wickets": 0}, "cd143bca": {"runs": 2, "balls": 8, "wickets": 0}, "a510bdd3": {"runs": 5, "balls": 5, "wickets": 0}, "402f8494": {"runs": 2, "balls": 4, "wickets": 0}, "65d39793": {"runs": 2, "balls": 2, "wickets": 0}, "b21ed464": {"runs": 9, "balls": 26, "wickets": 0}, "a37b5c0a": {"runs": 5, "balls": 13, "wickets": 1}, "b82e3032": {"runs": 19, "balls": 26, "wickets": 0}, "d027ba9f": {"runs": 14, "balls": 15, "wickets": 0}, "70b8fd28": {"runs": 18, "balls": 18, "wickets": 0}, "f2ab7a69": {"runs": 5, "balls": 13, "wickets": 0}, "d8b24492": {"runs": 1, "balls": 3, "wickets": 0}, "7f048519": {"runs": 10, "balls": 9, "wickets": 1}, "12b610c2": {"runs": 4, "balls": 1, "wickets": 0}, "7955eb15": {"runs": 0, "balls": 0, "wickets": 0}, "c672e80e": {"runs": 1, "balls": 2, "wickets": 0}, "fdb8ed0d": {"runs": 3, "balls": 3, "wickets": 0}, "c654af19": {"runs": 1, "balls": 1, "wickets": 0}, "e871a7a1": {"runs": 1, "balls": 1, "wickets": 0}, "e734d090": {"runs": 9, "balls": 7, "wickets": 0}, "aa1210d8": {"runs": 3, "balls": 5, "wickets": 1}, "afa78c3a": {"runs": 9, "balls": 6, "wickets": 0}, "79c7041c": {"runs": 2, "balls": 3, "wickets": 0}, "6a2fadd0": {"runs": 4, "balls": 4, "wickets": 0}, "e84ac20c": {"runs": 1, "balls": 1, "wickets": 0}, "3f659464": {"runs": 2, "balls": 5, "wickets": 1}, "6c908ffc": {"runs": 7, "balls": 10, "wickets": 0}, "2223b920": {"runs": 0, "balls": 8, "wickets": 0}, "f5821615": {"runs": 0, "balls": 2, "wickets": 0}}, "fifties": 0, "thirties": 7, "centuries": 0, "maidens": 24.0, "hattricks": 7, "club_ODI_previous3_runs": [0.0, 2.0, 0.0], "club_ODI_previous3_wickets": [3.0, 0.0, 0.0], "club_ODI_previous3_balls played": [0.0, 2.0, 0.0], "club_ODI_previous3_overs": [10.0, 7.0, 1.0], "club_ODI_previous3_runs gave": [50.0, 37.0, 1.0], "club_ODI_lifetime_runs": 56.0, "club_ODI_lifetime_wickets": 9.0, "club_ODI_lifetime_balls played": 93.0, "club_ODI_lifetime_overs": 72.16666666666666, "club_ODI_lifetime_runs gave": 463.0, "club_Test_previous3_runs": [32.0, 87.0, 9.0], "club_Test_previous3_wickets": [0.0, 0.0, 0.0], "club_Test_previous3_balls played": [90.0, 127.0, 25.0], "club_Test_previous3_overs": [5.0, 25.0, 15.833333333333332], "club_Test_previous3_runs gave": [26.0, 77.0, 83.0], "club_Test_lifetime_runs": 320.0, "club_Test_lifetime_wickets": 14.0, "club_Test_lifetime_balls played": 611.0, "club_Test_lifetime_overs": 173.50000000000003, "club_Test_lifetime_runs gave": 714.0, "club_T20_previous3_runs": [0.0, 1.0, 0.0], "club_T20_previous3_wickets": [0.0, 1.0, 0.0], "club_T20_previous3_balls played": [0.0, 1.0, 0.0], "club_T20_previous3_overs": [2.8333333333333335, 4.0, 0.0], "club_T20_previous3_runs gave": [37.0, 37.0, 0.0], "club_T20_lifetime_runs": 208.0, "club_T20_lifetime_wickets": 41.0, "club_T20_lifetime_balls played": 179.0, "club_T20_lifetime_overs": 130.16666666666669, "club_T20_lifetime_runs gave": 1162.0, "international_ODI_previous3_runs": [], "international_ODI_previous3_wickets": [], "international_ODI_previous3_balls played": [], "international_ODI_previous3_overs": [], "international_ODI_previous3_runs gave": [], "international_ODI_lifetime_runs": 0.0, "international_ODI_lifetime_wickets": 0.0, "international_ODI_lifetime_balls played": 0.0, "international_ODI_lifetime_overs": 0.0, "international_ODI_lifetime_runs gave": 0.0, "international_Test_previous3_runs": [], "international_Test_previous3_wickets": [], "international_Test_previous3_balls played": [], "international_Test_previous3_overs": [], "international_Test_previous3_runs gave": [], "international_Test_lifetime_runs": 0.0, "international_Test_lifetime_wickets": 0.0, "international_Test_lifetime_balls played": 0.0, "international_Test_lifetime_overs": 0.0, "international_Test_lifetime_runs gave": 0.0, "international_T20_previous3_runs": [], "international_T20_previous3_wickets": [], "international_T20_previous3_balls played": [], "international_T20_previous3_overs": [], "international_T20_previous3_runs gave": [], "international_T20_lifetime_runs": 0.0, "international_T20_lifetime_wickets": 0.0, "international_T20_lifetime_balls played": 0.0, "international_T20_lifetime_overs": 0.0, "international_T20_lifetime_runs gave": 0.0}