{"played_against": {"7c7d63a2": {"runs": 2, "balls": 3, "wickets": 1}, "7f048519": {"runs": 5, "balls": 4, "wickets": 0}, "15de1f5d": {"runs": 9, "balls": 13, "wickets": 0}, "64775749": {"runs": 3, "balls": 3, "wickets": 0}, "7c503806": {"runs": 1, "balls": 1, "wickets": 0}, "5574750c": {"runs": 2, "balls": 2, "wickets": 0}, "808f425a": {"runs": 5, "balls": 2, "wickets": 0}, "e86754b2": {"runs": 2, "balls": 1, "wickets": 0}, "3b53243a": {"runs": 4, "balls": 3, "wickets": 1}, "519c30cb": {"runs": 2, "balls": 38, "wickets": 3}, "1a2676c5": {"runs": 15, "balls": 20, "wickets": 0}, "96a6a7ad": {"runs": 11, "balls": 21, "wickets": 0}, "272fc5ad": {"runs": 32, "balls": 87, "wickets": 0}, "52c952d9": {"runs": 31, "balls": 100, "wickets": 1}, "96824e68": {"runs": 23, "balls": 60, "wickets": 0}, "f422728b": {"runs": 7, "balls": 22, "wickets": 0}, "f787e0eb": {"runs": 4, "balls": 25, "wickets": 0}, "32198ae0": {"runs": 4, "balls": 27, "wickets": 0}, "bd93fea4": {"runs": 4, "balls": 8, "wickets": 1}, "5f547c8b": {"runs": 1, "balls": 3, "wickets": 0}, "1b04e02b": {"runs": 1, "balls": 3, "wickets": 1}, "19b9f399": {"runs": 4, "balls": 3, "wickets": 0}, "38c276e1": {"runs": 21, "balls": 31, "wickets": 0}, "caf69bf7": {"runs": 3, "balls": 4, "wickets": 1}, "898e628d": {"runs": 7, "balls": 21, "wickets": 3}, "5390f178": {"runs": 4, "balls": 30, "wickets": 1}, "616a8149": {"runs": 5, "balls": 15, "wickets": 0}, "0ebb3444": {"runs": 17, "balls": 58, "wickets": 0}, "7c8f533d": {"runs": 9, "balls": 20, "wickets": 1}, "68e26ec9": {"runs": 1, "balls": 2, "wickets": 0}, "037429dc": {"runs": 4, "balls": 7, "wickets": 0}, "aa3c7a7a": {"runs": 14, "balls": 27, "wickets": 0}, "098229a5": {"runs": 1, "balls": 9, "wickets": 0}, "d405c0d5": {"runs": 2, "balls": 15, "wickets": 0}, "5222f5fa": {"runs": 3, "balls": 3, "wickets": 0}, "4933f499": {"runs": 2, "balls": 2, "wickets": 0}, "1ee08e9a": {"runs": 0, "balls": 1, "wickets": 1}, "28392e11": {"runs": 0, "balls": 1, "wickets": 1}, "ab21795b": {"runs": 4, "balls": 26, "wickets": 1}, "055be93a": {"runs": 8, "balls": 31, "wickets": 1}}, "fifties": 0, "thirties": 4, "centuries": 0, "maidens": 3.0, "hattricks": 0, "club_ODI_previous3_runs": [], "club_ODI_previous3_wickets": [], "club_ODI_previous3_balls played": [], "club_ODI_previous3_overs": [], "club_ODI_previous3_runs gave": [], "club_ODI_lifetime_runs": 0.0, "club_ODI_lifetime_wickets": 0.0, "club_ODI_lifetime_balls played": 0.0, "club_ODI_lifetime_overs": 0.0, "club_ODI_lifetime_runs gave": 0.0, "club_Test_previous3_runs": [23.0, 36.0, 41.0], "club_Test_previous3_wickets": [1.0, 0.0, 0.0], "club_Test_previous3_balls played": [91.0, 70.0, 129.0], "club_Test_previous3_overs": [6.0, 0.0, 7.0], "club_Test_previous3_runs gave": [22.0, 0.0, 27.0], "club_Test_lifetime_runs": 223.0, "club_Test_lifetime_wickets": 3.0, "club_Test_lifetime_balls played": 702.0, "club_Test_lifetime_overs": 46.833333333333336, "club_Test_lifetime_runs gave": 186.0, "club_T20_previous3_runs": [0.0, 0.0, 0.0], "club_T20_previous3_wickets": [0.0, 0.0, 0.0], "club_T20_previous3_balls played": [0.0, 0.0, 0.0], "club_T20_previous3_overs": [0.0, 0.0, 1.0], "club_T20_previous3_runs gave": [0.0, 0.0, 12.0], "club_T20_lifetime_runs": 54.0, "club_T20_lifetime_wickets": 0.0, "club_T20_lifetime_balls played": 56.0, "club_T20_lifetime_overs": 5.0, "club_T20_lifetime_runs gave": 42.0, "international_ODI_previous3_runs": [], "international_ODI_previous3_wickets": [], "international_ODI_previous3_balls played": [], "international_ODI_previous3_overs": [], "international_ODI_previous3_runs gave": [], "international_ODI_lifetime_runs": 0.0, "international_ODI_lifetime_wickets": 0.0, "international_ODI_lifetime_balls played": 0.0, "international_ODI_lifetime_overs": 0.0, "international_ODI_lifetime_runs gave": 0.0, "international_Test_previous3_runs": [], "international_Test_previous3_wickets": [], "international_Test_previous3_balls played": [], "international_Test_previous3_overs": [], "international_Test_previous3_runs gave": [], "international_Test_lifetime_runs": 0.0, "international_Test_lifetime_wickets": 0.0, "international_Test_lifetime_balls played": 0.0, "international_Test_lifetime_overs": 0.0, "international_Test_lifetime_runs gave": 0.0, "international_T20_previous3_runs": [], "international_T20_previous3_wickets": [], "international_T20_previous3_balls played": [], "international_T20_previous3_overs": [], "international_T20_previous3_runs gave": [], "international_T20_lifetime_runs": 0.0, "international_T20_lifetime_wickets": 0.0, "international_T20_lifetime_balls played": 0.0, "international_T20_lifetime_overs": 0.0, "international_T20_lifetime_runs gave": 0.0}