{"played_against": {"76388dc8": {"runs": 5, "balls": 6, "wickets": 0}, "88209c84": {"runs": 20, "balls": 14, "wickets": 0}, "86b4bf88": {"runs": 20, "balls": 17, "wickets": 2}, "1ee08e9a": {"runs": 28, "balls": 43, "wickets": 1}, "68e26ec9": {"runs": 27, "balls": 66, "wickets": 1}, "4d927a2e": {"runs": 9, "balls": 27, "wickets": 1}, "3d8feaf8": {"runs": 13, "balls": 20, "wickets": 1}, "029c4618": {"runs": 20, "balls": 38, "wickets": 0}, "1b04e02b": {"runs": 21, "balls": 45, "wickets": 1}, "e7dd5eca": {"runs": 30, "balls": 57, "wickets": 0}, "479f9b04": {"runs": 21, "balls": 42, "wickets": 1}, "912f472c": {"runs": 18, "balls": 29, "wickets": 0}, "6c87f1df": {"runs": 25, "balls": 63, "wickets": 0}, "81d06fb5": {"runs": 73, "balls": 152, "wickets": 2}, "f048bb41": {"runs": 41, "balls": 66, "wickets": 1}, "616a8149": {"runs": 24, "balls": 30, "wickets": 0}, "770ae773": {"runs": 79, "balls": 190, "wickets": 1}, "bc773eeb": {"runs": 82, "balls": 191, "wickets": 3}, "1558d83b": {"runs": 47, "balls": 28, "wickets": 0}, "38c276e1": {"runs": 44, "balls": 33, "wickets": 0}, "caf69bf7": {"runs": 70, "balls": 40, "wickets": 1}, "5574750c": {"runs": 8, "balls": 7, "wickets": 0}, "7517d134": {"runs": 3, "balls": 3, "wickets": 0}, "7c503806": {"runs": 18, "balls": 12, "wickets": 0}, "64775749": {"runs": 45, "balls": 104, "wickets": 2}, "808f425a": {"runs": 17, "balls": 11, "wickets": 0}, "1a156c88": {"runs": 3, "balls": 6, "wickets": 1}, "e1b9f3a9": {"runs": 24, "balls": 23, "wickets": 0}, "3540beff": {"runs": 26, "balls": 33, "wickets": 1}, "bdadf7da": {"runs": 2, "balls": 3, "wickets": 0}, "1a2676c5": {"runs": 14, "balls": 15, "wickets": 1}, "9dfd54a5": {"runs": 5, "balls": 2, "wickets": 0}, "f0e722e0": {"runs": 1, "balls": 4, "wickets": 0}, "51a60c16": {"runs": 10, "balls": 11, "wickets": 0}, "45f56920": {"runs": 12, "balls": 9, "wickets": 0}, "22ae3041": {"runs": 45, "balls": 28, "wickets": 0}, "19b9f399": {"runs": 37, "balls": 35, "wickets": 0}, "56ab442f": {"runs": 6, "balls": 4, "wickets": 0}, "b2a79f17": {"runs": 3, "balls": 8, "wickets": 0}, "5456bd0c": {"runs": 0, "balls": 1, "wickets": 1}, "903560ed": {"runs": 37, "balls": 48, "wickets": 0}, "0164b064": {"runs": 48, "balls": 85, "wickets": 4}, "da13a0fc": {"runs": 4, "balls": 15, "wickets": 0}, "6834d1f2": {"runs": 15, "balls": 36, "wickets": 1}, "c89e4c9f": {"runs": 31, "balls": 48, "wickets": 0}, "519c30cb": {"runs": 21, "balls": 52, "wickets": 0}, "15de1f5d": {"runs": 27, "balls": 45, "wickets": 2}, "74f0056d": {"runs": 19, "balls": 27, "wickets": 0}, "a0f612b6": {"runs": 27, "balls": 33, "wickets": 0}, "fb66ce1f": {"runs": 16, "balls": 13, "wickets": 1}, "898e628d": {"runs": 23, "balls": 18, "wickets": 0}, "4ba2c04d": {"runs": 25, "balls": 18, "wickets": 1}, "402f8494": {"runs": 2, "balls": 2, "wickets": 0}, "18fac429": {"runs": 6, "balls": 7, "wickets": 0}, "2a2e6343": {"runs": 8, "balls": 9, "wickets": 1}, "bc2d4f2e": {"runs": 43, "balls": 29, "wickets": 0}, "ffe699c0": {"runs": 10, "balls": 8, "wickets": 0}, "e86754b2": {"runs": 2, "balls": 4, "wickets": 1}, "bd93fea4": {"runs": 89, "balls": 132, "wickets": 2}, "f752db61": {"runs": 13, "balls": 30, "wickets": 0}, "7d92277a": {"runs": 6, "balls": 10, "wickets": 0}, "2e11c706": {"runs": 3, "balls": 7, "wickets": 1}, "96824e68": {"runs": 19, "balls": 23, "wickets": 0}, "03806cf8": {"runs": 14, "balls": 9, "wickets": 0}, "96a6a7ad": {"runs": 4, "balls": 3, "wickets": 0}, "d167edd3": {"runs": 9, "balls": 33, "wickets": 0}, "607c846c": {"runs": 6, "balls": 12, "wickets": 0}, "04ef663a": {"runs": 0, "balls": 6, "wickets": 0}, "9eb1455b": {"runs": 9, "balls": 37, "wickets": 1}, "72075ec1": {"runs": 21, "balls": 25, "wickets": 0}, "9cebb612": {"runs": 1, "balls": 5, "wickets": 0}, "b03303ca": {"runs": 17, "balls": 37, "wickets": 1}, "a2421394": {"runs": 24, "balls": 21, "wickets": 0}, "d405c0d5": {"runs": 22, "balls": 30, "wickets": 0}, "ff1e12a0": {"runs": 2, "balls": 2, "wickets": 0}, "3b53243a": {"runs": 5, "balls": 15, "wickets": 0}, "f1c61793": {"runs": 5, "balls": 19, "wickets": 1}, "56b93d46": {"runs": 15, "balls": 36, "wickets": 0}, "3c3adfce": {"runs": 3, "balls": 2, "wickets": 0}, "4b685e2d": {"runs": 7, "balls": 5, "wickets": 0}, "52c952d9": {"runs": 18, "balls": 15, "wickets": 0}, "06c2de82": {"runs": 22, "balls": 8, "wickets": 0}, "5f547c8b": {"runs": 8, "balls": 13, "wickets": 1}, "272fc5ad": {"runs": 6, "balls": 9, "wickets": 0}, "f3abd0c9": {"runs": 9, "balls": 4, "wickets": 0}, "efc04be7": {"runs": 4, "balls": 4, "wickets": 0}, "6f95e5fa": {"runs": 25, "balls": 24, "wickets": 1}, "9cb8d7a6": {"runs": 30, "balls": 18, "wickets": 0}, "dfc4d8b5": {"runs": 16, "balls": 15, "wickets": 1}, "5f317fd4": {"runs": 18, "balls": 12, "wickets": 0}, "8528effb": {"runs": 2, "balls": 3, "wickets": 0}, "4933f499": {"runs": 4, "balls": 9, "wickets": 1}, "7c7d63a2": {"runs": 20, "balls": 20, "wickets": 1}, "e342e5fb": {"runs": 6, "balls": 4, "wickets": 0}, "208f22ea": {"runs": 18, "balls": 34, "wickets": 0}, "6915bcc1": {"runs": 6, "balls": 16, "wickets": 0}, "5390f178": {"runs": 4, "balls": 9, "wickets": 0}, "12b610c2": {"runs": 6, "balls": 11, "wickets": 1}, "f2c936d7": {"runs": 1, "balls": 1, "wickets": 0}, "1d2f290a": {"runs": 0, "balls": 2, "wickets": 1}, "8e3cb0e9": {"runs": 6, "balls": 4, "wickets": 0}, "e9c7f0d0": {"runs": 1, "balls": 2, "wickets": 1}, "f422728b": {"runs": 3, "balls": 5, "wickets": 1}, "2cbdd22f": {"runs": 2, "balls": 2, "wickets": 0}, "055be93a": {"runs": 1, "balls": 1, "wickets": 0}, "94d7f855": {"runs": 6, "balls": 4, "wickets": 0}, "4d7f517e": {"runs": 15, "balls": 13, "wickets": 0}, "f1f99156": {"runs": 3, "balls": 2, "wickets": 0}, "bd4ea627": {"runs": 2, "balls": 2, "wickets": 0}, "d13d1dd0": {"runs": 8, "balls": 6, "wickets": 0}, "218d4d78": {"runs": 4, "balls": 4, "wickets": 0}, "7b953689": {"runs": 19, "balls": 10, "wickets": 0}, "83c3e8e3": {"runs": 14, "balls": 8, "wickets": 0}, "003d49e6": {"runs": 1, "balls": 1, "wickets": 0}}, "fifties": 3, "thirties": 23, "centuries": 0, "maidens": 0.0, "hattricks": 0, "club_ODI_previous3_runs": [], "club_ODI_previous3_wickets": [], "club_ODI_previous3_balls played": [], "club_ODI_previous3_overs": [], "club_ODI_previous3_runs gave": [], "club_ODI_lifetime_runs": 0.0, "club_ODI_lifetime_wickets": 0.0, "club_ODI_lifetime_balls played": 0.0, "club_ODI_lifetime_overs": 0.0, "club_ODI_lifetime_runs gave": 0.0, "club_Test_previous3_runs": [11.0, 42.0, 15.0], "club_Test_previous3_wickets": [0.0, 0.0, 0.0], "club_Test_previous3_balls played": [45.0, 103.0, 56.0], "club_Test_previous3_overs": [0.0, 0.0, 0.0], "club_Test_previous3_runs gave": [0.0, 0.0, 0.0], "club_Test_lifetime_runs": 893.0, "club_Test_lifetime_wickets": 0.0, "club_Test_lifetime_balls played": 1955.0, "club_Test_lifetime_overs": 0.0, "club_Test_lifetime_runs gave": 0.0, "club_T20_previous3_runs": [0.0, 5.0, 0.0], "club_T20_previous3_wickets": [0.0, 0.0, 0.0], "club_T20_previous3_balls played": [0.0, 7.0, 3.0], "club_T20_previous3_overs": [0.0, 0.0, 0.0], "club_T20_previous3_runs gave": [0.0, 0.0, 0.0], "club_T20_lifetime_runs": 1069.0, "club_T20_lifetime_wickets": 0.0, "club_T20_lifetime_balls played": 880.0, "club_T20_lifetime_overs": 0.0, "club_T20_lifetime_runs gave": 0.0, "international_ODI_previous3_runs": [], "international_ODI_previous3_wickets": [], "international_ODI_previous3_balls played": [], "international_ODI_previous3_overs": [], "international_ODI_previous3_runs gave": [], "international_ODI_lifetime_runs": 0.0, "international_ODI_lifetime_wickets": 0.0, "international_ODI_lifetime_balls played": 0.0, "international_ODI_lifetime_overs": 0.0, "international_ODI_lifetime_runs gave": 0.0, "international_Test_previous3_runs": [], "international_Test_previous3_wickets": [], "international_Test_previous3_balls played": [], "international_Test_previous3_overs": [], "international_Test_previous3_runs gave": [], "international_Test_lifetime_runs": 0.0, "international_Test_lifetime_wickets": 0.0, "international_Test_lifetime_balls played": 0.0, "international_Test_lifetime_overs": 0.0, "international_Test_lifetime_runs gave": 0.0, "international_T20_previous3_runs": [], "international_T20_previous3_wickets": [], "international_T20_previous3_balls played": [], "international_T20_previous3_overs": [], "international_T20_previous3_runs gave": [], "international_T20_lifetime_runs": 0.0, "international_T20_lifetime_wickets": 0.0, "international_T20_lifetime_balls played": 0.0, "international_T20_lifetime_overs": 0.0, "international_T20_lifetime_runs gave": 0.0}