{"played_against": {"7c503806": {"runs": 5, "balls": 11, "wickets": 0}, "c3d35165": {"runs": 17, "balls": 10, "wickets": 0}, "9c1ccdea": {"runs": 1, "balls": 4, "wickets": 0}, "8fd1a8f5": {"runs": 3, "balls": 11, "wickets": 2}, "5bb5a915": {"runs": 16, "balls": 18, "wickets": 0}, "20a941bb": {"runs": 9, "balls": 8, "wickets": 1}, "67af6f81": {"runs": 43, "balls": 73, "wickets": 1}, "df08c69e": {"runs": 4, "balls": 15, "wickets": 0}, "d2babdd5": {"runs": 22, "balls": 29, "wickets": 2}, "9de271ef": {"runs": 6, "balls": 17, "wickets": 0}, "ea0cdc12": {"runs": 11, "balls": 5, "wickets": 0}, "4ba44e19": {"runs": 12, "balls": 14, "wickets": 0}, "91a4a398": {"runs": 8, "balls": 11, "wickets": 0}, "8b5b6769": {"runs": 10, "balls": 11, "wickets": 0}, "5fa06777": {"runs": 9, "balls": 6, "wickets": 0}, "5bb1a1c4": {"runs": 13, "balls": 4, "wickets": 1}, "d1761087": {"runs": 2, "balls": 2, "wickets": 0}, "568e5a4a": {"runs": 2, "balls": 2, "wickets": 0}, "29b89ae8": {"runs": 21, "balls": 17, "wickets": 1}, "ea3ffd1b": {"runs": 9, "balls": 12, "wickets": 0}, "78eb4223": {"runs": 54, "balls": 58, "wickets": 1}, "c03c6200": {"runs": 83, "balls": 194, "wickets": 3}, "7d21eb9b": {"runs": 23, "balls": 11, "wickets": 0}, "e0557f7f": {"runs": 7, "balls": 8, "wickets": 0}, "21bf71ab": {"runs": 3, "balls": 2, "wickets": 0}, "afe57f7a": {"runs": 4, "balls": 4, "wickets": 0}, "f771a151": {"runs": 0, "balls": 1, "wickets": 0}, "f32dbc84": {"runs": 22, "balls": 18, "wickets": 0}, "9f0270e0": {"runs": 23, "balls": 42, "wickets": 1}, "e7ba1233": {"runs": 13, "balls": 11, "wickets": 0}, "49691d7a": {"runs": 21, "balls": 22, "wickets": 0}, "f5f18a18": {"runs": 2, "balls": 2, "wickets": 0}, "469ea22b": {"runs": 8, "balls": 10, "wickets": 1}, "2f28dc94": {"runs": 24, "balls": 24, "wickets": 0}, "fe93fd9d": {"runs": 5, "balls": 9, "wickets": 0}, "96fd40ae": {"runs": 20, "balls": 13, "wickets": 0}, "6b19d823": {"runs": 1, "balls": 1, "wickets": 0}, "6b8eb6e5": {"runs": 2, "balls": 3, "wickets": 0}, "5673a3fc": {"runs": 36, "balls": 39, "wickets": 0}, "d7c6af50": {"runs": 22, "balls": 42, "wickets": 0}, "3eac9d95": {"runs": 5, "balls": 17, "wickets": 1}, "43936951": {"runs": 7, "balls": 7, "wickets": 0}, "13c35c9e": {"runs": 38, "balls": 54, "wickets": 2}, "2be41edb": {"runs": 3, "balls": 8, "wickets": 1}, "de3acffe": {"runs": 10, "balls": 38, "wickets": 1}, "b68a30f0": {"runs": 5, "balls": 14, "wickets": 1}, "cf73ad76": {"runs": 13, "balls": 15, "wickets": 0}, "221ad9d9": {"runs": 72, "balls": 127, "wickets": 2}, "58043739": {"runs": 39, "balls": 97, "wickets": 0}, "39f01cdb": {"runs": 12, "balls": 21, "wickets": 0}, "9dca07d7": {"runs": 8, "balls": 7, "wickets": 0}, "eba6a852": {"runs": 28, "balls": 74, "wickets": 0}, "a386e91b": {"runs": 13, "balls": 14, "wickets": 0}, "cca50cd6": {"runs": 4, "balls": 6, "wickets": 1}, "ccdd8308": {"runs": 12, "balls": 31, "wickets": 0}, "49b6c09f": {"runs": 9, "balls": 55, "wickets": 1}, "0dc00542": {"runs": 1, "balls": 1, "wickets": 0}, "e174dadd": {"runs": 5, "balls": 4, "wickets": 0}, "68ddabdb": {"runs": 24, "balls": 21, "wickets": 0}, "05d74535": {"runs": 1, "balls": 1, "wickets": 0}, "30a45b23": {"runs": 1, "balls": 2, "wickets": 0}, "fd835ab3": {"runs": 6, "balls": 4, "wickets": 1}, "8ba8195d": {"runs": 1, "balls": 7, "wickets": 0}, "740742ef": {"runs": 2, "balls": 2, "wickets": 1}, "5bdcdb72": {"runs": 1, "balls": 5, "wickets": 0}, "a12e1d51": {"runs": 0, "balls": 6, "wickets": 0}, "91ffa6c6": {"runs": 4, "balls": 6, "wickets": 0}, "53597be1": {"runs": 2, "balls": 4, "wickets": 0}, "f0f628c7": {"runs": 1, "balls": 3, "wickets": 0}, "99cddc5e": {"runs": 2, "balls": 5, "wickets": 0}, "d8e79af0": {"runs": 2, "balls": 6, "wickets": 0}, "cf494ffe": {"runs": 1, "balls": 6, "wickets": 0}, "e01895bb": {"runs": 6, "balls": 8, "wickets": 1}, "364ee2cf": {"runs": 0, "balls": 2, "wickets": 1}, "a73321d3": {"runs": 0, "balls": 5, "wickets": 1}, "26ff4c29": {"runs": 4, "balls": 9, "wickets": 1}, "acee4cc4": {"runs": 4, "balls": 11, "wickets": 0}, "bbd41817": {"runs": 46, "balls": 60, "wickets": 1}, "3cacbb57": {"runs": 3, "balls": 2, "wickets": 0}, "d68e7f48": {"runs": 32, "balls": 95, "wickets": 1}, "7a80ddf2": {"runs": 50, "balls": 114, "wickets": 0}, "f846de6a": {"runs": 20, "balls": 55, "wickets": 1}, "a757b0d8": {"runs": 10, "balls": 8, "wickets": 0}, "a7c226e1": {"runs": 18, "balls": 38, "wickets": 1}, "9ab63e7b": {"runs": 2, "balls": 8, "wickets": 0}, "16dfcc19": {"runs": 6, "balls": 14, "wickets": 1}, "390ff45b": {"runs": 2, "balls": 2, "wickets": 0}, "1a8eebbe": {"runs": 11, "balls": 6, "wickets": 0}, "7dc35884": {"runs": 14, "balls": 18, "wickets": 0}, "6575e3bc": {"runs": 9, "balls": 8, "wickets": 0}, "b57f8a9a": {"runs": 5, "balls": 7, "wickets": 0}, "8fb49ef8": {"runs": 8, "balls": 7, "wickets": 1}, "3cf5ae43": {"runs": 1, "balls": 1, "wickets": 0}, "9d430b40": {"runs": 63, "balls": 110, "wickets": 1}, "db767b89": {"runs": 14, "balls": 57, "wickets": 1}, "78dfe704": {"runs": 18, "balls": 63, "wickets": 0}, "db584dad": {"runs": 13, "balls": 14, "wickets": 0}, "7f9bd93c": {"runs": 1, "balls": 4, "wickets": 0}, "5c756df3": {"runs": 1, "balls": 3, "wickets": 0}, "60dd8960": {"runs": 0, "balls": 4, "wickets": 1}, "817c1746": {"runs": 6, "balls": 4, "wickets": 1}, "9a158001": {"runs": 10, "balls": 11, "wickets": 0}, "54279e23": {"runs": 5, "balls": 2, "wickets": 0}, "3f5f39cd": {"runs": 11, "balls": 10, "wickets": 0}, "f3c150bb": {"runs": 19, "balls": 11, "wickets": 0}, "b552a935": {"runs": 2, "balls": 4, "wickets": 0}, "3b50c63a": {"runs": 13, "balls": 8, "wickets": 0}, "5284c884": {"runs": 1, "balls": 3, "wickets": 1}, "8eb611d0": {"runs": 12, "balls": 16, "wickets": 0}, "bca21d18": {"runs": 9, "balls": 6, "wickets": 0}, "2bb09eb2": {"runs": 3, "balls": 3, "wickets": 0}, "4948a447": {"runs": 36, "balls": 19, "wickets": 0}, "531f0278": {"runs": 0, "balls": 4, "wickets": 1}, "1ec36a1e": {"runs": 6, "balls": 7, "wickets": 0}, "888e32bf": {"runs": 2, "balls": 2, "wickets": 0}, "6eea0b32": {"runs": 3, "balls": 10, "wickets": 0}, "243431b5": {"runs": 4, "balls": 5, "wickets": 0}, "5173fb9d": {"runs": 14, "balls": 7, "wickets": 0}, "2e2fe3e8": {"runs": 1, "balls": 4, "wickets": 1}, "ac5ae4af": {"runs": 0, "balls": 8, "wickets": 1}, "760f445b": {"runs": 0, "balls": 1, "wickets": 1}, "5a4c12ab": {"runs": 6, "balls": 9, "wickets": 0}, "62af8546": {"runs": 4, "balls": 3, "wickets": 0}, "0443414a": {"runs": 13, "balls": 6, "wickets": 0}, "9219eff0": {"runs": 8, "balls": 13, "wickets": 0}, "51a3c5ef": {"runs": 31, "balls": 31, "wickets": 0}, "8abdf100": {"runs": 19, "balls": 34, "wickets": 0}, "ed90abe4": {"runs": 28, "balls": 29, "wickets": 0}, "d027ba9f": {"runs": 13, "balls": 12, "wickets": 0}, "c03449e0": {"runs": 2, "balls": 3, "wickets": 0}, "7fb32e5b": {"runs": 14, "balls": 17, "wickets": 2}, "350bb1b1": {"runs": 5, "balls": 3, "wickets": 0}, "c8ad0749": {"runs": 2, "balls": 2, "wickets": 0}, "fec50c96": {"runs": 7, "balls": 7, "wickets": 0}, "9b79b9de": {"runs": 8, "balls": 10, "wickets": 0}, "0f12f9df": {"runs": 14, "balls": 21, "wickets": 0}, "4c4fa80b": {"runs": 7, "balls": 9, "wickets": 1}, "495d42a5": {"runs": 4, "balls": 6, "wickets": 0}, "8cf9814c": {"runs": 7, "balls": 9, "wickets": 1}, "0a8fce53": {"runs": 8, "balls": 9, "wickets": 1}, "f2800ef3": {"runs": 13, "balls": 15, "wickets": 0}, "9d1d34bd": {"runs": 3, "balls": 6, "wickets": 0}, "f78e7113": {"runs": 20, "balls": 26, "wickets": 0}, "557153ca": {"runs": 9, "balls": 9, "wickets": 2}, "1f7adc8a": {"runs": 3, "balls": 3, "wickets": 0}, "bf1d7d3e": {"runs": 1, "balls": 1, "wickets": 0}, "0f348f58": {"runs": 9, "balls": 10, "wickets": 0}, "c285c86e": {"runs": 0, "balls": 1, "wickets": 1}, "e186f49c": {"runs": 11, "balls": 8, "wickets": 0}, "b8d18afc": {"runs": 1, "balls": 2, "wickets": 0}, "b3a28446": {"runs": 2, "balls": 2, "wickets": 0}, "5f547c8b": {"runs": 0, "balls": 1, "wickets": 1}, "1670dcfd": {"runs": 0, "balls": 2, "wickets": 0}, "87e562a9": {"runs": 11, "balls": 8, "wickets": 0}, "b0946605": {"runs": 0, "balls": 1, "wickets": 1}, "e5218454": {"runs": 2, "balls": 4, "wickets": 0}, "f56cd097": {"runs": 0, "balls": 1, "wickets": 0}, "f7e9a562": {"runs": 13, "balls": 6, "wickets": 0}, "7ca5e05d": {"runs": 2, "balls": 2, "wickets": 0}, "ef18b66e": {"runs": 0, "balls": 0, "wickets": 0}, "4a491652": {"runs": 4, "balls": 2, "wickets": 1}, "8c7b16c8": {"runs": 1, "balls": 2, "wickets": 0}, "607ed7c2": {"runs": 7, "balls": 3, "wickets": 1}}, "fifties": 1, "thirties": 15, "centuries": 0, "maidens": 12.0, "hattricks": 3, "club_ODI_previous3_runs": [], "club_ODI_previous3_wickets": [], "club_ODI_previous3_balls played": [], "club_ODI_previous3_overs": [], "club_ODI_previous3_runs gave": [], "club_ODI_lifetime_runs": 0.0, "club_ODI_lifetime_wickets": 0.0, "club_ODI_lifetime_balls played": 0.0, "club_ODI_lifetime_overs": 0.0, "club_ODI_lifetime_runs gave": 0.0, "club_Test_previous3_runs": [], "club_Test_previous3_wickets": [], "club_Test_previous3_balls played": [], "club_Test_previous3_overs": [], "club_Test_previous3_runs gave": [], "club_Test_lifetime_runs": 0.0, "club_Test_lifetime_wickets": 0.0, "club_Test_lifetime_balls played": 0.0, "club_Test_lifetime_overs": 0.0, "club_Test_lifetime_runs gave": 0.0, "club_T20_previous3_runs": [8.0, 0.0, 3.0], "club_T20_previous3_wickets": [0.0, 0.0, 0.0], "club_T20_previous3_balls played": [5.0, 1.0, 5.0], "club_T20_previous3_overs": [0.0, 0.0, 0.0], "club_T20_previous3_runs gave": [0.0, 0.0, 0.0], "club_T20_lifetime_runs": 403.0, "club_T20_lifetime_wickets": 4.0, "club_T20_lifetime_balls played": 396.0, "club_T20_lifetime_overs": 12.833333333333334, "club_T20_lifetime_runs gave": 89.0, "international_ODI_previous3_runs": [63.0, 32.0, 14.0], "international_ODI_previous3_wickets": [0.0, 0.0, 0.0], "international_ODI_previous3_balls played": [73.0, 55.0, 19.0], "international_ODI_previous3_overs": [0.0, 0.5, 1.0], "international_ODI_previous3_runs gave": [0.0, 7.0, 15.0], "international_ODI_lifetime_runs": 842.0, "international_ODI_lifetime_wickets": 25.0, "international_ODI_lifetime_balls played": 1208.0, "international_ODI_lifetime_overs": 231.83333333333334, "international_ODI_lifetime_runs gave": 1159.0, "international_Test_previous3_runs": [48.0, 134.0, 18.0], "international_Test_previous3_wickets": [0.0, 0.0, 0.0], "international_Test_previous3_balls played": [143.0, 317.0, 25.0], "international_Test_previous3_overs": [16.0, 16.0, 15.499999999999998], "international_Test_previous3_runs gave": [52.0, 46.0, 55.0], "international_Test_lifetime_runs": 383.0, "international_Test_lifetime_wickets": 0.0, "international_Test_lifetime_balls played": 989.0, "international_Test_lifetime_overs": 80.33333333333334, "international_Test_lifetime_runs gave": 284.0, "international_T20_previous3_runs": [10.0, 3.0, 18.0], "international_T20_previous3_wickets": [1.0, 0.0, 0.0], "international_T20_previous3_balls played": [8.0, 9.0, 10.0], "international_T20_previous3_overs": [4.0, 0.0, 0.0], "international_T20_previous3_runs gave": [23.0, 0.0, 0.0], "international_T20_lifetime_runs": 130.0, "international_T20_lifetime_wickets": 3.0, "international_T20_lifetime_balls played": 114.0, "international_T20_lifetime_overs": 15.0, "international_T20_lifetime_runs gave": 123.0}