{"played_against": {"dbf22922": {"runs": 0, "balls": 2, "wickets": 0}, "3250b7db": {"runs": 4, "balls": 6, "wickets": 0}, "46dff613": {"runs": 6, "balls": 7, "wickets": 0}, "078f166f": {"runs": 12, "balls": 11, "wickets": 1}, "da6576af": {"runs": 4, "balls": 1, "wickets": 0}, "52bbb9e5": {"runs": 4, "balls": 6, "wickets": 0}, "e01e17ee": {"runs": 1, "balls": 1, "wickets": 0}, "fa9db243": {"runs": 5, "balls": 6, "wickets": 0}, "42e4b276": {"runs": 2, "balls": 3, "wickets": 0}, "f13d3eba": {"runs": 1, "balls": 1, "wickets": 0}, "c6a019f5": {"runs": 3, "balls": 7, "wickets": 0}, "27d5901c": {"runs": 1, "balls": 4, "wickets": 0}, "4d35d0b3": {"runs": 1, "balls": 2, "wickets": 0}, "7027d12f": {"runs": 4, "balls": 2, "wickets": 0}, "c3394c16": {"runs": 1, "balls": 3, "wickets": 0}}, "fifties": 0, "thirties": 0, "centuries": 0, "maidens": 0.0, "hattricks": 0, "club_ODI_previous3_runs": [], "club_ODI_previous3_wickets": [], "club_ODI_previous3_balls played": [], "club_ODI_previous3_overs": [], "club_ODI_previous3_runs gave": [], "club_ODI_lifetime_runs": 0.0, "club_ODI_lifetime_wickets": 0.0, "club_ODI_lifetime_balls played": 0.0, "club_ODI_lifetime_overs": 0.0, "club_ODI_lifetime_runs gave": 0.0, "club_Test_previous3_runs": [], "club_Test_previous3_wickets": [], "club_Test_previous3_balls played": [], "club_Test_previous3_overs": [], "club_Test_previous3_runs gave": [], "club_Test_lifetime_runs": 0.0, "club_Test_lifetime_wickets": 0.0, "club_Test_lifetime_balls played": 0.0, "club_Test_lifetime_overs": 0.0, "club_Test_lifetime_runs gave": 0.0, "club_T20_previous3_runs": [], "club_T20_previous3_wickets": [], "club_T20_previous3_balls played": [], "club_T20_previous3_overs": [], "club_T20_previous3_runs gave": [], "club_T20_lifetime_runs": 0.0, "club_T20_lifetime_wickets": 0.0, "club_T20_lifetime_balls played": 0.0, "club_T20_lifetime_overs": 0.0, "club_T20_lifetime_runs gave": 0.0, "international_ODI_previous3_runs": [], "international_ODI_previous3_wickets": [], "international_ODI_previous3_balls played": [], "international_ODI_previous3_overs": [], "international_ODI_previous3_runs gave": [], "international_ODI_lifetime_runs": 0.0, "international_ODI_lifetime_wickets": 0.0, "international_ODI_lifetime_balls played": 0.0, "international_ODI_lifetime_overs": 0.0, "international_ODI_lifetime_runs gave": 0.0, "international_Test_previous3_runs": [], "international_Test_previous3_wickets": [], "international_Test_previous3_balls played": [], "international_Test_previous3_overs": [], "international_Test_previous3_runs gave": [], "international_Test_lifetime_runs": 0.0, "international_Test_lifetime_wickets": 0.0, "international_Test_lifetime_balls played": 0.0, "international_Test_lifetime_overs": 0.0, "international_Test_lifetime_runs gave": 0.0, "international_T20_previous3_runs": [1.0, 5.0, 5.0], "international_T20_previous3_wickets": [0.0, 1.0, 2.0], "international_T20_previous3_balls played": [1.0, 14.0, 5.0], "international_T20_previous3_overs": [2.0, 1.0, 3.0], "international_T20_previous3_runs gave": [14.0, 12.0, 40.0], "international_T20_lifetime_runs": 49.0, "international_T20_lifetime_wickets": 5.0, "international_T20_lifetime_balls played": 63.0, "international_T20_lifetime_overs": 15.666666666666668, "international_T20_lifetime_runs gave": 150.0}