{"played_against": {"a24be938": {"runs": 0, "balls": 1, "wickets": 1}, "c2294408": {"runs": 2, "balls": 3, "wickets": 0}, "2009e01b": {"runs": 3, "balls": 4, "wickets": 0}, "3b30b8c4": {"runs": 14, "balls": 7, "wickets": 0}, "2af1b6d2": {"runs": 3, "balls": 4, "wickets": 0}, "64959652": {"runs": 2, "balls": 4, "wickets": 1}, "dbe50b21": {"runs": 3, "balls": 4, "wickets": 0}, "983f2f61": {"runs": 0, "balls": 1, "wickets": 0}, "119678fd": {"runs": 0, "balls": 2, "wickets": 1}, "254c7802": {"runs": 1, "balls": 2, "wickets": 0}, "bee290b6": {"runs": 11, "balls": 10, "wickets": 0}, "f62772e5": {"runs": 6, "balls": 7, "wickets": 0}, "6f49cc6e": {"runs": 2, "balls": 3, "wickets": 0}, "1a0c3177": {"runs": 2, "balls": 2, "wickets": 0}, "3d930abb": {"runs": 10, "balls": 6, "wickets": 0}}, "fifties": 0, "thirties": 1, "centuries": 0, "maidens": 1.0, "hattricks": 1, "club_ODI_previous3_runs": [], "club_ODI_previous3_wickets": [], "club_ODI_previous3_balls played": [], "club_ODI_previous3_overs": [], "club_ODI_previous3_runs gave": [], "club_ODI_lifetime_runs": 0.0, "club_ODI_lifetime_wickets": 0.0, "club_ODI_lifetime_balls played": 0.0, "club_ODI_lifetime_overs": 0.0, "club_ODI_lifetime_runs gave": 0.0, "club_Test_previous3_runs": [], "club_Test_previous3_wickets": [], "club_Test_previous3_balls played": [], "club_Test_previous3_overs": [], "club_Test_previous3_runs gave": [], "club_Test_lifetime_runs": 0.0, "club_Test_lifetime_wickets": 0.0, "club_Test_lifetime_balls played": 0.0, "club_Test_lifetime_overs": 0.0, "club_Test_lifetime_runs gave": 0.0, "club_T20_previous3_runs": [1.0, 31.0, 0.0], "club_T20_previous3_wickets": [4.0, 1.0, 2.0], "club_T20_previous3_balls played": [4.0, 28.0, 0.0], "club_T20_previous3_overs": [4.0, 3.0, 4.0], "club_T20_previous3_runs gave": [25.0, 25.0, 16.0], "club_T20_lifetime_runs": 59.0, "club_T20_lifetime_wickets": 9.0, "club_T20_lifetime_balls played": 60.0, "club_T20_lifetime_overs": 22.0, "club_T20_lifetime_runs gave": 143.0, "international_ODI_previous3_runs": [], "international_ODI_previous3_wickets": [], "international_ODI_previous3_balls played": [], "international_ODI_previous3_overs": [], "international_ODI_previous3_runs gave": [], "international_ODI_lifetime_runs": 0.0, "international_ODI_lifetime_wickets": 0.0, "international_ODI_lifetime_balls played": 0.0, "international_ODI_lifetime_overs": 0.0, "international_ODI_lifetime_runs gave": 0.0, "international_Test_previous3_runs": [], "international_Test_previous3_wickets": [], "international_Test_previous3_balls played": [], "international_Test_previous3_overs": [], "international_Test_previous3_runs gave": [], "international_Test_lifetime_runs": 0.0, "international_Test_lifetime_wickets": 0.0, "international_Test_lifetime_balls played": 0.0, "international_Test_lifetime_overs": 0.0, "international_Test_lifetime_runs gave": 0.0, "international_T20_previous3_runs": [], "international_T20_previous3_wickets": [], "international_T20_previous3_balls played": [], "international_T20_previous3_overs": [], "international_T20_previous3_runs gave": [], "international_T20_lifetime_runs": 0.0, "international_T20_lifetime_wickets": 0.0, "international_T20_lifetime_balls played": 0.0, "international_T20_lifetime_overs": 0.0, "international_T20_lifetime_runs gave": 0.0}