{"played_against": {"88fccd6c": {"runs": 18, "balls": 39, "wickets": 1}, "20a941bb": {"runs": 9, "balls": 26, "wickets": 1}, "86dc8f2e": {"runs": 6, "balls": 7, "wickets": 0}, "2503e881": {"runs": 2, "balls": 4, "wickets": 0}, "8fd1a8f5": {"runs": 36, "balls": 22, "wickets": 0}, "6b0c3a20": {"runs": 13, "balls": 21, "wickets": 0}, "2957a836": {"runs": 23, "balls": 19, "wickets": 0}, "7c503806": {"runs": 21, "balls": 27, "wickets": 0}, "6821ac10": {"runs": 4, "balls": 10, "wickets": 1}, "fa463154": {"runs": 23, "balls": 17, "wickets": 0}, "f0f628c7": {"runs": 2, "balls": 7, "wickets": 1}, "43936951": {"runs": 4, "balls": 9, "wickets": 0}, "4f629497": {"runs": 0, "balls": 15, "wickets": 2}, "bcce309e": {"runs": 31, "balls": 62, "wickets": 0}, "ab89348d": {"runs": 51, "balls": 100, "wickets": 0}, "4ba44e19": {"runs": 71, "balls": 134, "wickets": 0}, "342d8ade": {"runs": 110, "balls": 123, "wickets": 0}, "a12e1d51": {"runs": 46, "balls": 82, "wickets": 1}, "f233bbb4": {"runs": 9, "balls": 21, "wickets": 1}, "91a4a398": {"runs": 40, "balls": 79, "wickets": 0}, "c3d1402f": {"runs": 69, "balls": 118, "wickets": 1}, "8b5b6769": {"runs": 40, "balls": 80, "wickets": 0}, "725529bc": {"runs": 5, "balls": 7, "wickets": 0}, "0c2730df": {"runs": 36, "balls": 79, "wickets": 3}, "d2c2b2d5": {"runs": 5, "balls": 8, "wickets": 0}, "5bb1a1c4": {"runs": 18, "balls": 53, "wickets": 0}, "5fa06777": {"runs": 28, "balls": 57, "wickets": 2}, "8ba8195d": {"runs": 2, "balls": 10, "wickets": 0}, "83904270": {"runs": 45, "balls": 81, "wickets": 0}, "a7c226e1": {"runs": 52, "balls": 108, "wickets": 3}, "4180d897": {"runs": 15, "balls": 49, "wickets": 2}, "87e562a9": {"runs": 62, "balls": 82, "wickets": 0}, "c03c6200": {"runs": 14, "balls": 27, "wickets": 0}, "36d33dd0": {"runs": 10, "balls": 10, "wickets": 0}, "db584dad": {"runs": 14, "balls": 51, "wickets": 0}, "364ee2cf": {"runs": 40, "balls": 58, "wickets": 0}, "f60dc2a5": {"runs": 6, "balls": 7, "wickets": 0}, "6042bf26": {"runs": 2, "balls": 3, "wickets": 0}, "3d8feaf8": {"runs": 5, "balls": 5, "wickets": 0}, "b0b320a0": {"runs": 5, "balls": 4, "wickets": 1}, "dd09ff8e": {"runs": 21, "balls": 18, "wickets": 0}, "3fb19989": {"runs": 19, "balls": 12, "wickets": 1}, "03806cf8": {"runs": 12, "balls": 11, "wickets": 0}, "7d3937ed": {"runs": 9, "balls": 10, "wickets": 0}, "60dac349": {"runs": 25, "balls": 14, "wickets": 0}, "32198ae0": {"runs": 16, "balls": 7, "wickets": 0}, "b552a935": {"runs": 37, "balls": 76, "wickets": 0}, "d29be810": {"runs": 8, "balls": 11, "wickets": 0}, "dfc4d8b5": {"runs": 8, "balls": 7, "wickets": 0}, "6d62117a": {"runs": 11, "balls": 6, "wickets": 1}, "fd835ab3": {"runs": 0, "balls": 2, "wickets": 1}, "c404f58a": {"runs": 8, "balls": 4, "wickets": 0}, "0dc00542": {"runs": 4, "balls": 3, "wickets": 0}, "5673a3fc": {"runs": 14, "balls": 9, "wickets": 0}, "3540beff": {"runs": 2, "balls": 3, "wickets": 0}, "5ce5204c": {"runs": 9, "balls": 11, "wickets": 0}, "30a45b23": {"runs": 2, "balls": 2, "wickets": 1}, "2223b920": {"runs": 56, "balls": 87, "wickets": 0}, "6c908ffc": {"runs": 54, "balls": 69, "wickets": 1}, "4c5d73db": {"runs": 36, "balls": 43, "wickets": 0}, "e0ac7144": {"runs": 19, "balls": 20, "wickets": 0}, "f5821615": {"runs": 14, "balls": 38, "wickets": 0}, "06c2de82": {"runs": 42, "balls": 63, "wickets": 1}, "59559bc2": {"runs": 79, "balls": 89, "wickets": 0}, "93e06301": {"runs": 74, "balls": 113, "wickets": 0}, "47b4ad09": {"runs": 39, "balls": 82, "wickets": 0}, "e01aafc1": {"runs": 7, "balls": 30, "wickets": 0}, "782c0568": {"runs": 12, "balls": 22, "wickets": 0}, "18899e2b": {"runs": 0, "balls": 14, "wickets": 1}, "2a0d5d4a": {"runs": 0, "balls": 2, "wickets": 0}, "02b93a83": {"runs": 5, "balls": 16, "wickets": 1}, "e737a5fe": {"runs": 6, "balls": 19, "wickets": 0}, "58043739": {"runs": 8, "balls": 38, "wickets": 1}, "8bf61e65": {"runs": 24, "balls": 23, "wickets": 0}, "b21ed464": {"runs": 8, "balls": 15, "wickets": 1}, "c89474d1": {"runs": 32, "balls": 40, "wickets": 0}, "6c6aca89": {"runs": 22, "balls": 15, "wickets": 0}, "ccdd8308": {"runs": 5, "balls": 7, "wickets": 0}, "dc670143": {"runs": 13, "balls": 24, "wickets": 0}, "025a092b": {"runs": 5, "balls": 5, "wickets": 1}, "9c7d7cda": {"runs": 4, "balls": 4, "wickets": 0}, "a7c7802a": {"runs": 12, "balls": 7, "wickets": 0}, "4c0f3806": {"runs": 5, "balls": 3, "wickets": 0}, "5239d782": {"runs": 1, "balls": 1, "wickets": 0}, "86d7acf4": {"runs": 5, "balls": 5, "wickets": 0}, "b16cf2ec": {"runs": 2, "balls": 2, "wickets": 0}, "1427277f": {"runs": 4, "balls": 2, "wickets": 1}, "e9987a94": {"runs": 30, "balls": 59, "wickets": 0}, "eddf25bd": {"runs": 34, "balls": 44, "wickets": 1}, "99cddc5e": {"runs": 22, "balls": 42, "wickets": 0}, "9dca07d7": {"runs": 0, "balls": 3, "wickets": 1}, "8728a058": {"runs": 20, "balls": 29, "wickets": 0}, "ac7fa28f": {"runs": 6, "balls": 9, "wickets": 1}, "29b89ae8": {"runs": 16, "balls": 22, "wickets": 1}}, "fifties": 7, "thirties": 11, "centuries": 0, "maidens": 0.0, "hattricks": 0, "club_ODI_previous3_runs": [], "club_ODI_previous3_wickets": [], "club_ODI_previous3_balls played": [], "club_ODI_previous3_overs": [], "club_ODI_previous3_runs gave": [], "club_ODI_lifetime_runs": 0.0, "club_ODI_lifetime_wickets": 0.0, "club_ODI_lifetime_balls played": 0.0, "club_ODI_lifetime_overs": 0.0, "club_ODI_lifetime_runs gave": 0.0, "club_Test_previous3_runs": [77.0, 155.0, 156.0], "club_Test_previous3_wickets": [0.0, 0.0, 0.0], "club_Test_previous3_balls played": [92.0, 201.0, 211.0], "club_Test_previous3_overs": [0.0, 0.0, 0.0], "club_Test_previous3_runs gave": [0.0, 0.0, 0.0], "club_Test_lifetime_runs": 719.0, "club_Test_lifetime_wickets": 0.0, "club_Test_lifetime_balls played": 1154.0, "club_Test_lifetime_overs": 0.0, "club_Test_lifetime_runs gave": 0.0, "club_T20_previous3_runs": [22.0, 11.0, 0.0], "club_T20_previous3_wickets": [0.0, 0.0, 0.0], "club_T20_previous3_balls played": [16.0, 9.0, 3.0], "club_T20_previous3_overs": [0.0, 0.0, 0.0], "club_T20_previous3_runs gave": [0.0, 0.0, 0.0], "club_T20_lifetime_runs": 240.0, "club_T20_lifetime_wickets": 0.0, "club_T20_lifetime_balls played": 201.0, "club_T20_lifetime_overs": 0.0, "club_T20_lifetime_runs gave": 0.0, "international_ODI_previous3_runs": [25.0, 1.0, 3.0], "international_ODI_previous3_wickets": [0.0, 0.0, 0.0], "international_ODI_previous3_balls played": [25.0, 8.0, 16.0], "international_ODI_previous3_overs": [0.0, 0.0, 0.0], "international_ODI_previous3_runs gave": [0.0, 0.0, 0.0], "international_ODI_lifetime_runs": 123.0, "international_ODI_lifetime_wickets": 0.0, "international_ODI_lifetime_balls played": 161.0, "international_ODI_lifetime_overs": 0.0, "international_ODI_lifetime_runs gave": 0.0, "international_Test_previous3_runs": [13.0, 93.0, 139.0], "international_Test_previous3_wickets": [0.0, 0.0, 0.0], "international_Test_previous3_balls played": [28.0, 181.0, 255.0], "international_Test_previous3_overs": [0.0, 0.0, 0.0], "international_Test_previous3_runs gave": [0.0, 0.0, 0.0], "international_Test_lifetime_runs": 836.0, "international_Test_lifetime_wickets": 0.0, "international_Test_lifetime_balls played": 1536.0, "international_Test_lifetime_overs": 0.0, "international_Test_lifetime_runs gave": 0.0, "international_T20_previous3_runs": [], "international_T20_previous3_wickets": [], "international_T20_previous3_balls played": [], "international_T20_previous3_overs": [], "international_T20_previous3_runs gave": [], "international_T20_lifetime_runs": 0.0, "international_T20_lifetime_wickets": 0.0, "international_T20_lifetime_balls played": 0.0, "international_T20_lifetime_overs": 0.0, "international_T20_lifetime_runs gave": 0.0}