{"played_against": {"5787be00": {"runs": 1, "balls": 3, "wickets": 0}, "c2fd51b1": {"runs": 4, "balls": 2, "wickets": 1}, "9865ed99": {"runs": 0, "balls": 1, "wickets": 1}, "02b078b1": {"runs": 2, "balls": 4, "wickets": 1}, "6de4e430": {"runs": 7, "balls": 9, "wickets": 0}, "eb5aa5b9": {"runs": 5, "balls": 2, "wickets": 0}, "e57d25fa": {"runs": 15, "balls": 6, "wickets": 0}, "eb40ed89": {"runs": 8, "balls": 5, "wickets": 0}, "14e1fdab": {"runs": 5, "balls": 6, "wickets": 1}, "2a03bd2f": {"runs": 7, "balls": 7, "wickets": 0}, "b89cde87": {"runs": 14, "balls": 6, "wickets": 0}, "00467a76": {"runs": 0, "balls": 2, "wickets": 1}, "87a6f411": {"runs": 2, "balls": 5, "wickets": 1}, "c122fe73": {"runs": 15, "balls": 5, "wickets": 0}, "507dd87f": {"runs": 13, "balls": 9, "wickets": 0}, "2df874e6": {"runs": 1, "balls": 2, "wickets": 1}, "9244df4b": {"runs": 2, "balls": 3, "wickets": 1}, "e5464794": {"runs": 0, "balls": 1, "wickets": 0}, "76b19864": {"runs": 0, "balls": 3, "wickets": 0}, "e4ad57ea": {"runs": 1, "balls": 4, "wickets": 0}, "6978bff0": {"runs": 0, "balls": 1, "wickets": 1}}, "fifties": 0, "thirties": 1, "centuries": 0, "maidens": 0.0, "hattricks": 0, "club_ODI_previous3_runs": [], "club_ODI_previous3_wickets": [], "club_ODI_previous3_balls played": [], "club_ODI_previous3_overs": [], "club_ODI_previous3_runs gave": [], "club_ODI_lifetime_runs": 0.0, "club_ODI_lifetime_wickets": 0.0, "club_ODI_lifetime_balls played": 0.0, "club_ODI_lifetime_overs": 0.0, "club_ODI_lifetime_runs gave": 0.0, "club_Test_previous3_runs": [], "club_Test_previous3_wickets": [], "club_Test_previous3_balls played": [], "club_Test_previous3_overs": [], "club_Test_previous3_runs gave": [], "club_Test_lifetime_runs": 0.0, "club_Test_lifetime_wickets": 0.0, "club_Test_lifetime_balls played": 0.0, "club_Test_lifetime_overs": 0.0, "club_Test_lifetime_runs gave": 0.0, "club_T20_previous3_runs": [], "club_T20_previous3_wickets": [], "club_T20_previous3_balls played": [], "club_T20_previous3_overs": [], "club_T20_previous3_runs gave": [], "club_T20_lifetime_runs": 0.0, "club_T20_lifetime_wickets": 0.0, "club_T20_lifetime_balls played": 0.0, "club_T20_lifetime_overs": 0.0, "club_T20_lifetime_runs gave": 0.0, "international_ODI_previous3_runs": [], "international_ODI_previous3_wickets": [], "international_ODI_previous3_balls played": [], "international_ODI_previous3_overs": [], "international_ODI_previous3_runs gave": [], "international_ODI_lifetime_runs": 0.0, "international_ODI_lifetime_wickets": 0.0, "international_ODI_lifetime_balls played": 0.0, "international_ODI_lifetime_overs": 0.0, "international_ODI_lifetime_runs gave": 0.0, "international_Test_previous3_runs": [], "international_Test_previous3_wickets": [], "international_Test_previous3_balls played": [], "international_Test_previous3_overs": [], "international_Test_previous3_runs gave": [], "international_Test_lifetime_runs": 0.0, "international_Test_lifetime_wickets": 0.0, "international_Test_lifetime_balls played": 0.0, "international_Test_lifetime_overs": 0.0, "international_Test_lifetime_runs gave": 0.0, "international_T20_previous3_runs": [2.0, 0.0, 1.0], "international_T20_previous3_wickets": [0.0, 0.0, 0.0], "international_T20_previous3_balls played": [3.0, 1.0, 8.0], "international_T20_previous3_overs": [0.0, 3.8333333333333335, 0.0], "international_T20_previous3_runs gave": [0.0, 43.0, 0.0], "international_T20_lifetime_runs": 102.0, "international_T20_lifetime_wickets": 2.0, "international_T20_lifetime_balls played": 87.0, "international_T20_lifetime_overs": 9.833333333333334, "international_T20_lifetime_runs gave": 111.0}