{"played_against": {"38189be1": {"runs": 2, "balls": 2, "wickets": 0}, "28b99edd": {"runs": 1, "balls": 1, "wickets": 0}, "d35a520a": {"runs": 7, "balls": 4, "wickets": 1}, "007113d7": {"runs": 2, "balls": 4, "wickets": 0}, "1c1bb0d5": {"runs": 4, "balls": 6, "wickets": 0}, "f83b77f9": {"runs": 4, "balls": 6, "wickets": 0}, "9960a421": {"runs": 2, "balls": 2, "wickets": 0}, "8e9d3dc4": {"runs": 1, "balls": 4, "wickets": 1}}, "fifties": 0, "thirties": 0, "centuries": 0, "maidens": 1.0, "hattricks": 0, "club_ODI_previous3_runs": [], "club_ODI_previous3_wickets": [], "club_ODI_previous3_balls played": [], "club_ODI_previous3_overs": [], "club_ODI_previous3_runs gave": [], "club_ODI_lifetime_runs": 0.0, "club_ODI_lifetime_wickets": 0.0, "club_ODI_lifetime_balls played": 0.0, "club_ODI_lifetime_overs": 0.0, "club_ODI_lifetime_runs gave": 0.0, "club_Test_previous3_runs": [], "club_Test_previous3_wickets": [], "club_Test_previous3_balls played": [], "club_Test_previous3_overs": [], "club_Test_previous3_runs gave": [], "club_Test_lifetime_runs": 0.0, "club_Test_lifetime_wickets": 0.0, "club_Test_lifetime_balls played": 0.0, "club_Test_lifetime_overs": 0.0, "club_Test_lifetime_runs gave": 0.0, "club_T20_previous3_runs": [], "club_T20_previous3_wickets": [], "club_T20_previous3_balls played": [], "club_T20_previous3_overs": [], "club_T20_previous3_runs gave": [], "club_T20_lifetime_runs": 0.0, "club_T20_lifetime_wickets": 0.0, "club_T20_lifetime_balls played": 0.0, "club_T20_lifetime_overs": 0.0, "club_T20_lifetime_runs gave": 0.0, "international_ODI_previous3_runs": [], "international_ODI_previous3_wickets": [], "international_ODI_previous3_balls played": [], "international_ODI_previous3_overs": [], "international_ODI_previous3_runs gave": [], "international_ODI_lifetime_runs": 0.0, "international_ODI_lifetime_wickets": 0.0, "international_ODI_lifetime_balls played": 0.0, "international_ODI_lifetime_overs": 0.0, "international_ODI_lifetime_runs gave": 0.0, "international_Test_previous3_runs": [], "international_Test_previous3_wickets": [], "international_Test_previous3_balls played": [], "international_Test_previous3_overs": [], "international_Test_previous3_runs gave": [], "international_Test_lifetime_runs": 0.0, "international_Test_lifetime_wickets": 0.0, "international_Test_lifetime_balls played": 0.0, "international_Test_lifetime_overs": 0.0, "international_Test_lifetime_runs gave": 0.0, "international_T20_previous3_runs": [9.0, 5.0, 6.0], "international_T20_previous3_wickets": [2.0, 1.0, 0.0], "international_T20_previous3_balls played": [8.0, 7.0, 12.0], "international_T20_previous3_overs": [3.1666666666666665, 3.0, 3.0], "international_T20_previous3_runs gave": [25.0, 32.0, 30.0], "international_T20_lifetime_runs": 23.0, "international_T20_lifetime_wickets": 5.0, "international_T20_lifetime_balls played": 30.0, "international_T20_lifetime_overs": 12.166666666666666, "international_T20_lifetime_runs gave": 101.0}