{"played_against": {"e1055803": {"runs": 9, "balls": 10, "wickets": 0}, "cbd91942": {"runs": 6, "balls": 14, "wickets": 1}, "3dab8f3f": {"runs": 5, "balls": 4, "wickets": 0}, "93535719": {"runs": 6, "balls": 6, "wickets": 0}, "fb27d38c": {"runs": 0, "balls": 1, "wickets": 1}}, "fifties": 0, "thirties": 0, "centuries": 0, "maidens": 2.0, "hattricks": 1, "club_ODI_previous3_runs": [], "club_ODI_previous3_wickets": [], "club_ODI_previous3_balls played": [], "club_ODI_previous3_overs": [], "club_ODI_previous3_runs gave": [], "club_ODI_lifetime_runs": 0.0, "club_ODI_lifetime_wickets": 0.0, "club_ODI_lifetime_balls played": 0.0, "club_ODI_lifetime_overs": 0.0, "club_ODI_lifetime_runs gave": 0.0, "club_Test_previous3_runs": [], "club_Test_previous3_wickets": [], "club_Test_previous3_balls played": [], "club_Test_previous3_overs": [], "club_Test_previous3_runs gave": [], "club_Test_lifetime_runs": 0.0, "club_Test_lifetime_wickets": 0.0, "club_Test_lifetime_balls played": 0.0, "club_Test_lifetime_overs": 0.0, "club_Test_lifetime_runs gave": 0.0, "club_T20_previous3_runs": [], "club_T20_previous3_wickets": [], "club_T20_previous3_balls played": [], "club_T20_previous3_overs": [], "club_T20_previous3_runs gave": [], "club_T20_lifetime_runs": 0.0, "club_T20_lifetime_wickets": 0.0, "club_T20_lifetime_balls played": 0.0, "club_T20_lifetime_overs": 0.0, "club_T20_lifetime_runs gave": 0.0, "international_ODI_previous3_runs": [20.0, 6.0], "international_ODI_previous3_wickets": [3.0, 0.0], "international_ODI_previous3_balls played": [28.0, 7.0], "international_ODI_previous3_overs": [9.0, 0.0], "international_ODI_previous3_runs gave": [35.0, 0.0], "international_ODI_lifetime_runs": 26.0, "international_ODI_lifetime_wickets": 3.0, "international_ODI_lifetime_balls played": 35.0, "international_ODI_lifetime_overs": 9.0, "international_ODI_lifetime_runs gave": 35.0, "international_Test_previous3_runs": [], "international_Test_previous3_wickets": [], "international_Test_previous3_balls played": [], "international_Test_previous3_overs": [], "international_Test_previous3_runs gave": [], "international_Test_lifetime_runs": 0.0, "international_Test_lifetime_wickets": 0.0, "international_Test_lifetime_balls played": 0.0, "international_Test_lifetime_overs": 0.0, "international_Test_lifetime_runs gave": 0.0, "international_T20_previous3_runs": [], "international_T20_previous3_wickets": [], "international_T20_previous3_balls played": [], "international_T20_previous3_overs": [], "international_T20_previous3_runs gave": [], "international_T20_lifetime_runs": 0.0, "international_T20_lifetime_wickets": 0.0, "international_T20_lifetime_balls played": 0.0, "international_T20_lifetime_overs": 0.0, "international_T20_lifetime_runs gave": 0.0}