{"played_against": {"3b6665bf": {"runs": 1, "balls": 4, "wickets": 1}, "d0c5dad4": {"runs": 10, "balls": 10, "wickets": 0}, "2c2013a9": {"runs": 9, "balls": 7, "wickets": 0}, "98d05440": {"runs": 14, "balls": 26, "wickets": 2}, "2d8aae2f": {"runs": 1, "balls": 3, "wickets": 0}, "1d6e8f52": {"runs": 10, "balls": 5, "wickets": 0}, "e21ef7ec": {"runs": 2, "balls": 6, "wickets": 0}, "e52eb657": {"runs": 13, "balls": 4, "wickets": 0}, "04cf2e94": {"runs": 6, "balls": 3, "wickets": 1}, "0e6a5cfa": {"runs": 8, "balls": 5, "wickets": 0}, "c573d173": {"runs": 0, "balls": 2, "wickets": 1}, "34464143": {"runs": 1, "balls": 3, "wickets": 0}, "7ecb9a14": {"runs": 2, "balls": 6, "wickets": 0}, "3748955d": {"runs": 11, "balls": 10, "wickets": 0}, "535ad39e": {"runs": 5, "balls": 8, "wickets": 0}, "1adb8ee8": {"runs": 23, "balls": 23, "wickets": 1}, "12c3ba4d": {"runs": 10, "balls": 23, "wickets": 2}, "4861d29b": {"runs": 1, "balls": 6, "wickets": 0}, "4c7df2c8": {"runs": 0, "balls": 1, "wickets": 0}, "5f5ca1a7": {"runs": 4, "balls": 12, "wickets": 0}, "f6c2659d": {"runs": 6, "balls": 8, "wickets": 0}, "5c124657": {"runs": 1, "balls": 3, "wickets": 1}, "80089b3a": {"runs": 0, "balls": 2, "wickets": 1}, "928baf6b": {"runs": 1, "balls": 3, "wickets": 0}, "e27cff77": {"runs": 1, "balls": 4, "wickets": 0}, "48f25627": {"runs": 13, "balls": 19, "wickets": 1}, "3cd10113": {"runs": 1, "balls": 4, "wickets": 0}, "8a3756a0": {"runs": 0, "balls": 1, "wickets": 1}, "3528b8dd": {"runs": 5, "balls": 2, "wickets": 0}, "ed7bdfec": {"runs": 10, "balls": 4, "wickets": 0}, "b7ccb3c9": {"runs": 8, "balls": 3, "wickets": 0}, "658c2e71": {"runs": 9, "balls": 4, "wickets": 0}, "235fb973": {"runs": 1, "balls": 4, "wickets": 1}, "eff8b730": {"runs": 1, "balls": 2, "wickets": 0}, "681af475": {"runs": 3, "balls": 4, "wickets": 0}, "b858be20": {"runs": 1, "balls": 1, "wickets": 0}, "488f6d91": {"runs": 7, "balls": 7, "wickets": 0}, "a2ec22d2": {"runs": 5, "balls": 6, "wickets": 0}, "edf3773b": {"runs": 12, "balls": 17, "wickets": 1}, "1f3e6df4": {"runs": 1, "balls": 4, "wickets": 0}, "e3eb9e46": {"runs": 7, "balls": 4, "wickets": 0}, "a2eac9df": {"runs": 3, "balls": 2, "wickets": 0}, "7fa12533": {"runs": 2, "balls": 3, "wickets": 0}, "023f6b02": {"runs": 4, "balls": 5, "wickets": 1}, "b56f5b6f": {"runs": 5, "balls": 5, "wickets": 0}, "95fcbfb7": {"runs": 3, "balls": 13, "wickets": 0}, "363fe2d5": {"runs": 13, "balls": 16, "wickets": 0}, "1676b2d6": {"runs": 6, "balls": 9, "wickets": 0}, "fb4c5ea5": {"runs": 1, "balls": 3, "wickets": 0}, "1417ba2f": {"runs": 4, "balls": 9, "wickets": 0}, "6d2dac56": {"runs": 16, "balls": 8, "wickets": 0}, "50717bc4": {"runs": 6, "balls": 4, "wickets": 0}, "59cc6b79": {"runs": 10, "balls": 7, "wickets": 0}, "2b7609f1": {"runs": 28, "balls": 31, "wickets": 0}, "e77e96de": {"runs": 23, "balls": 17, "wickets": 1}, "3c4007d3": {"runs": 1, "balls": 2, "wickets": 0}, "4add4c98": {"runs": 27, "balls": 13, "wickets": 0}, "7c885103": {"runs": 1, "balls": 3, "wickets": 0}, "1579d497": {"runs": 13, "balls": 9, "wickets": 0}, "b426ff49": {"runs": 2, "balls": 2, "wickets": 0}, "c024db94": {"runs": 0, "balls": 1, "wickets": 1}, "119007ef": {"runs": 5, "balls": 6, "wickets": 0}, "fcec4285": {"runs": 8, "balls": 6, "wickets": 0}, "33e72826": {"runs": 2, "balls": 5, "wickets": 0}, "55e0d2a1": {"runs": 0, "balls": 0, "wickets": 0}, "61340099": {"runs": 0, "balls": 4, "wickets": 0}, "a7d4a5e9": {"runs": 5, "balls": 4, "wickets": 0}, "44c69e2b": {"runs": 14, "balls": 12, "wickets": 1}, "c53500ba": {"runs": 7, "balls": 4, "wickets": 0}, "797f52cc": {"runs": 9, "balls": 3, "wickets": 0}, "9025e58f": {"runs": 4, "balls": 5, "wickets": 0}, "e258a603": {"runs": 5, "balls": 18, "wickets": 1}, "f28a60e0": {"runs": 15, "balls": 15, "wickets": 0}, "7bf34437": {"runs": 1, "balls": 2, "wickets": 0}, "3a026eb4": {"runs": 2, "balls": 2, "wickets": 0}, "f33cfd25": {"runs": 1, "balls": 10, "wickets": 0}, "dc67d315": {"runs": 4, "balls": 3, "wickets": 0}, "87e33d07": {"runs": 20, "balls": 10, "wickets": 1}, "269cc4ff": {"runs": 3, "balls": 6, "wickets": 0}, "1a9e9efe": {"runs": 1, "balls": 2, "wickets": 0}, "479da8f9": {"runs": 11, "balls": 8, "wickets": 0}, "c498c510": {"runs": 3, "balls": 3, "wickets": 0}, "a22b4f3f": {"runs": 12, "balls": 8, "wickets": 1}, "af19aa66": {"runs": 1, "balls": 5, "wickets": 1}, "3b282e51": {"runs": 6, "balls": 9, "wickets": 0}, "b0f2d3bd": {"runs": 6, "balls": 17, "wickets": 0}, "498aacac": {"runs": 5, "balls": 7, "wickets": 0}, "8de618ab": {"runs": 1, "balls": 5, "wickets": 1}, "6d2b9724": {"runs": 1, "balls": 2, "wickets": 0}, "bceb1b07": {"runs": 11, "balls": 11, "wickets": 0}, "e1592949": {"runs": 18, "balls": 16, "wickets": 0}, "ae624b05": {"runs": 2, "balls": 4, "wickets": 1}, "7f6c2dae": {"runs": 8, "balls": 7, "wickets": 0}, "4e1b7998": {"runs": 4, "balls": 7, "wickets": 0}, "ff722bc8": {"runs": 7, "balls": 5, "wickets": 0}, "0f652c21": {"runs": 2, "balls": 2, "wickets": 0}, "de896b79": {"runs": 8, "balls": 9, "wickets": 0}, "7fc8bb18": {"runs": 31, "balls": 20, "wickets": 1}, "f20e7aac": {"runs": 12, "balls": 7, "wickets": 0}, "dfa6db1a": {"runs": 4, "balls": 8, "wickets": 2}, "44e00a4c": {"runs": 15, "balls": 7, "wickets": 0}, "f53b3e1d": {"runs": 6, "balls": 3, "wickets": 0}, "b410bd3d": {"runs": 6, "balls": 8, "wickets": 2}, "6ad2d5f7": {"runs": 13, "balls": 13, "wickets": 0}, "1747ea18": {"runs": 10, "balls": 6, "wickets": 0}, "1eb5affb": {"runs": 0, "balls": 1, "wickets": 1}, "3883402f": {"runs": 1, "balls": 3, "wickets": 0}, "e440caab": {"runs": 18, "balls": 6, "wickets": 0}, "39431db7": {"runs": 11, "balls": 7, "wickets": 0}, "b3540b2a": {"runs": 4, "balls": 7, "wickets": 0}, "25ef10a2": {"runs": 7, "balls": 5, "wickets": 0}, "5d77a96a": {"runs": 7, "balls": 6, "wickets": 0}, "a9ddd37d": {"runs": 4, "balls": 5, "wickets": 0}, "44f5a3e4": {"runs": 0, "balls": 1, "wickets": 1}, "64fb6b15": {"runs": 9, "balls": 7, "wickets": 0}, "0e34c23a": {"runs": 15, "balls": 8, "wickets": 0}, "bfe33045": {"runs": 12, "balls": 8, "wickets": 0}, "20481563": {"runs": 8, "balls": 5, "wickets": 0}, "f310704c": {"runs": 3, "balls": 5, "wickets": 1}, "dd5a9067": {"runs": 10, "balls": 7, "wickets": 1}, "f092b4c7": {"runs": 2, "balls": 2, "wickets": 0}, "856cbb1e": {"runs": 9, "balls": 4, "wickets": 0}, "7bb926a7": {"runs": 15, "balls": 6, "wickets": 0}, "b9fd3959": {"runs": 10, "balls": 6, "wickets": 0}, "6adabee6": {"runs": 2, "balls": 4, "wickets": 1}, "38189be1": {"runs": 0, "balls": 4, "wickets": 0}, "d981a1de": {"runs": 0, "balls": 3, "wickets": 1}, "95c434f7": {"runs": 8, "balls": 12, "wickets": 0}, "f8c72766": {"runs": 5, "balls": 8, "wickets": 1}, "62141a22": {"runs": 1, "balls": 3, "wickets": 0}, "d482c8b8": {"runs": 0, "balls": 4, "wickets": 1}, "13bc54a8": {"runs": 9, "balls": 10, "wickets": 0}, "8f1e023f": {"runs": 4, "balls": 4, "wickets": 0}, "abbdca1a": {"runs": 0, "balls": 3, "wickets": 1}, "cdd9fa95": {"runs": 6, "balls": 5, "wickets": 0}, "95d3c4a6": {"runs": 1, "balls": 1, "wickets": 0}, "3a7ea906": {"runs": 2, "balls": 2, "wickets": 0}}, "fifties": 0, "thirties": 12, "centuries": 0, "maidens": 0.0, "hattricks": 0, "club_ODI_previous3_runs": [], "club_ODI_previous3_wickets": [], "club_ODI_previous3_balls played": [], "club_ODI_previous3_overs": [], "club_ODI_previous3_runs gave": [], "club_ODI_lifetime_runs": 0.0, "club_ODI_lifetime_wickets": 0.0, "club_ODI_lifetime_balls played": 0.0, "club_ODI_lifetime_overs": 0.0, "club_ODI_lifetime_runs gave": 0.0, "club_Test_previous3_runs": [], "club_Test_previous3_wickets": [], "club_Test_previous3_balls played": [], "club_Test_previous3_overs": [], "club_Test_previous3_runs gave": [], "club_Test_lifetime_runs": 0.0, "club_Test_lifetime_wickets": 0.0, "club_Test_lifetime_balls played": 0.0, "club_Test_lifetime_overs": 0.0, "club_Test_lifetime_runs gave": 0.0, "club_T20_previous3_runs": [], "club_T20_previous3_wickets": [], "club_T20_previous3_balls played": [], "club_T20_previous3_overs": [], "club_T20_previous3_runs gave": [], "club_T20_lifetime_runs": 0.0, "club_T20_lifetime_wickets": 0.0, "club_T20_lifetime_balls played": 0.0, "club_T20_lifetime_overs": 0.0, "club_T20_lifetime_runs gave": 0.0, "international_ODI_previous3_runs": [1.0, 24.0, 0.0], "international_ODI_previous3_wickets": [0.0, 0.0, 0.0], "international_ODI_previous3_balls played": [7.0, 26.0, 1.0], "international_ODI_previous3_overs": [0.0, 0.0, 0.0], "international_ODI_previous3_runs gave": [0.0, 0.0, 0.0], "international_ODI_lifetime_runs": 482.0, "international_ODI_lifetime_wickets": 0.0, "international_ODI_lifetime_balls played": 596.0, "international_ODI_lifetime_overs": 0.0, "international_ODI_lifetime_runs gave": 0.0, "international_Test_previous3_runs": [], "international_Test_previous3_wickets": [], "international_Test_previous3_balls played": [], "international_Test_previous3_overs": [], "international_Test_previous3_runs gave": [], "international_Test_lifetime_runs": 0.0, "international_Test_lifetime_wickets": 0.0, "international_Test_lifetime_balls played": 0.0, "international_Test_lifetime_overs": 0.0, "international_Test_lifetime_runs gave": 0.0, "international_T20_previous3_runs": [0.0, 15.0, 3.0], "international_T20_previous3_wickets": [0.0, 0.0, 0.0], "international_T20_previous3_balls played": [3.0, 13.0, 3.0], "international_T20_previous3_overs": [0.0, 0.0, 0.0], "international_T20_previous3_runs gave": [0.0, 0.0, 0.0], "international_T20_lifetime_runs": 402.0, "international_T20_lifetime_wickets": 0.0, "international_T20_lifetime_balls played": 321.0, "international_T20_lifetime_overs": 0.0, "international_T20_lifetime_runs gave": 0.0}