{"played_against": {"4c72b407": {"runs": 34, "balls": 12, "wickets": 0}, "26f98ea3": {"runs": 1, "balls": 1, "wickets": 0}, "87a6f411": {"runs": 8, "balls": 6, "wickets": 0}, "6de4e430": {"runs": 30, "balls": 21, "wickets": 0}, "39e9f0c9": {"runs": 16, "balls": 13, "wickets": 1}, "eb40ed89": {"runs": 18, "balls": 17, "wickets": 0}, "1bdbf53b": {"runs": 6, "balls": 4, "wickets": 0}, "14e1fdab": {"runs": 8, "balls": 3, "wickets": 0}, "eb5aa5b9": {"runs": 2, "balls": 2, "wickets": 0}, "951686f5": {"runs": 10, "balls": 13, "wickets": 0}, "ec106638": {"runs": 9, "balls": 10, "wickets": 0}, "5360c9be": {"runs": 8, "balls": 8, "wickets": 0}, "ea2c0aff": {"runs": 2, "balls": 4, "wickets": 1}, "04855b85": {"runs": 0, "balls": 1, "wickets": 0}, "5152ab02": {"runs": 0, "balls": 2, "wickets": 0}, "e068d48e": {"runs": 2, "balls": 5, "wickets": 0}, "9c181b99": {"runs": 4, "balls": 6, "wickets": 0}, "98dae38e": {"runs": 11, "balls": 7, "wickets": 0}, "9244df4b": {"runs": 1, "balls": 1, "wickets": 0}, "f7cb7c3a": {"runs": 0, "balls": 3, "wickets": 1}, "4e3fd330": {"runs": 2, "balls": 2, "wickets": 0}, "faef026c": {"runs": 0, "balls": 2, "wickets": 0}, "eb0f2802": {"runs": 3, "balls": 2, "wickets": 0}, "20ac8219": {"runs": 8, "balls": 5, "wickets": 0}, "704e0160": {"runs": 1, "balls": 1, "wickets": 0}, "21526a38": {"runs": 7, "balls": 15, "wickets": 0}, "d85d52c2": {"runs": 10, "balls": 8, "wickets": 0}, "b857468a": {"runs": 8, "balls": 7, "wickets": 0}, "753ada66": {"runs": 16, "balls": 11, "wickets": 1}, "e8a552ef": {"runs": 6, "balls": 10, "wickets": 0}, "376557f7": {"runs": 5, "balls": 4, "wickets": 0}, "82623a3a": {"runs": 10, "balls": 9, "wickets": 0}, "63aa8148": {"runs": 1, "balls": 2, "wickets": 0}, "e00acf74": {"runs": 12, "balls": 8, "wickets": 1}, "e85bb4b3": {"runs": 9, "balls": 5, "wickets": 0}, "f97e4db3": {"runs": 0, "balls": 2, "wickets": 1}, "aea11d1d": {"runs": 1, "balls": 1, "wickets": 0}, "0b581ed6": {"runs": 0, "balls": 2, "wickets": 1}, "0996f198": {"runs": 7, "balls": 10, "wickets": 0}, "2809b390": {"runs": 4, "balls": 6, "wickets": 0}, "a768a762": {"runs": 1, "balls": 1, "wickets": 0}, "1c40f69f": {"runs": 5, "balls": 5, "wickets": 1}, "87e87dd2": {"runs": 3, "balls": 3, "wickets": 0}, "78a3ae4b": {"runs": 3, "balls": 4, "wickets": 0}, "3ec513ea": {"runs": 2, "balls": 2, "wickets": 0}, "96013995": {"runs": 14, "balls": 9, "wickets": 0}, "63bd7086": {"runs": 2, "balls": 2, "wickets": 0}}, "fifties": 0, "thirties": 3, "centuries": 0, "maidens": 1.0, "hattricks": 0, "club_ODI_previous3_runs": [], "club_ODI_previous3_wickets": [], "club_ODI_previous3_balls played": [], "club_ODI_previous3_overs": [], "club_ODI_previous3_runs gave": [], "club_ODI_lifetime_runs": 0.0, "club_ODI_lifetime_wickets": 0.0, "club_ODI_lifetime_balls played": 0.0, "club_ODI_lifetime_overs": 0.0, "club_ODI_lifetime_runs gave": 0.0, "club_Test_previous3_runs": [], "club_Test_previous3_wickets": [], "club_Test_previous3_balls played": [], "club_Test_previous3_overs": [], "club_Test_previous3_runs gave": [], "club_Test_lifetime_runs": 0.0, "club_Test_lifetime_wickets": 0.0, "club_Test_lifetime_balls played": 0.0, "club_Test_lifetime_overs": 0.0, "club_Test_lifetime_runs gave": 0.0, "club_T20_previous3_runs": [], "club_T20_previous3_wickets": [], "club_T20_previous3_balls played": [], "club_T20_previous3_overs": [], "club_T20_previous3_runs gave": [], "club_T20_lifetime_runs": 0.0, "club_T20_lifetime_wickets": 0.0, "club_T20_lifetime_balls played": 0.0, "club_T20_lifetime_overs": 0.0, "club_T20_lifetime_runs gave": 0.0, "international_ODI_previous3_runs": [], "international_ODI_previous3_wickets": [], "international_ODI_previous3_balls played": [], "international_ODI_previous3_overs": [], "international_ODI_previous3_runs gave": [], "international_ODI_lifetime_runs": 0.0, "international_ODI_lifetime_wickets": 0.0, "international_ODI_lifetime_balls played": 0.0, "international_ODI_lifetime_overs": 0.0, "international_ODI_lifetime_runs gave": 0.0, "international_Test_previous3_runs": [], "international_Test_previous3_wickets": [], "international_Test_previous3_balls played": [], "international_Test_previous3_overs": [], "international_Test_previous3_runs gave": [], "international_Test_lifetime_runs": 0.0, "international_Test_lifetime_wickets": 0.0, "international_Test_lifetime_balls played": 0.0, "international_Test_lifetime_overs": 0.0, "international_Test_lifetime_runs gave": 0.0, "international_T20_previous3_runs": [1.0, 20.0, 21.0], "international_T20_previous3_wickets": [0.0, 1.0, 0.0], "international_T20_previous3_balls played": [3.0, 26.0, 17.0], "international_T20_previous3_overs": [0.0, 2.0, 3.0], "international_T20_previous3_runs gave": [0.0, 12.0, 16.0], "international_T20_lifetime_runs": 310.0, "international_T20_lifetime_wickets": 5.0, "international_T20_lifetime_balls played": 280.0, "international_T20_lifetime_overs": 31.833333333333332, "international_T20_lifetime_runs gave": 266.0}