{"played_against": {"c9945bdf": {"runs": 8, "balls": 8, "wickets": 0}, "33b3d2df": {"runs": 17, "balls": 15, "wickets": 2}, "99cddc5e": {"runs": 9, "balls": 9, "wickets": 0}, "af28816c": {"runs": 19, "balls": 17, "wickets": 1}, "8ff85f5c": {"runs": 66, "balls": 57, "wickets": 2}, "fc55ec67": {"runs": 34, "balls": 45, "wickets": 5}, "6be7b49d": {"runs": 3, "balls": 6, "wickets": 1}, "6232e1ed": {"runs": 2, "balls": 2, "wickets": 0}, "1a448be0": {"runs": 32, "balls": 27, "wickets": 1}, "4ec96094": {"runs": 24, "balls": 9, "wickets": 0}, "0f9c9d1d": {"runs": 26, "balls": 26, "wickets": 1}, "415e5c01": {"runs": 6, "balls": 3, "wickets": 1}, "bd0a4a7d": {"runs": 5, "balls": 3, "wickets": 1}, "96d56d32": {"runs": 35, "balls": 32, "wickets": 1}, "e3fe4b49": {"runs": 34, "balls": 22, "wickets": 0}, "a7750ab4": {"runs": 3, "balls": 4, "wickets": 0}, "e957b38f": {"runs": 17, "balls": 31, "wickets": 1}, "b4402d8a": {"runs": 35, "balls": 40, "wickets": 3}, "25550d06": {"runs": 33, "balls": 51, "wickets": 2}, "7afc806f": {"runs": 11, "balls": 23, "wickets": 0}, "574b4c01": {"runs": 3, "balls": 5, "wickets": 0}, "20f9e6b1": {"runs": 12, "balls": 19, "wickets": 1}, "05f85159": {"runs": 53, "balls": 36, "wickets": 1}, "478a63e7": {"runs": 21, "balls": 13, "wickets": 0}, "9aedf23b": {"runs": 48, "balls": 36, "wickets": 2}, "14e801aa": {"runs": 36, "balls": 30, "wickets": 2}, "2c54c49b": {"runs": 43, "balls": 20, "wickets": 0}, "26782b4e": {"runs": 14, "balls": 21, "wickets": 0}, "8eb2e2e6": {"runs": 138, "balls": 78, "wickets": 2}, "70f2f922": {"runs": 22, "balls": 13, "wickets": 0}, "d26de4de": {"runs": 0, "balls": 1, "wickets": 0}, "b0f2d3bd": {"runs": 5, "balls": 4, "wickets": 0}, "103431a3": {"runs": 6, "balls": 4, "wickets": 1}, "055328c3": {"runs": 3, "balls": 2, "wickets": 0}, "806f03dd": {"runs": 14, "balls": 6, "wickets": 0}, "724cecd0": {"runs": 15, "balls": 10, "wickets": 1}, "5d6364f0": {"runs": 6, "balls": 7, "wickets": 0}, "b6657cbe": {"runs": 5, "balls": 4, "wickets": 0}, "73643cd2": {"runs": 5, "balls": 6, "wickets": 1}, "36c5b043": {"runs": 4, "balls": 4, "wickets": 0}, "f3b158d9": {"runs": 20, "balls": 8, "wickets": 0}}, "fifties": 0, "thirties": 12, "centuries": 0, "maidens": 0.0, "hattricks": 0, "club_ODI_previous3_runs": [32.0, 12.0, 2.0], "club_ODI_previous3_wickets": [0.0, 0.0, 0.0], "club_ODI_previous3_balls played": [17.0, 10.0, 9.0], "club_ODI_previous3_overs": [0.0, 0.0, 0.0], "club_ODI_previous3_runs gave": [0.0, 0.0, 0.0], "club_ODI_lifetime_runs": 250.0, "club_ODI_lifetime_wickets": 0.0, "club_ODI_lifetime_balls played": 338.0, "club_ODI_lifetime_overs": 1.0, "club_ODI_lifetime_runs gave": 13.0, "club_Test_previous3_runs": [], "club_Test_previous3_wickets": [], "club_Test_previous3_balls played": [], "club_Test_previous3_overs": [], "club_Test_previous3_runs gave": [], "club_Test_lifetime_runs": 0.0, "club_Test_lifetime_wickets": 0.0, "club_Test_lifetime_balls played": 0.0, "club_Test_lifetime_overs": 0.0, "club_Test_lifetime_runs gave": 0.0, "club_T20_previous3_runs": [20.0, 0.0, 34.0], "club_T20_previous3_wickets": [0.0, 0.0, 0.0], "club_T20_previous3_balls played": [12.0, 2.0, 19.0], "club_T20_previous3_overs": [0.0, 0.0, 0.0], "club_T20_previous3_runs gave": [0.0, 0.0, 0.0], "club_T20_lifetime_runs": 642.0, "club_T20_lifetime_wickets": 0.0, "club_T20_lifetime_balls played": 430.0, "club_T20_lifetime_overs": 0.0, "club_T20_lifetime_runs gave": 0.0, "international_ODI_previous3_runs": [], "international_ODI_previous3_wickets": [], "international_ODI_previous3_balls played": [], "international_ODI_previous3_overs": [], "international_ODI_previous3_runs gave": [], "international_ODI_lifetime_runs": 0.0, "international_ODI_lifetime_wickets": 0.0, "international_ODI_lifetime_balls played": 0.0, "international_ODI_lifetime_overs": 0.0, "international_ODI_lifetime_runs gave": 0.0, "international_Test_previous3_runs": [], "international_Test_previous3_wickets": [], "international_Test_previous3_balls played": [], "international_Test_previous3_overs": [], "international_Test_previous3_runs gave": [], "international_Test_lifetime_runs": 0.0, "international_Test_lifetime_wickets": 0.0, "international_Test_lifetime_balls played": 0.0, "international_Test_lifetime_overs": 0.0, "international_Test_lifetime_runs gave": 0.0, "international_T20_previous3_runs": [], "international_T20_previous3_wickets": [], "international_T20_previous3_balls played": [], "international_T20_previous3_overs": [], "international_T20_previous3_runs gave": [], "international_T20_lifetime_runs": 0.0, "international_T20_lifetime_wickets": 0.0, "international_T20_lifetime_balls played": 0.0, "international_T20_lifetime_overs": 0.0, "international_T20_lifetime_runs gave": 0.0}