{"played_against": {"818e8bf2": {"runs": 1, "balls": 4, "wickets": 0}, "a386e91b": {"runs": 1, "balls": 3, "wickets": 0}, "e97aefe2": {"runs": 5, "balls": 3, "wickets": 0}, "d12143bf": {"runs": 1, "balls": 3, "wickets": 1}, "a7c226e1": {"runs": 0, "balls": 4, "wickets": 0}, "87e562a9": {"runs": 2, "balls": 4, "wickets": 1}, "86dc8f2e": {"runs": 17, "balls": 10, "wickets": 0}, "88fccd6c": {"runs": 16, "balls": 12, "wickets": 2}, "20a941bb": {"runs": 11, "balls": 4, "wickets": 0}, "2503e881": {"runs": 0, "balls": 1, "wickets": 0}, "090f9211": {"runs": 1, "balls": 1, "wickets": 0}, "e186f49c": {"runs": 0, "balls": 4, "wickets": 0}, "d2a989fc": {"runs": 4, "balls": 1, "wickets": 0}, "b2b50355": {"runs": 0, "balls": 1, "wickets": 1}}, "fifties": 0, "thirties": 1, "centuries": 0, "maidens": 18.0, "hattricks": 1, "club_ODI_previous3_runs": [], "club_ODI_previous3_wickets": [], "club_ODI_previous3_balls played": [], "club_ODI_previous3_overs": [], "club_ODI_previous3_runs gave": [], "club_ODI_lifetime_runs": 0.0, "club_ODI_lifetime_wickets": 0.0, "club_ODI_lifetime_balls played": 0.0, "club_ODI_lifetime_overs": 0.0, "club_ODI_lifetime_runs gave": 0.0, "club_Test_previous3_runs": [], "club_Test_previous3_wickets": [], "club_Test_previous3_balls played": [], "club_Test_previous3_overs": [], "club_Test_previous3_runs gave": [], "club_Test_lifetime_runs": 0.0, "club_Test_lifetime_wickets": 0.0, "club_Test_lifetime_balls played": 0.0, "club_Test_lifetime_overs": 0.0, "club_Test_lifetime_runs gave": 0.0, "club_T20_previous3_runs": [0.0, 0.0, 0.0], "club_T20_previous3_wickets": [0.0, 0.0, 0.0], "club_T20_previous3_balls played": [0.0, 0.0, 0.0], "club_T20_previous3_overs": [4.0, 2.0, 3.0], "club_T20_previous3_runs gave": [19.0, 36.0, 41.0], "club_T20_lifetime_runs": 4.0, "club_T20_lifetime_wickets": 12.0, "club_T20_lifetime_balls played": 2.0, "club_T20_lifetime_overs": 59.5, "club_T20_lifetime_runs gave": 549.0, "international_ODI_previous3_runs": [8.0, 0.0], "international_ODI_previous3_wickets": [0.0, 0.0], "international_ODI_previous3_balls played": [13.0, 0.0], "international_ODI_previous3_overs": [5.0, 7.0], "international_ODI_previous3_runs gave": [33.0, 73.0], "international_ODI_lifetime_runs": 8.0, "international_ODI_lifetime_wickets": 0.0, "international_ODI_lifetime_balls played": 13.0, "international_ODI_lifetime_overs": 12.0, "international_ODI_lifetime_runs gave": 106.0, "international_Test_previous3_runs": [40.0, 4.0, 1.0], "international_Test_previous3_wickets": [1.0, 2.0, 2.0], "international_Test_previous3_balls played": [23.0, 5.0, 5.0], "international_Test_previous3_overs": [21.166666666666668, 22.833333333333332, 20.333333333333336], "international_Test_previous3_runs gave": [80.0, 130.0, 70.0], "international_Test_lifetime_runs": 47.0, "international_Test_lifetime_wickets": 7.0, "international_Test_lifetime_balls played": 41.0, "international_Test_lifetime_overs": 111.16666666666666, "international_Test_lifetime_runs gave": 438.0, "international_T20_previous3_runs": [], "international_T20_previous3_wickets": [], "international_T20_previous3_balls played": [], "international_T20_previous3_overs": [], "international_T20_previous3_runs gave": [], "international_T20_lifetime_runs": 0.0, "international_T20_lifetime_wickets": 0.0, "international_T20_lifetime_balls played": 0.0, "international_T20_lifetime_overs": 0.0, "international_T20_lifetime_runs gave": 0.0}