{"played_against": {"dc0f5506": {"runs": 31, "balls": 31, "wickets": 0}, "fcbf5a30": {"runs": 12, "balls": 10, "wickets": 0}, "60dd8960": {"runs": 41, "balls": 57, "wickets": 0}, "a386e91b": {"runs": 52, "balls": 48, "wickets": 0}, "a4af4849": {"runs": 35, "balls": 56, "wickets": 1}, "c16d2e28": {"runs": 26, "balls": 44, "wickets": 0}, "6e1b1ec0": {"runs": 18, "balls": 28, "wickets": 0}, "2e0fcc58": {"runs": 15, "balls": 14, "wickets": 0}, "e7ba1233": {"runs": 14, "balls": 15, "wickets": 0}, "f17971df": {"runs": 21, "balls": 20, "wickets": 0}, "3b417422": {"runs": 6, "balls": 3, "wickets": 0}, "9de271ef": {"runs": 17, "balls": 25, "wickets": 0}, "49691d7a": {"runs": 23, "balls": 30, "wickets": 1}, "21bf71ab": {"runs": 2, "balls": 9, "wickets": 0}, "afe57f7a": {"runs": 9, "balls": 17, "wickets": 0}, "36fc8d18": {"runs": 9, "balls": 12, "wickets": 0}, "80ec5dfd": {"runs": 30, "balls": 36, "wickets": 0}, "9f0270e0": {"runs": 43, "balls": 60, "wickets": 0}, "37f501d7": {"runs": 14, "balls": 25, "wickets": 0}, "d2babdd5": {"runs": 24, "balls": 58, "wickets": 0}, "53597be1": {"runs": 5, "balls": 4, "wickets": 0}, "db584dad": {"runs": 11, "balls": 93, "wickets": 2}, "20fbf68c": {"runs": 2, "balls": 5, "wickets": 0}, "83904270": {"runs": 142, "balls": 201, "wickets": 1}, "a7c226e1": {"runs": 67, "balls": 97, "wickets": 1}, "87e562a9": {"runs": 84, "balls": 220, "wickets": 1}, "60beb01b": {"runs": 0, "balls": 7, "wickets": 0}, "caf1b14c": {"runs": 16, "balls": 31, "wickets": 0}, "db767b89": {"runs": 26, "balls": 27, "wickets": 0}, "30e48600": {"runs": 11, "balls": 26, "wickets": 0}, "36d33dd0": {"runs": 1, "balls": 1, "wickets": 0}, "91a4a398": {"runs": 102, "balls": 221, "wickets": 2}, "10a91f35": {"runs": 12, "balls": 14, "wickets": 1}, "96fd40ae": {"runs": 11, "balls": 20, "wickets": 0}, "390ff45b": {"runs": 10, "balls": 9, "wickets": 0}, "0c2730df": {"runs": 116, "balls": 252, "wickets": 4}, "4ba44e19": {"runs": 116, "balls": 261, "wickets": 3}, "0dc00542": {"runs": 27, "balls": 38, "wickets": 1}, "525c3f54": {"runs": 55, "balls": 68, "wickets": 2}, "99639abf": {"runs": 7, "balls": 15, "wickets": 0}, "f5821615": {"runs": 53, "balls": 158, "wickets": 1}, "57efa3be": {"runs": 37, "balls": 68, "wickets": 0}, "d7c6af50": {"runs": 91, "balls": 200, "wickets": 1}, "cf73ad76": {"runs": 57, "balls": 85, "wickets": 1}, "c3d1402f": {"runs": 6, "balls": 26, "wickets": 0}, "8b5b6769": {"runs": 91, "balls": 268, "wickets": 4}, "5fa06777": {"runs": 8, "balls": 16, "wickets": 0}, "8ba8195d": {"runs": 36, "balls": 107, "wickets": 0}, "d2c2b2d5": {"runs": 9, "balls": 31, "wickets": 0}, "abfeb126": {"runs": 2, "balls": 3, "wickets": 0}, "fa463154": {"runs": 0, "balls": 6, "wickets": 0}, "dd09ff8e": {"runs": 60, "balls": 159, "wickets": 3}, "60dac349": {"runs": 49, "balls": 100, "wickets": 1}, "bb18be76": {"runs": 111, "balls": 258, "wickets": 4}, "bd77eb62": {"runs": 53, "balls": 121, "wickets": 0}, "ee7d0c82": {"runs": 19, "balls": 61, "wickets": 3}, "48fd7349": {"runs": 11, "balls": 19, "wickets": 0}, "4c61a0f9": {"runs": 4, "balls": 5, "wickets": 0}, "a3bfec5d": {"runs": 56, "balls": 145, "wickets": 2}, "2498e163": {"runs": 10, "balls": 21, "wickets": 0}, "469ea22b": {"runs": 13, "balls": 13, "wickets": 0}, "5bdcdb72": {"runs": 28, "balls": 48, "wickets": 0}, "f6b5d11a": {"runs": 4, "balls": 12, "wickets": 0}, "4fc516bd": {"runs": 13, "balls": 25, "wickets": 2}, "f708a0bc": {"runs": 29, "balls": 45, "wickets": 1}, "bcce309e": {"runs": 18, "balls": 33, "wickets": 0}, "8d6a0fbc": {"runs": 9, "balls": 12, "wickets": 0}, "342d8ade": {"runs": 13, "balls": 39, "wickets": 1}, "8d0ea930": {"runs": 39, "balls": 67, "wickets": 0}, "7fb32e5b": {"runs": 20, "balls": 44, "wickets": 1}, "05e0fab5": {"runs": 32, "balls": 93, "wickets": 1}, "3eac9d95": {"runs": 23, "balls": 83, "wickets": 0}, "ab89348d": {"runs": 15, "balls": 70, "wickets": 1}, "f233bbb4": {"runs": 24, "balls": 39, "wickets": 0}, "a12e1d51": {"runs": 17, "balls": 42, "wickets": 0}, "6b8eb6e5": {"runs": 106, "balls": 228, "wickets": 3}, "034b4b7d": {"runs": 44, "balls": 98, "wickets": 0}, "725529bc": {"runs": 5, "balls": 17, "wickets": 0}, "f0f628c7": {"runs": 10, "balls": 34, "wickets": 0}, "0be1b885": {"runs": 89, "balls": 322, "wickets": 3}, "68ddabdb": {"runs": 15, "balls": 30, "wickets": 1}, "480ed517": {"runs": 6, "balls": 10, "wickets": 0}, "e03b66ec": {"runs": 46, "balls": 92, "wickets": 0}, "53fa8a73": {"runs": 16, "balls": 17, "wickets": 0}, "9ab63e7b": {"runs": 40, "balls": 96, "wickets": 1}, "64c34cd0": {"runs": 22, "balls": 28, "wickets": 0}, "9a158001": {"runs": 0, "balls": 1, "wickets": 1}, "27159c6a": {"runs": 10, "balls": 13, "wickets": 1}, "46050f42": {"runs": 11, "balls": 10, "wickets": 0}, "29b89ae8": {"runs": 25, "balls": 31, "wickets": 2}, "d8e79af0": {"runs": 3, "balls": 7, "wickets": 0}, "c942a53b": {"runs": 20, "balls": 16, "wickets": 0}, "fa1aa7e7": {"runs": 3, "balls": 6, "wickets": 0}, "f27f89e8": {"runs": 5, "balls": 5, "wickets": 0}, "94edecfe": {"runs": 13, "balls": 6, "wickets": 0}, "888e32bf": {"runs": 1, "balls": 6, "wickets": 0}, "7ff3fcaa": {"runs": 19, "balls": 30, "wickets": 0}, "f5390243": {"runs": 7, "balls": 7, "wickets": 1}, "addfb70e": {"runs": 0, "balls": 1, "wickets": 0}, "16dfcc19": {"runs": 23, "balls": 56, "wickets": 0}, "d094e7d1": {"runs": 86, "balls": 192, "wickets": 2}, "78f34e15": {"runs": 6, "balls": 36, "wickets": 0}, "4f629497": {"runs": 0, "balls": 7, "wickets": 1}, "b61a3e1a": {"runs": 5, "balls": 13, "wickets": 0}, "7d7ab238": {"runs": 12, "balls": 12, "wickets": 1}, "4180d897": {"runs": 45, "balls": 89, "wickets": 1}, "f846de6a": {"runs": 37, "balls": 77, "wickets": 0}, "69362253": {"runs": 16, "balls": 49, "wickets": 0}, "c03c6200": {"runs": 16, "balls": 34, "wickets": 0}, "090f9211": {"runs": 68, "balls": 107, "wickets": 1}, "7dc35884": {"runs": 68, "balls": 95, "wickets": 0}, "e186f49c": {"runs": 39, "balls": 65, "wickets": 0}, "5bb1a1c4": {"runs": 43, "balls": 81, "wickets": 1}, "98ae73b1": {"runs": 3, "balls": 17, "wickets": 0}, "1c914163": {"runs": 3, "balls": 3, "wickets": 0}, "d12143bf": {"runs": 113, "balls": 244, "wickets": 5}, "5a37ec26": {"runs": 71, "balls": 159, "wickets": 0}, "eba6a852": {"runs": 92, "balls": 176, "wickets": 1}, "9dca07d7": {"runs": 41, "balls": 98, "wickets": 2}, "f41598c1": {"runs": 1, "balls": 4, "wickets": 0}, "ddc0828d": {"runs": 35, "balls": 99, "wickets": 1}, "3fe2db87": {"runs": 29, "balls": 51, "wickets": 1}, "39f01cdb": {"runs": 6, "balls": 8, "wickets": 0}, "5284c884": {"runs": 39, "balls": 67, "wickets": 0}, "86cd782f": {"runs": 29, "balls": 37, "wickets": 0}, "2bb09eb2": {"runs": 9, "balls": 7, "wickets": 0}, "f5180fe6": {"runs": 67, "balls": 70, "wickets": 0}, "f3171936": {"runs": 26, "balls": 57, "wickets": 1}, "bd93fea4": {"runs": 20, "balls": 81, "wickets": 0}, "6d62117a": {"runs": 48, "balls": 19, "wickets": 0}, "16043342": {"runs": 24, "balls": 75, "wickets": 0}, "c1f6c27e": {"runs": 36, "balls": 54, "wickets": 0}, "221ad9d9": {"runs": 0, "balls": 5, "wickets": 2}, "6b19d823": {"runs": 13, "balls": 29, "wickets": 0}, "d76b0d2d": {"runs": 43, "balls": 89, "wickets": 0}, "364ee2cf": {"runs": 60, "balls": 140, "wickets": 1}, "d69c9b12": {"runs": 3, "balls": 11, "wickets": 0}, "d68e7f48": {"runs": 4, "balls": 16, "wickets": 0}, "78eb4223": {"runs": 19, "balls": 47, "wickets": 0}, "67cae5dc": {"runs": 10, "balls": 11, "wickets": 0}, "33cb3411": {"runs": 1, "balls": 3, "wickets": 0}, "93f104b4": {"runs": 16, "balls": 18, "wickets": 0}, "4329fbb5": {"runs": 0, "balls": 1, "wickets": 0}, "ded9240e": {"runs": 7, "balls": 25, "wickets": 0}, "96a6a7ad": {"runs": 10, "balls": 18, "wickets": 1}, "d2fcce2f": {"runs": 20, "balls": 55, "wickets": 1}, "dd37da14": {"runs": 25, "balls": 34, "wickets": 0}, "0f12f9df": {"runs": 7, "balls": 23, "wickets": 0}, "896d78ad": {"runs": 0, "balls": 5, "wickets": 1}, "7955eb15": {"runs": 67, "balls": 71, "wickets": 1}, "cfe70281": {"runs": 15, "balls": 12, "wickets": 0}, "9c1ccdea": {"runs": 2, "balls": 3, "wickets": 1}, "537f5ab2": {"runs": 1, "balls": 2, "wickets": 0}, "3bf936e7": {"runs": 2, "balls": 4, "wickets": 0}, "fb66ce1f": {"runs": 29, "balls": 25, "wickets": 2}, "d83df855": {"runs": 1, "balls": 2, "wickets": 0}, "7f8ecc51": {"runs": 29, "balls": 24, "wickets": 1}, "77841dcc": {"runs": 6, "balls": 3, "wickets": 0}, "11614d87": {"runs": 3, "balls": 3, "wickets": 0}, "e01aafc1": {"runs": 14, "balls": 17, "wickets": 1}, "d3cc2954": {"runs": 19, "balls": 10, "wickets": 0}, "ffa15667": {"runs": 9, "balls": 8, "wickets": 0}, "1b05424f": {"runs": 1, "balls": 1, "wickets": 0}, "b0b320a0": {"runs": 2, "balls": 4, "wickets": 1}, "cca50cd6": {"runs": 11, "balls": 6, "wickets": 0}, "4aad78d3": {"runs": 6, "balls": 7, "wickets": 0}, "016e5101": {"runs": 25, "balls": 21, "wickets": 0}, "8b248d88": {"runs": 30, "balls": 29, "wickets": 0}, "a9da7784": {"runs": 33, "balls": 25, "wickets": 1}, "719c5146": {"runs": 14, "balls": 15, "wickets": 0}, "c404f58a": {"runs": 1, "balls": 7, "wickets": 1}, "64d43928": {"runs": 17, "balls": 11, "wickets": 0}, "b56dc5f7": {"runs": 17, "balls": 19, "wickets": 0}, "f277f531": {"runs": 8, "balls": 5, "wickets": 0}, "6821ac10": {"runs": 12, "balls": 18, "wickets": 1}, "c654af19": {"runs": 7, "balls": 4, "wickets": 0}, "994d9d36": {"runs": 3, "balls": 3, "wickets": 0}, "b552a935": {"runs": 25, "balls": 57, "wickets": 1}, "800b52dc": {"runs": 14, "balls": 11, "wickets": 0}, "c3d35165": {"runs": 6, "balls": 8, "wickets": 0}, "d4eef961": {"runs": 1, "balls": 3, "wickets": 1}, "a316d663": {"runs": 14, "balls": 8, "wickets": 0}, "acee4cc4": {"runs": 6, "balls": 6, "wickets": 0}, "7ec9711d": {"runs": 8, "balls": 7, "wickets": 0}, "26d9937d": {"runs": 12, "balls": 9, "wickets": 0}, "7ca5e05d": {"runs": 10, "balls": 9, "wickets": 0}, "afa78c3a": {"runs": 8, "balls": 6, "wickets": 0}, "3ad06915": {"runs": 4, "balls": 10, "wickets": 0}, "9d50c7e1": {"runs": 17, "balls": 8, "wickets": 0}, "6a0537aa": {"runs": 11, "balls": 19, "wickets": 1}, "5f419ace": {"runs": 2, "balls": 2, "wickets": 0}, "97b0e4ff": {"runs": 4, "balls": 6, "wickets": 0}, "33085ffb": {"runs": 7, "balls": 9, "wickets": 0}, "647a48da": {"runs": 3, "balls": 3, "wickets": 0}, "6581d753": {"runs": 12, "balls": 11, "wickets": 0}, "2e8994e7": {"runs": 3, "balls": 6, "wickets": 1}, "0b60eb09": {"runs": 2, "balls": 2, "wickets": 0}, "4bb02ef1": {"runs": 7, "balls": 4, "wickets": 1}, "d7a57f75": {"runs": 0, "balls": 5, "wickets": 1}, "5bb5a915": {"runs": 1, "balls": 3, "wickets": 0}, "05c2ca46": {"runs": 6, "balls": 6, "wickets": 0}, "05d74535": {"runs": 7, "balls": 13, "wickets": 1}, "26ff4c29": {"runs": 5, "balls": 3, "wickets": 0}, "4c5d73db": {"runs": 11, "balls": 18, "wickets": 1}, "6c908ffc": {"runs": 12, "balls": 22, "wickets": 0}, "3f659464": {"runs": 92, "balls": 108, "wickets": 1}, "2a0d5d4a": {"runs": 86, "balls": 152, "wickets": 0}, "c4450a69": {"runs": 105, "balls": 131, "wickets": 1}, "6b0c3a20": {"runs": 55, "balls": 72, "wickets": 0}, "ddcd1520": {"runs": 71, "balls": 91, "wickets": 1}, "6c75310b": {"runs": 1, "balls": 8, "wickets": 0}, "c3ce33a2": {"runs": 7, "balls": 21, "wickets": 1}, "dd17e4bc": {"runs": 20, "balls": 47, "wickets": 0}, "58043739": {"runs": 21, "balls": 23, "wickets": 0}, "9a963804": {"runs": 8, "balls": 17, "wickets": 0}, "8bf61e65": {"runs": 8, "balls": 7, "wickets": 0}, "93e06301": {"runs": 13, "balls": 16, "wickets": 1}, "eddf25bd": {"runs": 13, "balls": 11, "wickets": 0}, "e9987a94": {"runs": 11, "balls": 30, "wickets": 1}, "2223b920": {"runs": 31, "balls": 39, "wickets": 0}, "9c7d7cda": {"runs": 61, "balls": 86, "wickets": 1}, "a7c7802a": {"runs": 19, "balls": 12, "wickets": 0}, "561f3a34": {"runs": 5, "balls": 3, "wickets": 1}, "e087956b": {"runs": 13, "balls": 22, "wickets": 0}, "e737a5fe": {"runs": 58, "balls": 59, "wickets": 0}, "012829ff": {"runs": 24, "balls": 48, "wickets": 0}, "71440756": {"runs": 21, "balls": 26, "wickets": 2}, "51e1ed69": {"runs": 42, "balls": 38, "wickets": 0}, "a23fda4a": {"runs": 31, "balls": 35, "wickets": 0}, "7f048519": {"runs": 38, "balls": 53, "wickets": 1}, "0f21680d": {"runs": 58, "balls": 54, "wickets": 0}, "99cddc5e": {"runs": 7, "balls": 38, "wickets": 0}, "06c2de82": {"runs": 4, "balls": 8, "wickets": 0}, "70fdd428": {"runs": 32, "balls": 33, "wickets": 0}, "27296d02": {"runs": 3, "balls": 6, "wickets": 0}, "9679838c": {"runs": 13, "balls": 4, "wickets": 0}, "8108e2d2": {"runs": 15, "balls": 11, "wickets": 0}, "af2c687b": {"runs": 12, "balls": 8, "wickets": 0}, "d346d939": {"runs": 20, "balls": 12, "wickets": 1}, "f7177fd6": {"runs": 35, "balls": 94, "wickets": 0}, "4c0f3806": {"runs": 45, "balls": 86, "wickets": 2}, "58c481c6": {"runs": 29, "balls": 31, "wickets": 0}, "e423d162": {"runs": 1, "balls": 3, "wickets": 0}, "e412cb64": {"runs": 7, "balls": 17, "wickets": 0}, "3c77ca9d": {"runs": 41, "balls": 66, "wickets": 0}, "a7e8ff19": {"runs": 9, "balls": 7, "wickets": 1}, "d4c9b75a": {"runs": 14, "balls": 4, "wickets": 0}, "1066a976": {"runs": 25, "balls": 30, "wickets": 0}, "86d7acf4": {"runs": 11, "balls": 4, "wickets": 0}, "75223da4": {"runs": 11, "balls": 17, "wickets": 1}, "99464591": {"runs": 13, "balls": 10, "wickets": 1}, "8479a24a": {"runs": 14, "balls": 9, "wickets": 0}, "fa92fc48": {"runs": 9, "balls": 5, "wickets": 1}, "b21ed464": {"runs": 12, "balls": 8, "wickets": 0}, "70b8fd28": {"runs": 8, "balls": 5, "wickets": 1}, "58822938": {"runs": 6, "balls": 8, "wickets": 0}, "1cfac535": {"runs": 41, "balls": 40, "wickets": 2}, "1a45b864": {"runs": 4, "balls": 6, "wickets": 0}, "450f6fa6": {"runs": 25, "balls": 26, "wickets": 2}, "61a9ce31": {"runs": 6, "balls": 16, "wickets": 0}, "611926bc": {"runs": 11, "balls": 14, "wickets": 1}, "25a42048": {"runs": 13, "balls": 12, "wickets": 0}, "e05b2a5b": {"runs": 4, "balls": 8, "wickets": 1}, "867a45a7": {"runs": 40, "balls": 51, "wickets": 1}, "1427277f": {"runs": 31, "balls": 68, "wickets": 0}, "b16cf2ec": {"runs": 24, "balls": 28, "wickets": 0}, "51a3c5ef": {"runs": 12, "balls": 12, "wickets": 0}, "5db1c288": {"runs": 18, "balls": 16, "wickets": 0}, "cd143bca": {"runs": 20, "balls": 15, "wickets": 0}, "ad962377": {"runs": 24, "balls": 25, "wickets": 0}, "e9d5218e": {"runs": 48, "balls": 65, "wickets": 1}, "f3abd0c9": {"runs": 18, "balls": 13, "wickets": 0}, "4a461c24": {"runs": 45, "balls": 38, "wickets": 1}, "8d1dad51": {"runs": 19, "balls": 18, "wickets": 0}, "8728a058": {"runs": 29, "balls": 24, "wickets": 0}, "fea7a34c": {"runs": 14, "balls": 31, "wickets": 1}, "ffe699c0": {"runs": 11, "balls": 22, "wickets": 0}, "9bab2b81": {"runs": 32, "balls": 58, "wickets": 1}, "6f049d41": {"runs": 9, "balls": 14, "wickets": 0}, "c89474d1": {"runs": 12, "balls": 28, "wickets": 0}, "6c6aca89": {"runs": 13, "balls": 14, "wickets": 1}, "f1ba9ed7": {"runs": 11, "balls": 8, "wickets": 0}, "dc670143": {"runs": 2, "balls": 10, "wickets": 0}, "025a092b": {"runs": 11, "balls": 24, "wickets": 0}, "f6c84b9f": {"runs": 25, "balls": 34, "wickets": 1}, "15101f12": {"runs": 32, "balls": 46, "wickets": 2}, "bca21d18": {"runs": 17, "balls": 25, "wickets": 0}, "d66edc9a": {"runs": 19, "balls": 35, "wickets": 0}, "eaa4cfc2": {"runs": 36, "balls": 45, "wickets": 0}, "bdadf7da": {"runs": 10, "balls": 14, "wickets": 0}, "5fed6272": {"runs": 31, "balls": 49, "wickets": 3}, "1ad0b441": {"runs": 2, "balls": 16, "wickets": 0}, "85ebf2be": {"runs": 22, "balls": 30, "wickets": 0}, "0a12e736": {"runs": 25, "balls": 25, "wickets": 0}, "6c79c098": {"runs": 2, "balls": 7, "wickets": 0}, "5147c792": {"runs": 8, "balls": 5, "wickets": 0}, "eb1a5b03": {"runs": 15, "balls": 21, "wickets": 0}, "be768595": {"runs": 1, "balls": 5, "wickets": 0}, "94eac556": {"runs": 16, "balls": 47, "wickets": 0}, "7fa2ab1f": {"runs": 35, "balls": 20, "wickets": 0}, "757502b5": {"runs": 27, "balls": 21, "wickets": 0}, "02b93a83": {"runs": 16, "balls": 9, "wickets": 0}, "9c376401": {"runs": 4, "balls": 3, "wickets": 0}, "e86754b2": {"runs": 35, "balls": 66, "wickets": 1}, "57a76baa": {"runs": 19, "balls": 32, "wickets": 1}, "eb9cb105": {"runs": 2, "balls": 13, "wickets": 0}, "8f2dfebf": {"runs": 10, "balls": 7, "wickets": 0}, "b681e71e": {"runs": 15, "balls": 13, "wickets": 0}, "903c1d37": {"runs": 23, "balls": 10, "wickets": 1}, "249d60c9": {"runs": 7, "balls": 4, "wickets": 0}, "01a95383": {"runs": 3, "balls": 26, "wickets": 0}, "0bec3a6c": {"runs": 6, "balls": 11, "wickets": 0}, "aed5be04": {"runs": 12, "balls": 11, "wickets": 0}, "6042bf26": {"runs": 7, "balls": 4, "wickets": 0}, "6355d428": {"runs": 1, "balls": 4, "wickets": 0}, "b7539620": {"runs": 4, "balls": 2, "wickets": 0}, "b2dbe638": {"runs": 23, "balls": 19, "wickets": 0}, "a510bdd3": {"runs": 15, "balls": 10, "wickets": 0}, "bb351c23": {"runs": 4, "balls": 4, "wickets": 1}, "e0ac7144": {"runs": 26, "balls": 26, "wickets": 1}, "e22d3b5c": {"runs": 37, "balls": 48, "wickets": 1}, "85d8110a": {"runs": 2, "balls": 2, "wickets": 0}, "5b6d248a": {"runs": 19, "balls": 16, "wickets": 0}, "8db7f47f": {"runs": 9, "balls": 7, "wickets": 1}, "91ffa6c6": {"runs": 28, "balls": 23, "wickets": 0}, "be4807e3": {"runs": 1, "balls": 1, "wickets": 0}, "18fac429": {"runs": 1, "balls": 2, "wickets": 1}, "151d88b3": {"runs": 0, "balls": 1, "wickets": 1}, "086f5984": {"runs": 0, "balls": 1, "wickets": 1}, "b3544c5d": {"runs": 4, "balls": 8, "wickets": 1}, "1179469b": {"runs": 11, "balls": 7, "wickets": 0}, "49b6c09f": {"runs": 5, "balls": 6, "wickets": 0}, "3cf5ae43": {"runs": 5, "balls": 10, "wickets": 0}, "f0a0204e": {"runs": 33, "balls": 27, "wickets": 0}, "6daf5e8c": {"runs": 11, "balls": 8, "wickets": 0}, "d001f15d": {"runs": 2, "balls": 2, "wickets": 0}, "b7a6a60b": {"runs": 7, "balls": 3, "wickets": 0}, "0c7f11be": {"runs": 0, "balls": 2, "wickets": 0}, "e94915e6": {"runs": 9, "balls": 11, "wickets": 0}, "5ac8f17b": {"runs": 11, "balls": 20, "wickets": 0}}, "fifties": 21, "thirties": 67, "centuries": 0, "maidens": 1.0, "hattricks": 0, "club_ODI_previous3_runs": [4.0, 102.0, 38.0], "club_ODI_previous3_wickets": [0.0, 0.0, 0.0], "club_ODI_previous3_balls played": [14.0, 113.0, 26.0], "club_ODI_previous3_overs": [0.0, 0.0, 0.0], "club_ODI_previous3_runs gave": [0.0, 0.0, 0.0], "club_ODI_lifetime_runs": 404.0, "club_ODI_lifetime_wickets": 0.0, "club_ODI_lifetime_balls played": 462.0, "club_ODI_lifetime_overs": 0.0, "club_ODI_lifetime_runs gave": 0.0, "club_Test_previous3_runs": [4.0, 56.0, 51.0], "club_Test_previous3_wickets": [0.0, 0.0, 0.0], "club_Test_previous3_balls played": [16.0, 104.0, 38.0], "club_Test_previous3_overs": [0.0, 0.0, 0.0], "club_Test_previous3_runs gave": [0.0, 0.0, 0.0], "club_Test_lifetime_runs": 1667.0, "club_Test_lifetime_wickets": 0.0, "club_Test_lifetime_balls played": 2763.0, "club_Test_lifetime_overs": 0.0, "club_Test_lifetime_runs gave": 0.0, "club_T20_previous3_runs": [62.0, 14.0, 43.0], "club_T20_previous3_wickets": [0.0, 0.0, 0.0], "club_T20_previous3_balls played": [50.0, 10.0, 44.0], "club_T20_previous3_overs": [0.0, 0.0, 0.0], "club_T20_previous3_runs gave": [0.0, 0.0, 0.0], "club_T20_lifetime_runs": 1342.0, "club_T20_lifetime_wickets": 0.0, "club_T20_lifetime_balls played": 1081.0, "club_T20_lifetime_overs": 0.0, "club_T20_lifetime_runs gave": 0.0, "international_ODI_previous3_runs": [37.0, 0.0, 0.0], "international_ODI_previous3_wickets": [0.0, 0.0, 0.0], "international_ODI_previous3_balls played": [57.0, 0.0, 2.0], "international_ODI_previous3_overs": [0.0, 0.0, 0.0], "international_ODI_previous3_runs gave": [0.0, 0.0, 0.0], "international_ODI_lifetime_runs": 761.0, "international_ODI_lifetime_wickets": 0.0, "international_ODI_lifetime_balls played": 1112.0, "international_ODI_lifetime_overs": 2.0, "international_ODI_lifetime_runs gave": 3.0, "international_Test_previous3_runs": [52.0, 39.0, 18.0], "international_Test_previous3_wickets": [0.0, 0.0, 0.0], "international_Test_previous3_balls played": [107.0, 98.0, 47.0], "international_Test_previous3_overs": [0.0, 0.0, 0.0], "international_Test_previous3_runs gave": [0.0, 0.0, 0.0], "international_Test_lifetime_runs": 3261.0, "international_Test_lifetime_wickets": 1.0, "international_Test_lifetime_balls played": 7267.0, "international_Test_lifetime_overs": 16.0, "international_Test_lifetime_runs gave": 48.0, "international_T20_previous3_runs": [5.0], "international_T20_previous3_wickets": [0.0], "international_T20_previous3_balls played": [6.0], "international_T20_previous3_overs": [0.0], "international_T20_previous3_runs gave": [0.0], "international_T20_lifetime_runs": 5.0, "international_T20_lifetime_wickets": 0.0, "international_T20_lifetime_balls played": 6.0, "international_T20_lifetime_overs": 0.0, "international_T20_lifetime_runs gave": 0.0}