{"played_against": {"732c9016": {"runs": 7, "balls": 5, "wickets": 0}, "a268c07b": {"runs": 8, "balls": 8, "wickets": 1}, "214cf493": {"runs": 6, "balls": 6, "wickets": 1}, "5a42db78": {"runs": 5, "balls": 2, "wickets": 0}, "0d38ab25": {"runs": 11, "balls": 5, "wickets": 0}, "5470418a": {"runs": 0, "balls": 1, "wickets": 1}, "e51abd5e": {"runs": 15, "balls": 8, "wickets": 0}, "3c5df172": {"runs": 2, "balls": 3, "wickets": 0}, "e205ce8b": {"runs": 1, "balls": 3, "wickets": 0}, "2d5c6e88": {"runs": 6, "balls": 3, "wickets": 0}, "c01d7726": {"runs": 12, "balls": 6, "wickets": 1}, "f8c72766": {"runs": 12, "balls": 5, "wickets": 0}, "f28a60e0": {"runs": 10, "balls": 6, "wickets": 1}, "e258a603": {"runs": 0, "balls": 1, "wickets": 0}, "dab18aa5": {"runs": 0, "balls": 2, "wickets": 1}}, "fifties": 0, "thirties": 1, "centuries": 0, "maidens": 0.0, "hattricks": 0, "club_ODI_previous3_runs": [], "club_ODI_previous3_wickets": [], "club_ODI_previous3_balls played": [], "club_ODI_previous3_overs": [], "club_ODI_previous3_runs gave": [], "club_ODI_lifetime_runs": 0.0, "club_ODI_lifetime_wickets": 0.0, "club_ODI_lifetime_balls played": 0.0, "club_ODI_lifetime_overs": 0.0, "club_ODI_lifetime_runs gave": 0.0, "club_Test_previous3_runs": [], "club_Test_previous3_wickets": [], "club_Test_previous3_balls played": [], "club_Test_previous3_overs": [], "club_Test_previous3_runs gave": [], "club_Test_lifetime_runs": 0.0, "club_Test_lifetime_wickets": 0.0, "club_Test_lifetime_balls played": 0.0, "club_Test_lifetime_overs": 0.0, "club_Test_lifetime_runs gave": 0.0, "club_T20_previous3_runs": [], "club_T20_previous3_wickets": [], "club_T20_previous3_balls played": [], "club_T20_previous3_overs": [], "club_T20_previous3_runs gave": [], "club_T20_lifetime_runs": 0.0, "club_T20_lifetime_wickets": 0.0, "club_T20_lifetime_balls played": 0.0, "club_T20_lifetime_overs": 0.0, "club_T20_lifetime_runs gave": 0.0, "international_ODI_previous3_runs": [], "international_ODI_previous3_wickets": [], "international_ODI_previous3_balls played": [], "international_ODI_previous3_overs": [], "international_ODI_previous3_runs gave": [], "international_ODI_lifetime_runs": 0.0, "international_ODI_lifetime_wickets": 0.0, "international_ODI_lifetime_balls played": 0.0, "international_ODI_lifetime_overs": 0.0, "international_ODI_lifetime_runs gave": 0.0, "international_Test_previous3_runs": [], "international_Test_previous3_wickets": [], "international_Test_previous3_balls played": [], "international_Test_previous3_overs": [], "international_Test_previous3_runs gave": [], "international_Test_lifetime_runs": 0.0, "international_Test_lifetime_wickets": 0.0, "international_Test_lifetime_balls played": 0.0, "international_Test_lifetime_overs": 0.0, "international_Test_lifetime_runs gave": 0.0, "international_T20_previous3_runs": [34.0, 0.0, 0.0], "international_T20_previous3_wickets": [0.0, 0.0, 0.0], "international_T20_previous3_balls played": [16.0, 2.0, 3.0], "international_T20_previous3_overs": [0.0, 0.0, 0.0], "international_T20_previous3_runs gave": [0.0, 0.0, 0.0], "international_T20_lifetime_runs": 95.0, "international_T20_lifetime_wickets": 0.0, "international_T20_lifetime_balls played": 66.0, "international_T20_lifetime_overs": 0.0, "international_T20_lifetime_runs gave": 0.0}