{"played_against": {"b2caf373": {"runs": 3, "balls": 5, "wickets": 0}, "6e60a792": {"runs": 1, "balls": 2, "wickets": 0}, "a2dd9236": {"runs": 4, "balls": 2, "wickets": 0}, "d1c7dd6d": {"runs": 1, "balls": 1, "wickets": 0}, "b75b7b09": {"runs": 6, "balls": 4, "wickets": 0}, "d76ab352": {"runs": 6, "balls": 1, "wickets": 0}, "eff8b730": {"runs": 2, "balls": 1, "wickets": 0}, "b857468a": {"runs": 19, "balls": 6, "wickets": 0}, "c83c594d": {"runs": 13, "balls": 7, "wickets": 0}, "fb34b0ec": {"runs": 8, "balls": 5, "wickets": 2}, "015dc0cd": {"runs": 1, "balls": 4, "wickets": 0}, "a9a09cb8": {"runs": 6, "balls": 10, "wickets": 0}, "9244df4b": {"runs": 16, "balls": 9, "wickets": 0}, "d4aa6a65": {"runs": 4, "balls": 5, "wickets": 0}, "c2fd51b1": {"runs": 3, "balls": 3, "wickets": 0}, "4e3fd330": {"runs": 31, "balls": 9, "wickets": 0}, "14e1fdab": {"runs": 12, "balls": 9, "wickets": 0}, "eb40ed89": {"runs": 17, "balls": 17, "wickets": 1}, "376557f7": {"runs": 21, "balls": 9, "wickets": 0}, "eb5aa5b9": {"runs": 12, "balls": 9, "wickets": 0}, "6de4e430": {"runs": 23, "balls": 13, "wickets": 2}, "39e9f0c9": {"runs": 28, "balls": 10, "wickets": 0}, "8b0b3bba": {"runs": 11, "balls": 6, "wickets": 0}, "2deb4082": {"runs": 16, "balls": 10, "wickets": 0}, "5d6a1f76": {"runs": 1, "balls": 5, "wickets": 1}, "e6082b10": {"runs": 9, "balls": 4, "wickets": 0}, "d35a520a": {"runs": 14, "balls": 6, "wickets": 0}, "2a00735b": {"runs": 1, "balls": 2, "wickets": 0}, "5902f2eb": {"runs": 1, "balls": 4, "wickets": 0}, "b0f2d3bd": {"runs": 11, "balls": 4, "wickets": 0}, "38189be1": {"runs": 0, "balls": 2, "wickets": 1}, "33328ec7": {"runs": 7, "balls": 5, "wickets": 0}, "d0d32c30": {"runs": 0, "balls": 2, "wickets": 1}, "2d46e8ed": {"runs": 1, "balls": 2, "wickets": 1}, "7fcc57bf": {"runs": 1, "balls": 2, "wickets": 0}, "baa7dd37": {"runs": 8, "balls": 4, "wickets": 0}, "2dfe0612": {"runs": 19, "balls": 14, "wickets": 1}, "5b2acc3f": {"runs": 23, "balls": 13, "wickets": 1}, "6a63c29c": {"runs": 2, "balls": 4, "wickets": 0}, "352e589f": {"runs": 10, "balls": 5, "wickets": 0}, "951686f5": {"runs": 11, "balls": 7, "wickets": 0}, "c5445834": {"runs": 1, "balls": 2, "wickets": 0}, "e8a552ef": {"runs": 1, "balls": 3, "wickets": 1}, "62f6d8ce": {"runs": 0, "balls": 1, "wickets": 1}, "63aa8148": {"runs": 7, "balls": 5, "wickets": 0}, "d8bee9a1": {"runs": 6, "balls": 4, "wickets": 1}, "5360c9be": {"runs": 0, "balls": 2, "wickets": 0}, "ec106638": {"runs": 1, "balls": 2, "wickets": 1}, "443d1fd8": {"runs": 1, "balls": 4, "wickets": 0}, "e23da78c": {"runs": 1, "balls": 5, "wickets": 0}, "7e00711f": {"runs": 2, "balls": 3, "wickets": 1}, "99ad98b0": {"runs": 1, "balls": 1, "wickets": 0}, "9e0bd203": {"runs": 1, "balls": 4, "wickets": 0}, "7ca68967": {"runs": 1, "balls": 4, "wickets": 1}, "9f998ed8": {"runs": 1, "balls": 4, "wickets": 0}, "2809b390": {"runs": 2, "balls": 3, "wickets": 0}, "1c40f69f": {"runs": 26, "balls": 6, "wickets": 0}, "7f784eb8": {"runs": 8, "balls": 3, "wickets": 1}}, "fifties": 0, "thirties": 8, "centuries": 0, "maidens": 0.0, "hattricks": 0, "club_ODI_previous3_runs": [], "club_ODI_previous3_wickets": [], "club_ODI_previous3_balls played": [], "club_ODI_previous3_overs": [], "club_ODI_previous3_runs gave": [], "club_ODI_lifetime_runs": 0.0, "club_ODI_lifetime_wickets": 0.0, "club_ODI_lifetime_balls played": 0.0, "club_ODI_lifetime_overs": 0.0, "club_ODI_lifetime_runs gave": 0.0, "club_Test_previous3_runs": [], "club_Test_previous3_wickets": [], "club_Test_previous3_balls played": [], "club_Test_previous3_overs": [], "club_Test_previous3_runs gave": [], "club_Test_lifetime_runs": 0.0, "club_Test_lifetime_wickets": 0.0, "club_Test_lifetime_balls played": 0.0, "club_Test_lifetime_overs": 0.0, "club_Test_lifetime_runs gave": 0.0, "club_T20_previous3_runs": [], "club_T20_previous3_wickets": [], "club_T20_previous3_balls played": [], "club_T20_previous3_overs": [], "club_T20_previous3_runs gave": [], "club_T20_lifetime_runs": 0.0, "club_T20_lifetime_wickets": 0.0, "club_T20_lifetime_balls played": 0.0, "club_T20_lifetime_overs": 0.0, "club_T20_lifetime_runs gave": 0.0, "international_ODI_previous3_runs": [], "international_ODI_previous3_wickets": [], "international_ODI_previous3_balls played": [], "international_ODI_previous3_overs": [], "international_ODI_previous3_runs gave": [], "international_ODI_lifetime_runs": 0.0, "international_ODI_lifetime_wickets": 0.0, "international_ODI_lifetime_balls played": 0.0, "international_ODI_lifetime_overs": 0.0, "international_ODI_lifetime_runs gave": 0.0, "international_Test_previous3_runs": [], "international_Test_previous3_wickets": [], "international_Test_previous3_balls played": [], "international_Test_previous3_overs": [], "international_Test_previous3_runs gave": [], "international_Test_lifetime_runs": 0.0, "international_Test_lifetime_wickets": 0.0, "international_Test_lifetime_balls played": 0.0, "international_Test_lifetime_overs": 0.0, "international_Test_lifetime_runs gave": 0.0, "international_T20_previous3_runs": [1.0, 3.0, 36.0], "international_T20_previous3_wickets": [0.0, 0.0, 0.0], "international_T20_previous3_balls played": [1.0, 12.0, 12.0], "international_T20_previous3_overs": [1.0, 0.0, 0.0], "international_T20_previous3_runs gave": [16.0, 0.0, 0.0], "international_T20_lifetime_runs": 443.0, "international_T20_lifetime_wickets": 7.0, "international_T20_lifetime_balls played": 300.0, "international_T20_lifetime_overs": 29.333333333333332, "international_T20_lifetime_runs gave": 196.0}