{"played_against": {"b10e8c85": {"runs": 12, "balls": 8, "wickets": 0}, "8e514b4c": {"runs": 1, "balls": 2, "wickets": 0}, "7c3c0337": {"runs": 17, "balls": 10, "wickets": 0}, "734062e6": {"runs": 6, "balls": 4, "wickets": 0}, "9170ff49": {"runs": 4, "balls": 3, "wickets": 0}, "93fefdfa": {"runs": 8, "balls": 3, "wickets": 0}, "244048f6": {"runs": 0, "balls": 2, "wickets": 0}, "6d981899": {"runs": 6, "balls": 4, "wickets": 0}, "52cb36a0": {"runs": 4, "balls": 4, "wickets": 0}, "d28a7a2a": {"runs": 1, "balls": 3, "wickets": 1}, "a0d66374": {"runs": 0, "balls": 1, "wickets": 1}, "de33074a": {"runs": 4, "balls": 8, "wickets": 0}, "f6d8a7ab": {"runs": 1, "balls": 4, "wickets": 0}, "ce2fa609": {"runs": 6, "balls": 4, "wickets": 0}, "d1f8b722": {"runs": 1, "balls": 2, "wickets": 0}, "eef2536f": {"runs": 1, "balls": 1, "wickets": 0}, "21d4e29b": {"runs": 7, "balls": 7, "wickets": 0}, "5bb1a1c4": {"runs": 0, "balls": 1, "wickets": 0}, "9440ef41": {"runs": 8, "balls": 6, "wickets": 0}, "77b1aa15": {"runs": 5, "balls": 3, "wickets": 0}, "ad427b5c": {"runs": 4, "balls": 4, "wickets": 1}, "7210d461": {"runs": 6, "balls": 5, "wickets": 1}, "c33d8116": {"runs": 2, "balls": 4, "wickets": 0}}, "fifties": 0, "thirties": 1, "centuries": 0, "maidens": 0.0, "hattricks": 0, "club_ODI_previous3_runs": [], "club_ODI_previous3_wickets": [], "club_ODI_previous3_balls played": [], "club_ODI_previous3_overs": [], "club_ODI_previous3_runs gave": [], "club_ODI_lifetime_runs": 0.0, "club_ODI_lifetime_wickets": 0.0, "club_ODI_lifetime_balls played": 0.0, "club_ODI_lifetime_overs": 0.0, "club_ODI_lifetime_runs gave": 0.0, "club_Test_previous3_runs": [], "club_Test_previous3_wickets": [], "club_Test_previous3_balls played": [], "club_Test_previous3_overs": [], "club_Test_previous3_runs gave": [], "club_Test_lifetime_runs": 0.0, "club_Test_lifetime_wickets": 0.0, "club_Test_lifetime_balls played": 0.0, "club_Test_lifetime_overs": 0.0, "club_Test_lifetime_runs gave": 0.0, "club_T20_previous3_runs": [13.0, 24.0, 8.0], "club_T20_previous3_wickets": [0.0, 0.0, 0.0], "club_T20_previous3_balls played": [19.0, 22.0, 9.0], "club_T20_previous3_overs": [0.0, 0.0, 0.0], "club_T20_previous3_runs gave": [0.0, 0.0, 0.0], "club_T20_lifetime_runs": 104.0, "club_T20_lifetime_wickets": 0.0, "club_T20_lifetime_balls played": 94.0, "club_T20_lifetime_overs": 0.0, "club_T20_lifetime_runs gave": 0.0, "international_ODI_previous3_runs": [], "international_ODI_previous3_wickets": [], "international_ODI_previous3_balls played": [], "international_ODI_previous3_overs": [], "international_ODI_previous3_runs gave": [], "international_ODI_lifetime_runs": 0.0, "international_ODI_lifetime_wickets": 0.0, "international_ODI_lifetime_balls played": 0.0, "international_ODI_lifetime_overs": 0.0, "international_ODI_lifetime_runs gave": 0.0, "international_Test_previous3_runs": [], "international_Test_previous3_wickets": [], "international_Test_previous3_balls played": [], "international_Test_previous3_overs": [], "international_Test_previous3_runs gave": [], "international_Test_lifetime_runs": 0.0, "international_Test_lifetime_wickets": 0.0, "international_Test_lifetime_balls played": 0.0, "international_Test_lifetime_overs": 0.0, "international_Test_lifetime_runs gave": 0.0, "international_T20_previous3_runs": [], "international_T20_previous3_wickets": [], "international_T20_previous3_balls played": [], "international_T20_previous3_overs": [], "international_T20_previous3_runs gave": [], "international_T20_lifetime_runs": 0.0, "international_T20_lifetime_wickets": 0.0, "international_T20_lifetime_balls played": 0.0, "international_T20_lifetime_overs": 0.0, "international_T20_lifetime_runs gave": 0.0}