{"played_against": {"02ba80a0": {"runs": 2, "balls": 5, "wickets": 0}, "d167edd3": {"runs": 3, "balls": 10, "wickets": 0}, "770ae773": {"runs": 2, "balls": 3, "wickets": 0}, "526a3073": {"runs": 2, "balls": 5, "wickets": 0}, "15de1f5d": {"runs": 5, "balls": 16, "wickets": 1}, "272fc5ad": {"runs": 3, "balls": 8, "wickets": 0}, "1558d83b": {"runs": 5, "balls": 6, "wickets": 0}, "903560ed": {"runs": 1, "balls": 13, "wickets": 0}, "fa433be6": {"runs": 0, "balls": 1, "wickets": 0}, "86b4bf88": {"runs": 2, "balls": 9, "wickets": 0}, "3b53243a": {"runs": 6, "balls": 14, "wickets": 0}, "39d608d4": {"runs": 0, "balls": 7, "wickets": 1}}, "fifties": 0, "thirties": 0, "centuries": 0, "maidens": 33.0, "hattricks": 4, "club_ODI_previous3_runs": [], "club_ODI_previous3_wickets": [], "club_ODI_previous3_balls played": [], "club_ODI_previous3_overs": [], "club_ODI_previous3_runs gave": [], "club_ODI_lifetime_runs": 0.0, "club_ODI_lifetime_wickets": 0.0, "club_ODI_lifetime_balls played": 0.0, "club_ODI_lifetime_overs": 0.0, "club_ODI_lifetime_runs gave": 0.0, "club_Test_previous3_runs": [7.0, 7.0, 2.0], "club_Test_previous3_wickets": [4.0, 1.0, 5.0], "club_Test_previous3_balls played": [12.0, 31.0, 13.0], "club_Test_previous3_overs": [33.0, 19.833333333333332, 16.166666666666664], "club_Test_previous3_runs gave": [131.0, 78.0, 50.0], "club_Test_lifetime_runs": 31.0, "club_Test_lifetime_wickets": 19.0, "club_Test_lifetime_balls played": 97.0, "club_Test_lifetime_overs": 167.66666666666666, "club_Test_lifetime_runs gave": 517.0, "club_T20_previous3_runs": [], "club_T20_previous3_wickets": [], "club_T20_previous3_balls played": [], "club_T20_previous3_overs": [], "club_T20_previous3_runs gave": [], "club_T20_lifetime_runs": 0.0, "club_T20_lifetime_wickets": 0.0, "club_T20_lifetime_balls played": 0.0, "club_T20_lifetime_overs": 0.0, "club_T20_lifetime_runs gave": 0.0, "international_ODI_previous3_runs": [], "international_ODI_previous3_wickets": [], "international_ODI_previous3_balls played": [], "international_ODI_previous3_overs": [], "international_ODI_previous3_runs gave": [], "international_ODI_lifetime_runs": 0.0, "international_ODI_lifetime_wickets": 0.0, "international_ODI_lifetime_balls played": 0.0, "international_ODI_lifetime_overs": 0.0, "international_ODI_lifetime_runs gave": 0.0, "international_Test_previous3_runs": [], "international_Test_previous3_wickets": [], "international_Test_previous3_balls played": [], "international_Test_previous3_overs": [], "international_Test_previous3_runs gave": [], "international_Test_lifetime_runs": 0.0, "international_Test_lifetime_wickets": 0.0, "international_Test_lifetime_balls played": 0.0, "international_Test_lifetime_overs": 0.0, "international_Test_lifetime_runs gave": 0.0, "international_T20_previous3_runs": [], "international_T20_previous3_wickets": [], "international_T20_previous3_balls played": [], "international_T20_previous3_overs": [], "international_T20_previous3_runs gave": [], "international_T20_lifetime_runs": 0.0, "international_T20_lifetime_wickets": 0.0, "international_T20_lifetime_balls played": 0.0, "international_T20_lifetime_overs": 0.0, "international_T20_lifetime_runs gave": 0.0}