{"played_against": {"5f862ccd": {"runs": 1, "balls": 2, "wickets": 1}, "a61850e6": {"runs": 7, "balls": 8, "wickets": 0}, "a0fdf513": {"runs": 4, "balls": 10, "wickets": 1}, "3b770527": {"runs": 7, "balls": 16, "wickets": 0}, "ed840f44": {"runs": 14, "balls": 18, "wickets": 2}, "3cfbddce": {"runs": 5, "balls": 6, "wickets": 1}, "b287e7b1": {"runs": 18, "balls": 33, "wickets": 1}, "386f410e": {"runs": 7, "balls": 13, "wickets": 1}, "6d76bc23": {"runs": 41, "balls": 58, "wickets": 0}, "108c4c09": {"runs": 17, "balls": 20, "wickets": 2}, "63e3b6b3": {"runs": 8, "balls": 22, "wickets": 1}, "8c5775f3": {"runs": 10, "balls": 39, "wickets": 0}, "7544bf30": {"runs": 3, "balls": 22, "wickets": 0}, "3308d881": {"runs": 1, "balls": 3, "wickets": 0}, "a49985e6": {"runs": 14, "balls": 10, "wickets": 0}, "53bee17f": {"runs": 8, "balls": 7, "wickets": 1}, "1f7825dd": {"runs": 1, "balls": 3, "wickets": 0}, "5f93cb2d": {"runs": 4, "balls": 4, "wickets": 0}, "d0bb40b8": {"runs": 18, "balls": 20, "wickets": 1}, "84f1ae7f": {"runs": 11, "balls": 12, "wickets": 1}, "8479657a": {"runs": 6, "balls": 7, "wickets": 0}, "ec1c4b4d": {"runs": 19, "balls": 6, "wickets": 0}, "44d0e8af": {"runs": 2, "balls": 8, "wickets": 0}, "dbd79036": {"runs": 8, "balls": 11, "wickets": 2}, "b97f21d8": {"runs": 2, "balls": 2, "wickets": 0}, "77c88f05": {"runs": 5, "balls": 4, "wickets": 1}, "07485bb9": {"runs": 2, "balls": 3, "wickets": 0}, "d4f0c300": {"runs": 4, "balls": 10, "wickets": 0}, "06653fcc": {"runs": 11, "balls": 34, "wickets": 0}, "2904b4b6": {"runs": 2, "balls": 4, "wickets": 1}, "e5be2427": {"runs": 0, "balls": 2, "wickets": 1}, "8ce69204": {"runs": 12, "balls": 18, "wickets": 1}, "ea8b65ab": {"runs": 6, "balls": 5, "wickets": 0}, "4ba0289e": {"runs": 4, "balls": 5, "wickets": 1}, "6a434bd3": {"runs": 6, "balls": 4, "wickets": 0}, "32497ecd": {"runs": 12, "balls": 12, "wickets": 0}, "f3a18a0c": {"runs": 5, "balls": 3, "wickets": 0}, "907c51ab": {"runs": 4, "balls": 6, "wickets": 0}, "d32cf49a": {"runs": 3, "balls": 7, "wickets": 0}, "98dfe425": {"runs": 4, "balls": 3, "wickets": 1}, "0d518f89": {"runs": 4, "balls": 14, "wickets": 1}, "16443d2f": {"runs": 4, "balls": 17, "wickets": 0}, "0725d3d2": {"runs": 2, "balls": 7, "wickets": 1}, "cebc1351": {"runs": 3, "balls": 6, "wickets": 0}, "2daa8e40": {"runs": 12, "balls": 13, "wickets": 0}, "6e34d108": {"runs": 5, "balls": 4, "wickets": 0}, "237ec05b": {"runs": 10, "balls": 18, "wickets": 1}, "5838cb64": {"runs": 4, "balls": 12, "wickets": 0}, "a1c4aed5": {"runs": 3, "balls": 8, "wickets": 0}, "94b30fa5": {"runs": 2, "balls": 12, "wickets": 1}, "ce85fcaf": {"runs": 7, "balls": 12, "wickets": 1}, "4d4605e6": {"runs": 0, "balls": 2, "wickets": 0}, "f0b16e64": {"runs": 5, "balls": 7, "wickets": 1}, "69a9bb78": {"runs": 5, "balls": 4, "wickets": 0}, "b4f73b44": {"runs": 2, "balls": 3, "wickets": 1}, "42d9dd09": {"runs": 12, "balls": 16, "wickets": 0}, "ac56b5a7": {"runs": 10, "balls": 10, "wickets": 0}, "5463cb7a": {"runs": 1, "balls": 2, "wickets": 0}, "0475a86b": {"runs": 0, "balls": 1, "wickets": 0}, "7673c908": {"runs": 13, "balls": 12, "wickets": 0}, "b8cce99f": {"runs": 2, "balls": 4, "wickets": 1}, "9b73d523": {"runs": 0, "balls": 1, "wickets": 1}, "821d7d46": {"runs": 8, "balls": 7, "wickets": 0}, "a51e6c6e": {"runs": 10, "balls": 6, "wickets": 0}, "ea9c54de": {"runs": 10, "balls": 8, "wickets": 0}, "58acb320": {"runs": 3, "balls": 2, "wickets": 0}, "16301313": {"runs": 12, "balls": 11, "wickets": 0}, "2e988457": {"runs": 2, "balls": 5, "wickets": 0}, "f5e70dd4": {"runs": 7, "balls": 10, "wickets": 0}, "27339093": {"runs": 2, "balls": 2, "wickets": 0}, "f91abcd6": {"runs": 10, "balls": 4, "wickets": 0}, "7391f160": {"runs": 2, "balls": 7, "wickets": 0}, "c981d3c2": {"runs": 4, "balls": 6, "wickets": 0}, "321c980e": {"runs": 5, "balls": 7, "wickets": 0}, "92cf79a8": {"runs": 8, "balls": 21, "wickets": 1}, "4b0e3049": {"runs": 1, "balls": 1, "wickets": 0}, "c4c374d9": {"runs": 11, "balls": 4, "wickets": 0}, "8026ea72": {"runs": 6, "balls": 10, "wickets": 1}, "bc969efb": {"runs": 3, "balls": 6, "wickets": 0}, "83558266": {"runs": 9, "balls": 11, "wickets": 0}, "17608a6f": {"runs": 3, "balls": 6, "wickets": 0}, "cdb82f1c": {"runs": 0, "balls": 4, "wickets": 0}, "50ee0500": {"runs": 1, "balls": 1, "wickets": 0}, "397369e0": {"runs": 3, "balls": 3, "wickets": 0}, "0d56e9a5": {"runs": 6, "balls": 10, "wickets": 0}, "53bb50f0": {"runs": 5, "balls": 6, "wickets": 0}, "201fef33": {"runs": 5, "balls": 5, "wickets": 0}, "52d3b7ff": {"runs": 4, "balls": 3, "wickets": 0}, "60471339": {"runs": 3, "balls": 6, "wickets": 0}, "de69af96": {"runs": 2, "balls": 2, "wickets": 0}, "7693851c": {"runs": 9, "balls": 12, "wickets": 0}, "9af58032": {"runs": 3, "balls": 4, "wickets": 0}, "6df697a9": {"runs": 5, "balls": 5, "wickets": 0}}, "fifties": 0, "thirties": 5, "centuries": 0, "maidens": 38.0, "hattricks": 4, "club_ODI_previous3_runs": [], "club_ODI_previous3_wickets": [], "club_ODI_previous3_balls played": [], "club_ODI_previous3_overs": [], "club_ODI_previous3_runs gave": [], "club_ODI_lifetime_runs": 0.0, "club_ODI_lifetime_wickets": 0.0, "club_ODI_lifetime_balls played": 0.0, "club_ODI_lifetime_overs": 0.0, "club_ODI_lifetime_runs gave": 0.0, "club_Test_previous3_runs": [], "club_Test_previous3_wickets": [], "club_Test_previous3_balls played": [], "club_Test_previous3_overs": [], "club_Test_previous3_runs gave": [], "club_Test_lifetime_runs": 0.0, "club_Test_lifetime_wickets": 0.0, "club_Test_lifetime_balls played": 0.0, "club_Test_lifetime_overs": 0.0, "club_Test_lifetime_runs gave": 0.0, "club_T20_previous3_runs": [0.0, 0.0, 0.0], "club_T20_previous3_wickets": [3.0, 1.0, 1.0], "club_T20_previous3_balls played": [0.0, 7.0, 0.0], "club_T20_previous3_overs": [4.0, 4.0, 2.0], "club_T20_previous3_runs gave": [18.0, 30.0, 22.0], "club_T20_lifetime_runs": 0.0, "club_T20_lifetime_wickets": 6.0, "club_T20_lifetime_balls played": 7.0, "club_T20_lifetime_overs": 16.0, "club_T20_lifetime_runs gave": 99.0, "international_ODI_previous3_runs": [2.0, 0.0, 0.0], "international_ODI_previous3_wickets": [1.0, 0.0, 1.0], "international_ODI_previous3_balls played": [4.0, 0.0, 0.0], "international_ODI_previous3_overs": [10.0, 0.0, 5.833333333333333], "international_ODI_previous3_runs gave": [46.0, 0.0, 27.0], "international_ODI_lifetime_runs": 267.0, "international_ODI_lifetime_wickets": 21.0, "international_ODI_lifetime_balls played": 482.0, "international_ODI_lifetime_overs": 191.50000000000003, "international_ODI_lifetime_runs gave": 690.0, "international_Test_previous3_runs": [], "international_Test_previous3_wickets": [], "international_Test_previous3_balls played": [], "international_Test_previous3_overs": [], "international_Test_previous3_runs gave": [], "international_Test_lifetime_runs": 0.0, "international_Test_lifetime_wickets": 0.0, "international_Test_lifetime_balls played": 0.0, "international_Test_lifetime_overs": 0.0, "international_Test_lifetime_runs gave": 0.0, "international_T20_previous3_runs": [0.0, 1.0, 0.0], "international_T20_previous3_wickets": [0.0, 0.0, 0.0], "international_T20_previous3_balls played": [0.0, 1.0, 0.0], "international_T20_previous3_overs": [2.3333333333333335, 4.0, 3.3333333333333335], "international_T20_previous3_runs gave": [19.0, 38.0, 32.0], "international_T20_lifetime_runs": 317.0, "international_T20_lifetime_wickets": 43.0, "international_T20_lifetime_balls played": 374.0, "international_T20_lifetime_overs": 246.3333333333334, "international_T20_lifetime_runs gave": 1255.0}