{"played_against": {"33f28243": {"runs": 0, "balls": 3, "wickets": 1}, "502b2c81": {"runs": 2, "balls": 3, "wickets": 0}, "fd835ab3": {"runs": 1, "balls": 2, "wickets": 0}, "94eac556": {"runs": 1, "balls": 3, "wickets": 0}, "3cf5ae43": {"runs": 1, "balls": 1, "wickets": 0}, "8fd1a8f5": {"runs": 0, "balls": 4, "wickets": 0}, "0a3d54b9": {"runs": 4, "balls": 9, "wickets": 0}, "495d42a5": {"runs": 32, "balls": 80, "wickets": 2}, "5bb1a1c4": {"runs": 17, "balls": 37, "wickets": 1}, "cc1e8c68": {"runs": 6, "balls": 31, "wickets": 1}, "8cf9814c": {"runs": 16, "balls": 21, "wickets": 2}, "d9609443": {"runs": 6, "balls": 13, "wickets": 0}, "7a80ddf2": {"runs": 4, "balls": 15, "wickets": 0}, "0f721006": {"runs": 0, "balls": 19, "wickets": 0}, "4180d897": {"runs": 20, "balls": 24, "wickets": 0}, "c3b93a03": {"runs": 8, "balls": 11, "wickets": 0}, "f846de6a": {"runs": 11, "balls": 27, "wickets": 1}, "78dfe704": {"runs": 6, "balls": 24, "wickets": 1}, "78eb4223": {"runs": 8, "balls": 10, "wickets": 0}, "eba6a852": {"runs": 18, "balls": 42, "wickets": 0}, "a343262c": {"runs": 2, "balls": 5, "wickets": 0}, "bb351c23": {"runs": 21, "balls": 45, "wickets": 2}, "d12143bf": {"runs": 16, "balls": 26, "wickets": 0}, "ccdd8308": {"runs": 5, "balls": 8, "wickets": 0}, "e087956b": {"runs": 2, "balls": 18, "wickets": 2}, "8d92a2c3": {"runs": 0, "balls": 9, "wickets": 1}, "2e9fdf9b": {"runs": 16, "balls": 14, "wickets": 1}, "13c35c9e": {"runs": 12, "balls": 22, "wickets": 0}, "e4a0deae": {"runs": 0, "balls": 6, "wickets": 1}, "c8574282": {"runs": 4, "balls": 4, "wickets": 0}, "350bb1b1": {"runs": 5, "balls": 4, "wickets": 0}, "8abdf100": {"runs": 8, "balls": 10, "wickets": 0}, "a818c1be": {"runs": 10, "balls": 10, "wickets": 1}, "78adc879": {"runs": 0, "balls": 1, "wickets": 1}, "7f8ecc51": {"runs": 1, "balls": 1, "wickets": 0}, "a03bba42": {"runs": 8, "balls": 17, "wickets": 1}, "acee4cc4": {"runs": 7, "balls": 7, "wickets": 0}, "e62dd25d": {"runs": 35, "balls": 60, "wickets": 1}, "d2fcce2f": {"runs": 7, "balls": 30, "wickets": 1}, "79aad751": {"runs": 0, "balls": 10, "wickets": 0}, "7d608e12": {"runs": 0, "balls": 7, "wickets": 0}, "5531248e": {"runs": 5, "balls": 28, "wickets": 2}, "0b60eb09": {"runs": 28, "balls": 48, "wickets": 1}, "cfe70281": {"runs": 25, "balls": 41, "wickets": 1}, "2e8994e7": {"runs": 13, "balls": 28, "wickets": 0}, "9ffd1ac1": {"runs": 0, "balls": 8, "wickets": 1}, "a9da7784": {"runs": 0, "balls": 3, "wickets": 1}, "e174dadd": {"runs": 4, "balls": 11, "wickets": 1}, "f2800ef3": {"runs": 8, "balls": 13, "wickets": 0}, "b3118300": {"runs": 0, "balls": 2, "wickets": 0}, "086f5984": {"runs": 0, "balls": 1, "wickets": 0}, "81049310": {"runs": 0, "balls": 5, "wickets": 0}, "fe93fd9d": {"runs": 25, "balls": 32, "wickets": 1}, "7dc35884": {"runs": 4, "balls": 10, "wickets": 1}, "c58b0108": {"runs": 1, "balls": 10, "wickets": 0}, "9d1d34bd": {"runs": 0, "balls": 5, "wickets": 0}, "4c5d73db": {"runs": 9, "balls": 23, "wickets": 1}, "e9987a94": {"runs": 1, "balls": 3, "wickets": 1}, "e86754b2": {"runs": 2, "balls": 5, "wickets": 0}, "5bb5a915": {"runs": 13, "balls": 13, "wickets": 1}, "f834dcfc": {"runs": 22, "balls": 22, "wickets": 0}, "462411b3": {"runs": 21, "balls": 42, "wickets": 1}, "8d2c70ad": {"runs": 9, "balls": 17, "wickets": 0}, "94253925": {"runs": 1, "balls": 4, "wickets": 0}, "3987e390": {"runs": 3, "balls": 8, "wickets": 1}, "5574750c": {"runs": 6, "balls": 5, "wickets": 0}, "6c87f1df": {"runs": 0, "balls": 2, "wickets": 0}, "81d06fb5": {"runs": 0, "balls": 5, "wickets": 2}, "15de1f5d": {"runs": 1, "balls": 2, "wickets": 0}, "2b0f2af3": {"runs": 1, "balls": 6, "wickets": 0}, "bd93fea4": {"runs": 12, "balls": 3, "wickets": 0}, "ab6b1c45": {"runs": 1, "balls": 3, "wickets": 0}, "acdc62f5": {"runs": 0, "balls": 1, "wickets": 1}, "e94915e6": {"runs": 3, "balls": 4, "wickets": 0}, "249d60c9": {"runs": 2, "balls": 6, "wickets": 1}, "ce794613": {"runs": 4, "balls": 10, "wickets": 1}, "1abb78f8": {"runs": 9, "balls": 12, "wickets": 0}, "2f49c897": {"runs": 18, "balls": 23, "wickets": 1}, "f19ccfad": {"runs": 2, "balls": 13, "wickets": 0}, "442461fa": {"runs": 0, "balls": 5, "wickets": 0}, "70c4f525": {"runs": 0, "balls": 6, "wickets": 0}, "d167edd3": {"runs": 0, "balls": 1, "wickets": 0}, "0164b064": {"runs": 0, "balls": 6, "wickets": 1}, "86b4bf88": {"runs": 3, "balls": 4, "wickets": 0}, "898e628d": {"runs": 0, "balls": 1, "wickets": 1}, "529eb9e0": {"runs": 1, "balls": 3, "wickets": 1}, "a1d053dd": {"runs": 4, "balls": 1, "wickets": 0}, "db584dad": {"runs": 0, "balls": 1, "wickets": 1}, "1ac2a995": {"runs": 14, "balls": 7, "wickets": 0}, "0a8fce53": {"runs": 2, "balls": 3, "wickets": 0}, "dabbd0ae": {"runs": 2, "balls": 2, "wickets": 0}, "87e562a9": {"runs": 5, "balls": 4, "wickets": 0}, "ffe699c0": {"runs": 2, "balls": 3, "wickets": 0}, "81c08fa3": {"runs": 0, "balls": 5, "wickets": 0}, "81c36ee9": {"runs": 1, "balls": 1, "wickets": 0}, "85e0cf10": {"runs": 1, "balls": 4, "wickets": 0}, "244048f6": {"runs": 6, "balls": 3, "wickets": 0}, "fb3e0d39": {"runs": 4, "balls": 4, "wickets": 0}, "b08252b8": {"runs": 0, "balls": 2, "wickets": 1}, "e38bce7a": {"runs": 14, "balls": 8, "wickets": 0}, "e84ac20c": {"runs": 6, "balls": 28, "wickets": 1}, "9219eff0": {"runs": 7, "balls": 5, "wickets": 0}, "c0c411cb": {"runs": 1, "balls": 2, "wickets": 0}, "0f3ee070": {"runs": 4, "balls": 6, "wickets": 1}, "3204c99f": {"runs": 12, "balls": 5, "wickets": 0}, "dbe50b21": {"runs": 1, "balls": 1, "wickets": 0}, "45a7e761": {"runs": 2, "balls": 12, "wickets": 1}, "a8e54ef4": {"runs": 4, "balls": 8, "wickets": 1}, "27c5715d": {"runs": 4, "balls": 4, "wickets": 0}, "2911de16": {"runs": 1, "balls": 2, "wickets": 0}, "cb1a782a": {"runs": 0, "balls": 2, "wickets": 0}, "97290faf": {"runs": 0, "balls": 3, "wickets": 1}, "b0946605": {"runs": 0, "balls": 2, "wickets": 0}, "c5aef772": {"runs": 2, "balls": 2, "wickets": 0}, "83d17bbc": {"runs": 2, "balls": 2, "wickets": 0}, "2f9d0389": {"runs": 0, "balls": 1, "wickets": 1}, "cb9b8664": {"runs": 9, "balls": 15, "wickets": 0}, "ba5e1069": {"runs": 0, "balls": 7, "wickets": 0}, "fef92afc": {"runs": 1, "balls": 3, "wickets": 0}, "9a46c4e5": {"runs": 0, "balls": 6, "wickets": 0}, "0f6db197": {"runs": 1, "balls": 4, "wickets": 0}, "cad40f5e": {"runs": 4, "balls": 4, "wickets": 0}, "9caf69a1": {"runs": 0, "balls": 2, "wickets": 0}, "3f659464": {"runs": 0, "balls": 1, "wickets": 0}, "894b2d25": {"runs": 0, "balls": 4, "wickets": 0}, "2372b3ad": {"runs": 1, "balls": 1, "wickets": 0}, "24bb1c2f": {"runs": 0, "balls": 2, "wickets": 0}, "9c9af282": {"runs": 1, "balls": 1, "wickets": 0}}, "fifties": 0, "thirties": 3, "centuries": 0, "maidens": 683.0, "hattricks": 76, "club_ODI_previous3_runs": [], "club_ODI_previous3_wickets": [], "club_ODI_previous3_balls played": [], "club_ODI_previous3_overs": [], "club_ODI_previous3_runs gave": [], "club_ODI_lifetime_runs": 0.0, "club_ODI_lifetime_wickets": 0.0, "club_ODI_lifetime_balls played": 0.0, "club_ODI_lifetime_overs": 0.0, "club_ODI_lifetime_runs gave": 0.0, "club_Test_previous3_runs": [0.0, 3.0, 1.0], "club_Test_previous3_wickets": [4.0, 1.0, 0.0], "club_Test_previous3_balls played": [0.0, 11.0, 1.0], "club_Test_previous3_overs": [37.0, 25.0, 24.0], "club_Test_previous3_runs gave": [113.0, 43.0, 58.0], "club_Test_lifetime_runs": 5.0, "club_Test_lifetime_wickets": 11.0, "club_Test_lifetime_balls played": 34.0, "club_Test_lifetime_overs": 155.66666666666669, "club_Test_lifetime_runs gave": 388.0, "club_T20_previous3_runs": [1.0, 1.0, 0.0], "club_T20_previous3_wickets": [2.0, 2.0, 0.0], "club_T20_previous3_balls played": [2.0, 2.0, 0.0], "club_T20_previous3_overs": [4.0, 3.0, 3.0], "club_T20_previous3_runs gave": [23.0, 15.0, 32.0], "club_T20_lifetime_runs": 36.0, "club_T20_lifetime_wickets": 57.0, "club_T20_lifetime_balls played": 43.0, "club_T20_lifetime_overs": 164.0, "club_T20_lifetime_runs gave": 1312.0, "international_ODI_previous3_runs": [0.0, 0.0, 2.0], "international_ODI_previous3_wickets": [1.0, 0.0, 0.0], "international_ODI_previous3_balls played": [4.0, 0.0, 9.0], "international_ODI_previous3_overs": [8.0, 6.0, 7.0], "international_ODI_previous3_runs gave": [45.0, 33.0, 37.0], "international_ODI_lifetime_runs": 131.0, "international_ODI_lifetime_wickets": 124.0, "international_ODI_lifetime_balls played": 161.0, "international_ODI_lifetime_overs": 761.6666666666665, "international_ODI_lifetime_runs gave": 3743.0, "international_Test_previous3_runs": [0.0, 23.0, 1.0], "international_Test_previous3_wickets": [5.0, 4.0, 5.0], "international_Test_previous3_balls played": [5.0, 69.0, 3.0], "international_Test_previous3_overs": [34.0, 21.666666666666664, 39.333333333333336], "international_Test_previous3_runs gave": [62.0, 75.0, 103.0], "international_Test_lifetime_runs": 499.0, "international_Test_lifetime_wickets": 238.0, "international_Test_lifetime_balls played": 1128.0, "international_Test_lifetime_overs": 2424.5, "international_Test_lifetime_runs gave": 7026.0, "international_T20_previous3_runs": [0.0, 0.0, 2.0], "international_T20_previous3_wickets": [0.0, 1.0, 2.0], "international_T20_previous3_balls played": [0.0, 0.0, 5.0], "international_T20_previous3_overs": [4.0, 4.0, 4.0], "international_T20_previous3_runs gave": [25.0, 15.0, 33.0], "international_T20_lifetime_runs": 24.0, "international_T20_lifetime_wickets": 63.0, "international_T20_lifetime_balls played": 20.0, "international_T20_lifetime_overs": 190.0, "international_T20_lifetime_runs gave": 1454.0}