{"played_against": {"fed9a316": {"runs": 4, "balls": 8, "wickets": 1}, "3486a171": {"runs": 3, "balls": 3, "wickets": 0}, "b7880d1d": {"runs": 5, "balls": 4, "wickets": 0}, "2b661b53": {"runs": 3, "balls": 6, "wickets": 0}, "b5472435": {"runs": 0, "balls": 1, "wickets": 0}, "1e630426": {"runs": 7, "balls": 5, "wickets": 1}, "3be2b0a3": {"runs": 2, "balls": 8, "wickets": 0}, "2f208ab6": {"runs": 3, "balls": 5, "wickets": 0}, "6153ce0d": {"runs": 5, "balls": 2, "wickets": 1}}, "fifties": 0, "thirties": 0, "centuries": 0, "maidens": 0.0, "hattricks": 0, "club_ODI_previous3_runs": [], "club_ODI_previous3_wickets": [], "club_ODI_previous3_balls played": [], "club_ODI_previous3_overs": [], "club_ODI_previous3_runs gave": [], "club_ODI_lifetime_runs": 0.0, "club_ODI_lifetime_wickets": 0.0, "club_ODI_lifetime_balls played": 0.0, "club_ODI_lifetime_overs": 0.0, "club_ODI_lifetime_runs gave": 0.0, "club_Test_previous3_runs": [], "club_Test_previous3_wickets": [], "club_Test_previous3_balls played": [], "club_Test_previous3_overs": [], "club_Test_previous3_runs gave": [], "club_Test_lifetime_runs": 0.0, "club_Test_lifetime_wickets": 0.0, "club_Test_lifetime_balls played": 0.0, "club_Test_lifetime_overs": 0.0, "club_Test_lifetime_runs gave": 0.0, "club_T20_previous3_runs": [], "club_T20_previous3_wickets": [], "club_T20_previous3_balls played": [], "club_T20_previous3_overs": [], "club_T20_previous3_runs gave": [], "club_T20_lifetime_runs": 0.0, "club_T20_lifetime_wickets": 0.0, "club_T20_lifetime_balls played": 0.0, "club_T20_lifetime_overs": 0.0, "club_T20_lifetime_runs gave": 0.0, "international_ODI_previous3_runs": [], "international_ODI_previous3_wickets": [], "international_ODI_previous3_balls played": [], "international_ODI_previous3_overs": [], "international_ODI_previous3_runs gave": [], "international_ODI_lifetime_runs": 0.0, "international_ODI_lifetime_wickets": 0.0, "international_ODI_lifetime_balls played": 0.0, "international_ODI_lifetime_overs": 0.0, "international_ODI_lifetime_runs gave": 0.0, "international_Test_previous3_runs": [], "international_Test_previous3_wickets": [], "international_Test_previous3_balls played": [], "international_Test_previous3_overs": [], "international_Test_previous3_runs gave": [], "international_Test_lifetime_runs": 0.0, "international_Test_lifetime_wickets": 0.0, "international_Test_lifetime_balls played": 0.0, "international_Test_lifetime_overs": 0.0, "international_Test_lifetime_runs gave": 0.0, "international_T20_previous3_runs": [3.0, 0.0, 17.0], "international_T20_previous3_wickets": [0.0, 0.0, 0.0], "international_T20_previous3_balls played": [7.0, 1.0, 20.0], "international_T20_previous3_overs": [4.166666666666667, 3.0, 3.0], "international_T20_previous3_runs gave": [21.0, 15.0, 13.0], "international_T20_lifetime_runs": 32.0, "international_T20_lifetime_wickets": 3.0, "international_T20_lifetime_balls played": 43.0, "international_T20_lifetime_overs": 17.166666666666668, "international_T20_lifetime_runs gave": 71.0}