{"played_against": {"b75b7b09": {"runs": 3, "balls": 4, "wickets": 0}, "362fde0f": {"runs": 12, "balls": 9, "wickets": 0}, "d76ab352": {"runs": 6, "balls": 4, "wickets": 0}, "d1c7dd6d": {"runs": 0, "balls": 1, "wickets": 1}, "a15f337a": {"runs": 5, "balls": 5, "wickets": 0}, "17bc032c": {"runs": 1, "balls": 3, "wickets": 0}, "7fcc57bf": {"runs": 0, "balls": 1, "wickets": 1}, "6b46ce43": {"runs": 4, "balls": 4, "wickets": 0}, "0b581ed6": {"runs": 4, "balls": 5, "wickets": 0}, "9e0bd203": {"runs": 1, "balls": 3, "wickets": 1}, "f8035c2a": {"runs": 2, "balls": 3, "wickets": 0}, "c443b748": {"runs": 0, "balls": 2, "wickets": 1}, "5c93efb1": {"runs": 5, "balls": 5, "wickets": 0}, "249fe400": {"runs": 6, "balls": 6, "wickets": 0}, "06b45b20": {"runs": 24, "balls": 18, "wickets": 1}, "0331c99a": {"runs": 5, "balls": 6, "wickets": 0}, "58a7f842": {"runs": 7, "balls": 9, "wickets": 1}, "90a41671": {"runs": 11, "balls": 11, "wickets": 0}, "bd021695": {"runs": 11, "balls": 13, "wickets": 0}, "c0fca5eb": {"runs": 6, "balls": 12, "wickets": 0}, "d981a1de": {"runs": 4, "balls": 6, "wickets": 0}, "d35a520a": {"runs": 4, "balls": 4, "wickets": 1}, "8de618ab": {"runs": 6, "balls": 8, "wickets": 0}, "e27cff77": {"runs": 0, "balls": 1, "wickets": 0}, "ef141f36": {"runs": 1, "balls": 1, "wickets": 0}, "926c6d3c": {"runs": 2, "balls": 5, "wickets": 0}, "2a00735b": {"runs": 1, "balls": 4, "wickets": 1}}, "fifties": 0, "thirties": 1, "centuries": 0, "maidens": 0.0, "hattricks": 0, "club_ODI_previous3_runs": [], "club_ODI_previous3_wickets": [], "club_ODI_previous3_balls played": [], "club_ODI_previous3_overs": [], "club_ODI_previous3_runs gave": [], "club_ODI_lifetime_runs": 0.0, "club_ODI_lifetime_wickets": 0.0, "club_ODI_lifetime_balls played": 0.0, "club_ODI_lifetime_overs": 0.0, "club_ODI_lifetime_runs gave": 0.0, "club_Test_previous3_runs": [], "club_Test_previous3_wickets": [], "club_Test_previous3_balls played": [], "club_Test_previous3_overs": [], "club_Test_previous3_runs gave": [], "club_Test_lifetime_runs": 0.0, "club_Test_lifetime_wickets": 0.0, "club_Test_lifetime_balls played": 0.0, "club_Test_lifetime_overs": 0.0, "club_Test_lifetime_runs gave": 0.0, "club_T20_previous3_runs": [], "club_T20_previous3_wickets": [], "club_T20_previous3_balls played": [], "club_T20_previous3_overs": [], "club_T20_previous3_runs gave": [], "club_T20_lifetime_runs": 0.0, "club_T20_lifetime_wickets": 0.0, "club_T20_lifetime_balls played": 0.0, "club_T20_lifetime_overs": 0.0, "club_T20_lifetime_runs gave": 0.0, "international_ODI_previous3_runs": [], "international_ODI_previous3_wickets": [], "international_ODI_previous3_balls played": [], "international_ODI_previous3_overs": [], "international_ODI_previous3_runs gave": [], "international_ODI_lifetime_runs": 0.0, "international_ODI_lifetime_wickets": 0.0, "international_ODI_lifetime_balls played": 0.0, "international_ODI_lifetime_overs": 0.0, "international_ODI_lifetime_runs gave": 0.0, "international_Test_previous3_runs": [], "international_Test_previous3_wickets": [], "international_Test_previous3_balls played": [], "international_Test_previous3_overs": [], "international_Test_previous3_runs gave": [], "international_Test_lifetime_runs": 0.0, "international_Test_lifetime_wickets": 0.0, "international_Test_lifetime_balls played": 0.0, "international_Test_lifetime_overs": 0.0, "international_Test_lifetime_runs gave": 0.0, "international_T20_previous3_runs": [5.0, 10.0, 3.0], "international_T20_previous3_wickets": [0.0, 1.0, 1.0], "international_T20_previous3_balls played": [6.0, 14.0, 9.0], "international_T20_previous3_overs": [0.0, 2.0, 3.0], "international_T20_previous3_runs gave": [0.0, 20.0, 15.0], "international_T20_lifetime_runs": 131.0, "international_T20_lifetime_wickets": 4.0, "international_T20_lifetime_balls played": 153.0, "international_T20_lifetime_overs": 17.0, "international_T20_lifetime_runs gave": 100.0}