{"played_against": {"05b1aef8": {"runs": 4, "balls": 7, "wickets": 1}, "33b13a3c": {"runs": 0, "balls": 2, "wickets": 0}, "149d0c18": {"runs": 8, "balls": 16, "wickets": 0}, "9f395b45": {"runs": 3, "balls": 10, "wickets": 0}, "f8e48647": {"runs": 3, "balls": 3, "wickets": 0}, "ba5e1069": {"runs": 5, "balls": 3, "wickets": 0}, "90701232": {"runs": 2, "balls": 5, "wickets": 0}, "dadbdb68": {"runs": 2, "balls": 11, "wickets": 0}}, "fifties": 0, "thirties": 0, "centuries": 0, "maidens": 0.0, "hattricks": 0, "club_ODI_previous3_runs": [], "club_ODI_previous3_wickets": [], "club_ODI_previous3_balls played": [], "club_ODI_previous3_overs": [], "club_ODI_previous3_runs gave": [], "club_ODI_lifetime_runs": 0.0, "club_ODI_lifetime_wickets": 0.0, "club_ODI_lifetime_balls played": 0.0, "club_ODI_lifetime_overs": 0.0, "club_ODI_lifetime_runs gave": 0.0, "club_Test_previous3_runs": [23.0, 4.0], "club_Test_previous3_wickets": [0.0, 0.0], "club_Test_previous3_balls played": [42.0, 16.0], "club_Test_previous3_overs": [0.0, 0.0], "club_Test_previous3_runs gave": [0.0, 0.0], "club_Test_lifetime_runs": 27.0, "club_Test_lifetime_wickets": 0.0, "club_Test_lifetime_balls played": 58.0, "club_Test_lifetime_overs": 0.0, "club_Test_lifetime_runs gave": 0.0, "club_T20_previous3_runs": [], "club_T20_previous3_wickets": [], "club_T20_previous3_balls played": [], "club_T20_previous3_overs": [], "club_T20_previous3_runs gave": [], "club_T20_lifetime_runs": 0.0, "club_T20_lifetime_wickets": 0.0, "club_T20_lifetime_balls played": 0.0, "club_T20_lifetime_overs": 0.0, "club_T20_lifetime_runs gave": 0.0, "international_ODI_previous3_runs": [], "international_ODI_previous3_wickets": [], "international_ODI_previous3_balls played": [], "international_ODI_previous3_overs": [], "international_ODI_previous3_runs gave": [], "international_ODI_lifetime_runs": 0.0, "international_ODI_lifetime_wickets": 0.0, "international_ODI_lifetime_balls played": 0.0, "international_ODI_lifetime_overs": 0.0, "international_ODI_lifetime_runs gave": 0.0, "international_Test_previous3_runs": [], "international_Test_previous3_wickets": [], "international_Test_previous3_balls played": [], "international_Test_previous3_overs": [], "international_Test_previous3_runs gave": [], "international_Test_lifetime_runs": 0.0, "international_Test_lifetime_wickets": 0.0, "international_Test_lifetime_balls played": 0.0, "international_Test_lifetime_overs": 0.0, "international_Test_lifetime_runs gave": 0.0, "international_T20_previous3_runs": [], "international_T20_previous3_wickets": [], "international_T20_previous3_balls played": [], "international_T20_previous3_overs": [], "international_T20_previous3_runs gave": [], "international_T20_lifetime_runs": 0.0, "international_T20_lifetime_wickets": 0.0, "international_T20_lifetime_balls played": 0.0, "international_T20_lifetime_overs": 0.0, "international_T20_lifetime_runs gave": 0.0}