{"played_against": {"673be48f": {"runs": 7, "balls": 5, "wickets": 0}, "49f6d023": {"runs": 8, "balls": 3, "wickets": 0}, "9585854d": {"runs": 3, "balls": 5, "wickets": 1}, "1c8ada57": {"runs": 0, "balls": 1, "wickets": 1}, "3f9feb1e": {"runs": 0, "balls": 1, "wickets": 0}, "10f7b52b": {"runs": 2, "balls": 3, "wickets": 0}, "bf19d427": {"runs": 3, "balls": 5, "wickets": 1}, "5299063a": {"runs": 2, "balls": 2, "wickets": 0}, "110b180a": {"runs": 0, "balls": 1, "wickets": 1}, "24a93558": {"runs": 1, "balls": 2, "wickets": 0}, "26b59073": {"runs": 7, "balls": 4, "wickets": 0}, "e112732d": {"runs": 9, "balls": 3, "wickets": 0}, "11b37b2a": {"runs": 0, "balls": 1, "wickets": 0}, "bb4da4d3": {"runs": 1, "balls": 2, "wickets": 0}}, "fifties": 0, "thirties": 0, "centuries": 0, "maidens": 0.0, "hattricks": 0, "club_ODI_previous3_runs": [], "club_ODI_previous3_wickets": [], "club_ODI_previous3_balls played": [], "club_ODI_previous3_overs": [], "club_ODI_previous3_runs gave": [], "club_ODI_lifetime_runs": 0.0, "club_ODI_lifetime_wickets": 0.0, "club_ODI_lifetime_balls played": 0.0, "club_ODI_lifetime_overs": 0.0, "club_ODI_lifetime_runs gave": 0.0, "club_Test_previous3_runs": [], "club_Test_previous3_wickets": [], "club_Test_previous3_balls played": [], "club_Test_previous3_overs": [], "club_Test_previous3_runs gave": [], "club_Test_lifetime_runs": 0.0, "club_Test_lifetime_wickets": 0.0, "club_Test_lifetime_balls played": 0.0, "club_Test_lifetime_overs": 0.0, "club_Test_lifetime_runs gave": 0.0, "club_T20_previous3_runs": [], "club_T20_previous3_wickets": [], "club_T20_previous3_balls played": [], "club_T20_previous3_overs": [], "club_T20_previous3_runs gave": [], "club_T20_lifetime_runs": 0.0, "club_T20_lifetime_wickets": 0.0, "club_T20_lifetime_balls played": 0.0, "club_T20_lifetime_overs": 0.0, "club_T20_lifetime_runs gave": 0.0, "international_ODI_previous3_runs": [], "international_ODI_previous3_wickets": [], "international_ODI_previous3_balls played": [], "international_ODI_previous3_overs": [], "international_ODI_previous3_runs gave": [], "international_ODI_lifetime_runs": 0.0, "international_ODI_lifetime_wickets": 0.0, "international_ODI_lifetime_balls played": 0.0, "international_ODI_lifetime_overs": 0.0, "international_ODI_lifetime_runs gave": 0.0, "international_Test_previous3_runs": [], "international_Test_previous3_wickets": [], "international_Test_previous3_balls played": [], "international_Test_previous3_overs": [], "international_Test_previous3_runs gave": [], "international_Test_lifetime_runs": 0.0, "international_Test_lifetime_wickets": 0.0, "international_Test_lifetime_balls played": 0.0, "international_Test_lifetime_overs": 0.0, "international_Test_lifetime_runs gave": 0.0, "international_T20_previous3_runs": [2.0, 0.0, 0.0], "international_T20_previous3_wickets": [0.0, 0.0, 0.0], "international_T20_previous3_balls played": [5.0, 0.0, 0.0], "international_T20_previous3_overs": [1.0, 2.0, 2.0], "international_T20_previous3_runs gave": [17.0, 23.0, 16.0], "international_T20_lifetime_runs": 43.0, "international_T20_lifetime_wickets": 5.0, "international_T20_lifetime_balls played": 38.0, "international_T20_lifetime_overs": 23.0, "international_T20_lifetime_runs gave": 168.0}