{"played_against": {"896d78ad": {"runs": 0, "balls": 1, "wickets": 0}, "bbd41817": {"runs": 6, "balls": 4, "wickets": 0}, "5eef2118": {"runs": 2, "balls": 2, "wickets": 0}, "2af838ee": {"runs": 8, "balls": 7, "wickets": 1}, "28d7f469": {"runs": 0, "balls": 1, "wickets": 0}, "ee1b6c27": {"runs": 3, "balls": 3, "wickets": 1}, "ac5ae4af": {"runs": 5, "balls": 6, "wickets": 0}, "f0e293b0": {"runs": 2, "balls": 3, "wickets": 0}, "08548b13": {"runs": 1, "balls": 1, "wickets": 0}, "e342e5fb": {"runs": 3, "balls": 2, "wickets": 0}, "fb3e0d39": {"runs": 3, "balls": 2, "wickets": 0}, "8012d0b8": {"runs": 0, "balls": 0, "wickets": 0}, "80ad39ac": {"runs": 6, "balls": 8, "wickets": 0}, "77768f72": {"runs": 1, "balls": 3, "wickets": 0}, "24bb1c2f": {"runs": 0, "balls": 0, "wickets": 0}, "9dad0f2e": {"runs": 2, "balls": 2, "wickets": 0}, "492ff0c2": {"runs": 2, "balls": 3, "wickets": 0}, "8f6dd463": {"runs": 6, "balls": 3, "wickets": 0}, "efc04be7": {"runs": 1, "balls": 3, "wickets": 0}, "f422728b": {"runs": 1, "balls": 3, "wickets": 0}, "ffe699c0": {"runs": 1, "balls": 2, "wickets": 0}, "26d041c4": {"runs": 3, "balls": 3, "wickets": 0}, "3f659464": {"runs": 3, "balls": 6, "wickets": 0}, "fef92afc": {"runs": 2, "balls": 3, "wickets": 0}, "77b1aa15": {"runs": 1, "balls": 1, "wickets": 0}, "5b7ab5a9": {"runs": 2, "balls": 2, "wickets": 0}, "3fb19989": {"runs": 1, "balls": 1, "wickets": 0}, "9de62878": {"runs": 2, "balls": 6, "wickets": 0}, "736123bb": {"runs": 2, "balls": 4, "wickets": 0}, "64839cb3": {"runs": 10, "balls": 12, "wickets": 0}, "dabbd0ae": {"runs": 2, "balls": 3, "wickets": 0}, "be620896": {"runs": 9, "balls": 7, "wickets": 0}}, "fifties": 0, "thirties": 0, "centuries": 0, "maidens": 0.0, "hattricks": 4, "club_ODI_previous3_runs": [], "club_ODI_previous3_wickets": [], "club_ODI_previous3_balls played": [], "club_ODI_previous3_overs": [], "club_ODI_previous3_runs gave": [], "club_ODI_lifetime_runs": 0.0, "club_ODI_lifetime_wickets": 0.0, "club_ODI_lifetime_balls played": 0.0, "club_ODI_lifetime_overs": 0.0, "club_ODI_lifetime_runs gave": 0.0, "club_Test_previous3_runs": [], "club_Test_previous3_wickets": [], "club_Test_previous3_balls played": [], "club_Test_previous3_overs": [], "club_Test_previous3_runs gave": [], "club_Test_lifetime_runs": 0.0, "club_Test_lifetime_wickets": 0.0, "club_Test_lifetime_balls played": 0.0, "club_Test_lifetime_overs": 0.0, "club_Test_lifetime_runs gave": 0.0, "club_T20_previous3_runs": [25.0, 0.0, 0.0], "club_T20_previous3_wickets": [0.0, 3.0, 0.0], "club_T20_previous3_balls played": [34.0, 0.0, 0.0], "club_T20_previous3_overs": [2.0, 4.0, 3.0], "club_T20_previous3_runs gave": [20.0, 30.0, 39.0], "club_T20_lifetime_runs": 90.0, "club_T20_lifetime_wickets": 31.0, "club_T20_lifetime_balls played": 111.0, "club_T20_lifetime_overs": 116.66666666666666, "club_T20_lifetime_runs gave": 883.0, "international_ODI_previous3_runs": [], "international_ODI_previous3_wickets": [], "international_ODI_previous3_balls played": [], "international_ODI_previous3_overs": [], "international_ODI_previous3_runs gave": [], "international_ODI_lifetime_runs": 0.0, "international_ODI_lifetime_wickets": 0.0, "international_ODI_lifetime_balls played": 0.0, "international_ODI_lifetime_overs": 0.0, "international_ODI_lifetime_runs gave": 0.0, "international_Test_previous3_runs": [], "international_Test_previous3_wickets": [], "international_Test_previous3_balls played": [], "international_Test_previous3_overs": [], "international_Test_previous3_runs gave": [], "international_Test_lifetime_runs": 0.0, "international_Test_lifetime_wickets": 0.0, "international_Test_lifetime_balls played": 0.0, "international_Test_lifetime_overs": 0.0, "international_Test_lifetime_runs gave": 0.0, "international_T20_previous3_runs": [], "international_T20_previous3_wickets": [], "international_T20_previous3_balls played": [], "international_T20_previous3_overs": [], "international_T20_previous3_runs gave": [], "international_T20_lifetime_runs": 0.0, "international_T20_lifetime_wickets": 0.0, "international_T20_lifetime_balls played": 0.0, "international_T20_lifetime_overs": 0.0, "international_T20_lifetime_runs gave": 0.0}