{"played_against": {"01a95383": {"runs": 10, "balls": 11, "wickets": 0}, "6c79c098": {"runs": 8, "balls": 11, "wickets": 1}, "cd882d22": {"runs": 15, "balls": 33, "wickets": 1}, "dda5aae5": {"runs": 3, "balls": 2, "wickets": 0}, "0a12e736": {"runs": 17, "balls": 18, "wickets": 0}, "f7177fd6": {"runs": 17, "balls": 45, "wickets": 0}, "7fa2ab1f": {"runs": 1, "balls": 8, "wickets": 1}, "4c0f3806": {"runs": 22, "balls": 17, "wickets": 0}, "a7c7802a": {"runs": 8, "balls": 16, "wickets": 1}, "9c7d7cda": {"runs": 25, "balls": 40, "wickets": 0}, "fac298ff": {"runs": 6, "balls": 12, "wickets": 0}, "70fdd428": {"runs": 0, "balls": 7, "wickets": 1}, "5db1c288": {"runs": 1, "balls": 2, "wickets": 0}, "58822938": {"runs": 7, "balls": 23, "wickets": 1}, "a9da7784": {"runs": 3, "balls": 8, "wickets": 0}, "556302a7": {"runs": 14, "balls": 22, "wickets": 0}, "e9d5218e": {"runs": 0, "balls": 1, "wickets": 1}, "f3abd0c9": {"runs": 1, "balls": 3, "wickets": 0}, "4a461c24": {"runs": 6, "balls": 7, "wickets": 1}, "ad962377": {"runs": 6, "balls": 4, "wickets": 0}, "3812d56b": {"runs": 2, "balls": 2, "wickets": 0}, "c6a9148d": {"runs": 17, "balls": 8, "wickets": 0}, "5b3acc53": {"runs": 8, "balls": 8, "wickets": 2}, "49299473": {"runs": 0, "balls": 1, "wickets": 0}, "bca21d18": {"runs": 16, "balls": 19, "wickets": 1}, "a72b14ff": {"runs": 11, "balls": 23, "wickets": 0}, "e86754b2": {"runs": 0, "balls": 10, "wickets": 1}, "57a76baa": {"runs": 24, "balls": 27, "wickets": 0}, "5ac8f17b": {"runs": 19, "balls": 19, "wickets": 0}, "7b1e20ea": {"runs": 37, "balls": 34, "wickets": 0}, "9a158001": {"runs": 7, "balls": 7, "wickets": 0}, "98eacfe5": {"runs": 13, "balls": 11, "wickets": 0}, "6f049d41": {"runs": 13, "balls": 7, "wickets": 0}, "7ca5e05d": {"runs": 21, "balls": 11, "wickets": 0}, "91ffa6c6": {"runs": 17, "balls": 10, "wickets": 0}, "ecf7bbc9": {"runs": 15, "balls": 7, "wickets": 0}, "611926bc": {"runs": 4, "balls": 5, "wickets": 0}, "e05b2a5b": {"runs": 14, "balls": 8, "wickets": 1}, "b16cf2ec": {"runs": 4, "balls": 32, "wickets": 0}, "1427277f": {"runs": 7, "balls": 45, "wickets": 1}, "867a45a7": {"runs": 13, "balls": 38, "wickets": 0}, "1066a976": {"runs": 20, "balls": 28, "wickets": 1}, "0bec3a6c": {"runs": 3, "balls": 3, "wickets": 0}, "600fa134": {"runs": 19, "balls": 5, "wickets": 0}, "aed5be04": {"runs": 6, "balls": 3, "wickets": 0}, "025a092b": {"runs": 6, "balls": 7, "wickets": 1}, "ccdd8308": {"runs": 0, "balls": 4, "wickets": 0}, "3d65556f": {"runs": 8, "balls": 14, "wickets": 0}, "eb9cb105": {"runs": 5, "balls": 7, "wickets": 1}, "5bdcdb72": {"runs": 15, "balls": 10, "wickets": 0}, "45966141": {"runs": 15, "balls": 5, "wickets": 0}, "0e0d43b4": {"runs": 3, "balls": 3, "wickets": 0}, "cf73ad76": {"runs": 3, "balls": 6, "wickets": 1}, "ab474682": {"runs": 6, "balls": 7, "wickets": 0}, "fdb8ed0d": {"runs": 8, "balls": 7, "wickets": 0}, "c672e80e": {"runs": 3, "balls": 3, "wickets": 1}, "9395f98e": {"runs": 3, "balls": 8, "wickets": 0}, "49b6c09f": {"runs": 18, "balls": 18, "wickets": 0}, "1179469b": {"runs": 4, "balls": 5, "wickets": 0}, "45c2196c": {"runs": 0, "balls": 2, "wickets": 1}, "c1f6c27e": {"runs": 3, "balls": 10, "wickets": 0}, "e087956b": {"runs": 5, "balls": 10, "wickets": 0}, "012829ff": {"runs": 0, "balls": 10, "wickets": 0}, "dddc811c": {"runs": 3, "balls": 12, "wickets": 0}, "93e06301": {"runs": 28, "balls": 27, "wickets": 0}, "3987e390": {"runs": 10, "balls": 12, "wickets": 0}, "b552a935": {"runs": 5, "balls": 2, "wickets": 0}, "47b4ad09": {"runs": 6, "balls": 3, "wickets": 0}, "06c2de82": {"runs": 10, "balls": 4, "wickets": 1}, "8728a058": {"runs": 2, "balls": 3, "wickets": 0}, "151d88b3": {"runs": 7, "balls": 9, "wickets": 0}, "561f3a34": {"runs": 18, "balls": 14, "wickets": 0}, "f5821615": {"runs": 16, "balls": 10, "wickets": 0}, "8d1dad51": {"runs": 9, "balls": 6, "wickets": 1}, "932d3cc9": {"runs": 7, "balls": 2, "wickets": 0}, "3cf5ae43": {"runs": 3, "balls": 5, "wickets": 0}, "fea7a34c": {"runs": 22, "balls": 13, "wickets": 0}, "8c7d6cbe": {"runs": 17, "balls": 6, "wickets": 0}}, "fifties": 0, "thirties": 12, "centuries": 0, "maidens": 0.0, "hattricks": 0, "club_ODI_previous3_runs": [62.0, 52.0, 59.0], "club_ODI_previous3_wickets": [0.0, 0.0, 0.0], "club_ODI_previous3_balls played": [62.0, 42.0, 31.0], "club_ODI_previous3_overs": [0.0, 0.0, 0.0], "club_ODI_previous3_runs gave": [0.0, 0.0, 0.0], "club_ODI_lifetime_runs": 307.0, "club_ODI_lifetime_wickets": 0.0, "club_ODI_lifetime_balls played": 300.0, "club_ODI_lifetime_overs": 0.0, "club_ODI_lifetime_runs gave": 0.0, "club_Test_previous3_runs": [23.0, 51.0, 44.0], "club_Test_previous3_wickets": [0.0, 0.0, 0.0], "club_Test_previous3_balls played": [53.0, 86.0, 146.0], "club_Test_previous3_overs": [0.0, 0.0, 0.0], "club_Test_previous3_runs gave": [0.0, 0.0, 0.0], "club_Test_lifetime_runs": 238.0, "club_Test_lifetime_wickets": 0.0, "club_Test_lifetime_balls played": 497.0, "club_Test_lifetime_overs": 0.0, "club_Test_lifetime_runs gave": 0.0, "club_T20_previous3_runs": [71.0, 41.0, 17.0], "club_T20_previous3_wickets": [0.0, 0.0, 0.0], "club_T20_previous3_balls played": [43.0, 22.0, 17.0], "club_T20_previous3_overs": [0.0, 0.0, 0.0], "club_T20_previous3_runs gave": [0.0, 0.0, 0.0], "club_T20_lifetime_runs": 203.0, "club_T20_lifetime_wickets": 0.0, "club_T20_lifetime_balls played": 143.0, "club_T20_lifetime_overs": 0.0, "club_T20_lifetime_runs gave": 0.0, "international_ODI_previous3_runs": [], "international_ODI_previous3_wickets": [], "international_ODI_previous3_balls played": [], "international_ODI_previous3_overs": [], "international_ODI_previous3_runs gave": [], "international_ODI_lifetime_runs": 0.0, "international_ODI_lifetime_wickets": 0.0, "international_ODI_lifetime_balls played": 0.0, "international_ODI_lifetime_overs": 0.0, "international_ODI_lifetime_runs gave": 0.0, "international_Test_previous3_runs": [], "international_Test_previous3_wickets": [], "international_Test_previous3_balls played": [], "international_Test_previous3_overs": [], "international_Test_previous3_runs gave": [], "international_Test_lifetime_runs": 0.0, "international_Test_lifetime_wickets": 0.0, "international_Test_lifetime_balls played": 0.0, "international_Test_lifetime_overs": 0.0, "international_Test_lifetime_runs gave": 0.0, "international_T20_previous3_runs": [], "international_T20_previous3_wickets": [], "international_T20_previous3_balls played": [], "international_T20_previous3_overs": [], "international_T20_previous3_runs gave": [], "international_T20_lifetime_runs": 0.0, "international_T20_lifetime_wickets": 0.0, "international_T20_lifetime_balls played": 0.0, "international_T20_lifetime_overs": 0.0, "international_T20_lifetime_runs gave": 0.0}