{"played_against": {"58aa33cd": {"runs": 0, "balls": 3, "wickets": 0}, "bd3cecc6": {"runs": 7, "balls": 4, "wickets": 0}, "ab8ef1e9": {"runs": 7, "balls": 3, "wickets": 0}, "6ebf4d4e": {"runs": 7, "balls": 12, "wickets": 0}, "125bba96": {"runs": 6, "balls": 12, "wickets": 0}, "79209272": {"runs": 6, "balls": 6, "wickets": 0}, "7fcc57bf": {"runs": 4, "balls": 1, "wickets": 0}, "7ee25c46": {"runs": 1, "balls": 2, "wickets": 1}, "eb5aa5b9": {"runs": 1, "balls": 7, "wickets": 1}, "6de4e430": {"runs": 2, "balls": 3, "wickets": 0}, "973006cc": {"runs": 4, "balls": 3, "wickets": 0}, "ff36e706": {"runs": 0, "balls": 1, "wickets": 0}}, "fifties": 0, "thirties": 0, "centuries": 0, "maidens": 0.0, "hattricks": 0, "club_ODI_previous3_runs": [], "club_ODI_previous3_wickets": [], "club_ODI_previous3_balls played": [], "club_ODI_previous3_overs": [], "club_ODI_previous3_runs gave": [], "club_ODI_lifetime_runs": 0.0, "club_ODI_lifetime_wickets": 0.0, "club_ODI_lifetime_balls played": 0.0, "club_ODI_lifetime_overs": 0.0, "club_ODI_lifetime_runs gave": 0.0, "club_Test_previous3_runs": [], "club_Test_previous3_wickets": [], "club_Test_previous3_balls played": [], "club_Test_previous3_overs": [], "club_Test_previous3_runs gave": [], "club_Test_lifetime_runs": 0.0, "club_Test_lifetime_wickets": 0.0, "club_Test_lifetime_balls played": 0.0, "club_Test_lifetime_overs": 0.0, "club_Test_lifetime_runs gave": 0.0, "club_T20_previous3_runs": [], "club_T20_previous3_wickets": [], "club_T20_previous3_balls played": [], "club_T20_previous3_overs": [], "club_T20_previous3_runs gave": [], "club_T20_lifetime_runs": 0.0, "club_T20_lifetime_wickets": 0.0, "club_T20_lifetime_balls played": 0.0, "club_T20_lifetime_overs": 0.0, "club_T20_lifetime_runs gave": 0.0, "international_ODI_previous3_runs": [], "international_ODI_previous3_wickets": [], "international_ODI_previous3_balls played": [], "international_ODI_previous3_overs": [], "international_ODI_previous3_runs gave": [], "international_ODI_lifetime_runs": 0.0, "international_ODI_lifetime_wickets": 0.0, "international_ODI_lifetime_balls played": 0.0, "international_ODI_lifetime_overs": 0.0, "international_ODI_lifetime_runs gave": 0.0, "international_Test_previous3_runs": [], "international_Test_previous3_wickets": [], "international_Test_previous3_balls played": [], "international_Test_previous3_overs": [], "international_Test_previous3_runs gave": [], "international_Test_lifetime_runs": 0.0, "international_Test_lifetime_wickets": 0.0, "international_Test_lifetime_balls played": 0.0, "international_Test_lifetime_overs": 0.0, "international_Test_lifetime_runs gave": 0.0, "international_T20_previous3_runs": [3.0, 0.0, 4.0], "international_T20_previous3_wickets": [0.0, 1.0, 0.0], "international_T20_previous3_balls played": [10.0, 0.0, 4.0], "international_T20_previous3_overs": [3.8333333333333335, 4.0, 3.0], "international_T20_previous3_runs gave": [25.0, 41.0, 19.0], "international_T20_lifetime_runs": 45.0, "international_T20_lifetime_wickets": 2.0, "international_T20_lifetime_balls played": 58.0, "international_T20_lifetime_overs": 17.833333333333336, "international_T20_lifetime_runs gave": 144.0}