{"played_against": {"d53a4fee": {"runs": 3, "balls": 9, "wickets": 0}, "65d905ea": {"runs": 2, "balls": 5, "wickets": 0}, "4948a916": {"runs": 3, "balls": 5, "wickets": 0}, "c478e8e7": {"runs": 9, "balls": 6, "wickets": 0}, "2ada2d82": {"runs": 3, "balls": 4, "wickets": 0}, "258fa633": {"runs": 3, "balls": 3, "wickets": 0}, "b76b2d25": {"runs": 0, "balls": 1, "wickets": 1}, "bd17b45f": {"runs": 3, "balls": 3, "wickets": 0}, "0af3426f": {"runs": 0, "balls": 1, "wickets": 1}, "dbc76c59": {"runs": 5, "balls": 7, "wickets": 0}, "f3ba1bdc": {"runs": 1, "balls": 3, "wickets": 0}, "76860ea3": {"runs": 6, "balls": 4, "wickets": 0}, "44aac2f0": {"runs": 1, "balls": 7, "wickets": 0}, "f64c8577": {"runs": 3, "balls": 7, "wickets": 0}, "2d209101": {"runs": 1, "balls": 1, "wickets": 0}, "0fe0cb24": {"runs": 4, "balls": 6, "wickets": 0}, "d3c1f849": {"runs": 0, "balls": 2, "wickets": 1}}, "fifties": 0, "thirties": 0, "centuries": 0, "maidens": 0.0, "hattricks": 0, "club_ODI_previous3_runs": [], "club_ODI_previous3_wickets": [], "club_ODI_previous3_balls played": [], "club_ODI_previous3_overs": [], "club_ODI_previous3_runs gave": [], "club_ODI_lifetime_runs": 0.0, "club_ODI_lifetime_wickets": 0.0, "club_ODI_lifetime_balls played": 0.0, "club_ODI_lifetime_overs": 0.0, "club_ODI_lifetime_runs gave": 0.0, "club_Test_previous3_runs": [], "club_Test_previous3_wickets": [], "club_Test_previous3_balls played": [], "club_Test_previous3_overs": [], "club_Test_previous3_runs gave": [], "club_Test_lifetime_runs": 0.0, "club_Test_lifetime_wickets": 0.0, "club_Test_lifetime_balls played": 0.0, "club_Test_lifetime_overs": 0.0, "club_Test_lifetime_runs gave": 0.0, "club_T20_previous3_runs": [3.0, 12.0, 9.0], "club_T20_previous3_wickets": [0.0, 0.0, 0.0], "club_T20_previous3_balls played": [4.0, 14.0, 23.0], "club_T20_previous3_overs": [0.0, 0.0, 0.0], "club_T20_previous3_runs gave": [0.0, 0.0, 0.0], "club_T20_lifetime_runs": 47.0, "club_T20_lifetime_wickets": 0.0, "club_T20_lifetime_balls played": 74.0, "club_T20_lifetime_overs": 0.0, "club_T20_lifetime_runs gave": 0.0, "international_ODI_previous3_runs": [], "international_ODI_previous3_wickets": [], "international_ODI_previous3_balls played": [], "international_ODI_previous3_overs": [], "international_ODI_previous3_runs gave": [], "international_ODI_lifetime_runs": 0.0, "international_ODI_lifetime_wickets": 0.0, "international_ODI_lifetime_balls played": 0.0, "international_ODI_lifetime_overs": 0.0, "international_ODI_lifetime_runs gave": 0.0, "international_Test_previous3_runs": [], "international_Test_previous3_wickets": [], "international_Test_previous3_balls played": [], "international_Test_previous3_overs": [], "international_Test_previous3_runs gave": [], "international_Test_lifetime_runs": 0.0, "international_Test_lifetime_wickets": 0.0, "international_Test_lifetime_balls played": 0.0, "international_Test_lifetime_overs": 0.0, "international_Test_lifetime_runs gave": 0.0, "international_T20_previous3_runs": [], "international_T20_previous3_wickets": [], "international_T20_previous3_balls played": [], "international_T20_previous3_overs": [], "international_T20_previous3_runs gave": [], "international_T20_lifetime_runs": 0.0, "international_T20_lifetime_wickets": 0.0, "international_T20_lifetime_balls played": 0.0, "international_T20_lifetime_overs": 0.0, "international_T20_lifetime_runs gave": 0.0}