{"played_against": {"7c2e7c17": {"runs": 7, "balls": 7, "wickets": 0}, "a457cfb5": {"runs": 8, "balls": 3, "wickets": 0}, "26a85969": {"runs": 11, "balls": 7, "wickets": 0}, "90de905a": {"runs": 2, "balls": 3, "wickets": 0}, "41eb4a4f": {"runs": 5, "balls": 7, "wickets": 0}, "957532de": {"runs": 12, "balls": 5, "wickets": 0}, "ed5a5510": {"runs": 1, "balls": 2, "wickets": 0}, "f079e8fe": {"runs": 1, "balls": 1, "wickets": 0}, "d2a989fc": {"runs": 13, "balls": 7, "wickets": 0}, "a4e37e47": {"runs": 7, "balls": 2, "wickets": 0}, "2ed569a0": {"runs": 4, "balls": 6, "wickets": 1}, "077da288": {"runs": 14, "balls": 10, "wickets": 0}, "da934ee8": {"runs": 11, "balls": 8, "wickets": 0}, "a2f46292": {"runs": 2, "balls": 2, "wickets": 0}, "c2468df1": {"runs": 1, "balls": 3, "wickets": 0}, "d330f9b9": {"runs": 0, "balls": 1, "wickets": 1}, "a71b0bd3": {"runs": 1, "balls": 1, "wickets": 0}, "ce2b42ae": {"runs": 7, "balls": 3, "wickets": 0}, "773bf733": {"runs": 12, "balls": 5, "wickets": 1}, "2d209101": {"runs": 1, "balls": 1, "wickets": 0}, "c55a5dff": {"runs": 7, "balls": 4, "wickets": 0}, "531f7ccc": {"runs": 1, "balls": 2, "wickets": 0}, "a0d66374": {"runs": 1, "balls": 2, "wickets": 1}, "f4ef0fd7": {"runs": 2, "balls": 2, "wickets": 0}, "d718440b": {"runs": 2, "balls": 3, "wickets": 0}, "389ae08a": {"runs": 1, "balls": 2, "wickets": 1}}, "fifties": 0, "thirties": 1, "centuries": 0, "maidens": 0.0, "hattricks": 0, "club_ODI_previous3_runs": [], "club_ODI_previous3_wickets": [], "club_ODI_previous3_balls played": [], "club_ODI_previous3_overs": [], "club_ODI_previous3_runs gave": [], "club_ODI_lifetime_runs": 0.0, "club_ODI_lifetime_wickets": 0.0, "club_ODI_lifetime_balls played": 0.0, "club_ODI_lifetime_overs": 0.0, "club_ODI_lifetime_runs gave": 0.0, "club_Test_previous3_runs": [], "club_Test_previous3_wickets": [], "club_Test_previous3_balls played": [], "club_Test_previous3_overs": [], "club_Test_previous3_runs gave": [], "club_Test_lifetime_runs": 0.0, "club_Test_lifetime_wickets": 0.0, "club_Test_lifetime_balls played": 0.0, "club_Test_lifetime_overs": 0.0, "club_Test_lifetime_runs gave": 0.0, "club_T20_previous3_runs": [0.0, 9.0, 5.0], "club_T20_previous3_wickets": [0.0, 0.0, 0.0], "club_T20_previous3_balls played": [0.0, 8.0, 7.0], "club_T20_previous3_overs": [0.0, 0.0, 0.0], "club_T20_previous3_runs gave": [0.0, 0.0, 0.0], "club_T20_lifetime_runs": 134.0, "club_T20_lifetime_wickets": 0.0, "club_T20_lifetime_balls played": 99.0, "club_T20_lifetime_overs": 0.0, "club_T20_lifetime_runs gave": 0.0, "international_ODI_previous3_runs": [], "international_ODI_previous3_wickets": [], "international_ODI_previous3_balls played": [], "international_ODI_previous3_overs": [], "international_ODI_previous3_runs gave": [], "international_ODI_lifetime_runs": 0.0, "international_ODI_lifetime_wickets": 0.0, "international_ODI_lifetime_balls played": 0.0, "international_ODI_lifetime_overs": 0.0, "international_ODI_lifetime_runs gave": 0.0, "international_Test_previous3_runs": [], "international_Test_previous3_wickets": [], "international_Test_previous3_balls played": [], "international_Test_previous3_overs": [], "international_Test_previous3_runs gave": [], "international_Test_lifetime_runs": 0.0, "international_Test_lifetime_wickets": 0.0, "international_Test_lifetime_balls played": 0.0, "international_Test_lifetime_overs": 0.0, "international_Test_lifetime_runs gave": 0.0, "international_T20_previous3_runs": [], "international_T20_previous3_wickets": [], "international_T20_previous3_balls played": [], "international_T20_previous3_overs": [], "international_T20_previous3_runs gave": [], "international_T20_lifetime_runs": 0.0, "international_T20_lifetime_wickets": 0.0, "international_T20_lifetime_balls played": 0.0, "international_T20_lifetime_overs": 0.0, "international_T20_lifetime_runs gave": 0.0}