{"played_against": {"8d26dfab": {"runs": 1, "balls": 7, "wickets": 0}, "a6ec88f4": {"runs": 3, "balls": 5, "wickets": 0}, "47b32a5a": {"runs": 2, "balls": 3, "wickets": 1}, "022745d5": {"runs": 1, "balls": 3, "wickets": 1}, "4d35d0b3": {"runs": 2, "balls": 4, "wickets": 0}, "c6a019f5": {"runs": 4, "balls": 5, "wickets": 0}, "9a58f2c8": {"runs": 4, "balls": 5, "wickets": 0}, "9908d470": {"runs": 13, "balls": 12, "wickets": 0}, "7e8bcfc1": {"runs": 8, "balls": 7, "wickets": 0}, "d4f98302": {"runs": 8, "balls": 12, "wickets": 0}, "fe4f5d2b": {"runs": 12, "balls": 17, "wickets": 0}, "eb9082b2": {"runs": 20, "balls": 22, "wickets": 0}, "f1328a90": {"runs": 13, "balls": 11, "wickets": 0}, "569bbcbb": {"runs": 5, "balls": 8, "wickets": 0}, "4c87bd01": {"runs": 10, "balls": 6, "wickets": 0}, "c46400b7": {"runs": 5, "balls": 5, "wickets": 0}, "e01e17ee": {"runs": 2, "balls": 2, "wickets": 0}, "95bf6b2a": {"runs": 4, "balls": 7, "wickets": 0}, "5c77d7cb": {"runs": 8, "balls": 6, "wickets": 0}, "80f16d29": {"runs": 0, "balls": 1, "wickets": 0}, "761c929e": {"runs": 6, "balls": 9, "wickets": 0}, "edbc9441": {"runs": 6, "balls": 8, "wickets": 0}, "26eb73f9": {"runs": 6, "balls": 4, "wickets": 0}}, "fifties": 0, "thirties": 2, "centuries": 0, "maidens": 0.0, "hattricks": 1, "club_ODI_previous3_runs": [1.0], "club_ODI_previous3_wickets": [0.0], "club_ODI_previous3_balls played": [7.0], "club_ODI_previous3_overs": [0.0], "club_ODI_previous3_runs gave": [0.0], "club_ODI_lifetime_runs": 1.0, "club_ODI_lifetime_wickets": 0.0, "club_ODI_lifetime_balls played": 7.0, "club_ODI_lifetime_overs": 0.0, "club_ODI_lifetime_runs gave": 0.0, "club_Test_previous3_runs": [], "club_Test_previous3_wickets": [], "club_Test_previous3_balls played": [], "club_Test_previous3_overs": [], "club_Test_previous3_runs gave": [], "club_Test_lifetime_runs": 0.0, "club_Test_lifetime_wickets": 0.0, "club_Test_lifetime_balls played": 0.0, "club_Test_lifetime_overs": 0.0, "club_Test_lifetime_runs gave": 0.0, "club_T20_previous3_runs": [], "club_T20_previous3_wickets": [], "club_T20_previous3_balls played": [], "club_T20_previous3_overs": [], "club_T20_previous3_runs gave": [], "club_T20_lifetime_runs": 0.0, "club_T20_lifetime_wickets": 0.0, "club_T20_lifetime_balls played": 0.0, "club_T20_lifetime_overs": 0.0, "club_T20_lifetime_runs gave": 0.0, "international_ODI_previous3_runs": [], "international_ODI_previous3_wickets": [], "international_ODI_previous3_balls played": [], "international_ODI_previous3_overs": [], "international_ODI_previous3_runs gave": [], "international_ODI_lifetime_runs": 0.0, "international_ODI_lifetime_wickets": 0.0, "international_ODI_lifetime_balls played": 0.0, "international_ODI_lifetime_overs": 0.0, "international_ODI_lifetime_runs gave": 0.0, "international_Test_previous3_runs": [], "international_Test_previous3_wickets": [], "international_Test_previous3_balls played": [], "international_Test_previous3_overs": [], "international_Test_previous3_runs gave": [], "international_Test_lifetime_runs": 0.0, "international_Test_lifetime_wickets": 0.0, "international_Test_lifetime_balls played": 0.0, "international_Test_lifetime_overs": 0.0, "international_Test_lifetime_runs gave": 0.0, "international_T20_previous3_runs": [34.0, 22.0, 16.0], "international_T20_previous3_wickets": [0.0, 0.0, 1.0], "international_T20_previous3_balls played": [36.0, 30.0, 19.0], "international_T20_previous3_overs": [4.0, 2.0, 3.0], "international_T20_previous3_runs gave": [24.0, 17.0, 11.0], "international_T20_lifetime_runs": 142.0, "international_T20_lifetime_wickets": 4.0, "international_T20_lifetime_balls played": 163.0, "international_T20_lifetime_overs": 14.0, "international_T20_lifetime_runs gave": 98.0}