{"played_against": {"99cddc5e": {"runs": 0, "balls": 1, "wickets": 0}, "d8e79af0": {"runs": 0, "balls": 1, "wickets": 1}, "eeeebf82": {"runs": 2, "balls": 9, "wickets": 0}, "753b5a2d": {"runs": 22, "balls": 21, "wickets": 0}, "c07a1f41": {"runs": 20, "balls": 11, "wickets": 0}, "c57fa67e": {"runs": 6, "balls": 17, "wickets": 1}, "a9a4df9f": {"runs": 5, "balls": 17, "wickets": 0}, "270b3f8e": {"runs": 0, "balls": 1, "wickets": 0}, "888e32bf": {"runs": 0, "balls": 2, "wickets": 1}, "aae9ce90": {"runs": 17, "balls": 12, "wickets": 0}, "cf494ffe": {"runs": 1, "balls": 2, "wickets": 0}, "e01895bb": {"runs": 6, "balls": 8, "wickets": 0}, "29b89ae8": {"runs": 2, "balls": 3, "wickets": 0}, "243431b5": {"runs": 0, "balls": 3, "wickets": 0}}, "fifties": 0, "thirties": 1, "centuries": 0, "maidens": 0.0, "hattricks": 0, "club_ODI_previous3_runs": [], "club_ODI_previous3_wickets": [], "club_ODI_previous3_balls played": [], "club_ODI_previous3_overs": [], "club_ODI_previous3_runs gave": [], "club_ODI_lifetime_runs": 0.0, "club_ODI_lifetime_wickets": 0.0, "club_ODI_lifetime_balls played": 0.0, "club_ODI_lifetime_overs": 0.0, "club_ODI_lifetime_runs gave": 0.0, "club_Test_previous3_runs": [], "club_Test_previous3_wickets": [], "club_Test_previous3_balls played": [], "club_Test_previous3_overs": [], "club_Test_previous3_runs gave": [], "club_Test_lifetime_runs": 0.0, "club_Test_lifetime_wickets": 0.0, "club_Test_lifetime_balls played": 0.0, "club_Test_lifetime_overs": 0.0, "club_Test_lifetime_runs gave": 0.0, "club_T20_previous3_runs": [], "club_T20_previous3_wickets": [], "club_T20_previous3_balls played": [], "club_T20_previous3_overs": [], "club_T20_previous3_runs gave": [], "club_T20_lifetime_runs": 0.0, "club_T20_lifetime_wickets": 0.0, "club_T20_lifetime_balls played": 0.0, "club_T20_lifetime_overs": 0.0, "club_T20_lifetime_runs gave": 0.0, "international_ODI_previous3_runs": [0.0, 0.0, 26.0], "international_ODI_previous3_wickets": [0.0, 0.0, 0.0], "international_ODI_previous3_balls played": [0.0, 2.0, 28.0], "international_ODI_previous3_overs": [0.0, 0.0, 0.0], "international_ODI_previous3_runs gave": [0.0, 0.0, 0.0], "international_ODI_lifetime_runs": 26.0, "international_ODI_lifetime_wickets": 0.0, "international_ODI_lifetime_balls played": 30.0, "international_ODI_lifetime_overs": 0.0, "international_ODI_lifetime_runs gave": 0.0, "international_Test_previous3_runs": [55.0], "international_Test_previous3_wickets": [0.0], "international_Test_previous3_balls played": [77.0], "international_Test_previous3_overs": [0.0], "international_Test_previous3_runs gave": [0.0], "international_Test_lifetime_runs": 55.0, "international_Test_lifetime_wickets": 0.0, "international_Test_lifetime_balls played": 77.0, "international_Test_lifetime_overs": 0.0, "international_Test_lifetime_runs gave": 0.0, "international_T20_previous3_runs": [0.0, 0.0], "international_T20_previous3_wickets": [0.0, 0.0], "international_T20_previous3_balls played": [0.0, 2.0], "international_T20_previous3_overs": [0.0, 0.0], "international_T20_previous3_runs gave": [0.0, 0.0], "international_T20_lifetime_runs": 0.0, "international_T20_lifetime_wickets": 0.0, "international_T20_lifetime_balls played": 2.0, "international_T20_lifetime_overs": 0.0, "international_T20_lifetime_runs gave": 0.0}