{"played_against": {"e52eb657": {"runs": 26, "balls": 17, "wickets": 0}, "d465c6d7": {"runs": 6, "balls": 25, "wickets": 0}, "1d6e8f52": {"runs": 25, "balls": 23, "wickets": 0}, "04cf2e94": {"runs": 9, "balls": 8, "wickets": 0}, "b0bd6426": {"runs": 15, "balls": 10, "wickets": 0}, "e21ef7ec": {"runs": 8, "balls": 9, "wickets": 0}, "900f463f": {"runs": 1, "balls": 3, "wickets": 1}}, "fifties": 0, "thirties": 1, "centuries": 0, "maidens": 0.0, "hattricks": 0, "club_ODI_previous3_runs": [], "club_ODI_previous3_wickets": [], "club_ODI_previous3_balls played": [], "club_ODI_previous3_overs": [], "club_ODI_previous3_runs gave": [], "club_ODI_lifetime_runs": 0.0, "club_ODI_lifetime_wickets": 0.0, "club_ODI_lifetime_balls played": 0.0, "club_ODI_lifetime_overs": 0.0, "club_ODI_lifetime_runs gave": 0.0, "club_Test_previous3_runs": [], "club_Test_previous3_wickets": [], "club_Test_previous3_balls played": [], "club_Test_previous3_overs": [], "club_Test_previous3_runs gave": [], "club_Test_lifetime_runs": 0.0, "club_Test_lifetime_wickets": 0.0, "club_Test_lifetime_balls played": 0.0, "club_Test_lifetime_overs": 0.0, "club_Test_lifetime_runs gave": 0.0, "club_T20_previous3_runs": [], "club_T20_previous3_wickets": [], "club_T20_previous3_balls played": [], "club_T20_previous3_overs": [], "club_T20_previous3_runs gave": [], "club_T20_lifetime_runs": 0.0, "club_T20_lifetime_wickets": 0.0, "club_T20_lifetime_balls played": 0.0, "club_T20_lifetime_overs": 0.0, "club_T20_lifetime_runs gave": 0.0, "international_ODI_previous3_runs": [90.0], "international_ODI_previous3_wickets": [0.0], "international_ODI_previous3_balls played": [96.0], "international_ODI_previous3_overs": [3.0], "international_ODI_previous3_runs gave": [10.0], "international_ODI_lifetime_runs": 90.0, "international_ODI_lifetime_wickets": 0.0, "international_ODI_lifetime_balls played": 96.0, "international_ODI_lifetime_overs": 3.0, "international_ODI_lifetime_runs gave": 10.0, "international_Test_previous3_runs": [], "international_Test_previous3_wickets": [], "international_Test_previous3_balls played": [], "international_Test_previous3_overs": [], "international_Test_previous3_runs gave": [], "international_Test_lifetime_runs": 0.0, "international_Test_lifetime_wickets": 0.0, "international_Test_lifetime_balls played": 0.0, "international_Test_lifetime_overs": 0.0, "international_Test_lifetime_runs gave": 0.0, "international_T20_previous3_runs": [], "international_T20_previous3_wickets": [], "international_T20_previous3_balls played": [], "international_T20_previous3_overs": [], "international_T20_previous3_runs gave": [], "international_T20_lifetime_runs": 0.0, "international_T20_lifetime_wickets": 0.0, "international_T20_lifetime_balls played": 0.0, "international_T20_lifetime_overs": 0.0, "international_T20_lifetime_runs gave": 0.0}