{"played_against": {"1a9a6b15": {"runs": 3, "balls": 6, "wickets": 0}, "f0f9d832": {"runs": 4, "balls": 5, "wickets": 0}, "6fd40892": {"runs": 12, "balls": 6, "wickets": 0}, "f9df0aa2": {"runs": 6, "balls": 6, "wickets": 0}, "5d006a1a": {"runs": 6, "balls": 6, "wickets": 0}, "98affc04": {"runs": 2, "balls": 3, "wickets": 1}, "d07b6842": {"runs": 1, "balls": 2, "wickets": 1}}, "fifties": 0, "thirties": 0, "centuries": 0, "maidens": 2.0, "hattricks": 1, "club_ODI_previous3_runs": [], "club_ODI_previous3_wickets": [], "club_ODI_previous3_balls played": [], "club_ODI_previous3_overs": [], "club_ODI_previous3_runs gave": [], "club_ODI_lifetime_runs": 0.0, "club_ODI_lifetime_wickets": 0.0, "club_ODI_lifetime_balls played": 0.0, "club_ODI_lifetime_overs": 0.0, "club_ODI_lifetime_runs gave": 0.0, "club_Test_previous3_runs": [], "club_Test_previous3_wickets": [], "club_Test_previous3_balls played": [], "club_Test_previous3_overs": [], "club_Test_previous3_runs gave": [], "club_Test_lifetime_runs": 0.0, "club_Test_lifetime_wickets": 0.0, "club_Test_lifetime_balls played": 0.0, "club_Test_lifetime_overs": 0.0, "club_Test_lifetime_runs gave": 0.0, "club_T20_previous3_runs": [], "club_T20_previous3_wickets": [], "club_T20_previous3_balls played": [], "club_T20_previous3_overs": [], "club_T20_previous3_runs gave": [], "club_T20_lifetime_runs": 0.0, "club_T20_lifetime_wickets": 0.0, "club_T20_lifetime_balls played": 0.0, "club_T20_lifetime_overs": 0.0, "club_T20_lifetime_runs gave": 0.0, "international_ODI_previous3_runs": [], "international_ODI_previous3_wickets": [], "international_ODI_previous3_balls played": [], "international_ODI_previous3_overs": [], "international_ODI_previous3_runs gave": [], "international_ODI_lifetime_runs": 0.0, "international_ODI_lifetime_wickets": 0.0, "international_ODI_lifetime_balls played": 0.0, "international_ODI_lifetime_overs": 0.0, "international_ODI_lifetime_runs gave": 0.0, "international_Test_previous3_runs": [], "international_Test_previous3_wickets": [], "international_Test_previous3_balls played": [], "international_Test_previous3_overs": [], "international_Test_previous3_runs gave": [], "international_Test_lifetime_runs": 0.0, "international_Test_lifetime_wickets": 0.0, "international_Test_lifetime_balls played": 0.0, "international_Test_lifetime_overs": 0.0, "international_Test_lifetime_runs gave": 0.0, "international_T20_previous3_runs": [7.0, 22.0, 5.0], "international_T20_previous3_wickets": [4.0, 2.0, 0.0], "international_T20_previous3_balls played": [11.0, 17.0, 6.0], "international_T20_previous3_overs": [4.0, 3.5, 4.0], "international_T20_previous3_runs gave": [6.0, 15.0, 25.0], "international_T20_lifetime_runs": 34.0, "international_T20_lifetime_wickets": 6.0, "international_T20_lifetime_balls played": 34.0, "international_T20_lifetime_overs": 11.5, "international_T20_lifetime_runs gave": 46.0}