{"played_against": {"0bec3a6c": {"runs": 3, "balls": 6, "wickets": 2}, "6c79c098": {"runs": 46, "balls": 47, "wickets": 2}, "ee0c05c0": {"runs": 8, "balls": 11, "wickets": 0}, "98eacfe5": {"runs": 26, "balls": 30, "wickets": 1}, "aa8d28ae": {"runs": 44, "balls": 32, "wickets": 0}, "cb1a782a": {"runs": 37, "balls": 19, "wickets": 0}, "f3abd0c9": {"runs": 3, "balls": 5, "wickets": 0}, "be869ccf": {"runs": 11, "balls": 16, "wickets": 0}, "d68e7f48": {"runs": 7, "balls": 30, "wickets": 1}, "9789e56e": {"runs": 9, "balls": 48, "wickets": 1}, "b16cf2ec": {"runs": 10, "balls": 38, "wickets": 0}, "782fb776": {"runs": 52, "balls": 49, "wickets": 1}, "1066a976": {"runs": 15, "balls": 16, "wickets": 0}, "c5cc48bc": {"runs": 10, "balls": 26, "wickets": 0}, "86e0f3f0": {"runs": 0, "balls": 3, "wickets": 1}, "ffe699c0": {"runs": 24, "balls": 15, "wickets": 1}, "d786a8a1": {"runs": 0, "balls": 3, "wickets": 0}, "1957c6b7": {"runs": 6, "balls": 17, "wickets": 1}, "ad212f96": {"runs": 49, "balls": 82, "wickets": 2}, "01a95383": {"runs": 33, "balls": 52, "wickets": 1}, "b82e3032": {"runs": 18, "balls": 49, "wickets": 2}, "05c2ca46": {"runs": 8, "balls": 26, "wickets": 2}, "4180d897": {"runs": 2, "balls": 3, "wickets": 1}, "0a12e736": {"runs": 12, "balls": 16, "wickets": 1}, "7c7d63a2": {"runs": 6, "balls": 3, "wickets": 0}, "9a963804": {"runs": 0, "balls": 3, "wickets": 0}, "acee4cc4": {"runs": 8, "balls": 11, "wickets": 0}, "5ac8f17b": {"runs": 22, "balls": 14, "wickets": 0}, "6c6aca89": {"runs": 1, "balls": 3, "wickets": 1}, "ccdd8308": {"runs": 36, "balls": 18, "wickets": 1}, "74a274cc": {"runs": 23, "balls": 14, "wickets": 0}, "4a461c24": {"runs": 6, "balls": 9, "wickets": 0}, "f0a0204e": {"runs": 2, "balls": 4, "wickets": 0}, "c672e80e": {"runs": 0, "balls": 2, "wickets": 1}, "7be8a0ed": {"runs": 7, "balls": 4, "wickets": 0}, "e86754b2": {"runs": 2, "balls": 4, "wickets": 2}, "d74d1090": {"runs": 1, "balls": 5, "wickets": 0}, "e9987a94": {"runs": 1, "balls": 7, "wickets": 1}, "8bf61e65": {"runs": 1, "balls": 11, "wickets": 0}, "59559bc2": {"runs": 5, "balls": 13, "wickets": 0}, "ba9258a7": {"runs": 0, "balls": 5, "wickets": 0}, "cd143bca": {"runs": 0, "balls": 5, "wickets": 1}, "5db1c288": {"runs": 5, "balls": 7, "wickets": 0}, "0d61d8f0": {"runs": 0, "balls": 1, "wickets": 0}, "c2b6764d": {"runs": 6, "balls": 11, "wickets": 0}, "b3544c5d": {"runs": 21, "balls": 21, "wickets": 0}, "5a74e559": {"runs": 16, "balls": 23, "wickets": 1}, "449f4e3c": {"runs": 29, "balls": 24, "wickets": 0}, "07c8a2f4": {"runs": 26, "balls": 30, "wickets": 0}, "b20f423b": {"runs": 13, "balls": 11, "wickets": 0}, "e22d3b5c": {"runs": 9, "balls": 26, "wickets": 0}, "58043739": {"runs": 8, "balls": 6, "wickets": 1}, "3f659464": {"runs": 5, "balls": 3, "wickets": 0}, "2085e1fa": {"runs": 6, "balls": 3, "wickets": 0}, "58c481c6": {"runs": 5, "balls": 4, "wickets": 0}, "e871a7a1": {"runs": 24, "balls": 44, "wickets": 0}, "0dbe27b8": {"runs": 16, "balls": 6, "wickets": 1}, "85ebf2be": {"runs": 5, "balls": 20, "wickets": 0}, "e0ac7144": {"runs": 31, "balls": 43, "wickets": 1}, "d112c570": {"runs": 8, "balls": 14, "wickets": 2}, "f54dbda7": {"runs": 8, "balls": 9, "wickets": 0}, "1efd12d1": {"runs": 39, "balls": 31, "wickets": 1}, "8f2dfebf": {"runs": 18, "balls": 14, "wickets": 0}, "a37b5c0a": {"runs": 17, "balls": 33, "wickets": 1}, "a8e56914": {"runs": 12, "balls": 16, "wickets": 0}, "b21ed464": {"runs": 4, "balls": 15, "wickets": 0}, "a343262c": {"runs": 2, "balls": 6, "wickets": 0}, "ad46c747": {"runs": 21, "balls": 91, "wickets": 0}, "0f3ee070": {"runs": 19, "balls": 55, "wickets": 0}, "eb9cb105": {"runs": 28, "balls": 46, "wickets": 1}, "27fc5808": {"runs": 29, "balls": 39, "wickets": 1}, "344c6d55": {"runs": 26, "balls": 98, "wickets": 0}, "ed8faea2": {"runs": 18, "balls": 36, "wickets": 0}, "f1eb3c73": {"runs": 1, "balls": 14, "wickets": 0}, "ab01e323": {"runs": 17, "balls": 47, "wickets": 0}, "5239d782": {"runs": 19, "balls": 30, "wickets": 0}, "42151725": {"runs": 6, "balls": 9, "wickets": 1}, "fd96de7c": {"runs": 7, "balls": 17, "wickets": 0}, "19708692": {"runs": 18, "balls": 33, "wickets": 0}, "50c6bc2b": {"runs": 4, "balls": 19, "wickets": 0}, "d12143bf": {"runs": 8, "balls": 15, "wickets": 0}, "65b6943c": {"runs": 25, "balls": 22, "wickets": 0}, "4ae1755b": {"runs": 0, "balls": 3, "wickets": 0}, "27c5a793": {"runs": 16, "balls": 11, "wickets": 0}, "b9877635": {"runs": 5, "balls": 12, "wickets": 0}, "0f6db197": {"runs": 3, "balls": 7, "wickets": 1}, "bdadf7da": {"runs": 1, "balls": 4, "wickets": 0}, "8d5d991e": {"runs": 9, "balls": 5, "wickets": 1}, "bdc0670a": {"runs": 10, "balls": 9, "wickets": 0}, "948beb1f": {"runs": 1, "balls": 2, "wickets": 0}, "208f22ea": {"runs": 8, "balls": 3, "wickets": 0}, "eade4650": {"runs": 15, "balls": 6, "wickets": 1}, "7d92277a": {"runs": 5, "balls": 5, "wickets": 0}, "9caf69a1": {"runs": 14, "balls": 35, "wickets": 0}, "6ea2710f": {"runs": 17, "balls": 54, "wickets": 1}, "70d57519": {"runs": 3, "balls": 8, "wickets": 1}, "23638956": {"runs": 40, "balls": 50, "wickets": 0}, "9219eff0": {"runs": 7, "balls": 5, "wickets": 0}, "23f2143b": {"runs": 2, "balls": 2, "wickets": 0}, "e43aa7ed": {"runs": 11, "balls": 5, "wickets": 1}, "8f9c5014": {"runs": 6, "balls": 8, "wickets": 2}, "7ca5e05d": {"runs": 15, "balls": 5, "wickets": 0}, "15101f12": {"runs": 0, "balls": 6, "wickets": 0}, "f4dfcbb4": {"runs": 0, "balls": 5, "wickets": 0}, "12b610c2": {"runs": 6, "balls": 6, "wickets": 0}, "d4eef961": {"runs": 17, "balls": 27, "wickets": 0}, "ed47cb25": {"runs": 3, "balls": 5, "wickets": 0}, "3987e390": {"runs": 7, "balls": 2, "wickets": 0}, "3f61a062": {"runs": 14, "balls": 7, "wickets": 1}, "1cfac535": {"runs": 22, "balls": 11, "wickets": 0}, "5f547c8b": {"runs": 3, "balls": 8, "wickets": 0}, "18fac429": {"runs": 1, "balls": 1, "wickets": 0}, "a790df98": {"runs": 7, "balls": 26, "wickets": 1}, "5b6d248a": {"runs": 11, "balls": 18, "wickets": 0}, "679cd31e": {"runs": 3, "balls": 6, "wickets": 0}, "71440756": {"runs": 11, "balls": 19, "wickets": 1}, "e737a5fe": {"runs": 17, "balls": 24, "wickets": 0}, "4c0f3806": {"runs": 40, "balls": 61, "wickets": 1}, "894b2d25": {"runs": 18, "balls": 37, "wickets": 0}, "b5781ac3": {"runs": 21, "balls": 48, "wickets": 1}, "51e1ed69": {"runs": 6, "balls": 24, "wickets": 0}, "269ff06e": {"runs": 5, "balls": 11, "wickets": 0}, "9fd3a210": {"runs": 3, "balls": 29, "wickets": 0}, "ba377b40": {"runs": 8, "balls": 23, "wickets": 2}, "ea3d687a": {"runs": 19, "balls": 43, "wickets": 1}, "8db7f47f": {"runs": 14, "balls": 17, "wickets": 0}, "97905e64": {"runs": 13, "balls": 18, "wickets": 0}, "e94915e6": {"runs": 1, "balls": 1, "wickets": 0}, "39180894": {"runs": 3, "balls": 6, "wickets": 1}, "64212089": {"runs": 0, "balls": 3, "wickets": 0}, "34b37279": {"runs": 7, "balls": 9, "wickets": 1}, "d3868bd0": {"runs": 20, "balls": 6, "wickets": 0}, "245c97cb": {"runs": 20, "balls": 13, "wickets": 2}, "bd93fea4": {"runs": 0, "balls": 1, "wickets": 0}, "39e2c0fd": {"runs": 26, "balls": 10, "wickets": 0}, "57590dbb": {"runs": 2, "balls": 3, "wickets": 1}, "caf69bf7": {"runs": 4, "balls": 5, "wickets": 1}, "f2ab7a69": {"runs": 1, "balls": 2, "wickets": 0}, "c042b412": {"runs": 23, "balls": 8, "wickets": 0}, "3dcd1e8d": {"runs": 6, "balls": 5, "wickets": 0}, "a77472dc": {"runs": 12, "balls": 4, "wickets": 0}, "e5437608": {"runs": 6, "balls": 4, "wickets": 0}, "b082d112": {"runs": 0, "balls": 1, "wickets": 1}, "28217d89": {"runs": 14, "balls": 45, "wickets": 0}, "a4b810d0": {"runs": 0, "balls": 2, "wickets": 1}, "56ef4f99": {"runs": 14, "balls": 8, "wickets": 0}, "a6f2b2ef": {"runs": 3, "balls": 3, "wickets": 0}, "a63dfe8a": {"runs": 3, "balls": 5, "wickets": 0}, "c2e5539b": {"runs": 1, "balls": 4, "wickets": 1}, "27e60d6e": {"runs": 23, "balls": 27, "wickets": 0}, "cad40f5e": {"runs": 8, "balls": 11, "wickets": 0}, "dfc3f02d": {"runs": 14, "balls": 21, "wickets": 1}, "e84ac20c": {"runs": 5, "balls": 2, "wickets": 0}, "3ebb940f": {"runs": 9, "balls": 12, "wickets": 0}, "214f6461": {"runs": 11, "balls": 23, "wickets": 0}, "ad286dcc": {"runs": 22, "balls": 51, "wickets": 2}, "0a396666": {"runs": 0, "balls": 5, "wickets": 0}, "067bda18": {"runs": 12, "balls": 27, "wickets": 0}, "48ad3373": {"runs": 12, "balls": 24, "wickets": 0}, "fe5b4367": {"runs": 31, "balls": 41, "wickets": 0}, "e142c599": {"runs": 10, "balls": 38, "wickets": 0}, "96824e68": {"runs": 8, "balls": 7, "wickets": 0}, "acb94221": {"runs": 15, "balls": 11, "wickets": 0}, "1a2676c5": {"runs": 1, "balls": 2, "wickets": 1}, "06c2de82": {"runs": 0, "balls": 5, "wickets": 1}, "56b93d46": {"runs": 18, "balls": 44, "wickets": 2}, "83c3e8e3": {"runs": 0, "balls": 1, "wickets": 0}, "4b685e2d": {"runs": 4, "balls": 3, "wickets": 0}, "63e1e352": {"runs": 6, "balls": 15, "wickets": 0}, "932d3cc9": {"runs": 8, "balls": 4, "wickets": 0}, "93cad673": {"runs": 2, "balls": 1, "wickets": 0}, "bf659c0f": {"runs": 0, "balls": 6, "wickets": 0}, "04cd872b": {"runs": 25, "balls": 12, "wickets": 0}, "634749ad": {"runs": 2, "balls": 4, "wickets": 0}, "ac3c3cab": {"runs": 20, "balls": 10, "wickets": 0}, "c78a879c": {"runs": 9, "balls": 9, "wickets": 1}, "4167f30b": {"runs": 19, "balls": 15, "wickets": 1}, "6c908ffc": {"runs": 8, "balls": 15, "wickets": 0}, "1c06d60a": {"runs": 6, "balls": 6, "wickets": 0}, "92205bc7": {"runs": 23, "balls": 10, "wickets": 0}, "0c7f11be": {"runs": 5, "balls": 10, "wickets": 0}, "7a8a0237": {"runs": 3, "balls": 34, "wickets": 0}, "37b12633": {"runs": 2, "balls": 12, "wickets": 0}, "1e66c162": {"runs": 8, "balls": 21, "wickets": 1}, "9c643d7b": {"runs": 2, "balls": 6, "wickets": 0}, "f2e28b0c": {"runs": 1, "balls": 1, "wickets": 0}}, "fifties": 0, "thirties": 29, "centuries": 0, "maidens": 58.0, "hattricks": 17, "club_ODI_previous3_runs": [12.0, 55.0, 1.0], "club_ODI_previous3_wickets": [0.0, 2.0, 1.0], "club_ODI_previous3_balls played": [25.0, 35.0, 1.0], "club_ODI_previous3_overs": [7.0, 9.0, 4.0], "club_ODI_previous3_runs gave": [43.0, 37.0, 30.0], "club_ODI_lifetime_runs": 289.0, "club_ODI_lifetime_wickets": 26.0, "club_ODI_lifetime_balls played": 282.0, "club_ODI_lifetime_overs": 136.33333333333331, "club_ODI_lifetime_runs gave": 810.0, "club_Test_previous3_runs": [56.0, 7.0, 57.0], "club_Test_previous3_wickets": [1.0, 5.0, 2.0], "club_Test_previous3_balls played": [136.0, 20.0, 124.0], "club_Test_previous3_overs": [13.0, 29.0, 16.0], "club_Test_previous3_runs gave": [70.0, 125.0, 77.0], "club_Test_lifetime_runs": 1189.0, "club_Test_lifetime_wickets": 56.0, "club_Test_lifetime_balls played": 2460.0, "club_Test_lifetime_overs": 571.6666666666666, "club_Test_lifetime_runs gave": 2521.0, "club_T20_previous3_runs": [9.0, 2.0, 0.0], "club_T20_previous3_wickets": [1.0, 1.0, 0.0], "club_T20_previous3_balls played": [13.0, 2.0, 0.0], "club_T20_previous3_overs": [4.0, 3.0, 2.0], "club_T20_previous3_runs gave": [48.0, 22.0, 34.0], "club_T20_lifetime_runs": 630.0, "club_T20_lifetime_wickets": 55.0, "club_T20_lifetime_balls played": 463.0, "club_T20_lifetime_overs": 160.66666666666666, "club_T20_lifetime_runs gave": 1508.0, "international_ODI_previous3_runs": [], "international_ODI_previous3_wickets": [], "international_ODI_previous3_balls played": [], "international_ODI_previous3_overs": [], "international_ODI_previous3_runs gave": [], "international_ODI_lifetime_runs": 0.0, "international_ODI_lifetime_wickets": 0.0, "international_ODI_lifetime_balls played": 0.0, "international_ODI_lifetime_overs": 0.0, "international_ODI_lifetime_runs gave": 0.0, "international_Test_previous3_runs": [], "international_Test_previous3_wickets": [], "international_Test_previous3_balls played": [], "international_Test_previous3_overs": [], "international_Test_previous3_runs gave": [], "international_Test_lifetime_runs": 0.0, "international_Test_lifetime_wickets": 0.0, "international_Test_lifetime_balls played": 0.0, "international_Test_lifetime_overs": 0.0, "international_Test_lifetime_runs gave": 0.0, "international_T20_previous3_runs": [], "international_T20_previous3_wickets": [], "international_T20_previous3_balls played": [], "international_T20_previous3_overs": [], "international_T20_previous3_runs gave": [], "international_T20_lifetime_runs": 0.0, "international_T20_lifetime_wickets": 0.0, "international_T20_lifetime_balls played": 0.0, "international_T20_lifetime_overs": 0.0, "international_T20_lifetime_runs gave": 0.0}