{"played_against": {"aaccb8ca": {"runs": 5, "balls": 6, "wickets": 0}, "74eecff4": {"runs": 7, "balls": 7, "wickets": 0}, "d13c1b74": {"runs": 6, "balls": 5, "wickets": 0}, "8ea44a61": {"runs": 2, "balls": 4, "wickets": 1}, "38476559": {"runs": 1, "balls": 8, "wickets": 0}, "1f87b800": {"runs": 2, "balls": 12, "wickets": 0}, "c3e3d7e7": {"runs": 1, "balls": 1, "wickets": 0}, "664ad13f": {"runs": 4, "balls": 1, "wickets": 0}, "f40bc7e3": {"runs": 5, "balls": 6, "wickets": 1}, "5f45a88b": {"runs": 1, "balls": 3, "wickets": 0}, "34f86a2d": {"runs": 2, "balls": 2, "wickets": 0}, "6348c6e9": {"runs": 1, "balls": 4, "wickets": 0}, "8d0543ce": {"runs": 1, "balls": 4, "wickets": 1}, "c4022bff": {"runs": 0, "balls": 5, "wickets": 1}}, "fifties": 0, "thirties": 0, "centuries": 0, "maidens": 0.0, "hattricks": 0, "club_ODI_previous3_runs": [], "club_ODI_previous3_wickets": [], "club_ODI_previous3_balls played": [], "club_ODI_previous3_overs": [], "club_ODI_previous3_runs gave": [], "club_ODI_lifetime_runs": 0.0, "club_ODI_lifetime_wickets": 0.0, "club_ODI_lifetime_balls played": 0.0, "club_ODI_lifetime_overs": 0.0, "club_ODI_lifetime_runs gave": 0.0, "club_Test_previous3_runs": [], "club_Test_previous3_wickets": [], "club_Test_previous3_balls played": [], "club_Test_previous3_overs": [], "club_Test_previous3_runs gave": [], "club_Test_lifetime_runs": 0.0, "club_Test_lifetime_wickets": 0.0, "club_Test_lifetime_balls played": 0.0, "club_Test_lifetime_overs": 0.0, "club_Test_lifetime_runs gave": 0.0, "club_T20_previous3_runs": [], "club_T20_previous3_wickets": [], "club_T20_previous3_balls played": [], "club_T20_previous3_overs": [], "club_T20_previous3_runs gave": [], "club_T20_lifetime_runs": 0.0, "club_T20_lifetime_wickets": 0.0, "club_T20_lifetime_balls played": 0.0, "club_T20_lifetime_overs": 0.0, "club_T20_lifetime_runs gave": 0.0, "international_ODI_previous3_runs": [], "international_ODI_previous3_wickets": [], "international_ODI_previous3_balls played": [], "international_ODI_previous3_overs": [], "international_ODI_previous3_runs gave": [], "international_ODI_lifetime_runs": 0.0, "international_ODI_lifetime_wickets": 0.0, "international_ODI_lifetime_balls played": 0.0, "international_ODI_lifetime_overs": 0.0, "international_ODI_lifetime_runs gave": 0.0, "international_Test_previous3_runs": [], "international_Test_previous3_wickets": [], "international_Test_previous3_balls played": [], "international_Test_previous3_overs": [], "international_Test_previous3_runs gave": [], "international_Test_lifetime_runs": 0.0, "international_Test_lifetime_wickets": 0.0, "international_Test_lifetime_balls played": 0.0, "international_Test_lifetime_overs": 0.0, "international_Test_lifetime_runs gave": 0.0, "international_T20_previous3_runs": [3.0, 1.0, 1.0], "international_T20_previous3_wickets": [0.0, 0.0, 0.0], "international_T20_previous3_balls played": [6.0, 4.0, 6.0], "international_T20_previous3_overs": [0.0, 0.0, 0.0], "international_T20_previous3_runs gave": [0.0, 0.0, 0.0], "international_T20_lifetime_runs": 38.0, "international_T20_lifetime_wickets": 0.0, "international_T20_lifetime_balls played": 68.0, "international_T20_lifetime_overs": 0.0, "international_T20_lifetime_runs gave": 0.0}