{"played_against": {"c58b0108": {"runs": 0, "balls": 3, "wickets": 0}, "21b97584": {"runs": 15, "balls": 9, "wickets": 0}, "eca6dcb2": {"runs": 1, "balls": 2, "wickets": 0}, "0b7363da": {"runs": 1, "balls": 1, "wickets": 0}, "478a63e7": {"runs": 1, "balls": 1, "wickets": 0}, "4a491652": {"runs": 5, "balls": 3, "wickets": 0}, "4d9f9686": {"runs": 4, "balls": 2, "wickets": 0}, "bb34fd31": {"runs": 1, "balls": 3, "wickets": 0}, "30afc92b": {"runs": 4, "balls": 3, "wickets": 1}, "b3a28446": {"runs": 1, "balls": 1, "wickets": 0}}, "fifties": 0, "thirties": 0, "centuries": 0, "maidens": 0.0, "hattricks": 0, "club_ODI_previous3_runs": [], "club_ODI_previous3_wickets": [], "club_ODI_previous3_balls played": [], "club_ODI_previous3_overs": [], "club_ODI_previous3_runs gave": [], "club_ODI_lifetime_runs": 0.0, "club_ODI_lifetime_wickets": 0.0, "club_ODI_lifetime_balls played": 0.0, "club_ODI_lifetime_overs": 0.0, "club_ODI_lifetime_runs gave": 0.0, "club_Test_previous3_runs": [], "club_Test_previous3_wickets": [], "club_Test_previous3_balls played": [], "club_Test_previous3_overs": [], "club_Test_previous3_runs gave": [], "club_Test_lifetime_runs": 0.0, "club_Test_lifetime_wickets": 0.0, "club_Test_lifetime_balls played": 0.0, "club_Test_lifetime_overs": 0.0, "club_Test_lifetime_runs gave": 0.0, "club_T20_previous3_runs": [14.0, 0.0, 1.0], "club_T20_previous3_wickets": [0.0, 0.0, 0.0], "club_T20_previous3_balls played": [12.0, 0.0, 1.0], "club_T20_previous3_overs": [1.0, 0.0, 0.0], "club_T20_previous3_runs gave": [8.0, 0.0, 0.0], "club_T20_lifetime_runs": 33.0, "club_T20_lifetime_wickets": 0.0, "club_T20_lifetime_balls played": 30.0, "club_T20_lifetime_overs": 1.0, "club_T20_lifetime_runs gave": 8.0, "international_ODI_previous3_runs": [], "international_ODI_previous3_wickets": [], "international_ODI_previous3_balls played": [], "international_ODI_previous3_overs": [], "international_ODI_previous3_runs gave": [], "international_ODI_lifetime_runs": 0.0, "international_ODI_lifetime_wickets": 0.0, "international_ODI_lifetime_balls played": 0.0, "international_ODI_lifetime_overs": 0.0, "international_ODI_lifetime_runs gave": 0.0, "international_Test_previous3_runs": [], "international_Test_previous3_wickets": [], "international_Test_previous3_balls played": [], "international_Test_previous3_overs": [], "international_Test_previous3_runs gave": [], "international_Test_lifetime_runs": 0.0, "international_Test_lifetime_wickets": 0.0, "international_Test_lifetime_balls played": 0.0, "international_Test_lifetime_overs": 0.0, "international_Test_lifetime_runs gave": 0.0, "international_T20_previous3_runs": [], "international_T20_previous3_wickets": [], "international_T20_previous3_balls played": [], "international_T20_previous3_overs": [], "international_T20_previous3_runs gave": [], "international_T20_lifetime_runs": 0.0, "international_T20_lifetime_wickets": 0.0, "international_T20_lifetime_balls played": 0.0, "international_T20_lifetime_overs": 0.0, "international_T20_lifetime_runs gave": 0.0}