{"played_against": {"64c34cd0": {"runs": 9, "balls": 5, "wickets": 0}, "0dc00542": {"runs": 1, "balls": 2, "wickets": 0}, "61f05b05": {"runs": 4, "balls": 5, "wickets": 0}, "98ae73b1": {"runs": 4, "balls": 4, "wickets": 1}, "011f6b42": {"runs": 3, "balls": 6, "wickets": 0}, "e77e96de": {"runs": 4, "balls": 4, "wickets": 0}, "e70a0811": {"runs": 1, "balls": 1, "wickets": 0}, "7572bf45": {"runs": 1, "balls": 2, "wickets": 0}, "26534b48": {"runs": 0, "balls": 1, "wickets": 1}, "cf494ffe": {"runs": 1, "balls": 1, "wickets": 0}, "99cddc5e": {"runs": 6, "balls": 2, "wickets": 1}, "12c3ba4d": {"runs": 1, "balls": 2, "wickets": 0}, "3c4007d3": {"runs": 8, "balls": 4, "wickets": 0}, "98d05440": {"runs": 1, "balls": 4, "wickets": 0}, "2d8aae2f": {"runs": 9, "balls": 5, "wickets": 0}, "f8dcfe4e": {"runs": 1, "balls": 2, "wickets": 1}, "0bd536fb": {"runs": 4, "balls": 6, "wickets": 0}, "7516045a": {"runs": 8, "balls": 3, "wickets": 0}, "6a685375": {"runs": 5, "balls": 2, "wickets": 0}, "664189ff": {"runs": 3, "balls": 2, "wickets": 0}, "4d84ad05": {"runs": 2, "balls": 2, "wickets": 1}, "bf1d7d3e": {"runs": 9, "balls": 11, "wickets": 0}, "3f5f39cd": {"runs": 2, "balls": 2, "wickets": 0}, "4948a447": {"runs": 21, "balls": 8, "wickets": 0}, "f56cd097": {"runs": 4, "balls": 4, "wickets": 0}, "888e32bf": {"runs": 0, "balls": 1, "wickets": 0}}, "fifties": 0, "thirties": 1, "centuries": 0, "maidens": 2.0, "hattricks": 3, "club_ODI_previous3_runs": [], "club_ODI_previous3_wickets": [], "club_ODI_previous3_balls played": [], "club_ODI_previous3_overs": [], "club_ODI_previous3_runs gave": [], "club_ODI_lifetime_runs": 0.0, "club_ODI_lifetime_wickets": 0.0, "club_ODI_lifetime_balls played": 0.0, "club_ODI_lifetime_overs": 0.0, "club_ODI_lifetime_runs gave": 0.0, "club_Test_previous3_runs": [], "club_Test_previous3_wickets": [], "club_Test_previous3_balls played": [], "club_Test_previous3_overs": [], "club_Test_previous3_runs gave": [], "club_Test_lifetime_runs": 0.0, "club_Test_lifetime_wickets": 0.0, "club_Test_lifetime_balls played": 0.0, "club_Test_lifetime_overs": 0.0, "club_Test_lifetime_runs gave": 0.0, "club_T20_previous3_runs": [], "club_T20_previous3_wickets": [], "club_T20_previous3_balls played": [], "club_T20_previous3_overs": [], "club_T20_previous3_runs gave": [], "club_T20_lifetime_runs": 0.0, "club_T20_lifetime_wickets": 0.0, "club_T20_lifetime_balls played": 0.0, "club_T20_lifetime_overs": 0.0, "club_T20_lifetime_runs gave": 0.0, "international_ODI_previous3_runs": [14.0, 4.0], "international_ODI_previous3_wickets": [0.0, 0.0], "international_ODI_previous3_balls played": [12.0, 4.0], "international_ODI_previous3_overs": [8.0, 10.0], "international_ODI_previous3_runs gave": [35.0, 55.0], "international_ODI_lifetime_runs": 18.0, "international_ODI_lifetime_wickets": 0.0, "international_ODI_lifetime_balls played": 16.0, "international_ODI_lifetime_overs": 18.0, "international_ODI_lifetime_runs gave": 90.0, "international_Test_previous3_runs": [], "international_Test_previous3_wickets": [], "international_Test_previous3_balls played": [], "international_Test_previous3_overs": [], "international_Test_previous3_runs gave": [], "international_Test_lifetime_runs": 0.0, "international_Test_lifetime_wickets": 0.0, "international_Test_lifetime_balls played": 0.0, "international_Test_lifetime_overs": 0.0, "international_Test_lifetime_runs gave": 0.0, "international_T20_previous3_runs": [20.0, 22.0, 36.0], "international_T20_previous3_wickets": [0.0, 3.0, 0.0], "international_T20_previous3_balls played": [17.0, 15.0, 27.0], "international_T20_previous3_overs": [2.0, 3.1666666666666665, 0.0], "international_T20_previous3_runs gave": [23.0, 26.0, 0.0], "international_T20_lifetime_runs": 94.0, "international_T20_lifetime_wickets": 14.0, "international_T20_lifetime_balls played": 76.0, "international_T20_lifetime_overs": 32.333333333333336, "international_T20_lifetime_runs gave": 227.0}