{"played_against": {"721032ec": {"runs": 1, "balls": 1, "wickets": 0}, "9a158001": {"runs": 0, "balls": 1, "wickets": 1}, "8b5b6769": {"runs": 11, "balls": 17, "wickets": 0}, "0a3d54b9": {"runs": 5, "balls": 3, "wickets": 0}, "cc1e8c68": {"runs": 54, "balls": 53, "wickets": 0}, "495d42a5": {"runs": 85, "balls": 114, "wickets": 3}, "759ac88f": {"runs": 3, "balls": 3, "wickets": 0}, "1dc12ab9": {"runs": 4, "balls": 7, "wickets": 0}, "d2a989fc": {"runs": 6, "balls": 15, "wickets": 0}, "2e81a32d": {"runs": 59, "balls": 53, "wickets": 1}, "fe93fd9d": {"runs": 77, "balls": 108, "wickets": 4}, "2e171977": {"runs": 76, "balls": 117, "wickets": 2}, "bd17b45f": {"runs": 1, "balls": 1, "wickets": 0}, "7f8ecc51": {"runs": 8, "balls": 12, "wickets": 1}, "2e8994e7": {"runs": 21, "balls": 23, "wickets": 1}, "aa8d28ae": {"runs": 5, "balls": 12, "wickets": 1}, "e62dd25d": {"runs": 96, "balls": 141, "wickets": 6}, "3a60e0b5": {"runs": 46, "balls": 40, "wickets": 1}, "a9da7784": {"runs": 15, "balls": 12, "wickets": 1}, "acee4cc4": {"runs": 11, "balls": 16, "wickets": 0}, "8fd1a8f5": {"runs": 12, "balls": 15, "wickets": 0}, "23638956": {"runs": 39, "balls": 80, "wickets": 1}, "f4dfcbb4": {"runs": 1, "balls": 11, "wickets": 0}, "cfe70281": {"runs": 3, "balls": 9, "wickets": 0}, "5bb5a915": {"runs": 36, "balls": 49, "wickets": 1}, "33085ffb": {"runs": 3, "balls": 10, "wickets": 0}, "3b417422": {"runs": 2, "balls": 11, "wickets": 1}, "b8704508": {"runs": 33, "balls": 51, "wickets": 2}, "a945bb28": {"runs": 7, "balls": 11, "wickets": 0}, "9f0270e0": {"runs": 15, "balls": 16, "wickets": 1}, "ec4dada1": {"runs": 9, "balls": 9, "wickets": 0}, "afe57f7a": {"runs": 85, "balls": 81, "wickets": 0}, "4b2d6789": {"runs": 6, "balls": 4, "wickets": 1}, "5c756df3": {"runs": 26, "balls": 18, "wickets": 0}, "4948a447": {"runs": 30, "balls": 20, "wickets": 2}, "e174dadd": {"runs": 49, "balls": 43, "wickets": 2}, "ef18b66e": {"runs": 13, "balls": 22, "wickets": 2}, "c285c86e": {"runs": 13, "balls": 12, "wickets": 1}, "f56cd097": {"runs": 59, "balls": 48, "wickets": 4}, "57bd3ecc": {"runs": 6, "balls": 4, "wickets": 0}, "5a22d91c": {"runs": 23, "balls": 15, "wickets": 1}, "7ca5e05d": {"runs": 6, "balls": 5, "wickets": 0}, "f2800ef3": {"runs": 51, "balls": 56, "wickets": 0}, "0a8fce53": {"runs": 21, "balls": 22, "wickets": 2}, "288dd46e": {"runs": 5, "balls": 5, "wickets": 0}, "6eea0b32": {"runs": 15, "balls": 14, "wickets": 1}, "8eb611d0": {"runs": 0, "balls": 1, "wickets": 1}, "0443414a": {"runs": 0, "balls": 1, "wickets": 1}, "64d43928": {"runs": 3, "balls": 5, "wickets": 0}, "c03c6200": {"runs": 2, "balls": 5, "wickets": 0}, "62af8546": {"runs": 20, "balls": 15, "wickets": 1}, "1f7adc8a": {"runs": 39, "balls": 37, "wickets": 0}, "7dc35884": {"runs": 88, "balls": 84, "wickets": 2}, "ec72efc5": {"runs": 2, "balls": 5, "wickets": 0}, "f3c150bb": {"runs": 6, "balls": 6, "wickets": 0}, "3f5f39cd": {"runs": 61, "balls": 31, "wickets": 1}, "68ddabdb": {"runs": 3, "balls": 11, "wickets": 1}, "35205dfc": {"runs": 4, "balls": 6, "wickets": 0}, "888e32bf": {"runs": 1, "balls": 5, "wickets": 0}, "245c97cb": {"runs": 8, "balls": 6, "wickets": 0}, "e7de4f6b": {"runs": 10, "balls": 8, "wickets": 0}, "bb01f9e0": {"runs": 21, "balls": 14, "wickets": 1}, "5a4c12ab": {"runs": 39, "balls": 28, "wickets": 0}, "eb2d5fe7": {"runs": 7, "balls": 6, "wickets": 0}, "87e562a9": {"runs": 19, "balls": 18, "wickets": 1}, "f78e7113": {"runs": 3, "balls": 3, "wickets": 1}, "4751caa3": {"runs": 27, "balls": 60, "wickets": 3}, "d2fcce2f": {"runs": 36, "balls": 104, "wickets": 3}, "79aad751": {"runs": 44, "balls": 62, "wickets": 1}, "5531248e": {"runs": 45, "balls": 57, "wickets": 0}, "770494eb": {"runs": 8, "balls": 9, "wickets": 0}, "0b60eb09": {"runs": 104, "balls": 145, "wickets": 5}, "a8e56914": {"runs": 18, "balls": 26, "wickets": 1}, "ab6b1c45": {"runs": 41, "balls": 57, "wickets": 1}, "462d7c62": {"runs": 25, "balls": 19, "wickets": 0}, "11614d87": {"runs": 19, "balls": 20, "wickets": 1}, "531f0278": {"runs": 16, "balls": 10, "wickets": 0}, "9a963804": {"runs": 17, "balls": 11, "wickets": 0}, "9d1d34bd": {"runs": 9, "balls": 11, "wickets": 2}, "0f348f58": {"runs": 28, "balls": 20, "wickets": 1}, "8fb49ef8": {"runs": 11, "balls": 6, "wickets": 0}, "a3a078ba": {"runs": 2, "balls": 5, "wickets": 1}, "26d041c4": {"runs": 134, "balls": 121, "wickets": 2}, "ffe699c0": {"runs": 11, "balls": 10, "wickets": 1}, "e186f49c": {"runs": 60, "balls": 38, "wickets": 4}, "31803fac": {"runs": 38, "balls": 31, "wickets": 1}, "5574750c": {"runs": 28, "balls": 22, "wickets": 1}, "1a8eebbe": {"runs": 46, "balls": 28, "wickets": 0}, "bf1d7d3e": {"runs": 41, "balls": 25, "wickets": 0}, "557153ca": {"runs": 7, "balls": 7, "wickets": 0}, "9d430b40": {"runs": 7, "balls": 7, "wickets": 1}, "8919756f": {"runs": 11, "balls": 9, "wickets": 1}, "b8d18afc": {"runs": 34, "balls": 16, "wickets": 0}, "1ec36a1e": {"runs": 17, "balls": 14, "wickets": 0}, "f7e9a562": {"runs": 32, "balls": 16, "wickets": 0}, "d346d939": {"runs": 4, "balls": 2, "wickets": 1}, "ac5ae4af": {"runs": 8, "balls": 16, "wickets": 1}, "6575e3bc": {"runs": 22, "balls": 14, "wickets": 0}, "2f28dc94": {"runs": 16, "balls": 40, "wickets": 2}, "7d608e12": {"runs": 52, "balls": 77, "wickets": 1}, "5b16a806": {"runs": 18, "balls": 22, "wickets": 2}, "1e66c162": {"runs": 14, "balls": 13, "wickets": 0}, "f19ccfad": {"runs": 32, "balls": 32, "wickets": 2}, "0994d0ae": {"runs": 12, "balls": 12, "wickets": 0}, "57ee1fde": {"runs": 34, "balls": 31, "wickets": 1}, "1abb78f8": {"runs": 30, "balls": 33, "wickets": 0}, "327b58d3": {"runs": 37, "balls": 33, "wickets": 1}, "2af838ee": {"runs": 13, "balls": 7, "wickets": 0}, "2f49c897": {"runs": 68, "balls": 95, "wickets": 5}, "d9609443": {"runs": 72, "balls": 94, "wickets": 0}, "78eb4223": {"runs": 41, "balls": 77, "wickets": 1}, "0f721006": {"runs": 49, "balls": 57, "wickets": 1}, "92aa28fe": {"runs": 6, "balls": 8, "wickets": 1}, "75224f22": {"runs": 50, "balls": 60, "wickets": 7}, "4a745f65": {"runs": 21, "balls": 8, "wickets": 1}, "bbd41817": {"runs": 35, "balls": 31, "wickets": 0}, "76388dc8": {"runs": 24, "balls": 22, "wickets": 0}, "e342e5fb": {"runs": 29, "balls": 12, "wickets": 0}, "78cb83f3": {"runs": 16, "balls": 14, "wickets": 2}, "a12e1d51": {"runs": 0, "balls": 4, "wickets": 1}, "462411b3": {"runs": 43, "balls": 54, "wickets": 0}, "086f5984": {"runs": 9, "balls": 10, "wickets": 1}, "45a7e761": {"runs": 71, "balls": 140, "wickets": 3}, "8d2c70ad": {"runs": 46, "balls": 53, "wickets": 1}, "99d63244": {"runs": 16, "balls": 19, "wickets": 0}, "59792462": {"runs": 60, "balls": 110, "wickets": 3}, "5bbabe59": {"runs": 91, "balls": 131, "wickets": 2}, "dbfb8218": {"runs": 87, "balls": 100, "wickets": 1}, "dadb9703": {"runs": 21, "balls": 14, "wickets": 0}, "210f4a5d": {"runs": 13, "balls": 17, "wickets": 0}, "cc23e91e": {"runs": 70, "balls": 144, "wickets": 2}, "7a80ddf2": {"runs": 25, "balls": 21, "wickets": 0}, "7d5af2ea": {"runs": 6, "balls": 18, "wickets": 1}, "3feda4fa": {"runs": 31, "balls": 29, "wickets": 0}, "c6097d68": {"runs": 68, "balls": 42, "wickets": 1}, "a1d053dd": {"runs": 36, "balls": 31, "wickets": 1}, "b52ffbbd": {"runs": 17, "balls": 18, "wickets": 0}, "9dad0f2e": {"runs": 41, "balls": 29, "wickets": 3}, "8b248d88": {"runs": 18, "balls": 23, "wickets": 2}, "b3a28446": {"runs": 20, "balls": 19, "wickets": 0}, "b3118300": {"runs": 15, "balls": 22, "wickets": 1}, "4a461c24": {"runs": 0, "balls": 5, "wickets": 1}, "0bec3a6c": {"runs": 46, "balls": 36, "wickets": 0}, "db584dad": {"runs": 14, "balls": 8, "wickets": 0}, "9df3a2f4": {"runs": 5, "balls": 2, "wickets": 0}, "e84ac20c": {"runs": 40, "balls": 54, "wickets": 3}, "a818c1be": {"runs": 64, "balls": 121, "wickets": 5}, "13c35c9e": {"runs": 71, "balls": 96, "wickets": 3}, "94d7f855": {"runs": 6, "balls": 13, "wickets": 0}, "383dd431": {"runs": 5, "balls": 13, "wickets": 0}, "78adc879": {"runs": 73, "balls": 114, "wickets": 2}, "3766056b": {"runs": 13, "balls": 11, "wickets": 1}, "fc55ec67": {"runs": 74, "balls": 74, "wickets": 2}, "9061a703": {"runs": 37, "balls": 34, "wickets": 0}, "29b89ae8": {"runs": 21, "balls": 11, "wickets": 0}, "99cddc5e": {"runs": 15, "balls": 13, "wickets": 0}, "3fb19989": {"runs": 14, "balls": 17, "wickets": 1}, "ded9240e": {"runs": 13, "balls": 14, "wickets": 0}, "56ab442f": {"runs": 7, "balls": 3, "wickets": 0}, "14f96089": {"runs": 4, "balls": 13, "wickets": 2}, "8cf9814c": {"runs": 42, "balls": 37, "wickets": 1}, "dbe50b21": {"runs": 26, "balls": 12, "wickets": 2}, "9cb8d7a6": {"runs": 33, "balls": 36, "wickets": 0}, "9de62878": {"runs": 51, "balls": 43, "wickets": 0}, "3abe1ef6": {"runs": 53, "balls": 73, "wickets": 0}, "49691d7a": {"runs": 39, "balls": 34, "wickets": 1}, "44a18ad8": {"runs": 5, "balls": 3, "wickets": 0}, "22ae3041": {"runs": 6, "balls": 9, "wickets": 0}, "a316d663": {"runs": 6, "balls": 3, "wickets": 0}, "9d450c28": {"runs": 11, "balls": 11, "wickets": 0}, "8d5d991e": {"runs": 7, "balls": 6, "wickets": 0}, "19b9f399": {"runs": 1, "balls": 1, "wickets": 0}, "23eeb873": {"runs": 24, "balls": 43, "wickets": 2}, "a2f46292": {"runs": 10, "balls": 8, "wickets": 0}, "5bb1a1c4": {"runs": 25, "balls": 26, "wickets": 1}, "80ad39ac": {"runs": 24, "balls": 17, "wickets": 0}, "cb5100f1": {"runs": 32, "balls": 22, "wickets": 1}, "1670dcfd": {"runs": 5, "balls": 3, "wickets": 0}, "c0c411cb": {"runs": 27, "balls": 16, "wickets": 0}, "9868bc75": {"runs": 12, "balls": 8, "wickets": 0}, "0637aa94": {"runs": 2, "balls": 2, "wickets": 0}, "c58b0108": {"runs": 33, "balls": 23, "wickets": 0}, "aa467af0": {"runs": 12, "balls": 12, "wickets": 0}, "607ed7c2": {"runs": 13, "balls": 12, "wickets": 3}, "7d92277a": {"runs": 52, "balls": 39, "wickets": 1}, "a84ccd7d": {"runs": 12, "balls": 5, "wickets": 0}, "3ff033bb": {"runs": 8, "balls": 14, "wickets": 0}, "06c2de82": {"runs": 1, "balls": 1, "wickets": 0}, "d014d5ac": {"runs": 8, "balls": 5, "wickets": 0}, "37654b75": {"runs": 87, "balls": 65, "wickets": 2}, "4a491652": {"runs": 4, "balls": 4, "wickets": 0}, "c27518d2": {"runs": 5, "balls": 4, "wickets": 1}, "0b7363da": {"runs": 20, "balls": 12, "wickets": 0}, "8596fe80": {"runs": 21, "balls": 14, "wickets": 0}, "24bb1c2f": {"runs": 17, "balls": 16, "wickets": 0}, "9c9af282": {"runs": 62, "balls": 44, "wickets": 1}, "a089f93f": {"runs": 13, "balls": 27, "wickets": 0}, "7cd0a092": {"runs": 4, "balls": 3, "wickets": 0}, "1bd16445": {"runs": 37, "balls": 53, "wickets": 1}, "f6571355": {"runs": 68, "balls": 50, "wickets": 0}, "28496266": {"runs": 70, "balls": 53, "wickets": 1}, "a879b92c": {"runs": 61, "balls": 60, "wickets": 1}, "26f12506": {"runs": 8, "balls": 8, "wickets": 0}, "b0946605": {"runs": 57, "balls": 95, "wickets": 1}, "f7c3d426": {"runs": 9, "balls": 4, "wickets": 0}, "4d7f517e": {"runs": 67, "balls": 74, "wickets": 1}, "73c18486": {"runs": 48, "balls": 58, "wickets": 1}, "c4d9634c": {"runs": 67, "balls": 111, "wickets": 2}, "59ddd811": {"runs": 17, "balls": 15, "wickets": 0}, "68c56d09": {"runs": 56, "balls": 58, "wickets": 1}, "9219eff0": {"runs": 33, "balls": 23, "wickets": 1}, "94238673": {"runs": 8, "balls": 9, "wickets": 1}, "a97c8ec2": {"runs": 28, "balls": 41, "wickets": 0}, "400e2d4d": {"runs": 4, "balls": 18, "wickets": 0}, "5eef2118": {"runs": 11, "balls": 12, "wickets": 2}, "b7d1eadd": {"runs": 79, "balls": 175, "wickets": 1}, "1be67d37": {"runs": 60, "balls": 122, "wickets": 0}, "449f4e3c": {"runs": 53, "balls": 71, "wickets": 3}, "6e3f5a5c": {"runs": 81, "balls": 96, "wickets": 2}, "d96165b5": {"runs": 6, "balls": 6, "wickets": 0}, "6766ca00": {"runs": 42, "balls": 46, "wickets": 0}, "e3dd0d8e": {"runs": 14, "balls": 20, "wickets": 0}, "b08252b8": {"runs": 44, "balls": 27, "wickets": 0}, "fbd4f01f": {"runs": 23, "balls": 35, "wickets": 1}, "d285acaf": {"runs": 15, "balls": 12, "wickets": 1}, "2e9fdf9b": {"runs": 4, "balls": 3, "wickets": 0}, "ba5e1069": {"runs": 31, "balls": 75, "wickets": 1}, "dadbdb68": {"runs": 6, "balls": 8, "wickets": 1}, "fef92afc": {"runs": 6, "balls": 3, "wickets": 0}, "3f61a062": {"runs": 2, "balls": 3, "wickets": 1}, "d3868bd0": {"runs": 2, "balls": 3, "wickets": 0}, "f43dd8c2": {"runs": 1, "balls": 1, "wickets": 0}, "72253b87": {"runs": 3, "balls": 3, "wickets": 0}, "dcdb87f2": {"runs": 13, "balls": 15, "wickets": 1}, "270bf7e2": {"runs": 4, "balls": 5, "wickets": 0}, "053f3ce3": {"runs": 8, "balls": 6, "wickets": 0}, "9920dd86": {"runs": 10, "balls": 6, "wickets": 0}, "9a95bebb": {"runs": 7, "balls": 5, "wickets": 0}, "72e60730": {"runs": 0, "balls": 1, "wickets": 1}, "fb3e0d39": {"runs": 1, "balls": 2, "wickets": 0}, "dabbd0ae": {"runs": 18, "balls": 15, "wickets": 0}, "bb351c23": {"runs": 10, "balls": 7, "wickets": 1}, "4c5d73db": {"runs": 51, "balls": 45, "wickets": 1}, "d68e7f48": {"runs": 7, "balls": 5, "wickets": 0}, "acdc62f5": {"runs": 9, "balls": 17, "wickets": 0}, "a03bba42": {"runs": 13, "balls": 16, "wickets": 1}, "bd4ea627": {"runs": 22, "balls": 34, "wickets": 0}, "bbc192a4": {"runs": 81, "balls": 121, "wickets": 2}, "54c58a5e": {"runs": 63, "balls": 143, "wickets": 0}, "2911de16": {"runs": 24, "balls": 53, "wickets": 0}, "eade4650": {"runs": 12, "balls": 16, "wickets": 0}, "bb34fd31": {"runs": 15, "balls": 16, "wickets": 1}, "21b97584": {"runs": 23, "balls": 14, "wickets": 2}, "267be846": {"runs": 7, "balls": 5, "wickets": 0}, "37138918": {"runs": 8, "balls": 3, "wickets": 0}, "88256fe1": {"runs": 0, "balls": 1, "wickets": 1}, "5dbdecf1": {"runs": 25, "balls": 19, "wickets": 1}, "fa41edde": {"runs": 9, "balls": 4, "wickets": 0}, "0f12f9df": {"runs": 9, "balls": 7, "wickets": 2}, "390c914c": {"runs": 17, "balls": 19, "wickets": 1}, "f834dcfc": {"runs": 24, "balls": 33, "wickets": 0}, "81c36ee9": {"runs": 11, "balls": 32, "wickets": 0}, "a1d95bd8": {"runs": 9, "balls": 26, "wickets": 1}, "c96f6ac5": {"runs": 10, "balls": 6, "wickets": 0}, "b54b66b3": {"runs": 33, "balls": 88, "wickets": 0}, "8012d0b8": {"runs": 59, "balls": 131, "wickets": 2}, "de3d549a": {"runs": 82, "balls": 89, "wickets": 2}, "ded9ff1e": {"runs": 39, "balls": 42, "wickets": 0}, "f2665768": {"runs": 14, "balls": 24, "wickets": 0}, "529eb9e0": {"runs": 12, "balls": 11, "wickets": 1}, "23cca426": {"runs": 17, "balls": 12, "wickets": 0}, "1ac2a995": {"runs": 4, "balls": 7, "wickets": 1}, "c5aef772": {"runs": 10, "balls": 19, "wickets": 1}, "34b332d3": {"runs": 3, "balls": 3, "wickets": 0}, "97bdec3d": {"runs": 28, "balls": 39, "wickets": 1}, "650d5e49": {"runs": 2, "balls": 4, "wickets": 0}, "61fb296e": {"runs": 27, "balls": 12, "wickets": 0}, "4bc0a378": {"runs": 41, "balls": 31, "wickets": 0}, "e7e86505": {"runs": 9, "balls": 4, "wickets": 0}, "2a04400b": {"runs": 5, "balls": 3, "wickets": 0}, "d2d15439": {"runs": 14, "balls": 10, "wickets": 2}, "099135ad": {"runs": 7, "balls": 7, "wickets": 0}, "d07dbc28": {"runs": 6, "balls": 4, "wickets": 0}, "b91f2a31": {"runs": 6, "balls": 4, "wickets": 0}, "9e9af5f2": {"runs": 42, "balls": 38, "wickets": 0}, "3086f7a4": {"runs": 42, "balls": 26, "wickets": 2}, "e38bce7a": {"runs": 1, "balls": 5, "wickets": 2}, "350bb1b1": {"runs": 12, "balls": 6, "wickets": 0}, "29e253dd": {"runs": 9, "balls": 17, "wickets": 1}, "4557dc54": {"runs": 3, "balls": 3, "wickets": 0}, "8ce2080b": {"runs": 1, "balls": 1, "wickets": 0}, "7595b47f": {"runs": 4, "balls": 4, "wickets": 0}, "782fb776": {"runs": 3, "balls": 7, "wickets": 1}, "244048f6": {"runs": 17, "balls": 9, "wickets": 1}, "2e78f685": {"runs": 18, "balls": 14, "wickets": 0}, "f9e6e7ef": {"runs": 10, "balls": 15, "wickets": 0}, "81c08fa3": {"runs": 3, "balls": 3, "wickets": 0}, "2353b224": {"runs": 1, "balls": 2, "wickets": 0}, "8f6dd463": {"runs": 21, "balls": 13, "wickets": 1}, "77768f72": {"runs": 4, "balls": 13, "wickets": 2}, "b40ee8a8": {"runs": 21, "balls": 20, "wickets": 2}, "0ff20bec": {"runs": 2, "balls": 2, "wickets": 0}, "b529630e": {"runs": 4, "balls": 4, "wickets": 0}, "8ac11b50": {"runs": 25, "balls": 8, "wickets": 0}, "1274d7ab": {"runs": 3, "balls": 3, "wickets": 0}, "5318ee68": {"runs": 18, "balls": 9, "wickets": 0}, "8c7b16c8": {"runs": 13, "balls": 11, "wickets": 1}, "492ff0c2": {"runs": 17, "balls": 10, "wickets": 0}, "0b0cc297": {"runs": 35, "balls": 17, "wickets": 1}, "65b6943c": {"runs": 14, "balls": 10, "wickets": 0}, "e5437608": {"runs": 2, "balls": 5, "wickets": 0}, "e94915e6": {"runs": 32, "balls": 36, "wickets": 3}, "249d60c9": {"runs": 22, "balls": 18, "wickets": 0}, "0ecb4de6": {"runs": 14, "balls": 11, "wickets": 0}, "25550d06": {"runs": 65, "balls": 54, "wickets": 1}, "e957b38f": {"runs": 42, "balls": 45, "wickets": 1}, "478a63e7": {"runs": 60, "balls": 44, "wickets": 2}, "2c54c49b": {"runs": 41, "balls": 27, "wickets": 0}, "59ea70a4": {"runs": 20, "balls": 12, "wickets": 0}, "bd0a4a7d": {"runs": 20, "balls": 20, "wickets": 1}, "33b3d2df": {"runs": 14, "balls": 7, "wickets": 0}, "1a448be0": {"runs": 35, "balls": 32, "wickets": 2}, "e3fe4b49": {"runs": 22, "balls": 8, "wickets": 0}, "2cffab74": {"runs": 0, "balls": 1, "wickets": 1}, "aceb7654": {"runs": 0, "balls": 3, "wickets": 1}, "f422728b": {"runs": 0, "balls": 1, "wickets": 1}, "896d78ad": {"runs": 27, "balls": 25, "wickets": 1}, "736123bb": {"runs": 8, "balls": 14, "wickets": 1}, "64839cb3": {"runs": 21, "balls": 22, "wickets": 1}, "8db7f47f": {"runs": 15, "balls": 12, "wickets": 0}, "8d92a2c3": {"runs": 6, "balls": 10, "wickets": 0}, "ba607b88": {"runs": 1, "balls": 2, "wickets": 0}, "3204c99f": {"runs": 7, "balls": 8, "wickets": 0}, "803dbf1d": {"runs": 2, "balls": 9, "wickets": 2}, "6dd8b88c": {"runs": 14, "balls": 13, "wickets": 0}, "de7d833e": {"runs": 16, "balls": 15, "wickets": 2}, "f24c6701": {"runs": 27, "balls": 25, "wickets": 0}, "03806cf8": {"runs": 7, "balls": 19, "wickets": 0}, "1a2676c5": {"runs": 18, "balls": 11, "wickets": 0}, "3d8feaf8": {"runs": 7, "balls": 8, "wickets": 0}, "12b610c2": {"runs": 1, "balls": 1, "wickets": 0}, "641ac5ff": {"runs": 20, "balls": 14, "wickets": 0}, "cb9b8664": {"runs": 4, "balls": 8, "wickets": 0}, "bed90114": {"runs": 4, "balls": 7, "wickets": 1}, "e1891e00": {"runs": 18, "balls": 9, "wickets": 0}, "e4a0deae": {"runs": 6, "balls": 8, "wickets": 0}, "687e20b3": {"runs": 1, "balls": 5, "wickets": 0}, "2cec2a92": {"runs": 6, "balls": 4, "wickets": 0}, "2e11c706": {"runs": 8, "balls": 4, "wickets": 0}, "eca6dcb2": {"runs": 20, "balls": 12, "wickets": 0}, "a699488a": {"runs": 11, "balls": 5, "wickets": 0}, "ad1730bc": {"runs": 29, "balls": 10, "wickets": 0}, "18fac429": {"runs": 10, "balls": 14, "wickets": 0}, "99d7d5b7": {"runs": 5, "balls": 4, "wickets": 0}, "e9c7f0d0": {"runs": 11, "balls": 10, "wickets": 0}, "dda5aae5": {"runs": 4, "balls": 2, "wickets": 1}, "127bc5ca": {"runs": 22, "balls": 52, "wickets": 0}, "08548b13": {"runs": 9, "balls": 14, "wickets": 0}, "38214163": {"runs": 11, "balls": 6, "wickets": 0}, "c8a3f688": {"runs": 9, "balls": 6, "wickets": 0}, "b0eaaac6": {"runs": 5, "balls": 6, "wickets": 0}, "5ec41cd7": {"runs": 0, "balls": 3, "wickets": 0}, "ee1b6c27": {"runs": 7, "balls": 6, "wickets": 0}, "1adb8ee8": {"runs": 1, "balls": 6, "wickets": 1}, "1747ea18": {"runs": 9, "balls": 6, "wickets": 0}, "d9273ee7": {"runs": 1, "balls": 1, "wickets": 0}, "33609a8c": {"runs": 14, "balls": 20, "wickets": 0}, "27c5715d": {"runs": 63, "balls": 52, "wickets": 0}, "a86a37ab": {"runs": 11, "balls": 32, "wickets": 0}, "cb1a782a": {"runs": 11, "balls": 31, "wickets": 0}, "abb7c76c": {"runs": 51, "balls": 123, "wickets": 0}, "89c16049": {"runs": 10, "balls": 11, "wickets": 1}, "0a67aec0": {"runs": 8, "balls": 14, "wickets": 0}, "aad0c365": {"runs": 32, "balls": 13, "wickets": 0}, "5b7ab5a9": {"runs": 3, "balls": 7, "wickets": 1}, "df064e1a": {"runs": 10, "balls": 6, "wickets": 1}, "f29185a1": {"runs": 2, "balls": 2, "wickets": 0}}, "fifties": 9, "thirties": 102, "centuries": 0, "maidens": 0.0, "hattricks": 0, "club_ODI_previous3_runs": [], "club_ODI_previous3_wickets": [], "club_ODI_previous3_balls played": [], "club_ODI_previous3_overs": [], "club_ODI_previous3_runs gave": [], "club_ODI_lifetime_runs": 0.0, "club_ODI_lifetime_wickets": 0.0, "club_ODI_lifetime_balls played": 0.0, "club_ODI_lifetime_overs": 0.0, "club_ODI_lifetime_runs gave": 0.0, "club_Test_previous3_runs": [], "club_Test_previous3_wickets": [], "club_Test_previous3_balls played": [], "club_Test_previous3_overs": [], "club_Test_previous3_runs gave": [], "club_Test_lifetime_runs": 0.0, "club_Test_lifetime_wickets": 0.0, "club_Test_lifetime_balls played": 0.0, "club_Test_lifetime_overs": 0.0, "club_Test_lifetime_runs gave": 0.0, "club_T20_previous3_runs": [12.0, 83.0, 16.0], "club_T20_previous3_wickets": [0.0, 0.0, 0.0], "club_T20_previous3_balls played": [12.0, 57.0, 12.0], "club_T20_previous3_overs": [0.0, 0.0, 0.0], "club_T20_previous3_runs gave": [0.0, 0.0, 0.0], "club_T20_lifetime_runs": 2128.0, "club_T20_lifetime_wickets": 0.0, "club_T20_lifetime_balls played": 1682.0, "club_T20_lifetime_overs": 0.0, "club_T20_lifetime_runs gave": 0.0, "international_ODI_previous3_runs": [1.0, 0.0, 0.0], "international_ODI_previous3_wickets": [0.0, 0.0, 0.0], "international_ODI_previous3_balls played": [2.0, 1.0, 3.0], "international_ODI_previous3_overs": [0.0, 0.0, 0.0], "international_ODI_previous3_runs gave": [0.0, 0.0, 0.0], "international_ODI_lifetime_runs": 2172.0, "international_ODI_lifetime_wickets": 0.0, "international_ODI_lifetime_balls played": 2503.0, "international_ODI_lifetime_overs": 0.0, "international_ODI_lifetime_runs gave": 0.0, "international_Test_previous3_runs": [23.0, 14.0, 8.0], "international_Test_previous3_wickets": [0.0, 0.0, 0.0], "international_Test_previous3_balls played": [50.0, 37.0, 28.0], "international_Test_previous3_overs": [0.0, 0.0, 0.0], "international_Test_previous3_runs gave": [0.0, 0.0, 0.0], "international_Test_lifetime_runs": 2583.0, "international_Test_lifetime_wickets": 0.0, "international_Test_lifetime_balls played": 4385.0, "international_Test_lifetime_overs": 2.0, "international_Test_lifetime_runs gave": 13.0, "international_T20_previous3_runs": [4.0, 14.0, 42.0], "international_T20_previous3_wickets": [0.0, 0.0, 0.0], "international_T20_previous3_balls played": [2.0, 11.0, 25.0], "international_T20_previous3_overs": [0.0, 0.0, 0.0], "international_T20_previous3_runs gave": [0.0, 0.0, 0.0], "international_T20_lifetime_runs": 1777.0, "international_T20_lifetime_wickets": 0.0, "international_T20_lifetime_balls played": 1376.0, "international_T20_lifetime_overs": 0.0, "international_T20_lifetime_runs gave": 0.0}