{"played_against": {"c981d3c2": {"runs": 0, "balls": 1, "wickets": 1}, "2dc78362": {"runs": 2, "balls": 7, "wickets": 0}, "10da33a2": {"runs": 2, "balls": 3, "wickets": 0}, "00823a96": {"runs": 1, "balls": 3, "wickets": 1}, "b4f73b44": {"runs": 3, "balls": 3, "wickets": 0}, "69a9bb78": {"runs": 1, "balls": 1, "wickets": 0}, "f6ddfe08": {"runs": 1, "balls": 2, "wickets": 0}, "8d25271a": {"runs": 0, "balls": 2, "wickets": 0}, "f281dd00": {"runs": 1, "balls": 2, "wickets": 1}, "36dfa62e": {"runs": 2, "balls": 6, "wickets": 1}, "09a58e2d": {"runs": 3, "balls": 5, "wickets": 0}, "edf62a25": {"runs": 1, "balls": 2, "wickets": 0}, "8cd72e0b": {"runs": 10, "balls": 23, "wickets": 0}, "c3394c16": {"runs": 9, "balls": 21, "wickets": 0}, "f13d3eba": {"runs": 0, "balls": 2, "wickets": 1}, "c6a019f5": {"runs": 5, "balls": 5, "wickets": 0}, "9a58f2c8": {"runs": 6, "balls": 9, "wickets": 0}, "022745d5": {"runs": 1, "balls": 1, "wickets": 0}, "47b32a5a": {"runs": 11, "balls": 20, "wickets": 1}, "a6ec88f4": {"runs": 6, "balls": 20, "wickets": 1}, "8e7be59c": {"runs": 3, "balls": 7, "wickets": 0}, "a0a65375": {"runs": 5, "balls": 10, "wickets": 0}, "f61e2829": {"runs": 8, "balls": 11, "wickets": 0}, "581eec7e": {"runs": 1, "balls": 10, "wickets": 0}, "385eac52": {"runs": 5, "balls": 16, "wickets": 1}, "d92d3563": {"runs": 2, "balls": 13, "wickets": 1}}, "fifties": 0, "thirties": 0, "centuries": 0, "maidens": 4.0, "hattricks": 3, "club_ODI_previous3_runs": [], "club_ODI_previous3_wickets": [], "club_ODI_previous3_balls played": [], "club_ODI_previous3_overs": [], "club_ODI_previous3_runs gave": [], "club_ODI_lifetime_runs": 0.0, "club_ODI_lifetime_wickets": 0.0, "club_ODI_lifetime_balls played": 0.0, "club_ODI_lifetime_overs": 0.0, "club_ODI_lifetime_runs gave": 0.0, "club_Test_previous3_runs": [], "club_Test_previous3_wickets": [], "club_Test_previous3_balls played": [], "club_Test_previous3_overs": [], "club_Test_previous3_runs gave": [], "club_Test_lifetime_runs": 0.0, "club_Test_lifetime_wickets": 0.0, "club_Test_lifetime_balls played": 0.0, "club_Test_lifetime_overs": 0.0, "club_Test_lifetime_runs gave": 0.0, "club_T20_previous3_runs": [], "club_T20_previous3_wickets": [], "club_T20_previous3_balls played": [], "club_T20_previous3_overs": [], "club_T20_previous3_runs gave": [], "club_T20_lifetime_runs": 0.0, "club_T20_lifetime_wickets": 0.0, "club_T20_lifetime_balls played": 0.0, "club_T20_lifetime_overs": 0.0, "club_T20_lifetime_runs gave": 0.0, "international_ODI_previous3_runs": [21.0, 13.0, 9.0], "international_ODI_previous3_wickets": [0.0, 1.0, 1.0], "international_ODI_previous3_balls played": [44.0, 34.0, 39.0], "international_ODI_previous3_overs": [6.833333333333333, 7.333333333333333, 4.0], "international_ODI_previous3_runs gave": [46.0, 30.0, 17.0], "international_ODI_lifetime_runs": 76.0, "international_ODI_lifetime_wickets": 8.0, "international_ODI_lifetime_balls played": 183.0, "international_ODI_lifetime_overs": 52.00000000000001, "international_ODI_lifetime_runs gave": 221.0, "international_Test_previous3_runs": [], "international_Test_previous3_wickets": [], "international_Test_previous3_balls played": [], "international_Test_previous3_overs": [], "international_Test_previous3_runs gave": [], "international_Test_lifetime_runs": 0.0, "international_Test_lifetime_wickets": 0.0, "international_Test_lifetime_balls played": 0.0, "international_Test_lifetime_overs": 0.0, "international_Test_lifetime_runs gave": 0.0, "international_T20_previous3_runs": [0.0, 0.0, 7.0], "international_T20_previous3_wickets": [0.0, 0.0, 1.0], "international_T20_previous3_balls played": [0.0, 0.0, 16.0], "international_T20_previous3_overs": [3.0, 1.0, 3.0], "international_T20_previous3_runs gave": [26.0, 9.0, 17.0], "international_T20_lifetime_runs": 13.0, "international_T20_lifetime_wickets": 20.0, "international_T20_lifetime_balls played": 26.0, "international_T20_lifetime_overs": 75.83333333333334, "international_T20_lifetime_runs gave": 411.0}