{"played_against": {"ad3940a5": {"runs": 1, "balls": 1, "wickets": 0}, "66078174": {"runs": 0, "balls": 3, "wickets": 1}, "fcd1dd35": {"runs": 8, "balls": 5, "wickets": 0}, "a457cfb5": {"runs": 2, "balls": 5, "wickets": 1}, "d3611425": {"runs": 4, "balls": 9, "wickets": 1}, "4312e8f9": {"runs": 1, "balls": 3, "wickets": 0}, "5b8c830e": {"runs": 2, "balls": 4, "wickets": 0}, "558cdd64": {"runs": 0, "balls": 7, "wickets": 0}, "a4f1fdd4": {"runs": 2, "balls": 10, "wickets": 1}, "519b872a": {"runs": 4, "balls": 17, "wickets": 0}, "23e3f2d6": {"runs": 1, "balls": 4, "wickets": 0}, "f6ddfe08": {"runs": 1, "balls": 6, "wickets": 0}, "4b15618c": {"runs": 0, "balls": 5, "wickets": 1}}, "fifties": 0, "thirties": 0, "centuries": 0, "maidens": 2.0, "hattricks": 0, "club_ODI_previous3_runs": [], "club_ODI_previous3_wickets": [], "club_ODI_previous3_balls played": [], "club_ODI_previous3_overs": [], "club_ODI_previous3_runs gave": [], "club_ODI_lifetime_runs": 0.0, "club_ODI_lifetime_wickets": 0.0, "club_ODI_lifetime_balls played": 0.0, "club_ODI_lifetime_overs": 0.0, "club_ODI_lifetime_runs gave": 0.0, "club_Test_previous3_runs": [], "club_Test_previous3_wickets": [], "club_Test_previous3_balls played": [], "club_Test_previous3_overs": [], "club_Test_previous3_runs gave": [], "club_Test_lifetime_runs": 0.0, "club_Test_lifetime_wickets": 0.0, "club_Test_lifetime_balls played": 0.0, "club_Test_lifetime_overs": 0.0, "club_Test_lifetime_runs gave": 0.0, "club_T20_previous3_runs": [10.0, 7.0], "club_T20_previous3_wickets": [1.0, 0.0], "club_T20_previous3_balls played": [10.0, 16.0], "club_T20_previous3_overs": [3.0, 1.0], "club_T20_previous3_runs gave": [25.0, 8.0], "club_T20_lifetime_runs": 17.0, "club_T20_lifetime_wickets": 1.0, "club_T20_lifetime_balls played": 26.0, "club_T20_lifetime_overs": 4.0, "club_T20_lifetime_runs gave": 33.0, "international_ODI_previous3_runs": [0.0, 2.0, 6.0], "international_ODI_previous3_wickets": [0.0, 2.0, 1.0], "international_ODI_previous3_balls played": [7.0, 10.0, 32.0], "international_ODI_previous3_overs": [10.0, 7.0, 4.0], "international_ODI_previous3_runs gave": [73.0, 23.0, 26.0], "international_ODI_lifetime_runs": 8.0, "international_ODI_lifetime_wickets": 3.0, "international_ODI_lifetime_balls played": 49.0, "international_ODI_lifetime_overs": 21.0, "international_ODI_lifetime_runs gave": 122.0, "international_Test_previous3_runs": [], "international_Test_previous3_wickets": [], "international_Test_previous3_balls played": [], "international_Test_previous3_overs": [], "international_Test_previous3_runs gave": [], "international_Test_lifetime_runs": 0.0, "international_Test_lifetime_wickets": 0.0, "international_Test_lifetime_balls played": 0.0, "international_Test_lifetime_overs": 0.0, "international_Test_lifetime_runs gave": 0.0, "international_T20_previous3_runs": [0.0, 0.0, 0.0], "international_T20_previous3_wickets": [1.0, 0.0, 2.0], "international_T20_previous3_balls played": [0.0, 0.0, 0.0], "international_T20_previous3_overs": [3.8333333333333335, 2.0, 4.0], "international_T20_previous3_runs gave": [14.0, 14.0, 22.0], "international_T20_lifetime_runs": 1.0, "international_T20_lifetime_wickets": 4.0, "international_T20_lifetime_balls played": 4.0, "international_T20_lifetime_overs": 14.833333333333334, "international_T20_lifetime_runs gave": 82.0}