{"played_against": {"89bbc67a": {"runs": 4, "balls": 7, "wickets": 0}, "e149d0ae": {"runs": 8, "balls": 5, "wickets": 1}, "fb192f98": {"runs": 2, "balls": 3, "wickets": 0}, "15f609ed": {"runs": 5, "balls": 3, "wickets": 0}, "00823a96": {"runs": 10, "balls": 10, "wickets": 0}, "340202b0": {"runs": 4, "balls": 7, "wickets": 0}, "907c51ab": {"runs": 1, "balls": 4, "wickets": 1}, "02181d9a": {"runs": 1, "balls": 1, "wickets": 0}, "d32cf49a": {"runs": 3, "balls": 6, "wickets": 0}, "8d742853": {"runs": 7, "balls": 8, "wickets": 1}, "32497ecd": {"runs": 1, "balls": 3, "wickets": 0}, "091001f8": {"runs": 3, "balls": 3, "wickets": 0}, "c6625a26": {"runs": 11, "balls": 25, "wickets": 0}, "8ae7bb3e": {"runs": 11, "balls": 9, "wickets": 0}, "7b1f2542": {"runs": 15, "balls": 13, "wickets": 0}, "588360ee": {"runs": 8, "balls": 8, "wickets": 0}, "e7f06080": {"runs": 9, "balls": 6, "wickets": 0}, "67045de6": {"runs": 4, "balls": 3, "wickets": 0}, "184512d1": {"runs": 17, "balls": 6, "wickets": 0}, "13c19f32": {"runs": 1, "balls": 5, "wickets": 0}, "d23c808d": {"runs": 7, "balls": 16, "wickets": 1}, "287ed3a0": {"runs": 24, "balls": 24, "wickets": 0}, "a139c379": {"runs": 5, "balls": 12, "wickets": 1}, "2f485713": {"runs": 12, "balls": 7, "wickets": 0}, "b4e026de": {"runs": 1, "balls": 2, "wickets": 0}, "f13d3eba": {"runs": 2, "balls": 3, "wickets": 1}, "54719239": {"runs": 7, "balls": 8, "wickets": 0}, "cefad9fd": {"runs": 16, "balls": 10, "wickets": 0}, "7156272d": {"runs": 8, "balls": 5, "wickets": 0}, "971cb321": {"runs": 2, "balls": 3, "wickets": 0}, "e5b17517": {"runs": 1, "balls": 3, "wickets": 0}, "1ade138e": {"runs": 0, "balls": 1, "wickets": 1}, "2479daa6": {"runs": 12, "balls": 8, "wickets": 0}, "201fef33": {"runs": 0, "balls": 2, "wickets": 0}, "c64b7c5b": {"runs": 5, "balls": 4, "wickets": 0}, "507acf2e": {"runs": 8, "balls": 6, "wickets": 0}, "a6aea235": {"runs": 1, "balls": 1, "wickets": 0}, "9b3bcca4": {"runs": 1, "balls": 1, "wickets": 0}, "8f30d191": {"runs": 0, "balls": 1, "wickets": 1}, "f285b7ff": {"runs": 0, "balls": 1, "wickets": 1}, "53d50717": {"runs": 1, "balls": 4, "wickets": 0}, "8d26dfab": {"runs": 8, "balls": 6, "wickets": 0}, "f7b74efa": {"runs": 2, "balls": 3, "wickets": 1}, "f61e2829": {"runs": 2, "balls": 2, "wickets": 0}, "7306c48d": {"runs": 0, "balls": 4, "wickets": 0}, "ffdfa9ad": {"runs": 2, "balls": 4, "wickets": 0}}, "fifties": 0, "thirties": 3, "centuries": 0, "maidens": 0.0, "hattricks": 0, "club_ODI_previous3_runs": [11.0, 2.0, 13.0], "club_ODI_previous3_wickets": [0.0, 0.0, 0.0], "club_ODI_previous3_balls played": [13.0, 6.0, 24.0], "club_ODI_previous3_overs": [4.0, 4.0, 2.0], "club_ODI_previous3_runs gave": [16.0, 12.0, 17.0], "club_ODI_lifetime_runs": 124.0, "club_ODI_lifetime_wickets": 2.0, "club_ODI_lifetime_balls played": 154.0, "club_ODI_lifetime_overs": 47.0, "club_ODI_lifetime_runs gave": 257.0, "club_Test_previous3_runs": [], "club_Test_previous3_wickets": [], "club_Test_previous3_balls played": [], "club_Test_previous3_overs": [], "club_Test_previous3_runs gave": [], "club_Test_lifetime_runs": 0.0, "club_Test_lifetime_wickets": 0.0, "club_Test_lifetime_balls played": 0.0, "club_Test_lifetime_overs": 0.0, "club_Test_lifetime_runs gave": 0.0, "club_T20_previous3_runs": [0.0, 9.0, 3.0], "club_T20_previous3_wickets": [0.0, 0.0, 0.0], "club_T20_previous3_balls played": [0.0, 6.0, 6.0], "club_T20_previous3_overs": [0.0, 1.0, 2.0], "club_T20_previous3_runs gave": [0.0, 12.0, 13.0], "club_T20_lifetime_runs": 128.0, "club_T20_lifetime_wickets": 6.0, "club_T20_lifetime_balls played": 124.0, "club_T20_lifetime_overs": 22.0, "club_T20_lifetime_runs gave": 170.0, "international_ODI_previous3_runs": [], "international_ODI_previous3_wickets": [], "international_ODI_previous3_balls played": [], "international_ODI_previous3_overs": [], "international_ODI_previous3_runs gave": [], "international_ODI_lifetime_runs": 0.0, "international_ODI_lifetime_wickets": 0.0, "international_ODI_lifetime_balls played": 0.0, "international_ODI_lifetime_overs": 0.0, "international_ODI_lifetime_runs gave": 0.0, "international_Test_previous3_runs": [], "international_Test_previous3_wickets": [], "international_Test_previous3_balls played": [], "international_Test_previous3_overs": [], "international_Test_previous3_runs gave": [], "international_Test_lifetime_runs": 0.0, "international_Test_lifetime_wickets": 0.0, "international_Test_lifetime_balls played": 0.0, "international_Test_lifetime_overs": 0.0, "international_Test_lifetime_runs gave": 0.0, "international_T20_previous3_runs": [], "international_T20_previous3_wickets": [], "international_T20_previous3_balls played": [], "international_T20_previous3_overs": [], "international_T20_previous3_runs gave": [], "international_T20_lifetime_runs": 0.0, "international_T20_lifetime_wickets": 0.0, "international_T20_lifetime_balls played": 0.0, "international_T20_lifetime_overs": 0.0, "international_T20_lifetime_runs gave": 0.0}