{"played_against": {"463e127a": {"runs": 2, "balls": 7, "wickets": 0}, "17751f98": {"runs": 5, "balls": 9, "wickets": 0}, "a83bd4c3": {"runs": 7, "balls": 6, "wickets": 0}, "5257e839": {"runs": 0, "balls": 2, "wickets": 1}, "fe4f5d2b": {"runs": 0, "balls": 2, "wickets": 1}, "9908d470": {"runs": 0, "balls": 4, "wickets": 0}, "a413b433": {"runs": 2, "balls": 7, "wickets": 0}, "030a38e0": {"runs": 1, "balls": 6, "wickets": 0}, "047d293e": {"runs": 1, "balls": 2, "wickets": 0}, "59ff3c57": {"runs": 8, "balls": 7, "wickets": 0}, "d12ec7b3": {"runs": 2, "balls": 2, "wickets": 0}, "ce5030d8": {"runs": 5, "balls": 2, "wickets": 0}, "a6ec88f4": {"runs": 2, "balls": 5, "wickets": 1}, "42e4b276": {"runs": 3, "balls": 5, "wickets": 0}, "47b32a5a": {"runs": 8, "balls": 11, "wickets": 0}, "4d35d0b3": {"runs": 4, "balls": 11, "wickets": 0}, "fa9db243": {"runs": 2, "balls": 3, "wickets": 1}, "983a0c34": {"runs": 1, "balls": 1, "wickets": 0}, "262b1d7d": {"runs": 0, "balls": 2, "wickets": 1}, "26eb73f9": {"runs": 3, "balls": 4, "wickets": 0}, "eb9082b2": {"runs": 5, "balls": 5, "wickets": 0}, "03c98aa6": {"runs": 1, "balls": 1, "wickets": 0}}, "fifties": 0, "thirties": 0, "centuries": 0, "maidens": 0.0, "hattricks": 0, "club_ODI_previous3_runs": [], "club_ODI_previous3_wickets": [], "club_ODI_previous3_balls played": [], "club_ODI_previous3_overs": [], "club_ODI_previous3_runs gave": [], "club_ODI_lifetime_runs": 0.0, "club_ODI_lifetime_wickets": 0.0, "club_ODI_lifetime_balls played": 0.0, "club_ODI_lifetime_overs": 0.0, "club_ODI_lifetime_runs gave": 0.0, "club_Test_previous3_runs": [], "club_Test_previous3_wickets": [], "club_Test_previous3_balls played": [], "club_Test_previous3_overs": [], "club_Test_previous3_runs gave": [], "club_Test_lifetime_runs": 0.0, "club_Test_lifetime_wickets": 0.0, "club_Test_lifetime_balls played": 0.0, "club_Test_lifetime_overs": 0.0, "club_Test_lifetime_runs gave": 0.0, "club_T20_previous3_runs": [], "club_T20_previous3_wickets": [], "club_T20_previous3_balls played": [], "club_T20_previous3_overs": [], "club_T20_previous3_runs gave": [], "club_T20_lifetime_runs": 0.0, "club_T20_lifetime_wickets": 0.0, "club_T20_lifetime_balls played": 0.0, "club_T20_lifetime_overs": 0.0, "club_T20_lifetime_runs gave": 0.0, "international_ODI_previous3_runs": [], "international_ODI_previous3_wickets": [], "international_ODI_previous3_balls played": [], "international_ODI_previous3_overs": [], "international_ODI_previous3_runs gave": [], "international_ODI_lifetime_runs": 0.0, "international_ODI_lifetime_wickets": 0.0, "international_ODI_lifetime_balls played": 0.0, "international_ODI_lifetime_overs": 0.0, "international_ODI_lifetime_runs gave": 0.0, "international_Test_previous3_runs": [], "international_Test_previous3_wickets": [], "international_Test_previous3_balls played": [], "international_Test_previous3_overs": [], "international_Test_previous3_runs gave": [], "international_Test_lifetime_runs": 0.0, "international_Test_lifetime_wickets": 0.0, "international_Test_lifetime_balls played": 0.0, "international_Test_lifetime_overs": 0.0, "international_Test_lifetime_runs gave": 0.0, "international_T20_previous3_runs": [5.0, 3.0, 1.0], "international_T20_previous3_wickets": [0.0, 0.0, 0.0], "international_T20_previous3_balls played": [7.0, 2.0, 1.0], "international_T20_previous3_overs": [0.0, 0.0, 0.0], "international_T20_previous3_runs gave": [0.0, 0.0, 0.0], "international_T20_lifetime_runs": 62.0, "international_T20_lifetime_wickets": 0.0, "international_T20_lifetime_balls played": 104.0, "international_T20_lifetime_overs": 0.0, "international_T20_lifetime_runs gave": 0.0}