{"played_against": {"d7e51f87": {"runs": 0, "balls": 0, "wickets": 0}, "21b67523": {"runs": 3, "balls": 4, "wickets": 0}, "eb4f9c61": {"runs": 1, "balls": 2, "wickets": 0}, "2af28253": {"runs": 1, "balls": 3, "wickets": 0}, "089ebf89": {"runs": 0, "balls": 3, "wickets": 1}, "3ac13a94": {"runs": 2, "balls": 9, "wickets": 1}, "b5aa28ce": {"runs": 4, "balls": 7, "wickets": 0}, "1f3b9f8d": {"runs": 2, "balls": 5, "wickets": 0}, "090f96e4": {"runs": 4, "balls": 11, "wickets": 0}, "d3eedb51": {"runs": 0, "balls": 2, "wickets": 0}, "bfc7799f": {"runs": 11, "balls": 6, "wickets": 1}, "e73f6c4b": {"runs": 4, "balls": 3, "wickets": 0}}, "fifties": 0, "thirties": 0, "centuries": 0, "maidens": 0.0, "hattricks": 0, "club_ODI_previous3_runs": [], "club_ODI_previous3_wickets": [], "club_ODI_previous3_balls played": [], "club_ODI_previous3_overs": [], "club_ODI_previous3_runs gave": [], "club_ODI_lifetime_runs": 0.0, "club_ODI_lifetime_wickets": 0.0, "club_ODI_lifetime_balls played": 0.0, "club_ODI_lifetime_overs": 0.0, "club_ODI_lifetime_runs gave": 0.0, "club_Test_previous3_runs": [], "club_Test_previous3_wickets": [], "club_Test_previous3_balls played": [], "club_Test_previous3_overs": [], "club_Test_previous3_runs gave": [], "club_Test_lifetime_runs": 0.0, "club_Test_lifetime_wickets": 0.0, "club_Test_lifetime_balls played": 0.0, "club_Test_lifetime_overs": 0.0, "club_Test_lifetime_runs gave": 0.0, "club_T20_previous3_runs": [], "club_T20_previous3_wickets": [], "club_T20_previous3_balls played": [], "club_T20_previous3_overs": [], "club_T20_previous3_runs gave": [], "club_T20_lifetime_runs": 0.0, "club_T20_lifetime_wickets": 0.0, "club_T20_lifetime_balls played": 0.0, "club_T20_lifetime_overs": 0.0, "club_T20_lifetime_runs gave": 0.0, "international_ODI_previous3_runs": [], "international_ODI_previous3_wickets": [], "international_ODI_previous3_balls played": [], "international_ODI_previous3_overs": [], "international_ODI_previous3_runs gave": [], "international_ODI_lifetime_runs": 0.0, "international_ODI_lifetime_wickets": 0.0, "international_ODI_lifetime_balls played": 0.0, "international_ODI_lifetime_overs": 0.0, "international_ODI_lifetime_runs gave": 0.0, "international_Test_previous3_runs": [], "international_Test_previous3_wickets": [], "international_Test_previous3_balls played": [], "international_Test_previous3_overs": [], "international_Test_previous3_runs gave": [], "international_Test_lifetime_runs": 0.0, "international_Test_lifetime_wickets": 0.0, "international_Test_lifetime_balls played": 0.0, "international_Test_lifetime_overs": 0.0, "international_Test_lifetime_runs gave": 0.0, "international_T20_previous3_runs": [3.0, 3.0, 21.0], "international_T20_previous3_wickets": [0.0, 0.0, 0.0], "international_T20_previous3_balls played": [6.0, 10.0, 27.0], "international_T20_previous3_overs": [0.0, 0.0, 0.0], "international_T20_previous3_runs gave": [0.0, 0.0, 0.0], "international_T20_lifetime_runs": 32.0, "international_T20_lifetime_wickets": 0.0, "international_T20_lifetime_balls played": 57.0, "international_T20_lifetime_overs": 0.0, "international_T20_lifetime_runs gave": 0.0}