{"played_against": {"7fb32e5b": {"runs": 4, "balls": 5, "wickets": 1}, "d7c6af50": {"runs": 1, "balls": 2, "wickets": 0}, "05e0fab5": {"runs": 6, "balls": 7, "wickets": 2}, "78f34e15": {"runs": 2, "balls": 3, "wickets": 0}, "3eac9d95": {"runs": 1, "balls": 1, "wickets": 0}, "d2babdd5": {"runs": 0, "balls": 7, "wickets": 1}, "9f0270e0": {"runs": 0, "balls": 8, "wickets": 0}, "31fbf891": {"runs": 1, "balls": 6, "wickets": 0}, "2182013e": {"runs": 0, "balls": 5, "wickets": 1}, "59792462": {"runs": 3, "balls": 1, "wickets": 0}, "0dc00542": {"runs": 0, "balls": 5, "wickets": 0}, "64d43928": {"runs": 1, "balls": 4, "wickets": 0}}, "fifties": 0, "thirties": 0, "centuries": 0, "maidens": 9.0, "hattricks": 1, "club_ODI_previous3_runs": [], "club_ODI_previous3_wickets": [], "club_ODI_previous3_balls played": [], "club_ODI_previous3_overs": [], "club_ODI_previous3_runs gave": [], "club_ODI_lifetime_runs": 0.0, "club_ODI_lifetime_wickets": 0.0, "club_ODI_lifetime_balls played": 0.0, "club_ODI_lifetime_overs": 0.0, "club_ODI_lifetime_runs gave": 0.0, "club_Test_previous3_runs": [], "club_Test_previous3_wickets": [], "club_Test_previous3_balls played": [], "club_Test_previous3_overs": [], "club_Test_previous3_runs gave": [], "club_Test_lifetime_runs": 0.0, "club_Test_lifetime_wickets": 0.0, "club_Test_lifetime_balls played": 0.0, "club_Test_lifetime_overs": 0.0, "club_Test_lifetime_runs gave": 0.0, "club_T20_previous3_runs": [0.0, 1.0, 0.0], "club_T20_previous3_wickets": [0.0, 0.0, 1.0], "club_T20_previous3_balls played": [0.0, 9.0, 0.0], "club_T20_previous3_overs": [1.1666666666666667, 1.8333333333333335, 3.0], "club_T20_previous3_runs gave": [19.0, 12.0, 18.0], "club_T20_lifetime_runs": 1.0, "club_T20_lifetime_wickets": 4.0, "club_T20_lifetime_balls played": 9.0, "club_T20_lifetime_overs": 10.0, "club_T20_lifetime_runs gave": 72.0, "international_ODI_previous3_runs": [], "international_ODI_previous3_wickets": [], "international_ODI_previous3_balls played": [], "international_ODI_previous3_overs": [], "international_ODI_previous3_runs gave": [], "international_ODI_lifetime_runs": 0.0, "international_ODI_lifetime_wickets": 0.0, "international_ODI_lifetime_balls played": 0.0, "international_ODI_lifetime_overs": 0.0, "international_ODI_lifetime_runs gave": 0.0, "international_Test_previous3_runs": [5.0, 9.0, 4.0], "international_Test_previous3_wickets": [1.0, 1.0, 0.0], "international_Test_previous3_balls played": [8.0, 11.0, 28.0], "international_Test_previous3_overs": [22.0, 14.0, 19.0], "international_Test_previous3_runs gave": [89.0, 92.0, 58.0], "international_Test_lifetime_runs": 18.0, "international_Test_lifetime_wickets": 2.0, "international_Test_lifetime_balls played": 47.0, "international_Test_lifetime_overs": 55.0, "international_Test_lifetime_runs gave": 239.0, "international_T20_previous3_runs": [0.0], "international_T20_previous3_wickets": [0.0], "international_T20_previous3_balls played": [0.0], "international_T20_previous3_overs": [1.0], "international_T20_previous3_runs gave": [15.0], "international_T20_lifetime_runs": 0.0, "international_T20_lifetime_wickets": 0.0, "international_T20_lifetime_balls played": 0.0, "international_T20_lifetime_overs": 1.0, "international_T20_lifetime_runs gave": 15.0}