{"played_against": {"93a583c3": {"runs": 1, "balls": 2, "wickets": 0}, "8879d882": {"runs": 2, "balls": 4, "wickets": 1}, "6a434bd3": {"runs": 66, "balls": 93, "wickets": 3}, "32497ecd": {"runs": 107, "balls": 154, "wickets": 2}, "907c51ab": {"runs": 28, "balls": 29, "wickets": 2}, "d3a44255": {"runs": 9, "balls": 6, "wickets": 0}, "f3a18a0c": {"runs": 52, "balls": 61, "wickets": 3}, "9706e64b": {"runs": 83, "balls": 165, "wickets": 2}, "b8cce99f": {"runs": 19, "balls": 16, "wickets": 0}, "e2410b5e": {"runs": 17, "balls": 26, "wickets": 1}, "cc3884f9": {"runs": 8, "balls": 6, "wickets": 0}, "1f7825dd": {"runs": 4, "balls": 8, "wickets": 1}, "3308d881": {"runs": 14, "balls": 15, "wickets": 0}, "a49985e6": {"runs": 18, "balls": 22, "wickets": 1}, "92cf79a8": {"runs": 31, "balls": 25, "wickets": 0}, "ea8b65ab": {"runs": 42, "balls": 28, "wickets": 0}, "b287e7b1": {"runs": 8, "balls": 9, "wickets": 0}, "06653fcc": {"runs": 9, "balls": 10, "wickets": 0}, "ed840f44": {"runs": 29, "balls": 21, "wickets": 1}, "98dfe425": {"runs": 13, "balls": 11, "wickets": 0}, "e5be2427": {"runs": 10, "balls": 7, "wickets": 1}, "2ea9b32c": {"runs": 1, "balls": 1, "wickets": 0}, "3cfbddce": {"runs": 2, "balls": 11, "wickets": 1}, "c29ada99": {"runs": 27, "balls": 23, "wickets": 0}, "53bee17f": {"runs": 32, "balls": 30, "wickets": 3}, "d32cf49a": {"runs": 25, "balls": 37, "wickets": 2}, "81c29317": {"runs": 8, "balls": 3, "wickets": 0}, "4ba0289e": {"runs": 65, "balls": 72, "wickets": 1}, "1ade138e": {"runs": 60, "balls": 65, "wickets": 1}, "0b69a844": {"runs": 30, "balls": 32, "wickets": 2}, "b4f73b44": {"runs": 4, "balls": 2, "wickets": 0}, "d58fdb42": {"runs": 0, "balls": 3, "wickets": 1}, "e149d0ae": {"runs": 8, "balls": 14, "wickets": 0}, "17608a6f": {"runs": 43, "balls": 36, "wickets": 2}, "9b3bcca4": {"runs": 70, "balls": 63, "wickets": 2}, "a5f488bc": {"runs": 34, "balls": 33, "wickets": 3}, "3032933c": {"runs": 17, "balls": 11, "wickets": 0}, "ca5acfa4": {"runs": 54, "balls": 39, "wickets": 0}, "de69af96": {"runs": 80, "balls": 51, "wickets": 1}, "b4bbe95c": {"runs": 6, "balls": 8, "wickets": 0}, "7c1ba524": {"runs": 11, "balls": 10, "wickets": 0}, "237ec05b": {"runs": 14, "balls": 28, "wickets": 3}, "d0bb40b8": {"runs": 11, "balls": 8, "wickets": 1}, "53cd8da6": {"runs": 37, "balls": 31, "wickets": 2}, "5463cb7a": {"runs": 6, "balls": 8, "wickets": 0}, "84f1ae7f": {"runs": 6, "balls": 12, "wickets": 0}, "705489eb": {"runs": 8, "balls": 10, "wickets": 0}, "c4c374d9": {"runs": 17, "balls": 31, "wickets": 0}, "180240d4": {"runs": 17, "balls": 24, "wickets": 1}, "72b7ed1e": {"runs": 27, "balls": 35, "wickets": 4}, "108c4c09": {"runs": 28, "balls": 29, "wickets": 0}, "63e3b6b3": {"runs": 44, "balls": 34, "wickets": 0}, "16443d2f": {"runs": 12, "balls": 19, "wickets": 0}, "0d518f89": {"runs": 10, "balls": 8, "wickets": 0}, "8c5775f3": {"runs": 51, "balls": 45, "wickets": 0}, "89bbc67a": {"runs": 23, "balls": 23, "wickets": 1}, "5838cb64": {"runs": 6, "balls": 10, "wickets": 0}, "a61850e6": {"runs": 7, "balls": 10, "wickets": 0}, "ac56b5a7": {"runs": 22, "balls": 18, "wickets": 1}, "6d76bc23": {"runs": 28, "balls": 24, "wickets": 2}, "4d4605e6": {"runs": 47, "balls": 35, "wickets": 2}, "ce85fcaf": {"runs": 5, "balls": 12, "wickets": 0}, "437068a1": {"runs": 26, "balls": 16, "wickets": 0}, "207ba61e": {"runs": 7, "balls": 8, "wickets": 2}, "dff806f4": {"runs": 28, "balls": 20, "wickets": 0}, "4ed7d23f": {"runs": 9, "balls": 18, "wickets": 2}, "df04fc4f": {"runs": 14, "balls": 13, "wickets": 0}, "110839f2": {"runs": 8, "balls": 6, "wickets": 0}, "cb937b2d": {"runs": 1, "balls": 3, "wickets": 1}, "a139c379": {"runs": 16, "balls": 9, "wickets": 2}, "99e23670": {"runs": 16, "balls": 12, "wickets": 0}, "99e26cea": {"runs": 11, "balls": 8, "wickets": 1}, "507acf2e": {"runs": 26, "balls": 19, "wickets": 0}, "2708b41c": {"runs": 10, "balls": 17, "wickets": 0}, "99812d10": {"runs": 42, "balls": 32, "wickets": 2}, "ae2c396f": {"runs": 8, "balls": 14, "wickets": 1}, "60471339": {"runs": 27, "balls": 42, "wickets": 1}, "7673c908": {"runs": 26, "balls": 28, "wickets": 1}, "c981d3c2": {"runs": 8, "balls": 6, "wickets": 0}, "35828bdd": {"runs": 2, "balls": 3, "wickets": 1}, "53d50717": {"runs": 9, "balls": 14, "wickets": 2}, "fbd79b9b": {"runs": 4, "balls": 3, "wickets": 0}, "b34e0c77": {"runs": 13, "balls": 20, "wickets": 3}, "340202b0": {"runs": 13, "balls": 15, "wickets": 0}, "c6625a26": {"runs": 17, "balls": 16, "wickets": 2}, "efc40724": {"runs": 1, "balls": 2, "wickets": 0}, "2479daa6": {"runs": 0, "balls": 1, "wickets": 1}, "287ed3a0": {"runs": 24, "balls": 37, "wickets": 0}, "cdb82f1c": {"runs": 88, "balls": 106, "wickets": 6}, "93fe473e": {"runs": 1, "balls": 3, "wickets": 1}, "f0b4e47d": {"runs": 32, "balls": 23, "wickets": 1}, "af8c3a85": {"runs": 14, "balls": 9, "wickets": 0}, "a7c3c366": {"runs": 7, "balls": 2, "wickets": 0}, "83558266": {"runs": 71, "balls": 46, "wickets": 1}, "fa8f9dc3": {"runs": 18, "balls": 20, "wickets": 0}, "72e3d89d": {"runs": 11, "balls": 12, "wickets": 1}, "fe731c62": {"runs": 22, "balls": 15, "wickets": 1}, "65d9b6b6": {"runs": 22, "balls": 19, "wickets": 2}, "bc969efb": {"runs": 66, "balls": 49, "wickets": 2}, "5be043df": {"runs": 28, "balls": 17, "wickets": 1}, "9c515112": {"runs": 42, "balls": 36, "wickets": 0}, "0816fb1e": {"runs": 43, "balls": 29, "wickets": 2}, "06f988b8": {"runs": 12, "balls": 18, "wickets": 1}, "27fa592f": {"runs": 22, "balls": 18, "wickets": 2}, "201fef33": {"runs": 40, "balls": 74, "wickets": 1}, "923402d8": {"runs": 7, "balls": 15, "wickets": 0}, "2344de9c": {"runs": 16, "balls": 6, "wickets": 0}, "f57d5dbb": {"runs": 24, "balls": 24, "wickets": 1}, "1f4a8a2a": {"runs": 18, "balls": 12, "wickets": 0}, "2e0b6638": {"runs": 24, "balls": 24, "wickets": 0}, "be150fc8": {"runs": 31, "balls": 30, "wickets": 1}, "dd883071": {"runs": 15, "balls": 12, "wickets": 0}, "216ae65f": {"runs": 11, "balls": 10, "wickets": 0}, "a0bc8dc1": {"runs": 1, "balls": 3, "wickets": 0}, "78bec461": {"runs": 21, "balls": 20, "wickets": 1}, "877dd709": {"runs": 1, "balls": 1, "wickets": 0}, "abe30ff7": {"runs": 6, "balls": 4, "wickets": 0}, "9b73d523": {"runs": 16, "balls": 16, "wickets": 0}, "00823a96": {"runs": 7, "balls": 6, "wickets": 0}, "cd62f670": {"runs": 13, "balls": 9, "wickets": 0}, "52d3b7ff": {"runs": 4, "balls": 3, "wickets": 0}, "a0fdf513": {"runs": 0, "balls": 1, "wickets": 1}, "550373ea": {"runs": 2, "balls": 2, "wickets": 0}, "2bfc7199": {"runs": 10, "balls": 6, "wickets": 0}, "50b558d2": {"runs": 13, "balls": 16, "wickets": 2}, "ef70a34b": {"runs": 13, "balls": 5, "wickets": 0}, "c6b09326": {"runs": 16, "balls": 10, "wickets": 1}, "36453b99": {"runs": 10, "balls": 6, "wickets": 0}, "a594a6e0": {"runs": 17, "balls": 7, "wickets": 0}, "47bcaf7a": {"runs": 20, "balls": 23, "wickets": 0}, "d71e33bb": {"runs": 37, "balls": 23, "wickets": 0}, "6c3aef71": {"runs": 2, "balls": 4, "wickets": 0}, "eadc8924": {"runs": 2, "balls": 2, "wickets": 0}, "ea544967": {"runs": 2, "balls": 4, "wickets": 0}, "686362af": {"runs": 0, "balls": 1, "wickets": 1}, "b125ce63": {"runs": 1, "balls": 4, "wickets": 1}, "d7b754d4": {"runs": 18, "balls": 18, "wickets": 2}, "2e81be88": {"runs": 22, "balls": 31, "wickets": 2}, "275dff85": {"runs": 36, "balls": 19, "wickets": 1}, "c3d27d76": {"runs": 16, "balls": 9, "wickets": 0}, "9af58032": {"runs": 3, "balls": 4, "wickets": 1}, "d5eb8b84": {"runs": 7, "balls": 5, "wickets": 0}, "c35a0b8a": {"runs": 14, "balls": 13, "wickets": 1}, "5471b94a": {"runs": 1, "balls": 2, "wickets": 0}, "be50addf": {"runs": 0, "balls": 1, "wickets": 1}, "2ec8a400": {"runs": 2, "balls": 3, "wickets": 0}, "c218e4e7": {"runs": 5, "balls": 5, "wickets": 0}, "5f377534": {"runs": 2, "balls": 4, "wickets": 0}, "910dd54e": {"runs": 19, "balls": 17, "wickets": 0}, "ea9c54de": {"runs": 5, "balls": 4, "wickets": 0}, "fa0bf9d9": {"runs": 11, "balls": 4, "wickets": 0}, "f2c1f0e5": {"runs": 3, "balls": 3, "wickets": 0}, "77143581": {"runs": 25, "balls": 15, "wickets": 1}, "33946d69": {"runs": 28, "balls": 17, "wickets": 0}, "7298db76": {"runs": 12, "balls": 5, "wickets": 0}, "47fb8d80": {"runs": 1, "balls": 1, "wickets": 0}, "3664712e": {"runs": 1, "balls": 4, "wickets": 1}, "31adb911": {"runs": 11, "balls": 21, "wickets": 0}, "38b4583c": {"runs": 19, "balls": 17, "wickets": 0}, "940feccc": {"runs": 2, "balls": 2, "wickets": 0}, "397369e0": {"runs": 2, "balls": 2, "wickets": 0}, "eacd9bb1": {"runs": 1, "balls": 1, "wickets": 0}, "795ff893": {"runs": 12, "balls": 11, "wickets": 2}, "db873292": {"runs": 9, "balls": 9, "wickets": 1}, "d2763568": {"runs": 19, "balls": 8, "wickets": 0}, "8026ea72": {"runs": 7, "balls": 23, "wickets": 0}, "9ab635dd": {"runs": 1, "balls": 2, "wickets": 0}, "f13d3eba": {"runs": 7, "balls": 7, "wickets": 0}, "7d794fa6": {"runs": 11, "balls": 4, "wickets": 0}, "3a9b3866": {"runs": 4, "balls": 2, "wickets": 0}, "459a7b0a": {"runs": 3, "balls": 3, "wickets": 0}, "c296dba1": {"runs": 2, "balls": 2, "wickets": 0}, "b4e026de": {"runs": 6, "balls": 1, "wickets": 0}, "7b1f2542": {"runs": 3, "balls": 4, "wickets": 0}, "9049ab63": {"runs": 1, "balls": 1, "wickets": 0}, "78fd864b": {"runs": 2, "balls": 4, "wickets": 0}, "8f30d191": {"runs": 7, "balls": 6, "wickets": 0}, "cefad9fd": {"runs": 13, "balls": 6, "wickets": 0}, "907e5f6c": {"runs": 6, "balls": 3, "wickets": 0}, "58717de2": {"runs": 12, "balls": 8, "wickets": 0}, "4b0e3049": {"runs": 5, "balls": 8, "wickets": 0}, "d6164dc0": {"runs": 2, "balls": 6, "wickets": 1}, "e0fe7671": {"runs": 5, "balls": 3, "wickets": 0}, "321c980e": {"runs": 1, "balls": 1, "wickets": 0}, "d8f20ba5": {"runs": 12, "balls": 6, "wickets": 0}, "4b69c598": {"runs": 1, "balls": 1, "wickets": 0}, "cd2ad878": {"runs": 1, "balls": 2, "wickets": 1}}, "fifties": 1, "thirties": 34, "centuries": 0, "maidens": 79.0, "hattricks": 36, "club_ODI_previous3_runs": [], "club_ODI_previous3_wickets": [], "club_ODI_previous3_balls played": [], "club_ODI_previous3_overs": [], "club_ODI_previous3_runs gave": [], "club_ODI_lifetime_runs": 0.0, "club_ODI_lifetime_wickets": 0.0, "club_ODI_lifetime_balls played": 0.0, "club_ODI_lifetime_overs": 0.0, "club_ODI_lifetime_runs gave": 0.0, "club_Test_previous3_runs": [], "club_Test_previous3_wickets": [], "club_Test_previous3_balls played": [], "club_Test_previous3_overs": [], "club_Test_previous3_runs gave": [], "club_Test_lifetime_runs": 0.0, "club_Test_lifetime_wickets": 0.0, "club_Test_lifetime_balls played": 0.0, "club_Test_lifetime_overs": 0.0, "club_Test_lifetime_runs gave": 0.0, "club_T20_previous3_runs": [14.0, 2.0, 32.0], "club_T20_previous3_wickets": [0.0, 3.0, 0.0], "club_T20_previous3_balls played": [16.0, 3.0, 21.0], "club_T20_previous3_overs": [4.0, 3.8333333333333335, 3.8333333333333335], "club_T20_previous3_runs gave": [33.0, 23.0, 38.0], "club_T20_lifetime_runs": 2163.0, "club_T20_lifetime_wickets": 147.0, "club_T20_lifetime_balls played": 1803.0, "club_T20_lifetime_overs": 545.4666666666667, "club_T20_lifetime_runs gave": 3775.0, "international_ODI_previous3_runs": [5.0, 4.0, 0.0], "international_ODI_previous3_wickets": [3.0, 1.0, 0.0], "international_ODI_previous3_balls played": [7.0, 4.0, 0.0], "international_ODI_previous3_overs": [5.0, 4.333333333333333, 0.0], "international_ODI_previous3_runs gave": [30.0, 18.0, 0.0], "international_ODI_lifetime_runs": 533.0, "international_ODI_lifetime_wickets": 96.0, "international_ODI_lifetime_balls played": 618.0, "international_ODI_lifetime_overs": 580.8333333333333, "international_ODI_lifetime_runs gave": 2375.0, "international_Test_previous3_runs": [16.0, 25.0, 28.0], "international_Test_previous3_wickets": [1.0, 0.0, 0.0], "international_Test_previous3_balls played": [18.0, 57.0, 102.0], "international_Test_previous3_overs": [14.0, 5.0, 20.666666666666668], "international_Test_previous3_runs gave": [52.0, 24.0, 60.0], "international_Test_lifetime_runs": 291.0, "international_Test_lifetime_wickets": 3.0, "international_Test_lifetime_balls played": 558.0, "international_Test_lifetime_overs": 138.66666666666666, "international_Test_lifetime_runs gave": 332.0, "international_T20_previous3_runs": [0.0, 0.0, 0.0], "international_T20_previous3_wickets": [0.0, 0.0, 1.0], "international_T20_previous3_balls played": [0.0, 0.0, 0.0], "international_T20_previous3_overs": [1.3333333333333333, 2.0, 2.0], "international_T20_previous3_runs gave": [18.0, 20.0, 34.0], "international_T20_lifetime_runs": 269.0, "international_T20_lifetime_wickets": 64.0, "international_T20_lifetime_balls played": 312.0, "international_T20_lifetime_overs": 280.3333333333333, "international_T20_lifetime_runs gave": 1638.0}