{"played_against": {"61ca2dbb": {"runs": 5, "balls": 21, "wickets": 1}, "86dc8f2e": {"runs": 3, "balls": 9, "wickets": 0}, "88fccd6c": {"runs": 1, "balls": 9, "wickets": 1}, "20a941bb": {"runs": 2, "balls": 18, "wickets": 1}, "6a0537aa": {"runs": 3, "balls": 3, "wickets": 0}, "5af592d2": {"runs": 1, "balls": 1, "wickets": 0}, "f44af07f": {"runs": 2, "balls": 10, "wickets": 0}, "ddc0828d": {"runs": 10, "balls": 22, "wickets": 0}, "e33616eb": {"runs": 1, "balls": 1, "wickets": 0}, "12b59324": {"runs": 2, "balls": 2, "wickets": 0}, "bb1819fa": {"runs": 6, "balls": 15, "wickets": 0}, "2cfa6534": {"runs": 5, "balls": 27, "wickets": 0}, "7ff3fcaa": {"runs": 8, "balls": 35, "wickets": 1}, "0c8a1d51": {"runs": 1, "balls": 18, "wickets": 1}, "2503e881": {"runs": 1, "balls": 1, "wickets": 0}}, "fifties": 0, "thirties": 0, "centuries": 0, "maidens": 13.0, "hattricks": 2, "club_ODI_previous3_runs": [], "club_ODI_previous3_wickets": [], "club_ODI_previous3_balls played": [], "club_ODI_previous3_overs": [], "club_ODI_previous3_runs gave": [], "club_ODI_lifetime_runs": 0.0, "club_ODI_lifetime_wickets": 0.0, "club_ODI_lifetime_balls played": 0.0, "club_ODI_lifetime_overs": 0.0, "club_ODI_lifetime_runs gave": 0.0, "club_Test_previous3_runs": [], "club_Test_previous3_wickets": [], "club_Test_previous3_balls played": [], "club_Test_previous3_overs": [], "club_Test_previous3_runs gave": [], "club_Test_lifetime_runs": 0.0, "club_Test_lifetime_wickets": 0.0, "club_Test_lifetime_balls played": 0.0, "club_Test_lifetime_overs": 0.0, "club_Test_lifetime_runs gave": 0.0, "club_T20_previous3_runs": [], "club_T20_previous3_wickets": [], "club_T20_previous3_balls played": [], "club_T20_previous3_overs": [], "club_T20_previous3_runs gave": [], "club_T20_lifetime_runs": 0.0, "club_T20_lifetime_wickets": 0.0, "club_T20_lifetime_balls played": 0.0, "club_T20_lifetime_overs": 0.0, "club_T20_lifetime_runs gave": 0.0, "international_ODI_previous3_runs": [12.0, 3.0, 1.0], "international_ODI_previous3_wickets": [1.0, 1.0, 0.0], "international_ODI_previous3_balls played": [33.0, 3.0, 2.0], "international_ODI_previous3_overs": [10.0, 8.0, 8.0], "international_ODI_previous3_runs gave": [44.0, 35.0, 52.0], "international_ODI_lifetime_runs": 17.0, "international_ODI_lifetime_wickets": 3.0, "international_ODI_lifetime_balls played": 39.0, "international_ODI_lifetime_overs": 26.666666666666664, "international_ODI_lifetime_runs gave": 132.0, "international_Test_previous3_runs": [4.0, 10.0, 20.0], "international_Test_previous3_wickets": [4.0, 3.0, 1.0], "international_Test_previous3_balls played": [22.0, 38.0, 96.0], "international_Test_previous3_overs": [40.83333333333333, 50.0, 27.333333333333336], "international_Test_previous3_runs gave": [134.0, 240.0, 76.0], "international_Test_lifetime_runs": 34.0, "international_Test_lifetime_wickets": 8.0, "international_Test_lifetime_balls played": 156.0, "international_Test_lifetime_overs": 118.16666666666666, "international_Test_lifetime_runs gave": 450.0, "international_T20_previous3_runs": [], "international_T20_previous3_wickets": [], "international_T20_previous3_balls played": [], "international_T20_previous3_overs": [], "international_T20_previous3_runs gave": [], "international_T20_lifetime_runs": 0.0, "international_T20_lifetime_wickets": 0.0, "international_T20_lifetime_balls played": 0.0, "international_T20_lifetime_overs": 0.0, "international_T20_lifetime_runs gave": 0.0}