{"played_against": {"6b19d823": {"runs": 6, "balls": 15, "wickets": 0}, "8ba8195d": {"runs": 1, "balls": 5, "wickets": 0}, "8b5b6769": {"runs": 0, "balls": 14, "wickets": 0}, "5bb1a1c4": {"runs": 1, "balls": 3, "wickets": 0}, "91a4a398": {"runs": 1, "balls": 1, "wickets": 0}, "20a941bb": {"runs": 25, "balls": 18, "wickets": 0}, "8fd1a8f5": {"runs": 26, "balls": 45, "wickets": 0}, "5bb5a915": {"runs": 4, "balls": 10, "wickets": 0}, "86dc8f2e": {"runs": 1, "balls": 15, "wickets": 1}, "fd093ca9": {"runs": 6, "balls": 18, "wickets": 0}, "ccdd8308": {"runs": 6, "balls": 4, "wickets": 0}, "390ff45b": {"runs": 0, "balls": 4, "wickets": 0}, "d094e7d1": {"runs": 2, "balls": 7, "wickets": 0}, "16dfcc19": {"runs": 4, "balls": 6, "wickets": 1}, "0dc00542": {"runs": 1, "balls": 2, "wickets": 0}, "f60dc2a5": {"runs": 1, "balls": 2, "wickets": 0}, "30a45b23": {"runs": 1, "balls": 1, "wickets": 0}, "dd09ff8e": {"runs": 1, "balls": 2, "wickets": 1}, "4ba44e19": {"runs": 2, "balls": 2, "wickets": 0}, "d29be810": {"runs": 3, "balls": 4, "wickets": 0}, "6042bf26": {"runs": 0, "balls": 1, "wickets": 0}}, "fifties": 0, "thirties": 1, "centuries": 0, "maidens": 7.0, "hattricks": 2, "club_ODI_previous3_runs": [], "club_ODI_previous3_wickets": [], "club_ODI_previous3_balls played": [], "club_ODI_previous3_overs": [], "club_ODI_previous3_runs gave": [], "club_ODI_lifetime_runs": 0.0, "club_ODI_lifetime_wickets": 0.0, "club_ODI_lifetime_balls played": 0.0, "club_ODI_lifetime_overs": 0.0, "club_ODI_lifetime_runs gave": 0.0, "club_Test_previous3_runs": [], "club_Test_previous3_wickets": [], "club_Test_previous3_balls played": [], "club_Test_previous3_overs": [], "club_Test_previous3_runs gave": [], "club_Test_lifetime_runs": 0.0, "club_Test_lifetime_wickets": 0.0, "club_Test_lifetime_balls played": 0.0, "club_Test_lifetime_overs": 0.0, "club_Test_lifetime_runs gave": 0.0, "club_T20_previous3_runs": [2.0, 5.0, 0.0], "club_T20_previous3_wickets": [1.0, 0.0, 0.0], "club_T20_previous3_balls played": [3.0, 7.0, 0.0], "club_T20_previous3_overs": [4.0, 2.0, 4.0], "club_T20_previous3_runs gave": [37.0, 20.0, 26.0], "club_T20_lifetime_runs": 8.0, "club_T20_lifetime_wickets": 8.0, "club_T20_lifetime_balls played": 12.0, "club_T20_lifetime_overs": 29.0, "club_T20_lifetime_runs gave": 226.0, "international_ODI_previous3_runs": [0.0, 7.0, 0.0], "international_ODI_previous3_wickets": [2.0, 1.0, 0.0], "international_ODI_previous3_balls played": [0.0, 19.0, 0.0], "international_ODI_previous3_overs": [10.0, 9.833333333333334, 9.0], "international_ODI_previous3_runs gave": [45.0, 46.0, 46.0], "international_ODI_lifetime_runs": 13.0, "international_ODI_lifetime_wickets": 6.0, "international_ODI_lifetime_balls played": 23.0, "international_ODI_lifetime_overs": 70.33333333333334, "international_ODI_lifetime_runs gave": 340.0, "international_Test_previous3_runs": [9.0, 62.0], "international_Test_previous3_wickets": [12.0, 1.0], "international_Test_previous3_balls played": [38.0, 107.0], "international_Test_previous3_overs": [74.5, 49.0], "international_Test_previous3_runs gave": [368.0, 204.0], "international_Test_lifetime_runs": 71.0, "international_Test_lifetime_wickets": 13.0, "international_Test_lifetime_balls played": 145.0, "international_Test_lifetime_overs": 123.5, "international_Test_lifetime_runs gave": 572.0, "international_T20_previous3_runs": [], "international_T20_previous3_wickets": [], "international_T20_previous3_balls played": [], "international_T20_previous3_overs": [], "international_T20_previous3_runs gave": [], "international_T20_lifetime_runs": 0.0, "international_T20_lifetime_wickets": 0.0, "international_T20_lifetime_balls played": 0.0, "international_T20_lifetime_overs": 0.0, "international_T20_lifetime_runs gave": 0.0}