{"played_against": {"862f4427": {"runs": 1, "balls": 4, "wickets": 0}, "dbf22922": {"runs": 9, "balls": 12, "wickets": 1}, "52bbb9e5": {"runs": 5, "balls": 4, "wickets": 0}, "5c77d7cb": {"runs": 0, "balls": 1, "wickets": 1}, "f1328a90": {"runs": 1, "balls": 2, "wickets": 0}, "acd030a0": {"runs": 1, "balls": 3, "wickets": 0}, "26eb73f9": {"runs": 10, "balls": 6, "wickets": 0}, "761c929e": {"runs": 5, "balls": 5, "wickets": 1}, "42e4b276": {"runs": 4, "balls": 5, "wickets": 1}, "fa9db243": {"runs": 0, "balls": 3, "wickets": 0}, "3250b7db": {"runs": 1, "balls": 6, "wickets": 0}, "078f166f": {"runs": 2, "balls": 3, "wickets": 0}, "01815edc": {"runs": 5, "balls": 6, "wickets": 1}, "f61e2829": {"runs": 6, "balls": 12, "wickets": 0}, "d5fa2ab3": {"runs": 2, "balls": 3, "wickets": 0}, "c6a019f5": {"runs": 1, "balls": 3, "wickets": 0}, "7027d12f": {"runs": 2, "balls": 3, "wickets": 0}, "c3394c16": {"runs": 6, "balls": 6, "wickets": 1}}, "fifties": 0, "thirties": 0, "centuries": 0, "maidens": 1.0, "hattricks": 1, "club_ODI_previous3_runs": [], "club_ODI_previous3_wickets": [], "club_ODI_previous3_balls played": [], "club_ODI_previous3_overs": [], "club_ODI_previous3_runs gave": [], "club_ODI_lifetime_runs": 0.0, "club_ODI_lifetime_wickets": 0.0, "club_ODI_lifetime_balls played": 0.0, "club_ODI_lifetime_overs": 0.0, "club_ODI_lifetime_runs gave": 0.0, "club_Test_previous3_runs": [], "club_Test_previous3_wickets": [], "club_Test_previous3_balls played": [], "club_Test_previous3_overs": [], "club_Test_previous3_runs gave": [], "club_Test_lifetime_runs": 0.0, "club_Test_lifetime_wickets": 0.0, "club_Test_lifetime_balls played": 0.0, "club_Test_lifetime_overs": 0.0, "club_Test_lifetime_runs gave": 0.0, "club_T20_previous3_runs": [], "club_T20_previous3_wickets": [], "club_T20_previous3_balls played": [], "club_T20_previous3_overs": [], "club_T20_previous3_runs gave": [], "club_T20_lifetime_runs": 0.0, "club_T20_lifetime_wickets": 0.0, "club_T20_lifetime_balls played": 0.0, "club_T20_lifetime_overs": 0.0, "club_T20_lifetime_runs gave": 0.0, "international_ODI_previous3_runs": [], "international_ODI_previous3_wickets": [], "international_ODI_previous3_balls played": [], "international_ODI_previous3_overs": [], "international_ODI_previous3_runs gave": [], "international_ODI_lifetime_runs": 0.0, "international_ODI_lifetime_wickets": 0.0, "international_ODI_lifetime_balls played": 0.0, "international_ODI_lifetime_overs": 0.0, "international_ODI_lifetime_runs gave": 0.0, "international_Test_previous3_runs": [], "international_Test_previous3_wickets": [], "international_Test_previous3_balls played": [], "international_Test_previous3_overs": [], "international_Test_previous3_runs gave": [], "international_Test_lifetime_runs": 0.0, "international_Test_lifetime_wickets": 0.0, "international_Test_lifetime_balls played": 0.0, "international_Test_lifetime_overs": 0.0, "international_Test_lifetime_runs gave": 0.0, "international_T20_previous3_runs": [5.0, 1.0, 11.0], "international_T20_previous3_wickets": [2.0, 0.0, 1.0], "international_T20_previous3_balls played": [8.0, 4.0, 16.0], "international_T20_previous3_overs": [4.0, 0.0, 3.0], "international_T20_previous3_runs gave": [24.0, 0.0, 25.0], "international_T20_lifetime_runs": 61.0, "international_T20_lifetime_wickets": 15.0, "international_T20_lifetime_balls played": 87.0, "international_T20_lifetime_overs": 27.833333333333332, "international_T20_lifetime_runs gave": 168.0}