{"played_against": {"6b19d823": {"runs": 0, "balls": 4, "wickets": 1}, "8998a68f": {"runs": 1, "balls": 5, "wickets": 0}, "66b30f71": {"runs": 2, "balls": 5, "wickets": 0}, "fdf7491e": {"runs": 8, "balls": 8, "wickets": 0}, "f9e6e7ef": {"runs": 1, "balls": 2, "wickets": 0}, "d4b8ea98": {"runs": 2, "balls": 5, "wickets": 0}, "bae68b09": {"runs": 0, "balls": 2, "wickets": 1}, "04a418e8": {"runs": 4, "balls": 2, "wickets": 0}, "2f48362d": {"runs": 6, "balls": 2, "wickets": 1}, "4a15018a": {"runs": 1, "balls": 6, "wickets": 0}, "27e71d47": {"runs": 1, "balls": 4, "wickets": 0}, "a0d66374": {"runs": 4, "balls": 4, "wickets": 1}, "3bc10d5b": {"runs": 0, "balls": 4, "wickets": 0}, "7c2e7c17": {"runs": 2, "balls": 6, "wickets": 0}, "fcd1dd35": {"runs": 8, "balls": 11, "wickets": 0}, "26a85969": {"runs": 2, "balls": 3, "wickets": 0}, "a457cfb5": {"runs": 5, "balls": 5, "wickets": 1}, "8ac93ca2": {"runs": 1, "balls": 1, "wickets": 0}, "65d905ea": {"runs": 4, "balls": 6, "wickets": 0}, "d53a4fee": {"runs": 5, "balls": 3, "wickets": 0}, "4948a916": {"runs": 5, "balls": 5, "wickets": 0}, "2ada2d82": {"runs": 5, "balls": 2, "wickets": 0}, "258fa633": {"runs": 1, "balls": 2, "wickets": 0}, "bd17b45f": {"runs": 0, "balls": 3, "wickets": 0}, "5b4d1d4e": {"runs": 5, "balls": 6, "wickets": 0}, "0af3426f": {"runs": 2, "balls": 5, "wickets": 0}, "13903f13": {"runs": 3, "balls": 4, "wickets": 0}, "f3ba1bdc": {"runs": 8, "balls": 11, "wickets": 1}, "dbc76c59": {"runs": 1, "balls": 2, "wickets": 0}, "33ffc3dd": {"runs": 1, "balls": 6, "wickets": 0}, "481dd6dc": {"runs": 0, "balls": 4, "wickets": 0}, "4da2f572": {"runs": 1, "balls": 2, "wickets": 0}, "0f60513c": {"runs": 0, "balls": 2, "wickets": 1}, "d3c1f849": {"runs": 2, "balls": 3, "wickets": 0}, "0fe0cb24": {"runs": 4, "balls": 6, "wickets": 1}, "1e66c162": {"runs": 0, "balls": 6, "wickets": 0}, "783e6111": {"runs": 1, "balls": 3, "wickets": 0}, "d330f9b9": {"runs": 0, "balls": 5, "wickets": 1}}, "fifties": 0, "thirties": 0, "centuries": 0, "maidens": 0.0, "hattricks": 0, "club_ODI_previous3_runs": [], "club_ODI_previous3_wickets": [], "club_ODI_previous3_balls played": [], "club_ODI_previous3_overs": [], "club_ODI_previous3_runs gave": [], "club_ODI_lifetime_runs": 0.0, "club_ODI_lifetime_wickets": 0.0, "club_ODI_lifetime_balls played": 0.0, "club_ODI_lifetime_overs": 0.0, "club_ODI_lifetime_runs gave": 0.0, "club_Test_previous3_runs": [], "club_Test_previous3_wickets": [], "club_Test_previous3_balls played": [], "club_Test_previous3_overs": [], "club_Test_previous3_runs gave": [], "club_Test_lifetime_runs": 0.0, "club_Test_lifetime_wickets": 0.0, "club_Test_lifetime_balls played": 0.0, "club_Test_lifetime_overs": 0.0, "club_Test_lifetime_runs gave": 0.0, "club_T20_previous3_runs": [2.0, 6.0, 1.0], "club_T20_previous3_wickets": [0.0, 0.0, 0.0], "club_T20_previous3_balls played": [14.0, 9.0, 14.0], "club_T20_previous3_overs": [0.0, 0.0, 0.0], "club_T20_previous3_runs gave": [0.0, 0.0, 0.0], "club_T20_lifetime_runs": 96.0, "club_T20_lifetime_wickets": 0.0, "club_T20_lifetime_balls played": 168.0, "club_T20_lifetime_overs": 0.0, "club_T20_lifetime_runs gave": 0.0, "international_ODI_previous3_runs": [], "international_ODI_previous3_wickets": [], "international_ODI_previous3_balls played": [], "international_ODI_previous3_overs": [], "international_ODI_previous3_runs gave": [], "international_ODI_lifetime_runs": 0.0, "international_ODI_lifetime_wickets": 0.0, "international_ODI_lifetime_balls played": 0.0, "international_ODI_lifetime_overs": 0.0, "international_ODI_lifetime_runs gave": 0.0, "international_Test_previous3_runs": [], "international_Test_previous3_wickets": [], "international_Test_previous3_balls played": [], "international_Test_previous3_overs": [], "international_Test_previous3_runs gave": [], "international_Test_lifetime_runs": 0.0, "international_Test_lifetime_wickets": 0.0, "international_Test_lifetime_balls played": 0.0, "international_Test_lifetime_overs": 0.0, "international_Test_lifetime_runs gave": 0.0, "international_T20_previous3_runs": [], "international_T20_previous3_wickets": [], "international_T20_previous3_balls played": [], "international_T20_previous3_overs": [], "international_T20_previous3_runs gave": [], "international_T20_lifetime_runs": 0.0, "international_T20_lifetime_wickets": 0.0, "international_T20_lifetime_balls played": 0.0, "international_T20_lifetime_overs": 0.0, "international_T20_lifetime_runs gave": 0.0}