{"played_against": {"dc0f5506": {"runs": 1, "balls": 8, "wickets": 0}, "3967930c": {"runs": 1, "balls": 11, "wickets": 0}, "402d5937": {"runs": 8, "balls": 7, "wickets": 1}, "cf73ad76": {"runs": 0, "balls": 1, "wickets": 0}, "d7c6af50": {"runs": 8, "balls": 31, "wickets": 0}, "f39866f1": {"runs": 0, "balls": 7, "wickets": 0}, "a12e1d51": {"runs": 7, "balls": 19, "wickets": 0}, "4ba44e19": {"runs": 7, "balls": 56, "wickets": 1}, "bcce309e": {"runs": 1, "balls": 8, "wickets": 0}, "d2fcce2f": {"runs": 1, "balls": 3, "wickets": 0}, "342d8ade": {"runs": 1, "balls": 14, "wickets": 1}, "a3bfec5d": {"runs": 0, "balls": 3, "wickets": 0}, "60dac349": {"runs": 0, "balls": 2, "wickets": 1}, "74234d66": {"runs": 0, "balls": 2, "wickets": 0}, "bb18be76": {"runs": 0, "balls": 1, "wickets": 0}, "d2c2b2d5": {"runs": 0, "balls": 1, "wickets": 0}, "034b4b7d": {"runs": 0, "balls": 4, "wickets": 0}, "3eac9d95": {"runs": 0, "balls": 10, "wickets": 0}, "78f34e15": {"runs": 0, "balls": 13, "wickets": 0}, "05e0fab5": {"runs": 0, "balls": 6, "wickets": 0}, "ea0cdc12": {"runs": 2, "balls": 8, "wickets": 0}, "5bdcdb72": {"runs": 0, "balls": 3, "wickets": 0}, "c03c6200": {"runs": 1, "balls": 6, "wickets": 0}, "78eb4223": {"runs": 12, "balls": 16, "wickets": 1}, "9de271ef": {"runs": 5, "balls": 6, "wickets": 0}, "d2babdd5": {"runs": 1, "balls": 2, "wickets": 1}, "21bf71ab": {"runs": 2, "balls": 3, "wickets": 0}, "67af6f81": {"runs": 0, "balls": 1, "wickets": 1}, "f32dbc84": {"runs": 0, "balls": 4, "wickets": 0}, "556302a7": {"runs": 0, "balls": 1, "wickets": 0}, "b552a935": {"runs": 6, "balls": 9, "wickets": 0}, "7dc35884": {"runs": 1, "balls": 1, "wickets": 0}, "59792462": {"runs": 5, "balls": 10, "wickets": 1}, "9f0270e0": {"runs": 1, "balls": 4, "wickets": 0}, "6eea0b32": {"runs": 2, "balls": 4, "wickets": 0}, "0a8fce53": {"runs": 0, "balls": 3, "wickets": 1}, "557153ca": {"runs": 2, "balls": 1, "wickets": 0}, "bf1d7d3e": {"runs": 1, "balls": 2, "wickets": 1}}, "fifties": 0, "thirties": 0, "centuries": 0, "maidens": 69.0, "hattricks": 6, "club_ODI_previous3_runs": [], "club_ODI_previous3_wickets": [], "club_ODI_previous3_balls played": [], "club_ODI_previous3_overs": [], "club_ODI_previous3_runs gave": [], "club_ODI_lifetime_runs": 0.0, "club_ODI_lifetime_wickets": 0.0, "club_ODI_lifetime_balls played": 0.0, "club_ODI_lifetime_overs": 0.0, "club_ODI_lifetime_runs gave": 0.0, "club_Test_previous3_runs": [], "club_Test_previous3_wickets": [], "club_Test_previous3_balls played": [], "club_Test_previous3_overs": [], "club_Test_previous3_runs gave": [], "club_Test_lifetime_runs": 0.0, "club_Test_lifetime_wickets": 0.0, "club_Test_lifetime_balls played": 0.0, "club_Test_lifetime_overs": 0.0, "club_Test_lifetime_runs gave": 0.0, "club_T20_previous3_runs": [2.0, 3.0, 0.0], "club_T20_previous3_wickets": [0.0, 0.0, 0.0], "club_T20_previous3_balls played": [7.0, 3.0, 0.0], "club_T20_previous3_overs": [2.0, 3.0, 2.0], "club_T20_previous3_runs gave": [13.0, 26.0, 16.0], "club_T20_lifetime_runs": 12.0, "club_T20_lifetime_wickets": 10.0, "club_T20_lifetime_balls played": 21.0, "club_T20_lifetime_overs": 49.833333333333336, "club_T20_lifetime_runs gave": 317.0, "international_ODI_previous3_runs": [0.0, 0.0, 0.0], "international_ODI_previous3_wickets": [3.0, 3.0, 0.0], "international_ODI_previous3_balls played": [0.0, 0.0, 4.0], "international_ODI_previous3_overs": [9.833333333333334, 7.0, 10.0], "international_ODI_previous3_runs gave": [48.0, 16.0, 41.0], "international_ODI_lifetime_runs": 8.0, "international_ODI_lifetime_wickets": 11.0, "international_ODI_lifetime_balls played": 16.0, "international_ODI_lifetime_overs": 85.66666666666667, "international_ODI_lifetime_runs gave": 373.0, "international_Test_previous3_runs": [4.0, 13.0, 6.0], "international_Test_previous3_wickets": [3.0, 3.0, 3.0], "international_Test_previous3_balls played": [23.0, 22.0, 14.0], "international_Test_previous3_overs": [54.833333333333336, 41.16666666666667, 60.0], "international_Test_previous3_runs gave": [185.0, 110.0, 179.0], "international_Test_lifetime_runs": 56.0, "international_Test_lifetime_wickets": 20.0, "international_Test_lifetime_balls played": 254.0, "international_Test_lifetime_overs": 470.83333333333337, "international_Test_lifetime_runs gave": 1527.0, "international_T20_previous3_runs": [], "international_T20_previous3_wickets": [], "international_T20_previous3_balls played": [], "international_T20_previous3_overs": [], "international_T20_previous3_runs gave": [], "international_T20_lifetime_runs": 0.0, "international_T20_lifetime_wickets": 0.0, "international_T20_lifetime_balls played": 0.0, "international_T20_lifetime_overs": 0.0, "international_T20_lifetime_runs gave": 0.0}