{"played_against": {"623c8835": {"runs": 0, "balls": 2, "wickets": 0}, "2b150c6b": {"runs": 0, "balls": 3, "wickets": 1}, "f61e2829": {"runs": 4, "balls": 11, "wickets": 0}, "d6ec9f9f": {"runs": 1, "balls": 2, "wickets": 0}, "0894ec27": {"runs": 4, "balls": 4, "wickets": 0}, "7195065a": {"runs": 12, "balls": 9, "wickets": 0}, "080bbb6e": {"runs": 4, "balls": 4, "wickets": 0}, "0159383b": {"runs": 7, "balls": 7, "wickets": 0}, "422c0dde": {"runs": 7, "balls": 7, "wickets": 0}, "c9f95a16": {"runs": 1, "balls": 2, "wickets": 0}, "03da3399": {"runs": 5, "balls": 2, "wickets": 0}, "8e7be59c": {"runs": 1, "balls": 7, "wickets": 0}, "25c73eb6": {"runs": 1, "balls": 6, "wickets": 0}, "f13d3eba": {"runs": 0, "balls": 4, "wickets": 0}, "a0a65375": {"runs": 0, "balls": 2, "wickets": 0}, "8451562a": {"runs": 1, "balls": 2, "wickets": 0}, "e63c08e9": {"runs": 1, "balls": 4, "wickets": 1}, "2901e489": {"runs": 1, "balls": 2, "wickets": 0}, "b27f9716": {"runs": 2, "balls": 2, "wickets": 1}, "cf92d76b": {"runs": 1, "balls": 7, "wickets": 0}, "1b378842": {"runs": 6, "balls": 5, "wickets": 0}, "01c1b96c": {"runs": 1, "balls": 4, "wickets": 0}, "862f4427": {"runs": 0, "balls": 4, "wickets": 0}, "5fa7f030": {"runs": 0, "balls": 4, "wickets": 0}, "46dff613": {"runs": 4, "balls": 6, "wickets": 0}, "078f166f": {"runs": 2, "balls": 3, "wickets": 0}, "3a592d0d": {"runs": 1, "balls": 2, "wickets": 1}, "a413b433": {"runs": 3, "balls": 5, "wickets": 1}, "047d293e": {"runs": 1, "balls": 4, "wickets": 0}, "030a38e0": {"runs": 9, "balls": 3, "wickets": 0}, "d2416610": {"runs": 0, "balls": 2, "wickets": 1}, "0e3e8ce3": {"runs": 3, "balls": 6, "wickets": 0}, "e01e17ee": {"runs": 7, "balls": 10, "wickets": 0}, "4c87bd01": {"runs": 3, "balls": 4, "wickets": 0}, "c46400b7": {"runs": 1, "balls": 1, "wickets": 0}, "569bbcbb": {"runs": 4, "balls": 7, "wickets": 0}, "3250b7db": {"runs": 3, "balls": 9, "wickets": 0}, "95bf6b2a": {"runs": 3, "balls": 8, "wickets": 1}, "5c77d7cb": {"runs": 2, "balls": 2, "wickets": 0}, "01815edc": {"runs": 5, "balls": 12, "wickets": 0}, "d0ff93a9": {"runs": 3, "balls": 8, "wickets": 0}, "dbf22922": {"runs": 3, "balls": 2, "wickets": 0}, "03c98aa6": {"runs": 1, "balls": 1, "wickets": 0}, "bc11f3a3": {"runs": 1, "balls": 3, "wickets": 1}}, "fifties": 0, "thirties": 1, "centuries": 0, "maidens": 0.0, "hattricks": 0, "club_ODI_previous3_runs": [], "club_ODI_previous3_wickets": [], "club_ODI_previous3_balls played": [], "club_ODI_previous3_overs": [], "club_ODI_previous3_runs gave": [], "club_ODI_lifetime_runs": 0.0, "club_ODI_lifetime_wickets": 0.0, "club_ODI_lifetime_balls played": 0.0, "club_ODI_lifetime_overs": 0.0, "club_ODI_lifetime_runs gave": 0.0, "club_Test_previous3_runs": [], "club_Test_previous3_wickets": [], "club_Test_previous3_balls played": [], "club_Test_previous3_overs": [], "club_Test_previous3_runs gave": [], "club_Test_lifetime_runs": 0.0, "club_Test_lifetime_wickets": 0.0, "club_Test_lifetime_balls played": 0.0, "club_Test_lifetime_overs": 0.0, "club_Test_lifetime_runs gave": 0.0, "club_T20_previous3_runs": [], "club_T20_previous3_wickets": [], "club_T20_previous3_balls played": [], "club_T20_previous3_overs": [], "club_T20_previous3_runs gave": [], "club_T20_lifetime_runs": 0.0, "club_T20_lifetime_wickets": 0.0, "club_T20_lifetime_balls played": 0.0, "club_T20_lifetime_overs": 0.0, "club_T20_lifetime_runs gave": 0.0, "international_ODI_previous3_runs": [], "international_ODI_previous3_wickets": [], "international_ODI_previous3_balls played": [], "international_ODI_previous3_overs": [], "international_ODI_previous3_runs gave": [], "international_ODI_lifetime_runs": 0.0, "international_ODI_lifetime_wickets": 0.0, "international_ODI_lifetime_balls played": 0.0, "international_ODI_lifetime_overs": 0.0, "international_ODI_lifetime_runs gave": 0.0, "international_Test_previous3_runs": [], "international_Test_previous3_wickets": [], "international_Test_previous3_balls played": [], "international_Test_previous3_overs": [], "international_Test_previous3_runs gave": [], "international_Test_lifetime_runs": 0.0, "international_Test_lifetime_wickets": 0.0, "international_Test_lifetime_balls played": 0.0, "international_Test_lifetime_overs": 0.0, "international_Test_lifetime_runs gave": 0.0, "international_T20_previous3_runs": [6.0, 13.0, 3.0], "international_T20_previous3_wickets": [0.0, 0.0, 0.0], "international_T20_previous3_balls played": [14.0, 27.0, 8.0], "international_T20_previous3_overs": [0.0, 0.0, 0.0], "international_T20_previous3_runs gave": [0.0, 0.0, 0.0], "international_T20_lifetime_runs": 119.0, "international_T20_lifetime_wickets": 0.0, "international_T20_lifetime_balls played": 209.0, "international_T20_lifetime_overs": 0.0, "international_T20_lifetime_runs gave": 0.0}