{"played_against": {"e342e5fb": {"runs": 2, "balls": 2, "wickets": 0}, "91a4a398": {"runs": 8, "balls": 4, "wickets": 0}, "2e171977": {"runs": 1, "balls": 2, "wickets": 0}, "ce820073": {"runs": 1, "balls": 7, "wickets": 1}, "759ac88f": {"runs": 6, "balls": 6, "wickets": 2}, "8cf9814c": {"runs": 12, "balls": 10, "wickets": 0}, "ded9240e": {"runs": 1, "balls": 3, "wickets": 1}, "5876c626": {"runs": 11, "balls": 6, "wickets": 0}, "2f49c897": {"runs": 11, "balls": 4, "wickets": 0}, "c2ce55cb": {"runs": 0, "balls": 1, "wickets": 1}, "70eb694b": {"runs": 1, "balls": 4, "wickets": 0}, "529fbf1b": {"runs": 0, "balls": 1, "wickets": 1}, "06adaa46": {"runs": 17, "balls": 5, "wickets": 0}, "cb4f31e2": {"runs": 18, "balls": 15, "wickets": 0}, "dc4686e6": {"runs": 1, "balls": 2, "wickets": 0}, "94253925": {"runs": 21, "balls": 10, "wickets": 1}, "5d3d423a": {"runs": 10, "balls": 11, "wickets": 1}, "4af886ed": {"runs": 20, "balls": 9, "wickets": 1}, "2d209101": {"runs": 14, "balls": 10, "wickets": 0}, "41eb4a4f": {"runs": 11, "balls": 5, "wickets": 0}, "957532de": {"runs": 2, "balls": 2, "wickets": 0}, "66cf56a5": {"runs": 14, "balls": 9, "wickets": 0}, "ed5a5510": {"runs": 16, "balls": 6, "wickets": 0}, "90de905a": {"runs": 1, "balls": 1, "wickets": 0}, "bd17b45f": {"runs": 2, "balls": 2, "wickets": 0}, "1b480a44": {"runs": 23, "balls": 15, "wickets": 1}, "dbc76c59": {"runs": 11, "balls": 5, "wickets": 0}, "bf6e03ea": {"runs": 24, "balls": 15, "wickets": 0}, "119678fd": {"runs": 38, "balls": 24, "wickets": 0}, "a7367f83": {"runs": 7, "balls": 10, "wickets": 0}, "5bb1a1c4": {"runs": 22, "balls": 13, "wickets": 0}, "21d4e29b": {"runs": 3, "balls": 5, "wickets": 0}, "bee290b6": {"runs": 6, "balls": 4, "wickets": 0}, "ad427b5c": {"runs": 28, "balls": 17, "wickets": 0}, "f62772e5": {"runs": 18, "balls": 9, "wickets": 1}, "5fa06777": {"runs": 9, "balls": 5, "wickets": 0}, "93fefdfa": {"runs": 9, "balls": 5, "wickets": 0}, "b8527c3d": {"runs": 5, "balls": 3, "wickets": 0}, "d4520718": {"runs": 3, "balls": 4, "wickets": 0}, "cedc1d9a": {"runs": 11, "balls": 15, "wickets": 0}, "16605a1b": {"runs": 12, "balls": 4, "wickets": 0}, "13903f13": {"runs": 13, "balls": 7, "wickets": 0}, "f45e828c": {"runs": 6, "balls": 4, "wickets": 0}, "76a33e00": {"runs": 8, "balls": 4, "wickets": 0}, "9d80c5e1": {"runs": 5, "balls": 4, "wickets": 0}, "de4b0555": {"runs": 7, "balls": 5, "wickets": 0}, "e4cdf230": {"runs": 7, "balls": 4, "wickets": 0}, "0a3d54b9": {"runs": 5, "balls": 3, "wickets": 0}, "8b018008": {"runs": 3, "balls": 4, "wickets": 1}, "c7a995d3": {"runs": 14, "balls": 11, "wickets": 0}, "ce794613": {"runs": 9, "balls": 4, "wickets": 0}, "2e099662": {"runs": 1, "balls": 1, "wickets": 0}, "e2db2409": {"runs": 2, "balls": 3, "wickets": 0}, "1b7c4d69": {"runs": 20, "balls": 7, "wickets": 1}, "52cb36a0": {"runs": 14, "balls": 4, "wickets": 0}, "10636efb": {"runs": 0, "balls": 1, "wickets": 1}, "db15d0f8": {"runs": 7, "balls": 5, "wickets": 0}, "15deff66": {"runs": 2, "balls": 3, "wickets": 0}, "2b38fa6d": {"runs": 9, "balls": 3, "wickets": 0}, "59da1e8a": {"runs": 5, "balls": 6, "wickets": 0}, "76860ea3": {"runs": 2, "balls": 3, "wickets": 0}, "bcaf7d33": {"runs": 7, "balls": 5, "wickets": 0}, "4b31f3a3": {"runs": 7, "balls": 4, "wickets": 2}, "2795b0f6": {"runs": 10, "balls": 10, "wickets": 0}, "23eeb873": {"runs": 6, "balls": 7, "wickets": 0}, "2ed569a0": {"runs": 10, "balls": 5, "wickets": 0}, "a2f46292": {"runs": 2, "balls": 4, "wickets": 0}, "077da288": {"runs": 7, "balls": 2, "wickets": 0}, "da934ee8": {"runs": 1, "balls": 1, "wickets": 0}, "2e81a32d": {"runs": 6, "balls": 9, "wickets": 1}, "db31895a": {"runs": 7, "balls": 5, "wickets": 0}, "502056e3": {"runs": 2, "balls": 4, "wickets": 0}, "e32d22f6": {"runs": 6, "balls": 8, "wickets": 0}, "37fec668": {"runs": 2, "balls": 4, "wickets": 0}, "f705d984": {"runs": 1, "balls": 1, "wickets": 0}, "9fc0ef64": {"runs": 9, "balls": 5, "wickets": 0}, "30df8c66": {"runs": 3, "balls": 4, "wickets": 0}, "327c7253": {"runs": 2, "balls": 6, "wickets": 0}, "8dfc706f": {"runs": 2, "balls": 3, "wickets": 0}, "81049310": {"runs": 6, "balls": 5, "wickets": 0}, "8998a68f": {"runs": 3, "balls": 3, "wickets": 0}, "39a2dfa8": {"runs": 1, "balls": 1, "wickets": 0}, "57ee1fde": {"runs": 0, "balls": 1, "wickets": 1}, "8254ea06": {"runs": 3, "balls": 5, "wickets": 0}, "98ae73b1": {"runs": 7, "balls": 5, "wickets": 0}, "01ada0ed": {"runs": 2, "balls": 2, "wickets": 0}, "779b7f4d": {"runs": 0, "balls": 2, "wickets": 1}, "5fd3f9db": {"runs": 2, "balls": 3, "wickets": 0}, "4948a916": {"runs": 3, "balls": 2, "wickets": 0}, "456af189": {"runs": 1, "balls": 1, "wickets": 0}, "dd73b2ff": {"runs": 5, "balls": 5, "wickets": 0}, "d52330c6": {"runs": 1, "balls": 3, "wickets": 0}, "58588e5a": {"runs": 14, "balls": 7, "wickets": 0}, "4a15018a": {"runs": 18, "balls": 12, "wickets": 0}, "30829ea2": {"runs": 3, "balls": 3, "wickets": 0}, "33ffc3dd": {"runs": 11, "balls": 8, "wickets": 0}, "cdc6bdba": {"runs": 16, "balls": 3, "wickets": 0}, "c23938fd": {"runs": 16, "balls": 6, "wickets": 0}, "663b5e34": {"runs": 1, "balls": 1, "wickets": 0}, "1e66c162": {"runs": 2, "balls": 2, "wickets": 0}, "76cc7070": {"runs": 9, "balls": 4, "wickets": 0}, "b0946605": {"runs": 11, "balls": 7, "wickets": 0}, "efc04be7": {"runs": 8, "balls": 8, "wickets": 0}, "c33d8116": {"runs": 1, "balls": 1, "wickets": 0}, "9061a703": {"runs": 4, "balls": 4, "wickets": 0}, "97114e80": {"runs": 9, "balls": 6, "wickets": 0}, "64959652": {"runs": 5, "balls": 2, "wickets": 0}, "bb3ccb17": {"runs": 3, "balls": 4, "wickets": 1}}, "fifties": 0, "thirties": 11, "centuries": 0, "maidens": 0.0, "hattricks": 0, "club_ODI_previous3_runs": [], "club_ODI_previous3_wickets": [], "club_ODI_previous3_balls played": [], "club_ODI_previous3_overs": [], "club_ODI_previous3_runs gave": [], "club_ODI_lifetime_runs": 0.0, "club_ODI_lifetime_wickets": 0.0, "club_ODI_lifetime_balls played": 0.0, "club_ODI_lifetime_overs": 0.0, "club_ODI_lifetime_runs gave": 0.0, "club_Test_previous3_runs": [], "club_Test_previous3_wickets": [], "club_Test_previous3_balls played": [], "club_Test_previous3_overs": [], "club_Test_previous3_runs gave": [], "club_Test_lifetime_runs": 0.0, "club_Test_lifetime_wickets": 0.0, "club_Test_lifetime_balls played": 0.0, "club_Test_lifetime_overs": 0.0, "club_Test_lifetime_runs gave": 0.0, "club_T20_previous3_runs": [2.0, 5.0, 17.0], "club_T20_previous3_wickets": [0.0, 0.0, 0.0], "club_T20_previous3_balls played": [3.0, 7.0, 12.0], "club_T20_previous3_overs": [0.0, 0.0, 0.0], "club_T20_previous3_runs gave": [0.0, 0.0, 0.0], "club_T20_lifetime_runs": 824.0, "club_T20_lifetime_wickets": 0.0, "club_T20_lifetime_balls played": 584.0, "club_T20_lifetime_overs": 3.1666666666666665, "club_T20_lifetime_runs gave": 24.0, "international_ODI_previous3_runs": [], "international_ODI_previous3_wickets": [], "international_ODI_previous3_balls played": [], "international_ODI_previous3_overs": [], "international_ODI_previous3_runs gave": [], "international_ODI_lifetime_runs": 0.0, "international_ODI_lifetime_wickets": 0.0, "international_ODI_lifetime_balls played": 0.0, "international_ODI_lifetime_overs": 0.0, "international_ODI_lifetime_runs gave": 0.0, "international_Test_previous3_runs": [], "international_Test_previous3_wickets": [], "international_Test_previous3_balls played": [], "international_Test_previous3_overs": [], "international_Test_previous3_runs gave": [], "international_Test_lifetime_runs": 0.0, "international_Test_lifetime_wickets": 0.0, "international_Test_lifetime_balls played": 0.0, "international_Test_lifetime_overs": 0.0, "international_Test_lifetime_runs gave": 0.0, "international_T20_previous3_runs": [], "international_T20_previous3_wickets": [], "international_T20_previous3_balls played": [], "international_T20_previous3_overs": [], "international_T20_previous3_runs gave": [], "international_T20_lifetime_runs": 0.0, "international_T20_lifetime_wickets": 0.0, "international_T20_lifetime_balls played": 0.0, "international_T20_lifetime_overs": 0.0, "international_T20_lifetime_runs gave": 0.0}