{"played_against": {"a7f1ef98": {"runs": 4, "balls": 6, "wickets": 0}, "66ea7420": {"runs": 27, "balls": 16, "wickets": 0}, "54a0e487": {"runs": 9, "balls": 8, "wickets": 0}, "9a09c4b2": {"runs": 9, "balls": 6, "wickets": 0}, "40caa465": {"runs": 24, "balls": 12, "wickets": 0}, "c2ed5822": {"runs": 10, "balls": 4, "wickets": 0}, "13dd2a4b": {"runs": 4, "balls": 2, "wickets": 0}, "fdf7491e": {"runs": 32, "balls": 30, "wickets": 1}, "98f27d4b": {"runs": 1, "balls": 2, "wickets": 0}, "f9e6e7ef": {"runs": 76, "balls": 54, "wickets": 1}, "a446c7be": {"runs": 11, "balls": 9, "wickets": 0}, "441c72ae": {"runs": 29, "balls": 15, "wickets": 0}, "26e5cabf": {"runs": 4, "balls": 4, "wickets": 0}, "66b30f71": {"runs": 5, "balls": 4, "wickets": 1}, "347fb4e1": {"runs": 9, "balls": 4, "wickets": 0}, "a81e957f": {"runs": 9, "balls": 4, "wickets": 1}, "81049310": {"runs": 5, "balls": 8, "wickets": 0}, "6b19d823": {"runs": 33, "balls": 26, "wickets": 1}, "39a2dfa8": {"runs": 26, "balls": 14, "wickets": 0}, "8998a68f": {"runs": 10, "balls": 8, "wickets": 1}, "fe93fd9d": {"runs": 15, "balls": 12, "wickets": 0}, "acee4cc4": {"runs": 12, "balls": 8, "wickets": 0}, "e4a0deae": {"runs": 2, "balls": 2, "wickets": 0}, "1abb78f8": {"runs": 13, "balls": 17, "wickets": 1}, "a9fd84fb": {"runs": 4, "balls": 2, "wickets": 0}, "2ed569a0": {"runs": 26, "balls": 19, "wickets": 0}, "5b8c830e": {"runs": 27, "balls": 28, "wickets": 0}, "dbe50b21": {"runs": 14, "balls": 11, "wickets": 0}, "462411b3": {"runs": 12, "balls": 16, "wickets": 0}, "a12e1d51": {"runs": 7, "balls": 4, "wickets": 0}, "e62dd25d": {"runs": 19, "balls": 17, "wickets": 2}, "9d430b40": {"runs": 13, "balls": 13, "wickets": 1}, "98ae73b1": {"runs": 32, "balls": 18, "wickets": 0}, "cfa4bd2b": {"runs": 5, "balls": 3, "wickets": 0}, "e342e5fb": {"runs": 5, "balls": 2, "wickets": 0}, "bbd41817": {"runs": 12, "balls": 6, "wickets": 0}, "fb2d1dda": {"runs": 1, "balls": 2, "wickets": 0}, "85e0cf10": {"runs": 13, "balls": 6, "wickets": 0}, "5bb1a1c4": {"runs": 11, "balls": 8, "wickets": 0}, "2e171977": {"runs": 35, "balls": 36, "wickets": 1}, "75224f22": {"runs": 9, "balls": 13, "wickets": 0}, "a818c1be": {"runs": 15, "balls": 7, "wickets": 1}, "d014d5ac": {"runs": 1, "balls": 2, "wickets": 0}, "3bc94fb9": {"runs": 3, "balls": 8, "wickets": 1}, "f986ca1a": {"runs": 63, "balls": 35, "wickets": 2}, "33ffc3dd": {"runs": 0, "balls": 4, "wickets": 0}, "2df87089": {"runs": 1, "balls": 5, "wickets": 1}, "481dd6dc": {"runs": 1, "balls": 1, "wickets": 0}, "f705d984": {"runs": 1, "balls": 2, "wickets": 1}, "a4e37e47": {"runs": 2, "balls": 8, "wickets": 1}, "9d704f6f": {"runs": 26, "balls": 16, "wickets": 1}, "e06f7116": {"runs": 13, "balls": 8, "wickets": 0}, "85ec8e33": {"runs": 11, "balls": 3, "wickets": 0}, "d2a989fc": {"runs": 1, "balls": 1, "wickets": 0}, "a00e1842": {"runs": 3, "balls": 6, "wickets": 0}, "0a67aec0": {"runs": 49, "balls": 26, "wickets": 0}, "e94915e6": {"runs": 15, "balls": 10, "wickets": 1}, "e2db2409": {"runs": 18, "balls": 13, "wickets": 1}, "c38d3503": {"runs": 1, "balls": 7, "wickets": 0}, "b4f5c2d9": {"runs": 0, "balls": 2, "wickets": 1}, "57ee1fde": {"runs": 6, "balls": 12, "wickets": 0}, "14f96089": {"runs": 6, "balls": 4, "wickets": 0}, "f19ccfad": {"runs": 8, "balls": 8, "wickets": 0}, "ac5ae4af": {"runs": 3, "balls": 3, "wickets": 1}, "5f547c8b": {"runs": 24, "balls": 28, "wickets": 1}, "0994d0ae": {"runs": 9, "balls": 9, "wickets": 0}, "ce820073": {"runs": 16, "balls": 11, "wickets": 0}, "ce794613": {"runs": 46, "balls": 27, "wickets": 2}, "a2f46292": {"runs": 32, "balls": 14, "wickets": 0}, "acdc62f5": {"runs": 35, "balls": 14, "wickets": 0}, "0f721006": {"runs": 7, "balls": 4, "wickets": 2}, "ded9240e": {"runs": 14, "balls": 13, "wickets": 2}, "6699acb6": {"runs": 17, "balls": 7, "wickets": 0}, "4885bbe6": {"runs": 6, "balls": 8, "wickets": 0}, "5f39537c": {"runs": 8, "balls": 7, "wickets": 0}, "f1809c03": {"runs": 14, "balls": 12, "wickets": 0}, "bc67cc22": {"runs": 4, "balls": 4, "wickets": 0}, "7b5b6311": {"runs": 2, "balls": 2, "wickets": 0}, "c7a995d3": {"runs": 7, "balls": 8, "wickets": 0}, "5b627626": {"runs": 2, "balls": 4, "wickets": 0}, "1b7c4d69": {"runs": 3, "balls": 5, "wickets": 0}, "6ab96cc2": {"runs": 10, "balls": 4, "wickets": 1}, "b2a55ac1": {"runs": 6, "balls": 4, "wickets": 0}, "de4b0555": {"runs": 15, "balls": 7, "wickets": 0}, "9d80c5e1": {"runs": 14, "balls": 11, "wickets": 0}, "e4cdf230": {"runs": 29, "balls": 11, "wickets": 0}, "d2550980": {"runs": 8, "balls": 3, "wickets": 0}, "8b018008": {"runs": 1, "balls": 1, "wickets": 0}, "fb24e76c": {"runs": 2, "balls": 3, "wickets": 0}, "2cffab74": {"runs": 20, "balls": 15, "wickets": 0}, "7b5235a6": {"runs": 10, "balls": 7, "wickets": 0}, "4c263f1c": {"runs": 6, "balls": 4, "wickets": 0}, "bc0c1f0d": {"runs": 9, "balls": 4, "wickets": 0}, "d14a9789": {"runs": 3, "balls": 2, "wickets": 0}, "145c2a1f": {"runs": 9, "balls": 7, "wickets": 1}, "244048f6": {"runs": 35, "balls": 20, "wickets": 1}, "8cf9814c": {"runs": 21, "balls": 17, "wickets": 3}, "1ee08e9a": {"runs": 1, "balls": 2, "wickets": 0}, "eef2536f": {"runs": 7, "balls": 9, "wickets": 1}, "495d42a5": {"runs": 2, "balls": 2, "wickets": 0}, "bb351c23": {"runs": 1, "balls": 3, "wickets": 1}, "dfc4d8b5": {"runs": 1, "balls": 2, "wickets": 0}, "68c56d09": {"runs": 5, "balls": 4, "wickets": 0}, "56ab442f": {"runs": 7, "balls": 5, "wickets": 0}, "2e81a32d": {"runs": 36, "balls": 17, "wickets": 0}, "c05edf8e": {"runs": 15, "balls": 11, "wickets": 0}, "dcf81436": {"runs": 0, "balls": 1, "wickets": 1}, "2f49c897": {"runs": 12, "balls": 10, "wickets": 1}, "891b9757": {"runs": 1, "balls": 2, "wickets": 0}, "a24be938": {"runs": 1, "balls": 3, "wickets": 0}, "49bacd0f": {"runs": 2, "balls": 2, "wickets": 0}, "f6d8a7ab": {"runs": 20, "balls": 17, "wickets": 1}, "8254ea06": {"runs": 2, "balls": 3, "wickets": 0}, "5fd3f9db": {"runs": 10, "balls": 5, "wickets": 0}, "e5fa9ca2": {"runs": 20, "balls": 7, "wickets": 0}, "4948a916": {"runs": 4, "balls": 6, "wickets": 0}, "8b105ee2": {"runs": 13, "balls": 7, "wickets": 0}, "b76b2d25": {"runs": 6, "balls": 5, "wickets": 0}, "97c06e86": {"runs": 5, "balls": 3, "wickets": 1}, "871e9faf": {"runs": 1, "balls": 5, "wickets": 0}, "dc9dd038": {"runs": 5, "balls": 4, "wickets": 0}, "39dd4d6d": {"runs": 3, "balls": 9, "wickets": 0}, "ade90de7": {"runs": 6, "balls": 3, "wickets": 0}, "518d090c": {"runs": 8, "balls": 5, "wickets": 0}, "249abedf": {"runs": 2, "balls": 3, "wickets": 1}, "2843d331": {"runs": 1, "balls": 3, "wickets": 0}, "119678fd": {"runs": 6, "balls": 6, "wickets": 0}, "13abdc50": {"runs": 0, "balls": 1, "wickets": 1}, "245c97cb": {"runs": 5, "balls": 3, "wickets": 1}, "7210d461": {"runs": 10, "balls": 12, "wickets": 1}, "2f9d0389": {"runs": 20, "balls": 12, "wickets": 1}, "a97c8ec2": {"runs": 23, "balls": 18, "wickets": 1}, "b681e71e": {"runs": 2, "balls": 2, "wickets": 0}, "03806cf8": {"runs": 12, "balls": 4, "wickets": 0}, "64775749": {"runs": 0, "balls": 1, "wickets": 1}, "cc1e8c68": {"runs": 4, "balls": 2, "wickets": 0}, "13c35c9e": {"runs": 6, "balls": 4, "wickets": 1}, "2cdce1be": {"runs": 1, "balls": 2, "wickets": 1}, "872b03f7": {"runs": 4, "balls": 2, "wickets": 0}, "df064e1a": {"runs": 15, "balls": 15, "wickets": 1}, "c33d8116": {"runs": 11, "balls": 5, "wickets": 0}, "c695b423": {"runs": 3, "balls": 4, "wickets": 0}, "64839cb3": {"runs": 8, "balls": 7, "wickets": 0}, "765a4731": {"runs": 2, "balls": 2, "wickets": 0}, "378daa89": {"runs": 4, "balls": 1, "wickets": 0}, "5724e517": {"runs": 6, "balls": 2, "wickets": 0}, "6b4ce914": {"runs": 15, "balls": 8, "wickets": 0}, "f879ff6b": {"runs": 10, "balls": 4, "wickets": 0}, "63798865": {"runs": 2, "balls": 2, "wickets": 0}, "895a0ead": {"runs": 5, "balls": 2, "wickets": 0}, "3e5dc16b": {"runs": 16, "balls": 5, "wickets": 0}, "2e78f685": {"runs": 8, "balls": 5, "wickets": 0}, "1760e2c7": {"runs": 27, "balls": 13, "wickets": 0}, "d27dafe2": {"runs": 4, "balls": 2, "wickets": 0}, "872113ff": {"runs": 1, "balls": 2, "wickets": 1}, "81c08fa3": {"runs": 5, "balls": 2, "wickets": 0}, "249d60c9": {"runs": 2, "balls": 2, "wickets": 0}, "26d041c4": {"runs": 11, "balls": 8, "wickets": 0}, "9eb1455b": {"runs": 10, "balls": 7, "wickets": 1}, "8d2c70ad": {"runs": 30, "balls": 23, "wickets": 0}, "650d5e49": {"runs": 1, "balls": 3, "wickets": 1}, "759ac88f": {"runs": 29, "balls": 15, "wickets": 1}, "c0c411cb": {"runs": 19, "balls": 7, "wickets": 1}, "9061a703": {"runs": 2, "balls": 4, "wickets": 0}, "93b430e8": {"runs": 13, "balls": 5, "wickets": 0}, "7a8bd078": {"runs": 5, "balls": 3, "wickets": 0}, "798cc28e": {"runs": 6, "balls": 2, "wickets": 1}, "d477678c": {"runs": 3, "balls": 3, "wickets": 0}, "c1d3515b": {"runs": 1, "balls": 2, "wickets": 1}, "4b31f3a3": {"runs": 10, "balls": 5, "wickets": 0}, "4bd09374": {"runs": 7, "balls": 8, "wickets": 0}, "3204c99f": {"runs": 29, "balls": 11, "wickets": 0}, "efc04be7": {"runs": 33, "balls": 17, "wickets": 0}, "83c3e8e3": {"runs": 3, "balls": 4, "wickets": 0}, "77b1aa15": {"runs": 16, "balls": 8, "wickets": 1}, "7c3b3b78": {"runs": 15, "balls": 4, "wickets": 0}, "d9273ee7": {"runs": 2, "balls": 4, "wickets": 0}, "81c36ee9": {"runs": 10, "balls": 8, "wickets": 0}, "1e66c162": {"runs": 13, "balls": 8, "wickets": 0}, "aad0c365": {"runs": 1, "balls": 2, "wickets": 0}, "b8527c3d": {"runs": 7, "balls": 4, "wickets": 1}, "30df8c66": {"runs": 13, "balls": 11, "wickets": 0}, "f24c6701": {"runs": 9, "balls": 8, "wickets": 0}, "46a9bea1": {"runs": 10, "balls": 4, "wickets": 0}, "eaa76d3c": {"runs": 16, "balls": 13, "wickets": 0}, "f29185a1": {"runs": 3, "balls": 4, "wickets": 0}, "449f4e3c": {"runs": 4, "balls": 7, "wickets": 0}, "5bbabe59": {"runs": 1, "balls": 2, "wickets": 1}, "dadb9703": {"runs": 12, "balls": 9, "wickets": 1}, "38214163": {"runs": 3, "balls": 4, "wickets": 0}, "1be67d37": {"runs": 6, "balls": 3, "wickets": 0}, "08548b13": {"runs": 2, "balls": 4, "wickets": 0}, "736123bb": {"runs": 8, "balls": 7, "wickets": 0}, "aceb7654": {"runs": 7, "balls": 6, "wickets": 1}, "0a8fce53": {"runs": 5, "balls": 5, "wickets": 0}, "0b0cc297": {"runs": 13, "balls": 5, "wickets": 1}, "bf1d7d3e": {"runs": 7, "balls": 2, "wickets": 0}, "9dad0f2e": {"runs": 17, "balls": 4, "wickets": 0}, "ef18b66e": {"runs": 7, "balls": 2, "wickets": 1}}, "fifties": 0, "thirties": 28, "centuries": 0, "maidens": 2.0, "hattricks": 2, "club_ODI_previous3_runs": [], "club_ODI_previous3_wickets": [], "club_ODI_previous3_balls played": [], "club_ODI_previous3_overs": [], "club_ODI_previous3_runs gave": [], "club_ODI_lifetime_runs": 0.0, "club_ODI_lifetime_wickets": 0.0, "club_ODI_lifetime_balls played": 0.0, "club_ODI_lifetime_overs": 0.0, "club_ODI_lifetime_runs gave": 0.0, "club_Test_previous3_runs": [], "club_Test_previous3_wickets": [], "club_Test_previous3_balls played": [], "club_Test_previous3_overs": [], "club_Test_previous3_runs gave": [], "club_Test_lifetime_runs": 0.0, "club_Test_lifetime_wickets": 0.0, "club_Test_lifetime_balls played": 0.0, "club_Test_lifetime_overs": 0.0, "club_Test_lifetime_runs gave": 0.0, "club_T20_previous3_runs": [48.0, 36.0, 6.0], "club_T20_previous3_wickets": [0.0, 0.0, 0.0], "club_T20_previous3_balls played": [34.0, 26.0, 10.0], "club_T20_previous3_overs": [0.0, 0.0, 0.0], "club_T20_previous3_runs gave": [0.0, 0.0, 0.0], "club_T20_lifetime_runs": 2047.0, "club_T20_lifetime_wickets": 22.0, "club_T20_lifetime_balls played": 1471.0, "club_T20_lifetime_overs": 119.66666666666666, "club_T20_lifetime_runs gave": 913.0, "international_ODI_previous3_runs": [15.0], "international_ODI_previous3_wickets": [1.0], "international_ODI_previous3_balls played": [13.0], "international_ODI_previous3_overs": [9.0], "international_ODI_previous3_runs gave": [54.0], "international_ODI_lifetime_runs": 15.0, "international_ODI_lifetime_wickets": 1.0, "international_ODI_lifetime_balls played": 13.0, "international_ODI_lifetime_overs": 9.0, "international_ODI_lifetime_runs gave": 54.0, "international_Test_previous3_runs": [], "international_Test_previous3_wickets": [], "international_Test_previous3_balls played": [], "international_Test_previous3_overs": [], "international_Test_previous3_runs gave": [], "international_Test_lifetime_runs": 0.0, "international_Test_lifetime_wickets": 0.0, "international_Test_lifetime_balls played": 0.0, "international_Test_lifetime_overs": 0.0, "international_Test_lifetime_runs gave": 0.0, "international_T20_previous3_runs": [0.0, 15.0, 34.0], "international_T20_previous3_wickets": [0.0, 1.0, 0.0], "international_T20_previous3_balls played": [0.0, 6.0, 12.0], "international_T20_previous3_overs": [0.0, 2.0, 0.0], "international_T20_previous3_runs gave": [0.0, 16.0, 0.0], "international_T20_lifetime_runs": 106.0, "international_T20_lifetime_wickets": 4.0, "international_T20_lifetime_balls played": 69.0, "international_T20_lifetime_overs": 12.333333333333332, "international_T20_lifetime_runs gave": 83.0}