{"played_against": {"356129f0": {"runs": 1, "balls": 2, "wickets": 0}, "c03c6200": {"runs": 4, "balls": 1, "wickets": 0}, "fa9c0196": {"runs": 0, "balls": 0, "wickets": 0}, "05c2ca46": {"runs": 6, "balls": 6, "wickets": 0}, "33085ffb": {"runs": 1, "balls": 4, "wickets": 1}, "7ec9711d": {"runs": 7, "balls": 15, "wickets": 0}, "87e562a9": {"runs": 20, "balls": 18, "wickets": 0}, "4aad78d3": {"runs": 1, "balls": 4, "wickets": 1}, "8b248d88": {"runs": 18, "balls": 12, "wickets": 1}, "11614d87": {"runs": 24, "balls": 19, "wickets": 0}, "a316d663": {"runs": 12, "balls": 15, "wickets": 1}, "a7bc76a0": {"runs": 22, "balls": 18, "wickets": 0}, "12bffe91": {"runs": 12, "balls": 10, "wickets": 1}, "ab6b1c45": {"runs": 1, "balls": 1, "wickets": 0}, "26d9937d": {"runs": 0, "balls": 1, "wickets": 1}, "77841dcc": {"runs": 6, "balls": 7, "wickets": 0}, "5f419ace": {"runs": 18, "balls": 17, "wickets": 1}, "647a48da": {"runs": 18, "balls": 10, "wickets": 0}, "9d50c7e1": {"runs": 9, "balls": 14, "wickets": 1}, "97b0e4ff": {"runs": 23, "balls": 11, "wickets": 1}, "d7a57f75": {"runs": 12, "balls": 6, "wickets": 0}, "bbd41817": {"runs": 10, "balls": 2, "wickets": 0}, "c3d35165": {"runs": 14, "balls": 12, "wickets": 0}, "ba377b40": {"runs": 3, "balls": 7, "wickets": 0}, "3da575b7": {"runs": 21, "balls": 9, "wickets": 1}, "c654af19": {"runs": 5, "balls": 5, "wickets": 0}, "462d7c62": {"runs": 17, "balls": 13, "wickets": 0}, "7955eb15": {"runs": 5, "balls": 8, "wickets": 1}, "016e5101": {"runs": 4, "balls": 3, "wickets": 0}, "a467273e": {"runs": 7, "balls": 5, "wickets": 1}, "c995d726": {"runs": 2, "balls": 2, "wickets": 0}, "e734d090": {"runs": 6, "balls": 4, "wickets": 0}, "42172c3c": {"runs": 6, "balls": 4, "wickets": 0}, "a83c44b8": {"runs": 1, "balls": 2, "wickets": 1}, "e5437608": {"runs": 10, "balls": 11, "wickets": 1}, "3a60e0b5": {"runs": 11, "balls": 8, "wickets": 0}, "6ed11905": {"runs": 4, "balls": 3, "wickets": 0}, "cfe70281": {"runs": 2, "balls": 1, "wickets": 0}, "2e8994e7": {"runs": 3, "balls": 7, "wickets": 0}, "f277f531": {"runs": 1, "balls": 3, "wickets": 0}, "8361e524": {"runs": 3, "balls": 2, "wickets": 0}, "9df3a2f4": {"runs": 1, "balls": 2, "wickets": 0}}, "fifties": 0, "thirties": 6, "centuries": 0, "maidens": 0.0, "hattricks": 0, "club_ODI_previous3_runs": [], "club_ODI_previous3_wickets": [], "club_ODI_previous3_balls played": [], "club_ODI_previous3_overs": [], "club_ODI_previous3_runs gave": [], "club_ODI_lifetime_runs": 0.0, "club_ODI_lifetime_wickets": 0.0, "club_ODI_lifetime_balls played": 0.0, "club_ODI_lifetime_overs": 0.0, "club_ODI_lifetime_runs gave": 0.0, "club_Test_previous3_runs": [], "club_Test_previous3_wickets": [], "club_Test_previous3_balls played": [], "club_Test_previous3_overs": [], "club_Test_previous3_runs gave": [], "club_Test_lifetime_runs": 0.0, "club_Test_lifetime_wickets": 0.0, "club_Test_lifetime_balls played": 0.0, "club_Test_lifetime_overs": 0.0, "club_Test_lifetime_runs gave": 0.0, "club_T20_previous3_runs": [0.0, 4.0, 0.0], "club_T20_previous3_wickets": [0.0, 0.0, 0.0], "club_T20_previous3_balls played": [0.0, 4.0, 0.0], "club_T20_previous3_overs": [0.0, 0.0, 0.0], "club_T20_previous3_runs gave": [0.0, 0.0, 0.0], "club_T20_lifetime_runs": 351.0, "club_T20_lifetime_wickets": 0.0, "club_T20_lifetime_balls played": 312.0, "club_T20_lifetime_overs": 0.0, "club_T20_lifetime_runs gave": 0.0, "international_ODI_previous3_runs": [], "international_ODI_previous3_wickets": [], "international_ODI_previous3_balls played": [], "international_ODI_previous3_overs": [], "international_ODI_previous3_runs gave": [], "international_ODI_lifetime_runs": 0.0, "international_ODI_lifetime_wickets": 0.0, "international_ODI_lifetime_balls played": 0.0, "international_ODI_lifetime_overs": 0.0, "international_ODI_lifetime_runs gave": 0.0, "international_Test_previous3_runs": [], "international_Test_previous3_wickets": [], "international_Test_previous3_balls played": [], "international_Test_previous3_overs": [], "international_Test_previous3_runs gave": [], "international_Test_lifetime_runs": 0.0, "international_Test_lifetime_wickets": 0.0, "international_Test_lifetime_balls played": 0.0, "international_Test_lifetime_overs": 0.0, "international_Test_lifetime_runs gave": 0.0, "international_T20_previous3_runs": [], "international_T20_previous3_wickets": [], "international_T20_previous3_balls played": [], "international_T20_previous3_overs": [], "international_T20_previous3_runs gave": [], "international_T20_lifetime_runs": 0.0, "international_T20_lifetime_wickets": 0.0, "international_T20_lifetime_balls played": 0.0, "international_T20_lifetime_overs": 0.0, "international_T20_lifetime_runs gave": 0.0}