{"played_against": {"c7aae1f0": {"runs": 25, "balls": 15, "wickets": 0}, "87a6f411": {"runs": 20, "balls": 19, "wickets": 0}, "26f98ea3": {"runs": 41, "balls": 17, "wickets": 0}, "3fa5672e": {"runs": 24, "balls": 23, "wickets": 0}, "6caae2dc": {"runs": 16, "balls": 8, "wickets": 0}, "67fedcb4": {"runs": 5, "balls": 2, "wickets": 0}, "865d671f": {"runs": 3, "balls": 7, "wickets": 0}, "2687fff2": {"runs": 14, "balls": 12, "wickets": 0}, "a4a53adf": {"runs": 1, "balls": 1, "wickets": 0}, "6e60a792": {"runs": 4, "balls": 4, "wickets": 0}, "3967b66f": {"runs": 12, "balls": 12, "wickets": 0}, "c90346a0": {"runs": 7, "balls": 8, "wickets": 0}, "dba54d8e": {"runs": 3, "balls": 5, "wickets": 0}, "a2dd9236": {"runs": 3, "balls": 5, "wickets": 0}, "efcb778e": {"runs": 0, "balls": 1, "wickets": 1}, "d62f04f5": {"runs": 7, "balls": 7, "wickets": 0}, "e56f4180": {"runs": 3, "balls": 6, "wickets": 0}, "4d0d5b7d": {"runs": 5, "balls": 7, "wickets": 0}, "c7bb2416": {"runs": 5, "balls": 7, "wickets": 0}, "4e6bc859": {"runs": 0, "balls": 1, "wickets": 0}, "a2369eaf": {"runs": 1, "balls": 4, "wickets": 0}, "507dd87f": {"runs": 7, "balls": 9, "wickets": 0}, "20ac8219": {"runs": 0, "balls": 2, "wickets": 0}, "dc1dd6c4": {"runs": 5, "balls": 7, "wickets": 0}, "b78b3ffd": {"runs": 5, "balls": 7, "wickets": 0}, "0fa81719": {"runs": 5, "balls": 6, "wickets": 0}, "ec483176": {"runs": 5, "balls": 6, "wickets": 1}, "2a13e6b1": {"runs": 1, "balls": 1, "wickets": 0}, "49235be5": {"runs": 0, "balls": 1, "wickets": 1}, "62d3f506": {"runs": 5, "balls": 6, "wickets": 0}, "99ad98b0": {"runs": 6, "balls": 8, "wickets": 0}, "e48c6ec7": {"runs": 7, "balls": 11, "wickets": 0}, "96013995": {"runs": 5, "balls": 17, "wickets": 0}, "ec201565": {"runs": 6, "balls": 8, "wickets": 1}, "2a03bd2f": {"runs": 15, "balls": 13, "wickets": 0}, "716bf559": {"runs": 7, "balls": 13, "wickets": 1}, "00467a76": {"runs": 24, "balls": 18, "wickets": 0}, "441006af": {"runs": 7, "balls": 9, "wickets": 0}, "1c8cd1c3": {"runs": 9, "balls": 7, "wickets": 0}, "fd2b8c06": {"runs": 11, "balls": 4, "wickets": 0}, "0b581ed6": {"runs": 4, "balls": 8, "wickets": 0}, "aea11d1d": {"runs": 10, "balls": 6, "wickets": 1}, "58fba7cb": {"runs": 1, "balls": 6, "wickets": 0}, "fd43bb69": {"runs": 4, "balls": 3, "wickets": 0}, "02b87bde": {"runs": 4, "balls": 4, "wickets": 1}, "4ec0443d": {"runs": 0, "balls": 6, "wickets": 0}, "8a99caa9": {"runs": 14, "balls": 9, "wickets": 0}, "443d1fd8": {"runs": 2, "balls": 2, "wickets": 1}, "cf0b9a0d": {"runs": 8, "balls": 6, "wickets": 0}, "91c0d39f": {"runs": 21, "balls": 13, "wickets": 0}, "6978bff0": {"runs": 0, "balls": 1, "wickets": 0}, "f97e4db3": {"runs": 5, "balls": 8, "wickets": 0}, "4aad6842": {"runs": 9, "balls": 8, "wickets": 0}, "2fd4669a": {"runs": 4, "balls": 4, "wickets": 0}, "b7824537": {"runs": 2, "balls": 2, "wickets": 0}}, "fifties": 0, "thirties": 4, "centuries": 0, "maidens": 0.0, "hattricks": 0, "club_ODI_previous3_runs": [], "club_ODI_previous3_wickets": [], "club_ODI_previous3_balls played": [], "club_ODI_previous3_overs": [], "club_ODI_previous3_runs gave": [], "club_ODI_lifetime_runs": 0.0, "club_ODI_lifetime_wickets": 0.0, "club_ODI_lifetime_balls played": 0.0, "club_ODI_lifetime_overs": 0.0, "club_ODI_lifetime_runs gave": 0.0, "club_Test_previous3_runs": [], "club_Test_previous3_wickets": [], "club_Test_previous3_balls played": [], "club_Test_previous3_overs": [], "club_Test_previous3_runs gave": [], "club_Test_lifetime_runs": 0.0, "club_Test_lifetime_wickets": 0.0, "club_Test_lifetime_balls played": 0.0, "club_Test_lifetime_overs": 0.0, "club_Test_lifetime_runs gave": 0.0, "club_T20_previous3_runs": [], "club_T20_previous3_wickets": [], "club_T20_previous3_balls played": [], "club_T20_previous3_overs": [], "club_T20_previous3_runs gave": [], "club_T20_lifetime_runs": 0.0, "club_T20_lifetime_wickets": 0.0, "club_T20_lifetime_balls played": 0.0, "club_T20_lifetime_overs": 0.0, "club_T20_lifetime_runs gave": 0.0, "international_ODI_previous3_runs": [], "international_ODI_previous3_wickets": [], "international_ODI_previous3_balls played": [], "international_ODI_previous3_overs": [], "international_ODI_previous3_runs gave": [], "international_ODI_lifetime_runs": 0.0, "international_ODI_lifetime_wickets": 0.0, "international_ODI_lifetime_balls played": 0.0, "international_ODI_lifetime_overs": 0.0, "international_ODI_lifetime_runs gave": 0.0, "international_Test_previous3_runs": [], "international_Test_previous3_wickets": [], "international_Test_previous3_balls played": [], "international_Test_previous3_overs": [], "international_Test_previous3_runs gave": [], "international_Test_lifetime_runs": 0.0, "international_Test_lifetime_wickets": 0.0, "international_Test_lifetime_balls played": 0.0, "international_Test_lifetime_overs": 0.0, "international_Test_lifetime_runs gave": 0.0, "international_T20_previous3_runs": [9.0, 16.0, 49.0], "international_T20_previous3_wickets": [0.0, 0.0, 0.0], "international_T20_previous3_balls played": [13.0, 17.0, 43.0], "international_T20_previous3_overs": [0.0, 0.0, 0.0], "international_T20_previous3_runs gave": [0.0, 0.0, 0.0], "international_T20_lifetime_runs": 417.0, "international_T20_lifetime_wickets": 0.0, "international_T20_lifetime_balls played": 419.0, "international_T20_lifetime_overs": 1.0, "international_T20_lifetime_runs gave": 5.0}