{"played_against": {"dec8e038": {"runs": 0, "balls": 0, "wickets": 0}, "c8a3f688": {"runs": 1, "balls": 4, "wickets": 0}, "6cedad99": {"runs": 4, "balls": 10, "wickets": 0}, "2af28253": {"runs": 19, "balls": 15, "wickets": 0}, "c57fa67e": {"runs": 0, "balls": 1, "wickets": 0}, "269cc4ff": {"runs": 1, "balls": 8, "wickets": 1}, "0e56c514": {"runs": 5, "balls": 8, "wickets": 0}, "42151725": {"runs": 0, "balls": 7, "wickets": 0}, "d76ab352": {"runs": 8, "balls": 10, "wickets": 1}, "cae17490": {"runs": 2, "balls": 6, "wickets": 0}, "658c2e71": {"runs": 6, "balls": 9, "wickets": 0}, "5680f1ad": {"runs": 7, "balls": 16, "wickets": 0}, "49118dc7": {"runs": 2, "balls": 11, "wickets": 0}, "7fa6bd8e": {"runs": 8, "balls": 16, "wickets": 0}, "b64e3749": {"runs": 1, "balls": 1, "wickets": 0}, "5493ad5c": {"runs": 0, "balls": 2, "wickets": 1}, "14810ee7": {"runs": 0, "balls": 3, "wickets": 2}, "9c91218d": {"runs": 2, "balls": 2, "wickets": 0}, "2f6f44bb": {"runs": 8, "balls": 6, "wickets": 0}, "2d5c6e88": {"runs": 7, "balls": 5, "wickets": 1}, "0ee7ede5": {"runs": 2, "balls": 2, "wickets": 0}, "d22287a8": {"runs": 2, "balls": 4, "wickets": 0}, "f06b5585": {"runs": 0, "balls": 1, "wickets": 1}, "e258a603": {"runs": 0, "balls": 1, "wickets": 0}, "bb9b51f4": {"runs": 1, "balls": 1, "wickets": 0}}, "fifties": 0, "thirties": 1, "centuries": 0, "maidens": 0.0, "hattricks": 0, "club_ODI_previous3_runs": [], "club_ODI_previous3_wickets": [], "club_ODI_previous3_balls played": [], "club_ODI_previous3_overs": [], "club_ODI_previous3_runs gave": [], "club_ODI_lifetime_runs": 0.0, "club_ODI_lifetime_wickets": 0.0, "club_ODI_lifetime_balls played": 0.0, "club_ODI_lifetime_overs": 0.0, "club_ODI_lifetime_runs gave": 0.0, "club_Test_previous3_runs": [], "club_Test_previous3_wickets": [], "club_Test_previous3_balls played": [], "club_Test_previous3_overs": [], "club_Test_previous3_runs gave": [], "club_Test_lifetime_runs": 0.0, "club_Test_lifetime_wickets": 0.0, "club_Test_lifetime_balls played": 0.0, "club_Test_lifetime_overs": 0.0, "club_Test_lifetime_runs gave": 0.0, "club_T20_previous3_runs": [], "club_T20_previous3_wickets": [], "club_T20_previous3_balls played": [], "club_T20_previous3_overs": [], "club_T20_previous3_runs gave": [], "club_T20_lifetime_runs": 0.0, "club_T20_lifetime_wickets": 0.0, "club_T20_lifetime_balls played": 0.0, "club_T20_lifetime_overs": 0.0, "club_T20_lifetime_runs gave": 0.0, "international_ODI_previous3_runs": [1.0, 21.0, 39.0], "international_ODI_previous3_wickets": [0.0, 0.0, 0.0], "international_ODI_previous3_balls played": [8.0, 42.0, 63.0], "international_ODI_previous3_overs": [0.8333333333333334, 0.0, 0.0], "international_ODI_previous3_runs gave": [8.0, 0.0, 0.0], "international_ODI_lifetime_runs": 63.0, "international_ODI_lifetime_wickets": 0.0, "international_ODI_lifetime_balls played": 122.0, "international_ODI_lifetime_overs": 0.8333333333333334, "international_ODI_lifetime_runs gave": 8.0, "international_Test_previous3_runs": [], "international_Test_previous3_wickets": [], "international_Test_previous3_balls played": [], "international_Test_previous3_overs": [], "international_Test_previous3_runs gave": [], "international_Test_lifetime_runs": 0.0, "international_Test_lifetime_wickets": 0.0, "international_Test_lifetime_balls played": 0.0, "international_Test_lifetime_overs": 0.0, "international_Test_lifetime_runs gave": 0.0, "international_T20_previous3_runs": [2.0, 0.0, 1.0], "international_T20_previous3_wickets": [2.0, 1.0, 2.0], "international_T20_previous3_balls played": [5.0, 2.0, 4.0], "international_T20_previous3_overs": [4.0, 3.0, 4.0], "international_T20_previous3_runs gave": [22.0, 25.0, 35.0], "international_T20_lifetime_runs": 23.0, "international_T20_lifetime_wickets": 6.0, "international_T20_lifetime_balls played": 30.0, "international_T20_lifetime_overs": 15.0, "international_T20_lifetime_runs gave": 99.0}