{"played_against": {"ad286dcc": {"runs": 10, "balls": 6, "wickets": 0}, "1252f71a": {"runs": 10, "balls": 11, "wickets": 1}, "9f701298": {"runs": 13, "balls": 7, "wickets": 0}, "3a3e7d82": {"runs": 2, "balls": 3, "wickets": 0}, "067bda18": {"runs": 6, "balls": 9, "wickets": 0}, "9789e56e": {"runs": 5, "balls": 8, "wickets": 0}, "5239d782": {"runs": 13, "balls": 11, "wickets": 0}, "5a74e559": {"runs": 10, "balls": 6, "wickets": 0}, "ab01e323": {"runs": 3, "balls": 7, "wickets": 0}, "00cada13": {"runs": 2, "balls": 4, "wickets": 0}, "b082d112": {"runs": 16, "balls": 11, "wickets": 0}, "93cad673": {"runs": 1, "balls": 1, "wickets": 0}, "1a45b864": {"runs": 7, "balls": 2, "wickets": 0}, "03df7a25": {"runs": 8, "balls": 5, "wickets": 1}, "ec33b21a": {"runs": 0, "balls": 1, "wickets": 0}, "a4b810d0": {"runs": 0, "balls": 3, "wickets": 1}, "219cc59e": {"runs": 0, "balls": 1, "wickets": 1}, "819ae1ad": {"runs": 2, "balls": 11, "wickets": 0}, "c5f40e35": {"runs": 9, "balls": 14, "wickets": 0}, "4167f30b": {"runs": 6, "balls": 11, "wickets": 0}, "56c80c90": {"runs": 12, "balls": 13, "wickets": 0}, "cdd875d9": {"runs": 2, "balls": 3, "wickets": 0}, "ad46c747": {"runs": 5, "balls": 8, "wickets": 1}, "2413a688": {"runs": 2, "balls": 3, "wickets": 0}, "1cc0a83d": {"runs": 2, "balls": 3, "wickets": 1}, "f2ab7a69": {"runs": 0, "balls": 1, "wickets": 1}, "ea3d687a": {"runs": 4, "balls": 5, "wickets": 0}, "5899dceb": {"runs": 20, "balls": 15, "wickets": 0}, "5ccdb14f": {"runs": 11, "balls": 7, "wickets": 0}, "0ddbefeb": {"runs": 4, "balls": 4, "wickets": 0}, "e0ac7144": {"runs": 9, "balls": 6, "wickets": 0}, "92205bc7": {"runs": 2, "balls": 3, "wickets": 0}, "5fed6272": {"runs": 3, "balls": 3, "wickets": 0}, "dbb15645": {"runs": 8, "balls": 9, "wickets": 0}, "ba377b40": {"runs": 2, "balls": 3, "wickets": 0}, "b82e3032": {"runs": 3, "balls": 5, "wickets": 0}, "27e60d6e": {"runs": 2, "balls": 2, "wickets": 0}, "6c908ffc": {"runs": 0, "balls": 1, "wickets": 0}, "e05b2a5b": {"runs": 1, "balls": 2, "wickets": 0}, "ac3c3cab": {"runs": 6, "balls": 3, "wickets": 0}, "ed12fcd7": {"runs": 0, "balls": 1, "wickets": 0}, "5a18ed8b": {"runs": 9, "balls": 9, "wickets": 0}, "7d7233a9": {"runs": 12, "balls": 14, "wickets": 0}, "80e44dc5": {"runs": 6, "balls": 7, "wickets": 1}, "a37b5c0a": {"runs": 1, "balls": 1, "wickets": 0}, "3ebb940f": {"runs": 4, "balls": 4, "wickets": 0}, "8ecb0241": {"runs": 0, "balls": 3, "wickets": 0}, "5c86c3c2": {"runs": 2, "balls": 5, "wickets": 0}}, "fifties": 0, "thirties": 3, "centuries": 0, "maidens": 7.0, "hattricks": 1, "club_ODI_previous3_runs": [10.0, 0.0, 0.0], "club_ODI_previous3_wickets": [0.0, 5.0, 1.0], "club_ODI_previous3_balls played": [16.0, 0.0, 0.0], "club_ODI_previous3_overs": [7.0, 8.333333333333334, 9.833333333333334], "club_ODI_previous3_runs gave": [65.0, 31.0, 40.0], "club_ODI_lifetime_runs": 255.0, "club_ODI_lifetime_wickets": 22.0, "club_ODI_lifetime_balls played": 279.0, "club_ODI_lifetime_overs": 124.33333333333333, "club_ODI_lifetime_runs gave": 711.0, "club_Test_previous3_runs": [], "club_Test_previous3_wickets": [], "club_Test_previous3_balls played": [], "club_Test_previous3_overs": [], "club_Test_previous3_runs gave": [], "club_Test_lifetime_runs": 0.0, "club_Test_lifetime_wickets": 0.0, "club_Test_lifetime_balls played": 0.0, "club_Test_lifetime_overs": 0.0, "club_Test_lifetime_runs gave": 0.0, "club_T20_previous3_runs": [], "club_T20_previous3_wickets": [], "club_T20_previous3_balls played": [], "club_T20_previous3_overs": [], "club_T20_previous3_runs gave": [], "club_T20_lifetime_runs": 0.0, "club_T20_lifetime_wickets": 0.0, "club_T20_lifetime_balls played": 0.0, "club_T20_lifetime_overs": 0.0, "club_T20_lifetime_runs gave": 0.0, "international_ODI_previous3_runs": [], "international_ODI_previous3_wickets": [], "international_ODI_previous3_balls played": [], "international_ODI_previous3_overs": [], "international_ODI_previous3_runs gave": [], "international_ODI_lifetime_runs": 0.0, "international_ODI_lifetime_wickets": 0.0, "international_ODI_lifetime_balls played": 0.0, "international_ODI_lifetime_overs": 0.0, "international_ODI_lifetime_runs gave": 0.0, "international_Test_previous3_runs": [], "international_Test_previous3_wickets": [], "international_Test_previous3_balls played": [], "international_Test_previous3_overs": [], "international_Test_previous3_runs gave": [], "international_Test_lifetime_runs": 0.0, "international_Test_lifetime_wickets": 0.0, "international_Test_lifetime_balls played": 0.0, "international_Test_lifetime_overs": 0.0, "international_Test_lifetime_runs gave": 0.0, "international_T20_previous3_runs": [], "international_T20_previous3_wickets": [], "international_T20_previous3_balls played": [], "international_T20_previous3_overs": [], "international_T20_previous3_runs gave": [], "international_T20_lifetime_runs": 0.0, "international_T20_lifetime_wickets": 0.0, "international_T20_lifetime_balls played": 0.0, "international_T20_lifetime_overs": 0.0, "international_T20_lifetime_runs gave": 0.0}