{"played_against": {"1e66c162": {"runs": 0, "balls": 3, "wickets": 0}, "2cdce1be": {"runs": 0, "balls": 7, "wickets": 0}, "783e6111": {"runs": 1, "balls": 2, "wickets": 0}, "d330f9b9": {"runs": 3, "balls": 4, "wickets": 0}, "c7375760": {"runs": 4, "balls": 9, "wickets": 0}, "c2468df1": {"runs": 0, "balls": 1, "wickets": 0}, "fe473dc2": {"runs": 10, "balls": 10, "wickets": 0}, "ae9adf77": {"runs": 9, "balls": 5, "wickets": 0}, "85aae393": {"runs": 2, "balls": 5, "wickets": 0}, "4e57144f": {"runs": 2, "balls": 7, "wickets": 0}, "297b26da": {"runs": 0, "balls": 2, "wickets": 0}, "61a3c20c": {"runs": 0, "balls": 3, "wickets": 1}, "30df8c66": {"runs": 1, "balls": 2, "wickets": 0}, "ad427b5c": {"runs": 0, "balls": 4, "wickets": 1}, "b2a55ac1": {"runs": 0, "balls": 9, "wickets": 1}, "7b5235a6": {"runs": 4, "balls": 2, "wickets": 0}, "a81e957f": {"runs": 1, "balls": 3, "wickets": 0}, "a73f1f24": {"runs": 5, "balls": 4, "wickets": 0}, "145c2a1f": {"runs": 4, "balls": 3, "wickets": 1}}, "fifties": 0, "thirties": 0, "centuries": 0, "maidens": 0.0, "hattricks": 0, "club_ODI_previous3_runs": [], "club_ODI_previous3_wickets": [], "club_ODI_previous3_balls played": [], "club_ODI_previous3_overs": [], "club_ODI_previous3_runs gave": [], "club_ODI_lifetime_runs": 0.0, "club_ODI_lifetime_wickets": 0.0, "club_ODI_lifetime_balls played": 0.0, "club_ODI_lifetime_overs": 0.0, "club_ODI_lifetime_runs gave": 0.0, "club_Test_previous3_runs": [], "club_Test_previous3_wickets": [], "club_Test_previous3_balls played": [], "club_Test_previous3_overs": [], "club_Test_previous3_runs gave": [], "club_Test_lifetime_runs": 0.0, "club_Test_lifetime_wickets": 0.0, "club_Test_lifetime_balls played": 0.0, "club_Test_lifetime_overs": 0.0, "club_Test_lifetime_runs gave": 0.0, "club_T20_previous3_runs": [1.0, 0.0, 14.0], "club_T20_previous3_wickets": [0.0, 0.0, 0.0], "club_T20_previous3_balls played": [6.0, 9.0, 12.0], "club_T20_previous3_overs": [0.0, 0.8333333333333334, 0.0], "club_T20_previous3_runs gave": [0.0, 6.0, 0.0], "club_T20_lifetime_runs": 46.0, "club_T20_lifetime_wickets": 0.0, "club_T20_lifetime_balls played": 87.0, "club_T20_lifetime_overs": 0.8333333333333334, "club_T20_lifetime_runs gave": 6.0, "international_ODI_previous3_runs": [], "international_ODI_previous3_wickets": [], "international_ODI_previous3_balls played": [], "international_ODI_previous3_overs": [], "international_ODI_previous3_runs gave": [], "international_ODI_lifetime_runs": 0.0, "international_ODI_lifetime_wickets": 0.0, "international_ODI_lifetime_balls played": 0.0, "international_ODI_lifetime_overs": 0.0, "international_ODI_lifetime_runs gave": 0.0, "international_Test_previous3_runs": [], "international_Test_previous3_wickets": [], "international_Test_previous3_balls played": [], "international_Test_previous3_overs": [], "international_Test_previous3_runs gave": [], "international_Test_lifetime_runs": 0.0, "international_Test_lifetime_wickets": 0.0, "international_Test_lifetime_balls played": 0.0, "international_Test_lifetime_overs": 0.0, "international_Test_lifetime_runs gave": 0.0, "international_T20_previous3_runs": [], "international_T20_previous3_wickets": [], "international_T20_previous3_balls played": [], "international_T20_previous3_overs": [], "international_T20_previous3_runs gave": [], "international_T20_lifetime_runs": 0.0, "international_T20_lifetime_wickets": 0.0, "international_T20_lifetime_balls played": 0.0, "international_T20_lifetime_overs": 0.0, "international_T20_lifetime_runs gave": 0.0}