{"played_against": {"01d5f279": {"runs": 0, "balls": 4, "wickets": 0}, "98d05440": {"runs": 0, "balls": 3, "wickets": 0}, "63d556ae": {"runs": 0, "balls": 1, "wickets": 1}, "5940df22": {"runs": 0, "balls": 4, "wickets": 0}, "da569a0d": {"runs": 1, "balls": 2, "wickets": 1}, "687e9b96": {"runs": 1, "balls": 2, "wickets": 0}, "958d9f30": {"runs": 12, "balls": 15, "wickets": 1}, "e05fcb17": {"runs": 1, "balls": 2, "wickets": 0}, "f8035c2a": {"runs": 0, "balls": 4, "wickets": 0}, "49f6d023": {"runs": 1, "balls": 2, "wickets": 0}, "2fbb8902": {"runs": 0, "balls": 1, "wickets": 1}, "85b0ccd1": {"runs": 1, "balls": 2, "wickets": 0}, "34b8b1b5": {"runs": 10, "balls": 10, "wickets": 0}, "d754fde8": {"runs": 13, "balls": 5, "wickets": 0}, "b7ccb3c9": {"runs": 0, "balls": 1, "wickets": 1}, "c6e10e5c": {"runs": 2, "balls": 7, "wickets": 0}, "7bbeac6d": {"runs": 0, "balls": 3, "wickets": 1}, "c8a3f688": {"runs": 2, "balls": 4, "wickets": 0}, "52f96571": {"runs": 1, "balls": 1, "wickets": 0}, "f86ce673": {"runs": 0, "balls": 2, "wickets": 1}, "14810ee7": {"runs": 0, "balls": 4, "wickets": 0}, "dab18aa5": {"runs": 0, "balls": 2, "wickets": 0}, "e258a603": {"runs": 0, "balls": 1, "wickets": 0}}, "fifties": 0, "thirties": 0, "centuries": 0, "maidens": 7.0, "hattricks": 2, "club_ODI_previous3_runs": [], "club_ODI_previous3_wickets": [], "club_ODI_previous3_balls played": [], "club_ODI_previous3_overs": [], "club_ODI_previous3_runs gave": [], "club_ODI_lifetime_runs": 0.0, "club_ODI_lifetime_wickets": 0.0, "club_ODI_lifetime_balls played": 0.0, "club_ODI_lifetime_overs": 0.0, "club_ODI_lifetime_runs gave": 0.0, "club_Test_previous3_runs": [], "club_Test_previous3_wickets": [], "club_Test_previous3_balls played": [], "club_Test_previous3_overs": [], "club_Test_previous3_runs gave": [], "club_Test_lifetime_runs": 0.0, "club_Test_lifetime_wickets": 0.0, "club_Test_lifetime_balls played": 0.0, "club_Test_lifetime_overs": 0.0, "club_Test_lifetime_runs gave": 0.0, "club_T20_previous3_runs": [], "club_T20_previous3_wickets": [], "club_T20_previous3_balls played": [], "club_T20_previous3_overs": [], "club_T20_previous3_runs gave": [], "club_T20_lifetime_runs": 0.0, "club_T20_lifetime_wickets": 0.0, "club_T20_lifetime_balls played": 0.0, "club_T20_lifetime_overs": 0.0, "club_T20_lifetime_runs gave": 0.0, "international_ODI_previous3_runs": [24.0, 0.0, 0.0], "international_ODI_previous3_wickets": [0.0, 0.0, 1.0], "international_ODI_previous3_balls played": [17.0, 1.0, 0.0], "international_ODI_previous3_overs": [10.0, 10.0, 9.666666666666668], "international_ODI_previous3_runs gave": [69.0, 47.0, 60.0], "international_ODI_lifetime_runs": 40.0, "international_ODI_lifetime_wickets": 4.0, "international_ODI_lifetime_balls played": 59.0, "international_ODI_lifetime_overs": 83.66666666666667, "international_ODI_lifetime_runs gave": 420.0, "international_Test_previous3_runs": [], "international_Test_previous3_wickets": [], "international_Test_previous3_balls played": [], "international_Test_previous3_overs": [], "international_Test_previous3_runs gave": [], "international_Test_lifetime_runs": 0.0, "international_Test_lifetime_wickets": 0.0, "international_Test_lifetime_balls played": 0.0, "international_Test_lifetime_overs": 0.0, "international_Test_lifetime_runs gave": 0.0, "international_T20_previous3_runs": [0.0, 0.0, 0.0], "international_T20_previous3_wickets": [3.0, 0.0, 0.0], "international_T20_previous3_balls played": [4.0, 2.0, 1.0], "international_T20_previous3_overs": [4.0, 3.8333333333333335, 3.0], "international_T20_previous3_runs gave": [45.0, 30.0, 22.0], "international_T20_lifetime_runs": 5.0, "international_T20_lifetime_wickets": 10.0, "international_T20_lifetime_balls played": 24.0, "international_T20_lifetime_overs": 36.833333333333336, "international_T20_lifetime_runs gave": 225.0}