{"played_against": {"906b7d48": {"runs": 7, "balls": 4, "wickets": 1}, "eb0f2802": {"runs": 1, "balls": 2, "wickets": 0}, "5de198db": {"runs": 0, "balls": 1, "wickets": 0}, "027662be": {"runs": 5, "balls": 5, "wickets": 0}, "e2abcf16": {"runs": 7, "balls": 7, "wickets": 0}, "138e30ab": {"runs": 9, "balls": 5, "wickets": 0}, "4d21a67a": {"runs": 4, "balls": 3, "wickets": 0}}, "fifties": 0, "thirties": 0, "centuries": 0, "maidens": 0.0, "hattricks": 0, "club_ODI_previous3_runs": [], "club_ODI_previous3_wickets": [], "club_ODI_previous3_balls played": [], "club_ODI_previous3_overs": [], "club_ODI_previous3_runs gave": [], "club_ODI_lifetime_runs": 0.0, "club_ODI_lifetime_wickets": 0.0, "club_ODI_lifetime_balls played": 0.0, "club_ODI_lifetime_overs": 0.0, "club_ODI_lifetime_runs gave": 0.0, "club_Test_previous3_runs": [], "club_Test_previous3_wickets": [], "club_Test_previous3_balls played": [], "club_Test_previous3_overs": [], "club_Test_previous3_runs gave": [], "club_Test_lifetime_runs": 0.0, "club_Test_lifetime_wickets": 0.0, "club_Test_lifetime_balls played": 0.0, "club_Test_lifetime_overs": 0.0, "club_Test_lifetime_runs gave": 0.0, "club_T20_previous3_runs": [], "club_T20_previous3_wickets": [], "club_T20_previous3_balls played": [], "club_T20_previous3_overs": [], "club_T20_previous3_runs gave": [], "club_T20_lifetime_runs": 0.0, "club_T20_lifetime_wickets": 0.0, "club_T20_lifetime_balls played": 0.0, "club_T20_lifetime_overs": 0.0, "club_T20_lifetime_runs gave": 0.0, "international_ODI_previous3_runs": [], "international_ODI_previous3_wickets": [], "international_ODI_previous3_balls played": [], "international_ODI_previous3_overs": [], "international_ODI_previous3_runs gave": [], "international_ODI_lifetime_runs": 0.0, "international_ODI_lifetime_wickets": 0.0, "international_ODI_lifetime_balls played": 0.0, "international_ODI_lifetime_overs": 0.0, "international_ODI_lifetime_runs gave": 0.0, "international_Test_previous3_runs": [], "international_Test_previous3_wickets": [], "international_Test_previous3_balls played": [], "international_Test_previous3_overs": [], "international_Test_previous3_runs gave": [], "international_Test_lifetime_runs": 0.0, "international_Test_lifetime_wickets": 0.0, "international_Test_lifetime_balls played": 0.0, "international_Test_lifetime_overs": 0.0, "international_Test_lifetime_runs gave": 0.0, "international_T20_previous3_runs": [0.0, 25.0, 0.0], "international_T20_previous3_wickets": [0.0, 1.0, 1.0], "international_T20_previous3_balls played": [1.0, 20.0, 0.0], "international_T20_previous3_overs": [2.0, 2.8333333333333335, 3.0], "international_T20_previous3_runs gave": [16.0, 31.0, 18.0], "international_T20_lifetime_runs": 33.0, "international_T20_lifetime_wickets": 4.0, "international_T20_lifetime_balls played": 27.0, "international_T20_lifetime_overs": 15.833333333333334, "international_T20_lifetime_runs gave": 118.0}