{"played_against": {"ba57fb08": {"runs": 23, "balls": 15, "wickets": 1}, "f99a219a": {"runs": 24, "balls": 25, "wickets": 2}, "3a82673c": {"runs": 24, "balls": 10, "wickets": 0}, "8088632c": {"runs": 19, "balls": 7, "wickets": 0}, "9ccb6e52": {"runs": 20, "balls": 22, "wickets": 1}, "e73f6c4b": {"runs": 13, "balls": 15, "wickets": 0}, "2dcac6ff": {"runs": 20, "balls": 10, "wickets": 1}, "1f3b9f8d": {"runs": 30, "balls": 23, "wickets": 1}, "34e36b65": {"runs": 30, "balls": 15, "wickets": 0}, "91056862": {"runs": 4, "balls": 5, "wickets": 3}, "3ac13a94": {"runs": 31, "balls": 30, "wickets": 2}, "0848ac5f": {"runs": 7, "balls": 6, "wickets": 0}, "29ee9bf9": {"runs": 3, "balls": 7, "wickets": 1}, "9238dd92": {"runs": 12, "balls": 10, "wickets": 0}, "bbab35a3": {"runs": 8, "balls": 5, "wickets": 1}, "1b77c4c6": {"runs": 13, "balls": 4, "wickets": 1}, "d3eedb51": {"runs": 7, "balls": 7, "wickets": 0}, "bfc7799f": {"runs": 20, "balls": 12, "wickets": 0}, "f58295c2": {"runs": 2, "balls": 3, "wickets": 0}, "eb4f9c61": {"runs": 4, "balls": 2, "wickets": 1}, "e6bf8162": {"runs": 0, "balls": 5, "wickets": 1}}, "fifties": 0, "thirties": 4, "centuries": 0, "maidens": 0.0, "hattricks": 0, "club_ODI_previous3_runs": [], "club_ODI_previous3_wickets": [], "club_ODI_previous3_balls played": [], "club_ODI_previous3_overs": [], "club_ODI_previous3_runs gave": [], "club_ODI_lifetime_runs": 0.0, "club_ODI_lifetime_wickets": 0.0, "club_ODI_lifetime_balls played": 0.0, "club_ODI_lifetime_overs": 0.0, "club_ODI_lifetime_runs gave": 0.0, "club_Test_previous3_runs": [], "club_Test_previous3_wickets": [], "club_Test_previous3_balls played": [], "club_Test_previous3_overs": [], "club_Test_previous3_runs gave": [], "club_Test_lifetime_runs": 0.0, "club_Test_lifetime_wickets": 0.0, "club_Test_lifetime_balls played": 0.0, "club_Test_lifetime_overs": 0.0, "club_Test_lifetime_runs gave": 0.0, "club_T20_previous3_runs": [], "club_T20_previous3_wickets": [], "club_T20_previous3_balls played": [], "club_T20_previous3_overs": [], "club_T20_previous3_runs gave": [], "club_T20_lifetime_runs": 0.0, "club_T20_lifetime_wickets": 0.0, "club_T20_lifetime_balls played": 0.0, "club_T20_lifetime_overs": 0.0, "club_T20_lifetime_runs gave": 0.0, "international_ODI_previous3_runs": [], "international_ODI_previous3_wickets": [], "international_ODI_previous3_balls played": [], "international_ODI_previous3_overs": [], "international_ODI_previous3_runs gave": [], "international_ODI_lifetime_runs": 0.0, "international_ODI_lifetime_wickets": 0.0, "international_ODI_lifetime_balls played": 0.0, "international_ODI_lifetime_overs": 0.0, "international_ODI_lifetime_runs gave": 0.0, "international_Test_previous3_runs": [], "international_Test_previous3_wickets": [], "international_Test_previous3_balls played": [], "international_Test_previous3_overs": [], "international_Test_previous3_runs gave": [], "international_Test_lifetime_runs": 0.0, "international_Test_lifetime_wickets": 0.0, "international_Test_lifetime_balls played": 0.0, "international_Test_lifetime_overs": 0.0, "international_Test_lifetime_runs gave": 0.0, "international_T20_previous3_runs": [8.0, 4.0, 0.0], "international_T20_previous3_wickets": [0.0, 0.0, 0.0], "international_T20_previous3_balls played": [6.0, 2.0, 5.0], "international_T20_previous3_overs": [0.0, 0.0, 0.0], "international_T20_previous3_runs gave": [0.0, 0.0, 0.0], "international_T20_lifetime_runs": 314.0, "international_T20_lifetime_wickets": 0.0, "international_T20_lifetime_balls played": 242.0, "international_T20_lifetime_overs": 0.0, "international_T20_lifetime_runs gave": 0.0}