{"played_against": {"40d1b7bd": {"runs": 0, "balls": 1, "wickets": 0}, "74ed1b5f": {"runs": 2, "balls": 2, "wickets": 0}, "a6898f7a": {"runs": 3, "balls": 5, "wickets": 0}, "c7e59109": {"runs": 1, "balls": 5, "wickets": 0}, "fa9fdefa": {"runs": 0, "balls": 2, "wickets": 0}, "7ec52f4a": {"runs": 1, "balls": 1, "wickets": 0}, "abba64cd": {"runs": 1, "balls": 4, "wickets": 0}, "11d0079f": {"runs": 6, "balls": 4, "wickets": 0}, "9be80ea0": {"runs": 0, "balls": 3, "wickets": 0}, "6bcefc6e": {"runs": 0, "balls": 2, "wickets": 1}, "52a0e81d": {"runs": 1, "balls": 1, "wickets": 0}, "c7fa1e4c": {"runs": 0, "balls": 2, "wickets": 1}, "7e7d2fe5": {"runs": 10, "balls": 14, "wickets": 0}, "026b815f": {"runs": 0, "balls": 1, "wickets": 0}, "c1a0cebe": {"runs": 1, "balls": 1, "wickets": 0}, "b84718fd": {"runs": 6, "balls": 5, "wickets": 0}, "ffa296f7": {"runs": 5, "balls": 4, "wickets": 0}, "6d972d02": {"runs": 4, "balls": 2, "wickets": 0}, "6083f332": {"runs": 0, "balls": 7, "wickets": 1}, "261fddca": {"runs": 1, "balls": 1, "wickets": 0}, "c982ad6f": {"runs": 3, "balls": 5, "wickets": 0}, "5145239b": {"runs": 2, "balls": 2, "wickets": 0}, "781f1a40": {"runs": 1, "balls": 3, "wickets": 0}, "537cc79f": {"runs": 0, "balls": 0, "wickets": 0}, "eea862f6": {"runs": 1, "balls": 1, "wickets": 0}, "9ea555a4": {"runs": 0, "balls": 2, "wickets": 1}}, "fifties": 0, "thirties": 0, "centuries": 0, "maidens": 0.0, "hattricks": 0, "club_ODI_previous3_runs": [], "club_ODI_previous3_wickets": [], "club_ODI_previous3_balls played": [], "club_ODI_previous3_overs": [], "club_ODI_previous3_runs gave": [], "club_ODI_lifetime_runs": 0.0, "club_ODI_lifetime_wickets": 0.0, "club_ODI_lifetime_balls played": 0.0, "club_ODI_lifetime_overs": 0.0, "club_ODI_lifetime_runs gave": 0.0, "club_Test_previous3_runs": [], "club_Test_previous3_wickets": [], "club_Test_previous3_balls played": [], "club_Test_previous3_overs": [], "club_Test_previous3_runs gave": [], "club_Test_lifetime_runs": 0.0, "club_Test_lifetime_wickets": 0.0, "club_Test_lifetime_balls played": 0.0, "club_Test_lifetime_overs": 0.0, "club_Test_lifetime_runs gave": 0.0, "club_T20_previous3_runs": [], "club_T20_previous3_wickets": [], "club_T20_previous3_balls played": [], "club_T20_previous3_overs": [], "club_T20_previous3_runs gave": [], "club_T20_lifetime_runs": 0.0, "club_T20_lifetime_wickets": 0.0, "club_T20_lifetime_balls played": 0.0, "club_T20_lifetime_overs": 0.0, "club_T20_lifetime_runs gave": 0.0, "international_ODI_previous3_runs": [], "international_ODI_previous3_wickets": [], "international_ODI_previous3_balls played": [], "international_ODI_previous3_overs": [], "international_ODI_previous3_runs gave": [], "international_ODI_lifetime_runs": 0.0, "international_ODI_lifetime_wickets": 0.0, "international_ODI_lifetime_balls played": 0.0, "international_ODI_lifetime_overs": 0.0, "international_ODI_lifetime_runs gave": 0.0, "international_Test_previous3_runs": [], "international_Test_previous3_wickets": [], "international_Test_previous3_balls played": [], "international_Test_previous3_overs": [], "international_Test_previous3_runs gave": [], "international_Test_lifetime_runs": 0.0, "international_Test_lifetime_wickets": 0.0, "international_Test_lifetime_balls played": 0.0, "international_Test_lifetime_overs": 0.0, "international_Test_lifetime_runs gave": 0.0, "international_T20_previous3_runs": [4.0, 8.0, 0.0], "international_T20_previous3_wickets": [0.0, 1.0, 2.0], "international_T20_previous3_balls played": [9.0, 9.0, 5.0], "international_T20_previous3_overs": [2.0, 3.0, 4.0], "international_T20_previous3_runs gave": [17.0, 19.0, 16.0], "international_T20_lifetime_runs": 49.0, "international_T20_lifetime_wickets": 8.0, "international_T20_lifetime_balls played": 81.0, "international_T20_lifetime_overs": 33.0, "international_T20_lifetime_runs gave": 199.0}