{"played_against": {"4ba0289e": {"runs": 0, "balls": 1, "wickets": 0}, "287ed3a0": {"runs": 1, "balls": 2, "wickets": 1}, "be150fc8": {"runs": 6, "balls": 4, "wickets": 0}, "15f609ed": {"runs": 0, "balls": 0, "wickets": 0}, "89bbc67a": {"runs": 2, "balls": 2, "wickets": 0}, "e5b17517": {"runs": 7, "balls": 14, "wickets": 2}, "708584cf": {"runs": 29, "balls": 48, "wickets": 0}, "78fd864b": {"runs": 14, "balls": 25, "wickets": 0}, "a6fb56d4": {"runs": 9, "balls": 11, "wickets": 0}, "eaeaf575": {"runs": 0, "balls": 2, "wickets": 0}, "fb192f98": {"runs": 5, "balls": 22, "wickets": 2}, "b5c83d22": {"runs": 23, "balls": 29, "wickets": 0}, "8f30d191": {"runs": 15, "balls": 26, "wickets": 2}, "f13d3eba": {"runs": 10, "balls": 14, "wickets": 1}, "b4e026de": {"runs": 2, "balls": 7, "wickets": 0}, "8d742853": {"runs": 0, "balls": 2, "wickets": 1}, "091a7550": {"runs": 4, "balls": 8, "wickets": 0}, "5b77e287": {"runs": 10, "balls": 9, "wickets": 0}, "00823a96": {"runs": 0, "balls": 1, "wickets": 0}, "b074cd46": {"runs": 5, "balls": 12, "wickets": 0}, "7156272d": {"runs": 8, "balls": 8, "wickets": 0}, "340202b0": {"runs": 8, "balls": 15, "wickets": 1}, "3a9b3866": {"runs": 5, "balls": 9, "wickets": 0}, "d2763568": {"runs": 6, "balls": 5, "wickets": 0}, "a6aea235": {"runs": 3, "balls": 7, "wickets": 1}, "31adb911": {"runs": 1, "balls": 3, "wickets": 1}, "de0b7c56": {"runs": 5, "balls": 5, "wickets": 0}, "184512d1": {"runs": 1, "balls": 3, "wickets": 0}, "8a452195": {"runs": 7, "balls": 4, "wickets": 0}, "a156f06e": {"runs": 1, "balls": 2, "wickets": 0}, "d23c808d": {"runs": 4, "balls": 9, "wickets": 0}, "588360ee": {"runs": 0, "balls": 5, "wickets": 1}, "f05167d2": {"runs": 9, "balls": 10, "wickets": 0}, "faacb85b": {"runs": 14, "balls": 7, "wickets": 0}, "d12c8445": {"runs": 1, "balls": 1, "wickets": 0}, "b3ccffff": {"runs": 0, "balls": 3, "wickets": 1}, "507acf2e": {"runs": 5, "balls": 3, "wickets": 0}, "9b73d523": {"runs": 6, "balls": 9, "wickets": 0}, "bf5e7711": {"runs": 1, "balls": 1, "wickets": 0}, "c6625a26": {"runs": 0, "balls": 1, "wickets": 0}, "8ae7bb3e": {"runs": 6, "balls": 13, "wickets": 1}, "e3a93585": {"runs": 4, "balls": 12, "wickets": 0}, "cefad9fd": {"runs": 16, "balls": 12, "wickets": 0}, "54719239": {"runs": 6, "balls": 7, "wickets": 1}, "db362015": {"runs": 2, "balls": 4, "wickets": 0}, "091001f8": {"runs": 5, "balls": 5, "wickets": 0}, "3e84f2ec": {"runs": 1, "balls": 3, "wickets": 0}}, "fifties": 0, "thirties": 3, "centuries": 0, "maidens": 0.0, "hattricks": 0, "club_ODI_previous3_runs": [41.0, 8.0, 8.0], "club_ODI_previous3_wickets": [0.0, 0.0, 0.0], "club_ODI_previous3_balls played": [47.0, 17.0, 14.0], "club_ODI_previous3_overs": [0.0, 0.0, 0.0], "club_ODI_previous3_runs gave": [0.0, 0.0, 0.0], "club_ODI_lifetime_runs": 203.0, "club_ODI_lifetime_wickets": 0.0, "club_ODI_lifetime_balls played": 322.0, "club_ODI_lifetime_overs": 0.0, "club_ODI_lifetime_runs gave": 0.0, "club_Test_previous3_runs": [], "club_Test_previous3_wickets": [], "club_Test_previous3_balls played": [], "club_Test_previous3_overs": [], "club_Test_previous3_runs gave": [], "club_Test_lifetime_runs": 0.0, "club_Test_lifetime_wickets": 0.0, "club_Test_lifetime_balls played": 0.0, "club_Test_lifetime_overs": 0.0, "club_Test_lifetime_runs gave": 0.0, "club_T20_previous3_runs": [6.0, 11.0, 0.0], "club_T20_previous3_wickets": [0.0, 0.0, 0.0], "club_T20_previous3_balls played": [4.0, 16.0, 2.0], "club_T20_previous3_overs": [0.0, 0.0, 0.0], "club_T20_previous3_runs gave": [0.0, 0.0, 0.0], "club_T20_lifetime_runs": 64.0, "club_T20_lifetime_wickets": 0.0, "club_T20_lifetime_balls played": 89.0, "club_T20_lifetime_overs": 0.0, "club_T20_lifetime_runs gave": 0.0, "international_ODI_previous3_runs": [], "international_ODI_previous3_wickets": [], "international_ODI_previous3_balls played": [], "international_ODI_previous3_overs": [], "international_ODI_previous3_runs gave": [], "international_ODI_lifetime_runs": 0.0, "international_ODI_lifetime_wickets": 0.0, "international_ODI_lifetime_balls played": 0.0, "international_ODI_lifetime_overs": 0.0, "international_ODI_lifetime_runs gave": 0.0, "international_Test_previous3_runs": [], "international_Test_previous3_wickets": [], "international_Test_previous3_balls played": [], "international_Test_previous3_overs": [], "international_Test_previous3_runs gave": [], "international_Test_lifetime_runs": 0.0, "international_Test_lifetime_wickets": 0.0, "international_Test_lifetime_balls played": 0.0, "international_Test_lifetime_overs": 0.0, "international_Test_lifetime_runs gave": 0.0, "international_T20_previous3_runs": [], "international_T20_previous3_wickets": [], "international_T20_previous3_balls played": [], "international_T20_previous3_overs": [], "international_T20_previous3_runs gave": [], "international_T20_lifetime_runs": 0.0, "international_T20_lifetime_wickets": 0.0, "international_T20_lifetime_balls played": 0.0, "international_T20_lifetime_overs": 0.0, "international_T20_lifetime_runs gave": 0.0}