{"played_against": {"1f3e6df4": {"runs": 2, "balls": 17, "wickets": 1}, "95389a96": {"runs": 1, "balls": 1, "wickets": 0}, "c53500ba": {"runs": 2, "balls": 6, "wickets": 0}, "4add4c98": {"runs": 5, "balls": 11, "wickets": 0}, "b426ff49": {"runs": 14, "balls": 24, "wickets": 1}, "71686118": {"runs": 7, "balls": 8, "wickets": 1}, "25ef10a2": {"runs": 1, "balls": 3, "wickets": 0}, "28574428": {"runs": 4, "balls": 1, "wickets": 0}, "04f0d409": {"runs": 25, "balls": 10, "wickets": 0}, "746fd7bf": {"runs": 3, "balls": 4, "wickets": 0}, "33e72826": {"runs": 6, "balls": 4, "wickets": 0}, "76903be1": {"runs": 0, "balls": 1, "wickets": 1}, "856cbb1e": {"runs": 2, "balls": 6, "wickets": 1}, "b9fd3959": {"runs": 2, "balls": 3, "wickets": 0}, "5cbeb83d": {"runs": 15, "balls": 17, "wickets": 1}, "c65e0275": {"runs": 22, "balls": 19, "wickets": 0}, "87ead66e": {"runs": 3, "balls": 8, "wickets": 0}, "6cb83e8c": {"runs": 5, "balls": 5, "wickets": 0}, "92593de0": {"runs": 9, "balls": 9, "wickets": 0}, "c39ee9e0": {"runs": 17, "balls": 10, "wickets": 0}, "b858d6a7": {"runs": 12, "balls": 8, "wickets": 0}, "72a7dcb5": {"runs": 4, "balls": 11, "wickets": 0}, "1975849e": {"runs": 25, "balls": 10, "wickets": 0}, "286fab38": {"runs": 17, "balls": 5, "wickets": 0}, "e454c356": {"runs": 6, "balls": 5, "wickets": 0}, "f20e7aac": {"runs": 0, "balls": 1, "wickets": 0}, "e553e27f": {"runs": 0, "balls": 2, "wickets": 1}, "c426da8b": {"runs": 7, "balls": 5, "wickets": 0}, "3e06e7ac": {"runs": 2, "balls": 6, "wickets": 0}, "a9ddd37d": {"runs": 5, "balls": 6, "wickets": 0}, "15c766c3": {"runs": 1, "balls": 2, "wickets": 1}, "c10747c3": {"runs": 2, "balls": 3, "wickets": 0}, "119007ef": {"runs": 5, "balls": 10, "wickets": 0}, "55e0d2a1": {"runs": 10, "balls": 11, "wickets": 1}, "617229bc": {"runs": 4, "balls": 8, "wickets": 0}, "a390cdd7": {"runs": 7, "balls": 7, "wickets": 1}, "a9a18e3e": {"runs": 14, "balls": 14, "wickets": 0}, "a7d6c101": {"runs": 7, "balls": 5, "wickets": 0}, "aa76333b": {"runs": 6, "balls": 6, "wickets": 0}, "328cca93": {"runs": 4, "balls": 6, "wickets": 1}, "d1988788": {"runs": 1, "balls": 3, "wickets": 0}, "0226b73a": {"runs": 0, "balls": 1, "wickets": 1}, "d2ec068c": {"runs": 1, "balls": 1, "wickets": 0}, "f104c434": {"runs": 9, "balls": 4, "wickets": 0}, "415d30b6": {"runs": 1, "balls": 2, "wickets": 0}, "dc60abdc": {"runs": 0, "balls": 0, "wickets": 0}, "296358c9": {"runs": 1, "balls": 2, "wickets": 0}, "c9d05f1a": {"runs": 2, "balls": 2, "wickets": 0}, "384cebed": {"runs": 2, "balls": 2, "wickets": 0}, "db95ddeb": {"runs": 8, "balls": 5, "wickets": 0}, "1e569fb0": {"runs": 2, "balls": 2, "wickets": 1}, "0cfb42b5": {"runs": 2, "balls": 3, "wickets": 0}, "e741ed8f": {"runs": 2, "balls": 4, "wickets": 0}, "bd9fbd51": {"runs": 5, "balls": 7, "wickets": 0}, "dcdb87f2": {"runs": 1, "balls": 2, "wickets": 0}, "e29e9c12": {"runs": 0, "balls": 2, "wickets": 0}, "38189be1": {"runs": 7, "balls": 13, "wickets": 0}, "2c6052a6": {"runs": 4, "balls": 5, "wickets": 0}, "28b99edd": {"runs": 6, "balls": 11, "wickets": 0}, "95bd9407": {"runs": 10, "balls": 7, "wickets": 0}, "8de618ab": {"runs": 1, "balls": 3, "wickets": 1}, "b67af1c4": {"runs": 1, "balls": 1, "wickets": 0}, "6e991bd4": {"runs": 17, "balls": 16, "wickets": 0}, "df3947f4": {"runs": 3, "balls": 3, "wickets": 0}, "7bb926a7": {"runs": 19, "balls": 14, "wickets": 0}, "c6e1354c": {"runs": 5, "balls": 11, "wickets": 0}, "1a8f879b": {"runs": 7, "balls": 10, "wickets": 0}, "219a417a": {"runs": 6, "balls": 8, "wickets": 0}, "0b581ed6": {"runs": 3, "balls": 5, "wickets": 0}, "42bf1b7d": {"runs": 0, "balls": 2, "wickets": 1}, "d7e51f87": {"runs": 11, "balls": 19, "wickets": 1}, "3e6e9a5f": {"runs": 4, "balls": 7, "wickets": 0}, "49118dc7": {"runs": 6, "balls": 7, "wickets": 0}, "eb4f9c61": {"runs": 5, "balls": 7, "wickets": 0}, "2af28253": {"runs": 5, "balls": 11, "wickets": 0}, "7fa6bd8e": {"runs": 5, "balls": 3, "wickets": 0}, "4d1ec7eb": {"runs": 0, "balls": 8, "wickets": 1}}, "fifties": 0, "thirties": 4, "centuries": 0, "maidens": 4.0, "hattricks": 0, "club_ODI_previous3_runs": [], "club_ODI_previous3_wickets": [], "club_ODI_previous3_balls played": [], "club_ODI_previous3_overs": [], "club_ODI_previous3_runs gave": [], "club_ODI_lifetime_runs": 0.0, "club_ODI_lifetime_wickets": 0.0, "club_ODI_lifetime_balls played": 0.0, "club_ODI_lifetime_overs": 0.0, "club_ODI_lifetime_runs gave": 0.0, "club_Test_previous3_runs": [], "club_Test_previous3_wickets": [], "club_Test_previous3_balls played": [], "club_Test_previous3_overs": [], "club_Test_previous3_runs gave": [], "club_Test_lifetime_runs": 0.0, "club_Test_lifetime_wickets": 0.0, "club_Test_lifetime_balls played": 0.0, "club_Test_lifetime_overs": 0.0, "club_Test_lifetime_runs gave": 0.0, "club_T20_previous3_runs": [], "club_T20_previous3_wickets": [], "club_T20_previous3_balls played": [], "club_T20_previous3_overs": [], "club_T20_previous3_runs gave": [], "club_T20_lifetime_runs": 0.0, "club_T20_lifetime_wickets": 0.0, "club_T20_lifetime_balls played": 0.0, "club_T20_lifetime_overs": 0.0, "club_T20_lifetime_runs gave": 0.0, "international_ODI_previous3_runs": [3.0, 36.0, 0.0], "international_ODI_previous3_wickets": [0.0, 0.0, 0.0], "international_ODI_previous3_balls played": [7.0, 54.0, 8.0], "international_ODI_previous3_overs": [2.0, 0.0, 0.0], "international_ODI_previous3_runs gave": [20.0, 0.0, 0.0], "international_ODI_lifetime_runs": 317.0, "international_ODI_lifetime_wickets": 2.0, "international_ODI_lifetime_balls played": 358.0, "international_ODI_lifetime_overs": 21.833333333333336, "international_ODI_lifetime_runs gave": 87.0, "international_Test_previous3_runs": [], "international_Test_previous3_wickets": [], "international_Test_previous3_balls played": [], "international_Test_previous3_overs": [], "international_Test_previous3_runs gave": [], "international_Test_lifetime_runs": 0.0, "international_Test_lifetime_wickets": 0.0, "international_Test_lifetime_balls played": 0.0, "international_Test_lifetime_overs": 0.0, "international_Test_lifetime_runs gave": 0.0, "international_T20_previous3_runs": [13.0, 13.0, 6.0], "international_T20_previous3_wickets": [0.0, 0.0, 0.0], "international_T20_previous3_balls played": [13.0, 18.0, 11.0], "international_T20_previous3_overs": [0.0, 0.0, 0.0], "international_T20_previous3_runs gave": [0.0, 0.0, 0.0], "international_T20_lifetime_runs": 128.0, "international_T20_lifetime_wickets": 0.0, "international_T20_lifetime_balls played": 156.0, "international_T20_lifetime_overs": 0.0, "international_T20_lifetime_runs gave": 0.0}