{"played_against": {"caf69bf7": {"runs": 4, "balls": 10, "wickets": 0}, "45c2196c": {"runs": 13, "balls": 6, "wickets": 0}, "3540beff": {"runs": 6, "balls": 4, "wickets": 0}, "1a2676c5": {"runs": 0, "balls": 2, "wickets": 2}, "808f425a": {"runs": 4, "balls": 5, "wickets": 1}, "1558d83b": {"runs": 13, "balls": 9, "wickets": 0}, "51a3c5ef": {"runs": 4, "balls": 4, "wickets": 1}, "0164b064": {"runs": 7, "balls": 34, "wickets": 2}, "6834d1f2": {"runs": 9, "balls": 11, "wickets": 0}, "2c7ac4b9": {"runs": 18, "balls": 42, "wickets": 1}, "029c4618": {"runs": 8, "balls": 20, "wickets": 0}, "e7dd5eca": {"runs": 13, "balls": 18, "wickets": 0}, "64775749": {"runs": 12, "balls": 26, "wickets": 0}, "1b04e02b": {"runs": 3, "balls": 14, "wickets": 1}, "6c87f1df": {"runs": 19, "balls": 65, "wickets": 0}, "208f22ea": {"runs": 28, "balls": 83, "wickets": 2}, "f048bb41": {"runs": 7, "balls": 50, "wickets": 2}, "616a8149": {"runs": 17, "balls": 27, "wickets": 0}, "12b610c2": {"runs": 10, "balls": 41, "wickets": 0}, "2318ba22": {"runs": 10, "balls": 7, "wickets": 0}, "e1b9f3a9": {"runs": 1, "balls": 1, "wickets": 0}, "5f547c8b": {"runs": 4, "balls": 6, "wickets": 0}, "b2a79f17": {"runs": 4, "balls": 5, "wickets": 0}, "137e7065": {"runs": 13, "balls": 8, "wickets": 0}, "c995d726": {"runs": 5, "balls": 2, "wickets": 0}, "19b9f399": {"runs": 2, "balls": 2, "wickets": 0}, "22ae3041": {"runs": 10, "balls": 5, "wickets": 0}, "45f56920": {"runs": 2, "balls": 4, "wickets": 0}, "87e562a9": {"runs": 1, "balls": 2, "wickets": 0}, "9a963804": {"runs": 1, "balls": 1, "wickets": 0}, "e1a867df": {"runs": 12, "balls": 27, "wickets": 2}, "770ae773": {"runs": 7, "balls": 41, "wickets": 0}, "479f9b04": {"runs": 7, "balls": 27, "wickets": 1}, "bc773eeb": {"runs": 7, "balls": 4, "wickets": 0}, "72075ec1": {"runs": 7, "balls": 19, "wickets": 0}, "c41043e6": {"runs": 8, "balls": 20, "wickets": 0}, "5056011d": {"runs": 4, "balls": 3, "wickets": 0}, "68e26ec9": {"runs": 8, "balls": 15, "wickets": 0}, "b03303ca": {"runs": 4, "balls": 8, "wickets": 0}, "d9273ee7": {"runs": 1, "balls": 13, "wickets": 0}, "782b4a8e": {"runs": 5, "balls": 5, "wickets": 0}, "7c8f533d": {"runs": 10, "balls": 16, "wickets": 0}, "8f3fde65": {"runs": 5, "balls": 14, "wickets": 0}, "272fc5ad": {"runs": 0, "balls": 6, "wickets": 1}, "96a6a7ad": {"runs": 0, "balls": 20, "wickets": 0}, "898e628d": {"runs": 14, "balls": 55, "wickets": 1}, "903560ed": {"runs": 13, "balls": 54, "wickets": 0}, "86b4bf88": {"runs": 18, "balls": 78, "wickets": 0}, "f1c61793": {"runs": 0, "balls": 3, "wickets": 0}, "fa433be6": {"runs": 1, "balls": 2, "wickets": 0}}, "fifties": 0, "thirties": 5, "centuries": 0, "maidens": 14.0, "hattricks": 0, "club_ODI_previous3_runs": [], "club_ODI_previous3_wickets": [], "club_ODI_previous3_balls played": [], "club_ODI_previous3_overs": [], "club_ODI_previous3_runs gave": [], "club_ODI_lifetime_runs": 0.0, "club_ODI_lifetime_wickets": 0.0, "club_ODI_lifetime_balls played": 0.0, "club_ODI_lifetime_overs": 0.0, "club_ODI_lifetime_runs gave": 0.0, "club_Test_previous3_runs": [37.0, 8.0, 49.0], "club_Test_previous3_wickets": [1.0, 0.0, 0.0], "club_Test_previous3_balls played": [81.0, 54.0, 217.0], "club_Test_previous3_overs": [20.0, 25.0, 12.0], "club_Test_previous3_runs gave": [50.0, 89.0, 75.0], "club_Test_lifetime_runs": 277.0, "club_Test_lifetime_wickets": 4.0, "club_Test_lifetime_balls played": 850.0, "club_Test_lifetime_overs": 103.0, "club_Test_lifetime_runs gave": 329.0, "club_T20_previous3_runs": [0.0, 2.0, 3.0], "club_T20_previous3_wickets": [0.0, 0.0, 0.0], "club_T20_previous3_balls played": [0.0, 3.0, 3.0], "club_T20_previous3_overs": [0.0, 0.0, 1.0], "club_T20_previous3_runs gave": [0.0, 0.0, 7.0], "club_T20_lifetime_runs": 102.0, "club_T20_lifetime_wickets": 0.0, "club_T20_lifetime_balls played": 103.0, "club_T20_lifetime_overs": 6.0, "club_T20_lifetime_runs gave": 44.0, "international_ODI_previous3_runs": [], "international_ODI_previous3_wickets": [], "international_ODI_previous3_balls played": [], "international_ODI_previous3_overs": [], "international_ODI_previous3_runs gave": [], "international_ODI_lifetime_runs": 0.0, "international_ODI_lifetime_wickets": 0.0, "international_ODI_lifetime_balls played": 0.0, "international_ODI_lifetime_overs": 0.0, "international_ODI_lifetime_runs gave": 0.0, "international_Test_previous3_runs": [], "international_Test_previous3_wickets": [], "international_Test_previous3_balls played": [], "international_Test_previous3_overs": [], "international_Test_previous3_runs gave": [], "international_Test_lifetime_runs": 0.0, "international_Test_lifetime_wickets": 0.0, "international_Test_lifetime_balls played": 0.0, "international_Test_lifetime_overs": 0.0, "international_Test_lifetime_runs gave": 0.0, "international_T20_previous3_runs": [], "international_T20_previous3_wickets": [], "international_T20_previous3_balls played": [], "international_T20_previous3_overs": [], "international_T20_previous3_runs gave": [], "international_T20_lifetime_runs": 0.0, "international_T20_lifetime_wickets": 0.0, "international_T20_lifetime_balls played": 0.0, "international_T20_lifetime_overs": 0.0, "international_T20_lifetime_runs gave": 0.0}