{"played_against": {"3dab8f3f": {"runs": 0, "balls": 3, "wickets": 0}, "f4e9d605": {"runs": 0, "balls": 4, "wickets": 0}, "03fb73e8": {"runs": 2, "balls": 6, "wickets": 1}, "0fc748f4": {"runs": 4, "balls": 7, "wickets": 0}, "c53cfae5": {"runs": 0, "balls": 3, "wickets": 0}, "d8d1df82": {"runs": 0, "balls": 2, "wickets": 1}, "76903be1": {"runs": 8, "balls": 9, "wickets": 0}, "32e9794a": {"runs": 1, "balls": 1, "wickets": 0}, "508fbec9": {"runs": 0, "balls": 7, "wickets": 1}, "48f25627": {"runs": 0, "balls": 7, "wickets": 0}, "8a3756a0": {"runs": 0, "balls": 4, "wickets": 1}, "25d642b2": {"runs": 11, "balls": 12, "wickets": 0}, "dc9d2e3c": {"runs": 0, "balls": 2, "wickets": 0}, "f380525a": {"runs": 3, "balls": 3, "wickets": 1}, "aaf124ab": {"runs": 4, "balls": 4, "wickets": 0}, "04ed04d2": {"runs": 3, "balls": 7, "wickets": 0}, "f9979b69": {"runs": 10, "balls": 9, "wickets": 0}, "c39ee9e0": {"runs": 0, "balls": 4, "wickets": 1}, "ce0c22d0": {"runs": 0, "balls": 1, "wickets": 0}, "b1a281cd": {"runs": 4, "balls": 8, "wickets": 0}, "fcec4285": {"runs": 4, "balls": 14, "wickets": 0}, "f0e8d51a": {"runs": 0, "balls": 4, "wickets": 1}, "7d42816e": {"runs": 10, "balls": 7, "wickets": 0}, "dba4f593": {"runs": 1, "balls": 1, "wickets": 0}, "cc3ebe28": {"runs": 9, "balls": 10, "wickets": 0}, "eeb035e2": {"runs": 4, "balls": 6, "wickets": 0}, "e7458e4b": {"runs": 15, "balls": 10, "wickets": 0}, "c65e0275": {"runs": 2, "balls": 8, "wickets": 0}, "5cbeb83d": {"runs": 0, "balls": 10, "wickets": 1}, "78bbeba1": {"runs": 5, "balls": 10, "wickets": 0}, "3e06e7ac": {"runs": 4, "balls": 10, "wickets": 1}, "e553e27f": {"runs": 5, "balls": 7, "wickets": 0}, "dfa6db1a": {"runs": 2, "balls": 2, "wickets": 0}, "5d77a96a": {"runs": 20, "balls": 24, "wickets": 1}, "7c885103": {"runs": 1, "balls": 1, "wickets": 0}, "4add4c98": {"runs": 40, "balls": 37, "wickets": 0}, "1579d497": {"runs": 0, "balls": 4, "wickets": 2}, "415d30b6": {"runs": 9, "balls": 7, "wickets": 0}, "f737ab44": {"runs": 3, "balls": 5, "wickets": 0}, "6667067e": {"runs": 0, "balls": 1, "wickets": 1}, "1eb5affb": {"runs": 3, "balls": 7, "wickets": 0}, "c343a8c6": {"runs": 2, "balls": 5, "wickets": 1}, "dc60abdc": {"runs": 7, "balls": 3, "wickets": 0}, "78fcc740": {"runs": 5, "balls": 9, "wickets": 1}, "6dba59e0": {"runs": 5, "balls": 5, "wickets": 0}, "3883402f": {"runs": 15, "balls": 6, "wickets": 0}, "12c9c558": {"runs": 7, "balls": 5, "wickets": 0}, "47b33198": {"runs": 10, "balls": 10, "wickets": 0}, "c251b048": {"runs": 13, "balls": 9, "wickets": 0}, "871cf744": {"runs": 14, "balls": 7, "wickets": 0}, "91cc319d": {"runs": 0, "balls": 4, "wickets": 1}, "3ad06915": {"runs": 8, "balls": 15, "wickets": 0}, "85c56be8": {"runs": 2, "balls": 3, "wickets": 0}, "8e38d470": {"runs": 14, "balls": 12, "wickets": 1}, "44e00a4c": {"runs": 6, "balls": 9, "wickets": 1}, "3c8faed4": {"runs": 9, "balls": 10, "wickets": 0}, "206efeb1": {"runs": 11, "balls": 5, "wickets": 0}, "190957d2": {"runs": 9, "balls": 6, "wickets": 0}, "4d7c5b56": {"runs": 5, "balls": 5, "wickets": 0}, "e969e580": {"runs": 9, "balls": 8, "wickets": 1}, "056b433b": {"runs": 7, "balls": 7, "wickets": 0}, "d20e22f7": {"runs": 3, "balls": 5, "wickets": 0}, "2d9451cc": {"runs": 3, "balls": 5, "wickets": 0}, "c8e5012c": {"runs": 4, "balls": 6, "wickets": 0}, "7267e3cd": {"runs": 7, "balls": 5, "wickets": 0}, "8c7b9bfc": {"runs": 7, "balls": 5, "wickets": 0}, "befef38f": {"runs": 3, "balls": 7, "wickets": 0}, "314f0889": {"runs": 9, "balls": 5, "wickets": 0}, "5e67d4e0": {"runs": 1, "balls": 5, "wickets": 0}, "b93b87ae": {"runs": 4, "balls": 4, "wickets": 1}, "30c917bf": {"runs": 1, "balls": 4, "wickets": 0}, "36a0a88c": {"runs": 7, "balls": 9, "wickets": 1}, "8930a2a6": {"runs": 4, "balls": 5, "wickets": 0}, "ed82d9a5": {"runs": 9, "balls": 3, "wickets": 0}, "f0a45427": {"runs": 1, "balls": 5, "wickets": 1}, "a62f55ba": {"runs": 2, "balls": 4, "wickets": 1}, "98514dce": {"runs": 1, "balls": 2, "wickets": 0}}, "fifties": 0, "thirties": 3, "centuries": 0, "maidens": 5.0, "hattricks": 2, "club_ODI_previous3_runs": [], "club_ODI_previous3_wickets": [], "club_ODI_previous3_balls played": [], "club_ODI_previous3_overs": [], "club_ODI_previous3_runs gave": [], "club_ODI_lifetime_runs": 0.0, "club_ODI_lifetime_wickets": 0.0, "club_ODI_lifetime_balls played": 0.0, "club_ODI_lifetime_overs": 0.0, "club_ODI_lifetime_runs gave": 0.0, "club_Test_previous3_runs": [], "club_Test_previous3_wickets": [], "club_Test_previous3_balls played": [], "club_Test_previous3_overs": [], "club_Test_previous3_runs gave": [], "club_Test_lifetime_runs": 0.0, "club_Test_lifetime_wickets": 0.0, "club_Test_lifetime_balls played": 0.0, "club_Test_lifetime_overs": 0.0, "club_Test_lifetime_runs gave": 0.0, "club_T20_previous3_runs": [], "club_T20_previous3_wickets": [], "club_T20_previous3_balls played": [], "club_T20_previous3_overs": [], "club_T20_previous3_runs gave": [], "club_T20_lifetime_runs": 0.0, "club_T20_lifetime_wickets": 0.0, "club_T20_lifetime_balls played": 0.0, "club_T20_lifetime_overs": 0.0, "club_T20_lifetime_runs gave": 0.0, "international_ODI_previous3_runs": [8.0, 39.0, 2.0], "international_ODI_previous3_wickets": [1.0, 3.0, 1.0], "international_ODI_previous3_balls played": [27.0, 34.0, 18.0], "international_ODI_previous3_overs": [8.0, 4.0, 10.0], "international_ODI_previous3_runs gave": [51.0, 30.0, 27.0], "international_ODI_lifetime_runs": 95.0, "international_ODI_lifetime_wickets": 8.0, "international_ODI_lifetime_balls played": 174.0, "international_ODI_lifetime_overs": 38.5, "international_ODI_lifetime_runs gave": 228.0, "international_Test_previous3_runs": [], "international_Test_previous3_wickets": [], "international_Test_previous3_balls played": [], "international_Test_previous3_overs": [], "international_Test_previous3_runs gave": [], "international_Test_lifetime_runs": 0.0, "international_Test_lifetime_wickets": 0.0, "international_Test_lifetime_balls played": 0.0, "international_Test_lifetime_overs": 0.0, "international_Test_lifetime_runs gave": 0.0, "international_T20_previous3_runs": [18.0, 21.0, 0.0], "international_T20_previous3_wickets": [4.0, 0.0, 0.0], "international_T20_previous3_balls played": [20.0, 21.0, 4.0], "international_T20_previous3_overs": [4.0, 2.8333333333333335, 1.0], "international_T20_previous3_runs gave": [25.0, 22.0, 17.0], "international_T20_lifetime_runs": 316.0, "international_T20_lifetime_wickets": 14.0, "international_T20_lifetime_balls played": 343.0, "international_T20_lifetime_overs": 54.66666666666667, "international_T20_lifetime_runs gave": 395.0}