{"played_against": {"888e32bf": {"runs": 7, "balls": 11, "wickets": 0}, "d1ae8f94": {"runs": 1, "balls": 3, "wickets": 0}, "bf1d7d3e": {"runs": 2, "balls": 7, "wickets": 1}, "b2ae53f5": {"runs": 5, "balls": 11, "wickets": 0}, "5bdcdb72": {"runs": 1, "balls": 4, "wickets": 0}, "342d8ade": {"runs": 12, "balls": 12, "wickets": 0}, "ea0cdc12": {"runs": 1, "balls": 4, "wickets": 0}, "eeeebf82": {"runs": 46, "balls": 102, "wickets": 2}, "5680f1ad": {"runs": 22, "balls": 29, "wickets": 0}, "eb4f9c61": {"runs": 25, "balls": 53, "wickets": 1}, "47d00fb5": {"runs": 13, "balls": 4, "wickets": 0}, "9b858e4d": {"runs": 46, "balls": 99, "wickets": 1}, "7545a91a": {"runs": 49, "balls": 82, "wickets": 0}, "7fa6bd8e": {"runs": 0, "balls": 4, "wickets": 0}, "a4fdc1d5": {"runs": 8, "balls": 9, "wickets": 0}, "59f509ed": {"runs": 0, "balls": 4, "wickets": 0}, "f43dd8c2": {"runs": 0, "balls": 2, "wickets": 1}, "a56f4b65": {"runs": 1, "balls": 14, "wickets": 1}, "e21bc7f3": {"runs": 2, "balls": 5, "wickets": 0}, "4373c57e": {"runs": 1, "balls": 2, "wickets": 0}, "292381e0": {"runs": 6, "balls": 22, "wickets": 0}, "bb134e5c": {"runs": 12, "balls": 14, "wickets": 0}, "2b995cf0": {"runs": 6, "balls": 22, "wickets": 1}, "f7b2cbe8": {"runs": 2, "balls": 9, "wickets": 0}, "e5ad357a": {"runs": 7, "balls": 19, "wickets": 0}, "6e849a7b": {"runs": 6, "balls": 9, "wickets": 0}, "e8511411": {"runs": 5, "balls": 11, "wickets": 0}, "9ff7f691": {"runs": 2, "balls": 3, "wickets": 0}, "e85d03d6": {"runs": 7, "balls": 4, "wickets": 1}, "cf494ffe": {"runs": 6, "balls": 7, "wickets": 0}, "3f18724b": {"runs": 2, "balls": 4, "wickets": 1}}, "fifties": 1, "thirties": 0, "centuries": 0, "maidens": 1.0, "hattricks": 1, "club_ODI_previous3_runs": [], "club_ODI_previous3_wickets": [], "club_ODI_previous3_balls played": [], "club_ODI_previous3_overs": [], "club_ODI_previous3_runs gave": [], "club_ODI_lifetime_runs": 0.0, "club_ODI_lifetime_wickets": 0.0, "club_ODI_lifetime_balls played": 0.0, "club_ODI_lifetime_overs": 0.0, "club_ODI_lifetime_runs gave": 0.0, "club_Test_previous3_runs": [], "club_Test_previous3_wickets": [], "club_Test_previous3_balls played": [], "club_Test_previous3_overs": [], "club_Test_previous3_runs gave": [], "club_Test_lifetime_runs": 0.0, "club_Test_lifetime_wickets": 0.0, "club_Test_lifetime_balls played": 0.0, "club_Test_lifetime_overs": 0.0, "club_Test_lifetime_runs gave": 0.0, "club_T20_previous3_runs": [], "club_T20_previous3_wickets": [], "club_T20_previous3_balls played": [], "club_T20_previous3_overs": [], "club_T20_previous3_runs gave": [], "club_T20_lifetime_runs": 0.0, "club_T20_lifetime_wickets": 0.0, "club_T20_lifetime_balls played": 0.0, "club_T20_lifetime_overs": 0.0, "club_T20_lifetime_runs gave": 0.0, "international_ODI_previous3_runs": [4.0, 15.0, 29.0], "international_ODI_previous3_wickets": [0.0, 0.0, 0.0], "international_ODI_previous3_balls played": [21.0, 29.0, 77.0], "international_ODI_previous3_overs": [0.0, 0.0, 0.0], "international_ODI_previous3_runs gave": [0.0, 0.0, 0.0], "international_ODI_lifetime_runs": 88.0, "international_ODI_lifetime_wickets": 4.0, "international_ODI_lifetime_balls played": 199.0, "international_ODI_lifetime_overs": 17.833333333333336, "international_ODI_lifetime_runs gave": 89.0, "international_Test_previous3_runs": [198.0], "international_Test_previous3_wickets": [0.0], "international_Test_previous3_balls played": [369.0], "international_Test_previous3_overs": [0.0], "international_Test_previous3_runs gave": [0.0], "international_Test_lifetime_runs": 198.0, "international_Test_lifetime_wickets": 0.0, "international_Test_lifetime_balls played": 369.0, "international_Test_lifetime_overs": 0.0, "international_Test_lifetime_runs gave": 0.0, "international_T20_previous3_runs": [0.0, 9.0, 8.0], "international_T20_previous3_wickets": [0.0, 0.0, 0.0], "international_T20_previous3_balls played": [0.0, 7.0, 11.0], "international_T20_previous3_overs": [0.0, 0.0, 0.0], "international_T20_previous3_runs gave": [0.0, 0.0, 0.0], "international_T20_lifetime_runs": 17.0, "international_T20_lifetime_wickets": 0.0, "international_T20_lifetime_balls played": 18.0, "international_T20_lifetime_overs": 0.0, "international_T20_lifetime_runs gave": 0.0}