{"played_against": {"3ef46a49": {"runs": 16, "balls": 17, "wickets": 0}, "0ac067e8": {"runs": 8, "balls": 9, "wickets": 0}, "f6882b74": {"runs": 9, "balls": 14, "wickets": 0}, "9652e347": {"runs": 1, "balls": 1, "wickets": 0}, "80089b3a": {"runs": 9, "balls": 9, "wickets": 0}, "f8035c2a": {"runs": 12, "balls": 16, "wickets": 1}, "8160713d": {"runs": 2, "balls": 8, "wickets": 0}, "01d5f279": {"runs": 4, "balls": 13, "wickets": 0}, "ff722bc8": {"runs": 6, "balls": 9, "wickets": 0}, "310dbd9a": {"runs": 4, "balls": 15, "wickets": 0}, "e1592949": {"runs": 8, "balls": 12, "wickets": 0}, "bceb1b07": {"runs": 2, "balls": 3, "wickets": 0}, "b0eaaac6": {"runs": 8, "balls": 10, "wickets": 0}, "30baaf1f": {"runs": 4, "balls": 19, "wickets": 0}, "cf9ae594": {"runs": 16, "balls": 31, "wickets": 0}, "e6ddab51": {"runs": 15, "balls": 38, "wickets": 0}, "a9231c3f": {"runs": 0, "balls": 1, "wickets": 1}, "84e4e12e": {"runs": 0, "balls": 4, "wickets": 0}, "1f1f93b5": {"runs": 13, "balls": 24, "wickets": 0}, "b7ccb3c9": {"runs": 19, "balls": 25, "wickets": 0}, "180bb105": {"runs": 3, "balls": 3, "wickets": 1}, "bf385668": {"runs": 1, "balls": 6, "wickets": 0}, "4e6698d5": {"runs": 11, "balls": 23, "wickets": 0}, "95fcbfb7": {"runs": 4, "balls": 11, "wickets": 1}, "7bf34437": {"runs": 3, "balls": 6, "wickets": 0}, "ed97af2b": {"runs": 0, "balls": 4, "wickets": 1}, "1adb8ee8": {"runs": 1, "balls": 6, "wickets": 0}}, "fifties": 0, "thirties": 3, "centuries": 0, "maidens": 0.0, "hattricks": 0, "club_ODI_previous3_runs": [], "club_ODI_previous3_wickets": [], "club_ODI_previous3_balls played": [], "club_ODI_previous3_overs": [], "club_ODI_previous3_runs gave": [], "club_ODI_lifetime_runs": 0.0, "club_ODI_lifetime_wickets": 0.0, "club_ODI_lifetime_balls played": 0.0, "club_ODI_lifetime_overs": 0.0, "club_ODI_lifetime_runs gave": 0.0, "club_Test_previous3_runs": [], "club_Test_previous3_wickets": [], "club_Test_previous3_balls played": [], "club_Test_previous3_overs": [], "club_Test_previous3_runs gave": [], "club_Test_lifetime_runs": 0.0, "club_Test_lifetime_wickets": 0.0, "club_Test_lifetime_balls played": 0.0, "club_Test_lifetime_overs": 0.0, "club_Test_lifetime_runs gave": 0.0, "club_T20_previous3_runs": [], "club_T20_previous3_wickets": [], "club_T20_previous3_balls played": [], "club_T20_previous3_overs": [], "club_T20_previous3_runs gave": [], "club_T20_lifetime_runs": 0.0, "club_T20_lifetime_wickets": 0.0, "club_T20_lifetime_balls played": 0.0, "club_T20_lifetime_overs": 0.0, "club_T20_lifetime_runs gave": 0.0, "international_ODI_previous3_runs": [22.0, 3.0, 1.0], "international_ODI_previous3_wickets": [0.0, 0.0, 0.0], "international_ODI_previous3_balls played": [49.0, 10.0, 6.0], "international_ODI_previous3_overs": [0.0, 0.0, 0.0], "international_ODI_previous3_runs gave": [0.0, 0.0, 0.0], "international_ODI_lifetime_runs": 179.0, "international_ODI_lifetime_wickets": 0.0, "international_ODI_lifetime_balls played": 342.0, "international_ODI_lifetime_overs": 0.0, "international_ODI_lifetime_runs gave": 0.0, "international_Test_previous3_runs": [], "international_Test_previous3_wickets": [], "international_Test_previous3_balls played": [], "international_Test_previous3_overs": [], "international_Test_previous3_runs gave": [], "international_Test_lifetime_runs": 0.0, "international_Test_lifetime_wickets": 0.0, "international_Test_lifetime_balls played": 0.0, "international_Test_lifetime_overs": 0.0, "international_Test_lifetime_runs gave": 0.0, "international_T20_previous3_runs": [], "international_T20_previous3_wickets": [], "international_T20_previous3_balls played": [], "international_T20_previous3_overs": [], "international_T20_previous3_runs gave": [], "international_T20_lifetime_runs": 0.0, "international_T20_lifetime_wickets": 0.0, "international_T20_lifetime_balls played": 0.0, "international_T20_lifetime_overs": 0.0, "international_T20_lifetime_runs gave": 0.0}