{"played_against": {"7a03f67d": {"runs": 2, "balls": 8, "wickets": 1}, "531aef3b": {"runs": 5, "balls": 6, "wickets": 0}, "4c9c9f87": {"runs": 1, "balls": 1, "wickets": 0}, "1c726c76": {"runs": 6, "balls": 11, "wickets": 1}, "729c5ab5": {"runs": 5, "balls": 14, "wickets": 0}, "967806a5": {"runs": 8, "balls": 11, "wickets": 0}, "6e60bbe2": {"runs": 1, "balls": 3, "wickets": 0}, "88e90658": {"runs": 8, "balls": 9, "wickets": 0}, "2ae76bf6": {"runs": 6, "balls": 13, "wickets": 1}, "72de0105": {"runs": 8, "balls": 9, "wickets": 0}, "16301313": {"runs": 8, "balls": 14, "wickets": 0}, "2e988457": {"runs": 3, "balls": 8, "wickets": 1}, "edf62a25": {"runs": 13, "balls": 13, "wickets": 0}, "a4f1fdd4": {"runs": 10, "balls": 13, "wickets": 0}, "36dfa62e": {"runs": 1, "balls": 9, "wickets": 0}, "657da2f4": {"runs": 1, "balls": 1, "wickets": 0}, "f281dd00": {"runs": 0, "balls": 1, "wickets": 1}, "db873292": {"runs": 2, "balls": 4, "wickets": 0}, "2dc78362": {"runs": 0, "balls": 2, "wickets": 1}}, "fifties": 0, "thirties": 0, "centuries": 0, "maidens": 0.0, "hattricks": 0, "club_ODI_previous3_runs": [], "club_ODI_previous3_wickets": [], "club_ODI_previous3_balls played": [], "club_ODI_previous3_overs": [], "club_ODI_previous3_runs gave": [], "club_ODI_lifetime_runs": 0.0, "club_ODI_lifetime_wickets": 0.0, "club_ODI_lifetime_balls played": 0.0, "club_ODI_lifetime_overs": 0.0, "club_ODI_lifetime_runs gave": 0.0, "club_Test_previous3_runs": [], "club_Test_previous3_wickets": [], "club_Test_previous3_balls played": [], "club_Test_previous3_overs": [], "club_Test_previous3_runs gave": [], "club_Test_lifetime_runs": 0.0, "club_Test_lifetime_wickets": 0.0, "club_Test_lifetime_balls played": 0.0, "club_Test_lifetime_overs": 0.0, "club_Test_lifetime_runs gave": 0.0, "club_T20_previous3_runs": [], "club_T20_previous3_wickets": [], "club_T20_previous3_balls played": [], "club_T20_previous3_overs": [], "club_T20_previous3_runs gave": [], "club_T20_lifetime_runs": 0.0, "club_T20_lifetime_wickets": 0.0, "club_T20_lifetime_balls played": 0.0, "club_T20_lifetime_overs": 0.0, "club_T20_lifetime_runs gave": 0.0, "international_ODI_previous3_runs": [], "international_ODI_previous3_wickets": [], "international_ODI_previous3_balls played": [], "international_ODI_previous3_overs": [], "international_ODI_previous3_runs gave": [], "international_ODI_lifetime_runs": 0.0, "international_ODI_lifetime_wickets": 0.0, "international_ODI_lifetime_balls played": 0.0, "international_ODI_lifetime_overs": 0.0, "international_ODI_lifetime_runs gave": 0.0, "international_Test_previous3_runs": [], "international_Test_previous3_wickets": [], "international_Test_previous3_balls played": [], "international_Test_previous3_overs": [], "international_Test_previous3_runs gave": [], "international_Test_lifetime_runs": 0.0, "international_Test_lifetime_wickets": 0.0, "international_Test_lifetime_balls played": 0.0, "international_Test_lifetime_overs": 0.0, "international_Test_lifetime_runs gave": 0.0, "international_T20_previous3_runs": [0.0, 7.0, 0.0], "international_T20_previous3_wickets": [0.0, 0.0, 0.0], "international_T20_previous3_balls played": [2.0, 19.0, 2.0], "international_T20_previous3_overs": [0.0, 0.0, 0.0], "international_T20_previous3_runs gave": [0.0, 0.0, 0.0], "international_T20_lifetime_runs": 88.0, "international_T20_lifetime_wickets": 0.0, "international_T20_lifetime_balls played": 150.0, "international_T20_lifetime_overs": 0.0, "international_T20_lifetime_runs gave": 0.0}