{"played_against": {"d4188b60": {"runs": 13, "balls": 25, "wickets": 0}, "907c51ab": {"runs": 17, "balls": 45, "wickets": 0}, "9706e64b": {"runs": 16, "balls": 43, "wickets": 0}, "01fcf20f": {"runs": 21, "balls": 31, "wickets": 0}, "8fbdc795": {"runs": 5, "balls": 7, "wickets": 0}, "648bc30f": {"runs": 7, "balls": 12, "wickets": 0}, "4d43c9f8": {"runs": 0, "balls": 7, "wickets": 0}, "c0fb3bf2": {"runs": 3, "balls": 4, "wickets": 0}, "dbd79036": {"runs": 18, "balls": 10, "wickets": 1}, "8b552293": {"runs": 10, "balls": 7, "wickets": 0}, "bff0535a": {"runs": 9, "balls": 6, "wickets": 0}, "a1c4aed5": {"runs": 10, "balls": 4, "wickets": 0}, "7e9ff716": {"runs": 0, "balls": 1, "wickets": 0}, "d3a44255": {"runs": 1, "balls": 7, "wickets": 0}, "6a434bd3": {"runs": 1, "balls": 3, "wickets": 0}, "72b7ed1e": {"runs": 3, "balls": 3, "wickets": 0}, "89bbc67a": {"runs": 1, "balls": 1, "wickets": 0}, "de69af96": {"runs": 0, "balls": 1, "wickets": 1}, "4ed7d23f": {"runs": 6, "balls": 4, "wickets": 0}, "be150fc8": {"runs": 2, "balls": 2, "wickets": 0}, "29f936f0": {"runs": 4, "balls": 3, "wickets": 0}}, "fifties": 0, "thirties": 2, "centuries": 0, "maidens": 8.0, "hattricks": 1, "club_ODI_previous3_runs": [], "club_ODI_previous3_wickets": [], "club_ODI_previous3_balls played": [], "club_ODI_previous3_overs": [], "club_ODI_previous3_runs gave": [], "club_ODI_lifetime_runs": 0.0, "club_ODI_lifetime_wickets": 0.0, "club_ODI_lifetime_balls played": 0.0, "club_ODI_lifetime_overs": 0.0, "club_ODI_lifetime_runs gave": 0.0, "club_Test_previous3_runs": [], "club_Test_previous3_wickets": [], "club_Test_previous3_balls played": [], "club_Test_previous3_overs": [], "club_Test_previous3_runs gave": [], "club_Test_lifetime_runs": 0.0, "club_Test_lifetime_wickets": 0.0, "club_Test_lifetime_balls played": 0.0, "club_Test_lifetime_overs": 0.0, "club_Test_lifetime_runs gave": 0.0, "club_T20_previous3_runs": [], "club_T20_previous3_wickets": [], "club_T20_previous3_balls played": [], "club_T20_previous3_overs": [], "club_T20_previous3_runs gave": [], "club_T20_lifetime_runs": 0.0, "club_T20_lifetime_wickets": 0.0, "club_T20_lifetime_balls played": 0.0, "club_T20_lifetime_overs": 0.0, "club_T20_lifetime_runs gave": 0.0, "international_ODI_previous3_runs": [0.0, 50.0, 3.0], "international_ODI_previous3_wickets": [0.0, 2.0, 0.0], "international_ODI_previous3_balls played": [0.0, 31.0, 18.0], "international_ODI_previous3_overs": [4.0, 6.0, 6.0], "international_ODI_previous3_runs gave": [16.0, 11.0, 26.0], "international_ODI_lifetime_runs": 53.0, "international_ODI_lifetime_wickets": 2.0, "international_ODI_lifetime_balls played": 49.0, "international_ODI_lifetime_overs": 16.0, "international_ODI_lifetime_runs gave": 53.0, "international_Test_previous3_runs": [78.0], "international_Test_previous3_wickets": [1.0], "international_Test_previous3_balls played": [163.0], "international_Test_previous3_overs": [26.0], "international_Test_previous3_runs gave": [55.0], "international_Test_lifetime_runs": 78.0, "international_Test_lifetime_wickets": 1.0, "international_Test_lifetime_balls played": 163.0, "international_Test_lifetime_overs": 26.0, "international_Test_lifetime_runs gave": 55.0, "international_T20_previous3_runs": [0.0, 0.0, 0.0], "international_T20_previous3_wickets": [0.0, 3.0, 0.0], "international_T20_previous3_balls played": [0.0, 0.0, 0.0], "international_T20_previous3_overs": [2.8333333333333335, 4.0, 2.1666666666666665], "international_T20_previous3_runs gave": [23.0, 26.0, 28.0], "international_T20_lifetime_runs": 16.0, "international_T20_lifetime_wickets": 4.0, "international_T20_lifetime_balls played": 14.0, "international_T20_lifetime_overs": 15.0, "international_T20_lifetime_runs gave": 124.0}