{"played_against": {"5fd92ea2": {"runs": 11, "balls": 53, "wickets": 0}, "d50b2de4": {"runs": 18, "balls": 39, "wickets": 0}, "b9e15440": {"runs": 0, "balls": 4, "wickets": 0}, "6bb7a785": {"runs": 8, "balls": 21, "wickets": 1}, "544f562f": {"runs": 6, "balls": 19, "wickets": 0}, "3032933c": {"runs": 9, "balls": 20, "wickets": 1}, "ff227198": {"runs": 46, "balls": 69, "wickets": 1}, "a3ead8da": {"runs": 16, "balls": 20, "wickets": 0}, "faaab47c": {"runs": 4, "balls": 5, "wickets": 0}, "8c52619b": {"runs": 3, "balls": 6, "wickets": 1}, "84f1ae7f": {"runs": 29, "balls": 31, "wickets": 0}, "386f410e": {"runs": 31, "balls": 28, "wickets": 0}, "4d4605e6": {"runs": 17, "balls": 26, "wickets": 0}, "63e3b6b3": {"runs": 30, "balls": 28, "wickets": 0}, "8c5775f3": {"runs": 21, "balls": 19, "wickets": 0}, "108c4c09": {"runs": 21, "balls": 14, "wickets": 1}, "ce85fcaf": {"runs": 0, "balls": 1, "wickets": 0}, "8879d882": {"runs": 8, "balls": 18, "wickets": 0}, "60471339": {"runs": 2, "balls": 4, "wickets": 0}, "7c0055c1": {"runs": 2, "balls": 4, "wickets": 1}, "4ab6d138": {"runs": 1, "balls": 8, "wickets": 2}, "e2410b5e": {"runs": 2, "balls": 3, "wickets": 1}, "8479657a": {"runs": 26, "balls": 27, "wickets": 1}, "b4bbe95c": {"runs": 27, "balls": 30, "wickets": 0}, "c3f21798": {"runs": 17, "balls": 23, "wickets": 0}, "53cd8da6": {"runs": 6, "balls": 2, "wickets": 0}, "89ee5191": {"runs": 7, "balls": 13, "wickets": 0}, "dae6fac5": {"runs": 0, "balls": 6, "wickets": 0}, "e13f5984": {"runs": 3, "balls": 3, "wickets": 0}, "b287e7b1": {"runs": 28, "balls": 32, "wickets": 1}, "2ea9b32c": {"runs": 12, "balls": 28, "wickets": 0}, "3cfbddce": {"runs": 41, "balls": 52, "wickets": 0}, "ed840f44": {"runs": 21, "balls": 27, "wickets": 0}, "98dfe425": {"runs": 21, "balls": 31, "wickets": 1}, "3b770527": {"runs": 19, "balls": 18, "wickets": 0}, "a7cd72b2": {"runs": 17, "balls": 13, "wickets": 0}, "1f7825dd": {"runs": 6, "balls": 9, "wickets": 0}, "a49985e6": {"runs": 22, "balls": 19, "wickets": 1}, "3308d881": {"runs": 12, "balls": 13, "wickets": 0}, "cc3884f9": {"runs": 7, "balls": 3, "wickets": 0}, "92cf79a8": {"runs": 16, "balls": 15, "wickets": 0}, "77851c2d": {"runs": 4, "balls": 4, "wickets": 0}, "0475a86b": {"runs": 64, "balls": 76, "wickets": 0}, "fe731c62": {"runs": 66, "balls": 86, "wickets": 2}, "be150fc8": {"runs": 26, "balls": 60, "wickets": 1}, "8b552293": {"runs": 1, "balls": 9, "wickets": 0}, "bff0535a": {"runs": 4, "balls": 6, "wickets": 0}, "5597338d": {"runs": 8, "balls": 16, "wickets": 0}, "5f862ccd": {"runs": 2, "balls": 7, "wickets": 0}, "dbd79036": {"runs": 11, "balls": 10, "wickets": 0}, "bd8139a1": {"runs": 5, "balls": 16, "wickets": 0}, "705489eb": {"runs": 9, "balls": 8, "wickets": 0}, "a594a6e0": {"runs": 39, "balls": 57, "wickets": 0}, "110839f2": {"runs": 12, "balls": 21, "wickets": 1}, "a6aac76b": {"runs": 1, "balls": 3, "wickets": 0}, "89bbc67a": {"runs": 10, "balls": 12, "wickets": 0}, "7391f160": {"runs": 12, "balls": 9, "wickets": 0}, "d4f0c300": {"runs": 22, "balls": 34, "wickets": 0}, "17608a6f": {"runs": 18, "balls": 38, "wickets": 0}, "a5f488bc": {"runs": 21, "balls": 44, "wickets": 1}, "13f8d4b5": {"runs": 0, "balls": 3, "wickets": 1}, "4ed7d23f": {"runs": 32, "balls": 37, "wickets": 0}, "72b7ed1e": {"runs": 16, "balls": 23, "wickets": 0}, "a139c379": {"runs": 2, "balls": 3, "wickets": 0}, "1ade138e": {"runs": 1, "balls": 2, "wickets": 0}, "d32cf49a": {"runs": 5, "balls": 5, "wickets": 0}, "cdb82f1c": {"runs": 13, "balls": 11, "wickets": 0}, "53bee17f": {"runs": 7, "balls": 7, "wickets": 0}, "8f30d191": {"runs": 11, "balls": 16, "wickets": 0}, "907c51ab": {"runs": 23, "balls": 25, "wickets": 0}, "ea8b65ab": {"runs": 16, "balls": 18, "wickets": 0}, "6a434bd3": {"runs": 12, "balls": 10, "wickets": 0}, "32497ecd": {"runs": 11, "balls": 7, "wickets": 0}, "e149d0ae": {"runs": 8, "balls": 3, "wickets": 0}, "9706e64b": {"runs": 0, "balls": 1, "wickets": 0}, "53d50717": {"runs": 10, "balls": 8, "wickets": 0}, "f3a18a0c": {"runs": 1, "balls": 5, "wickets": 0}, "02181d9a": {"runs": 2, "balls": 5, "wickets": 1}, "6d76bc23": {"runs": 3, "balls": 4, "wickets": 0}, "35828bdd": {"runs": 7, "balls": 7, "wickets": 0}, "4ba0289e": {"runs": 2, "balls": 4, "wickets": 0}, "efc40724": {"runs": 5, "balls": 4, "wickets": 0}, "00823a96": {"runs": 8, "balls": 9, "wickets": 0}, "b34e0c77": {"runs": 3, "balls": 8, "wickets": 0}, "fbd79b9b": {"runs": 3, "balls": 3, "wickets": 0}, "de69af96": {"runs": 1, "balls": 3, "wickets": 0}, "d2763568": {"runs": 1, "balls": 1, "wickets": 0}, "2479daa6": {"runs": 0, "balls": 0, "wickets": 0}, "ac56b5a7": {"runs": 0, "balls": 2, "wickets": 1}, "287ed3a0": {"runs": 7, "balls": 9, "wickets": 0}, "340202b0": {"runs": 14, "balls": 5, "wickets": 0}}, "fifties": 1, "thirties": 12, "centuries": 0, "maidens": 3.0, "hattricks": 3, "club_ODI_previous3_runs": [], "club_ODI_previous3_wickets": [], "club_ODI_previous3_balls played": [], "club_ODI_previous3_overs": [], "club_ODI_previous3_runs gave": [], "club_ODI_lifetime_runs": 0.0, "club_ODI_lifetime_wickets": 0.0, "club_ODI_lifetime_balls played": 0.0, "club_ODI_lifetime_overs": 0.0, "club_ODI_lifetime_runs gave": 0.0, "club_Test_previous3_runs": [], "club_Test_previous3_wickets": [], "club_Test_previous3_balls played": [], "club_Test_previous3_overs": [], "club_Test_previous3_runs gave": [], "club_Test_lifetime_runs": 0.0, "club_Test_lifetime_wickets": 0.0, "club_Test_lifetime_balls played": 0.0, "club_Test_lifetime_overs": 0.0, "club_Test_lifetime_runs gave": 0.0, "club_T20_previous3_runs": [26.0, 0.0, 0.0], "club_T20_previous3_wickets": [1.0, 0.0, 0.0], "club_T20_previous3_balls played": [23.0, 0.0, 3.0], "club_T20_previous3_overs": [2.0, 0.0, 3.0], "club_T20_previous3_runs gave": [12.0, 0.0, 30.0], "club_T20_lifetime_runs": 213.0, "club_T20_lifetime_wickets": 14.0, "club_T20_lifetime_balls played": 236.0, "club_T20_lifetime_overs": 52.83333333333333, "club_T20_lifetime_runs gave": 322.0, "international_ODI_previous3_runs": [64.0, 19.0, 26.0], "international_ODI_previous3_wickets": [0.0, 0.0, 0.0], "international_ODI_previous3_balls played": [79.0, 40.0, 25.0], "international_ODI_previous3_overs": [5.0, 6.0, 4.0], "international_ODI_previous3_runs gave": [18.0, 33.0, 29.0], "international_ODI_lifetime_runs": 608.0, "international_ODI_lifetime_wickets": 14.0, "international_ODI_lifetime_balls played": 859.0, "international_ODI_lifetime_overs": 100.0, "international_ODI_lifetime_runs gave": 449.0, "international_Test_previous3_runs": [6.0, 44.0, 25.0], "international_Test_previous3_wickets": [0.0, 0.0, 0.0], "international_Test_previous3_balls played": [56.0, 98.0, 85.0], "international_Test_previous3_overs": [0.0, 0.0, 7.0], "international_Test_previous3_runs gave": [0.0, 0.0, 42.0], "international_Test_lifetime_runs": 75.0, "international_Test_lifetime_wickets": 0.0, "international_Test_lifetime_balls played": 239.0, "international_Test_lifetime_overs": 7.0, "international_Test_lifetime_runs gave": 42.0, "international_T20_previous3_runs": [0.0, 26.0, 6.0], "international_T20_previous3_wickets": [0.0, 1.0, 1.0], "international_T20_previous3_balls played": [0.0, 26.0, 7.0], "international_T20_previous3_overs": [0.0, 2.0, 4.0], "international_T20_previous3_runs gave": [0.0, 9.0, 19.0], "international_T20_lifetime_runs": 256.0, "international_T20_lifetime_wickets": 13.0, "international_T20_lifetime_balls played": 260.0, "international_T20_lifetime_overs": 49.666666666666664, "international_T20_lifetime_runs gave": 257.0}