{"played_against": {"f6c2659d": {"runs": 4, "balls": 6, "wickets": 0}, "70456281": {"runs": 1, "balls": 4, "wickets": 0}, "d5ae21a2": {"runs": 0, "balls": 2, "wickets": 0}, "d3851cd8": {"runs": 0, "balls": 3, "wickets": 0}, "e91933cb": {"runs": 1, "balls": 1, "wickets": 0}, "e16e7347": {"runs": 0, "balls": 2, "wickets": 0}, "a6bab2a9": {"runs": 3, "balls": 5, "wickets": 1}, "95fcbfb7": {"runs": 6, "balls": 5, "wickets": 0}, "934b36a6": {"runs": 3, "balls": 6, "wickets": 1}, "b3b39bed": {"runs": 2, "balls": 7, "wickets": 0}, "dcdb87f2": {"runs": 2, "balls": 4, "wickets": 0}, "34cb2f69": {"runs": 19, "balls": 31, "wickets": 0}, "1252f71a": {"runs": 17, "balls": 24, "wickets": 1}, "f43dd8c2": {"runs": 22, "balls": 13, "wickets": 0}, "d3868bd0": {"runs": 3, "balls": 3, "wickets": 0}, "5680f1ad": {"runs": 0, "balls": 1, "wickets": 0}, "c8a3f688": {"runs": 9, "balls": 9, "wickets": 0}, "c6e10e5c": {"runs": 4, "balls": 9, "wickets": 0}, "f7d267f7": {"runs": 3, "balls": 6, "wickets": 1}, "96f5b685": {"runs": 8, "balls": 7, "wickets": 1}, "4ebc70ca": {"runs": 15, "balls": 24, "wickets": 1}, "9c376401": {"runs": 1, "balls": 4, "wickets": 0}, "e9a870ed": {"runs": 9, "balls": 14, "wickets": 0}, "34464143": {"runs": 0, "balls": 2, "wickets": 1}, "b3a28446": {"runs": 1, "balls": 1, "wickets": 0}, "0a8fce53": {"runs": 4, "balls": 1, "wickets": 0}, "ef18b66e": {"runs": 0, "balls": 2, "wickets": 1}, "1f490b28": {"runs": 0, "balls": 2, "wickets": 0}, "f092b4c7": {"runs": 4, "balls": 2, "wickets": 1}, "835a58da": {"runs": 5, "balls": 2, "wickets": 0}, "782fb776": {"runs": 0, "balls": 1, "wickets": 0}, "c042b412": {"runs": 4, "balls": 4, "wickets": 0}, "f468293b": {"runs": 4, "balls": 10, "wickets": 1}, "e85d03d6": {"runs": 0, "balls": 4, "wickets": 0}, "48301a4b": {"runs": 6, "balls": 4, "wickets": 0}}, "fifties": 0, "thirties": 2, "centuries": 0, "maidens": 5.0, "hattricks": 2, "club_ODI_previous3_runs": [], "club_ODI_previous3_wickets": [], "club_ODI_previous3_balls played": [], "club_ODI_previous3_overs": [], "club_ODI_previous3_runs gave": [], "club_ODI_lifetime_runs": 0.0, "club_ODI_lifetime_wickets": 0.0, "club_ODI_lifetime_balls played": 0.0, "club_ODI_lifetime_overs": 0.0, "club_ODI_lifetime_runs gave": 0.0, "club_Test_previous3_runs": [], "club_Test_previous3_wickets": [], "club_Test_previous3_balls played": [], "club_Test_previous3_overs": [], "club_Test_previous3_runs gave": [], "club_Test_lifetime_runs": 0.0, "club_Test_lifetime_wickets": 0.0, "club_Test_lifetime_balls played": 0.0, "club_Test_lifetime_overs": 0.0, "club_Test_lifetime_runs gave": 0.0, "club_T20_previous3_runs": [], "club_T20_previous3_wickets": [], "club_T20_previous3_balls played": [], "club_T20_previous3_overs": [], "club_T20_previous3_runs gave": [], "club_T20_lifetime_runs": 0.0, "club_T20_lifetime_wickets": 0.0, "club_T20_lifetime_balls played": 0.0, "club_T20_lifetime_overs": 0.0, "club_T20_lifetime_runs gave": 0.0, "international_ODI_previous3_runs": [1.0, 7.0, 10.0], "international_ODI_previous3_wickets": [2.0, 1.0, 0.0], "international_ODI_previous3_balls played": [1.0, 9.0, 18.0], "international_ODI_previous3_overs": [6.0, 5.0, 6.833333333333334], "international_ODI_previous3_runs gave": [20.0, 25.0, 40.0], "international_ODI_lifetime_runs": 137.0, "international_ODI_lifetime_wickets": 10.0, "international_ODI_lifetime_balls played": 202.0, "international_ODI_lifetime_overs": 124.16666666666667, "international_ODI_lifetime_runs gave": 626.0, "international_Test_previous3_runs": [], "international_Test_previous3_wickets": [], "international_Test_previous3_balls played": [], "international_Test_previous3_overs": [], "international_Test_previous3_runs gave": [], "international_Test_lifetime_runs": 0.0, "international_Test_lifetime_wickets": 0.0, "international_Test_lifetime_balls played": 0.0, "international_Test_lifetime_overs": 0.0, "international_Test_lifetime_runs gave": 0.0, "international_T20_previous3_runs": [5.0, 4.0, 0.0], "international_T20_previous3_wickets": [3.0, 1.0, 0.0], "international_T20_previous3_balls played": [2.0, 6.0, 0.0], "international_T20_previous3_overs": [4.0, 4.0, 4.0], "international_T20_previous3_runs gave": [53.0, 34.0, 43.0], "international_T20_lifetime_runs": 23.0, "international_T20_lifetime_wickets": 22.0, "international_T20_lifetime_balls played": 26.0, "international_T20_lifetime_overs": 60.833333333333336, "international_T20_lifetime_runs gave": 470.0}