{"played_against": {"e9c7f0d0": {"runs": 2, "balls": 3, "wickets": 0}, "1558d83b": {"runs": 1, "balls": 1, "wickets": 0}, "8891669e": {"runs": 1, "balls": 2, "wickets": 0}, "8f3fde65": {"runs": 0, "balls": 2, "wickets": 0}, "3540beff": {"runs": 2, "balls": 2, "wickets": 0}, "1a2676c5": {"runs": 2, "balls": 2, "wickets": 0}, "b08e58e2": {"runs": 7, "balls": 5, "wickets": 0}, "7c7d63a2": {"runs": 6, "balls": 7, "wickets": 1}, "4933f499": {"runs": 14, "balls": 9, "wickets": 0}, "fe366f34": {"runs": 3, "balls": 4, "wickets": 0}, "3b53243a": {"runs": 0, "balls": 1, "wickets": 1}, "02ba80a0": {"runs": 0, "balls": 6, "wickets": 0}, "ef55b38c": {"runs": 5, "balls": 10, "wickets": 1}, "bd93fea4": {"runs": 11, "balls": 12, "wickets": 0}, "b3267eaa": {"runs": 8, "balls": 9, "wickets": 0}, "bc2d4f2e": {"runs": 4, "balls": 8, "wickets": 1}, "442461fa": {"runs": 3, "balls": 3, "wickets": 0}}, "fifties": 0, "thirties": 1, "centuries": 0, "maidens": 10.0, "hattricks": 4, "club_ODI_previous3_runs": [], "club_ODI_previous3_wickets": [], "club_ODI_previous3_balls played": [], "club_ODI_previous3_overs": [], "club_ODI_previous3_runs gave": [], "club_ODI_lifetime_runs": 0.0, "club_ODI_lifetime_wickets": 0.0, "club_ODI_lifetime_balls played": 0.0, "club_ODI_lifetime_overs": 0.0, "club_ODI_lifetime_runs gave": 0.0, "club_Test_previous3_runs": [31.0], "club_Test_previous3_wickets": [3.0], "club_Test_previous3_balls played": [49.0], "club_Test_previous3_overs": [31.0], "club_Test_previous3_runs gave": [83.0], "club_Test_lifetime_runs": 31.0, "club_Test_lifetime_wickets": 3.0, "club_Test_lifetime_balls played": 49.0, "club_Test_lifetime_overs": 31.0, "club_Test_lifetime_runs gave": 83.0, "club_T20_previous3_runs": [0.0, 28.0, 0.0], "club_T20_previous3_wickets": [0.0, 1.0, 0.0], "club_T20_previous3_balls played": [0.0, 21.0, 1.0], "club_T20_previous3_overs": [3.0, 1.0, 4.0], "club_T20_previous3_runs gave": [31.0, 6.0, 36.0], "club_T20_lifetime_runs": 38.0, "club_T20_lifetime_wickets": 35.0, "club_T20_lifetime_balls played": 38.0, "club_T20_lifetime_overs": 81.66666666666667, "club_T20_lifetime_runs gave": 728.0, "international_ODI_previous3_runs": [], "international_ODI_previous3_wickets": [], "international_ODI_previous3_balls played": [], "international_ODI_previous3_overs": [], "international_ODI_previous3_runs gave": [], "international_ODI_lifetime_runs": 0.0, "international_ODI_lifetime_wickets": 0.0, "international_ODI_lifetime_balls played": 0.0, "international_ODI_lifetime_overs": 0.0, "international_ODI_lifetime_runs gave": 0.0, "international_Test_previous3_runs": [], "international_Test_previous3_wickets": [], "international_Test_previous3_balls played": [], "international_Test_previous3_overs": [], "international_Test_previous3_runs gave": [], "international_Test_lifetime_runs": 0.0, "international_Test_lifetime_wickets": 0.0, "international_Test_lifetime_balls played": 0.0, "international_Test_lifetime_overs": 0.0, "international_Test_lifetime_runs gave": 0.0, "international_T20_previous3_runs": [], "international_T20_previous3_wickets": [], "international_T20_previous3_balls played": [], "international_T20_previous3_overs": [], "international_T20_previous3_runs gave": [], "international_T20_lifetime_runs": 0.0, "international_T20_lifetime_wickets": 0.0, "international_T20_lifetime_balls played": 0.0, "international_T20_lifetime_overs": 0.0, "international_T20_lifetime_runs gave": 0.0}