{"played_against": {"78fc85c0": {"runs": 0, "balls": 3, "wickets": 0}, "8caf9750": {"runs": 0, "balls": 4, "wickets": 0}, "386f410e": {"runs": 0, "balls": 6, "wickets": 0}, "a4d52e08": {"runs": 0, "balls": 4, "wickets": 1}, "2ea9b32c": {"runs": 13, "balls": 22, "wickets": 0}, "98dfe425": {"runs": 10, "balls": 12, "wickets": 0}, "3cfbddce": {"runs": 8, "balls": 10, "wickets": 0}, "62fa10e5": {"runs": 10, "balls": 23, "wickets": 0}, "b287e7b1": {"runs": 0, "balls": 2, "wickets": 1}}, "fifties": 0, "thirties": 1, "centuries": 0, "maidens": 0.0, "hattricks": 0, "club_ODI_previous3_runs": [], "club_ODI_previous3_wickets": [], "club_ODI_previous3_balls played": [], "club_ODI_previous3_overs": [], "club_ODI_previous3_runs gave": [], "club_ODI_lifetime_runs": 0.0, "club_ODI_lifetime_wickets": 0.0, "club_ODI_lifetime_balls played": 0.0, "club_ODI_lifetime_overs": 0.0, "club_ODI_lifetime_runs gave": 0.0, "club_Test_previous3_runs": [], "club_Test_previous3_wickets": [], "club_Test_previous3_balls played": [], "club_Test_previous3_overs": [], "club_Test_previous3_runs gave": [], "club_Test_lifetime_runs": 0.0, "club_Test_lifetime_wickets": 0.0, "club_Test_lifetime_balls played": 0.0, "club_Test_lifetime_overs": 0.0, "club_Test_lifetime_runs gave": 0.0, "club_T20_previous3_runs": [], "club_T20_previous3_wickets": [], "club_T20_previous3_balls played": [], "club_T20_previous3_overs": [], "club_T20_previous3_runs gave": [], "club_T20_lifetime_runs": 0.0, "club_T20_lifetime_wickets": 0.0, "club_T20_lifetime_balls played": 0.0, "club_T20_lifetime_overs": 0.0, "club_T20_lifetime_runs gave": 0.0, "international_ODI_previous3_runs": [0.0, 41.0], "international_ODI_previous3_wickets": [0.0, 1.0], "international_ODI_previous3_balls played": [18.0, 69.0], "international_ODI_previous3_overs": [3.0, 7.0], "international_ODI_previous3_runs gave": [18.0, 40.0], "international_ODI_lifetime_runs": 41.0, "international_ODI_lifetime_wickets": 1.0, "international_ODI_lifetime_balls played": 87.0, "international_ODI_lifetime_overs": 10.0, "international_ODI_lifetime_runs gave": 58.0, "international_Test_previous3_runs": [], "international_Test_previous3_wickets": [], "international_Test_previous3_balls played": [], "international_Test_previous3_overs": [], "international_Test_previous3_runs gave": [], "international_Test_lifetime_runs": 0.0, "international_Test_lifetime_wickets": 0.0, "international_Test_lifetime_balls played": 0.0, "international_Test_lifetime_overs": 0.0, "international_Test_lifetime_runs gave": 0.0, "international_T20_previous3_runs": [], "international_T20_previous3_wickets": [], "international_T20_previous3_balls played": [], "international_T20_previous3_overs": [], "international_T20_previous3_runs gave": [], "international_T20_lifetime_runs": 0.0, "international_T20_lifetime_wickets": 0.0, "international_T20_lifetime_balls played": 0.0, "international_T20_lifetime_overs": 0.0, "international_T20_lifetime_runs gave": 0.0}