{"played_against": {"44d6a8b8": {"runs": 0, "balls": 1, "wickets": 0}, "dcdb87f2": {"runs": 0, "balls": 1, "wickets": 1}, "af98bf5b": {"runs": 1, "balls": 1, "wickets": 0}, "596982e6": {"runs": 0, "balls": 2, "wickets": 1}, "78bbeba1": {"runs": 7, "balls": 2, "wickets": 0}, "415d30b6": {"runs": 0, "balls": 1, "wickets": 1}, "d3851cd8": {"runs": 6, "balls": 1, "wickets": 0}, "1f943bef": {"runs": 4, "balls": 2, "wickets": 0}, "62141a22": {"runs": 1, "balls": 1, "wickets": 0}}, "fifties": 0, "thirties": 0, "centuries": 0, "maidens": 2.0, "hattricks": 2, "club_ODI_previous3_runs": [], "club_ODI_previous3_wickets": [], "club_ODI_previous3_balls played": [], "club_ODI_previous3_overs": [], "club_ODI_previous3_runs gave": [], "club_ODI_lifetime_runs": 0.0, "club_ODI_lifetime_wickets": 0.0, "club_ODI_lifetime_balls played": 0.0, "club_ODI_lifetime_overs": 0.0, "club_ODI_lifetime_runs gave": 0.0, "club_Test_previous3_runs": [], "club_Test_previous3_wickets": [], "club_Test_previous3_balls played": [], "club_Test_previous3_overs": [], "club_Test_previous3_runs gave": [], "club_Test_lifetime_runs": 0.0, "club_Test_lifetime_wickets": 0.0, "club_Test_lifetime_balls played": 0.0, "club_Test_lifetime_overs": 0.0, "club_Test_lifetime_runs gave": 0.0, "club_T20_previous3_runs": [], "club_T20_previous3_wickets": [], "club_T20_previous3_balls played": [], "club_T20_previous3_overs": [], "club_T20_previous3_runs gave": [], "club_T20_lifetime_runs": 0.0, "club_T20_lifetime_wickets": 0.0, "club_T20_lifetime_balls played": 0.0, "club_T20_lifetime_overs": 0.0, "club_T20_lifetime_runs gave": 0.0, "international_ODI_previous3_runs": [], "international_ODI_previous3_wickets": [], "international_ODI_previous3_balls played": [], "international_ODI_previous3_overs": [], "international_ODI_previous3_runs gave": [], "international_ODI_lifetime_runs": 0.0, "international_ODI_lifetime_wickets": 0.0, "international_ODI_lifetime_balls played": 0.0, "international_ODI_lifetime_overs": 0.0, "international_ODI_lifetime_runs gave": 0.0, "international_Test_previous3_runs": [], "international_Test_previous3_wickets": [], "international_Test_previous3_balls played": [], "international_Test_previous3_overs": [], "international_Test_previous3_runs gave": [], "international_Test_lifetime_runs": 0.0, "international_Test_lifetime_wickets": 0.0, "international_Test_lifetime_balls played": 0.0, "international_Test_lifetime_overs": 0.0, "international_Test_lifetime_runs gave": 0.0, "international_T20_previous3_runs": [6.0, 5.0, 0.0], "international_T20_previous3_wickets": [0.0, 2.0, 2.0], "international_T20_previous3_balls played": [1.0, 3.0, 0.0], "international_T20_previous3_overs": [4.0, 4.0, 2.0], "international_T20_previous3_runs gave": [32.0, 46.0, 7.0], "international_T20_lifetime_runs": 19.0, "international_T20_lifetime_wickets": 24.0, "international_T20_lifetime_balls played": 12.0, "international_T20_lifetime_overs": 72.16666666666666, "international_T20_lifetime_runs gave": 478.0}