{"played_against": {"49118dc7": {"runs": 0, "balls": 1, "wickets": 0}, "db1bf9c2": {"runs": 1, "balls": 4, "wickets": 0}, "2af28253": {"runs": 1, "balls": 3, "wickets": 0}, "f4a0a615": {"runs": 1, "balls": 4, "wickets": 0}, "d7e51f87": {"runs": 3, "balls": 3, "wickets": 0}, "1f3b9f8d": {"runs": 1, "balls": 3, "wickets": 0}, "8088632c": {"runs": 0, "balls": 1, "wickets": 1}, "30d8136b": {"runs": 1, "balls": 3, "wickets": 0}, "f33cfd25": {"runs": 2, "balls": 2, "wickets": 0}}, "fifties": 0, "thirties": 0, "centuries": 0, "maidens": 0.0, "hattricks": 0, "club_ODI_previous3_runs": [], "club_ODI_previous3_wickets": [], "club_ODI_previous3_balls played": [], "club_ODI_previous3_overs": [], "club_ODI_previous3_runs gave": [], "club_ODI_lifetime_runs": 0.0, "club_ODI_lifetime_wickets": 0.0, "club_ODI_lifetime_balls played": 0.0, "club_ODI_lifetime_overs": 0.0, "club_ODI_lifetime_runs gave": 0.0, "club_Test_previous3_runs": [], "club_Test_previous3_wickets": [], "club_Test_previous3_balls played": [], "club_Test_previous3_overs": [], "club_Test_previous3_runs gave": [], "club_Test_lifetime_runs": 0.0, "club_Test_lifetime_wickets": 0.0, "club_Test_lifetime_balls played": 0.0, "club_Test_lifetime_overs": 0.0, "club_Test_lifetime_runs gave": 0.0, "club_T20_previous3_runs": [], "club_T20_previous3_wickets": [], "club_T20_previous3_balls played": [], "club_T20_previous3_overs": [], "club_T20_previous3_runs gave": [], "club_T20_lifetime_runs": 0.0, "club_T20_lifetime_wickets": 0.0, "club_T20_lifetime_balls played": 0.0, "club_T20_lifetime_overs": 0.0, "club_T20_lifetime_runs gave": 0.0, "international_ODI_previous3_runs": [], "international_ODI_previous3_wickets": [], "international_ODI_previous3_balls played": [], "international_ODI_previous3_overs": [], "international_ODI_previous3_runs gave": [], "international_ODI_lifetime_runs": 0.0, "international_ODI_lifetime_wickets": 0.0, "international_ODI_lifetime_balls played": 0.0, "international_ODI_lifetime_overs": 0.0, "international_ODI_lifetime_runs gave": 0.0, "international_Test_previous3_runs": [], "international_Test_previous3_wickets": [], "international_Test_previous3_balls played": [], "international_Test_previous3_overs": [], "international_Test_previous3_runs gave": [], "international_Test_lifetime_runs": 0.0, "international_Test_lifetime_wickets": 0.0, "international_Test_lifetime_balls played": 0.0, "international_Test_lifetime_overs": 0.0, "international_Test_lifetime_runs gave": 0.0, "international_T20_previous3_runs": [1.0, 3.0, 0.0], "international_T20_previous3_wickets": [1.0, 0.0, 0.0], "international_T20_previous3_balls played": [4.0, 5.0, 0.0], "international_T20_previous3_overs": [3.0, 3.0, 1.0], "international_T20_previous3_runs gave": [32.0, 31.0, 13.0], "international_T20_lifetime_runs": 10.0, "international_T20_lifetime_wickets": 3.0, "international_T20_lifetime_balls played": 24.0, "international_T20_lifetime_overs": 15.833333333333334, "international_T20_lifetime_runs gave": 140.0}