{"played_against": {"10f7b52b": {"runs": 33, "balls": 73, "wickets": 1}, "fef92afc": {"runs": 32, "balls": 71, "wickets": 3}, "f8e48647": {"runs": 33, "balls": 34, "wickets": 0}, "b87fb772": {"runs": 13, "balls": 56, "wickets": 0}, "a5ac694f": {"runs": 21, "balls": 87, "wickets": 0}, "9ba59a3c": {"runs": 9, "balls": 31, "wickets": 0}, "94238673": {"runs": 45, "balls": 111, "wickets": 3}, "f987245c": {"runs": 7, "balls": 14, "wickets": 0}, "383dd431": {"runs": 20, "balls": 51, "wickets": 1}, "d285acaf": {"runs": 15, "balls": 24, "wickets": 0}, "782fb776": {"runs": 5, "balls": 13, "wickets": 0}, "2f9d0389": {"runs": 26, "balls": 109, "wickets": 1}, "af2c687b": {"runs": 9, "balls": 23, "wickets": 0}, "51a3c5ef": {"runs": 31, "balls": 14, "wickets": 0}, "9a46c4e5": {"runs": 38, "balls": 66, "wickets": 0}, "2f55509e": {"runs": 2, "balls": 15, "wickets": 1}, "641ac5ff": {"runs": 58, "balls": 191, "wickets": 0}, "a1a5192e": {"runs": 2, "balls": 12, "wickets": 0}, "ff4ff5f5": {"runs": 4, "balls": 9, "wickets": 0}, "dbeb6733": {"runs": 40, "balls": 61, "wickets": 1}, "ed90abe4": {"runs": 8, "balls": 13, "wickets": 0}, "94d7f855": {"runs": 9, "balls": 35, "wickets": 0}, "78adc879": {"runs": 39, "balls": 62, "wickets": 1}, "a818c1be": {"runs": 0, "balls": 9, "wickets": 0}, "4e520f6c": {"runs": 41, "balls": 75, "wickets": 1}, "f5821615": {"runs": 53, "balls": 92, "wickets": 0}, "9219eff0": {"runs": 7, "balls": 24, "wickets": 0}, "19cc9592": {"runs": 10, "balls": 22, "wickets": 0}, "2ef64bd1": {"runs": 1, "balls": 5, "wickets": 0}, "25dcd237": {"runs": 13, "balls": 45, "wickets": 0}, "2a802bfd": {"runs": 3, "balls": 6, "wickets": 0}, "ed6894af": {"runs": 19, "balls": 34, "wickets": 3}, "bed90114": {"runs": 7, "balls": 9, "wickets": 0}, "48ad3373": {"runs": 62, "balls": 114, "wickets": 2}, "5426de63": {"runs": 7, "balls": 26, "wickets": 1}, "68c56d09": {"runs": 12, "balls": 19, "wickets": 2}, "861eed37": {"runs": 35, "balls": 80, "wickets": 1}, "b082d112": {"runs": 2, "balls": 2, "wickets": 0}, "fbd4f01f": {"runs": 66, "balls": 103, "wickets": 0}, "2e9fdf9b": {"runs": 70, "balls": 99, "wickets": 3}, "1ad0b441": {"runs": 8, "balls": 8, "wickets": 0}, "51a36d3e": {"runs": 16, "balls": 10, "wickets": 0}, "397f4d3a": {"runs": 51, "balls": 95, "wickets": 1}, "69c994e4": {"runs": 29, "balls": 61, "wickets": 1}, "ba5e1069": {"runs": 6, "balls": 4, "wickets": 1}, "730b57de": {"runs": 7, "balls": 5, "wickets": 0}, "74a1c1e3": {"runs": 12, "balls": 32, "wickets": 0}, "79f5bc26": {"runs": 19, "balls": 25, "wickets": 0}, "ac762575": {"runs": 2, "balls": 4, "wickets": 1}, "e1891e00": {"runs": 1, "balls": 16, "wickets": 1}, "94734e80": {"runs": 68, "balls": 138, "wickets": 2}, "eec5fe00": {"runs": 20, "balls": 27, "wickets": 1}, "99528b4b": {"runs": 0, "balls": 4, "wickets": 1}, "eade4650": {"runs": 13, "balls": 35, "wickets": 1}, "8e9a5d20": {"runs": 2, "balls": 2, "wickets": 0}, "2e966563": {"runs": 2, "balls": 2, "wickets": 0}, "fd9f43bb": {"runs": 16, "balls": 39, "wickets": 1}, "2c1438ef": {"runs": 19, "balls": 62, "wickets": 1}, "7fa12533": {"runs": 5, "balls": 6, "wickets": 0}, "33ad0ad9": {"runs": 18, "balls": 23, "wickets": 1}, "e84ac20c": {"runs": 19, "balls": 55, "wickets": 3}, "56d471f2": {"runs": 54, "balls": 49, "wickets": 2}, "70f2f922": {"runs": 38, "balls": 87, "wickets": 0}, "f28c7456": {"runs": 9, "balls": 7, "wickets": 1}, "2649b254": {"runs": 0, "balls": 1, "wickets": 1}, "13c35c9e": {"runs": 20, "balls": 36, "wickets": 2}, "c9bb898a": {"runs": 68, "balls": 47, "wickets": 0}, "149d0c18": {"runs": 7, "balls": 7, "wickets": 0}, "e4a0deae": {"runs": 16, "balls": 40, "wickets": 1}, "f45cd5c8": {"runs": 4, "balls": 13, "wickets": 0}, "e3aa97a2": {"runs": 24, "balls": 42, "wickets": 0}, "b03db6fa": {"runs": 50, "balls": 64, "wickets": 0}, "ebb1f8e8": {"runs": 19, "balls": 32, "wickets": 1}, "0085a7ce": {"runs": 35, "balls": 49, "wickets": 0}, "07793daf": {"runs": 2, "balls": 3, "wickets": 1}, "321be7e3": {"runs": 18, "balls": 18, "wickets": 1}, "0605de92": {"runs": 5, "balls": 8, "wickets": 0}, "63a1874a": {"runs": 3, "balls": 3, "wickets": 0}, "dadbdb68": {"runs": 51, "balls": 39, "wickets": 1}, "90701232": {"runs": 20, "balls": 7, "wickets": 0}, "1e1a8922": {"runs": 38, "balls": 61, "wickets": 1}, "1c06d60a": {"runs": 13, "balls": 17, "wickets": 2}, "6fb2d3a2": {"runs": 1, "balls": 8, "wickets": 0}, "ccbd3ba9": {"runs": 0, "balls": 8, "wickets": 0}, "aa8914ad": {"runs": 9, "balls": 9, "wickets": 0}, "8ce2080b": {"runs": 15, "balls": 10, "wickets": 0}, "e6e154e3": {"runs": 19, "balls": 10, "wickets": 1}, "b53136ce": {"runs": 21, "balls": 58, "wickets": 2}, "750d906e": {"runs": 3, "balls": 3, "wickets": 0}, "2767c22a": {"runs": 6, "balls": 12, "wickets": 1}, "2742086d": {"runs": 1, "balls": 1, "wickets": 0}, "30f92334": {"runs": 38, "balls": 39, "wickets": 2}, "2fef3b0c": {"runs": 9, "balls": 11, "wickets": 1}, "93f25f4f": {"runs": 2, "balls": 11, "wickets": 1}, "7068c81e": {"runs": 20, "balls": 25, "wickets": 0}, "8f3f2d61": {"runs": 13, "balls": 10, "wickets": 0}, "b1b7b7de": {"runs": 1, "balls": 1, "wickets": 0}, "cb9b8664": {"runs": 8, "balls": 6, "wickets": 0}, "f54dbda7": {"runs": 0, "balls": 4, "wickets": 0}, "e0ac7144": {"runs": 0, "balls": 11, "wickets": 0}, "e737a5fe": {"runs": 4, "balls": 4, "wickets": 1}, "f655d740": {"runs": 47, "balls": 82, "wickets": 1}, "d48c0f40": {"runs": 20, "balls": 40, "wickets": 0}, "219cc59e": {"runs": 12, "balls": 24, "wickets": 1}, "e423d162": {"runs": 1, "balls": 12, "wickets": 0}, "4c0f3806": {"runs": 22, "balls": 33, "wickets": 2}, "894b2d25": {"runs": 15, "balls": 41, "wickets": 0}, "fc4375ef": {"runs": 11, "balls": 25, "wickets": 0}, "71440756": {"runs": 28, "balls": 41, "wickets": 0}, "aa1210d8": {"runs": 15, "balls": 25, "wickets": 0}, "78eb4223": {"runs": 5, "balls": 4, "wickets": 0}, "1a2676c5": {"runs": 14, "balls": 17, "wickets": 0}, "70d57519": {"runs": 2, "balls": 5, "wickets": 0}, "208f22ea": {"runs": 10, "balls": 20, "wickets": 0}, "c672e80e": {"runs": 12, "balls": 8, "wickets": 0}, "4b685e2d": {"runs": 17, "balls": 5, "wickets": 1}, "2baad3bd": {"runs": 30, "balls": 17, "wickets": 0}, "462d7c62": {"runs": 0, "balls": 8, "wickets": 0}, "6ea2710f": {"runs": 2, "balls": 4, "wickets": 1}, "58be5e46": {"runs": 1, "balls": 2, "wickets": 0}, "7671203a": {"runs": 9, "balls": 3, "wickets": 0}, "3f659464": {"runs": 7, "balls": 4, "wickets": 0}, "ab01e323": {"runs": 13, "balls": 10, "wickets": 1}, "7ca5e05d": {"runs": 1, "balls": 1, "wickets": 0}, "56ef4f99": {"runs": 0, "balls": 1, "wickets": 1}, "1cc0a83d": {"runs": 4, "balls": 2, "wickets": 0}, "acb94221": {"runs": 1, "balls": 1, "wickets": 0}, "26d041c4": {"runs": 2, "balls": 2, "wickets": 0}, "7f048519": {"runs": 1, "balls": 1, "wickets": 0}, "f3abd0c9": {"runs": 1, "balls": 4, "wickets": 0}, "e5218454": {"runs": 11, "balls": 8, "wickets": 1}, "3c55c703": {"runs": 3, "balls": 2, "wickets": 0}, "876dbe2d": {"runs": 4, "balls": 4, "wickets": 1}, "bb351c23": {"runs": 11, "balls": 4, "wickets": 0}, "f24c6701": {"runs": 4, "balls": 3, "wickets": 0}, "de3d549a": {"runs": 5, "balls": 3, "wickets": 0}, "de7d833e": {"runs": 0, "balls": 1, "wickets": 1}}, "fifties": 3, "thirties": 22, "centuries": 0, "maidens": 311.0, "hattricks": 23, "club_ODI_previous3_runs": [], "club_ODI_previous3_wickets": [], "club_ODI_previous3_balls played": [], "club_ODI_previous3_overs": [], "club_ODI_previous3_runs gave": [], "club_ODI_lifetime_runs": 0.0, "club_ODI_lifetime_wickets": 0.0, "club_ODI_lifetime_balls played": 0.0, "club_ODI_lifetime_overs": 0.0, "club_ODI_lifetime_runs gave": 0.0, "club_Test_previous3_runs": [60.0, 1.0, 1.0], "club_Test_previous3_wickets": [1.0, 2.0, 6.0], "club_Test_previous3_balls played": [59.0, 10.0, 8.0], "club_Test_previous3_overs": [23.0, 14.0, 27.333333333333336], "club_Test_previous3_runs gave": [102.0, 31.0, 95.0], "club_Test_lifetime_runs": 1731.0, "club_Test_lifetime_wickets": 114.0, "club_Test_lifetime_balls played": 3573.0, "club_Test_lifetime_overs": 1247.833333333333, "club_Test_lifetime_runs gave": 3753.0, "club_T20_previous3_runs": [7.0, 8.0, 33.0], "club_T20_previous3_wickets": [0.0, 2.0, 0.0], "club_T20_previous3_balls played": [8.0, 10.0, 16.0], "club_T20_previous3_overs": [4.0, 3.0, 0.0], "club_T20_previous3_runs gave": [40.0, 24.0, 0.0], "club_T20_lifetime_runs": 505.0, "club_T20_lifetime_wickets": 61.0, "club_T20_lifetime_balls played": 391.0, "club_T20_lifetime_overs": 172.66666666666669, "club_T20_lifetime_runs gave": 1457.0, "international_ODI_previous3_runs": [9.0], "international_ODI_previous3_wickets": [0.0], "international_ODI_previous3_balls played": [8.0], "international_ODI_previous3_overs": [8.0], "international_ODI_previous3_runs gave": [70.0], "international_ODI_lifetime_runs": 9.0, "international_ODI_lifetime_wickets": 0.0, "international_ODI_lifetime_balls played": 8.0, "international_ODI_lifetime_overs": 8.0, "international_ODI_lifetime_runs gave": 70.0, "international_Test_previous3_runs": [], "international_Test_previous3_wickets": [], "international_Test_previous3_balls played": [], "international_Test_previous3_overs": [], "international_Test_previous3_runs gave": [], "international_Test_lifetime_runs": 0.0, "international_Test_lifetime_wickets": 0.0, "international_Test_lifetime_balls played": 0.0, "international_Test_lifetime_overs": 0.0, "international_Test_lifetime_runs gave": 0.0, "international_T20_previous3_runs": [], "international_T20_previous3_wickets": [], "international_T20_previous3_balls played": [], "international_T20_previous3_overs": [], "international_T20_previous3_runs gave": [], "international_T20_lifetime_runs": 0.0, "international_T20_lifetime_wickets": 0.0, "international_T20_lifetime_balls played": 0.0, "international_T20_lifetime_overs": 0.0, "international_T20_lifetime_runs gave": 0.0}