{"played_against": {"4705e4b1": {"runs": 4, "balls": 10, "wickets": 0}, "788afc32": {"runs": 6, "balls": 6, "wickets": 0}, "ffae3d12": {"runs": 2, "balls": 6, "wickets": 0}, "5e71e5cc": {"runs": 6, "balls": 8, "wickets": 0}, "ce057756": {"runs": 7, "balls": 8, "wickets": 0}, "56f77a56": {"runs": 7, "balls": 11, "wickets": 0}, "a0a65375": {"runs": 1, "balls": 1, "wickets": 0}, "f13d3eba": {"runs": 2, "balls": 3, "wickets": 0}, "037f2b86": {"runs": 3, "balls": 12, "wickets": 0}, "bec997fc": {"runs": 4, "balls": 7, "wickets": 0}, "558cdd64": {"runs": 7, "balls": 10, "wickets": 0}, "ad3940a5": {"runs": 1, "balls": 8, "wickets": 1}, "dd468f06": {"runs": 1, "balls": 1, "wickets": 0}, "df70c3f2": {"runs": 2, "balls": 5, "wickets": 0}, "040f11e8": {"runs": 2, "balls": 4, "wickets": 0}, "ade5c0c0": {"runs": 1, "balls": 5, "wickets": 0}, "5728635a": {"runs": 0, "balls": 1, "wickets": 0}, "44c3cb6d": {"runs": 1, "balls": 1, "wickets": 0}}, "fifties": 0, "thirties": 1, "centuries": 0, "maidens": 0.0, "hattricks": 0, "club_ODI_previous3_runs": [], "club_ODI_previous3_wickets": [], "club_ODI_previous3_balls played": [], "club_ODI_previous3_overs": [], "club_ODI_previous3_runs gave": [], "club_ODI_lifetime_runs": 0.0, "club_ODI_lifetime_wickets": 0.0, "club_ODI_lifetime_balls played": 0.0, "club_ODI_lifetime_overs": 0.0, "club_ODI_lifetime_runs gave": 0.0, "club_Test_previous3_runs": [], "club_Test_previous3_wickets": [], "club_Test_previous3_balls played": [], "club_Test_previous3_overs": [], "club_Test_previous3_runs gave": [], "club_Test_lifetime_runs": 0.0, "club_Test_lifetime_wickets": 0.0, "club_Test_lifetime_balls played": 0.0, "club_Test_lifetime_overs": 0.0, "club_Test_lifetime_runs gave": 0.0, "club_T20_previous3_runs": [], "club_T20_previous3_wickets": [], "club_T20_previous3_balls played": [], "club_T20_previous3_overs": [], "club_T20_previous3_runs gave": [], "club_T20_lifetime_runs": 0.0, "club_T20_lifetime_wickets": 0.0, "club_T20_lifetime_balls played": 0.0, "club_T20_lifetime_overs": 0.0, "club_T20_lifetime_runs gave": 0.0, "international_ODI_previous3_runs": [], "international_ODI_previous3_wickets": [], "international_ODI_previous3_balls played": [], "international_ODI_previous3_overs": [], "international_ODI_previous3_runs gave": [], "international_ODI_lifetime_runs": 0.0, "international_ODI_lifetime_wickets": 0.0, "international_ODI_lifetime_balls played": 0.0, "international_ODI_lifetime_overs": 0.0, "international_ODI_lifetime_runs gave": 0.0, "international_Test_previous3_runs": [], "international_Test_previous3_wickets": [], "international_Test_previous3_balls played": [], "international_Test_previous3_overs": [], "international_Test_previous3_runs gave": [], "international_Test_lifetime_runs": 0.0, "international_Test_lifetime_wickets": 0.0, "international_Test_lifetime_balls played": 0.0, "international_Test_lifetime_overs": 0.0, "international_Test_lifetime_runs gave": 0.0, "international_T20_previous3_runs": [15.0, 5.0, 2.0], "international_T20_previous3_wickets": [0.0, 0.0, 0.0], "international_T20_previous3_balls played": [37.0, 10.0, 8.0], "international_T20_previous3_overs": [0.0, 0.0, 0.0], "international_T20_previous3_runs gave": [0.0, 0.0, 0.0], "international_T20_lifetime_runs": 57.0, "international_T20_lifetime_wickets": 0.0, "international_T20_lifetime_balls played": 108.0, "international_T20_lifetime_overs": 0.0, "international_T20_lifetime_runs gave": 0.0}