{"played_against": {"2498e163": {"runs": 2, "balls": 6, "wickets": 0}, "fd835ab3": {"runs": 10, "balls": 7, "wickets": 0}, "63bff7f9": {"runs": 18, "balls": 14, "wickets": 2}, "4c61a0f9": {"runs": 22, "balls": 6, "wickets": 0}, "b2a79f17": {"runs": 11, "balls": 4, "wickets": 0}, "f5180fe6": {"runs": 6, "balls": 5, "wickets": 1}, "8ea6e670": {"runs": 2, "balls": 2, "wickets": 0}, "db584dad": {"runs": 7, "balls": 4, "wickets": 0}, "b57f8a9a": {"runs": 1, "balls": 2, "wickets": 0}, "5bb1a1c4": {"runs": 4, "balls": 6, "wickets": 1}, "1c914163": {"runs": 6, "balls": 8, "wickets": 0}, "98ae73b1": {"runs": 7, "balls": 3, "wickets": 0}, "5fa06777": {"runs": 6, "balls": 4, "wickets": 0}, "4353bba5": {"runs": 17, "balls": 7, "wickets": 1}, "fe93fd9d": {"runs": 14, "balls": 10, "wickets": 1}, "bb18be76": {"runs": 2, "balls": 2, "wickets": 0}, "5bb5a915": {"runs": 6, "balls": 3, "wickets": 0}, "c69a7b5c": {"runs": 2, "balls": 2, "wickets": 0}, "5b040b81": {"runs": 1, "balls": 2, "wickets": 1}, "a12e1d51": {"runs": 8, "balls": 5, "wickets": 0}, "f24ca2ba": {"runs": 2, "balls": 2, "wickets": 0}, "8b5b6769": {"runs": 1, "balls": 1, "wickets": 0}, "4ba44e19": {"runs": 1, "balls": 4, "wickets": 0}, "b2b50355": {"runs": 2, "balls": 2, "wickets": 0}, "c3d1402f": {"runs": 14, "balls": 15, "wickets": 0}, "12eddf28": {"runs": 13, "balls": 9, "wickets": 0}, "bd77eb62": {"runs": 12, "balls": 10, "wickets": 0}, "6c6591ab": {"runs": 19, "balls": 10, "wickets": 0}, "d7b3a420": {"runs": 0, "balls": 1, "wickets": 0}, "ae78bc32": {"runs": 0, "balls": 2, "wickets": 0}, "c3d35165": {"runs": 6, "balls": 9, "wickets": 1}, "57efa3be": {"runs": 0, "balls": 3, "wickets": 0}, "b68a30f0": {"runs": 0, "balls": 1, "wickets": 0}, "5673a3fc": {"runs": 0, "balls": 2, "wickets": 1}, "a7c226e1": {"runs": 29, "balls": 19, "wickets": 0}, "4180d897": {"runs": 0, "balls": 2, "wickets": 1}, "ea0cdc12": {"runs": 2, "balls": 3, "wickets": 0}, "d12143bf": {"runs": 3, "balls": 8, "wickets": 2}, "58043739": {"runs": 21, "balls": 26, "wickets": 0}, "e938e1bc": {"runs": 14, "balls": 10, "wickets": 0}, "6b8eb6e5": {"runs": 4, "balls": 4, "wickets": 1}, "896d78ad": {"runs": 1, "balls": 2, "wickets": 1}, "05d74535": {"runs": 2, "balls": 2, "wickets": 0}, "78eb4223": {"runs": 1, "balls": 1, "wickets": 0}, "a757b0d8": {"runs": 8, "balls": 8, "wickets": 0}, "87e562a9": {"runs": 20, "balls": 12, "wickets": 0}, "ef5da05c": {"runs": 1, "balls": 2, "wickets": 0}, "addfb70e": {"runs": 2, "balls": 4, "wickets": 0}, "5d096f3d": {"runs": 1, "balls": 1, "wickets": 0}, "b0b320a0": {"runs": 14, "balls": 12, "wickets": 0}, "6042bf26": {"runs": 1, "balls": 1, "wickets": 0}, "78ba5d1b": {"runs": 4, "balls": 5, "wickets": 0}, "0dc00542": {"runs": 12, "balls": 6, "wickets": 0}, "c404f58a": {"runs": 2, "balls": 2, "wickets": 0}, "390ff45b": {"runs": 4, "balls": 3, "wickets": 0}, "6821ac10": {"runs": 8, "balls": 14, "wickets": 0}, "d7a57f75": {"runs": 0, "balls": 1, "wickets": 1}, "4aad78d3": {"runs": 13, "balls": 6, "wickets": 0}, "a386e91b": {"runs": 13, "balls": 7, "wickets": 1}, "4ec07775": {"runs": 3, "balls": 4, "wickets": 0}, "1b05424f": {"runs": 2, "balls": 2, "wickets": 0}, "fb66ce1f": {"runs": 21, "balls": 21, "wickets": 1}, "7f8ecc51": {"runs": 18, "balls": 22, "wickets": 1}, "11614d87": {"runs": 13, "balls": 7, "wickets": 1}, "d3cc2954": {"runs": 2, "balls": 2, "wickets": 0}, "26d9937d": {"runs": 14, "balls": 7, "wickets": 0}, "cca50cd6": {"runs": 3, "balls": 3, "wickets": 0}, "88867cac": {"runs": 2, "balls": 3, "wickets": 0}, "6581d753": {"runs": 14, "balls": 6, "wickets": 1}, "537f5ab2": {"runs": 2, "balls": 4, "wickets": 0}, "64d43928": {"runs": 4, "balls": 6, "wickets": 1}, "acee4cc4": {"runs": 2, "balls": 12, "wickets": 1}, "9df3a2f4": {"runs": 0, "balls": 1, "wickets": 1}, "b56dc5f7": {"runs": 6, "balls": 9, "wickets": 2}, "d1c94b25": {"runs": 0, "balls": 4, "wickets": 0}, "9c1ccdea": {"runs": 7, "balls": 6, "wickets": 0}, "9a158001": {"runs": 9, "balls": 13, "wickets": 1}, "c654af19": {"runs": 52, "balls": 54, "wickets": 1}, "9d50c7e1": {"runs": 38, "balls": 20, "wickets": 1}, "6a0537aa": {"runs": 12, "balls": 16, "wickets": 0}, "33085ffb": {"runs": 9, "balls": 12, "wickets": 0}, "97b0e4ff": {"runs": 23, "balls": 16, "wickets": 1}, "016e5101": {"runs": 17, "balls": 10, "wickets": 1}, "0b60eb09": {"runs": 35, "balls": 46, "wickets": 1}, "7ca5e05d": {"runs": 31, "balls": 29, "wickets": 0}, "dec8e038": {"runs": 2, "balls": 2, "wickets": 0}, "1a0c3177": {"runs": 2, "balls": 6, "wickets": 1}, "495d42a5": {"runs": 11, "balls": 51, "wickets": 1}, "0f721006": {"runs": 4, "balls": 3, "wickets": 0}, "4bb02ef1": {"runs": 2, "balls": 4, "wickets": 1}, "8b248d88": {"runs": 22, "balls": 14, "wickets": 1}, "a9da7784": {"runs": 49, "balls": 64, "wickets": 0}, "a316d663": {"runs": 2, "balls": 2, "wickets": 0}, "9d430b40": {"runs": 9, "balls": 17, "wickets": 0}, "26ff4c29": {"runs": 4, "balls": 1, "wickets": 0}, "78dfe704": {"runs": 2, "balls": 4, "wickets": 0}, "684a56df": {"runs": 1, "balls": 3, "wickets": 1}, "76388dc8": {"runs": 5, "balls": 7, "wickets": 0}, "364ee2cf": {"runs": 16, "balls": 10, "wickets": 0}, "99ed60f8": {"runs": 0, "balls": 1, "wickets": 1}, "557153ca": {"runs": 1, "balls": 3, "wickets": 1}, "462d7c62": {"runs": 3, "balls": 3, "wickets": 1}, "a1d95bd8": {"runs": 10, "balls": 9, "wickets": 0}, "bbd41817": {"runs": 14, "balls": 13, "wickets": 0}, "1252f71a": {"runs": 5, "balls": 8, "wickets": 1}, "28131839": {"runs": 15, "balls": 17, "wickets": 0}, "f43dd8c2": {"runs": 13, "balls": 15, "wickets": 0}, "d3868bd0": {"runs": 5, "balls": 14, "wickets": 0}, "e9a870ed": {"runs": 23, "balls": 27, "wickets": 1}, "3748955d": {"runs": 6, "balls": 2, "wickets": 0}, "34464143": {"runs": 1, "balls": 1, "wickets": 0}, "681af475": {"runs": 4, "balls": 2, "wickets": 1}, "7bf34437": {"runs": 4, "balls": 1, "wickets": 0}, "49118dc7": {"runs": 9, "balls": 14, "wickets": 2}, "e85d03d6": {"runs": 9, "balls": 10, "wickets": 1}, "9ff7f691": {"runs": 4, "balls": 5, "wickets": 0}, "47e20f64": {"runs": 10, "balls": 6, "wickets": 1}, "5af592d2": {"runs": 3, "balls": 4, "wickets": 0}, "e21bc7f3": {"runs": 13, "balls": 18, "wickets": 0}, "85d8110a": {"runs": 1, "balls": 1, "wickets": 0}, "e6d298e8": {"runs": 15, "balls": 17, "wickets": 0}, "26534b48": {"runs": 1, "balls": 5, "wickets": 0}, "18eaf2fa": {"runs": 1, "balls": 2, "wickets": 0}, "79b4839e": {"runs": 15, "balls": 18, "wickets": 0}, "4c7df2c8": {"runs": 8, "balls": 9, "wickets": 0}, "d1988788": {"runs": 9, "balls": 19, "wickets": 1}, "927694f7": {"runs": 4, "balls": 7, "wickets": 1}, "e186f49c": {"runs": 1, "balls": 3, "wickets": 1}, "99cddc5e": {"runs": 25, "balls": 17, "wickets": 1}, "c1f6c27e": {"runs": 21, "balls": 27, "wickets": 2}, "d68e7f48": {"runs": 16, "balls": 11, "wickets": 0}, "7b1e20ea": {"runs": 4, "balls": 23, "wickets": 2}, "1427277f": {"runs": 3, "balls": 6, "wickets": 0}, "5ac8f17b": {"runs": 36, "balls": 36, "wickets": 0}, "15101f12": {"runs": 31, "balls": 18, "wickets": 0}, "1f572ee8": {"runs": 6, "balls": 4, "wickets": 1}, "f3abd0c9": {"runs": 43, "balls": 27, "wickets": 0}, "aa8d28ae": {"runs": 55, "balls": 30, "wickets": 1}, "a73321d3": {"runs": 11, "balls": 3, "wickets": 0}, "98eacfe5": {"runs": 7, "balls": 4, "wickets": 0}, "245c97cb": {"runs": 11, "balls": 15, "wickets": 2}, "0bec3a6c": {"runs": 23, "balls": 27, "wickets": 2}, "0a12e736": {"runs": 43, "balls": 30, "wickets": 1}, "e94915e6": {"runs": 47, "balls": 30, "wickets": 0}, "e86754b2": {"runs": 49, "balls": 34, "wickets": 0}, "b082d112": {"runs": 1, "balls": 1, "wickets": 0}, "1179469b": {"runs": 13, "balls": 9, "wickets": 0}, "49b6c09f": {"runs": 9, "balls": 6, "wickets": 0}, "e9d5218e": {"runs": 7, "balls": 4, "wickets": 0}, "d66edc9a": {"runs": 1, "balls": 3, "wickets": 1}, "1ad0b441": {"runs": 2, "balls": 3, "wickets": 0}, "7c7d63a2": {"runs": 34, "balls": 16, "wickets": 1}, "01a95383": {"runs": 20, "balls": 13, "wickets": 0}, "ee0c05c0": {"runs": 31, "balls": 31, "wickets": 0}, "cf73ad76": {"runs": 11, "balls": 4, "wickets": 0}, "6c6aca89": {"runs": 14, "balls": 14, "wickets": 1}, "dda5aae5": {"runs": 11, "balls": 6, "wickets": 1}, "ccdd8308": {"runs": 30, "balls": 17, "wickets": 2}, "e62dd25d": {"runs": 7, "balls": 6, "wickets": 0}, "ad212f96": {"runs": 65, "balls": 37, "wickets": 1}, "eddf25bd": {"runs": 5, "balls": 4, "wickets": 0}, "c995d726": {"runs": 8, "balls": 8, "wickets": 1}, "5da34add": {"runs": 28, "balls": 14, "wickets": 1}, "d99cc23a": {"runs": 23, "balls": 15, "wickets": 1}, "450f6fa6": {"runs": 9, "balls": 8, "wickets": 0}, "e91de70e": {"runs": 5, "balls": 7, "wickets": 0}, "cf494ffe": {"runs": 6, "balls": 3, "wickets": 0}, "f1ba9ed7": {"runs": 19, "balls": 13, "wickets": 1}, "c89474d1": {"runs": 3, "balls": 4, "wickets": 0}, "42151725": {"runs": 31, "balls": 37, "wickets": 0}, "4a461c24": {"runs": 14, "balls": 31, "wickets": 1}, "71440756": {"runs": 0, "balls": 1, "wickets": 0}, "8d92a2c3": {"runs": 15, "balls": 9, "wickets": 1}, "e737a5fe": {"runs": 9, "balls": 10, "wickets": 0}, "51e1ed69": {"runs": 35, "balls": 23, "wickets": 0}, "57330536": {"runs": 3, "balls": 6, "wickets": 0}, "3c4007d3": {"runs": 3, "balls": 4, "wickets": 0}, "b410bd3d": {"runs": 11, "balls": 17, "wickets": 1}, "3f61a062": {"runs": 56, "balls": 52, "wickets": 0}, "75223da4": {"runs": 23, "balls": 38, "wickets": 0}, "f0a0204e": {"runs": 68, "balls": 65, "wickets": 0}, "ad962377": {"runs": 11, "balls": 21, "wickets": 0}, "bbbb7f1e": {"runs": 10, "balls": 14, "wickets": 0}, "f5821615": {"runs": 13, "balls": 29, "wickets": 0}, "2223b920": {"runs": 30, "balls": 53, "wickets": 2}, "6c908ffc": {"runs": 9, "balls": 7, "wickets": 0}, "72253b87": {"runs": 6, "balls": 3, "wickets": 0}, "c5d7b244": {"runs": 13, "balls": 6, "wickets": 0}, "dcdb87f2": {"runs": 16, "balls": 6, "wickets": 0}, "d3851cd8": {"runs": 46, "balls": 48, "wickets": 0}, "f6c2659d": {"runs": 90, "balls": 69, "wickets": 2}, "70456281": {"runs": 12, "balls": 20, "wickets": 0}, "5f5ca1a7": {"runs": 17, "balls": 35, "wickets": 1}, "023f6b02": {"runs": 64, "balls": 60, "wickets": 0}, "552b228c": {"runs": 4, "balls": 10, "wickets": 0}, "571f11e4": {"runs": 8, "balls": 9, "wickets": 0}, "e3eb9e46": {"runs": 3, "balls": 4, "wickets": 1}, "78adc879": {"runs": 8, "balls": 15, "wickets": 2}, "23638956": {"runs": 57, "balls": 49, "wickets": 0}, "9bab2b81": {"runs": 25, "balls": 36, "wickets": 0}, "5b6d248a": {"runs": 4, "balls": 8, "wickets": 1}, "7be8a0ed": {"runs": 38, "balls": 25, "wickets": 1}, "eb9cb105": {"runs": 39, "balls": 26, "wickets": 0}, "5574750c": {"runs": 7, "balls": 8, "wickets": 1}, "f752db61": {"runs": 1, "balls": 2, "wickets": 0}, "eba6a852": {"runs": 23, "balls": 13, "wickets": 0}, "0e0d43b4": {"runs": 8, "balls": 5, "wickets": 0}, "18fac429": {"runs": 23, "balls": 26, "wickets": 0}, "e412cb64": {"runs": 19, "balls": 16, "wickets": 1}, "97e434a6": {"runs": 3, "balls": 3, "wickets": 0}, "e174dadd": {"runs": 17, "balls": 13, "wickets": 1}, "57590dbb": {"runs": 1, "balls": 1, "wickets": 0}, "ad9c32a2": {"runs": 4, "balls": 3, "wickets": 0}, "13c35c9e": {"runs": 11, "balls": 9, "wickets": 1}, "8db7f47f": {"runs": 4, "balls": 4, "wickets": 0}, "9219eff0": {"runs": 2, "balls": 1, "wickets": 0}, "ffe699c0": {"runs": 26, "balls": 24, "wickets": 2}, "aed5be04": {"runs": 4, "balls": 4, "wickets": 0}, "0f12f9df": {"runs": 5, "balls": 3, "wickets": 1}, "8728a058": {"runs": 29, "balls": 36, "wickets": 0}, "32198ae0": {"runs": 7, "balls": 3, "wickets": 0}, "350bb1b1": {"runs": 8, "balls": 7, "wickets": 0}, "9395f98e": {"runs": 5, "balls": 7, "wickets": 2}, "d4eef961": {"runs": 17, "balls": 14, "wickets": 2}, "2a2e6343": {"runs": 6, "balls": 4, "wickets": 0}, "3d0ed2f9": {"runs": 10, "balls": 7, "wickets": 1}, "025a092b": {"runs": 34, "balls": 31, "wickets": 2}, "ab343e93": {"runs": 2, "balls": 4, "wickets": 0}, "6cedad99": {"runs": 2, "balls": 6, "wickets": 0}, "753b5a2d": {"runs": 2, "balls": 4, "wickets": 0}, "7fa6bd8e": {"runs": 6, "balls": 6, "wickets": 1}, "243431b5": {"runs": 4, "balls": 7, "wickets": 0}, "29b89ae8": {"runs": 16, "balls": 19, "wickets": 1}, "0226b73a": {"runs": 4, "balls": 7, "wickets": 0}, "4861d29b": {"runs": 4, "balls": 10, "wickets": 0}, "5faa30f7": {"runs": 2, "balls": 3, "wickets": 0}, "4d1ec7eb": {"runs": 7, "balls": 11, "wickets": 0}, "a36915ce": {"runs": 14, "balls": 12, "wickets": 0}, "4d84ad05": {"runs": 8, "balls": 15, "wickets": 1}, "d996ba33": {"runs": 4, "balls": 2, "wickets": 0}, "72e60730": {"runs": 7, "balls": 6, "wickets": 0}, "5be810ba": {"runs": 0, "balls": 2, "wickets": 1}, "6a685375": {"runs": 2, "balls": 2, "wickets": 0}, "e342e5fb": {"runs": 14, "balls": 7, "wickets": 0}, "4a745f65": {"runs": 1, "balls": 3, "wickets": 0}, "12c3ba4d": {"runs": 11, "balls": 22, "wickets": 0}, "2d8aae2f": {"runs": 3, "balls": 6, "wickets": 0}, "f53b3e1d": {"runs": 3, "balls": 3, "wickets": 0}, "6ad2d5f7": {"runs": 4, "balls": 6, "wickets": 1}, "0f3ee070": {"runs": 7, "balls": 5, "wickets": 0}, "a790df98": {"runs": 14, "balls": 11, "wickets": 1}, "74a274cc": {"runs": 19, "balls": 10, "wickets": 0}, "5b3acc53": {"runs": 4, "balls": 5, "wickets": 0}, "5fed6272": {"runs": 1, "balls": 3, "wickets": 0}, "8fd1a8f5": {"runs": 5, "balls": 4, "wickets": 1}, "3dcd1e8d": {"runs": 0, "balls": 4, "wickets": 2}, "7f3ad1ed": {"runs": 10, "balls": 5, "wickets": 1}, "c9945bdf": {"runs": 6, "balls": 7, "wickets": 0}, "3766056b": {"runs": 2, "balls": 3, "wickets": 1}, "6a2fadd0": {"runs": 7, "balls": 3, "wickets": 1}, "1cfac535": {"runs": 11, "balls": 8, "wickets": 0}, "978bd738": {"runs": 9, "balls": 4, "wickets": 0}, "5f547c8b": {"runs": 11, "balls": 6, "wickets": 0}, "fa433be6": {"runs": 11, "balls": 8, "wickets": 0}, "cb1a782a": {"runs": 1, "balls": 2, "wickets": 0}, "d34a2268": {"runs": 2, "balls": 3, "wickets": 0}, "5db1c288": {"runs": 11, "balls": 6, "wickets": 0}, "a510bdd3": {"runs": 14, "balls": 4, "wickets": 0}, "1efd12d1": {"runs": 19, "balls": 11, "wickets": 2}, "3a60e0b5": {"runs": 2, "balls": 2, "wickets": 0}, "3abe1ef6": {"runs": 18, "balls": 13, "wickets": 0}, "59792462": {"runs": 17, "balls": 12, "wickets": 0}, "afe57f7a": {"runs": 19, "balls": 11, "wickets": 0}, "5bbabe59": {"runs": 5, "balls": 6, "wickets": 1}, "dbfb8218": {"runs": 20, "balls": 12, "wickets": 1}, "3300d23c": {"runs": 6, "balls": 11, "wickets": 0}, "b08252b8": {"runs": 33, "balls": 17, "wickets": 0}, "26d041c4": {"runs": 24, "balls": 16, "wickets": 1}, "49691d7a": {"runs": 11, "balls": 10, "wickets": 1}, "62af8546": {"runs": 1, "balls": 1, "wickets": 0}, "e5652e3d": {"runs": 0, "balls": 1, "wickets": 1}, "14f96089": {"runs": 2, "balls": 3, "wickets": 0}, "f54dbda7": {"runs": 0, "balls": 1, "wickets": 1}, "ba377b40": {"runs": 11, "balls": 7, "wickets": 0}, "6c79c098": {"runs": 31, "balls": 19, "wickets": 2}, "c78a879c": {"runs": 7, "balls": 2, "wickets": 0}, "b21ed464": {"runs": 0, "balls": 2, "wickets": 0}, "a8e56914": {"runs": 12, "balls": 13, "wickets": 0}, "4167f30b": {"runs": 26, "balls": 34, "wickets": 0}, "679cd31e": {"runs": 4, "balls": 6, "wickets": 0}, "e43aa7ed": {"runs": 10, "balls": 9, "wickets": 1}, "33b3d2df": {"runs": 12, "balls": 8, "wickets": 0}, "c8065f31": {"runs": 2, "balls": 3, "wickets": 0}, "bd0a4a7d": {"runs": 13, "balls": 9, "wickets": 0}, "fc55ec67": {"runs": 12, "balls": 7, "wickets": 0}, "64fb6b15": {"runs": 11, "balls": 10, "wickets": 0}, "934b36a6": {"runs": 0, "balls": 1, "wickets": 0}, "d5ae21a2": {"runs": 9, "balls": 5, "wickets": 0}, "be0f9ce9": {"runs": 7, "balls": 2, "wickets": 0}, "00321fff": {"runs": 7, "balls": 2, "wickets": 0}, "296358c9": {"runs": 9, "balls": 11, "wickets": 0}, "65122d56": {"runs": 9, "balls": 4, "wickets": 0}, "5680f1ad": {"runs": 10, "balls": 9, "wickets": 0}, "c07a1f41": {"runs": 7, "balls": 5, "wickets": 0}, "c57fa67e": {"runs": 0, "balls": 0, "wickets": 0}, "017faef2": {"runs": 2, "balls": 2, "wickets": 0}, "f7b2cbe8": {"runs": 1, "balls": 1, "wickets": 0}, "3c87f0c3": {"runs": 3, "balls": 4, "wickets": 1}, "8f1e023f": {"runs": 3, "balls": 3, "wickets": 0}, "797f52cc": {"runs": 2, "balls": 2, "wickets": 0}, "f092b4c7": {"runs": 3, "balls": 2, "wickets": 0}, "44c69e2b": {"runs": 6, "balls": 3, "wickets": 0}, "dd5a9067": {"runs": 1, "balls": 2, "wickets": 0}, "f1f99156": {"runs": 4, "balls": 1, "wickets": 0}, "c70448aa": {"runs": 1, "balls": 2, "wickets": 0}, "acdc62f5": {"runs": 3, "balls": 3, "wickets": 0}, "8361e524": {"runs": 6, "balls": 6, "wickets": 0}, "b3118300": {"runs": 1, "balls": 2, "wickets": 0}, "1cb14aa4": {"runs": 13, "balls": 6, "wickets": 0}, "56feceb0": {"runs": 5, "balls": 3, "wickets": 0}, "03df7a25": {"runs": 1, "balls": 7, "wickets": 0}, "6daf5e8c": {"runs": 0, "balls": 1, "wickets": 0}, "b7a6a60b": {"runs": 1, "balls": 2, "wickets": 1}, "e871a7a1": {"runs": 24, "balls": 28, "wickets": 0}, "0dbe27b8": {"runs": 20, "balls": 31, "wickets": 1}, "07c8a2f4": {"runs": 2, "balls": 13, "wickets": 0}, "449f4e3c": {"runs": 22, "balls": 17, "wickets": 0}, "e0ac7144": {"runs": 4, "balls": 2, "wickets": 1}, "0f21680d": {"runs": 3, "balls": 3, "wickets": 0}, "5239d782": {"runs": 9, "balls": 4, "wickets": 0}, "fc63d916": {"runs": 7, "balls": 4, "wickets": 0}, "e5218454": {"runs": 2, "balls": 2, "wickets": 0}, "3f659464": {"runs": 10, "balls": 4, "wickets": 1}, "819ae1ad": {"runs": 7, "balls": 10, "wickets": 0}, "79c7041c": {"runs": 23, "balls": 29, "wickets": 0}, "fec369cd": {"runs": 4, "balls": 10, "wickets": 1}, "078ffbf2": {"runs": 20, "balls": 19, "wickets": 0}, "aa1210d8": {"runs": 11, "balls": 15, "wickets": 0}, "ed12fcd7": {"runs": 18, "balls": 14, "wickets": 0}, "1a156c88": {"runs": 23, "balls": 12, "wickets": 0}, "c5f40e35": {"runs": 1, "balls": 3, "wickets": 2}, "c672e80e": {"runs": 11, "balls": 13, "wickets": 0}, "6ea2710f": {"runs": 22, "balls": 30, "wickets": 0}, "ea3d687a": {"runs": 0, "balls": 2, "wickets": 1}, "208f22ea": {"runs": 2, "balls": 6, "wickets": 1}, "1ca7c00f": {"runs": 1, "balls": 1, "wickets": 0}, "249d60c9": {"runs": 1, "balls": 5, "wickets": 0}, "4c0f3806": {"runs": 6, "balls": 3, "wickets": 0}, "894b2d25": {"runs": 4, "balls": 6, "wickets": 0}, "7d92277a": {"runs": 1, "balls": 1, "wickets": 0}, "2f9d0389": {"runs": 4, "balls": 6, "wickets": 0}, "0f6db197": {"runs": 6, "balls": 3, "wickets": 0}, "b3544c5d": {"runs": 0, "balls": 1, "wickets": 0}, "35c08a29": {"runs": 4, "balls": 2, "wickets": 1}, "b9877635": {"runs": 18, "balls": 24, "wickets": 0}, "23dee937": {"runs": 24, "balls": 23, "wickets": 1}, "19708692": {"runs": 2, "balls": 6, "wickets": 0}, "bca21d18": {"runs": 4, "balls": 3, "wickets": 0}, "8d5d991e": {"runs": 7, "balls": 5, "wickets": 1}, "478a63e7": {"runs": 0, "balls": 1, "wickets": 1}, "327b58d3": {"runs": 0, "balls": 3, "wickets": 1}, "a089f93f": {"runs": 11, "balls": 29, "wickets": 1}, "9eb1455b": {"runs": 9, "balls": 7, "wickets": 1}, "529eb9e0": {"runs": 1, "balls": 2, "wickets": 0}, "c042b412": {"runs": 1, "balls": 2, "wickets": 0}, "59559bc2": {"runs": 8, "balls": 10, "wickets": 0}, "9caf69a1": {"runs": 1, "balls": 8, "wickets": 0}, "70d57519": {"runs": 3, "balls": 11, "wickets": 0}, "5ccdb14f": {"runs": 0, "balls": 1, "wickets": 1}, "4933f499": {"runs": 2, "balls": 3, "wickets": 0}, "0b9a4ad6": {"runs": 6, "balls": 3, "wickets": 0}, "19b9f399": {"runs": 1, "balls": 1, "wickets": 0}, "861eed37": {"runs": 13, "balls": 24, "wickets": 0}, "65b6943c": {"runs": 15, "balls": 18, "wickets": 2}, "7a8a0237": {"runs": 21, "balls": 18, "wickets": 0}, "e423d162": {"runs": 7, "balls": 4, "wickets": 0}, "a03bba42": {"runs": 4, "balls": 4, "wickets": 0}, "caf69bf7": {"runs": 14, "balls": 12, "wickets": 3}, "84dc72db": {"runs": 9, "balls": 8, "wickets": 1}, "4751caa3": {"runs": 0, "balls": 0, "wickets": 0}, "9de62878": {"runs": 3, "balls": 2, "wickets": 0}, "9c9af282": {"runs": 1, "balls": 2, "wickets": 0}, "24bb1c2f": {"runs": 1, "balls": 2, "wickets": 1}, "6e3f5a5c": {"runs": 0, "balls": 3, "wickets": 0}, "3204c99f": {"runs": 34, "balls": 17, "wickets": 1}, "f24c6701": {"runs": 10, "balls": 8, "wickets": 0}, "465aa633": {"runs": 6, "balls": 6, "wickets": 0}, "c5aef772": {"runs": 1, "balls": 2, "wickets": 0}, "a77472dc": {"runs": 2, "balls": 3, "wickets": 0}, "15de1f5d": {"runs": 1, "balls": 2, "wickets": 0}, "e9987a94": {"runs": 1, "balls": 1, "wickets": 0}, "be869ccf": {"runs": 1, "balls": 1, "wickets": 0}, "8f2dfebf": {"runs": 0, "balls": 1, "wickets": 1}, "cdd875d9": {"runs": 7, "balls": 3, "wickets": 0}, "3f1066d0": {"runs": 1, "balls": 2, "wickets": 0}, "4d7f517e": {"runs": 6, "balls": 5, "wickets": 0}, "6f95e5fa": {"runs": 1, "balls": 2, "wickets": 0}, "a61bcb94": {"runs": 1, "balls": 1, "wickets": 0}, "ded9ff1e": {"runs": 9, "balls": 3, "wickets": 0}, "97bdec3d": {"runs": 1, "balls": 1, "wickets": 0}, "45a7e761": {"runs": 2, "balls": 3, "wickets": 0}, "3086f7a4": {"runs": 2, "balls": 4, "wickets": 0}, "e4a0deae": {"runs": 0, "balls": 4, "wickets": 1}, "f834dcfc": {"runs": 1, "balls": 2, "wickets": 1}, "de7d833e": {"runs": 4, "balls": 4, "wickets": 1}, "fb3e0d39": {"runs": 3, "balls": 3, "wickets": 0}, "bb351c23": {"runs": 0, "balls": 3, "wickets": 1}, "8d2c70ad": {"runs": 6, "balls": 5, "wickets": 0}, "4c5d73db": {"runs": 2, "balls": 1, "wickets": 0}, "098a757c": {"runs": 12, "balls": 6, "wickets": 0}, "9cb8d7a6": {"runs": 2, "balls": 3, "wickets": 0}, "b0eaaac6": {"runs": 10, "balls": 9, "wickets": 0}, "ff6a7ab5": {"runs": 2, "balls": 3, "wickets": 0}, "c1077ba3": {"runs": 5, "balls": 2, "wickets": 0}, "1747ea18": {"runs": 9, "balls": 5, "wickets": 0}, "7e9f1cde": {"runs": 1, "balls": 1, "wickets": 0}, "4b685e2d": {"runs": 1, "balls": 1, "wickets": 0}, "1a2676c5": {"runs": 0, "balls": 1, "wickets": 1}, "7d7233a9": {"runs": 3, "balls": 3, "wickets": 0}, "80e44dc5": {"runs": 7, "balls": 5, "wickets": 0}, "dfc3f02d": {"runs": 1, "balls": 1, "wickets": 0}, "b82e3032": {"runs": 3, "balls": 4, "wickets": 1}, "fbfea9c2": {"runs": 5, "balls": 7, "wickets": 0}, "212aeedd": {"runs": 8, "balls": 5, "wickets": 1}, "f892fcf9": {"runs": 4, "balls": 6, "wickets": 0}, "9a2fc964": {"runs": 1, "balls": 3, "wickets": 0}, "2eece016": {"runs": 2, "balls": 7, "wickets": 0}, "f5715b48": {"runs": 2, "balls": 3, "wickets": 1}, "e29e9c12": {"runs": 2, "balls": 5, "wickets": 0}, "526e006d": {"runs": 1, "balls": 4, "wickets": 0}, "7ecb9a14": {"runs": 2, "balls": 11, "wickets": 1}, "80de053e": {"runs": 0, "balls": 1, "wickets": 1}}, "fifties": 3, "thirties": 40, "centuries": 0, "maidens": 140.0, "hattricks": 26, "club_ODI_previous3_runs": [13.0, 11.0, 0.0], "club_ODI_previous3_wickets": [1.0, 2.0, 0.0], "club_ODI_previous3_balls played": [11.0, 16.0, 0.0], "club_ODI_previous3_overs": [6.0, 9.0, 9.0], "club_ODI_previous3_runs gave": [26.0, 29.0, 52.0], "club_ODI_lifetime_runs": 716.0, "club_ODI_lifetime_wickets": 34.0, "club_ODI_lifetime_balls played": 606.0, "club_ODI_lifetime_overs": 235.83333333333334, "club_ODI_lifetime_runs gave": 1396.0, "club_Test_previous3_runs": [28.0, 10.0, 67.0], "club_Test_previous3_wickets": [1.0, 2.0, 5.0], "club_Test_previous3_balls played": [68.0, 31.0, 87.0], "club_Test_previous3_overs": [12.0, 31.0, 40.16666666666667], "club_Test_previous3_runs gave": [39.0, 88.0, 176.0], "club_Test_lifetime_runs": 748.0, "club_Test_lifetime_wickets": 48.0, "club_Test_lifetime_balls played": 1122.0, "club_Test_lifetime_overs": 555.9999999999999, "club_Test_lifetime_runs gave": 1657.0, "club_T20_previous3_runs": [0.0, 3.0, 15.0], "club_T20_previous3_wickets": [0.0, 0.0, 0.0], "club_T20_previous3_balls played": [0.0, 4.0, 17.0], "club_T20_previous3_overs": [2.0, 3.0, 3.0], "club_T20_previous3_runs gave": [16.0, 17.0, 13.0], "club_T20_lifetime_runs": 1730.0, "club_T20_lifetime_wickets": 167.0, "club_T20_lifetime_balls played": 1325.0, "club_T20_lifetime_overs": 690.8333333333334, "club_T20_lifetime_runs gave": 5303.0, "international_ODI_previous3_runs": [1.0, 3.0, 3.0], "international_ODI_previous3_wickets": [1.0, 2.0, 2.0], "international_ODI_previous3_balls played": [8.0, 3.0, 12.0], "international_ODI_previous3_overs": [7.166666666666667, 7.333333333333333, 10.0], "international_ODI_previous3_runs gave": [43.0, 14.0, 30.0], "international_ODI_lifetime_runs": 473.0, "international_ODI_lifetime_wickets": 40.0, "international_ODI_lifetime_balls played": 589.0, "international_ODI_lifetime_overs": 364.8333333333333, "international_ODI_lifetime_runs gave": 1622.0, "international_Test_previous3_runs": [137.0], "international_Test_previous3_wickets": [1.0], "international_Test_previous3_balls played": [159.0], "international_Test_previous3_overs": [54.0], "international_Test_previous3_runs gave": [142.0], "international_Test_lifetime_runs": 137.0, "international_Test_lifetime_wickets": 1.0, "international_Test_lifetime_balls played": 159.0, "international_Test_lifetime_overs": 54.0, "international_Test_lifetime_runs gave": 142.0, "international_T20_previous3_runs": [0.0, 2.0, 1.0], "international_T20_previous3_wickets": [1.0, 0.0, 2.0], "international_T20_previous3_balls played": [0.0, 2.0, 1.0], "international_T20_previous3_overs": [2.0, 2.0, 4.0], "international_T20_previous3_runs gave": [17.0, 13.0, 15.0], "international_T20_lifetime_runs": 483.0, "international_T20_lifetime_wickets": 48.0, "international_T20_lifetime_balls played": 367.0, "international_T20_lifetime_overs": 186.83333333333334, "international_T20_lifetime_runs gave": 1211.0}