{"played_against": {"340202b0": {"runs": 4, "balls": 7, "wickets": 0}, "9b73d523": {"runs": 7, "balls": 9, "wickets": 0}, "8f30d191": {"runs": 6, "balls": 6, "wickets": 0}, "ac574559": {"runs": 8, "balls": 4, "wickets": 1}, "287ed3a0": {"runs": 4, "balls": 9, "wickets": 0}, "7b1f2542": {"runs": 6, "balls": 6, "wickets": 0}, "d23c808d": {"runs": 1, "balls": 1, "wickets": 0}, "38b4583c": {"runs": 3, "balls": 3, "wickets": 1}, "00823a96": {"runs": 9, "balls": 14, "wickets": 0}, "ebf683f9": {"runs": 10, "balls": 15, "wickets": 0}, "f13d3eba": {"runs": 2, "balls": 6, "wickets": 0}, "b4e026de": {"runs": 0, "balls": 2, "wickets": 1}, "708584cf": {"runs": 5, "balls": 5, "wickets": 0}, "e3a93585": {"runs": 5, "balls": 4, "wickets": 0}, "bfa0fa33": {"runs": 0, "balls": 2, "wickets": 0}}, "fifties": 0, "thirties": 0, "centuries": 0, "maidens": 0.0, "hattricks": 0, "club_ODI_previous3_runs": [14.0, 21.0, 10.0], "club_ODI_previous3_wickets": [0.0, 0.0, 0.0], "club_ODI_previous3_balls played": [20.0, 38.0, 11.0], "club_ODI_previous3_overs": [0.0, 0.0, 0.0], "club_ODI_previous3_runs gave": [0.0, 0.0, 0.0], "club_ODI_lifetime_runs": 70.0, "club_ODI_lifetime_wickets": 0.0, "club_ODI_lifetime_balls played": 95.0, "club_ODI_lifetime_overs": 0.0, "club_ODI_lifetime_runs gave": 0.0, "club_Test_previous3_runs": [], "club_Test_previous3_wickets": [], "club_Test_previous3_balls played": [], "club_Test_previous3_overs": [], "club_Test_previous3_runs gave": [], "club_Test_lifetime_runs": 0.0, "club_Test_lifetime_wickets": 0.0, "club_Test_lifetime_balls played": 0.0, "club_Test_lifetime_overs": 0.0, "club_Test_lifetime_runs gave": 0.0, "club_T20_previous3_runs": [], "club_T20_previous3_wickets": [], "club_T20_previous3_balls played": [], "club_T20_previous3_overs": [], "club_T20_previous3_runs gave": [], "club_T20_lifetime_runs": 0.0, "club_T20_lifetime_wickets": 0.0, "club_T20_lifetime_balls played": 0.0, "club_T20_lifetime_overs": 0.0, "club_T20_lifetime_runs gave": 0.0, "international_ODI_previous3_runs": [], "international_ODI_previous3_wickets": [], "international_ODI_previous3_balls played": [], "international_ODI_previous3_overs": [], "international_ODI_previous3_runs gave": [], "international_ODI_lifetime_runs": 0.0, "international_ODI_lifetime_wickets": 0.0, "international_ODI_lifetime_balls played": 0.0, "international_ODI_lifetime_overs": 0.0, "international_ODI_lifetime_runs gave": 0.0, "international_Test_previous3_runs": [], "international_Test_previous3_wickets": [], "international_Test_previous3_balls played": [], "international_Test_previous3_overs": [], "international_Test_previous3_runs gave": [], "international_Test_lifetime_runs": 0.0, "international_Test_lifetime_wickets": 0.0, "international_Test_lifetime_balls played": 0.0, "international_Test_lifetime_overs": 0.0, "international_Test_lifetime_runs gave": 0.0, "international_T20_previous3_runs": [], "international_T20_previous3_wickets": [], "international_T20_previous3_balls played": [], "international_T20_previous3_overs": [], "international_T20_previous3_runs gave": [], "international_T20_lifetime_runs": 0.0, "international_T20_lifetime_wickets": 0.0, "international_T20_lifetime_balls played": 0.0, "international_T20_lifetime_overs": 0.0, "international_T20_lifetime_runs gave": 0.0}