{"played_against": {"6b64e7a3": {"runs": 2, "balls": 3, "wickets": 0}, "3c9b9153": {"runs": 10, "balls": 4, "wickets": 0}, "c5326dd0": {"runs": 4, "balls": 3, "wickets": 0}, "e3fe4b49": {"runs": 6, "balls": 3, "wickets": 0}, "e1891e00": {"runs": 1, "balls": 3, "wickets": 0}, "f5821615": {"runs": 6, "balls": 4, "wickets": 1}, "782fb776": {"runs": 2, "balls": 2, "wickets": 0}, "8c2aa0f9": {"runs": 0, "balls": 1, "wickets": 1}, "b9a2c483": {"runs": 7, "balls": 4, "wickets": 0}, "c8065f31": {"runs": 5, "balls": 6, "wickets": 1}, "59ea70a4": {"runs": 1, "balls": 2, "wickets": 0}, "6232e1ed": {"runs": 7, "balls": 4, "wickets": 0}}, "fifties": 0, "thirties": 0, "centuries": 0, "maidens": 0.0, "hattricks": 2, "club_ODI_previous3_runs": [], "club_ODI_previous3_wickets": [], "club_ODI_previous3_balls played": [], "club_ODI_previous3_overs": [], "club_ODI_previous3_runs gave": [], "club_ODI_lifetime_runs": 0.0, "club_ODI_lifetime_wickets": 0.0, "club_ODI_lifetime_balls played": 0.0, "club_ODI_lifetime_overs": 0.0, "club_ODI_lifetime_runs gave": 0.0, "club_Test_previous3_runs": [], "club_Test_previous3_wickets": [], "club_Test_previous3_balls played": [], "club_Test_previous3_overs": [], "club_Test_previous3_runs gave": [], "club_Test_lifetime_runs": 0.0, "club_Test_lifetime_wickets": 0.0, "club_Test_lifetime_balls played": 0.0, "club_Test_lifetime_overs": 0.0, "club_Test_lifetime_runs gave": 0.0, "club_T20_previous3_runs": [0.0, 0.0, 21.0], "club_T20_previous3_wickets": [1.0, 3.0, 0.0], "club_T20_previous3_balls played": [0.0, 1.0, 18.0], "club_T20_previous3_overs": [2.0, 4.0, 3.8333333333333335], "club_T20_previous3_runs gave": [9.0, 23.0, 23.0], "club_T20_lifetime_runs": 51.0, "club_T20_lifetime_wickets": 12.0, "club_T20_lifetime_balls played": 39.0, "club_T20_lifetime_overs": 39.833333333333336, "club_T20_lifetime_runs gave": 292.0, "international_ODI_previous3_runs": [], "international_ODI_previous3_wickets": [], "international_ODI_previous3_balls played": [], "international_ODI_previous3_overs": [], "international_ODI_previous3_runs gave": [], "international_ODI_lifetime_runs": 0.0, "international_ODI_lifetime_wickets": 0.0, "international_ODI_lifetime_balls played": 0.0, "international_ODI_lifetime_overs": 0.0, "international_ODI_lifetime_runs gave": 0.0, "international_Test_previous3_runs": [], "international_Test_previous3_wickets": [], "international_Test_previous3_balls played": [], "international_Test_previous3_overs": [], "international_Test_previous3_runs gave": [], "international_Test_lifetime_runs": 0.0, "international_Test_lifetime_wickets": 0.0, "international_Test_lifetime_balls played": 0.0, "international_Test_lifetime_overs": 0.0, "international_Test_lifetime_runs gave": 0.0, "international_T20_previous3_runs": [], "international_T20_previous3_wickets": [], "international_T20_previous3_balls played": [], "international_T20_previous3_overs": [], "international_T20_previous3_runs gave": [], "international_T20_lifetime_runs": 0.0, "international_T20_lifetime_wickets": 0.0, "international_T20_lifetime_balls played": 0.0, "international_T20_lifetime_overs": 0.0, "international_T20_lifetime_runs gave": 0.0}