{"played_against": {"4180d897": {"runs": 0, "balls": 1, "wickets": 0}, "83904270": {"runs": 4, "balls": 2, "wickets": 0}, "4ba44e19": {"runs": 8, "balls": 9, "wickets": 0}, "ab89348d": {"runs": 0, "balls": 4, "wickets": 0}, "bd77eb62": {"runs": 0, "balls": 1, "wickets": 0}, "4c61a0f9": {"runs": 0, "balls": 1, "wickets": 0}, "f3171936": {"runs": 1, "balls": 9, "wickets": 0}, "45c2196c": {"runs": 6, "balls": 19, "wickets": 1}, "ea0cdc12": {"runs": 3, "balls": 7, "wickets": 0}, "d2fcce2f": {"runs": 14, "balls": 70, "wickets": 2}, "469ea22b": {"runs": 8, "balls": 19, "wickets": 0}, "b2ae53f5": {"runs": 11, "balls": 16, "wickets": 1}, "f233bbb4": {"runs": 1, "balls": 2, "wickets": 0}, "a12e1d51": {"runs": 25, "balls": 36, "wickets": 1}, "b68a30f0": {"runs": 0, "balls": 3, "wickets": 0}, "7fb32e5b": {"runs": 17, "balls": 19, "wickets": 0}, "4f629497": {"runs": 21, "balls": 24, "wickets": 0}, "13c35c9e": {"runs": 10, "balls": 14, "wickets": 0}, "3eac9d95": {"runs": 3, "balls": 9, "wickets": 1}, "d7c6af50": {"runs": 2, "balls": 7, "wickets": 0}, "05e0fab5": {"runs": 0, "balls": 1, "wickets": 0}, "bd93fea4": {"runs": 4, "balls": 8, "wickets": 0}, "f5180fe6": {"runs": 2, "balls": 22, "wickets": 1}, "8ea6e670": {"runs": 10, "balls": 15, "wickets": 2}, "4329fbb5": {"runs": 2, "balls": 5, "wickets": 1}, "94eac556": {"runs": 10, "balls": 14, "wickets": 1}, "12eddf28": {"runs": 3, "balls": 7, "wickets": 0}, "addfb70e": {"runs": 12, "balls": 10, "wickets": 1}, "58043739": {"runs": 20, "balls": 12, "wickets": 1}, "e938e1bc": {"runs": 0, "balls": 1, "wickets": 0}, "91a4a398": {"runs": 1, "balls": 3, "wickets": 1}, "3540beff": {"runs": 0, "balls": 1, "wickets": 0}, "d12143bf": {"runs": 43, "balls": 79, "wickets": 2}, "eba6a852": {"runs": 39, "balls": 58, "wickets": 2}, "ccdd8308": {"runs": 28, "balls": 26, "wickets": 0}, "221ad9d9": {"runs": 21, "balls": 75, "wickets": 3}, "9dca07d7": {"runs": 8, "balls": 20, "wickets": 0}, "12bffe91": {"runs": 12, "balls": 15, "wickets": 0}, "5bb5a915": {"runs": 21, "balls": 44, "wickets": 4}, "dec8e038": {"runs": 3, "balls": 6, "wickets": 1}, "86dc8f2e": {"runs": 7, "balls": 26, "wickets": 0}, "d1c94b25": {"runs": 1, "balls": 1, "wickets": 0}, "c3d35165": {"runs": 1, "balls": 2, "wickets": 0}, "795df06c": {"runs": 0, "balls": 2, "wickets": 0}, "7839bf3a": {"runs": 0, "balls": 2, "wickets": 1}, "96fd40ae": {"runs": 1, "balls": 4, "wickets": 0}, "f0f628c7": {"runs": 0, "balls": 1, "wickets": 0}, "7a80ddf2": {"runs": 5, "balls": 32, "wickets": 0}, "4a745f65": {"runs": 5, "balls": 3, "wickets": 0}, "d68e7f48": {"runs": 29, "balls": 40, "wickets": 0}, "bbd41817": {"runs": 4, "balls": 5, "wickets": 1}, "78eb4223": {"runs": 12, "balls": 29, "wickets": 0}, "87e562a9": {"runs": 12, "balls": 16, "wickets": 0}, "c03c6200": {"runs": 3, "balls": 23, "wickets": 1}, "67af6f81": {"runs": 14, "balls": 31, "wickets": 1}, "59792462": {"runs": 4, "balls": 5, "wickets": 0}, "37137c8b": {"runs": 11, "balls": 23, "wickets": 1}, "86421172": {"runs": 1, "balls": 2, "wickets": 0}, "49691d7a": {"runs": 1, "balls": 1, "wickets": 0}, "5bdcdb72": {"runs": 0, "balls": 1, "wickets": 0}, "2f28dc94": {"runs": 39, "balls": 38, "wickets": 1}, "9b79b9de": {"runs": 10, "balls": 23, "wickets": 1}, "dd37da14": {"runs": 12, "balls": 47, "wickets": 1}, "5c5a8c1f": {"runs": 2, "balls": 8, "wickets": 0}, "f5f18a18": {"runs": 6, "balls": 15, "wickets": 1}, "0f12f9df": {"runs": 42, "balls": 51, "wickets": 3}, "f78e7113": {"runs": 4, "balls": 19, "wickets": 0}, "342d8ade": {"runs": 14, "balls": 18, "wickets": 0}, "9868bc75": {"runs": 2, "balls": 2, "wickets": 0}, "bf1d7d3e": {"runs": 1, "balls": 1, "wickets": 0}, "7dc35884": {"runs": 2, "balls": 8, "wickets": 1}, "5a37ec26": {"runs": 7, "balls": 37, "wickets": 2}, "18fac429": {"runs": 6, "balls": 13, "wickets": 0}, "7be8a0ed": {"runs": 3, "balls": 11, "wickets": 2}, "1a8eebbe": {"runs": 8, "balls": 3, "wickets": 0}, "e186f49c": {"runs": 2, "balls": 2, "wickets": 0}, "888e32bf": {"runs": 2, "balls": 4, "wickets": 1}, "896d78ad": {"runs": 1, "balls": 10, "wickets": 0}, "2af838ee": {"runs": 11, "balls": 10, "wickets": 0}, "3fb19989": {"runs": 4, "balls": 6, "wickets": 1}, "f752db61": {"runs": 2, "balls": 6, "wickets": 1}, "b681e71e": {"runs": 13, "balls": 12, "wickets": 0}, "b2b50355": {"runs": 0, "balls": 1, "wickets": 1}, "5bb1a1c4": {"runs": 3, "balls": 6, "wickets": 1}, "2e81a32d": {"runs": 5, "balls": 4, "wickets": 1}, "8cf9814c": {"runs": 0, "balls": 2, "wickets": 1}, "cfe70281": {"runs": 19, "balls": 53, "wickets": 1}, "8fd1a8f5": {"runs": 41, "balls": 61, "wickets": 4}, "26ff4c29": {"runs": 16, "balls": 38, "wickets": 1}, "a9da7784": {"runs": 1, "balls": 9, "wickets": 2}, "7955eb15": {"runs": 7, "balls": 9, "wickets": 0}, "c654af19": {"runs": 4, "balls": 8, "wickets": 2}, "7805af0f": {"runs": 9, "balls": 6, "wickets": 0}, "7429c452": {"runs": 3, "balls": 5, "wickets": 1}, "7fa2ab1f": {"runs": 10, "balls": 7, "wickets": 0}, "8c7d6cbe": {"runs": 3, "balls": 7, "wickets": 0}, "27159c6a": {"runs": 3, "balls": 3, "wickets": 0}, "495d42a5": {"runs": 1, "balls": 3, "wickets": 1}, "fe93fd9d": {"runs": 2, "balls": 9, "wickets": 0}, "cc1e8c68": {"runs": 2, "balls": 4, "wickets": 0}, "a757b0d8": {"runs": 6, "balls": 4, "wickets": 0}, "9d430b40": {"runs": 1, "balls": 3, "wickets": 1}, "0f721006": {"runs": 1, "balls": 3, "wickets": 0}, "f846de6a": {"runs": 0, "balls": 1, "wickets": 0}, "5bbabe59": {"runs": 21, "balls": 32, "wickets": 1}, "9de271ef": {"runs": 18, "balls": 38, "wickets": 0}, "2182013e": {"runs": 1, "balls": 6, "wickets": 0}, "3b417422": {"runs": 21, "balls": 22, "wickets": 0}, "2e8994e7": {"runs": 2, "balls": 8, "wickets": 0}, "acee4cc4": {"runs": 18, "balls": 35, "wickets": 0}, "3a60e0b5": {"runs": 2, "balls": 12, "wickets": 1}, "4c4fa80b": {"runs": 1, "balls": 1, "wickets": 0}, "8f7a598f": {"runs": 7, "balls": 34, "wickets": 0}, "6b71e6cf": {"runs": 5, "balls": 2, "wickets": 0}, "8b248d88": {"runs": 1, "balls": 1, "wickets": 0}, "3c77ca9d": {"runs": 1, "balls": 4, "wickets": 0}, "1427277f": {"runs": 0, "balls": 4, "wickets": 1}, "450f6fa6": {"runs": 0, "balls": 2, "wickets": 0}, "74a274cc": {"runs": 1, "balls": 3, "wickets": 0}, "7d5e0b78": {"runs": 2, "balls": 7, "wickets": 0}, "aac9f784": {"runs": 5, "balls": 6, "wickets": 1}, "02b93a83": {"runs": 4, "balls": 3, "wickets": 0}, "e737a5fe": {"runs": 12, "balls": 4, "wickets": 0}, "e05b2a5b": {"runs": 0, "balls": 1, "wickets": 1}, "57a76baa": {"runs": 1, "balls": 1, "wickets": 0}, "5ac8f17b": {"runs": 2, "balls": 12, "wickets": 1}, "f3abd0c9": {"runs": 14, "balls": 17, "wickets": 0}, "e9d5218e": {"runs": 5, "balls": 4, "wickets": 0}, "561f3a34": {"runs": 3, "balls": 4, "wickets": 0}, "4c0f3806": {"runs": 0, "balls": 2, "wickets": 0}, "5239d782": {"runs": 37, "balls": 29, "wickets": 0}, "f7177fd6": {"runs": 15, "balls": 8, "wickets": 2}, "6daf5e8c": {"runs": 13, "balls": 8, "wickets": 0}, "9c7d7cda": {"runs": 22, "balls": 19, "wickets": 0}, "5147c792": {"runs": 23, "balls": 27, "wickets": 0}, "5531248e": {"runs": 5, "balls": 11, "wickets": 1}, "f56cd097": {"runs": 0, "balls": 3, "wickets": 0}, "e412cb64": {"runs": 2, "balls": 7, "wickets": 1}, "29b89ae8": {"runs": 3, "balls": 7, "wickets": 0}, "f5821615": {"runs": 6, "balls": 6, "wickets": 0}, "2223b920": {"runs": 4, "balls": 8, "wickets": 1}, "6c6aca89": {"runs": 2, "balls": 4, "wickets": 0}, "e91de70e": {"runs": 9, "balls": 10, "wickets": 0}, "c89474d1": {"runs": 9, "balls": 9, "wickets": 1}, "6fe2c1c0": {"runs": 6, "balls": 11, "wickets": 0}, "ad962377": {"runs": 4, "balls": 9, "wickets": 0}, "bc773eeb": {"runs": 5, "balls": 6, "wickets": 0}, "249d60c9": {"runs": 17, "balls": 13, "wickets": 0}, "9a963804": {"runs": 22, "balls": 13, "wickets": 0}, "8bf61e65": {"runs": 6, "balls": 8, "wickets": 0}, "b21ed464": {"runs": 2, "balls": 6, "wickets": 1}, "93e06301": {"runs": 8, "balls": 4, "wickets": 1}, "7f048519": {"runs": 1, "balls": 2, "wickets": 0}, "3f659464": {"runs": 0, "balls": 6, "wickets": 0}, "3d0ed2f9": {"runs": 5, "balls": 8, "wickets": 0}, "f6c84b9f": {"runs": 1, "balls": 3, "wickets": 1}, "dd17e4bc": {"runs": 14, "balls": 20, "wickets": 1}, "0f3ee070": {"runs": 7, "balls": 8, "wickets": 0}, "9bab2b81": {"runs": 3, "balls": 12, "wickets": 1}, "1957c6b7": {"runs": 2, "balls": 10, "wickets": 0}, "ffe699c0": {"runs": 5, "balls": 7, "wickets": 0}, "0a8fce53": {"runs": 4, "balls": 6, "wickets": 1}, "b3118300": {"runs": 7, "balls": 4, "wickets": 0}, "086f5984": {"runs": 1, "balls": 4, "wickets": 0}, "c03449e0": {"runs": 8, "balls": 3, "wickets": 0}, "5441db8c": {"runs": 2, "balls": 2, "wickets": 0}, "eb2d5fe7": {"runs": 0, "balls": 1, "wickets": 1}}, "fifties": 0, "thirties": 7, "centuries": 0, "maidens": 540.0, "hattricks": 43, "club_ODI_previous3_runs": [0.0, 0.0, 1.0], "club_ODI_previous3_wickets": [0.0, 3.0, 0.0], "club_ODI_previous3_balls played": [0.0, 0.0, 3.0], "club_ODI_previous3_overs": [9.0, 10.0, 10.0], "club_ODI_previous3_runs gave": [54.0, 34.0, 46.0], "club_ODI_lifetime_runs": 16.0, "club_ODI_lifetime_wickets": 5.0, "club_ODI_lifetime_balls played": 28.0, "club_ODI_lifetime_overs": 68.0, "club_ODI_lifetime_runs gave": 333.0, "club_Test_previous3_runs": [26.0, 0.0, 31.0], "club_Test_previous3_wickets": [2.0, 0.0, 0.0], "club_Test_previous3_balls played": [40.0, 0.0, 57.0], "club_Test_previous3_overs": [31.166666666666668, 28.833333333333336, 31.833333333333332], "club_Test_previous3_runs gave": [140.0, 117.0, 122.0], "club_Test_lifetime_runs": 318.0, "club_Test_lifetime_wickets": 54.0, "club_Test_lifetime_balls played": 412.0, "club_Test_lifetime_overs": 686.1666666666667, "club_Test_lifetime_runs gave": 2043.0, "club_T20_previous3_runs": [0.0, 0.0, 0.0], "club_T20_previous3_wickets": [1.0, 0.0, 1.0], "club_T20_previous3_balls played": [0.0, 0.0, 0.0], "club_T20_previous3_overs": [4.0, 1.6666666666666665, 2.0], "club_T20_previous3_runs gave": [33.0, 10.0, 29.0], "club_T20_lifetime_runs": 42.0, "club_T20_lifetime_wickets": 42.0, "club_T20_lifetime_balls played": 33.0, "club_T20_lifetime_overs": 154.16666666666666, "club_T20_lifetime_runs gave": 1076.0, "international_ODI_previous3_runs": [6.0, 0.0, 0.0], "international_ODI_previous3_wickets": [1.0, 0.0, 1.0], "international_ODI_previous3_balls played": [15.0, 4.0, 0.0], "international_ODI_previous3_overs": [4.0, 10.0, 9.166666666666666], "international_ODI_previous3_runs gave": [10.0, 74.0, 49.0], "international_ODI_lifetime_runs": 323.0, "international_ODI_lifetime_wickets": 121.0, "international_ODI_lifetime_balls played": 532.0, "international_ODI_lifetime_overs": 956.0000000000003, "international_ODI_lifetime_runs gave": 4159.0, "international_Test_previous3_runs": [0.0, 16.0, 7.0], "international_Test_previous3_wickets": [5.0, 4.0, 3.0], "international_Test_previous3_balls played": [8.0, 44.0, 21.0], "international_Test_previous3_overs": [80.66666666666667, 64.83333333333334, 78.66666666666667], "international_Test_previous3_runs gave": [177.0, 209.0, 173.0], "international_Test_lifetime_runs": 451.0, "international_Test_lifetime_wickets": 106.0, "international_Test_lifetime_balls played": 1072.0, "international_Test_lifetime_overs": 1925.4999999999998, "international_Test_lifetime_runs gave": 5240.0, "international_T20_previous3_runs": [0.0, 1.0, 0.0], "international_T20_previous3_wickets": [1.0, 0.0, 0.0], "international_T20_previous3_balls played": [0.0, 3.0, 0.0], "international_T20_previous3_overs": [3.0, 4.0, 3.3333333333333335], "international_T20_previous3_runs gave": [21.0, 42.0, 25.0], "international_T20_lifetime_runs": 91.0, "international_T20_lifetime_wickets": 57.0, "international_T20_lifetime_balls played": 84.0, "international_T20_lifetime_overs": 237.83333333333337, "international_T20_lifetime_runs gave": 1564.0}