{"played_against": {"fdc6b34d": {"runs": 1, "balls": 1, "wickets": 0}, "5bb904d4": {"runs": 1, "balls": 3, "wickets": 0}, "9d0332ee": {"runs": 1, "balls": 4, "wickets": 0}, "eaf4f81c": {"runs": 3, "balls": 3, "wickets": 1}, "4db4c8be": {"runs": 3, "balls": 3, "wickets": 0}, "fe7ba5cf": {"runs": 1, "balls": 1, "wickets": 0}, "cd7134f5": {"runs": 2, "balls": 5, "wickets": 1}, "f6ddfe08": {"runs": 1, "balls": 1, "wickets": 0}, "58acb320": {"runs": 0, "balls": 3, "wickets": 0}, "4a6c0fbb": {"runs": 2, "balls": 2, "wickets": 0}, "bf5e7711": {"runs": 0, "balls": 3, "wickets": 1}, "b4d08794": {"runs": 6, "balls": 7, "wickets": 1}, "44b53fba": {"runs": 1, "balls": 2, "wickets": 0}, "06be92a7": {"runs": 4, "balls": 3, "wickets": 0}, "012bd3f6": {"runs": 1, "balls": 1, "wickets": 0}, "cf92d76b": {"runs": 4, "balls": 9, "wickets": 1}, "017cadb2": {"runs": 4, "balls": 8, "wickets": 0}, "01c1b96c": {"runs": 0, "balls": 1, "wickets": 0}, "aaccb8ca": {"runs": 0, "balls": 3, "wickets": 0}, "106135f5": {"runs": 2, "balls": 5, "wickets": 0}, "1486e3fd": {"runs": 2, "balls": 6, "wickets": 0}, "6348c6e9": {"runs": 1, "balls": 4, "wickets": 0}, "c4022bff": {"runs": 2, "balls": 2, "wickets": 0}, "9543a4fe": {"runs": 4, "balls": 5, "wickets": 0}, "d144423b": {"runs": 1, "balls": 1, "wickets": 0}, "78fa5f6d": {"runs": 10, "balls": 6, "wickets": 0}, "95c5ce07": {"runs": 5, "balls": 4, "wickets": 0}, "f20e7e23": {"runs": 2, "balls": 2, "wickets": 0}}, "fifties": 0, "thirties": 0, "centuries": 0, "maidens": 0.0, "hattricks": 0, "club_ODI_previous3_runs": [], "club_ODI_previous3_wickets": [], "club_ODI_previous3_balls played": [], "club_ODI_previous3_overs": [], "club_ODI_previous3_runs gave": [], "club_ODI_lifetime_runs": 0.0, "club_ODI_lifetime_wickets": 0.0, "club_ODI_lifetime_balls played": 0.0, "club_ODI_lifetime_overs": 0.0, "club_ODI_lifetime_runs gave": 0.0, "club_Test_previous3_runs": [], "club_Test_previous3_wickets": [], "club_Test_previous3_balls played": [], "club_Test_previous3_overs": [], "club_Test_previous3_runs gave": [], "club_Test_lifetime_runs": 0.0, "club_Test_lifetime_wickets": 0.0, "club_Test_lifetime_balls played": 0.0, "club_Test_lifetime_overs": 0.0, "club_Test_lifetime_runs gave": 0.0, "club_T20_previous3_runs": [], "club_T20_previous3_wickets": [], "club_T20_previous3_balls played": [], "club_T20_previous3_overs": [], "club_T20_previous3_runs gave": [], "club_T20_lifetime_runs": 0.0, "club_T20_lifetime_wickets": 0.0, "club_T20_lifetime_balls played": 0.0, "club_T20_lifetime_overs": 0.0, "club_T20_lifetime_runs gave": 0.0, "international_ODI_previous3_runs": [], "international_ODI_previous3_wickets": [], "international_ODI_previous3_balls played": [], "international_ODI_previous3_overs": [], "international_ODI_previous3_runs gave": [], "international_ODI_lifetime_runs": 0.0, "international_ODI_lifetime_wickets": 0.0, "international_ODI_lifetime_balls played": 0.0, "international_ODI_lifetime_overs": 0.0, "international_ODI_lifetime_runs gave": 0.0, "international_Test_previous3_runs": [], "international_Test_previous3_wickets": [], "international_Test_previous3_balls played": [], "international_Test_previous3_overs": [], "international_Test_previous3_runs gave": [], "international_Test_lifetime_runs": 0.0, "international_Test_lifetime_wickets": 0.0, "international_Test_lifetime_balls played": 0.0, "international_Test_lifetime_overs": 0.0, "international_Test_lifetime_runs gave": 0.0, "international_T20_previous3_runs": [0.0, 0.0, 0.0], "international_T20_previous3_wickets": [0.0, 0.0, 0.0], "international_T20_previous3_balls played": [0.0, 0.0, 0.0], "international_T20_previous3_overs": [0.0, 0.0, 0.0], "international_T20_previous3_runs gave": [0.0, 0.0, 0.0], "international_T20_lifetime_runs": 64.0, "international_T20_lifetime_wickets": 0.0, "international_T20_lifetime_balls played": 99.0, "international_T20_lifetime_overs": 0.0, "international_T20_lifetime_runs gave": 0.0}