{"played_against": {"7c503806": {"runs": 4, "balls": 12, "wickets": 0}, "5bb5a915": {"runs": 5, "balls": 18, "wickets": 0}, "8fd1a8f5": {"runs": 8, "balls": 32, "wickets": 2}, "fd093ca9": {"runs": 9, "balls": 26, "wickets": 1}, "86dc8f2e": {"runs": 4, "balls": 5, "wickets": 0}, "13c35c9e": {"runs": 34, "balls": 50, "wickets": 1}, "a5ac694f": {"runs": 12, "balls": 13, "wickets": 0}, "d7c6af50": {"runs": 6, "balls": 31, "wickets": 1}, "05e0fab5": {"runs": 15, "balls": 21, "wickets": 0}, "d027ba9f": {"runs": 1, "balls": 1, "wickets": 0}, "86421172": {"runs": 26, "balls": 36, "wickets": 0}, "67af6f81": {"runs": 20, "balls": 25, "wickets": 1}, "59792462": {"runs": 21, "balls": 22, "wickets": 0}, "9de271ef": {"runs": 25, "balls": 59, "wickets": 0}, "49691d7a": {"runs": 9, "balls": 8, "wickets": 0}, "37137c8b": {"runs": 18, "balls": 33, "wickets": 1}, "dd37da14": {"runs": 15, "balls": 14, "wickets": 0}, "d2fcce2f": {"runs": 54, "balls": 135, "wickets": 2}, "2f28dc94": {"runs": 4, "balls": 15, "wickets": 0}, "5bdcdb72": {"runs": 5, "balls": 9, "wickets": 1}, "9b79b9de": {"runs": 15, "balls": 27, "wickets": 0}, "5c5a8c1f": {"runs": 1, "balls": 10, "wickets": 0}, "817c1746": {"runs": 17, "balls": 37, "wickets": 0}, "bf1d7d3e": {"runs": 5, "balls": 11, "wickets": 0}, "7dc35884": {"runs": 28, "balls": 64, "wickets": 0}, "d876610c": {"runs": 7, "balls": 16, "wickets": 0}, "6eea0b32": {"runs": 2, "balls": 6, "wickets": 0}, "a72b14ff": {"runs": 10, "balls": 22, "wickets": 0}, "d12143bf": {"runs": 20, "balls": 62, "wickets": 0}, "eba6a852": {"runs": 28, "balls": 78, "wickets": 1}, "221ad9d9": {"runs": 30, "balls": 47, "wickets": 0}, "5a37ec26": {"runs": 7, "balls": 32, "wickets": 1}, "18fac429": {"runs": 3, "balls": 5, "wickets": 0}, "ccdd8308": {"runs": 2, "balls": 11, "wickets": 1}, "2af838ee": {"runs": 11, "balls": 25, "wickets": 0}, "f5f18a18": {"runs": 11, "balls": 38, "wickets": 0}, "469ea22b": {"runs": 23, "balls": 60, "wickets": 0}, "0f12f9df": {"runs": 15, "balls": 36, "wickets": 0}, "342d8ade": {"runs": 3, "balls": 11, "wickets": 0}, "896d78ad": {"runs": 8, "balls": 9, "wickets": 0}, "3b417422": {"runs": 14, "balls": 55, "wickets": 0}, "2182013e": {"runs": 26, "balls": 38, "wickets": 0}, "5bbabe59": {"runs": 22, "balls": 57, "wickets": 1}, "31fbf891": {"runs": 14, "balls": 39, "wickets": 0}, "2e8994e7": {"runs": 8, "balls": 12, "wickets": 0}, "cfe70281": {"runs": 21, "balls": 16, "wickets": 0}, "acee4cc4": {"runs": 5, "balls": 22, "wickets": 1}, "33085ffb": {"runs": 0, "balls": 2, "wickets": 0}, "8f7a598f": {"runs": 2, "balls": 4, "wickets": 1}}, "fifties": 0, "thirties": 9, "centuries": 0, "maidens": 0.0, "hattricks": 0, "club_ODI_previous3_runs": [], "club_ODI_previous3_wickets": [], "club_ODI_previous3_balls played": [], "club_ODI_previous3_overs": [], "club_ODI_previous3_runs gave": [], "club_ODI_lifetime_runs": 0.0, "club_ODI_lifetime_wickets": 0.0, "club_ODI_lifetime_balls played": 0.0, "club_ODI_lifetime_overs": 0.0, "club_ODI_lifetime_runs gave": 0.0, "club_Test_previous3_runs": [], "club_Test_previous3_wickets": [], "club_Test_previous3_balls played": [], "club_Test_previous3_overs": [], "club_Test_previous3_runs gave": [], "club_Test_lifetime_runs": 0.0, "club_Test_lifetime_wickets": 0.0, "club_Test_lifetime_balls played": 0.0, "club_Test_lifetime_overs": 0.0, "club_Test_lifetime_runs gave": 0.0, "club_T20_previous3_runs": [], "club_T20_previous3_wickets": [], "club_T20_previous3_balls played": [], "club_T20_previous3_overs": [], "club_T20_previous3_runs gave": [], "club_T20_lifetime_runs": 0.0, "club_T20_lifetime_wickets": 0.0, "club_T20_lifetime_balls played": 0.0, "club_T20_lifetime_overs": 0.0, "club_T20_lifetime_runs gave": 0.0, "international_ODI_previous3_runs": [24.0, 9.0, 2.0], "international_ODI_previous3_wickets": [0.0, 0.0, 0.0], "international_ODI_previous3_balls played": [32.0, 22.0, 2.0], "international_ODI_previous3_overs": [0.0, 0.0, 0.0], "international_ODI_previous3_runs gave": [0.0, 0.0, 0.0], "international_ODI_lifetime_runs": 62.0, "international_ODI_lifetime_wickets": 0.0, "international_ODI_lifetime_balls played": 88.0, "international_ODI_lifetime_overs": 0.0, "international_ODI_lifetime_runs gave": 0.0, "international_Test_previous3_runs": [32.0, 5.0, 6.0], "international_Test_previous3_wickets": [0.0, 0.0, 0.0], "international_Test_previous3_balls played": [59.0, 24.0, 13.0], "international_Test_previous3_overs": [0.0, 0.0, 0.0], "international_Test_previous3_runs gave": [0.0, 0.0, 0.0], "international_Test_lifetime_runs": 591.0, "international_Test_lifetime_wickets": 0.0, "international_Test_lifetime_balls played": 1338.0, "international_Test_lifetime_overs": 0.0, "international_Test_lifetime_runs gave": 0.0, "international_T20_previous3_runs": [], "international_T20_previous3_wickets": [], "international_T20_previous3_balls played": [], "international_T20_previous3_overs": [], "international_T20_previous3_runs gave": [], "international_T20_lifetime_runs": 0.0, "international_T20_lifetime_wickets": 0.0, "international_T20_lifetime_balls played": 0.0, "international_T20_lifetime_overs": 0.0, "international_T20_lifetime_runs gave": 0.0}