{"played_against": {"fa463154": {"runs": 1, "balls": 4, "wickets": 0}, "6b8eb6e5": {"runs": 1, "balls": 6, "wickets": 0}, "725529bc": {"runs": 1, "balls": 2, "wickets": 0}, "98ae73b1": {"runs": 10, "balls": 11, "wickets": 1}, "7c7303eb": {"runs": 12, "balls": 24, "wickets": 0}, "e662b18f": {"runs": 15, "balls": 15, "wickets": 0}, "5b8fffb4": {"runs": 16, "balls": 14, "wickets": 0}, "e21bc7f3": {"runs": 37, "balls": 37, "wickets": 0}, "27159c6a": {"runs": 25, "balls": 37, "wickets": 3}, "a670d624": {"runs": 1, "balls": 2, "wickets": 0}, "27cc4361": {"runs": 0, "balls": 6, "wickets": 0}, "2c13defe": {"runs": 0, "balls": 8, "wickets": 1}, "d2babdd5": {"runs": 0, "balls": 5, "wickets": 1}, "9c376401": {"runs": 21, "balls": 26, "wickets": 1}, "bf1d7d3e": {"runs": 12, "balls": 11, "wickets": 0}, "888e32bf": {"runs": 15, "balls": 27, "wickets": 0}, "e186f49c": {"runs": 27, "balls": 20, "wickets": 1}, "5fa06777": {"runs": 2, "balls": 4, "wickets": 0}, "5bb1a1c4": {"runs": 7, "balls": 5, "wickets": 0}, "1c914163": {"runs": 2, "balls": 4, "wickets": 0}, "6c6591ab": {"runs": 6, "balls": 6, "wickets": 0}, "8b5b6769": {"runs": 2, "balls": 4, "wickets": 1}, "7fb32e5b": {"runs": 4, "balls": 6, "wickets": 0}, "cf73ad76": {"runs": 11, "balls": 10, "wickets": 0}, "b68a30f0": {"runs": 4, "balls": 6, "wickets": 0}, "3eac9d95": {"runs": 4, "balls": 3, "wickets": 0}, "57efa3be": {"runs": 0, "balls": 2, "wickets": 1}, "7d32d965": {"runs": 3, "balls": 6, "wickets": 0}, "85d8110a": {"runs": 1, "balls": 3, "wickets": 0}, "4d05a82e": {"runs": 5, "balls": 2, "wickets": 0}, "abbdca1a": {"runs": 35, "balls": 42, "wickets": 2}, "91052c96": {"runs": 24, "balls": 20, "wickets": 0}, "74ef405a": {"runs": 8, "balls": 5, "wickets": 0}, "37312a74": {"runs": 20, "balls": 30, "wickets": 1}, "d68e7f48": {"runs": 9, "balls": 11, "wickets": 0}, "78eb4223": {"runs": 17, "balls": 32, "wickets": 0}, "87e562a9": {"runs": 37, "balls": 37, "wickets": 2}, "ea3ffd1b": {"runs": 49, "balls": 57, "wickets": 0}, "c03c6200": {"runs": 47, "balls": 62, "wickets": 1}, "8ea6e670": {"runs": 4, "balls": 5, "wickets": 0}, "12eddf28": {"runs": 0, "balls": 1, "wickets": 0}, "7dc35884": {"runs": 20, "balls": 19, "wickets": 1}, "89ffd337": {"runs": 17, "balls": 16, "wickets": 0}, "1a8eebbe": {"runs": 5, "balls": 3, "wickets": 0}, "dd55b0b0": {"runs": 5, "balls": 7, "wickets": 0}, "79004151": {"runs": 3, "balls": 3, "wickets": 0}, "f8f2ec39": {"runs": 6, "balls": 7, "wickets": 0}, "2318ba22": {"runs": 21, "balls": 14, "wickets": 0}, "221ad9d9": {"runs": 1, "balls": 7, "wickets": 0}, "a386e91b": {"runs": 7, "balls": 30, "wickets": 1}, "3812d56b": {"runs": 1, "balls": 4, "wickets": 0}, "364ee2cf": {"runs": 2, "balls": 7, "wickets": 0}, "a757b0d8": {"runs": 19, "balls": 24, "wickets": 1}, "bbd41817": {"runs": 13, "balls": 11, "wickets": 0}, "86dc8f2e": {"runs": 3, "balls": 12, "wickets": 0}, "5bb5a915": {"runs": 5, "balls": 3, "wickets": 0}, "7c503806": {"runs": 12, "balls": 11, "wickets": 0}, "26ff4c29": {"runs": 11, "balls": 22, "wickets": 0}, "4ec07775": {"runs": 22, "balls": 13, "wickets": 1}, "7be8a0ed": {"runs": 3, "balls": 3, "wickets": 0}, "7ca5e05d": {"runs": 42, "balls": 36, "wickets": 0}, "18fac429": {"runs": 42, "balls": 39, "wickets": 2}, "1e5708ac": {"runs": 23, "balls": 46, "wickets": 0}, "3a026eb4": {"runs": 25, "balls": 17, "wickets": 1}, "7839bf3a": {"runs": 27, "balls": 16, "wickets": 1}, "796e4140": {"runs": 22, "balls": 15, "wickets": 0}, "9025e58f": {"runs": 5, "balls": 11, "wickets": 0}, "c4ff0618": {"runs": 6, "balls": 8, "wickets": 0}, "a9a4df9f": {"runs": 8, "balls": 20, "wickets": 0}, "49118dc7": {"runs": 20, "balls": 31, "wickets": 0}, "eeeebf82": {"runs": 28, "balls": 38, "wickets": 1}, "7fa6bd8e": {"runs": 8, "balls": 15, "wickets": 1}, "5208c0a1": {"runs": 2, "balls": 4, "wickets": 0}, "753b5a2d": {"runs": 5, "balls": 3, "wickets": 0}, "5680f1ad": {"runs": 12, "balls": 13, "wickets": 0}, "c07a1f41": {"runs": 9, "balls": 9, "wickets": 0}, "2fdd16fe": {"runs": 6, "balls": 6, "wickets": 0}, "a56f4b65": {"runs": 6, "balls": 9, "wickets": 0}, "4373c57e": {"runs": 4, "balls": 4, "wickets": 0}, "4d0055a0": {"runs": 1, "balls": 1, "wickets": 0}, "f43dd8c2": {"runs": 30, "balls": 49, "wickets": 1}, "a75a78eb": {"runs": 0, "balls": 4, "wickets": 1}, "ded9240e": {"runs": 1, "balls": 5, "wickets": 1}, "f3171936": {"runs": 0, "balls": 2, "wickets": 0}, "817c1746": {"runs": 7, "balls": 9, "wickets": 0}, "5c756df3": {"runs": 8, "balls": 9, "wickets": 0}, "b681e71e": {"runs": 5, "balls": 3, "wickets": 0}, "2a2e6343": {"runs": 25, "balls": 16, "wickets": 2}, "f708a0bc": {"runs": 0, "balls": 2, "wickets": 0}, "9d430b40": {"runs": 11, "balls": 21, "wickets": 0}, "db584dad": {"runs": 0, "balls": 1, "wickets": 1}, "d1988788": {"runs": 41, "balls": 58, "wickets": 2}, "8dbda772": {"runs": 27, "balls": 54, "wickets": 0}, "e70a0811": {"runs": 50, "balls": 50, "wickets": 0}, "7572bf45": {"runs": 22, "balls": 13, "wickets": 0}, "ae6746e0": {"runs": 30, "balls": 33, "wickets": 0}, "75186c24": {"runs": 6, "balls": 7, "wickets": 0}, "2056c495": {"runs": 4, "balls": 9, "wickets": 0}, "a8e3170f": {"runs": 5, "balls": 5, "wickets": 0}, "05d74535": {"runs": 9, "balls": 14, "wickets": 0}, "086f5984": {"runs": 5, "balls": 6, "wickets": 1}, "9ab63e7b": {"runs": 2, "balls": 7, "wickets": 0}, "b3118300": {"runs": 4, "balls": 8, "wickets": 0}, "d094e7d1": {"runs": 0, "balls": 2, "wickets": 1}, "49b6c09f": {"runs": 48, "balls": 34, "wickets": 1}, "292381e0": {"runs": 3, "balls": 5, "wickets": 0}, "248b72c3": {"runs": 17, "balls": 7, "wickets": 0}, "795df06c": {"runs": 11, "balls": 8, "wickets": 0}, "d146924b": {"runs": 2, "balls": 3, "wickets": 0}, "bb9b51f4": {"runs": 3, "balls": 2, "wickets": 1}, "18eaf2fa": {"runs": 7, "balls": 12, "wickets": 1}, "26534b48": {"runs": 5, "balls": 5, "wickets": 0}, "2b7609f1": {"runs": 7, "balls": 7, "wickets": 0}, "111e207a": {"runs": 16, "balls": 9, "wickets": 0}, "011f6b42": {"runs": 6, "balls": 4, "wickets": 0}, "87e33d07": {"runs": 6, "balls": 4, "wickets": 0}, "18db3f22": {"runs": 5, "balls": 3, "wickets": 1}, "fb0abc20": {"runs": 1, "balls": 1, "wickets": 0}, "023f6b02": {"runs": 18, "balls": 12, "wickets": 0}, "f6c2659d": {"runs": 14, "balls": 8, "wickets": 2}, "76388dc8": {"runs": 16, "balls": 18, "wickets": 1}, "531f0278": {"runs": 3, "balls": 4, "wickets": 0}, "f846de6a": {"runs": 12, "balls": 19, "wickets": 0}, "0f721006": {"runs": 15, "balls": 24, "wickets": 0}, "3b417422": {"runs": 11, "balls": 8, "wickets": 1}, "79b4839e": {"runs": 48, "balls": 52, "wickets": 1}, "ea0cdc12": {"runs": 3, "balls": 2, "wickets": 0}, "01a95383": {"runs": 19, "balls": 30, "wickets": 1}, "0bec3a6c": {"runs": 54, "balls": 74, "wickets": 2}, "6232e1ed": {"runs": 10, "balls": 21, "wickets": 0}, "dda5aae5": {"runs": 34, "balls": 79, "wickets": 1}, "99cddc5e": {"runs": 42, "balls": 56, "wickets": 2}, "d74d1090": {"runs": 13, "balls": 16, "wickets": 1}, "06c2de82": {"runs": 25, "balls": 26, "wickets": 0}, "95085a7d": {"runs": 7, "balls": 5, "wickets": 0}, "5a37ec26": {"runs": 12, "balls": 17, "wickets": 0}, "e05b2a5b": {"runs": 31, "balls": 38, "wickets": 1}, "4457365c": {"runs": 9, "balls": 23, "wickets": 0}, "cf494ffe": {"runs": 6, "balls": 7, "wickets": 0}, "f1ba9ed7": {"runs": 10, "balls": 36, "wickets": 2}, "025a092b": {"runs": 28, "balls": 22, "wickets": 0}, "70fdd428": {"runs": 25, "balls": 58, "wickets": 3}, "bb351c23": {"runs": 36, "balls": 60, "wickets": 0}, "5db1c288": {"runs": 26, "balls": 44, "wickets": 0}, "8db7f47f": {"runs": 30, "balls": 26, "wickets": 0}, "245c97cb": {"runs": 3, "balls": 6, "wickets": 0}, "ecf7bbc9": {"runs": 14, "balls": 9, "wickets": 0}, "85ebf2be": {"runs": 21, "balls": 36, "wickets": 3}, "1427277f": {"runs": 45, "balls": 90, "wickets": 3}, "b16cf2ec": {"runs": 17, "balls": 46, "wickets": 0}, "867a45a7": {"runs": 0, "balls": 3, "wickets": 0}, "aac9f784": {"runs": 58, "balls": 83, "wickets": 4}, "1a45b864": {"runs": 69, "balls": 60, "wickets": 0}, "7fa2ab1f": {"runs": 55, "balls": 85, "wickets": 1}, "4c0f3806": {"runs": 66, "balls": 89, "wickets": 0}, "9c7d7cda": {"runs": 39, "balls": 69, "wickets": 0}, "f7177fd6": {"runs": 19, "balls": 76, "wickets": 0}, "5239d782": {"runs": 97, "balls": 132, "wickets": 2}, "8e510697": {"runs": 30, "balls": 23, "wickets": 0}, "ce470ca0": {"runs": 4, "balls": 8, "wickets": 0}, "f3abd0c9": {"runs": 28, "balls": 51, "wickets": 0}, "1cfac535": {"runs": 10, "balls": 5, "wickets": 0}, "a9da7784": {"runs": 24, "balls": 24, "wickets": 0}, "e9d5218e": {"runs": 51, "balls": 35, "wickets": 2}, "3dd30077": {"runs": 7, "balls": 12, "wickets": 0}, "8305580c": {"runs": 0, "balls": 3, "wickets": 0}, "58822938": {"runs": 11, "balls": 34, "wickets": 0}, "556302a7": {"runs": 8, "balls": 15, "wickets": 0}, "1179469b": {"runs": 37, "balls": 46, "wickets": 0}, "611926bc": {"runs": 36, "balls": 40, "wickets": 0}, "7d5e0b78": {"runs": 21, "balls": 43, "wickets": 0}, "6daf5e8c": {"runs": 23, "balls": 24, "wickets": 0}, "5da34add": {"runs": 28, "balls": 74, "wickets": 1}, "75e476d4": {"runs": 34, "balls": 30, "wickets": 1}, "7db8d00b": {"runs": 7, "balls": 7, "wickets": 0}, "42537f07": {"runs": 9, "balls": 10, "wickets": 0}, "c404f58a": {"runs": 2, "balls": 2, "wickets": 0}, "e9987a94": {"runs": 15, "balls": 34, "wickets": 0}, "dddc811c": {"runs": 17, "balls": 16, "wickets": 0}, "cd882d22": {"runs": 1, "balls": 2, "wickets": 0}, "aed5be04": {"runs": 25, "balls": 24, "wickets": 0}, "eaa4cfc2": {"runs": 19, "balls": 17, "wickets": 0}, "bca21d18": {"runs": 61, "balls": 88, "wickets": 3}, "15101f12": {"runs": 39, "balls": 68, "wickets": 1}, "9395f98e": {"runs": 27, "balls": 43, "wickets": 0}, "b2081fc8": {"runs": 7, "balls": 17, "wickets": 0}, "e91de70e": {"runs": 8, "balls": 14, "wickets": 0}, "ad9c32a2": {"runs": 2, "balls": 4, "wickets": 0}, "ccdd8308": {"runs": 4, "balls": 14, "wickets": 0}, "43205dad": {"runs": 5, "balls": 7, "wickets": 1}, "9b411f8f": {"runs": 5, "balls": 3, "wickets": 0}, "cd143bca": {"runs": 12, "balls": 35, "wickets": 1}, "8108e2d2": {"runs": 37, "balls": 23, "wickets": 0}, "45c2196c": {"runs": 7, "balls": 8, "wickets": 0}, "5b3acc53": {"runs": 1, "balls": 3, "wickets": 0}, "98eacfe5": {"runs": 0, "balls": 3, "wickets": 1}, "f5821615": {"runs": 37, "balls": 55, "wickets": 1}, "151d88b3": {"runs": 3, "balls": 8, "wickets": 0}, "bbbb7f1e": {"runs": 4, "balls": 6, "wickets": 0}, "fa92fc48": {"runs": 6, "balls": 8, "wickets": 0}, "4900d2bf": {"runs": 0, "balls": 4, "wickets": 0}, "3987e390": {"runs": 54, "balls": 69, "wickets": 0}, "47b4ad09": {"runs": 15, "balls": 23, "wickets": 0}, "b552a935": {"runs": 1, "balls": 3, "wickets": 0}, "8d1dad51": {"runs": 2, "balls": 4, "wickets": 1}, "e0ac7144": {"runs": 2, "balls": 3, "wickets": 0}, "51a3c5ef": {"runs": 15, "balls": 15, "wickets": 0}, "a7e8ff19": {"runs": 41, "balls": 67, "wickets": 2}, "6355d428": {"runs": 34, "balls": 56, "wickets": 0}, "75223da4": {"runs": 23, "balls": 17, "wickets": 1}, "1066a976": {"runs": 6, "balls": 23, "wickets": 0}, "7429c452": {"runs": 4, "balls": 8, "wickets": 0}, "28131839": {"runs": 15, "balls": 17, "wickets": 1}, "4180d897": {"runs": 0, "balls": 3, "wickets": 1}, "eb7af112": {"runs": 13, "balls": 13, "wickets": 0}, "3165bc1b": {"runs": 25, "balls": 18, "wickets": 0}, "4861d29b": {"runs": 35, "balls": 32, "wickets": 1}, "5bbabe59": {"runs": 20, "balls": 12, "wickets": 0}, "21bf71ab": {"runs": 7, "balls": 5, "wickets": 0}, "afe57f7a": {"runs": 50, "balls": 54, "wickets": 1}, "8cf9814c": {"runs": 4, "balls": 3, "wickets": 0}, "cc1e8c68": {"runs": 2, "balls": 2, "wickets": 0}, "fe93fd9d": {"runs": 0, "balls": 2, "wickets": 1}, "7cd0a092": {"runs": 7, "balls": 12, "wickets": 0}, "0dc00542": {"runs": 8, "balls": 14, "wickets": 0}, "a63775d6": {"runs": 10, "balls": 21, "wickets": 0}, "5af743d0": {"runs": 9, "balls": 9, "wickets": 1}, "6fe2c1c0": {"runs": 2, "balls": 10, "wickets": 0}, "eddf25bd": {"runs": 35, "balls": 71, "wickets": 0}, "0c7f11be": {"runs": 38, "balls": 45, "wickets": 0}, "450f6fa6": {"runs": 50, "balls": 85, "wickets": 0}, "91ffa6c6": {"runs": 20, "balls": 33, "wickets": 0}, "61a9ce31": {"runs": 14, "balls": 26, "wickets": 1}, "5b6d248a": {"runs": 4, "balls": 17, "wickets": 0}, "7f048519": {"runs": 6, "balls": 16, "wickets": 1}, "be4807e3": {"runs": 9, "balls": 4, "wickets": 0}, "addfb70e": {"runs": 1, "balls": 8, "wickets": 1}, "c4450a69": {"runs": 47, "balls": 48, "wickets": 0}, "e22d3b5c": {"runs": 55, "balls": 81, "wickets": 0}, "58c481c6": {"runs": 30, "balls": 43, "wickets": 0}, "2a0d5d4a": {"runs": 27, "balls": 33, "wickets": 0}, "730d120f": {"runs": 1, "balls": 7, "wickets": 0}, "1f28c0f2": {"runs": 4, "balls": 3, "wickets": 0}, "94eac556": {"runs": 6, "balls": 10, "wickets": 0}, "c995d726": {"runs": 6, "balls": 10, "wickets": 0}, "d66edc9a": {"runs": 2, "balls": 2, "wickets": 0}, "3c77ca9d": {"runs": 35, "balls": 48, "wickets": 0}, "7f3f108f": {"runs": 9, "balls": 9, "wickets": 0}, "5fed6272": {"runs": 8, "balls": 27, "wickets": 0}, "0a12e736": {"runs": 6, "balls": 11, "wickets": 1}, "137b58de": {"runs": 1, "balls": 1, "wickets": 0}, "363fe2d5": {"runs": 4, "balls": 3, "wickets": 0}, "95fcbfb7": {"runs": 1, "balls": 4, "wickets": 1}, "1676b2d6": {"runs": 1, "balls": 3, "wickets": 0}, "fb4c5ea5": {"runs": 2, "balls": 4, "wickets": 0}, "6a685375": {"runs": 15, "balls": 25, "wickets": 0}, "9f500ddb": {"runs": 12, "balls": 24, "wickets": 0}, "a36915ce": {"runs": 8, "balls": 28, "wickets": 0}, "7516045a": {"runs": 3, "balls": 3, "wickets": 0}, "72e60730": {"runs": 4, "balls": 4, "wickets": 0}, "e3eb9e46": {"runs": 2, "balls": 4, "wickets": 0}, "f8035c2a": {"runs": 2, "balls": 2, "wickets": 0}, "9f998ed8": {"runs": 2, "balls": 4, "wickets": 0}, "b6980844": {"runs": 6, "balls": 3, "wickets": 0}, "e05fcb17": {"runs": 1, "balls": 3, "wickets": 0}, "05c2ca46": {"runs": 19, "balls": 25, "wickets": 2}, "4557dc54": {"runs": 21, "balls": 18, "wickets": 0}, "0f21680d": {"runs": 35, "balls": 71, "wickets": 0}, "b21ed464": {"runs": 29, "balls": 24, "wickets": 1}, "58043739": {"runs": 9, "balls": 10, "wickets": 0}, "d8b24492": {"runs": 3, "balls": 5, "wickets": 1}, "9a963804": {"runs": 2, "balls": 5, "wickets": 0}, "02b93a83": {"runs": 5, "balls": 5, "wickets": 0}, "012829ff": {"runs": 11, "balls": 10, "wickets": 0}, "51e1ed69": {"runs": 5, "balls": 8, "wickets": 1}, "d346d939": {"runs": 2, "balls": 4, "wickets": 0}, "a510bdd3": {"runs": 22, "balls": 17, "wickets": 0}, "59559bc2": {"runs": 19, "balls": 17, "wickets": 2}, "6c79c098": {"runs": 6, "balls": 9, "wickets": 0}, "1ad0b441": {"runs": 0, "balls": 5, "wickets": 0}, "c5cc48bc": {"runs": 27, "balls": 38, "wickets": 0}, "3d0ed2f9": {"runs": 27, "balls": 27, "wickets": 1}, "0e0d43b4": {"runs": 15, "balls": 18, "wickets": 0}, "eba6a852": {"runs": 8, "balls": 10, "wickets": 0}, "e412cb64": {"runs": 32, "balls": 26, "wickets": 2}, "d12143bf": {"runs": 9, "balls": 17, "wickets": 0}, "b9877635": {"runs": 11, "balls": 9, "wickets": 0}, "b20f423b": {"runs": 16, "balls": 17, "wickets": 1}, "c672e80e": {"runs": 25, "balls": 25, "wickets": 0}, "ab474682": {"runs": 20, "balls": 16, "wickets": 0}, "88a004e9": {"runs": 7, "balls": 12, "wickets": 0}, "7955eb15": {"runs": 43, "balls": 31, "wickets": 1}, "024a173d": {"runs": 40, "balls": 42, "wickets": 0}, "f32dbc84": {"runs": 1, "balls": 2, "wickets": 0}, "4bc0a378": {"runs": 47, "balls": 58, "wickets": 0}, "b8704508": {"runs": 27, "balls": 20, "wickets": 0}, "26d041c4": {"runs": 9, "balls": 12, "wickets": 0}, "26f12506": {"runs": 8, "balls": 14, "wickets": 1}, "9ff7f691": {"runs": 6, "balls": 28, "wickets": 1}, "5af592d2": {"runs": 9, "balls": 16, "wickets": 0}, "bb134e5c": {"runs": 23, "balls": 23, "wickets": 0}, "e85d03d6": {"runs": 6, "balls": 13, "wickets": 0}, "5be810ba": {"runs": 28, "balls": 63, "wickets": 0}, "4d84ad05": {"runs": 18, "balls": 16, "wickets": 1}, "9920dd86": {"runs": 15, "balls": 25, "wickets": 0}, "0bd536fb": {"runs": 11, "balls": 8, "wickets": 1}, "87a92b6b": {"runs": 3, "balls": 2, "wickets": 0}, "9ac1dc9f": {"runs": 13, "balls": 26, "wickets": 0}, "7ecb9a14": {"runs": 11, "balls": 12, "wickets": 0}, "934b36a6": {"runs": 10, "balls": 12, "wickets": 0}, "3748955d": {"runs": 8, "balls": 5, "wickets": 0}, "b858be20": {"runs": 7, "balls": 4, "wickets": 0}, "681af475": {"runs": 5, "balls": 4, "wickets": 1}, "b082d112": {"runs": 5, "balls": 4, "wickets": 0}, "314ed7e6": {"runs": 10, "balls": 9, "wickets": 1}, "d99cc23a": {"runs": 1, "balls": 8, "wickets": 3}, "93e06301": {"runs": 4, "balls": 7, "wickets": 1}, "ffe699c0": {"runs": 1, "balls": 1, "wickets": 0}, "f78e7113": {"runs": 29, "balls": 39, "wickets": 1}, "509a7ca1": {"runs": 9, "balls": 6, "wickets": 0}, "1ca7c00f": {"runs": 3, "balls": 15, "wickets": 1}, "b3544c5d": {"runs": 23, "balls": 62, "wickets": 2}, "8fd1a8f5": {"runs": 5, "balls": 2, "wickets": 0}, "57590dbb": {"runs": 1, "balls": 2, "wickets": 0}, "4b685e2d": {"runs": 2, "balls": 6, "wickets": 1}, "25a42048": {"runs": 3, "balls": 6, "wickets": 0}, "9bab2b81": {"runs": 4, "balls": 5, "wickets": 0}, "2911de16": {"runs": 10, "balls": 12, "wickets": 0}, "16dfcc19": {"runs": 2, "balls": 3, "wickets": 0}, "9cb8d7a6": {"runs": 4, "balls": 9, "wickets": 0}, "3086f7a4": {"runs": 5, "balls": 9, "wickets": 0}, "3a60e0b5": {"runs": 2, "balls": 9, "wickets": 0}, "e62dd25d": {"runs": 1, "balls": 2, "wickets": 0}, "11614d87": {"runs": 1, "balls": 4, "wickets": 1}, "ab6b1c45": {"runs": 1, "balls": 5, "wickets": 0}, "3d8feaf8": {"runs": 1, "balls": 5, "wickets": 0}, "14f96089": {"runs": 7, "balls": 13, "wickets": 0}, "208f22ea": {"runs": 1, "balls": 5, "wickets": 1}, "d167edd3": {"runs": 1, "balls": 3, "wickets": 0}, "8dc305e7": {"runs": 10, "balls": 8, "wickets": 0}, "3c87f0c3": {"runs": 13, "balls": 8, "wickets": 0}, "0226b73a": {"runs": 15, "balls": 8, "wickets": 0}, "f0e293b0": {"runs": 24, "balls": 26, "wickets": 2}, "e6d298e8": {"runs": 9, "balls": 6, "wickets": 0}, "3f61a062": {"runs": 16, "balls": 9, "wickets": 0}, "1252f71a": {"runs": 44, "balls": 72, "wickets": 2}, "d3868bd0": {"runs": 21, "balls": 8, "wickets": 0}, "e871a7a1": {"runs": 45, "balls": 87, "wickets": 1}, "a343262c": {"runs": 6, "balls": 13, "wickets": 1}, "249d60c9": {"runs": 31, "balls": 39, "wickets": 1}, "641ac5ff": {"runs": 27, "balls": 35, "wickets": 2}, "e4a0deae": {"runs": 17, "balls": 18, "wickets": 0}, "9219eff0": {"runs": 7, "balls": 4, "wickets": 0}, "69c994e4": {"runs": 2, "balls": 2, "wickets": 0}, "fef92afc": {"runs": 10, "balls": 16, "wickets": 1}, "0a8fce53": {"runs": 3, "balls": 12, "wickets": 1}, "0f348f58": {"runs": 3, "balls": 5, "wickets": 0}, "350bb1b1": {"runs": 2, "balls": 7, "wickets": 0}, "e84ac20c": {"runs": 1, "balls": 5, "wickets": 1}, "e423d162": {"runs": 10, "balls": 24, "wickets": 0}, "d4eef961": {"runs": 8, "balls": 11, "wickets": 1}, "a03bba42": {"runs": 1, "balls": 2, "wickets": 0}, "402f8494": {"runs": 7, "balls": 3, "wickets": 0}, "5fcb6fb1": {"runs": 24, "balls": 12, "wickets": 1}, "19708692": {"runs": 10, "balls": 14, "wickets": 1}, "c03449e0": {"runs": 7, "balls": 10, "wickets": 1}, "aeab0d4f": {"runs": 17, "balls": 16, "wickets": 1}, "65b6943c": {"runs": 15, "balls": 19, "wickets": 0}, "a790df98": {"runs": 26, "balls": 38, "wickets": 1}, "b3c04ccb": {"runs": 12, "balls": 16, "wickets": 0}, "b699df47": {"runs": 8, "balls": 9, "wickets": 0}, "0d677597": {"runs": 0, "balls": 1, "wickets": 1}, "42151725": {"runs": 5, "balls": 4, "wickets": 0}, "f0a0204e": {"runs": 4, "balls": 3, "wickets": 0}, "4a461c24": {"runs": 0, "balls": 1, "wickets": 1}, "5e6d1a54": {"runs": 20, "balls": 26, "wickets": 0}, "2d4465da": {"runs": 49, "balls": 40, "wickets": 1}, "22ee7ea8": {"runs": 11, "balls": 21, "wickets": 0}, "1a8ad45c": {"runs": 21, "balls": 10, "wickets": 0}, "e9a870ed": {"runs": 25, "balls": 14, "wickets": 1}, "4d1ec7eb": {"runs": 8, "balls": 10, "wickets": 0}, "e342e5fb": {"runs": 6, "balls": 5, "wickets": 0}, "4a745f65": {"runs": 20, "balls": 15, "wickets": 0}, "78cb83f3": {"runs": 3, "balls": 3, "wickets": 1}, "9f0270e0": {"runs": 4, "balls": 18, "wickets": 0}, "c89474d1": {"runs": 15, "balls": 19, "wickets": 0}, "79c7041c": {"runs": 16, "balls": 25, "wickets": 0}, "e734d090": {"runs": 30, "balls": 25, "wickets": 0}, "dc670143": {"runs": 25, "balls": 41, "wickets": 0}, "0a3d54b9": {"runs": 14, "balls": 38, "wickets": 1}, "2085e1fa": {"runs": 4, "balls": 21, "wickets": 0}, "d112c570": {"runs": 7, "balls": 9, "wickets": 0}, "6c908ffc": {"runs": 5, "balls": 18, "wickets": 1}, "f54dbda7": {"runs": 0, "balls": 4, "wickets": 0}, "9de62878": {"runs": 29, "balls": 48, "wickets": 0}, "e174dadd": {"runs": 0, "balls": 16, "wickets": 1}, "a089f93f": {"runs": 16, "balls": 25, "wickets": 0}, "6042bf26": {"runs": 7, "balls": 14, "wickets": 0}, "e737a5fe": {"runs": 3, "balls": 6, "wickets": 1}, "4e66ae69": {"runs": 20, "balls": 12, "wickets": 0}, "aa1210d8": {"runs": 8, "balls": 5, "wickets": 0}, "f048bb41": {"runs": 3, "balls": 12, "wickets": 0}, "fdb8ed0d": {"runs": 10, "balls": 10, "wickets": 0}, "c1f6c27e": {"runs": 7, "balls": 7, "wickets": 1}, "c042b412": {"runs": 9, "balls": 14, "wickets": 0}, "5d38476c": {"runs": 2, "balls": 2, "wickets": 0}, "469ccead": {"runs": 15, "balls": 8, "wickets": 0}, "34cb2f69": {"runs": 2, "balls": 2, "wickets": 0}, "8d2c70ad": {"runs": 6, "balls": 8, "wickets": 1}, "57ee1fde": {"runs": 7, "balls": 10, "wickets": 0}, "dcf81436": {"runs": 0, "balls": 2, "wickets": 0}, "dbe50b21": {"runs": 7, "balls": 7, "wickets": 0}, "808f425a": {"runs": 0, "balls": 1, "wickets": 1}, "9679838c": {"runs": 11, "balls": 13, "wickets": 0}, "219cc59e": {"runs": 5, "balls": 6, "wickets": 0}, "1efd12d1": {"runs": 7, "balls": 9, "wickets": 2}, "1d2f290a": {"runs": 1, "balls": 1, "wickets": 0}, "3f659464": {"runs": 4, "balls": 8, "wickets": 1}, "0c5bb005": {"runs": 14, "balls": 7, "wickets": 0}, "4c5d73db": {"runs": 2, "balls": 4, "wickets": 0}, "b7a6a60b": {"runs": 1, "balls": 3, "wickets": 1}, "07c8a2f4": {"runs": 1, "balls": 25, "wickets": 0}, "d26e0405": {"runs": 8, "balls": 23, "wickets": 0}, "948beb1f": {"runs": 11, "balls": 25, "wickets": 0}, "7f3ad1ed": {"runs": 11, "balls": 21, "wickets": 1}, "29b89ae8": {"runs": 15, "balls": 16, "wickets": 0}, "574b4c01": {"runs": 23, "balls": 42, "wickets": 0}, "e957b38f": {"runs": 20, "balls": 34, "wickets": 1}, "bd0a4a7d": {"runs": 6, "balls": 11, "wickets": 0}, "3766056b": {"runs": 12, "balls": 20, "wickets": 1}, "9061a703": {"runs": 13, "balls": 21, "wickets": 0}, "e86754b2": {"runs": 0, "balls": 1, "wickets": 0}, "bdadf7da": {"runs": 4, "balls": 6, "wickets": 0}, "d9609443": {"runs": 5, "balls": 13, "wickets": 1}, "a1d053dd": {"runs": 14, "balls": 8, "wickets": 1}, "b3a28446": {"runs": 2, "balls": 2, "wickets": 0}, "1bb0993e": {"runs": 10, "balls": 4, "wickets": 1}, "25550d06": {"runs": 8, "balls": 12, "wickets": 1}, "2af30786": {"runs": 25, "balls": 11, "wickets": 0}, "8b054bba": {"runs": 1, "balls": 3, "wickets": 1}, "415e5c01": {"runs": 5, "balls": 3, "wickets": 0}, "3f18724b": {"runs": 11, "balls": 10, "wickets": 1}, "82038f80": {"runs": 1, "balls": 6, "wickets": 0}, "05d4c10d": {"runs": 2, "balls": 3, "wickets": 0}, "8c2aa0f9": {"runs": 34, "balls": 33, "wickets": 1}, "c9945bdf": {"runs": 19, "balls": 35, "wickets": 1}, "e3fe4b49": {"runs": 1, "balls": 2, "wickets": 1}, "af28816c": {"runs": 26, "balls": 44, "wickets": 0}, "33b3d2df": {"runs": 3, "balls": 2, "wickets": 0}, "59792462": {"runs": 7, "balls": 5, "wickets": 0}, "3300d23c": {"runs": 6, "balls": 10, "wickets": 0}, "49691d7a": {"runs": 4, "balls": 7, "wickets": 1}, "51c90542": {"runs": 12, "balls": 10, "wickets": 0}, "a300e810": {"runs": 4, "balls": 8, "wickets": 1}, "c5d7b244": {"runs": 2, "balls": 4, "wickets": 1}, "65122d56": {"runs": 1, "balls": 1, "wickets": 0}, "1adb8ee8": {"runs": 1, "balls": 2, "wickets": 0}, "b410bd3d": {"runs": 2, "balls": 3, "wickets": 0}, "64fb6b15": {"runs": 3, "balls": 4, "wickets": 0}, "f28a60e0": {"runs": 10, "balls": 6, "wickets": 0}, "e258a603": {"runs": 4, "balls": 5, "wickets": 0}, "b3bad3f2": {"runs": 2, "balls": 2, "wickets": 0}, "017faef2": {"runs": 1, "balls": 2, "wickets": 0}, "95a5e066": {"runs": 1, "balls": 1, "wickets": 0}, "e16e7347": {"runs": 5, "balls": 5, "wickets": 1}, "a61bcb94": {"runs": 1, "balls": 1, "wickets": 0}, "c5aef772": {"runs": 0, "balls": 1, "wickets": 1}, "478a63e7": {"runs": 6, "balls": 8, "wickets": 0}}, "fifties": 2, "thirties": 78, "centuries": 0, "maidens": 0.0, "hattricks": 0, "club_ODI_previous3_runs": [26.0, 17.0, 22.0], "club_ODI_previous3_wickets": [0.0, 0.0, 0.0], "club_ODI_previous3_balls played": [33.0, 21.0, 38.0], "club_ODI_previous3_overs": [0.0, 0.0, 0.0], "club_ODI_previous3_runs gave": [0.0, 0.0, 0.0], "club_ODI_lifetime_runs": 769.0, "club_ODI_lifetime_wickets": 0.0, "club_ODI_lifetime_balls played": 999.0, "club_ODI_lifetime_overs": 0.0, "club_ODI_lifetime_runs gave": 0.0, "club_Test_previous3_runs": [41.0, 4.0, 53.0], "club_Test_previous3_wickets": [0.0, 0.0, 0.0], "club_Test_previous3_balls played": [75.0, 44.0, 119.0], "club_Test_previous3_overs": [0.0, 0.0, 0.0], "club_Test_previous3_runs gave": [0.0, 0.0, 0.0], "club_Test_lifetime_runs": 1895.0, "club_Test_lifetime_wickets": 0.0, "club_Test_lifetime_balls played": 3311.0, "club_Test_lifetime_overs": 0.0, "club_Test_lifetime_runs gave": 0.0, "club_T20_previous3_runs": [7.0, 12.0, 4.0], "club_T20_previous3_wickets": [0.0, 0.0, 0.0], "club_T20_previous3_balls played": [11.0, 14.0, 9.0], "club_T20_previous3_overs": [0.0, 0.0, 0.0], "club_T20_previous3_runs gave": [0.0, 0.0, 0.0], "club_T20_lifetime_runs": 924.0, "club_T20_lifetime_wickets": 0.0, "club_T20_lifetime_balls played": 810.0, "club_T20_lifetime_overs": 0.0, "club_T20_lifetime_runs gave": 0.0, "international_ODI_previous3_runs": [30.0, 4.0, 12.0], "international_ODI_previous3_wickets": [0.0, 0.0, 0.0], "international_ODI_previous3_balls played": [42.0, 7.0, 6.0], "international_ODI_previous3_overs": [0.0, 0.0, 0.0], "international_ODI_previous3_runs gave": [0.0, 0.0, 0.0], "international_ODI_lifetime_runs": 1343.0, "international_ODI_lifetime_wickets": 0.0, "international_ODI_lifetime_balls played": 1777.0, "international_ODI_lifetime_overs": 0.0, "international_ODI_lifetime_runs gave": 0.0, "international_Test_previous3_runs": [77.0, 45.0, 0.0], "international_Test_previous3_wickets": [0.0, 0.0, 0.0], "international_Test_previous3_balls played": [151.0, 108.0, 6.0], "international_Test_previous3_overs": [0.0, 0.0, 0.0], "international_Test_previous3_runs gave": [0.0, 0.0, 0.0], "international_Test_lifetime_runs": 262.0, "international_Test_lifetime_wickets": 0.0, "international_Test_lifetime_balls played": 546.0, "international_Test_lifetime_overs": 0.0, "international_Test_lifetime_runs gave": 0.0, "international_T20_previous3_runs": [17.0, 5.0, 7.0], "international_T20_previous3_wickets": [0.0, 0.0, 0.0], "international_T20_previous3_balls played": [12.0, 7.0, 8.0], "international_T20_previous3_overs": [0.0, 0.0, 0.0], "international_T20_previous3_runs gave": [0.0, 0.0, 0.0], "international_T20_lifetime_runs": 1032.0, "international_T20_lifetime_wickets": 0.0, "international_T20_lifetime_balls played": 988.0, "international_T20_lifetime_overs": 0.0, "international_T20_lifetime_runs gave": 0.0}