{"played_against": {"88fccd6c": {"runs": 1, "balls": 7, "wickets": 1}, "2503e881": {"runs": 2, "balls": 8, "wickets": 0}, "6a0537aa": {"runs": 0, "balls": 4, "wickets": 0}, "20a941bb": {"runs": 0, "balls": 16, "wickets": 2}, "74234d66": {"runs": 0, "balls": 11, "wickets": 0}, "8d0ea930": {"runs": 0, "balls": 2, "wickets": 0}, "bb18be76": {"runs": 2, "balls": 27, "wickets": 2}, "ee7d0c82": {"runs": 3, "balls": 9, "wickets": 1}, "53fe6ee4": {"runs": 0, "balls": 0, "wickets": 0}, "ab89348d": {"runs": 8, "balls": 12, "wickets": 0}, "434e36b1": {"runs": 0, "balls": 1, "wickets": 0}, "a12e1d51": {"runs": 0, "balls": 5, "wickets": 0}, "37f501d7": {"runs": 4, "balls": 8, "wickets": 0}, "0cc343b0": {"runs": 0, "balls": 2, "wickets": 0}, "db584dad": {"runs": 0, "balls": 5, "wickets": 1}, "35205dfc": {"runs": 0, "balls": 2, "wickets": 0}, "a7489342": {"runs": 0, "balls": 1, "wickets": 1}, "8fd1a8f5": {"runs": 6, "balls": 17, "wickets": 4}, "6b0c3a20": {"runs": 0, "balls": 1, "wickets": 1}, "4ba44e19": {"runs": 0, "balls": 10, "wickets": 0}, "fd093ca9": {"runs": 0, "balls": 4, "wickets": 0}, "090f9211": {"runs": 8, "balls": 8, "wickets": 0}, "e186f49c": {"runs": 3, "balls": 13, "wickets": 0}, "0443414a": {"runs": 1, "balls": 2, "wickets": 0}, "53bc7b84": {"runs": 0, "balls": 5, "wickets": 0}, "d12143bf": {"runs": 9, "balls": 25, "wickets": 2}, "eba6a852": {"runs": 7, "balls": 7, "wickets": 0}, "9dca07d7": {"runs": 0, "balls": 15, "wickets": 2}, "5a37ec26": {"runs": 0, "balls": 11, "wickets": 0}, "a386e91b": {"runs": 1, "balls": 9, "wickets": 1}, "f5180fe6": {"runs": 5, "balls": 15, "wickets": 3}, "a3bfec5d": {"runs": 2, "balls": 4, "wickets": 1}, "dd09ff8e": {"runs": 0, "balls": 6, "wickets": 1}, "8b5b6769": {"runs": 4, "balls": 24, "wickets": 1}, "f0f628c7": {"runs": 0, "balls": 1, "wickets": 0}, "ea0cdc12": {"runs": 2, "balls": 5, "wickets": 0}, "d2fcce2f": {"runs": 0, "balls": 13, "wickets": 0}, "e03b66ec": {"runs": 0, "balls": 8, "wickets": 0}, "05d74535": {"runs": 0, "balls": 2, "wickets": 0}, "16dfcc19": {"runs": 9, "balls": 24, "wickets": 2}, "0be1b885": {"runs": 0, "balls": 6, "wickets": 0}, "45c2196c": {"runs": 0, "balls": 2, "wickets": 0}, "12eddf28": {"runs": 0, "balls": 4, "wickets": 1}, "8ea6e670": {"runs": 1, "balls": 3, "wickets": 0}, "6b8eb6e5": {"runs": 1, "balls": 4, "wickets": 0}, "91a4a398": {"runs": 5, "balls": 6, "wickets": 0}, "6c6591ab": {"runs": 0, "balls": 11, "wickets": 0}, "5bb1a1c4": {"runs": 2, "balls": 6, "wickets": 1}, "d094e7d1": {"runs": 4, "balls": 10, "wickets": 0}, "49691d7a": {"runs": 0, "balls": 1, "wickets": 0}, "67af6f81": {"runs": 0, "balls": 2, "wickets": 1}, "3fb19989": {"runs": 1, "balls": 9, "wickets": 0}, "96a6a7ad": {"runs": 1, "balls": 20, "wickets": 2}, "f752db61": {"runs": 0, "balls": 1, "wickets": 1}, "bd93fea4": {"runs": 1, "balls": 2, "wickets": 0}, "acee4cc4": {"runs": 0, "balls": 3, "wickets": 0}, "5bb5a915": {"runs": 0, "balls": 6, "wickets": 0}, "cfe70281": {"runs": 0, "balls": 7, "wickets": 1}, "d4eef961": {"runs": 2, "balls": 6, "wickets": 0}, "c03c6200": {"runs": 4, "balls": 7, "wickets": 0}, "9d430b40": {"runs": 0, "balls": 9, "wickets": 0}, "495d42a5": {"runs": 0, "balls": 4, "wickets": 1}}, "fifties": 0, "thirties": 0, "centuries": 0, "maidens": 352.0, "hattricks": 31, "club_ODI_previous3_runs": [], "club_ODI_previous3_wickets": [], "club_ODI_previous3_balls played": [], "club_ODI_previous3_overs": [], "club_ODI_previous3_runs gave": [], "club_ODI_lifetime_runs": 0.0, "club_ODI_lifetime_wickets": 0.0, "club_ODI_lifetime_balls played": 0.0, "club_ODI_lifetime_overs": 0.0, "club_ODI_lifetime_runs gave": 0.0, "club_Test_previous3_runs": [], "club_Test_previous3_wickets": [], "club_Test_previous3_balls played": [], "club_Test_previous3_overs": [], "club_Test_previous3_runs gave": [], "club_Test_lifetime_runs": 0.0, "club_Test_lifetime_wickets": 0.0, "club_Test_lifetime_balls played": 0.0, "club_Test_lifetime_overs": 0.0, "club_Test_lifetime_runs gave": 0.0, "club_T20_previous3_runs": [], "club_T20_previous3_wickets": [], "club_T20_previous3_balls played": [], "club_T20_previous3_overs": [], "club_T20_previous3_runs gave": [], "club_T20_lifetime_runs": 0.0, "club_T20_lifetime_wickets": 0.0, "club_T20_lifetime_balls played": 0.0, "club_T20_lifetime_overs": 0.0, "club_T20_lifetime_runs gave": 0.0, "international_ODI_previous3_runs": [2.0, 0.0, 0.0], "international_ODI_previous3_wickets": [0.0, 1.0, 0.0], "international_ODI_previous3_balls played": [3.0, 0.0, 0.0], "international_ODI_previous3_overs": [7.0, 9.833333333333334, 4.0], "international_ODI_previous3_runs gave": [45.0, 75.0, 23.0], "international_ODI_lifetime_runs": 2.0, "international_ODI_lifetime_wickets": 7.0, "international_ODI_lifetime_balls played": 3.0, "international_ODI_lifetime_overs": 84.83333333333333, "international_ODI_lifetime_runs gave": 416.0, "international_Test_previous3_runs": [4.0, 0.0, 0.0], "international_Test_previous3_wickets": [3.0, 1.0, 3.0], "international_Test_previous3_balls played": [16.0, 4.0, 3.0], "international_Test_previous3_overs": [34.0, 26.666666666666664, 19.333333333333332], "international_Test_previous3_runs gave": [146.0, 81.0, 65.0], "international_Test_lifetime_runs": 92.0, "international_Test_lifetime_wickets": 162.0, "international_Test_lifetime_balls played": 471.0, "international_Test_lifetime_overs": 1809.1666666666667, "international_Test_lifetime_runs gave": 6084.0, "international_T20_previous3_runs": [0.0, 5.0, 0.0], "international_T20_previous3_wickets": [1.0, 2.0, 1.0], "international_T20_previous3_balls played": [0.0, 6.0, 0.0], "international_T20_previous3_overs": [4.0, 4.0, 4.0], "international_T20_previous3_runs gave": [40.0, 35.0, 45.0], "international_T20_lifetime_runs": 5.0, "international_T20_lifetime_wickets": 7.0, "international_T20_lifetime_balls played": 6.0, "international_T20_lifetime_overs": 23.0, "international_T20_lifetime_runs gave": 197.0}