{"played_against": {"ed82d9a5": {"runs": 6, "balls": 5, "wickets": 0}, "4add4c98": {"runs": 1, "balls": 3, "wickets": 0}, "3b2ca392": {"runs": 9, "balls": 7, "wickets": 0}, "7267e3cd": {"runs": 4, "balls": 12, "wickets": 0}, "1579d497": {"runs": 5, "balls": 3, "wickets": 0}, "44e00a4c": {"runs": 0, "balls": 2, "wickets": 0}, "b3540b2a": {"runs": 2, "balls": 5, "wickets": 0}, "36a0a88c": {"runs": 0, "balls": 3, "wickets": 0}, "9c333e40": {"runs": 0, "balls": 1, "wickets": 1}, "8930a2a6": {"runs": 2, "balls": 3, "wickets": 0}, "676aeb1b": {"runs": 4, "balls": 5, "wickets": 1}, "3d7f02d4": {"runs": 1, "balls": 2, "wickets": 0}}, "fifties": 0, "thirties": 0, "centuries": 0, "maidens": 0.0, "hattricks": 0, "club_ODI_previous3_runs": [], "club_ODI_previous3_wickets": [], "club_ODI_previous3_balls played": [], "club_ODI_previous3_overs": [], "club_ODI_previous3_runs gave": [], "club_ODI_lifetime_runs": 0.0, "club_ODI_lifetime_wickets": 0.0, "club_ODI_lifetime_balls played": 0.0, "club_ODI_lifetime_overs": 0.0, "club_ODI_lifetime_runs gave": 0.0, "club_Test_previous3_runs": [], "club_Test_previous3_wickets": [], "club_Test_previous3_balls played": [], "club_Test_previous3_overs": [], "club_Test_previous3_runs gave": [], "club_Test_lifetime_runs": 0.0, "club_Test_lifetime_wickets": 0.0, "club_Test_lifetime_balls played": 0.0, "club_Test_lifetime_overs": 0.0, "club_Test_lifetime_runs gave": 0.0, "club_T20_previous3_runs": [], "club_T20_previous3_wickets": [], "club_T20_previous3_balls played": [], "club_T20_previous3_overs": [], "club_T20_previous3_runs gave": [], "club_T20_lifetime_runs": 0.0, "club_T20_lifetime_wickets": 0.0, "club_T20_lifetime_balls played": 0.0, "club_T20_lifetime_overs": 0.0, "club_T20_lifetime_runs gave": 0.0, "international_ODI_previous3_runs": [], "international_ODI_previous3_wickets": [], "international_ODI_previous3_balls played": [], "international_ODI_previous3_overs": [], "international_ODI_previous3_runs gave": [], "international_ODI_lifetime_runs": 0.0, "international_ODI_lifetime_wickets": 0.0, "international_ODI_lifetime_balls played": 0.0, "international_ODI_lifetime_overs": 0.0, "international_ODI_lifetime_runs gave": 0.0, "international_Test_previous3_runs": [], "international_Test_previous3_wickets": [], "international_Test_previous3_balls played": [], "international_Test_previous3_overs": [], "international_Test_previous3_runs gave": [], "international_Test_lifetime_runs": 0.0, "international_Test_lifetime_wickets": 0.0, "international_Test_lifetime_balls played": 0.0, "international_Test_lifetime_overs": 0.0, "international_Test_lifetime_runs gave": 0.0, "international_T20_previous3_runs": [0.0, 2.0, 5.0], "international_T20_previous3_wickets": [0.0, 0.0, 0.0], "international_T20_previous3_balls played": [1.0, 5.0, 7.0], "international_T20_previous3_overs": [0.0, 0.8333333333333334, 0.0], "international_T20_previous3_runs gave": [0.0, 14.0, 0.0], "international_T20_lifetime_runs": 34.0, "international_T20_lifetime_wickets": 0.0, "international_T20_lifetime_balls played": 51.0, "international_T20_lifetime_overs": 1.8333333333333335, "international_T20_lifetime_runs gave": 17.0}