{"played_against": {"33b3d2df": {"runs": 2, "balls": 5, "wickets": 0}, "af28816c": {"runs": 10, "balls": 14, "wickets": 2}, "478a63e7": {"runs": 1, "balls": 1, "wickets": 0}, "3766056b": {"runs": 0, "balls": 3, "wickets": 1}, "9061a703": {"runs": 0, "balls": 4, "wickets": 0}, "1a448be0": {"runs": 1, "balls": 2, "wickets": 0}, "2da4519d": {"runs": 7, "balls": 8, "wickets": 0}, "4ec96094": {"runs": 12, "balls": 6, "wickets": 1}, "fc55ec67": {"runs": 8, "balls": 8, "wickets": 0}, "6be7b49d": {"runs": 1, "balls": 1, "wickets": 0}, "0f9c9d1d": {"runs": 1, "balls": 6, "wickets": 0}, "e3fe4b49": {"runs": 4, "balls": 10, "wickets": 2}, "25550d06": {"runs": 7, "balls": 24, "wickets": 0}, "574b4c01": {"runs": 6, "balls": 22, "wickets": 0}, "7afc806f": {"runs": 3, "balls": 20, "wickets": 0}, "b4402d8a": {"runs": 12, "balls": 11, "wickets": 1}, "99cddc5e": {"runs": 7, "balls": 4, "wickets": 0}, "19d0a172": {"runs": 7, "balls": 12, "wickets": 1}, "704af8eb": {"runs": 1, "balls": 1, "wickets": 0}, "2052d6f4": {"runs": 2, "balls": 3, "wickets": 0}, "5d4338a2": {"runs": 1, "balls": 4, "wickets": 0}, "20f9e6b1": {"runs": 1, "balls": 2, "wickets": 0}, "bd0a4a7d": {"runs": 7, "balls": 10, "wickets": 2}, "14e801aa": {"runs": 21, "balls": 15, "wickets": 0}, "9aedf23b": {"runs": 13, "balls": 18, "wickets": 1}, "70f2f922": {"runs": 5, "balls": 11, "wickets": 0}, "2c54c49b": {"runs": 20, "balls": 27, "wickets": 0}, "8ff85f5c": {"runs": 5, "balls": 7, "wickets": 0}, "69b1224b": {"runs": 1, "balls": 3, "wickets": 0}, "ccc17282": {"runs": 1, "balls": 3, "wickets": 1}, "d26de4de": {"runs": 1, "balls": 3, "wickets": 1}, "806f03dd": {"runs": 1, "balls": 1, "wickets": 0}, "b6657cbe": {"runs": 5, "balls": 6, "wickets": 0}, "8614ffef": {"runs": 4, "balls": 4, "wickets": 0}}, "fifties": 0, "thirties": 1, "centuries": 0, "maidens": 12.0, "hattricks": 8, "club_ODI_previous3_runs": [6.0, 0.0, 5.0], "club_ODI_previous3_wickets": [3.0, 1.0, 0.0], "club_ODI_previous3_balls played": [7.0, 6.0, 9.0], "club_ODI_previous3_overs": [9.833333333333332, 7.0, 10.0], "club_ODI_previous3_runs gave": [27.0, 30.0, 74.0], "club_ODI_lifetime_runs": 99.0, "club_ODI_lifetime_wickets": 29.0, "club_ODI_lifetime_balls played": 187.0, "club_ODI_lifetime_overs": 173.33333333333334, "club_ODI_lifetime_runs gave": 862.0, "club_Test_previous3_runs": [], "club_Test_previous3_wickets": [], "club_Test_previous3_balls played": [], "club_Test_previous3_overs": [], "club_Test_previous3_runs gave": [], "club_Test_lifetime_runs": 0.0, "club_Test_lifetime_wickets": 0.0, "club_Test_lifetime_balls played": 0.0, "club_Test_lifetime_overs": 0.0, "club_Test_lifetime_runs gave": 0.0, "club_T20_previous3_runs": [14.0, 0.0, 0.0], "club_T20_previous3_wickets": [1.0, 0.0, 1.0], "club_T20_previous3_balls played": [15.0, 2.0, 0.0], "club_T20_previous3_overs": [4.0, 2.6666666666666665, 4.0], "club_T20_previous3_runs gave": [62.0, 30.0, 22.0], "club_T20_lifetime_runs": 79.0, "club_T20_lifetime_wickets": 30.0, "club_T20_lifetime_balls played": 93.0, "club_T20_lifetime_overs": 85.0, "club_T20_lifetime_runs gave": 822.0, "international_ODI_previous3_runs": [], "international_ODI_previous3_wickets": [], "international_ODI_previous3_balls played": [], "international_ODI_previous3_overs": [], "international_ODI_previous3_runs gave": [], "international_ODI_lifetime_runs": 0.0, "international_ODI_lifetime_wickets": 0.0, "international_ODI_lifetime_balls played": 0.0, "international_ODI_lifetime_overs": 0.0, "international_ODI_lifetime_runs gave": 0.0, "international_Test_previous3_runs": [], "international_Test_previous3_wickets": [], "international_Test_previous3_balls played": [], "international_Test_previous3_overs": [], "international_Test_previous3_runs gave": [], "international_Test_lifetime_runs": 0.0, "international_Test_lifetime_wickets": 0.0, "international_Test_lifetime_balls played": 0.0, "international_Test_lifetime_overs": 0.0, "international_Test_lifetime_runs gave": 0.0, "international_T20_previous3_runs": [], "international_T20_previous3_wickets": [], "international_T20_previous3_balls played": [], "international_T20_previous3_overs": [], "international_T20_previous3_runs gave": [], "international_T20_lifetime_runs": 0.0, "international_T20_lifetime_wickets": 0.0, "international_T20_lifetime_balls played": 0.0, "international_T20_lifetime_overs": 0.0, "international_T20_lifetime_runs gave": 0.0}