{"played_against": {"243431b5": {"runs": 37, "balls": 52, "wickets": 0}, "3766056b": {"runs": 62, "balls": 52, "wickets": 1}, "29b89ae8": {"runs": 27, "balls": 33, "wickets": 1}, "99cddc5e": {"runs": 29, "balls": 49, "wickets": 0}, "e957b38f": {"runs": 13, "balls": 22, "wickets": 0}, "8c2aa0f9": {"runs": 20, "balls": 22, "wickets": 0}, "c9945bdf": {"runs": 15, "balls": 17, "wickets": 0}, "4861d29b": {"runs": 6, "balls": 15, "wickets": 0}, "f0e293b0": {"runs": 13, "balls": 20, "wickets": 1}, "79b4839e": {"runs": 3, "balls": 10, "wickets": 1}, "78eb4223": {"runs": 8, "balls": 10, "wickets": 1}, "0f721006": {"runs": 6, "balls": 5, "wickets": 1}, "a8e56914": {"runs": 10, "balls": 26, "wickets": 1}, "a316d663": {"runs": 2, "balls": 11, "wickets": 1}, "b16cf2ec": {"runs": 3, "balls": 18, "wickets": 0}, "d68e7f48": {"runs": 7, "balls": 29, "wickets": 2}, "e871a7a1": {"runs": 49, "balls": 33, "wickets": 2}, "c8a3f688": {"runs": 26, "balls": 54, "wickets": 1}, "dec8e038": {"runs": 12, "balls": 8, "wickets": 0}, "a6bab2a9": {"runs": 8, "balls": 17, "wickets": 0}, "7239b60d": {"runs": 25, "balls": 24, "wickets": 0}, "f7d267f7": {"runs": 16, "balls": 24, "wickets": 2}, "4167f30b": {"runs": 7, "balls": 16, "wickets": 1}, "07b6f54c": {"runs": 1, "balls": 4, "wickets": 0}, "d1988788": {"runs": 3, "balls": 11, "wickets": 1}, "84dc72db": {"runs": 14, "balls": 19, "wickets": 0}, "067bda18": {"runs": 59, "balls": 105, "wickets": 3}, "9789e56e": {"runs": 28, "balls": 61, "wickets": 0}, "fe5b4367": {"runs": 40, "balls": 61, "wickets": 1}, "3d0ed2f9": {"runs": 14, "balls": 50, "wickets": 4}, "93e06301": {"runs": 4, "balls": 27, "wickets": 0}, "1ca7c00f": {"runs": 39, "balls": 76, "wickets": 0}, "0e0d43b4": {"runs": 26, "balls": 48, "wickets": 1}, "18fac429": {"runs": 34, "balls": 74, "wickets": 0}, "b3544c5d": {"runs": 22, "balls": 34, "wickets": 1}, "e423d162": {"runs": 45, "balls": 81, "wickets": 0}, "679cd31e": {"runs": 14, "balls": 31, "wickets": 0}, "5b6d248a": {"runs": 14, "balls": 27, "wickets": 1}, "bd93fea4": {"runs": 4, "balls": 34, "wickets": 0}, "23638956": {"runs": 26, "balls": 47, "wickets": 0}, "4ec07775": {"runs": 8, "balls": 11, "wickets": 0}, "d346d939": {"runs": 14, "balls": 24, "wickets": 0}, "a510bdd3": {"runs": 50, "balls": 62, "wickets": 0}, "1f1b4c89": {"runs": 20, "balls": 52, "wickets": 0}, "219cc59e": {"runs": 53, "balls": 85, "wickets": 0}, "cd143bca": {"runs": 44, "balls": 65, "wickets": 2}, "9679838c": {"runs": 14, "balls": 13, "wickets": 0}, "5fed6272": {"runs": 9, "balls": 12, "wickets": 2}, "eba6a852": {"runs": 14, "balls": 23, "wickets": 0}, "00cada13": {"runs": 7, "balls": 19, "wickets": 0}, "d48c0f40": {"runs": 4, "balls": 14, "wickets": 2}, "2baad3bd": {"runs": 7, "balls": 16, "wickets": 0}, "5da34add": {"runs": 25, "balls": 53, "wickets": 0}, "5e6d1a54": {"runs": 12, "balls": 25, "wickets": 0}, "d99cc23a": {"runs": 28, "balls": 84, "wickets": 2}, "03df7a25": {"runs": 31, "balls": 31, "wickets": 0}, "0c7f11be": {"runs": 22, "balls": 43, "wickets": 0}, "1a45b864": {"runs": 9, "balls": 16, "wickets": 0}, "5a74e559": {"runs": 14, "balls": 28, "wickets": 0}, "6c79c098": {"runs": 7, "balls": 33, "wickets": 0}, "ad212f96": {"runs": 7, "balls": 21, "wickets": 0}, "9fd3a210": {"runs": 85, "balls": 89, "wickets": 0}, "f1ba9ed7": {"runs": 2, "balls": 31, "wickets": 1}, "10f68de1": {"runs": 1, "balls": 4, "wickets": 0}, "6c908ffc": {"runs": 84, "balls": 127, "wickets": 1}, "b56dc5f7": {"runs": 0, "balls": 2, "wickets": 0}, "078ffbf2": {"runs": 37, "balls": 65, "wickets": 0}, "fec369cd": {"runs": 76, "balls": 82, "wickets": 1}, "fd8a9b23": {"runs": 30, "balls": 45, "wickets": 0}, "e734d090": {"runs": 16, "balls": 15, "wickets": 0}, "f752db61": {"runs": 0, "balls": 11, "wickets": 0}, "462d7c62": {"runs": 6, "balls": 15, "wickets": 1}, "c89474d1": {"runs": 13, "balls": 31, "wickets": 1}, "6c6aca89": {"runs": 41, "balls": 116, "wickets": 1}, "948beb1f": {"runs": 86, "balls": 167, "wickets": 1}, "d26e0405": {"runs": 17, "balls": 26, "wickets": 0}, "bdc0670a": {"runs": 99, "balls": 111, "wickets": 1}, "aa1210d8": {"runs": 44, "balls": 48, "wickets": 3}, "c78a879c": {"runs": 12, "balls": 6, "wickets": 0}, "c0c411cb": {"runs": 2, "balls": 6, "wickets": 1}, "68e26ec9": {"runs": 0, "balls": 2, "wickets": 1}, "58c481c6": {"runs": 9, "balls": 6, "wickets": 1}, "867a45a7": {"runs": 31, "balls": 16, "wickets": 0}, "3c55c703": {"runs": 1, "balls": 2, "wickets": 0}, "2085e1fa": {"runs": 12, "balls": 5, "wickets": 0}, "f3abd0c9": {"runs": 18, "balls": 18, "wickets": 1}, "e342e5fb": {"runs": 2, "balls": 3, "wickets": 1}, "52c442e4": {"runs": 37, "balls": 46, "wickets": 0}, "5db1c288": {"runs": 34, "balls": 49, "wickets": 2}, "1efd12d1": {"runs": 23, "balls": 12, "wickets": 0}, "a4b810d0": {"runs": 5, "balls": 8, "wickets": 0}, "7f048519": {"runs": 10, "balls": 6, "wickets": 0}, "ad46c747": {"runs": 17, "balls": 28, "wickets": 1}, "28217d89": {"runs": 13, "balls": 26, "wickets": 1}, "3f659464": {"runs": 5, "balls": 6, "wickets": 0}, "45ca0dc0": {"runs": 11, "balls": 7, "wickets": 0}, "402f8494": {"runs": 8, "balls": 10, "wickets": 1}, "22b98d7c": {"runs": 22, "balls": 17, "wickets": 0}, "1957c6b7": {"runs": 7, "balls": 9, "wickets": 1}, "19708692": {"runs": 22, "balls": 15, "wickets": 0}, "0126ff20": {"runs": 19, "balls": 31, "wickets": 0}, "0d61d8f0": {"runs": 11, "balls": 10, "wickets": 0}, "211de69f": {"runs": 3, "balls": 5, "wickets": 0}, "7ab451e2": {"runs": 2, "balls": 2, "wickets": 0}, "2413a688": {"runs": 8, "balls": 7, "wickets": 0}, "9de62878": {"runs": 15, "balls": 8, "wickets": 0}, "1d2f290a": {"runs": 23, "balls": 29, "wickets": 2}, "ec33b21a": {"runs": 0, "balls": 1, "wickets": 1}, "2a2e6343": {"runs": 11, "balls": 8, "wickets": 0}, "f655d740": {"runs": 1, "balls": 2, "wickets": 0}, "1252f71a": {"runs": 30, "balls": 29, "wickets": 0}, "3a3e7d82": {"runs": 68, "balls": 141, "wickets": 2}, "95a06106": {"runs": 13, "balls": 6, "wickets": 0}, "9f701298": {"runs": 18, "balls": 14, "wickets": 1}, "70c39d0e": {"runs": 2, "balls": 10, "wickets": 0}, "e142c599": {"runs": 16, "balls": 47, "wickets": 2}, "74a274cc": {"runs": 37, "balls": 62, "wickets": 0}, "cc1e8c68": {"runs": 57, "balls": 76, "wickets": 0}, "f32d890a": {"runs": 10, "balls": 26, "wickets": 0}, "1b77f62b": {"runs": 2, "balls": 3, "wickets": 0}, "e38bce7a": {"runs": 11, "balls": 19, "wickets": 2}, "dadbdb68": {"runs": 8, "balls": 11, "wickets": 0}, "2f9d0389": {"runs": 10, "balls": 14, "wickets": 0}, "48ad3373": {"runs": 7, "balls": 7, "wickets": 0}, "57a76baa": {"runs": 1, "balls": 3, "wickets": 0}, "5ccdb14f": {"runs": 33, "balls": 15, "wickets": 0}, "8ecb0241": {"runs": 4, "balls": 4, "wickets": 1}, "12d8efc8": {"runs": 29, "balls": 24, "wickets": 0}, "c6e10e5c": {"runs": 7, "balls": 6, "wickets": 0}, "24fcd95d": {"runs": 4, "balls": 8, "wickets": 0}, "5ec41cd7": {"runs": 2, "balls": 4, "wickets": 0}, "37b12633": {"runs": 30, "balls": 25, "wickets": 1}, "8c9d3000": {"runs": 44, "balls": 55, "wickets": 0}, "ac3c3cab": {"runs": 52, "balls": 73, "wickets": 1}, "bd4ea627": {"runs": 19, "balls": 30, "wickets": 0}, "7f7f658b": {"runs": 64, "balls": 103, "wickets": 1}, "bdadcca1": {"runs": 12, "balls": 32, "wickets": 0}, "457cab44": {"runs": 10, "balls": 14, "wickets": 0}, "344c6d55": {"runs": 42, "balls": 59, "wickets": 1}, "9c643d7b": {"runs": 7, "balls": 31, "wickets": 1}, "73c18486": {"runs": 9, "balls": 6, "wickets": 0}, "b0946605": {"runs": 1, "balls": 2, "wickets": 0}, "4d7f517e": {"runs": 8, "balls": 5, "wickets": 0}, "529eb9e0": {"runs": 2, "balls": 3, "wickets": 0}, "9061a703": {"runs": 25, "balls": 19, "wickets": 1}, "fc55ec67": {"runs": 16, "balls": 8, "wickets": 0}, "33b3d2df": {"runs": 21, "balls": 12, "wickets": 1}, "478a63e7": {"runs": 3, "balls": 2, "wickets": 0}, "5bbabe59": {"runs": 4, "balls": 5, "wickets": 1}, "27fc5808": {"runs": 27, "balls": 43, "wickets": 2}, "38c276e1": {"runs": 29, "balls": 61, "wickets": 0}, "be869ccf": {"runs": 4, "balls": 13, "wickets": 0}, "fc63d916": {"runs": 12, "balls": 20, "wickets": 1}, "0164b064": {"runs": 20, "balls": 36, "wickets": 0}, "43205dad": {"runs": 17, "balls": 39, "wickets": 0}, "fa433be6": {"runs": 8, "balls": 11, "wickets": 0}, "8f2dfebf": {"runs": 31, "balls": 48, "wickets": 0}, "214f6461": {"runs": 16, "balls": 42, "wickets": 0}, "5f222a64": {"runs": 20, "balls": 23, "wickets": 0}, "27e60d6e": {"runs": 10, "balls": 29, "wickets": 1}, "01a95383": {"runs": 29, "balls": 45, "wickets": 0}, "aed5be04": {"runs": 12, "balls": 10, "wickets": 0}, "63e1e352": {"runs": 21, "balls": 34, "wickets": 1}, "b82e3032": {"runs": 14, "balls": 16, "wickets": 0}, "aa8d28ae": {"runs": 7, "balls": 9, "wickets": 0}, "58be5e46": {"runs": 2, "balls": 4, "wickets": 1}, "50c6bc2b": {"runs": 20, "balls": 16, "wickets": 0}, "eade4650": {"runs": 15, "balls": 7, "wickets": 0}, "65b6943c": {"runs": 17, "balls": 9, "wickets": 1}, "1cc0a83d": {"runs": 4, "balls": 20, "wickets": 1}, "9c9af282": {"runs": 2, "balls": 4, "wickets": 0}, "0ecb4de6": {"runs": 8, "balls": 7, "wickets": 0}, "56ef4f99": {"runs": 10, "balls": 10, "wickets": 1}, "ab01e323": {"runs": 2, "balls": 3, "wickets": 0}, "e05b2a5b": {"runs": 43, "balls": 29, "wickets": 1}, "d12cead8": {"runs": 1, "balls": 4, "wickets": 0}, "7d7233a9": {"runs": 1, "balls": 4, "wickets": 0}, "28392e11": {"runs": 2, "balls": 3, "wickets": 1}, "35c08a29": {"runs": 5, "balls": 5, "wickets": 0}, "94d7f855": {"runs": 2, "balls": 2, "wickets": 0}, "e5218454": {"runs": 12, "balls": 11, "wickets": 0}, "b681e71e": {"runs": 8, "balls": 5, "wickets": 0}, "6dd8b88c": {"runs": 8, "balls": 3, "wickets": 0}, "e4a0deae": {"runs": 0, "balls": 1, "wickets": 1}, "e0ac7144": {"runs": 8, "balls": 6, "wickets": 1}, "34b332d3": {"runs": 7, "balls": 4, "wickets": 0}, "876dbe2d": {"runs": 7, "balls": 8, "wickets": 1}, "dfc3f02d": {"runs": 3, "balls": 6, "wickets": 0}, "a37b5c0a": {"runs": 3, "balls": 11, "wickets": 0}, "932d3cc9": {"runs": 8, "balls": 9, "wickets": 0}, "2ecd844a": {"runs": 5, "balls": 3, "wickets": 0}, "ad286dcc": {"runs": 16, "balls": 15, "wickets": 0}, "2f28dc94": {"runs": 11, "balls": 6, "wickets": 0}, "07c8a2f4": {"runs": 1, "balls": 3, "wickets": 1}, "a63dfe8a": {"runs": 5, "balls": 2, "wickets": 0}, "660538af": {"runs": 2, "balls": 12, "wickets": 0}, "8bf61e65": {"runs": 4, "balls": 14, "wickets": 0}, "27c5a793": {"runs": 0, "balls": 1, "wickets": 1}, "a5735bd3": {"runs": 11, "balls": 19, "wickets": 1}, "1e66c162": {"runs": 5, "balls": 10, "wickets": 0}, "26d041c4": {"runs": 7, "balls": 12, "wickets": 0}, "dd572696": {"runs": 2, "balls": 2, "wickets": 0}, "fef92afc": {"runs": 6, "balls": 2, "wickets": 1}, "803dbf1d": {"runs": 1, "balls": 1, "wickets": 0}, "3a7ea906": {"runs": 0, "balls": 3, "wickets": 1}, "bd0a4a7d": {"runs": 0, "balls": 2, "wickets": 0}, "1a448be0": {"runs": 2, "balls": 2, "wickets": 0}, "00b195ae": {"runs": 6, "balls": 5, "wickets": 1}, "2911de16": {"runs": 7, "balls": 2, "wickets": 0}, "8d92a2c3": {"runs": 2, "balls": 2, "wickets": 0}, "5574750c": {"runs": 11, "balls": 10, "wickets": 0}, "bb351c23": {"runs": 4, "balls": 5, "wickets": 0}, "ffe699c0": {"runs": 25, "balls": 12, "wickets": 0}, "249d60c9": {"runs": 13, "balls": 5, "wickets": 0}, "ff6a7ab5": {"runs": 6, "balls": 5, "wickets": 0}, "1688f2dc": {"runs": 16, "balls": 6, "wickets": 0}, "e85d03d6": {"runs": 1, "balls": 3, "wickets": 0}, "95a5e066": {"runs": 1, "balls": 2, "wickets": 1}, "dcdb87f2": {"runs": 4, "balls": 9, "wickets": 1}, "e29e9c12": {"runs": 12, "balls": 4, "wickets": 0}, "a2421394": {"runs": 2, "balls": 5, "wickets": 1}, "a790df98": {"runs": 20, "balls": 24, "wickets": 0}, "28d6c44d": {"runs": 0, "balls": 2, "wickets": 1}, "6ce9f3eb": {"runs": 1, "balls": 2, "wickets": 0}, "fdd5ba1e": {"runs": 1, "balls": 1, "wickets": 0}, "861eed37": {"runs": 13, "balls": 6, "wickets": 0}, "b9877635": {"runs": 11, "balls": 3, "wickets": 0}, "23dee937": {"runs": 10, "balls": 6, "wickets": 0}, "19b9f399": {"runs": 1, "balls": 2, "wickets": 0}, "9cb8d7a6": {"runs": 2, "balls": 3, "wickets": 0}, "06c2de82": {"runs": 4, "balls": 3, "wickets": 1}, "aae2eb6c": {"runs": 1, "balls": 3, "wickets": 0}, "3987e390": {"runs": 0, "balls": 4, "wickets": 1}, "a9da7784": {"runs": 7, "balls": 21, "wickets": 0}, "3f61a062": {"runs": 3, "balls": 4, "wickets": 0}, "5f031dc9": {"runs": 0, "balls": 1, "wickets": 1}, "a77472dc": {"runs": 8, "balls": 9, "wickets": 0}, "6e0a2209": {"runs": 4, "balls": 5, "wickets": 1}, "7578b730": {"runs": 12, "balls": 7, "wickets": 0}, "0a396666": {"runs": 8, "balls": 8, "wickets": 0}, "8db7f47f": {"runs": 1, "balls": 4, "wickets": 0}, "e86754b2": {"runs": 16, "balls": 7, "wickets": 0}, "e94915e6": {"runs": 10, "balls": 7, "wickets": 0}, "d405c0d5": {"runs": 1, "balls": 3, "wickets": 1}, "b410bd3d": {"runs": 10, "balls": 13, "wickets": 0}, "9811e35e": {"runs": 4, "balls": 11, "wickets": 0}, "cd4d7695": {"runs": 5, "balls": 5, "wickets": 1}, "97b0e4ff": {"runs": 8, "balls": 7, "wickets": 0}}, "fifties": 7, "thirties": 38, "centuries": 0, "maidens": 0.0, "hattricks": 0, "club_ODI_previous3_runs": [10.0, 12.0, 25.0], "club_ODI_previous3_wickets": [0.0, 0.0, 0.0], "club_ODI_previous3_balls played": [26.0, 15.0, 34.0], "club_ODI_previous3_overs": [0.0, 0.0, 0.0], "club_ODI_previous3_runs gave": [0.0, 0.0, 0.0], "club_ODI_lifetime_runs": 361.0, "club_ODI_lifetime_wickets": 0.0, "club_ODI_lifetime_balls played": 424.0, "club_ODI_lifetime_overs": 0.0, "club_ODI_lifetime_runs gave": 0.0, "club_Test_previous3_runs": [8.0, 37.0, 47.0], "club_Test_previous3_wickets": [0.0, 0.0, 0.0], "club_Test_previous3_balls played": [18.0, 81.0, 48.0], "club_Test_previous3_overs": [0.0, 0.0, 0.0], "club_Test_previous3_runs gave": [0.0, 0.0, 0.0], "club_Test_lifetime_runs": 1999.0, "club_Test_lifetime_wickets": 0.0, "club_Test_lifetime_balls played": 3826.0, "club_Test_lifetime_overs": 1.0, "club_Test_lifetime_runs gave": 1.0, "club_T20_previous3_runs": [14.0, 7.0, 37.0], "club_T20_previous3_wickets": [0.0, 0.0, 0.0], "club_T20_previous3_balls played": [12.0, 8.0, 23.0], "club_T20_previous3_overs": [0.0, 0.0, 0.0], "club_T20_previous3_runs gave": [0.0, 0.0, 0.0], "club_T20_lifetime_runs": 814.0, "club_T20_lifetime_wickets": 0.0, "club_T20_lifetime_balls played": 601.0, "club_T20_lifetime_overs": 0.0, "club_T20_lifetime_runs gave": 0.0, "international_ODI_previous3_runs": [19.0, 12.0, 0.0], "international_ODI_previous3_wickets": [0.0, 0.0, 0.0], "international_ODI_previous3_balls played": [29.0, 13.0, 0.0], "international_ODI_previous3_overs": [0.0, 0.0, 0.0], "international_ODI_previous3_runs gave": [0.0, 0.0, 0.0], "international_ODI_lifetime_runs": 385.0, "international_ODI_lifetime_wickets": 0.0, "international_ODI_lifetime_balls played": 570.0, "international_ODI_lifetime_overs": 0.0, "international_ODI_lifetime_runs gave": 0.0, "international_Test_previous3_runs": [], "international_Test_previous3_wickets": [], "international_Test_previous3_balls played": [], "international_Test_previous3_overs": [], "international_Test_previous3_runs gave": [], "international_Test_lifetime_runs": 0.0, "international_Test_lifetime_wickets": 0.0, "international_Test_lifetime_balls played": 0.0, "international_Test_lifetime_overs": 0.0, "international_Test_lifetime_runs gave": 0.0, "international_T20_previous3_runs": [16.0, 2.0, 1.0], "international_T20_previous3_wickets": [0.0, 0.0, 0.0], "international_T20_previous3_balls played": [13.0, 3.0, 3.0], "international_T20_previous3_overs": [0.0, 0.0, 0.0], "international_T20_previous3_runs gave": [0.0, 0.0, 0.0], "international_T20_lifetime_runs": 224.0, "international_T20_lifetime_wickets": 0.0, "international_T20_lifetime_balls played": 162.0, "international_T20_lifetime_overs": 0.0, "international_T20_lifetime_runs gave": 0.0}