{"played_against": {"3eac9d95": {"runs": 5, "balls": 11, "wickets": 1}, "43936951": {"runs": 0, "balls": 3, "wickets": 1}, "3227beb4": {"runs": 2, "balls": 3, "wickets": 1}, "74234d66": {"runs": 1, "balls": 2, "wickets": 0}, "fd835ab3": {"runs": 7, "balls": 3, "wickets": 0}, "5bb1a1c4": {"runs": 1, "balls": 2, "wickets": 0}, "fa463154": {"runs": 2, "balls": 3, "wickets": 0}, "abfeb126": {"runs": 4, "balls": 2, "wickets": 1}, "33a364a6": {"runs": 4, "balls": 8, "wickets": 0}, "93a17209": {"runs": 3, "balls": 3, "wickets": 0}, "e03b66ec": {"runs": 1, "balls": 2, "wickets": 0}, "98ae73b1": {"runs": 1, "balls": 4, "wickets": 1}, "890de8cb": {"runs": 2, "balls": 4, "wickets": 0}, "91a4a398": {"runs": 3, "balls": 3, "wickets": 0}, "0c2730df": {"runs": 14, "balls": 4, "wickets": 0}, "bb18be76": {"runs": 2, "balls": 3, "wickets": 0}, "3d7e087f": {"runs": 1, "balls": 1, "wickets": 0}, "4329fbb5": {"runs": 0, "balls": 2, "wickets": 1}, "66b30f71": {"runs": 1, "balls": 2, "wickets": 0}, "725529bc": {"runs": 1, "balls": 2, "wickets": 1}, "f0f628c7": {"runs": 1, "balls": 2, "wickets": 0}, "6ef60d3a": {"runs": 1, "balls": 5, "wickets": 1}}, "fifties": 0, "thirties": 0, "centuries": 0, "maidens": 0.0, "hattricks": 0, "club_ODI_previous3_runs": [], "club_ODI_previous3_wickets": [], "club_ODI_previous3_balls played": [], "club_ODI_previous3_overs": [], "club_ODI_previous3_runs gave": [], "club_ODI_lifetime_runs": 0.0, "club_ODI_lifetime_wickets": 0.0, "club_ODI_lifetime_balls played": 0.0, "club_ODI_lifetime_overs": 0.0, "club_ODI_lifetime_runs gave": 0.0, "club_Test_previous3_runs": [], "club_Test_previous3_wickets": [], "club_Test_previous3_balls played": [], "club_Test_previous3_overs": [], "club_Test_previous3_runs gave": [], "club_Test_lifetime_runs": 0.0, "club_Test_lifetime_wickets": 0.0, "club_Test_lifetime_balls played": 0.0, "club_Test_lifetime_overs": 0.0, "club_Test_lifetime_runs gave": 0.0, "club_T20_previous3_runs": [0.0, 0.0, 2.0], "club_T20_previous3_wickets": [0.0, 1.0, 0.0], "club_T20_previous3_balls played": [0.0, 0.0, 9.0], "club_T20_previous3_overs": [0.0, 4.0, 0.0], "club_T20_previous3_runs gave": [0.0, 31.0, 0.0], "club_T20_lifetime_runs": 49.0, "club_T20_lifetime_wickets": 4.0, "club_T20_lifetime_balls played": 58.0, "club_T20_lifetime_overs": 25.0, "club_T20_lifetime_runs gave": 221.0, "international_ODI_previous3_runs": [4.0, 1.0, 3.0], "international_ODI_previous3_wickets": [0.0, 0.0, 0.0], "international_ODI_previous3_balls played": [5.0, 9.0, 5.0], "international_ODI_previous3_overs": [7.0, 1.0, 3.0], "international_ODI_previous3_runs gave": [34.0, 7.0, 19.0], "international_ODI_lifetime_runs": 8.0, "international_ODI_lifetime_wickets": 0.0, "international_ODI_lifetime_balls played": 19.0, "international_ODI_lifetime_overs": 11.0, "international_ODI_lifetime_runs gave": 60.0, "international_Test_previous3_runs": [], "international_Test_previous3_wickets": [], "international_Test_previous3_balls played": [], "international_Test_previous3_overs": [], "international_Test_previous3_runs gave": [], "international_Test_lifetime_runs": 0.0, "international_Test_lifetime_wickets": 0.0, "international_Test_lifetime_balls played": 0.0, "international_Test_lifetime_overs": 0.0, "international_Test_lifetime_runs gave": 0.0, "international_T20_previous3_runs": [], "international_T20_previous3_wickets": [], "international_T20_previous3_balls played": [], "international_T20_previous3_overs": [], "international_T20_previous3_runs gave": [], "international_T20_lifetime_runs": 0.0, "international_T20_lifetime_wickets": 0.0, "international_T20_lifetime_balls played": 0.0, "international_T20_lifetime_overs": 0.0, "international_T20_lifetime_runs gave": 0.0}