{"played_against": {"dc610ed5": {"runs": 0, "balls": 1, "wickets": 1}, "ccdd8308": {"runs": 106, "balls": 163, "wickets": 3}, "eba6a852": {"runs": 104, "balls": 147, "wickets": 5}, "7be8a0ed": {"runs": 6, "balls": 6, "wickets": 0}, "49b6c09f": {"runs": 44, "balls": 52, "wickets": 1}, "cca50cd6": {"runs": 8, "balls": 10, "wickets": 2}, "18fac429": {"runs": 17, "balls": 16, "wickets": 1}, "d12143bf": {"runs": 117, "balls": 170, "wickets": 3}, "5a37ec26": {"runs": 60, "balls": 69, "wickets": 1}, "ac7fa28f": {"runs": 2, "balls": 5, "wickets": 0}, "a343262c": {"runs": 5, "balls": 10, "wickets": 0}, "221ad9d9": {"runs": 13, "balls": 15, "wickets": 1}, "29b89ae8": {"runs": 10, "balls": 10, "wickets": 0}, "4c5d73db": {"runs": 22, "balls": 12, "wickets": 0}, "e087956b": {"runs": 2, "balls": 2, "wickets": 0}, "7ca5e05d": {"runs": 17, "balls": 39, "wickets": 2}, "d876610c": {"runs": 2, "balls": 9, "wickets": 0}, "f56cd097": {"runs": 17, "balls": 9, "wickets": 0}, "5a4c12ab": {"runs": 46, "balls": 70, "wickets": 3}, "888e32bf": {"runs": 12, "balls": 27, "wickets": 0}, "7dc35884": {"runs": 1, "balls": 9, "wickets": 1}, "6eea0b32": {"runs": 7, "balls": 7, "wickets": 0}, "3f5f39cd": {"runs": 9, "balls": 22, "wickets": 0}, "e186f49c": {"runs": 2, "balls": 11, "wickets": 1}, "bf1d7d3e": {"runs": 2, "balls": 5, "wickets": 0}, "a12e1d51": {"runs": 3, "balls": 4, "wickets": 0}, "469ea22b": {"runs": 0, "balls": 1, "wickets": 1}, "db767b89": {"runs": 46, "balls": 85, "wickets": 1}, "d9609443": {"runs": 26, "balls": 42, "wickets": 0}, "c03c6200": {"runs": 35, "balls": 35, "wickets": 1}, "d76b0d2d": {"runs": 17, "balls": 33, "wickets": 2}, "9d430b40": {"runs": 24, "balls": 69, "wickets": 0}, "78dfe704": {"runs": 8, "balls": 10, "wickets": 0}, "caf1b14c": {"runs": 5, "balls": 7, "wickets": 0}, "b082d112": {"runs": 35, "balls": 44, "wickets": 3}, "ed90abe4": {"runs": 35, "balls": 23, "wickets": 2}, "3b298ff2": {"runs": 7, "balls": 6, "wickets": 0}, "96824e68": {"runs": 2, "balls": 4, "wickets": 0}, "fef92afc": {"runs": 164, "balls": 171, "wickets": 4}, "57efa3be": {"runs": 0, "balls": 1, "wickets": 0}, "8cf9814c": {"runs": 26, "balls": 44, "wickets": 0}, "91a4a398": {"runs": 17, "balls": 37, "wickets": 1}, "5bb1a1c4": {"runs": 10, "balls": 37, "wickets": 2}, "78eb4223": {"runs": 8, "balls": 23, "wickets": 2}, "4180d897": {"runs": 10, "balls": 44, "wickets": 1}, "364ee2cf": {"runs": 14, "balls": 25, "wickets": 0}, "db584dad": {"runs": 0, "balls": 2, "wickets": 0}, "42a05795": {"runs": 24, "balls": 40, "wickets": 3}, "10f7b52b": {"runs": 91, "balls": 182, "wickets": 2}, "e4a0deae": {"runs": 29, "balls": 45, "wickets": 1}, "641ac5ff": {"runs": 131, "balls": 207, "wickets": 3}, "19cc9592": {"runs": 93, "balls": 99, "wickets": 0}, "94238673": {"runs": 171, "balls": 254, "wickets": 5}, "f987245c": {"runs": 39, "balls": 76, "wickets": 1}, "2f28dc94": {"runs": 20, "balls": 48, "wickets": 1}, "8f7a598f": {"runs": 8, "balls": 15, "wickets": 1}, "896d78ad": {"runs": 19, "balls": 23, "wickets": 0}, "ef6aea67": {"runs": 7, "balls": 16, "wickets": 0}, "2af838ee": {"runs": 17, "balls": 34, "wickets": 2}, "9b79b9de": {"runs": 28, "balls": 42, "wickets": 0}, "d2fcce2f": {"runs": 6, "balls": 16, "wickets": 0}, "b87fb772": {"runs": 32, "balls": 71, "wickets": 1}, "a5ac694f": {"runs": 92, "balls": 167, "wickets": 2}, "de3acffe": {"runs": 16, "balls": 22, "wickets": 1}, "1b3acd33": {"runs": 36, "balls": 27, "wickets": 1}, "6ede8cb6": {"runs": 18, "balls": 8, "wickets": 0}, "e82dc4c5": {"runs": 33, "balls": 20, "wickets": 1}, "63a1874a": {"runs": 2, "balls": 3, "wickets": 0}, "c9bb898a": {"runs": 97, "balls": 96, "wickets": 1}, "70fdd428": {"runs": 55, "balls": 50, "wickets": 1}, "e423d162": {"runs": 42, "balls": 53, "wickets": 2}, "ce24059d": {"runs": 6, "balls": 16, "wickets": 0}, "1a88bdd3": {"runs": 20, "balls": 33, "wickets": 0}, "e86754b2": {"runs": 21, "balls": 32, "wickets": 1}, "e412cb64": {"runs": 42, "balls": 19, "wickets": 0}, "f3171936": {"runs": 11, "balls": 6, "wickets": 1}, "8728a058": {"runs": 34, "balls": 53, "wickets": 0}, "e0ac7144": {"runs": 30, "balls": 24, "wickets": 0}, "151d88b3": {"runs": 14, "balls": 4, "wickets": 0}, "8d1dad51": {"runs": 10, "balls": 5, "wickets": 1}, "7955eb15": {"runs": 34, "balls": 43, "wickets": 3}, "3f659464": {"runs": 59, "balls": 45, "wickets": 1}, "2a0d5d4a": {"runs": 2, "balls": 4, "wickets": 0}, "58c481c6": {"runs": 52, "balls": 66, "wickets": 0}, "0f21680d": {"runs": 41, "balls": 36, "wickets": 1}, "5da34add": {"runs": 64, "balls": 158, "wickets": 2}, "eddf25bd": {"runs": 49, "balls": 78, "wickets": 1}, "450f6fa6": {"runs": 60, "balls": 103, "wickets": 1}, "1a45b864": {"runs": 78, "balls": 150, "wickets": 0}, "6daf5e8c": {"runs": 28, "balls": 24, "wickets": 1}, "0c7f11be": {"runs": 12, "balls": 17, "wickets": 0}, "c995d726": {"runs": 19, "balls": 18, "wickets": 0}, "7db8d00b": {"runs": 3, "balls": 16, "wickets": 0}, "3d0ed2f9": {"runs": 3, "balls": 6, "wickets": 1}, "2a2e6343": {"runs": 23, "balls": 24, "wickets": 0}, "93fabc71": {"runs": 7, "balls": 4, "wickets": 0}, "0e0d43b4": {"runs": 8, "balls": 9, "wickets": 0}, "b681e71e": {"runs": 51, "balls": 33, "wickets": 0}, "8f2dfebf": {"runs": 11, "balls": 7, "wickets": 0}, "b82e3032": {"runs": 27, "balls": 24, "wickets": 0}, "249d60c9": {"runs": 4, "balls": 6, "wickets": 0}, "9a963804": {"runs": 30, "balls": 21, "wickets": 1}, "cd143bca": {"runs": 6, "balls": 10, "wickets": 3}, "18899e2b": {"runs": 11, "balls": 23, "wickets": 0}, "e871a7a1": {"runs": 55, "balls": 95, "wickets": 4}, "e22d3b5c": {"runs": 36, "balls": 56, "wickets": 0}, "59559bc2": {"runs": 10, "balls": 6, "wickets": 0}, "dddc811c": {"runs": 5, "balls": 4, "wickets": 0}, "f54dbda7": {"runs": 12, "balls": 9, "wickets": 0}, "8bf61e65": {"runs": 20, "balls": 14, "wickets": 0}, "58043739": {"runs": 42, "balls": 31, "wickets": 0}, "b21ed464": {"runs": 8, "balls": 7, "wickets": 1}, "6c79c098": {"runs": 93, "balls": 126, "wickets": 1}, "dda5aae5": {"runs": 12, "balls": 10, "wickets": 1}, "0bec3a6c": {"runs": 17, "balls": 27, "wickets": 0}, "5fed6272": {"runs": 18, "balls": 29, "wickets": 0}, "0a12e736": {"runs": 21, "balls": 17, "wickets": 0}, "1ad0b441": {"runs": 24, "balls": 35, "wickets": 0}, "aed5be04": {"runs": 29, "balls": 46, "wickets": 1}, "2e9fdf9b": {"runs": 199, "balls": 279, "wickets": 5}, "48ad3373": {"runs": 270, "balls": 364, "wickets": 4}, "c661789d": {"runs": 66, "balls": 54, "wickets": 0}, "bed90114": {"runs": 30, "balls": 22, "wickets": 0}, "51a36d3e": {"runs": 13, "balls": 21, "wickets": 0}, "f92c9151": {"runs": 22, "balls": 23, "wickets": 0}, "13161e28": {"runs": 46, "balls": 85, "wickets": 1}, "8e9a5d20": {"runs": 29, "balls": 37, "wickets": 1}, "90701232": {"runs": 3, "balls": 13, "wickets": 0}, "4255615e": {"runs": 1, "balls": 4, "wickets": 0}, "ae9e1240": {"runs": 4, "balls": 12, "wickets": 0}, "85ebf2be": {"runs": 21, "balls": 41, "wickets": 1}, "10435ca2": {"runs": 10, "balls": 12, "wickets": 0}, "0d61d8f0": {"runs": 7, "balls": 17, "wickets": 0}, "fea7a34c": {"runs": 3, "balls": 6, "wickets": 0}, "2d4465da": {"runs": 13, "balls": 13, "wickets": 3}, "0f3ee070": {"runs": 12, "balls": 29, "wickets": 0}, "dd17e4bc": {"runs": 20, "balls": 34, "wickets": 1}, "eab74985": {"runs": 32, "balls": 40, "wickets": 0}, "611926bc": {"runs": 28, "balls": 64, "wickets": 0}, "5b6d248a": {"runs": 45, "balls": 70, "wickets": 0}, "4ec07775": {"runs": 14, "balls": 21, "wickets": 0}, "25a42048": {"runs": 3, "balls": 21, "wickets": 0}, "78adc879": {"runs": 117, "balls": 169, "wickets": 4}, "79c7041c": {"runs": 0, "balls": 1, "wickets": 0}, "c163432a": {"runs": 13, "balls": 13, "wickets": 0}, "45966141": {"runs": 20, "balls": 10, "wickets": 0}, "88a004e9": {"runs": 17, "balls": 6, "wickets": 0}, "ab474682": {"runs": 51, "balls": 43, "wickets": 0}, "fdb8ed0d": {"runs": 31, "balls": 16, "wickets": 2}, "e9d5218e": {"runs": 0, "balls": 6, "wickets": 2}, "15101f12": {"runs": 28, "balls": 52, "wickets": 0}, "94eac556": {"runs": 16, "balls": 12, "wickets": 0}, "4c0f3806": {"runs": 31, "balls": 58, "wickets": 3}, "a510bdd3": {"runs": 33, "balls": 21, "wickets": 2}, "9679838c": {"runs": 37, "balls": 22, "wickets": 0}, "27296d02": {"runs": 18, "balls": 10, "wickets": 0}, "8108e2d2": {"runs": 34, "balls": 22, "wickets": 0}, "dc36a6a5": {"runs": 6, "balls": 5, "wickets": 0}, "02b93a83": {"runs": 6, "balls": 6, "wickets": 0}, "51e1ed69": {"runs": 6, "balls": 5, "wickets": 0}, "e737a5fe": {"runs": 58, "balls": 87, "wickets": 4}, "757502b5": {"runs": 3, "balls": 8, "wickets": 0}, "141a340d": {"runs": 0, "balls": 2, "wickets": 1}, "f5821615": {"runs": 67, "balls": 137, "wickets": 1}, "fc55ec67": {"runs": 6, "balls": 6, "wickets": 0}, "7f048519": {"runs": 21, "balls": 13, "wickets": 0}, "5fcb6fb1": {"runs": 9, "balls": 13, "wickets": 1}, "e84ac20c": {"runs": 44, "balls": 97, "wickets": 2}, "bbd41817": {"runs": 0, "balls": 1, "wickets": 1}, "bca21d18": {"runs": 11, "balls": 18, "wickets": 0}, "49299473": {"runs": 2, "balls": 5, "wickets": 0}, "069c55b1": {"runs": 13, "balls": 14, "wickets": 0}, "a9da7784": {"runs": 20, "balls": 15, "wickets": 1}, "5239d782": {"runs": 71, "balls": 46, "wickets": 3}, "c672e80e": {"runs": 25, "balls": 35, "wickets": 0}, "9789e56e": {"runs": 10, "balls": 4, "wickets": 0}, "24dd1b81": {"runs": 2, "balls": 8, "wickets": 0}, "5db1c288": {"runs": 15, "balls": 7, "wickets": 0}, "fd8a9b23": {"runs": 2, "balls": 2, "wickets": 0}, "59792462": {"runs": 3, "balls": 12, "wickets": 0}, "0f6db197": {"runs": 9, "balls": 20, "wickets": 1}, "07c8a2f4": {"runs": 22, "balls": 24, "wickets": 0}, "397f4d3a": {"runs": 159, "balls": 245, "wickets": 3}, "fbd4f01f": {"runs": 212, "balls": 270, "wickets": 2}, "52d11798": {"runs": 10, "balls": 11, "wickets": 1}, "94d7f855": {"runs": 15, "balls": 39, "wickets": 1}, "2f9d0389": {"runs": 12, "balls": 37, "wickets": 4}, "9123301a": {"runs": 57, "balls": 81, "wickets": 0}, "f8e48647": {"runs": 96, "balls": 162, "wickets": 3}, "56d471f2": {"runs": 78, "balls": 152, "wickets": 3}, "93f25f4f": {"runs": 60, "balls": 67, "wickets": 0}, "a1a5192e": {"runs": 28, "balls": 62, "wickets": 0}, "861eed37": {"runs": 113, "balls": 269, "wickets": 2}, "ff4ff5f5": {"runs": 24, "balls": 20, "wickets": 1}, "4e520f6c": {"runs": 126, "balls": 254, "wickets": 4}, "79f5bc26": {"runs": 152, "balls": 160, "wickets": 6}, "350bb1b1": {"runs": 65, "balls": 83, "wickets": 1}, "91ffa6c6": {"runs": 18, "balls": 37, "wickets": 0}, "dbeb6733": {"runs": 43, "balls": 89, "wickets": 2}, "d285acaf": {"runs": 74, "balls": 140, "wickets": 4}, "69c994e4": {"runs": 75, "balls": 107, "wickets": 3}, "b1b7b7de": {"runs": 35, "balls": 27, "wickets": 1}, "782fb776": {"runs": 68, "balls": 97, "wickets": 6}, "149d0c18": {"runs": 2, "balls": 5, "wickets": 0}, "9ba59a3c": {"runs": 1, "balls": 7, "wickets": 0}, "eec5fe00": {"runs": 49, "balls": 53, "wickets": 0}, "eade4650": {"runs": 68, "balls": 91, "wickets": 2}, "94734e80": {"runs": 18, "balls": 33, "wickets": 1}, "33ad0ad9": {"runs": 27, "balls": 45, "wickets": 2}, "a818c1be": {"runs": 21, "balls": 57, "wickets": 1}, "d027ba9f": {"runs": 0, "balls": 12, "wickets": 0}, "68c56d09": {"runs": 55, "balls": 123, "wickets": 4}, "5426de63": {"runs": 78, "balls": 84, "wickets": 1}, "70f2f922": {"runs": 30, "balls": 72, "wickets": 0}, "ed6894af": {"runs": 5, "balls": 5, "wickets": 1}, "2a802bfd": {"runs": 7, "balls": 2, "wickets": 0}, "51a3c5ef": {"runs": 24, "balls": 12, "wickets": 0}, "2e966563": {"runs": 9, "balls": 8, "wickets": 1}, "8f938a32": {"runs": 6, "balls": 3, "wickets": 0}, "74a1c1e3": {"runs": 86, "balls": 114, "wickets": 2}, "e1891e00": {"runs": 41, "balls": 47, "wickets": 2}, "9219eff0": {"runs": 21, "balls": 18, "wickets": 1}, "ba5e1069": {"runs": 30, "balls": 48, "wickets": 2}, "30539beb": {"runs": 18, "balls": 40, "wickets": 0}, "fd9f43bb": {"runs": 57, "balls": 66, "wickets": 4}, "ed12fcd7": {"runs": 15, "balls": 25, "wickets": 0}, "078ffbf2": {"runs": 18, "balls": 39, "wickets": 1}, "867a45a7": {"runs": 55, "balls": 90, "wickets": 1}, "6c908ffc": {"runs": 20, "balls": 33, "wickets": 0}, "e734d090": {"runs": 30, "balls": 65, "wickets": 0}, "be768595": {"runs": 0, "balls": 2, "wickets": 0}, "fd96de7c": {"runs": 13, "balls": 10, "wickets": 0}, "19708692": {"runs": 14, "balls": 15, "wickets": 1}, "aeab0d4f": {"runs": 3, "balls": 4, "wickets": 0}, "cad40f5e": {"runs": 8, "balls": 8, "wickets": 0}, "e05b2a5b": {"runs": 13, "balls": 6, "wickets": 0}, "894b2d25": {"runs": 54, "balls": 54, "wickets": 0}, "449f4e3c": {"runs": 8, "balls": 17, "wickets": 0}, "4167f30b": {"runs": 22, "balls": 14, "wickets": 0}, "2085e1fa": {"runs": 19, "balls": 16, "wickets": 1}, "0c5bb005": {"runs": 13, "balls": 14, "wickets": 1}, "402f8494": {"runs": 14, "balls": 8, "wickets": 1}, "bd4ea627": {"runs": 12, "balls": 6, "wickets": 0}, "5e6d1a54": {"runs": 22, "balls": 26, "wickets": 0}, "d99cc23a": {"runs": 35, "balls": 29, "wickets": 1}, "ad212f96": {"runs": 41, "balls": 104, "wickets": 0}, "65b6943c": {"runs": 5, "balls": 5, "wickets": 0}, "1ca7c00f": {"runs": 0, "balls": 2, "wickets": 1}, "4b685e2d": {"runs": 4, "balls": 3, "wickets": 1}, "ac762575": {"runs": 6, "balls": 3, "wickets": 0}, "01a95383": {"runs": 15, "balls": 5, "wickets": 1}, "d74d1090": {"runs": 17, "balls": 11, "wickets": 0}, "06c2de82": {"runs": 12, "balls": 10, "wickets": 1}, "eab61ead": {"runs": 16, "balls": 9, "wickets": 1}, "e9987a94": {"runs": 9, "balls": 7, "wickets": 0}, "05c2ca46": {"runs": 14, "balls": 6, "wickets": 0}, "e5218454": {"runs": 10, "balls": 9, "wickets": 1}, "0dbe27b8": {"runs": 11, "balls": 6, "wickets": 0}, "ab01e323": {"runs": 7, "balls": 3, "wickets": 0}, "dd9de7ad": {"runs": 24, "balls": 16, "wickets": 0}, "2649b254": {"runs": 11, "balls": 51, "wickets": 2}, "f28c7456": {"runs": 46, "balls": 57, "wickets": 1}, "13c35c9e": {"runs": 17, "balls": 29, "wickets": 3}, "57f520ee": {"runs": 23, "balls": 15, "wickets": 0}, "bf74b130": {"runs": 0, "balls": 1, "wickets": 0}, "4c895bc1": {"runs": 1, "balls": 6, "wickets": 0}, "7068c81e": {"runs": 12, "balls": 5, "wickets": 0}, "e6e154e3": {"runs": 1, "balls": 1, "wickets": 0}, "0085a7ce": {"runs": 5, "balls": 11, "wickets": 1}, "f45cd5c8": {"runs": 33, "balls": 63, "wickets": 1}, "ac3e5a31": {"runs": 17, "balls": 23, "wickets": 0}, "2c1438ef": {"runs": 27, "balls": 26, "wickets": 2}, "2fef3b0c": {"runs": 96, "balls": 97, "wickets": 0}, "07793daf": {"runs": 82, "balls": 89, "wickets": 0}, "25dcd237": {"runs": 15, "balls": 14, "wickets": 1}, "d112c570": {"runs": 2, "balls": 4, "wickets": 1}, "b8701e6d": {"runs": 5, "balls": 4, "wickets": 0}, "3a60e0b5": {"runs": 11, "balls": 15, "wickets": 0}, "56ef4f99": {"runs": 23, "balls": 15, "wickets": 0}, "57a76baa": {"runs": 17, "balls": 14, "wickets": 0}, "bee8bd62": {"runs": 23, "balls": 14, "wickets": 0}, "6ea2710f": {"runs": 9, "balls": 17, "wickets": 1}, "f1f99156": {"runs": 2, "balls": 5, "wickets": 0}, "fec369cd": {"runs": 1, "balls": 3, "wickets": 0}, "d48c0f40": {"runs": 2, "balls": 2, "wickets": 0}, "b3544c5d": {"runs": 5, "balls": 5, "wickets": 0}, "462d7c62": {"runs": 1, "balls": 3, "wickets": 1}, "a37b5c0a": {"runs": 7, "balls": 23, "wickets": 1}, "a4b810d0": {"runs": 8, "balls": 19, "wickets": 0}, "ad46c747": {"runs": 24, "balls": 21, "wickets": 0}, "28217d89": {"runs": 3, "balls": 8, "wickets": 0}, "e68572a7": {"runs": 7, "balls": 6, "wickets": 0}, "214f6461": {"runs": 10, "balls": 10, "wickets": 0}, "23f2143b": {"runs": 18, "balls": 17, "wickets": 0}, "39e2c0fd": {"runs": 31, "balls": 10, "wickets": 0}, "e43aa7ed": {"runs": 10, "balls": 9, "wickets": 0}, "23638956": {"runs": 9, "balls": 20, "wickets": 2}, "679cd31e": {"runs": 2, "balls": 15, "wickets": 0}, "a790df98": {"runs": 8, "balls": 9, "wickets": 0}, "71440756": {"runs": 7, "balls": 17, "wickets": 1}, "d786a8a1": {"runs": 4, "balls": 14, "wickets": 1}, "269ff06e": {"runs": 8, "balls": 10, "wickets": 0}, "9fd3a210": {"runs": 12, "balls": 22, "wickets": 1}, "ffdba4e2": {"runs": 1, "balls": 1, "wickets": 0}, "8db7f47f": {"runs": 6, "balls": 7, "wickets": 0}, "ea3d687a": {"runs": 1, "balls": 4, "wickets": 0}, "05b1aef8": {"runs": 71, "balls": 128, "wickets": 2}, "236c8ffb": {"runs": 21, "balls": 43, "wickets": 0}, "e38bce7a": {"runs": 18, "balls": 17, "wickets": 0}, "383dd431": {"runs": 13, "balls": 8, "wickets": 1}, "9a46c4e5": {"runs": 3, "balls": 8, "wickets": 0}, "cb9b8664": {"runs": 40, "balls": 73, "wickets": 3}, "30f92334": {"runs": 34, "balls": 26, "wickets": 0}, "f422728b": {"runs": 4, "balls": 7, "wickets": 0}, "86e0f3f0": {"runs": 13, "balls": 7, "wickets": 0}, "24bb1c2f": {"runs": 1, "balls": 5, "wickets": 0}, "9de62878": {"runs": 5, "balls": 4, "wickets": 1}, "bb351c23": {"runs": 11, "balls": 15, "wickets": 1}, "219cc59e": {"runs": 12, "balls": 9, "wickets": 0}, "1efd12d1": {"runs": 3, "balls": 4, "wickets": 0}, "87e562a9": {"runs": 1, "balls": 2, "wickets": 0}, "1252f71a": {"runs": 8, "balls": 6, "wickets": 1}, "95a06106": {"runs": 1, "balls": 2, "wickets": 0}, "067bda18": {"runs": 11, "balls": 6, "wickets": 0}, "1066a976": {"runs": 4, "balls": 4, "wickets": 0}, "8ce2080b": {"runs": 8, "balls": 4, "wickets": 0}, "b53136ce": {"runs": 11, "balls": 14, "wickets": 0}, "6fb2d3a2": {"runs": 1, "balls": 8, "wickets": 0}, "1c06d60a": {"runs": 11, "balls": 9, "wickets": 0}, "b03db6fa": {"runs": 8, "balls": 5, "wickets": 0}}, "fifties": 24, "thirties": 85, "centuries": 0, "maidens": 4.0, "hattricks": 0, "club_ODI_previous3_runs": [58.0, 67.0, 15.0], "club_ODI_previous3_wickets": [0.0, 0.0, 0.0], "club_ODI_previous3_balls played": [85.0, 44.0, 17.0], "club_ODI_previous3_overs": [0.0, 0.0, 0.0], "club_ODI_previous3_runs gave": [0.0, 0.0, 0.0], "club_ODI_lifetime_runs": 1001.0, "club_ODI_lifetime_wickets": 0.0, "club_ODI_lifetime_balls played": 1003.0, "club_ODI_lifetime_overs": 0.0, "club_ODI_lifetime_runs gave": 0.0, "club_Test_previous3_runs": [49.0, 9.0, 11.0], "club_Test_previous3_wickets": [0.0, 0.0, 0.0], "club_Test_previous3_balls played": [73.0, 39.0, 25.0], "club_Test_previous3_overs": [0.0, 0.0, 0.0], "club_Test_previous3_runs gave": [0.0, 0.0, 0.0], "club_Test_lifetime_runs": 4846.0, "club_Test_lifetime_wickets": 1.0, "club_Test_lifetime_balls played": 8552.0, "club_Test_lifetime_overs": 36.0, "club_Test_lifetime_runs gave": 123.0, "club_T20_previous3_runs": [11.0, 26.0, 0.0], "club_T20_previous3_wickets": [0.0, 0.0, 0.0], "club_T20_previous3_balls played": [8.0, 24.0, 0.0], "club_T20_previous3_overs": [0.0, 0.0, 0.0], "club_T20_previous3_runs gave": [0.0, 0.0, 0.0], "club_T20_lifetime_runs": 2229.0, "club_T20_lifetime_wickets": 2.0, "club_T20_lifetime_balls played": 1579.0, "club_T20_lifetime_overs": 11.0, "club_T20_lifetime_runs gave": 81.0, "international_ODI_previous3_runs": [2.0, 1.0, 1.0], "international_ODI_previous3_wickets": [0.0, 0.0, 0.0], "international_ODI_previous3_balls played": [19.0, 9.0, 3.0], "international_ODI_previous3_overs": [0.0, 0.0, 0.0], "international_ODI_previous3_runs gave": [0.0, 0.0, 0.0], "international_ODI_lifetime_runs": 15.0, "international_ODI_lifetime_wickets": 0.0, "international_ODI_lifetime_balls played": 56.0, "international_ODI_lifetime_overs": 0.0, "international_ODI_lifetime_runs gave": 0.0, "international_Test_previous3_runs": [23.0, 28.0, 77.0], "international_Test_previous3_wickets": [0.0, 0.0, 0.0], "international_Test_previous3_balls played": [50.0, 58.0, 136.0], "international_Test_previous3_overs": [0.0, 0.0, 1.0], "international_Test_previous3_runs gave": [0.0, 0.0, 2.0], "international_Test_lifetime_runs": 755.0, "international_Test_lifetime_wickets": 0.0, "international_Test_lifetime_balls played": 1325.0, "international_Test_lifetime_overs": 1.0, "international_Test_lifetime_runs gave": 2.0, "international_T20_previous3_runs": [17.0, 3.0, 0.0], "international_T20_previous3_wickets": [0.0, 0.0, 0.0], "international_T20_previous3_balls played": [17.0, 4.0, 1.0], "international_T20_previous3_overs": [0.0, 0.0, 0.0], "international_T20_previous3_runs gave": [0.0, 0.0, 0.0], "international_T20_lifetime_runs": 151.0, "international_T20_lifetime_wickets": 0.0, "international_T20_lifetime_balls played": 105.0, "international_T20_lifetime_overs": 0.0, "international_T20_lifetime_runs gave": 0.0}