{"played_against": {"2842d925": {"runs": 0, "balls": 3, "wickets": 1}, "edf62a25": {"runs": 1, "balls": 5, "wickets": 0}, "f281dd00": {"runs": 2, "balls": 6, "wickets": 0}, "36dfa62e": {"runs": 2, "balls": 4, "wickets": 1}, "6e60bbe2": {"runs": 6, "balls": 6, "wickets": 0}, "88e90658": {"runs": 2, "balls": 5, "wickets": 0}, "1c726c76": {"runs": 6, "balls": 6, "wickets": 0}, "2ae76bf6": {"runs": 0, "balls": 1, "wickets": 1}, "c8cdbb92": {"runs": 15, "balls": 10, "wickets": 0}, "5145239b": {"runs": 16, "balls": 13, "wickets": 0}, "89187d8b": {"runs": 8, "balls": 3, "wickets": 0}}, "fifties": 0, "thirties": 1, "centuries": 0, "maidens": 0.0, "hattricks": 0, "club_ODI_previous3_runs": [], "club_ODI_previous3_wickets": [], "club_ODI_previous3_balls played": [], "club_ODI_previous3_overs": [], "club_ODI_previous3_runs gave": [], "club_ODI_lifetime_runs": 0.0, "club_ODI_lifetime_wickets": 0.0, "club_ODI_lifetime_balls played": 0.0, "club_ODI_lifetime_overs": 0.0, "club_ODI_lifetime_runs gave": 0.0, "club_Test_previous3_runs": [], "club_Test_previous3_wickets": [], "club_Test_previous3_balls played": [], "club_Test_previous3_overs": [], "club_Test_previous3_runs gave": [], "club_Test_lifetime_runs": 0.0, "club_Test_lifetime_wickets": 0.0, "club_Test_lifetime_balls played": 0.0, "club_Test_lifetime_overs": 0.0, "club_Test_lifetime_runs gave": 0.0, "club_T20_previous3_runs": [], "club_T20_previous3_wickets": [], "club_T20_previous3_balls played": [], "club_T20_previous3_overs": [], "club_T20_previous3_runs gave": [], "club_T20_lifetime_runs": 0.0, "club_T20_lifetime_wickets": 0.0, "club_T20_lifetime_balls played": 0.0, "club_T20_lifetime_overs": 0.0, "club_T20_lifetime_runs gave": 0.0, "international_ODI_previous3_runs": [], "international_ODI_previous3_wickets": [], "international_ODI_previous3_balls played": [], "international_ODI_previous3_overs": [], "international_ODI_previous3_runs gave": [], "international_ODI_lifetime_runs": 0.0, "international_ODI_lifetime_wickets": 0.0, "international_ODI_lifetime_balls played": 0.0, "international_ODI_lifetime_overs": 0.0, "international_ODI_lifetime_runs gave": 0.0, "international_Test_previous3_runs": [], "international_Test_previous3_wickets": [], "international_Test_previous3_balls played": [], "international_Test_previous3_overs": [], "international_Test_previous3_runs gave": [], "international_Test_lifetime_runs": 0.0, "international_Test_lifetime_wickets": 0.0, "international_Test_lifetime_balls played": 0.0, "international_Test_lifetime_overs": 0.0, "international_Test_lifetime_runs gave": 0.0, "international_T20_previous3_runs": [0.0, 1.0, 39.0], "international_T20_previous3_wickets": [1.0, 0.0, 0.0], "international_T20_previous3_balls played": [1.0, 3.0, 26.0], "international_T20_previous3_overs": [3.0, 4.0, 0.0], "international_T20_previous3_runs gave": [18.0, 18.0, 0.0], "international_T20_lifetime_runs": 58.0, "international_T20_lifetime_wickets": 1.0, "international_T20_lifetime_balls played": 62.0, "international_T20_lifetime_overs": 12.833333333333334, "international_T20_lifetime_runs gave": 58.0}