{"played_against": {"57efa3be": {"runs": 3, "balls": 3, "wickets": 0}, "b8d18afc": {"runs": 4, "balls": 4, "wickets": 0}, "f708a0bc": {"runs": 1, "balls": 3, "wickets": 0}, "93e06301": {"runs": 16, "balls": 5, "wickets": 0}, "33f28243": {"runs": 2, "balls": 7, "wickets": 0}, "8eb611d0": {"runs": 16, "balls": 12, "wickets": 0}, "f8fd6e3f": {"runs": 13, "balls": 9, "wickets": 0}, "6575e3bc": {"runs": 5, "balls": 8, "wickets": 0}, "60dd8960": {"runs": 21, "balls": 11, "wickets": 0}, "8fb49ef8": {"runs": 2, "balls": 3, "wickets": 0}, "3f5f39cd": {"runs": 7, "balls": 7, "wickets": 1}, "556302a7": {"runs": 16, "balls": 6, "wickets": 0}, "9d1d34bd": {"runs": 4, "balls": 7, "wickets": 1}, "9a158001": {"runs": 0, "balls": 1, "wickets": 1}, "760f445b": {"runs": 3, "balls": 5, "wickets": 0}, "5c756df3": {"runs": 15, "balls": 11, "wickets": 0}, "185cbde3": {"runs": 1, "balls": 1, "wickets": 0}, "c27518d2": {"runs": 2, "balls": 2, "wickets": 0}, "f3c150bb": {"runs": 5, "balls": 7, "wickets": 0}, "7dc35884": {"runs": 12, "balls": 12, "wickets": 2}, "b552a935": {"runs": 3, "balls": 4, "wickets": 0}, "f211a4c1": {"runs": 9, "balls": 6, "wickets": 0}, "243431b5": {"runs": 4, "balls": 5, "wickets": 0}, "888e32bf": {"runs": 14, "balls": 7, "wickets": 0}, "6eea0b32": {"runs": 11, "balls": 7, "wickets": 0}, "a7c226e1": {"runs": 10, "balls": 7, "wickets": 0}, "5173fb9d": {"runs": 6, "balls": 4, "wickets": 0}, "1ec36a1e": {"runs": 4, "balls": 2, "wickets": 1}, "a9520ac2": {"runs": 12, "balls": 3, "wickets": 0}, "531f0278": {"runs": 8, "balls": 3, "wickets": 0}, "090f9211": {"runs": 14, "balls": 6, "wickets": 0}, "817c1746": {"runs": 0, "balls": 3, "wickets": 0}, "557153ca": {"runs": 5, "balls": 12, "wickets": 1}, "3eac9d95": {"runs": 6, "balls": 3, "wickets": 0}, "f78e7113": {"runs": 6, "balls": 4, "wickets": 0}, "68ddabdb": {"runs": 1, "balls": 2, "wickets": 0}, "1bb0993e": {"runs": 1, "balls": 1, "wickets": 0}, "1f7adc8a": {"runs": 5, "balls": 7, "wickets": 1}, "f2800ef3": {"runs": 1, "balls": 3, "wickets": 0}, "0a8fce53": {"runs": 10, "balls": 6, "wickets": 0}, "31803fac": {"runs": 8, "balls": 4, "wickets": 0}, "7662cf7a": {"runs": 3, "balls": 5, "wickets": 0}, "ef25490c": {"runs": 3, "balls": 5, "wickets": 0}, "ef18b66e": {"runs": 1, "balls": 1, "wickets": 0}, "5a4c12ab": {"runs": 1, "balls": 3, "wickets": 0}, "0dc00542": {"runs": 1, "balls": 1, "wickets": 0}, "f56cd097": {"runs": 9, "balls": 6, "wickets": 0}, "402f8494": {"runs": 0, "balls": 1, "wickets": 1}, "c285c86e": {"runs": 2, "balls": 3, "wickets": 1}, "e9d5218e": {"runs": 11, "balls": 4, "wickets": 0}, "7ca5e05d": {"runs": 6, "balls": 11, "wickets": 0}, "4948a447": {"runs": 6, "balls": 5, "wickets": 1}, "607ed7c2": {"runs": 9, "balls": 3, "wickets": 0}, "e174dadd": {"runs": 2, "balls": 2, "wickets": 0}, "1a8eebbe": {"runs": 0, "balls": 1, "wickets": 1}, "06c2de82": {"runs": 0, "balls": 2, "wickets": 0}, "62af8546": {"runs": 1, "balls": 2, "wickets": 1}, "aa8d28ae": {"runs": 7, "balls": 6, "wickets": 0}, "7d92277a": {"runs": 1, "balls": 7, "wickets": 1}, "4d9f9686": {"runs": 3, "balls": 6, "wickets": 0}, "0f348f58": {"runs": 1, "balls": 1, "wickets": 0}, "54279e23": {"runs": 1, "balls": 1, "wickets": 0}, "a8e3170f": {"runs": 3, "balls": 5, "wickets": 0}, "f7e9a562": {"runs": 7, "balls": 2, "wickets": 0}}, "fifties": 0, "thirties": 4, "centuries": 0, "maidens": 0.0, "hattricks": 0, "club_ODI_previous3_runs": [], "club_ODI_previous3_wickets": [], "club_ODI_previous3_balls played": [], "club_ODI_previous3_overs": [], "club_ODI_previous3_runs gave": [], "club_ODI_lifetime_runs": 0.0, "club_ODI_lifetime_wickets": 0.0, "club_ODI_lifetime_balls played": 0.0, "club_ODI_lifetime_overs": 0.0, "club_ODI_lifetime_runs gave": 0.0, "club_Test_previous3_runs": [], "club_Test_previous3_wickets": [], "club_Test_previous3_balls played": [], "club_Test_previous3_overs": [], "club_Test_previous3_runs gave": [], "club_Test_lifetime_runs": 0.0, "club_Test_lifetime_wickets": 0.0, "club_Test_lifetime_balls played": 0.0, "club_Test_lifetime_overs": 0.0, "club_Test_lifetime_runs gave": 0.0, "club_T20_previous3_runs": [13.0, 13.0, 2.0], "club_T20_previous3_wickets": [0.0, 0.0, 0.0], "club_T20_previous3_balls played": [23.0, 11.0, 2.0], "club_T20_previous3_overs": [0.0, 0.0, 0.0], "club_T20_previous3_runs gave": [0.0, 0.0, 0.0], "club_T20_lifetime_runs": 364.0, "club_T20_lifetime_wickets": 1.0, "club_T20_lifetime_balls played": 309.0, "club_T20_lifetime_overs": 5.0, "club_T20_lifetime_runs gave": 61.0, "international_ODI_previous3_runs": [], "international_ODI_previous3_wickets": [], "international_ODI_previous3_balls played": [], "international_ODI_previous3_overs": [], "international_ODI_previous3_runs gave": [], "international_ODI_lifetime_runs": 0.0, "international_ODI_lifetime_wickets": 0.0, "international_ODI_lifetime_balls played": 0.0, "international_ODI_lifetime_overs": 0.0, "international_ODI_lifetime_runs gave": 0.0, "international_Test_previous3_runs": [], "international_Test_previous3_wickets": [], "international_Test_previous3_balls played": [], "international_Test_previous3_overs": [], "international_Test_previous3_runs gave": [], "international_Test_lifetime_runs": 0.0, "international_Test_lifetime_wickets": 0.0, "international_Test_lifetime_balls played": 0.0, "international_Test_lifetime_overs": 0.0, "international_Test_lifetime_runs gave": 0.0, "international_T20_previous3_runs": [], "international_T20_previous3_wickets": [], "international_T20_previous3_balls played": [], "international_T20_previous3_overs": [], "international_T20_previous3_runs gave": [], "international_T20_lifetime_runs": 0.0, "international_T20_lifetime_wickets": 0.0, "international_T20_lifetime_balls played": 0.0, "international_T20_lifetime_overs": 0.0, "international_T20_lifetime_runs gave": 0.0}