{"played_against": {"235fb973": {"runs": 1, "balls": 1, "wickets": 0}, "eff8b730": {"runs": 7, "balls": 4, "wickets": 0}, "e85d03d6": {"runs": 4, "balls": 3, "wickets": 0}, "9ff7f691": {"runs": 0, "balls": 0, "wickets": 0}, "cf494ffe": {"runs": 0, "balls": 2, "wickets": 0}, "023f6b02": {"runs": 2, "balls": 3, "wickets": 0}, "f6c2659d": {"runs": 8, "balls": 11, "wickets": 1}, "fb0abc20": {"runs": 1, "balls": 1, "wickets": 0}, "d1988788": {"runs": 1, "balls": 2, "wickets": 0}, "ae6746e0": {"runs": 1, "balls": 2, "wickets": 0}, "007113d7": {"runs": 0, "balls": 4, "wickets": 0}, "bf385668": {"runs": 1, "balls": 1, "wickets": 0}, "0e0afd8b": {"runs": 1, "balls": 3, "wickets": 0}, "f1eb3c73": {"runs": 8, "balls": 10, "wickets": 1}, "1cba4ec3": {"runs": 6, "balls": 18, "wickets": 0}, "a96938ba": {"runs": 15, "balls": 30, "wickets": 0}, "78fcc740": {"runs": 10, "balls": 29, "wickets": 0}, "2b8718c8": {"runs": 5, "balls": 16, "wickets": 1}, "cf6aae64": {"runs": 10, "balls": 7, "wickets": 0}, "87e33d07": {"runs": 2, "balls": 7, "wickets": 0}, "2b7609f1": {"runs": 18, "balls": 38, "wickets": 0}, "e77e96de": {"runs": 7, "balls": 18, "wickets": 0}, "3c4007d3": {"runs": 10, "balls": 12, "wickets": 0}, "2d8aae2f": {"runs": 2, "balls": 6, "wickets": 0}, "98d05440": {"runs": 10, "balls": 8, "wickets": 0}, "12c3ba4d": {"runs": 4, "balls": 8, "wickets": 0}, "1adb8ee8": {"runs": 2, "balls": 4, "wickets": 0}, "44c69e2b": {"runs": 6, "balls": 7, "wickets": 0}, "edf3773b": {"runs": 3, "balls": 5, "wickets": 0}}, "fifties": 0, "thirties": 2, "centuries": 0, "maidens": 0.0, "hattricks": 0, "club_ODI_previous3_runs": [], "club_ODI_previous3_wickets": [], "club_ODI_previous3_balls played": [], "club_ODI_previous3_overs": [], "club_ODI_previous3_runs gave": [], "club_ODI_lifetime_runs": 0.0, "club_ODI_lifetime_wickets": 0.0, "club_ODI_lifetime_balls played": 0.0, "club_ODI_lifetime_overs": 0.0, "club_ODI_lifetime_runs gave": 0.0, "club_Test_previous3_runs": [], "club_Test_previous3_wickets": [], "club_Test_previous3_balls played": [], "club_Test_previous3_overs": [], "club_Test_previous3_runs gave": [], "club_Test_lifetime_runs": 0.0, "club_Test_lifetime_wickets": 0.0, "club_Test_lifetime_balls played": 0.0, "club_Test_lifetime_overs": 0.0, "club_Test_lifetime_runs gave": 0.0, "club_T20_previous3_runs": [], "club_T20_previous3_wickets": [], "club_T20_previous3_balls played": [], "club_T20_previous3_overs": [], "club_T20_previous3_runs gave": [], "club_T20_lifetime_runs": 0.0, "club_T20_lifetime_wickets": 0.0, "club_T20_lifetime_balls played": 0.0, "club_T20_lifetime_overs": 0.0, "club_T20_lifetime_runs gave": 0.0, "international_ODI_previous3_runs": [28.0, 9.0, 0.0], "international_ODI_previous3_wickets": [0.0, 0.0, 0.0], "international_ODI_previous3_balls played": [39.0, 12.0, 0.0], "international_ODI_previous3_overs": [0.0, 0.0, 0.0], "international_ODI_previous3_runs gave": [0.0, 0.0, 0.0], "international_ODI_lifetime_runs": 119.0, "international_ODI_lifetime_wickets": 0.0, "international_ODI_lifetime_balls played": 229.0, "international_ODI_lifetime_overs": 0.0, "international_ODI_lifetime_runs gave": 0.0, "international_Test_previous3_runs": [], "international_Test_previous3_wickets": [], "international_Test_previous3_balls played": [], "international_Test_previous3_overs": [], "international_Test_previous3_runs gave": [], "international_Test_lifetime_runs": 0.0, "international_Test_lifetime_wickets": 0.0, "international_Test_lifetime_balls played": 0.0, "international_Test_lifetime_overs": 0.0, "international_Test_lifetime_runs gave": 0.0, "international_T20_previous3_runs": [11.0, 2.0, 1.0], "international_T20_previous3_wickets": [0.0, 0.0, 0.0], "international_T20_previous3_balls played": [15.0, 4.0, 5.0], "international_T20_previous3_overs": [0.0, 0.0, 0.0], "international_T20_previous3_runs gave": [0.0, 0.0, 0.0], "international_T20_lifetime_runs": 26.0, "international_T20_lifetime_wickets": 0.0, "international_T20_lifetime_balls played": 35.0, "international_T20_lifetime_overs": 1.0, "international_T20_lifetime_runs gave": 23.0}