{"played_against": {"dc4686e6": {"runs": 7, "balls": 6, "wickets": 0}, "12eddf28": {"runs": 3, "balls": 3, "wickets": 0}, "45c2196c": {"runs": 3, "balls": 5, "wickets": 1}, "495d42a5": {"runs": 4, "balls": 8, "wickets": 1}, "db584dad": {"runs": 1, "balls": 0, "wickets": 0}, "91a4a398": {"runs": 1, "balls": 2, "wickets": 0}, "d2340a43": {"runs": 1, "balls": 1, "wickets": 0}, "8fd1a8f5": {"runs": 8, "balls": 2, "wickets": 0}, "87e562a9": {"runs": 9, "balls": 5, "wickets": 0}, "d2a989fc": {"runs": 2, "balls": 1, "wickets": 0}, "a12e1d51": {"runs": 23, "balls": 13, "wickets": 1}, "9d430b40": {"runs": 16, "balls": 6, "wickets": 0}, "86dc8f2e": {"runs": 2, "balls": 3, "wickets": 0}, "dd09ff8e": {"runs": 2, "balls": 1, "wickets": 0}, "1c914163": {"runs": 14, "balls": 6, "wickets": 0}, "5d9a1a73": {"runs": 3, "balls": 4, "wickets": 1}, "a757b0d8": {"runs": 17, "balls": 8, "wickets": 0}, "8b5b6769": {"runs": 15, "balls": 17, "wickets": 2}, "26a85969": {"runs": 22, "balls": 11, "wickets": 0}, "abfeb126": {"runs": 4, "balls": 2, "wickets": 0}, "c3d1402f": {"runs": 1, "balls": 2, "wickets": 1}, "0f721006": {"runs": 5, "balls": 4, "wickets": 0}, "33a364a6": {"runs": 2, "balls": 3, "wickets": 0}, "4c4fa80b": {"runs": 4, "balls": 2, "wickets": 1}, "6c6591ab": {"runs": 2, "balls": 4, "wickets": 0}, "119678fd": {"runs": 0, "balls": 2, "wickets": 0}, "c03c6200": {"runs": 0, "balls": 2, "wickets": 1}, "fe93fd9d": {"runs": 3, "balls": 3, "wickets": 0}, "759ac88f": {"runs": 1, "balls": 2, "wickets": 0}, "911d04ad": {"runs": 1, "balls": 1, "wickets": 0}, "0c0ef3fb": {"runs": 12, "balls": 8, "wickets": 0}, "2a72fd4f": {"runs": 3, "balls": 3, "wickets": 0}, "dcf81436": {"runs": 2, "balls": 3, "wickets": 0}, "8d83e97a": {"runs": 2, "balls": 6, "wickets": 0}, "92d07362": {"runs": 2, "balls": 2, "wickets": 0}, "ddb00822": {"runs": 1, "balls": 3, "wickets": 1}, "1e66c162": {"runs": 0, "balls": 1, "wickets": 1}, "8c5b0ce7": {"runs": 0, "balls": 2, "wickets": 0}, "76307fc7": {"runs": 5, "balls": 7, "wickets": 0}, "35b67232": {"runs": 9, "balls": 5, "wickets": 0}, "09ea761c": {"runs": 2, "balls": 3, "wickets": 0}, "6d981899": {"runs": 0, "balls": 1, "wickets": 1}}, "fifties": 0, "thirties": 2, "centuries": 0, "maidens": 0.0, "hattricks": 0, "club_ODI_previous3_runs": [], "club_ODI_previous3_wickets": [], "club_ODI_previous3_balls played": [], "club_ODI_previous3_overs": [], "club_ODI_previous3_runs gave": [], "club_ODI_lifetime_runs": 0.0, "club_ODI_lifetime_wickets": 0.0, "club_ODI_lifetime_balls played": 0.0, "club_ODI_lifetime_overs": 0.0, "club_ODI_lifetime_runs gave": 0.0, "club_Test_previous3_runs": [], "club_Test_previous3_wickets": [], "club_Test_previous3_balls played": [], "club_Test_previous3_overs": [], "club_Test_previous3_runs gave": [], "club_Test_lifetime_runs": 0.0, "club_Test_lifetime_wickets": 0.0, "club_Test_lifetime_balls played": 0.0, "club_Test_lifetime_overs": 0.0, "club_Test_lifetime_runs gave": 0.0, "club_T20_previous3_runs": [0.0, 16.0, 0.0], "club_T20_previous3_wickets": [0.0, 0.0, 0.0], "club_T20_previous3_balls played": [1.0, 18.0, 0.0], "club_T20_previous3_overs": [0.0, 0.0, 0.0], "club_T20_previous3_runs gave": [0.0, 0.0, 0.0], "club_T20_lifetime_runs": 214.0, "club_T20_lifetime_wickets": 0.0, "club_T20_lifetime_balls played": 179.0, "club_T20_lifetime_overs": 0.0, "club_T20_lifetime_runs gave": 0.0, "international_ODI_previous3_runs": [], "international_ODI_previous3_wickets": [], "international_ODI_previous3_balls played": [], "international_ODI_previous3_overs": [], "international_ODI_previous3_runs gave": [], "international_ODI_lifetime_runs": 0.0, "international_ODI_lifetime_wickets": 0.0, "international_ODI_lifetime_balls played": 0.0, "international_ODI_lifetime_overs": 0.0, "international_ODI_lifetime_runs gave": 0.0, "international_Test_previous3_runs": [], "international_Test_previous3_wickets": [], "international_Test_previous3_balls played": [], "international_Test_previous3_overs": [], "international_Test_previous3_runs gave": [], "international_Test_lifetime_runs": 0.0, "international_Test_lifetime_wickets": 0.0, "international_Test_lifetime_balls played": 0.0, "international_Test_lifetime_overs": 0.0, "international_Test_lifetime_runs gave": 0.0, "international_T20_previous3_runs": [], "international_T20_previous3_wickets": [], "international_T20_previous3_balls played": [], "international_T20_previous3_overs": [], "international_T20_previous3_runs gave": [], "international_T20_lifetime_runs": 0.0, "international_T20_lifetime_wickets": 0.0, "international_T20_lifetime_balls played": 0.0, "international_T20_lifetime_overs": 0.0, "international_T20_lifetime_runs gave": 0.0}