{"played_against": {"dfdaca74": {"runs": 1, "balls": 5, "wickets": 1}, "2667c1ef": {"runs": 1, "balls": 4, "wickets": 0}, "7467fe01": {"runs": 2, "balls": 3, "wickets": 0}, "4db4c8be": {"runs": 0, "balls": 1, "wickets": 1}, "8b6c33d0": {"runs": 1, "balls": 11, "wickets": 0}, "f6ddfe08": {"runs": 6, "balls": 9, "wickets": 1}, "9c4b58db": {"runs": 7, "balls": 13, "wickets": 0}, "58acb320": {"runs": 5, "balls": 11, "wickets": 0}, "4b15618c": {"runs": 6, "balls": 5, "wickets": 0}, "4dabe716": {"runs": 2, "balls": 4, "wickets": 0}, "dd468f06": {"runs": 4, "balls": 6, "wickets": 0}, "595433d2": {"runs": 2, "balls": 6, "wickets": 0}, "040f11e8": {"runs": 4, "balls": 5, "wickets": 1}, "a92763ea": {"runs": 0, "balls": 1, "wickets": 0}}, "fifties": 0, "thirties": 0, "centuries": 0, "maidens": 0.0, "hattricks": 0, "club_ODI_previous3_runs": [], "club_ODI_previous3_wickets": [], "club_ODI_previous3_balls played": [], "club_ODI_previous3_overs": [], "club_ODI_previous3_runs gave": [], "club_ODI_lifetime_runs": 0.0, "club_ODI_lifetime_wickets": 0.0, "club_ODI_lifetime_balls played": 0.0, "club_ODI_lifetime_overs": 0.0, "club_ODI_lifetime_runs gave": 0.0, "club_Test_previous3_runs": [], "club_Test_previous3_wickets": [], "club_Test_previous3_balls played": [], "club_Test_previous3_overs": [], "club_Test_previous3_runs gave": [], "club_Test_lifetime_runs": 0.0, "club_Test_lifetime_wickets": 0.0, "club_Test_lifetime_balls played": 0.0, "club_Test_lifetime_overs": 0.0, "club_Test_lifetime_runs gave": 0.0, "club_T20_previous3_runs": [], "club_T20_previous3_wickets": [], "club_T20_previous3_balls played": [], "club_T20_previous3_overs": [], "club_T20_previous3_runs gave": [], "club_T20_lifetime_runs": 0.0, "club_T20_lifetime_wickets": 0.0, "club_T20_lifetime_balls played": 0.0, "club_T20_lifetime_overs": 0.0, "club_T20_lifetime_runs gave": 0.0, "international_ODI_previous3_runs": [], "international_ODI_previous3_wickets": [], "international_ODI_previous3_balls played": [], "international_ODI_previous3_overs": [], "international_ODI_previous3_runs gave": [], "international_ODI_lifetime_runs": 0.0, "international_ODI_lifetime_wickets": 0.0, "international_ODI_lifetime_balls played": 0.0, "international_ODI_lifetime_overs": 0.0, "international_ODI_lifetime_runs gave": 0.0, "international_Test_previous3_runs": [], "international_Test_previous3_wickets": [], "international_Test_previous3_balls played": [], "international_Test_previous3_overs": [], "international_Test_previous3_runs gave": [], "international_Test_lifetime_runs": 0.0, "international_Test_lifetime_wickets": 0.0, "international_Test_lifetime_balls played": 0.0, "international_Test_lifetime_overs": 0.0, "international_Test_lifetime_runs gave": 0.0, "international_T20_previous3_runs": [0.0, 10.0, 0.0], "international_T20_previous3_wickets": [0.0, 1.0, 0.0], "international_T20_previous3_balls played": [0.0, 17.0, 1.0], "international_T20_previous3_overs": [2.0, 3.0, 0.0], "international_T20_previous3_runs gave": [10.0, 16.0, 0.0], "international_T20_lifetime_runs": 41.0, "international_T20_lifetime_wickets": 2.0, "international_T20_lifetime_balls played": 84.0, "international_T20_lifetime_overs": 12.0, "international_T20_lifetime_runs gave": 68.0}