{"played_against": {"66078174": {"runs": 70, "balls": 70, "wickets": 0}, "752183c1": {"runs": 12, "balls": 28, "wickets": 0}, "005f0561": {"runs": 11, "balls": 6, "wickets": 1}, "037f2b86": {"runs": 9, "balls": 5, "wickets": 0}, "bec997fc": {"runs": 4, "balls": 6, "wickets": 0}, "a92763ea": {"runs": 7, "balls": 6, "wickets": 1}, "de69af96": {"runs": 21, "balls": 20, "wickets": 0}, "9b73d523": {"runs": 0, "balls": 1, "wickets": 1}, "32497ecd": {"runs": 11, "balls": 28, "wickets": 0}, "907c51ab": {"runs": 0, "balls": 2, "wickets": 0}, "ae2c396f": {"runs": 6, "balls": 4, "wickets": 0}, "550373ea": {"runs": 57, "balls": 46, "wickets": 2}, "a0fdf513": {"runs": 23, "balls": 28, "wickets": 0}, "52d3b7ff": {"runs": 32, "balls": 46, "wickets": 1}, "ac56b5a7": {"runs": 28, "balls": 28, "wickets": 0}, "dbd79036": {"runs": 1, "balls": 1, "wickets": 0}, "a61850e6": {"runs": 16, "balls": 13, "wickets": 1}, "b287e7b1": {"runs": 29, "balls": 35, "wickets": 2}, "2904b4b6": {"runs": 47, "balls": 33, "wickets": 0}, "c981d3c2": {"runs": 81, "balls": 83, "wickets": 2}, "ed840f44": {"runs": 79, "balls": 87, "wickets": 2}, "0b78b7c1": {"runs": 8, "balls": 16, "wickets": 0}, "9714e764": {"runs": 18, "balls": 12, "wickets": 0}, "3b770527": {"runs": 6, "balls": 3, "wickets": 0}, "5463cb7a": {"runs": 3, "balls": 4, "wickets": 0}, "201fef33": {"runs": 37, "balls": 56, "wickets": 4}, "8026ea72": {"runs": 48, "balls": 58, "wickets": 1}, "53cd8da6": {"runs": 6, "balls": 3, "wickets": 0}, "d0bb40b8": {"runs": 3, "balls": 4, "wickets": 0}, "6c3aef71": {"runs": 52, "balls": 35, "wickets": 0}, "a51e6c6e": {"runs": 81, "balls": 79, "wickets": 2}, "821d7d46": {"runs": 6, "balls": 7, "wickets": 0}, "06653fcc": {"runs": 17, "balls": 16, "wickets": 0}, "c736a96b": {"runs": 18, "balls": 21, "wickets": 0}, "a49985e6": {"runs": 14, "balls": 19, "wickets": 1}, "d32cf49a": {"runs": 68, "balls": 89, "wickets": 2}, "c29ada99": {"runs": 38, "balls": 53, "wickets": 0}, "75820733": {"runs": 30, "balls": 60, "wickets": 2}, "4b0e3049": {"runs": 35, "balls": 34, "wickets": 0}, "53bee17f": {"runs": 2, "balls": 12, "wickets": 0}, "d6164dc0": {"runs": 16, "balls": 21, "wickets": 0}, "fb9a8cc3": {"runs": 3, "balls": 5, "wickets": 0}, "6bebf334": {"runs": 6, "balls": 13, "wickets": 1}, "2f9a6bd1": {"runs": 39, "balls": 49, "wickets": 1}, "321c980e": {"runs": 30, "balls": 29, "wickets": 0}, "42d9dd09": {"runs": 23, "balls": 14, "wickets": 1}, "7b51bfa4": {"runs": 8, "balls": 15, "wickets": 1}, "ea9c54de": {"runs": 48, "balls": 39, "wickets": 1}, "1ade138e": {"runs": 6, "balls": 12, "wickets": 0}, "6a434bd3": {"runs": 19, "balls": 28, "wickets": 0}, "cdb82f1c": {"runs": 26, "balls": 27, "wickets": 0}, "f3a18a0c": {"runs": 27, "balls": 28, "wickets": 1}, "9af58032": {"runs": 17, "balls": 27, "wickets": 2}, "8ca1f93a": {"runs": 13, "balls": 17, "wickets": 2}, "60471339": {"runs": 22, "balls": 32, "wickets": 2}, "7673c908": {"runs": 12, "balls": 13, "wickets": 0}, "1b1c23bb": {"runs": 7, "balls": 10, "wickets": 1}, "397369e0": {"runs": 17, "balls": 10, "wickets": 2}, "28aba384": {"runs": 1, "balls": 1, "wickets": 0}, "d284ef29": {"runs": 3, "balls": 1, "wickets": 0}, "e5b17517": {"runs": 33, "balls": 18, "wickets": 0}, "abc9f8a4": {"runs": 12, "balls": 15, "wickets": 1}, "b34e0c77": {"runs": 36, "balls": 27, "wickets": 0}, "910dd54e": {"runs": 5, "balls": 7, "wickets": 0}, "6df697a9": {"runs": 24, "balls": 17, "wickets": 1}, "b8cce99f": {"runs": 0, "balls": 2, "wickets": 0}, "b55fb828": {"runs": 31, "balls": 34, "wickets": 1}, "4ac6664d": {"runs": 9, "balls": 7, "wickets": 0}, "e04fb55d": {"runs": 4, "balls": 1, "wickets": 0}, "aeccf5cc": {"runs": 11, "balls": 8, "wickets": 0}, "c35739a1": {"runs": 3, "balls": 4, "wickets": 0}, "6900060d": {"runs": 8, "balls": 5, "wickets": 0}, "237ec05b": {"runs": 6, "balls": 6, "wickets": 0}, "c4c374d9": {"runs": 1, "balls": 7, "wickets": 1}, "7693851c": {"runs": 8, "balls": 13, "wickets": 0}, "2e81be88": {"runs": 55, "balls": 101, "wickets": 1}, "be150fc8": {"runs": 34, "balls": 52, "wickets": 2}, "17608a6f": {"runs": 29, "balls": 54, "wickets": 0}, "bc969efb": {"runs": 49, "balls": 49, "wickets": 1}, "65d9b6b6": {"runs": 42, "balls": 52, "wickets": 2}, "83558266": {"runs": 7, "balls": 26, "wickets": 0}, "f0b4e47d": {"runs": 13, "balls": 7, "wickets": 1}, "a50797a4": {"runs": 42, "balls": 49, "wickets": 0}, "89895ae1": {"runs": 37, "balls": 37, "wickets": 0}, "558cdd64": {"runs": 47, "balls": 65, "wickets": 0}, "38b4583c": {"runs": 11, "balls": 9, "wickets": 1}, "c6625a26": {"runs": 13, "balls": 15, "wickets": 0}, "c1f3ae44": {"runs": 2, "balls": 8, "wickets": 0}, "ab6573dc": {"runs": 8, "balls": 8, "wickets": 0}, "8f30d191": {"runs": 4, "balls": 5, "wickets": 0}, "026135b1": {"runs": 3, "balls": 3, "wickets": 0}, "92b94582": {"runs": 27, "balls": 19, "wickets": 0}, "7306c48d": {"runs": 15, "balls": 16, "wickets": 0}, "cf9338c9": {"runs": 16, "balls": 9, "wickets": 0}, "8c5775f3": {"runs": 15, "balls": 5, "wickets": 0}, "24596e4d": {"runs": 14, "balls": 9, "wickets": 0}, "c812dfa3": {"runs": 15, "balls": 10, "wickets": 0}, "cd62f670": {"runs": 10, "balls": 4, "wickets": 0}, "2f485713": {"runs": 18, "balls": 12, "wickets": 1}, "ea544967": {"runs": 13, "balls": 13, "wickets": 0}, "f13d3eba": {"runs": 23, "balls": 23, "wickets": 0}, "00823a96": {"runs": 26, "balls": 10, "wickets": 0}, "b4e026de": {"runs": 11, "balls": 6, "wickets": 0}, "fbd79b9b": {"runs": 1, "balls": 3, "wickets": 0}, "53bb50f0": {"runs": 57, "balls": 71, "wickets": 2}, "4cf8708b": {"runs": 10, "balls": 6, "wickets": 0}, "6ee11109": {"runs": 9, "balls": 18, "wickets": 0}, "792d0178": {"runs": 12, "balls": 6, "wickets": 0}, "645b2a2f": {"runs": 11, "balls": 6, "wickets": 0}, "36d2face": {"runs": 9, "balls": 5, "wickets": 0}, "aaf037b1": {"runs": 54, "balls": 50, "wickets": 1}, "fb0c0bcc": {"runs": 27, "balls": 37, "wickets": 0}, "ad3940a5": {"runs": 21, "balls": 19, "wickets": 2}, "99812d10": {"runs": 16, "balls": 6, "wickets": 0}, "ca5acfa4": {"runs": 1, "balls": 13, "wickets": 2}, "0b69a844": {"runs": 13, "balls": 57, "wickets": 0}, "5838cb64": {"runs": 6, "balls": 7, "wickets": 1}, "c34a15e6": {"runs": 17, "balls": 20, "wickets": 1}, "7298db76": {"runs": 12, "balls": 14, "wickets": 0}, "eadc8924": {"runs": 11, "balls": 27, "wickets": 1}, "33946d69": {"runs": 30, "balls": 33, "wickets": 0}, "5d2eda89": {"runs": 0, "balls": 0, "wickets": 0}, "77143581": {"runs": 17, "balls": 12, "wickets": 0}, "a4dcac97": {"runs": 19, "balls": 10, "wickets": 0}, "0d56e9a5": {"runs": 13, "balls": 12, "wickets": 0}, "340202b0": {"runs": 3, "balls": 4, "wickets": 1}, "8a452195": {"runs": 10, "balls": 7, "wickets": 0}, "385eac52": {"runs": 8, "balls": 8, "wickets": 1}, "f61e2829": {"runs": 3, "balls": 4, "wickets": 0}, "a0a65375": {"runs": 8, "balls": 5, "wickets": 0}, "c3394c16": {"runs": 7, "balls": 4, "wickets": 0}, "d5eb8b84": {"runs": 8, "balls": 5, "wickets": 0}}, "fifties": 3, "thirties": 33, "centuries": 0, "maidens": 0.0, "hattricks": 0, "club_ODI_previous3_runs": [112.0, 85.0, 0.0], "club_ODI_previous3_wickets": [0.0, 0.0, 0.0], "club_ODI_previous3_balls played": [72.0, 61.0, 0.0], "club_ODI_previous3_overs": [0.0, 0.0, 0.0], "club_ODI_previous3_runs gave": [0.0, 0.0, 0.0], "club_ODI_lifetime_runs": 214.0, "club_ODI_lifetime_wickets": 0.0, "club_ODI_lifetime_balls played": 157.0, "club_ODI_lifetime_overs": 0.0, "club_ODI_lifetime_runs gave": 0.0, "club_Test_previous3_runs": [], "club_Test_previous3_wickets": [], "club_Test_previous3_balls played": [], "club_Test_previous3_overs": [], "club_Test_previous3_runs gave": [], "club_Test_lifetime_runs": 0.0, "club_Test_lifetime_wickets": 0.0, "club_Test_lifetime_balls played": 0.0, "club_Test_lifetime_overs": 0.0, "club_Test_lifetime_runs gave": 0.0, "club_T20_previous3_runs": [], "club_T20_previous3_wickets": [], "club_T20_previous3_balls played": [], "club_T20_previous3_overs": [], "club_T20_previous3_runs gave": [], "club_T20_lifetime_runs": 0.0, "club_T20_lifetime_wickets": 0.0, "club_T20_lifetime_balls played": 0.0, "club_T20_lifetime_overs": 0.0, "club_T20_lifetime_runs gave": 0.0, "international_ODI_previous3_runs": [18.0, 5.0, 38.0], "international_ODI_previous3_wickets": [0.0, 0.0, 0.0], "international_ODI_previous3_balls played": [31.0, 11.0, 66.0], "international_ODI_previous3_overs": [0.0, 0.0, 0.0], "international_ODI_previous3_runs gave": [0.0, 0.0, 0.0], "international_ODI_lifetime_runs": 768.0, "international_ODI_lifetime_wickets": 0.0, "international_ODI_lifetime_balls played": 1095.0, "international_ODI_lifetime_overs": 0.0, "international_ODI_lifetime_runs gave": 0.0, "international_Test_previous3_runs": [36.0], "international_Test_previous3_wickets": [0.0], "international_Test_previous3_balls played": [171.0], "international_Test_previous3_overs": [0.0], "international_Test_previous3_runs gave": [0.0], "international_Test_lifetime_runs": 36.0, "international_Test_lifetime_wickets": 0.0, "international_Test_lifetime_balls played": 171.0, "international_Test_lifetime_overs": 0.0, "international_Test_lifetime_runs gave": 0.0, "international_T20_previous3_runs": [42.0, 15.0, 17.0], "international_T20_previous3_wickets": [0.0, 0.0, 0.0], "international_T20_previous3_balls played": [41.0, 15.0, 18.0], "international_T20_previous3_overs": [0.0, 0.0, 0.0], "international_T20_previous3_runs gave": [0.0, 0.0, 0.0], "international_T20_lifetime_runs": 1562.0, "international_T20_lifetime_wickets": 0.0, "international_T20_lifetime_balls played": 1462.0, "international_T20_lifetime_overs": 0.0, "international_T20_lifetime_runs gave": 0.0}