{"played_against": {"0d518f89": {"runs": 0, "balls": 6, "wickets": 1}, "108c4c09": {"runs": 0, "balls": 1, "wickets": 0}, "287ed3a0": {"runs": 0, "balls": 1, "wickets": 0}, "32497ecd": {"runs": 1, "balls": 4, "wickets": 0}, "6a434bd3": {"runs": 2, "balls": 5, "wickets": 0}, "907c51ab": {"runs": 0, "balls": 4, "wickets": 0}, "bc969efb": {"runs": 1, "balls": 6, "wickets": 1}, "dff806f4": {"runs": 2, "balls": 7, "wickets": 0}, "17608a6f": {"runs": 1, "balls": 2, "wickets": 1}, "d693012d": {"runs": 0, "balls": 1, "wickets": 0}, "b34e0c77": {"runs": 1, "balls": 1, "wickets": 0}, "92cf79a8": {"runs": 0, "balls": 1, "wickets": 1}, "a49985e6": {"runs": 1, "balls": 10, "wickets": 0}, "321c980e": {"runs": 0, "balls": 4, "wickets": 0}, "c29ada99": {"runs": 3, "balls": 11, "wickets": 0}, "75820733": {"runs": 1, "balls": 2, "wickets": 1}, "2f9a6bd1": {"runs": 1, "balls": 4, "wickets": 1}, "d32cf49a": {"runs": 0, "balls": 4, "wickets": 0}, "23e3f2d6": {"runs": 0, "balls": 5, "wickets": 1}, "c4c374d9": {"runs": 3, "balls": 7, "wickets": 0}, "84f1ae7f": {"runs": 2, "balls": 3, "wickets": 0}, "7673c908": {"runs": 1, "balls": 6, "wickets": 0}, "8ca1f93a": {"runs": 6, "balls": 10, "wickets": 0}, "d5eb8b84": {"runs": 1, "balls": 3, "wickets": 0}, "9af58032": {"runs": 2, "balls": 3, "wickets": 0}, "72b7ed1e": {"runs": 1, "balls": 1, "wickets": 0}, "a61850e6": {"runs": 0, "balls": 7, "wickets": 1}, "52d3b7ff": {"runs": 1, "balls": 3, "wickets": 0}}, "fifties": 0, "thirties": 0, "centuries": 0, "maidens": 27.0, "hattricks": 3, "club_ODI_previous3_runs": [], "club_ODI_previous3_wickets": [], "club_ODI_previous3_balls played": [], "club_ODI_previous3_overs": [], "club_ODI_previous3_runs gave": [], "club_ODI_lifetime_runs": 0.0, "club_ODI_lifetime_wickets": 0.0, "club_ODI_lifetime_balls played": 0.0, "club_ODI_lifetime_overs": 0.0, "club_ODI_lifetime_runs gave": 0.0, "club_Test_previous3_runs": [], "club_Test_previous3_wickets": [], "club_Test_previous3_balls played": [], "club_Test_previous3_overs": [], "club_Test_previous3_runs gave": [], "club_Test_lifetime_runs": 0.0, "club_Test_lifetime_wickets": 0.0, "club_Test_lifetime_balls played": 0.0, "club_Test_lifetime_overs": 0.0, "club_Test_lifetime_runs gave": 0.0, "club_T20_previous3_runs": [], "club_T20_previous3_wickets": [], "club_T20_previous3_balls played": [], "club_T20_previous3_overs": [], "club_T20_previous3_runs gave": [], "club_T20_lifetime_runs": 0.0, "club_T20_lifetime_wickets": 0.0, "club_T20_lifetime_balls played": 0.0, "club_T20_lifetime_overs": 0.0, "club_T20_lifetime_runs gave": 0.0, "international_ODI_previous3_runs": [0.0, 11.0, 1.0], "international_ODI_previous3_wickets": [0.0, 1.0, 0.0], "international_ODI_previous3_balls played": [0.0, 23.0, 10.0], "international_ODI_previous3_overs": [4.0, 9.0, 10.0], "international_ODI_previous3_runs gave": [6.0, 58.0, 43.0], "international_ODI_lifetime_runs": 28.0, "international_ODI_lifetime_wickets": 20.0, "international_ODI_lifetime_balls played": 110.0, "international_ODI_lifetime_overs": 194.66666666666669, "international_ODI_lifetime_runs gave": 743.0, "international_Test_previous3_runs": [], "international_Test_previous3_wickets": [], "international_Test_previous3_balls played": [], "international_Test_previous3_overs": [], "international_Test_previous3_runs gave": [], "international_Test_lifetime_runs": 0.0, "international_Test_lifetime_wickets": 0.0, "international_Test_lifetime_balls played": 0.0, "international_Test_lifetime_overs": 0.0, "international_Test_lifetime_runs gave": 0.0, "international_T20_previous3_runs": [0.0, 0.0, 0.0], "international_T20_previous3_wickets": [0.0, 0.0, 0.0], "international_T20_previous3_balls played": [0.0, 0.0, 0.0], "international_T20_previous3_overs": [2.0, 4.0, 2.0], "international_T20_previous3_runs gave": [10.0, 24.0, 26.0], "international_T20_lifetime_runs": 3.0, "international_T20_lifetime_wickets": 40.0, "international_T20_lifetime_balls played": 13.0, "international_T20_lifetime_overs": 183.83333333333334, "international_T20_lifetime_runs gave": 1090.0}