{"played_against": {"cad40f5e": {"runs": 16, "balls": 15, "wickets": 1}, "7cdecc31": {"runs": 2, "balls": 20, "wickets": 0}, "93e06301": {"runs": 0, "balls": 2, "wickets": 0}, "00cada13": {"runs": 2, "balls": 7, "wickets": 0}, "18fac429": {"runs": 1, "balls": 19, "wickets": 0}, "3d0ed2f9": {"runs": 2, "balls": 6, "wickets": 1}, "0e0d43b4": {"runs": 5, "balls": 16, "wickets": 0}, "078ffbf2": {"runs": 13, "balls": 10, "wickets": 0}, "aeab0d4f": {"runs": 4, "balls": 3, "wickets": 0}, "ed12fcd7": {"runs": 5, "balls": 14, "wickets": 1}, "aa1210d8": {"runs": 4, "balls": 9, "wickets": 1}, "214f6461": {"runs": 2, "balls": 4, "wickets": 0}, "043e9623": {"runs": 5, "balls": 16, "wickets": 0}, "22b98d7c": {"runs": 8, "balls": 71, "wickets": 0}, "7a8a0237": {"runs": 5, "balls": 41, "wickets": 0}, "27c5a793": {"runs": 1, "balls": 1, "wickets": 0}, "ad8cb396": {"runs": 0, "balls": 12, "wickets": 0}, "f54dbda7": {"runs": 0, "balls": 1, "wickets": 0}, "5fed6272": {"runs": 8, "balls": 23, "wickets": 0}, "e0ac7144": {"runs": 4, "balls": 2, "wickets": 0}, "f3abd0c9": {"runs": 1, "balls": 11, "wickets": 1}, "85ebf2be": {"runs": 10, "balls": 18, "wickets": 1}, "a510bdd3": {"runs": 2, "balls": 31, "wickets": 2}, "b0946605": {"runs": 7, "balls": 16, "wickets": 1}, "e05b2a5b": {"runs": 0, "balls": 8, "wickets": 0}, "e737a5fe": {"runs": 2, "balls": 22, "wickets": 3}, "e423d162": {"runs": 6, "balls": 20, "wickets": 0}, "eba6a852": {"runs": 11, "balls": 20, "wickets": 1}, "219cc59e": {"runs": 6, "balls": 13, "wickets": 1}, "cd143bca": {"runs": 3, "balls": 8, "wickets": 0}, "948beb1f": {"runs": 5, "balls": 21, "wickets": 1}, "64212089": {"runs": 1, "balls": 7, "wickets": 0}, "d26e0405": {"runs": 2, "balls": 6, "wickets": 0}, "6c6aca89": {"runs": 1, "balls": 19, "wickets": 1}, "fec369cd": {"runs": 11, "balls": 21, "wickets": 1}, "6c908ffc": {"runs": 0, "balls": 6, "wickets": 0}, "a77472dc": {"runs": 10, "balls": 6, "wickets": 0}, "43205dad": {"runs": 12, "balls": 14, "wickets": 1}, "93cad673": {"runs": 17, "balls": 16, "wickets": 1}, "9835bd79": {"runs": 0, "balls": 16, "wickets": 0}, "f2ab7a69": {"runs": 7, "balls": 19, "wickets": 0}, "74a274cc": {"runs": 0, "balls": 1, "wickets": 0}, "0164b064": {"runs": 0, "balls": 2, "wickets": 0}, "52c442e4": {"runs": 6, "balls": 28, "wickets": 1}, "5db1c288": {"runs": 7, "balls": 12, "wickets": 0}, "9679838c": {"runs": 5, "balls": 21, "wickets": 0}, "d48c0f40": {"runs": 0, "balls": 21, "wickets": 1}, "462d7c62": {"runs": 0, "balls": 3, "wickets": 0}, "f752db61": {"runs": 0, "balls": 10, "wickets": 0}, "9219eff0": {"runs": 2, "balls": 2, "wickets": 0}, "e871a7a1": {"runs": 0, "balls": 0, "wickets": 0}, "4c0f3806": {"runs": 4, "balls": 11, "wickets": 0}, "f40d24d9": {"runs": 0, "balls": 3, "wickets": 1}, "8596fe80": {"runs": 4, "balls": 13, "wickets": 1}, "0c7f11be": {"runs": 0, "balls": 6, "wickets": 0}, "03df7a25": {"runs": 4, "balls": 6, "wickets": 0}, "d99cc23a": {"runs": 11, "balls": 21, "wickets": 1}, "f19ccfad": {"runs": 0, "balls": 3, "wickets": 0}, "45ca0dc0": {"runs": 1, "balls": 2, "wickets": 0}, "9115974d": {"runs": 0, "balls": 4, "wickets": 0}, "ec33b21a": {"runs": 1, "balls": 2, "wickets": 0}, "fbdec8c0": {"runs": 3, "balls": 4, "wickets": 0}, "b5781ac3": {"runs": 0, "balls": 12, "wickets": 0}, "1a45b864": {"runs": 2, "balls": 18, "wickets": 0}, "fbd4f01f": {"runs": 0, "balls": 5, "wickets": 0}, "f1ba9ed7": {"runs": 4, "balls": 11, "wickets": 0}, "5da34add": {"runs": 9, "balls": 5, "wickets": 1}, "0126ff20": {"runs": 1, "balls": 6, "wickets": 0}, "1f1b4c89": {"runs": 10, "balls": 17, "wickets": 1}, "a4b810d0": {"runs": 3, "balls": 4, "wickets": 1}, "894b2d25": {"runs": 13, "balls": 9, "wickets": 1}, "19708692": {"runs": 16, "balls": 20, "wickets": 0}, "71440756": {"runs": 5, "balls": 3, "wickets": 0}, "9fd3a210": {"runs": 1, "balls": 9, "wickets": 1}, "27e60d6e": {"runs": 1, "balls": 3, "wickets": 1}, "01a95383": {"runs": 0, "balls": 4, "wickets": 0}, "a5735bd3": {"runs": 9, "balls": 10, "wickets": 0}, "5426de63": {"runs": 11, "balls": 14, "wickets": 1}, "38c276e1": {"runs": 17, "balls": 14, "wickets": 0}, "344c6d55": {"runs": 2, "balls": 6, "wickets": 0}, "54c2b697": {"runs": 15, "balls": 8, "wickets": 0}, "51e1ed69": {"runs": 0, "balls": 2, "wickets": 0}, "86b4bf88": {"runs": 0, "balls": 5, "wickets": 0}, "4557dc54": {"runs": 2, "balls": 2, "wickets": 0}, "63e1e352": {"runs": 0, "balls": 1, "wickets": 1}, "7d7233a9": {"runs": 7, "balls": 5, "wickets": 0}, "80e44dc5": {"runs": 6, "balls": 8, "wickets": 1}, "2ca9cf48": {"runs": 0, "balls": 2, "wickets": 0}, "2085e1fa": {"runs": 6, "balls": 11, "wickets": 1}, "660538af": {"runs": 0, "balls": 3, "wickets": 0}, "e36e9dd3": {"runs": 9, "balls": 12, "wickets": 0}, "bdd4bc21": {"runs": 12, "balls": 11, "wickets": 0}, "ed47cb25": {"runs": 15, "balls": 14, "wickets": 0}, "d3868bd0": {"runs": 1, "balls": 9, "wickets": 0}, "28217d89": {"runs": 10, "balls": 10, "wickets": 2}, "1d2f290a": {"runs": 5, "balls": 11, "wickets": 0}, "ad46c747": {"runs": 1, "balls": 3, "wickets": 0}, "adaf51be": {"runs": 0, "balls": 4, "wickets": 0}, "9e707e02": {"runs": 5, "balls": 4, "wickets": 0}, "f0a0204e": {"runs": 0, "balls": 7, "wickets": 1}, "c5f40e35": {"runs": 0, "balls": 7, "wickets": 0}, "34b37279": {"runs": 1, "balls": 7, "wickets": 0}, "ac3c3cab": {"runs": 0, "balls": 3, "wickets": 0}, "56b93d46": {"runs": 0, "balls": 2, "wickets": 1}, "ad212f96": {"runs": 1, "balls": 4, "wickets": 0}, "bdc0670a": {"runs": 1, "balls": 3, "wickets": 0}, "01561e94": {"runs": 1, "balls": 16, "wickets": 0}, "5eef2118": {"runs": 4, "balls": 5, "wickets": 2}, "a37b5c0a": {"runs": 5, "balls": 3, "wickets": 0}, "6ea2710f": {"runs": 1, "balls": 3, "wickets": 0}, "6ce9f3eb": {"runs": 0, "balls": 1, "wickets": 0}, "1d48795b": {"runs": 0, "balls": 4, "wickets": 0}, "3f61a062": {"runs": 0, "balls": 2, "wickets": 1}}, "fifties": 0, "thirties": 4, "centuries": 0, "maidens": 188.0, "hattricks": 20, "club_ODI_previous3_runs": [1.0, 0.0, 0.0], "club_ODI_previous3_wickets": [0.0, 0.0, 0.0], "club_ODI_previous3_balls played": [3.0, 2.0, 0.0], "club_ODI_previous3_overs": [10.0, 6.0, 1.0], "club_ODI_previous3_runs gave": [94.0, 35.0, 6.0], "club_ODI_lifetime_runs": 70.0, "club_ODI_lifetime_wickets": 26.0, "club_ODI_lifetime_balls played": 117.0, "club_ODI_lifetime_overs": 193.0, "club_ODI_lifetime_runs gave": 1111.0, "club_Test_previous3_runs": [0.0, 6.0, 10.0], "club_Test_previous3_wickets": [2.0, 0.0, 1.0], "club_Test_previous3_balls played": [2.0, 40.0, 14.0], "club_Test_previous3_overs": [22.833333333333332, 26.5, 14.833333333333334], "club_Test_previous3_runs gave": [127.0, 131.0, 92.0], "club_Test_lifetime_runs": 384.0, "club_Test_lifetime_wickets": 96.0, "club_Test_lifetime_balls played": 1032.0, "club_Test_lifetime_overs": 1218.333333333333, "club_Test_lifetime_runs gave": 4818.0, "club_T20_previous3_runs": [0.0, 0.0, 0.0], "club_T20_previous3_wickets": [3.0, 1.0, 0.0], "club_T20_previous3_balls played": [0.0, 0.0, 1.0], "club_T20_previous3_overs": [3.0, 2.0, 1.0], "club_T20_previous3_runs gave": [25.0, 24.0, 22.0], "club_T20_lifetime_runs": 7.0, "club_T20_lifetime_wickets": 13.0, "club_T20_lifetime_balls played": 8.0, "club_T20_lifetime_overs": 36.16666666666667, "club_T20_lifetime_runs gave": 413.0, "international_ODI_previous3_runs": [], "international_ODI_previous3_wickets": [], "international_ODI_previous3_balls played": [], "international_ODI_previous3_overs": [], "international_ODI_previous3_runs gave": [], "international_ODI_lifetime_runs": 0.0, "international_ODI_lifetime_wickets": 0.0, "international_ODI_lifetime_balls played": 0.0, "international_ODI_lifetime_overs": 0.0, "international_ODI_lifetime_runs gave": 0.0, "international_Test_previous3_runs": [], "international_Test_previous3_wickets": [], "international_Test_previous3_balls played": [], "international_Test_previous3_overs": [], "international_Test_previous3_runs gave": [], "international_Test_lifetime_runs": 0.0, "international_Test_lifetime_wickets": 0.0, "international_Test_lifetime_balls played": 0.0, "international_Test_lifetime_overs": 0.0, "international_Test_lifetime_runs gave": 0.0, "international_T20_previous3_runs": [], "international_T20_previous3_wickets": [], "international_T20_previous3_balls played": [], "international_T20_previous3_overs": [], "international_T20_previous3_runs gave": [], "international_T20_lifetime_runs": 0.0, "international_T20_lifetime_wickets": 0.0, "international_T20_lifetime_balls played": 0.0, "international_T20_lifetime_overs": 0.0, "international_T20_lifetime_runs gave": 0.0}