{"played_against": {"c26cd57a": {"runs": 1, "balls": 2, "wickets": 0}, "64775749": {"runs": 2, "balls": 3, "wickets": 0}, "1a2676c5": {"runs": 1, "balls": 1, "wickets": 0}}, "fifties": 0, "thirties": 0, "centuries": 0, "maidens": 2.0, "hattricks": 1, "club_ODI_previous3_runs": [], "club_ODI_previous3_wickets": [], "club_ODI_previous3_balls played": [], "club_ODI_previous3_overs": [], "club_ODI_previous3_runs gave": [], "club_ODI_lifetime_runs": 0.0, "club_ODI_lifetime_wickets": 0.0, "club_ODI_lifetime_balls played": 0.0, "club_ODI_lifetime_overs": 0.0, "club_ODI_lifetime_runs gave": 0.0, "club_Test_previous3_runs": [], "club_Test_previous3_wickets": [], "club_Test_previous3_balls played": [], "club_Test_previous3_overs": [], "club_Test_previous3_runs gave": [], "club_Test_lifetime_runs": 0.0, "club_Test_lifetime_wickets": 0.0, "club_Test_lifetime_balls played": 0.0, "club_Test_lifetime_overs": 0.0, "club_Test_lifetime_runs gave": 0.0, "club_T20_previous3_runs": [], "club_T20_previous3_wickets": [], "club_T20_previous3_balls played": [], "club_T20_previous3_overs": [], "club_T20_previous3_runs gave": [], "club_T20_lifetime_runs": 0.0, "club_T20_lifetime_wickets": 0.0, "club_T20_lifetime_balls played": 0.0, "club_T20_lifetime_overs": 0.0, "club_T20_lifetime_runs gave": 0.0, "international_ODI_previous3_runs": [0.0, 1.0], "international_ODI_previous3_wickets": [3.0, 1.0], "international_ODI_previous3_balls played": [0.0, 2.0], "international_ODI_previous3_overs": [8.0, 6.0], "international_ODI_previous3_runs gave": [27.0, 40.0], "international_ODI_lifetime_runs": 1.0, "international_ODI_lifetime_wickets": 4.0, "international_ODI_lifetime_balls played": 2.0, "international_ODI_lifetime_overs": 14.0, "international_ODI_lifetime_runs gave": 67.0, "international_Test_previous3_runs": [], "international_Test_previous3_wickets": [], "international_Test_previous3_balls played": [], "international_Test_previous3_overs": [], "international_Test_previous3_runs gave": [], "international_Test_lifetime_runs": 0.0, "international_Test_lifetime_wickets": 0.0, "international_Test_lifetime_balls played": 0.0, "international_Test_lifetime_overs": 0.0, "international_Test_lifetime_runs gave": 0.0, "international_T20_previous3_runs": [3.0], "international_T20_previous3_wickets": [0.0], "international_T20_previous3_balls played": [4.0], "international_T20_previous3_overs": [1.0], "international_T20_previous3_runs gave": [15.0], "international_T20_lifetime_runs": 3.0, "international_T20_lifetime_wickets": 0.0, "international_T20_lifetime_balls played": 4.0, "international_T20_lifetime_overs": 1.0, "international_T20_lifetime_runs gave": 15.0}