{"played_against": {"18ae55e4": {"runs": 0, "balls": 1, "wickets": 1}, "38702fb5": {"runs": 7, "balls": 3, "wickets": 0}, "5a970aab": {"runs": 1, "balls": 3, "wickets": 0}, "69caf2be": {"runs": 0, "balls": 6, "wickets": 1}, "780d1997": {"runs": 7, "balls": 6, "wickets": 0}, "397462b9": {"runs": 10, "balls": 11, "wickets": 1}, "a5dfcd4b": {"runs": 5, "balls": 16, "wickets": 0}, "847b4bdd": {"runs": 11, "balls": 10, "wickets": 0}, "49be2f58": {"runs": 19, "balls": 8, "wickets": 0}, "51e0e79f": {"runs": 0, "balls": 3, "wickets": 1}, "5fe3709e": {"runs": 1, "balls": 3, "wickets": 1}, "65a60be7": {"runs": 8, "balls": 9, "wickets": 0}}, "fifties": 0, "thirties": 1, "centuries": 0, "maidens": 1.0, "hattricks": 0, "club_ODI_previous3_runs": [], "club_ODI_previous3_wickets": [], "club_ODI_previous3_balls played": [], "club_ODI_previous3_overs": [], "club_ODI_previous3_runs gave": [], "club_ODI_lifetime_runs": 0.0, "club_ODI_lifetime_wickets": 0.0, "club_ODI_lifetime_balls played": 0.0, "club_ODI_lifetime_overs": 0.0, "club_ODI_lifetime_runs gave": 0.0, "club_Test_previous3_runs": [], "club_Test_previous3_wickets": [], "club_Test_previous3_balls played": [], "club_Test_previous3_overs": [], "club_Test_previous3_runs gave": [], "club_Test_lifetime_runs": 0.0, "club_Test_lifetime_wickets": 0.0, "club_Test_lifetime_balls played": 0.0, "club_Test_lifetime_overs": 0.0, "club_Test_lifetime_runs gave": 0.0, "club_T20_previous3_runs": [], "club_T20_previous3_wickets": [], "club_T20_previous3_balls played": [], "club_T20_previous3_overs": [], "club_T20_previous3_runs gave": [], "club_T20_lifetime_runs": 0.0, "club_T20_lifetime_wickets": 0.0, "club_T20_lifetime_balls played": 0.0, "club_T20_lifetime_overs": 0.0, "club_T20_lifetime_runs gave": 0.0, "international_ODI_previous3_runs": [52.0, 0.0, 9.0], "international_ODI_previous3_wickets": [1.0, 2.0, 0.0], "international_ODI_previous3_balls played": [51.0, 3.0, 12.0], "international_ODI_previous3_overs": [8.0, 10.0, 1.0], "international_ODI_previous3_runs gave": [42.0, 45.0, 12.0], "international_ODI_lifetime_runs": 69.0, "international_ODI_lifetime_wickets": 7.0, "international_ODI_lifetime_balls played": 79.0, "international_ODI_lifetime_overs": 39.0, "international_ODI_lifetime_runs gave": 175.0, "international_Test_previous3_runs": [], "international_Test_previous3_wickets": [], "international_Test_previous3_balls played": [], "international_Test_previous3_overs": [], "international_Test_previous3_runs gave": [], "international_Test_lifetime_runs": 0.0, "international_Test_lifetime_wickets": 0.0, "international_Test_lifetime_balls played": 0.0, "international_Test_lifetime_overs": 0.0, "international_Test_lifetime_runs gave": 0.0, "international_T20_previous3_runs": [], "international_T20_previous3_wickets": [], "international_T20_previous3_balls played": [], "international_T20_previous3_overs": [], "international_T20_previous3_runs gave": [], "international_T20_lifetime_runs": 0.0, "international_T20_lifetime_wickets": 0.0, "international_T20_lifetime_balls played": 0.0, "international_T20_lifetime_overs": 0.0, "international_T20_lifetime_runs gave": 0.0}