{"played_against": {"aac9f784": {"runs": 0, "balls": 1, "wickets": 0}, "b7a6a60b": {"runs": 0, "balls": 1, "wickets": 1}, "5a37ec26": {"runs": 2, "balls": 35, "wickets": 0}, "5b6d248a": {"runs": 0, "balls": 7, "wickets": 0}, "e86754b2": {"runs": 1, "balls": 7, "wickets": 0}, "2a0d5d4a": {"runs": 0, "balls": 15, "wickets": 0}, "18899e2b": {"runs": 0, "balls": 3, "wickets": 1}, "3f659464": {"runs": 3, "balls": 21, "wickets": 0}, "e22d3b5c": {"runs": 1, "balls": 14, "wickets": 1}, "e871a7a1": {"runs": 0, "balls": 2, "wickets": 0}, "fdb8ed0d": {"runs": 3, "balls": 2, "wickets": 0}, "ab474682": {"runs": 1, "balls": 2, "wickets": 0}, "59792462": {"runs": 0, "balls": 2, "wickets": 0}, "808f425a": {"runs": 1, "balls": 1, "wickets": 0}, "a7e8ff19": {"runs": 8, "balls": 16, "wickets": 0}, "b16cf2ec": {"runs": 1, "balls": 8, "wickets": 0}, "1427277f": {"runs": 3, "balls": 4, "wickets": 0}, "c5cc48bc": {"runs": 11, "balls": 10, "wickets": 0}, "450f6fa6": {"runs": 0, "balls": 7, "wickets": 1}, "eddf25bd": {"runs": 0, "balls": 3, "wickets": 0}, "aed5be04": {"runs": 25, "balls": 16, "wickets": 0}, "5fed6272": {"runs": 7, "balls": 8, "wickets": 0}, "f6c84b9f": {"runs": 0, "balls": 7, "wickets": 0}}, "fifties": 0, "thirties": 1, "centuries": 0, "maidens": 38.0, "hattricks": 7, "club_ODI_previous3_runs": [5.0, 0.0, 1.0], "club_ODI_previous3_wickets": [2.0, 1.0, 0.0], "club_ODI_previous3_balls played": [7.0, 0.0, 5.0], "club_ODI_previous3_overs": [6.833333333333333, 8.0, 10.0], "club_ODI_previous3_runs gave": [41.0, 73.0, 50.0], "club_ODI_lifetime_runs": 6.0, "club_ODI_lifetime_wickets": 5.0, "club_ODI_lifetime_balls played": 12.0, "club_ODI_lifetime_overs": 32.83333333333333, "club_ODI_lifetime_runs gave": 195.0, "club_Test_previous3_runs": [0.0, 0.0, 0.0], "club_Test_previous3_wickets": [0.0, 1.0, 3.0], "club_Test_previous3_balls played": [0.0, 9.0, 0.0], "club_Test_previous3_overs": [16.0, 22.0, 21.0], "club_Test_previous3_runs gave": [46.0, 96.0, 92.0], "club_Test_lifetime_runs": 61.0, "club_Test_lifetime_wickets": 25.0, "club_Test_lifetime_balls played": 181.0, "club_Test_lifetime_overs": 267.8333333333333, "club_Test_lifetime_runs gave": 1066.0, "club_T20_previous3_runs": [0.0, 0.0], "club_T20_previous3_wickets": [3.0, 1.0], "club_T20_previous3_balls played": [0.0, 0.0], "club_T20_previous3_overs": [4.0, 3.0], "club_T20_previous3_runs gave": [30.0, 39.0], "club_T20_lifetime_runs": 0.0, "club_T20_lifetime_wickets": 4.0, "club_T20_lifetime_balls played": 0.0, "club_T20_lifetime_overs": 7.0, "club_T20_lifetime_runs gave": 69.0, "international_ODI_previous3_runs": [], "international_ODI_previous3_wickets": [], "international_ODI_previous3_balls played": [], "international_ODI_previous3_overs": [], "international_ODI_previous3_runs gave": [], "international_ODI_lifetime_runs": 0.0, "international_ODI_lifetime_wickets": 0.0, "international_ODI_lifetime_balls played": 0.0, "international_ODI_lifetime_overs": 0.0, "international_ODI_lifetime_runs gave": 0.0, "international_Test_previous3_runs": [], "international_Test_previous3_wickets": [], "international_Test_previous3_balls played": [], "international_Test_previous3_overs": [], "international_Test_previous3_runs gave": [], "international_Test_lifetime_runs": 0.0, "international_Test_lifetime_wickets": 0.0, "international_Test_lifetime_balls played": 0.0, "international_Test_lifetime_overs": 0.0, "international_Test_lifetime_runs gave": 0.0, "international_T20_previous3_runs": [], "international_T20_previous3_wickets": [], "international_T20_previous3_balls played": [], "international_T20_previous3_overs": [], "international_T20_previous3_runs gave": [], "international_T20_lifetime_runs": 0.0, "international_T20_lifetime_wickets": 0.0, "international_T20_lifetime_balls played": 0.0, "international_T20_lifetime_overs": 0.0, "international_T20_lifetime_runs gave": 0.0}