{"played_against": {"fc4375ef": {"runs": 0, "balls": 3, "wickets": 0}, "7595b47f": {"runs": 2, "balls": 3, "wickets": 0}, "4557dc54": {"runs": 4, "balls": 2, "wickets": 0}, "8ce2080b": {"runs": 1, "balls": 2, "wickets": 0}, "782fb776": {"runs": 0, "balls": 1, "wickets": 0}}, "fifties": 0, "thirties": 0, "centuries": 0, "maidens": 0.0, "hattricks": 0, "club_ODI_previous3_runs": [], "club_ODI_previous3_wickets": [], "club_ODI_previous3_balls played": [], "club_ODI_previous3_overs": [], "club_ODI_previous3_runs gave": [], "club_ODI_lifetime_runs": 0.0, "club_ODI_lifetime_wickets": 0.0, "club_ODI_lifetime_balls played": 0.0, "club_ODI_lifetime_overs": 0.0, "club_ODI_lifetime_runs gave": 0.0, "club_Test_previous3_runs": [], "club_Test_previous3_wickets": [], "club_Test_previous3_balls played": [], "club_Test_previous3_overs": [], "club_Test_previous3_runs gave": [], "club_Test_lifetime_runs": 0.0, "club_Test_lifetime_wickets": 0.0, "club_Test_lifetime_balls played": 0.0, "club_Test_lifetime_overs": 0.0, "club_Test_lifetime_runs gave": 0.0, "club_T20_previous3_runs": [0.0, 0.0, 0.0], "club_T20_previous3_wickets": [0.0, 1.0, 1.0], "club_T20_previous3_balls played": [0.0, 0.0, 0.0], "club_T20_previous3_overs": [2.0, 4.0, 4.0], "club_T20_previous3_runs gave": [21.0, 19.0, 32.0], "club_T20_lifetime_runs": 0.0, "club_T20_lifetime_wickets": 4.0, "club_T20_lifetime_balls played": 0.0, "club_T20_lifetime_overs": 13.833333333333334, "club_T20_lifetime_runs gave": 105.0, "international_ODI_previous3_runs": [], "international_ODI_previous3_wickets": [], "international_ODI_previous3_balls played": [], "international_ODI_previous3_overs": [], "international_ODI_previous3_runs gave": [], "international_ODI_lifetime_runs": 0.0, "international_ODI_lifetime_wickets": 0.0, "international_ODI_lifetime_balls played": 0.0, "international_ODI_lifetime_overs": 0.0, "international_ODI_lifetime_runs gave": 0.0, "international_Test_previous3_runs": [], "international_Test_previous3_wickets": [], "international_Test_previous3_balls played": [], "international_Test_previous3_overs": [], "international_Test_previous3_runs gave": [], "international_Test_lifetime_runs": 0.0, "international_Test_lifetime_wickets": 0.0, "international_Test_lifetime_balls played": 0.0, "international_Test_lifetime_overs": 0.0, "international_Test_lifetime_runs gave": 0.0, "international_T20_previous3_runs": [7.0], "international_T20_previous3_wickets": [0.0], "international_T20_previous3_balls played": [13.0], "international_T20_previous3_overs": [2.0], "international_T20_previous3_runs gave": [11.0], "international_T20_lifetime_runs": 7.0, "international_T20_lifetime_wickets": 0.0, "international_T20_lifetime_balls played": 13.0, "international_T20_lifetime_overs": 2.0, "international_T20_lifetime_runs gave": 11.0}