{"played_against": {"8c95e2dd": {"runs": 4, "balls": 5, "wickets": 0}, "86ea6123": {"runs": 5, "balls": 4, "wickets": 0}, "d7af6207": {"runs": 7, "balls": 5, "wickets": 0}, "8a9320a1": {"runs": 13, "balls": 13, "wickets": 0}, "abbc06cf": {"runs": 0, "balls": 1, "wickets": 1}, "4393e047": {"runs": 4, "balls": 4, "wickets": 0}, "a96b36af": {"runs": 0, "balls": 1, "wickets": 0}, "49118dc7": {"runs": 13, "balls": 9, "wickets": 0}, "f4a0a615": {"runs": 2, "balls": 4, "wickets": 0}, "2af28253": {"runs": 11, "balls": 10, "wickets": 0}, "6cedad99": {"runs": 1, "balls": 6, "wickets": 0}, "7fa6bd8e": {"runs": 0, "balls": 1, "wickets": 1}, "6577a6ad": {"runs": 6, "balls": 12, "wickets": 0}, "ceec82cd": {"runs": 2, "balls": 7, "wickets": 0}, "4040951f": {"runs": 16, "balls": 7, "wickets": 0}, "68e7e8d5": {"runs": 4, "balls": 3, "wickets": 0}, "99bf1fb7": {"runs": 3, "balls": 6, "wickets": 1}, "89394502": {"runs": 2, "balls": 3, "wickets": 0}, "a4afc486": {"runs": 8, "balls": 7, "wickets": 1}, "5570c4c1": {"runs": 1, "balls": 5, "wickets": 0}, "b38a9f73": {"runs": 1, "balls": 1, "wickets": 0}, "3c13fc3b": {"runs": 0, "balls": 1, "wickets": 1}, "5b9b8d98": {"runs": 3, "balls": 6, "wickets": 1}, "5934e1b2": {"runs": 5, "balls": 8, "wickets": 0}, "8eb7c5a6": {"runs": 1, "balls": 1, "wickets": 0}, "b7abb123": {"runs": 0, "balls": 2, "wickets": 0}}, "fifties": 0, "thirties": 1, "centuries": 0, "maidens": 1.0, "hattricks": 1, "club_ODI_previous3_runs": [], "club_ODI_previous3_wickets": [], "club_ODI_previous3_balls played": [], "club_ODI_previous3_overs": [], "club_ODI_previous3_runs gave": [], "club_ODI_lifetime_runs": 0.0, "club_ODI_lifetime_wickets": 0.0, "club_ODI_lifetime_balls played": 0.0, "club_ODI_lifetime_overs": 0.0, "club_ODI_lifetime_runs gave": 0.0, "club_Test_previous3_runs": [], "club_Test_previous3_wickets": [], "club_Test_previous3_balls played": [], "club_Test_previous3_overs": [], "club_Test_previous3_runs gave": [], "club_Test_lifetime_runs": 0.0, "club_Test_lifetime_wickets": 0.0, "club_Test_lifetime_balls played": 0.0, "club_Test_lifetime_overs": 0.0, "club_Test_lifetime_runs gave": 0.0, "club_T20_previous3_runs": [], "club_T20_previous3_wickets": [], "club_T20_previous3_balls played": [], "club_T20_previous3_overs": [], "club_T20_previous3_runs gave": [], "club_T20_lifetime_runs": 0.0, "club_T20_lifetime_wickets": 0.0, "club_T20_lifetime_balls played": 0.0, "club_T20_lifetime_overs": 0.0, "club_T20_lifetime_runs gave": 0.0, "international_ODI_previous3_runs": [], "international_ODI_previous3_wickets": [], "international_ODI_previous3_balls played": [], "international_ODI_previous3_overs": [], "international_ODI_previous3_runs gave": [], "international_ODI_lifetime_runs": 0.0, "international_ODI_lifetime_wickets": 0.0, "international_ODI_lifetime_balls played": 0.0, "international_ODI_lifetime_overs": 0.0, "international_ODI_lifetime_runs gave": 0.0, "international_Test_previous3_runs": [], "international_Test_previous3_wickets": [], "international_Test_previous3_balls played": [], "international_Test_previous3_overs": [], "international_Test_previous3_runs gave": [], "international_Test_lifetime_runs": 0.0, "international_Test_lifetime_wickets": 0.0, "international_Test_lifetime_balls played": 0.0, "international_Test_lifetime_overs": 0.0, "international_Test_lifetime_runs gave": 0.0, "international_T20_previous3_runs": [1.0, 17.0, 0.0], "international_T20_previous3_wickets": [1.0, 5.0, 1.0], "international_T20_previous3_balls played": [2.0, 22.0, 2.0], "international_T20_previous3_overs": [4.0, 4.0, 2.0], "international_T20_previous3_runs gave": [22.0, 18.0, 10.0], "international_T20_lifetime_runs": 112.0, "international_T20_lifetime_wickets": 15.0, "international_T20_lifetime_balls played": 133.0, "international_T20_lifetime_overs": 27.833333333333336, "international_T20_lifetime_runs gave": 237.0}