{"played_against": {"b17d629e": {"runs": 13, "balls": 13, "wickets": 0}, "6e723897": {"runs": 17, "balls": 12, "wickets": 0}, "663ad386": {"runs": 5, "balls": 10, "wickets": 0}, "82af7861": {"runs": 5, "balls": 4, "wickets": 0}, "83b5f6f6": {"runs": 8, "balls": 8, "wickets": 0}, "74571ec4": {"runs": 3, "balls": 4, "wickets": 1}, "027662be": {"runs": 6, "balls": 8, "wickets": 0}, "41acc8bf": {"runs": 11, "balls": 8, "wickets": 0}, "c51c4c22": {"runs": 0, "balls": 1, "wickets": 0}, "5ef3c310": {"runs": 1, "balls": 1, "wickets": 0}, "eee46f77": {"runs": 0, "balls": 3, "wickets": 1}, "ef141f36": {"runs": 3, "balls": 2, "wickets": 0}, "28b032ac": {"runs": 14, "balls": 11, "wickets": 0}, "28b99edd": {"runs": 10, "balls": 8, "wickets": 0}, "007113d7": {"runs": 5, "balls": 5, "wickets": 1}, "3b4a8cfb": {"runs": 34, "balls": 33, "wickets": 1}, "9e51462f": {"runs": 36, "balls": 20, "wickets": 0}, "8e9d3dc4": {"runs": 35, "balls": 29, "wickets": 1}, "f83b77f9": {"runs": 10, "balls": 10, "wickets": 1}, "9960a421": {"runs": 11, "balls": 8, "wickets": 0}, "540ef551": {"runs": 4, "balls": 5, "wickets": 0}, "1c1bb0d5": {"runs": 10, "balls": 10, "wickets": 1}, "2dfe0612": {"runs": 1, "balls": 4, "wickets": 0}, "cfcf189f": {"runs": 3, "balls": 6, "wickets": 0}, "baa7dd37": {"runs": 1, "balls": 3, "wickets": 0}, "46821fbd": {"runs": 6, "balls": 7, "wickets": 0}, "5de198db": {"runs": 11, "balls": 13, "wickets": 0}, "711e73ac": {"runs": 2, "balls": 3, "wickets": 0}, "f1c4f2ea": {"runs": 5, "balls": 4, "wickets": 0}, "14157abf": {"runs": 5, "balls": 4, "wickets": 0}, "dae28050": {"runs": 4, "balls": 3, "wickets": 0}, "e1824e7d": {"runs": 3, "balls": 4, "wickets": 1}, "6a63c29c": {"runs": 0, "balls": 1, "wickets": 1}, "11406bad": {"runs": 10, "balls": 10, "wickets": 0}, "96013995": {"runs": 3, "balls": 1, "wickets": 0}, "ec201565": {"runs": 0, "balls": 0, "wickets": 0}, "cae17490": {"runs": 1, "balls": 2, "wickets": 0}, "42151725": {"runs": 0, "balls": 2, "wickets": 0}, "0e56c514": {"runs": 0, "balls": 1, "wickets": 0}, "818aef9a": {"runs": 0, "balls": 1, "wickets": 1}, "ec483176": {"runs": 13, "balls": 11, "wickets": 0}, "eb0f2802": {"runs": 2, "balls": 2, "wickets": 0}, "0fa81719": {"runs": 3, "balls": 4, "wickets": 0}, "dc1dd6c4": {"runs": 1, "balls": 2, "wickets": 0}, "692d4cbe": {"runs": 9, "balls": 4, "wickets": 0}, "6b96bebf": {"runs": 5, "balls": 3, "wickets": 0}}, "fifties": 0, "thirties": 5, "centuries": 0, "maidens": 0.0, "hattricks": 3, "club_ODI_previous3_runs": [], "club_ODI_previous3_wickets": [], "club_ODI_previous3_balls played": [], "club_ODI_previous3_overs": [], "club_ODI_previous3_runs gave": [], "club_ODI_lifetime_runs": 0.0, "club_ODI_lifetime_wickets": 0.0, "club_ODI_lifetime_balls played": 0.0, "club_ODI_lifetime_overs": 0.0, "club_ODI_lifetime_runs gave": 0.0, "club_Test_previous3_runs": [], "club_Test_previous3_wickets": [], "club_Test_previous3_balls played": [], "club_Test_previous3_overs": [], "club_Test_previous3_runs gave": [], "club_Test_lifetime_runs": 0.0, "club_Test_lifetime_wickets": 0.0, "club_Test_lifetime_balls played": 0.0, "club_Test_lifetime_overs": 0.0, "club_Test_lifetime_runs gave": 0.0, "club_T20_previous3_runs": [], "club_T20_previous3_wickets": [], "club_T20_previous3_balls played": [], "club_T20_previous3_overs": [], "club_T20_previous3_runs gave": [], "club_T20_lifetime_runs": 0.0, "club_T20_lifetime_wickets": 0.0, "club_T20_lifetime_balls played": 0.0, "club_T20_lifetime_overs": 0.0, "club_T20_lifetime_runs gave": 0.0, "international_ODI_previous3_runs": [51.0], "international_ODI_previous3_wickets": [1.0], "international_ODI_previous3_balls played": [51.0], "international_ODI_previous3_overs": [10.0], "international_ODI_previous3_runs gave": [64.0], "international_ODI_lifetime_runs": 51.0, "international_ODI_lifetime_wickets": 1.0, "international_ODI_lifetime_balls played": 51.0, "international_ODI_lifetime_overs": 10.0, "international_ODI_lifetime_runs gave": 64.0, "international_Test_previous3_runs": [], "international_Test_previous3_wickets": [], "international_Test_previous3_balls played": [], "international_Test_previous3_overs": [], "international_Test_previous3_runs gave": [], "international_Test_lifetime_runs": 0.0, "international_Test_lifetime_wickets": 0.0, "international_Test_lifetime_balls played": 0.0, "international_Test_lifetime_overs": 0.0, "international_Test_lifetime_runs gave": 0.0, "international_T20_previous3_runs": [1.0, 0.0, 33.0], "international_T20_previous3_wickets": [3.0, 0.0, 2.0], "international_T20_previous3_balls played": [5.0, 1.0, 26.0], "international_T20_previous3_overs": [4.0, 2.0, 4.0], "international_T20_previous3_runs gave": [33.0, 4.0, 27.0], "international_T20_lifetime_runs": 278.0, "international_T20_lifetime_wickets": 15.0, "international_T20_lifetime_balls played": 259.0, "international_T20_lifetime_overs": 32.0, "international_T20_lifetime_runs gave": 217.0}