{"played_against": {"ef503cfe": {"runs": 1, "balls": 1, "wickets": 0}, "dd14abf5": {"runs": 3, "balls": 6, "wickets": 0}, "42581e6d": {"runs": 3, "balls": 3, "wickets": 0}, "f49c401e": {"runs": 1, "balls": 1, "wickets": 0}, "1021b6e5": {"runs": 2, "balls": 3, "wickets": 0}, "190957d2": {"runs": 21, "balls": 20, "wickets": 1}, "a62f55ba": {"runs": 9, "balls": 4, "wickets": 0}, "4d7c5b56": {"runs": 5, "balls": 10, "wickets": 1}, "f0a45427": {"runs": 1, "balls": 1, "wickets": 0}, "9f2be73d": {"runs": 1, "balls": 3, "wickets": 0}, "cbd91942": {"runs": 2, "balls": 2, "wickets": 1}}, "fifties": 0, "thirties": 0, "centuries": 0, "maidens": 0.0, "hattricks": 1, "club_ODI_previous3_runs": [], "club_ODI_previous3_wickets": [], "club_ODI_previous3_balls played": [], "club_ODI_previous3_overs": [], "club_ODI_previous3_runs gave": [], "club_ODI_lifetime_runs": 0.0, "club_ODI_lifetime_wickets": 0.0, "club_ODI_lifetime_balls played": 0.0, "club_ODI_lifetime_overs": 0.0, "club_ODI_lifetime_runs gave": 0.0, "club_Test_previous3_runs": [], "club_Test_previous3_wickets": [], "club_Test_previous3_balls played": [], "club_Test_previous3_overs": [], "club_Test_previous3_runs gave": [], "club_Test_lifetime_runs": 0.0, "club_Test_lifetime_wickets": 0.0, "club_Test_lifetime_balls played": 0.0, "club_Test_lifetime_overs": 0.0, "club_Test_lifetime_runs gave": 0.0, "club_T20_previous3_runs": [], "club_T20_previous3_wickets": [], "club_T20_previous3_balls played": [], "club_T20_previous3_overs": [], "club_T20_previous3_runs gave": [], "club_T20_lifetime_runs": 0.0, "club_T20_lifetime_wickets": 0.0, "club_T20_lifetime_balls played": 0.0, "club_T20_lifetime_overs": 0.0, "club_T20_lifetime_runs gave": 0.0, "international_ODI_previous3_runs": [], "international_ODI_previous3_wickets": [], "international_ODI_previous3_balls played": [], "international_ODI_previous3_overs": [], "international_ODI_previous3_runs gave": [], "international_ODI_lifetime_runs": 0.0, "international_ODI_lifetime_wickets": 0.0, "international_ODI_lifetime_balls played": 0.0, "international_ODI_lifetime_overs": 0.0, "international_ODI_lifetime_runs gave": 0.0, "international_Test_previous3_runs": [], "international_Test_previous3_wickets": [], "international_Test_previous3_balls played": [], "international_Test_previous3_overs": [], "international_Test_previous3_runs gave": [], "international_Test_lifetime_runs": 0.0, "international_Test_lifetime_wickets": 0.0, "international_Test_lifetime_balls played": 0.0, "international_Test_lifetime_overs": 0.0, "international_Test_lifetime_runs gave": 0.0, "international_T20_previous3_runs": [3.0, 12.0, 0.0], "international_T20_previous3_wickets": [0.0, 2.0, 1.0], "international_T20_previous3_balls played": [5.0, 14.0, 0.0], "international_T20_previous3_overs": [2.0, 3.8333333333333335, 4.0], "international_T20_previous3_runs gave": [18.0, 19.0, 17.0], "international_T20_lifetime_runs": 49.0, "international_T20_lifetime_wickets": 14.0, "international_T20_lifetime_balls played": 54.0, "international_T20_lifetime_overs": 38.833333333333336, "international_T20_lifetime_runs gave": 259.0}