{"played_against": {"18ae55e4": {"runs": 3, "balls": 7, "wickets": 0}, "b7f70e36": {"runs": 3, "balls": 3, "wickets": 0}, "a5dfcd4b": {"runs": 1, "balls": 1, "wickets": 0}, "49be2f58": {"runs": 3, "balls": 6, "wickets": 0}, "780d1997": {"runs": 1, "balls": 3, "wickets": 0}, "51e0e79f": {"runs": 2, "balls": 9, "wickets": 0}, "abee08c7": {"runs": 1, "balls": 6, "wickets": 0}, "0c8e89cc": {"runs": 5, "balls": 5, "wickets": 0}, "2765b981": {"runs": 0, "balls": 2, "wickets": 1}, "5fe3709e": {"runs": 7, "balls": 6, "wickets": 0}, "65a60be7": {"runs": 5, "balls": 4, "wickets": 0}, "98614193": {"runs": 1, "balls": 1, "wickets": 0}, "c6614fc0": {"runs": 3, "balls": 4, "wickets": 0}}, "fifties": 0, "thirties": 0, "centuries": 0, "maidens": 2.0, "hattricks": 0, "club_ODI_previous3_runs": [], "club_ODI_previous3_wickets": [], "club_ODI_previous3_balls played": [], "club_ODI_previous3_overs": [], "club_ODI_previous3_runs gave": [], "club_ODI_lifetime_runs": 0.0, "club_ODI_lifetime_wickets": 0.0, "club_ODI_lifetime_balls played": 0.0, "club_ODI_lifetime_overs": 0.0, "club_ODI_lifetime_runs gave": 0.0, "club_Test_previous3_runs": [], "club_Test_previous3_wickets": [], "club_Test_previous3_balls played": [], "club_Test_previous3_overs": [], "club_Test_previous3_runs gave": [], "club_Test_lifetime_runs": 0.0, "club_Test_lifetime_wickets": 0.0, "club_Test_lifetime_balls played": 0.0, "club_Test_lifetime_overs": 0.0, "club_Test_lifetime_runs gave": 0.0, "club_T20_previous3_runs": [], "club_T20_previous3_wickets": [], "club_T20_previous3_balls played": [], "club_T20_previous3_overs": [], "club_T20_previous3_runs gave": [], "club_T20_lifetime_runs": 0.0, "club_T20_lifetime_wickets": 0.0, "club_T20_lifetime_balls played": 0.0, "club_T20_lifetime_overs": 0.0, "club_T20_lifetime_runs gave": 0.0, "international_ODI_previous3_runs": [5.0, 8.0, 16.0], "international_ODI_previous3_wickets": [0.0, 0.0, 1.0], "international_ODI_previous3_balls played": [10.0, 22.0, 15.0], "international_ODI_previous3_overs": [6.166666666666667, 3.0, 2.1666666666666665], "international_ODI_previous3_runs gave": [35.0, 12.0, 8.0], "international_ODI_lifetime_runs": 35.0, "international_ODI_lifetime_wickets": 1.0, "international_ODI_lifetime_balls played": 57.0, "international_ODI_lifetime_overs": 21.333333333333336, "international_ODI_lifetime_runs gave": 87.0, "international_Test_previous3_runs": [], "international_Test_previous3_wickets": [], "international_Test_previous3_balls played": [], "international_Test_previous3_overs": [], "international_Test_previous3_runs gave": [], "international_Test_lifetime_runs": 0.0, "international_Test_lifetime_wickets": 0.0, "international_Test_lifetime_balls played": 0.0, "international_Test_lifetime_overs": 0.0, "international_Test_lifetime_runs gave": 0.0, "international_T20_previous3_runs": [], "international_T20_previous3_wickets": [], "international_T20_previous3_balls played": [], "international_T20_previous3_overs": [], "international_T20_previous3_runs gave": [], "international_T20_lifetime_runs": 0.0, "international_T20_lifetime_wickets": 0.0, "international_T20_lifetime_balls played": 0.0, "international_T20_lifetime_overs": 0.0, "international_T20_lifetime_runs gave": 0.0}