{"played_against": {"d027ba9f": {"runs": 18, "balls": 32, "wickets": 0}, "249d60c9": {"runs": 57, "balls": 82, "wickets": 0}, "70b8fd28": {"runs": 31, "balls": 36, "wickets": 0}, "b21ed464": {"runs": 38, "balls": 48, "wickets": 0}, "8bf61e65": {"runs": 81, "balls": 79, "wickets": 1}, "9dca07d7": {"runs": 26, "balls": 32, "wickets": 0}, "9a963804": {"runs": 22, "balls": 21, "wickets": 2}, "e737a5fe": {"runs": 83, "balls": 99, "wickets": 3}, "c1f6c27e": {"runs": 49, "balls": 51, "wickets": 1}, "c3ce33a2": {"runs": 17, "balls": 7, "wickets": 0}, "dd17e4bc": {"runs": 9, "balls": 34, "wickets": 1}, "9bab2b81": {"runs": 24, "balls": 45, "wickets": 0}, "ffe699c0": {"runs": 49, "balls": 56, "wickets": 5}, "6fe2c1c0": {"runs": 4, "balls": 6, "wickets": 0}, "18fac429": {"runs": 50, "balls": 50, "wickets": 1}, "0e0d43b4": {"runs": 40, "balls": 48, "wickets": 0}, "9a158001": {"runs": 15, "balls": 11, "wickets": 0}, "7be8a0ed": {"runs": 75, "balls": 61, "wickets": 2}, "611926bc": {"runs": 1, "balls": 1, "wickets": 0}, "8db7f47f": {"runs": 23, "balls": 13, "wickets": 0}, "b20f423b": {"runs": 13, "balls": 15, "wickets": 0}, "6355d428": {"runs": 13, "balls": 10, "wickets": 1}, "3f659464": {"runs": 14, "balls": 14, "wickets": 1}, "6b0c3a20": {"runs": 14, "balls": 24, "wickets": 0}, "7f048519": {"runs": 22, "balls": 28, "wickets": 1}, "2a0d5d4a": {"runs": 9, "balls": 15, "wickets": 0}, "ddcd1520": {"runs": 8, "balls": 14, "wickets": 0}, "bca21d18": {"runs": 41, "balls": 31, "wickets": 3}, "a386e91b": {"runs": 16, "balls": 13, "wickets": 0}, "fa92fc48": {"runs": 9, "balls": 11, "wickets": 0}, "51e1ed69": {"runs": 19, "balls": 17, "wickets": 0}, "8479a24a": {"runs": 19, "balls": 14, "wickets": 0}, "012829ff": {"runs": 20, "balls": 22, "wickets": 1}, "e423d162": {"runs": 38, "balls": 46, "wickets": 0}, "3d0ed2f9": {"runs": 62, "balls": 60, "wickets": 4}, "e412cb64": {"runs": 64, "balls": 44, "wickets": 2}, "15101f12": {"runs": 47, "balls": 34, "wickets": 4}, "49b6c09f": {"runs": 20, "balls": 12, "wickets": 0}, "9395f98e": {"runs": 38, "balls": 19, "wickets": 0}, "1179469b": {"runs": 9, "balls": 10, "wickets": 2}, "c6a9148d": {"runs": 2, "balls": 3, "wickets": 0}, "5b3acc53": {"runs": 6, "balls": 8, "wickets": 1}, "fea7a34c": {"runs": 11, "balls": 6, "wickets": 0}, "3cf5ae43": {"runs": 5, "balls": 6, "wickets": 2}, "aac9f784": {"runs": 7, "balls": 6, "wickets": 0}, "450f6fa6": {"runs": 42, "balls": 30, "wickets": 1}, "151d88b3": {"runs": 3, "balls": 8, "wickets": 1}, "f5821615": {"runs": 47, "balls": 77, "wickets": 1}, "8728a058": {"runs": 42, "balls": 60, "wickets": 3}, "561f3a34": {"runs": 9, "balls": 10, "wickets": 1}, "e0ac7144": {"runs": 25, "balls": 85, "wickets": 3}, "7b1e20ea": {"runs": 23, "balls": 38, "wickets": 0}, "26ff4c29": {"runs": 10, "balls": 7, "wickets": 0}, "1a88bdd3": {"runs": 5, "balls": 5, "wickets": 0}, "f1ba9ed7": {"runs": 62, "balls": 64, "wickets": 1}, "ccdd8308": {"runs": 39, "balls": 27, "wickets": 1}, "c89474d1": {"runs": 99, "balls": 167, "wickets": 2}, "dc670143": {"runs": 4, "balls": 6, "wickets": 0}, "e91de70e": {"runs": 45, "balls": 95, "wickets": 3}, "cd143bca": {"runs": 12, "balls": 25, "wickets": 1}, "4c4fa80b": {"runs": 14, "balls": 22, "wickets": 0}, "5db1c288": {"runs": 18, "balls": 25, "wickets": 1}, "70fdd428": {"runs": 2, "balls": 27, "wickets": 1}, "dc36a6a5": {"runs": 0, "balls": 3, "wickets": 0}, "d346d939": {"runs": 4, "balls": 5, "wickets": 0}, "65b6943c": {"runs": 22, "balls": 35, "wickets": 1}, "cfe70281": {"runs": 8, "balls": 33, "wickets": 0}, "7ca5e05d": {"runs": 27, "balls": 30, "wickets": 1}, "71440756": {"runs": 10, "balls": 36, "wickets": 1}, "5da34add": {"runs": 42, "balls": 31, "wickets": 1}, "dda5aae5": {"runs": 41, "balls": 36, "wickets": 1}, "556302a7": {"runs": 4, "balls": 16, "wickets": 0}, "58822938": {"runs": 1, "balls": 3, "wickets": 0}, "4a461c24": {"runs": 105, "balls": 140, "wickets": 2}, "42151725": {"runs": 34, "balls": 39, "wickets": 3}, "bc773eeb": {"runs": 5, "balls": 4, "wickets": 0}, "0f3ee070": {"runs": 7, "balls": 17, "wickets": 1}, "1957c6b7": {"runs": 14, "balls": 60, "wickets": 1}, "4c239537": {"runs": 11, "balls": 26, "wickets": 0}, "6f049d41": {"runs": 1, "balls": 5, "wickets": 0}, "cf73ad76": {"runs": 33, "balls": 60, "wickets": 0}, "e94915e6": {"runs": 38, "balls": 32, "wickets": 2}, "e86754b2": {"runs": 49, "balls": 37, "wickets": 2}, "ad962377": {"runs": 1, "balls": 3, "wickets": 0}, "f3abd0c9": {"runs": 70, "balls": 73, "wickets": 0}, "f0a0204e": {"runs": 68, "balls": 100, "wickets": 2}, "d4c9b75a": {"runs": 4, "balls": 2, "wickets": 1}, "02b93a83": {"runs": 7, "balls": 16, "wickets": 1}, "0bec3a6c": {"runs": 92, "balls": 85, "wickets": 2}, "5fed6272": {"runs": 54, "balls": 74, "wickets": 1}, "6c79c098": {"runs": 120, "balls": 82, "wickets": 7}, "0a12e736": {"runs": 89, "balls": 108, "wickets": 0}, "1ad0b441": {"runs": 15, "balls": 17, "wickets": 0}, "ce24059d": {"runs": 1, "balls": 2, "wickets": 0}, "58043739": {"runs": 67, "balls": 99, "wickets": 2}, "cad40f5e": {"runs": 7, "balls": 16, "wickets": 0}, "5ac8f17b": {"runs": 79, "balls": 99, "wickets": 0}, "d68e7f48": {"runs": 15, "balls": 13, "wickets": 1}, "1427277f": {"runs": 6, "balls": 11, "wickets": 0}, "ac7fa28f": {"runs": 1, "balls": 2, "wickets": 0}, "4c5d73db": {"runs": 36, "balls": 59, "wickets": 1}, "29b89ae8": {"runs": 9, "balls": 9, "wickets": 0}, "6c6aca89": {"runs": 100, "balls": 134, "wickets": 4}, "864c199e": {"runs": 8, "balls": 16, "wickets": 0}, "aa8d28ae": {"runs": 27, "balls": 10, "wickets": 0}, "98eacfe5": {"runs": 15, "balls": 17, "wickets": 0}, "a73321d3": {"runs": 3, "balls": 5, "wickets": 1}, "61a9ce31": {"runs": 16, "balls": 5, "wickets": 0}, "b082d112": {"runs": 19, "balls": 10, "wickets": 0}, "b3118300": {"runs": 9, "balls": 7, "wickets": 0}, "10435ca2": {"runs": 1, "balls": 2, "wickets": 0}, "87e562a9": {"runs": 25, "balls": 13, "wickets": 0}, "7c7d63a2": {"runs": 13, "balls": 11, "wickets": 1}, "01a95383": {"runs": 75, "balls": 69, "wickets": 2}, "ee0c05c0": {"runs": 34, "balls": 29, "wickets": 2}, "db767b89": {"runs": 6, "balls": 15, "wickets": 0}, "c654af19": {"runs": 36, "balls": 60, "wickets": 0}, "fb66ce1f": {"runs": 13, "balls": 7, "wickets": 0}, "acee4cc4": {"runs": 18, "balls": 21, "wickets": 2}, "addfb70e": {"runs": 3, "balls": 4, "wickets": 0}, "c995d726": {"runs": 4, "balls": 7, "wickets": 0}, "42537f07": {"runs": 7, "balls": 4, "wickets": 0}, "1a45b864": {"runs": 11, "balls": 9, "wickets": 0}, "d99cc23a": {"runs": 19, "balls": 11, "wickets": 0}, "ad212f96": {"runs": 70, "balls": 75, "wickets": 1}, "cf494ffe": {"runs": 11, "balls": 15, "wickets": 1}, "3f61a062": {"runs": 73, "balls": 88, "wickets": 2}, "75223da4": {"runs": 5, "balls": 7, "wickets": 0}, "bbbb7f1e": {"runs": 2, "balls": 2, "wickets": 0}, "b9877635": {"runs": 35, "balls": 65, "wickets": 1}, "6c908ffc": {"runs": 6, "balls": 22, "wickets": 0}, "b3544c5d": {"runs": 11, "balls": 17, "wickets": 1}, "23638956": {"runs": 111, "balls": 163, "wickets": 3}, "78adc879": {"runs": 28, "balls": 68, "wickets": 3}, "07c8a2f4": {"runs": 0, "balls": 2, "wickets": 0}, "c672e80e": {"runs": 52, "balls": 78, "wickets": 1}, "eb9cb105": {"runs": 4, "balls": 5, "wickets": 0}, "74a274cc": {"runs": 93, "balls": 104, "wickets": 3}, "eba6a852": {"runs": 17, "balls": 10, "wickets": 2}, "4167f30b": {"runs": 25, "balls": 38, "wickets": 0}, "a9da7784": {"runs": 126, "balls": 153, "wickets": 5}, "a37b5c0a": {"runs": 8, "balls": 31, "wickets": 1}, "4ae1755b": {"runs": 25, "balls": 19, "wickets": 0}, "97e434a6": {"runs": 1, "balls": 1, "wickets": 0}, "e174dadd": {"runs": 25, "balls": 20, "wickets": 1}, "57590dbb": {"runs": 28, "balls": 14, "wickets": 2}, "13c35c9e": {"runs": 33, "balls": 19, "wickets": 2}, "9219eff0": {"runs": 17, "balls": 12, "wickets": 2}, "5574750c": {"runs": 15, "balls": 14, "wickets": 1}, "be869ccf": {"runs": 1, "balls": 3, "wickets": 1}, "e5652e3d": {"runs": 2, "balls": 2, "wickets": 0}, "350bb1b1": {"runs": 13, "balls": 8, "wickets": 0}, "a510bdd3": {"runs": 64, "balls": 78, "wickets": 2}, "a4b810d0": {"runs": 18, "balls": 30, "wickets": 0}, "d12143bf": {"runs": 24, "balls": 64, "wickets": 0}, "19708692": {"runs": 16, "balls": 30, "wickets": 0}, "f048bb41": {"runs": 8, "balls": 7, "wickets": 1}, "a7c226e1": {"runs": 29, "balls": 34, "wickets": 2}, "025a092b": {"runs": 10, "balls": 15, "wickets": 0}, "43205dad": {"runs": 16, "balls": 16, "wickets": 0}, "e84ac20c": {"runs": 2, "balls": 9, "wickets": 0}, "bdadf7da": {"runs": 5, "balls": 5, "wickets": 0}, "3dd30077": {"runs": 3, "balls": 2, "wickets": 0}, "8fd1a8f5": {"runs": 10, "balls": 15, "wickets": 0}, "3dcd1e8d": {"runs": 21, "balls": 18, "wickets": 1}, "1ca7c00f": {"runs": 8, "balls": 8, "wickets": 1}, "97905e64": {"runs": 29, "balls": 28, "wickets": 1}, "5bb5a915": {"runs": 36, "balls": 55, "wickets": 1}, "ea3d687a": {"runs": 5, "balls": 14, "wickets": 0}, "679cd31e": {"runs": 17, "balls": 35, "wickets": 0}, "5b6d248a": {"runs": 38, "balls": 79, "wickets": 2}, "25a42048": {"runs": 0, "balls": 1, "wickets": 0}, "e342e5fb": {"runs": 17, "balls": 17, "wickets": 1}, "6a2fadd0": {"runs": 4, "balls": 3, "wickets": 0}, "7cdecc31": {"runs": 15, "balls": 7, "wickets": 0}, "a2421394": {"runs": 8, "balls": 5, "wickets": 0}, "978bd738": {"runs": 1, "balls": 2, "wickets": 0}, "1cfac535": {"runs": 31, "balls": 15, "wickets": 2}, "5f547c8b": {"runs": 0, "balls": 3, "wickets": 1}, "bd93fea4": {"runs": 31, "balls": 41, "wickets": 4}, "641ac5ff": {"runs": 12, "balls": 8, "wickets": 0}, "2a2e6343": {"runs": 36, "balls": 15, "wickets": 0}, "b82e3032": {"runs": 13, "balls": 11, "wickets": 0}, "8f2dfebf": {"runs": 25, "balls": 18, "wickets": 0}, "f2ab7a69": {"runs": 12, "balls": 5, "wickets": 0}, "0b60eb09": {"runs": 56, "balls": 87, "wickets": 1}, "50c6bc2b": {"runs": 10, "balls": 9, "wickets": 0}, "fa433be6": {"runs": 5, "balls": 7, "wickets": 2}, "d4eef961": {"runs": 12, "balls": 12, "wickets": 1}, "cb1a782a": {"runs": 12, "balls": 7, "wickets": 0}, "4b685e2d": {"runs": 49, "balls": 78, "wickets": 0}, "33085ffb": {"runs": 14, "balls": 7, "wickets": 0}, "5ccdb14f": {"runs": 47, "balls": 27, "wickets": 0}, "3a60e0b5": {"runs": 10, "balls": 6, "wickets": 0}, "2085e1fa": {"runs": 26, "balls": 50, "wickets": 0}, "f54dbda7": {"runs": 29, "balls": 35, "wickets": 0}, "85ebf2be": {"runs": 12, "balls": 36, "wickets": 1}, "eab74985": {"runs": 10, "balls": 17, "wickets": 1}, "2223b920": {"runs": 43, "balls": 75, "wickets": 0}, "495d42a5": {"runs": 6, "balls": 22, "wickets": 0}, "d48c0f40": {"runs": 7, "balls": 10, "wickets": 1}, "245c97cb": {"runs": 27, "balls": 16, "wickets": 2}, "819ae1ad": {"runs": 11, "balls": 15, "wickets": 0}, "e4a0deae": {"runs": 8, "balls": 7, "wickets": 1}, "2f9d0389": {"runs": 1, "balls": 3, "wickets": 1}, "3f5f39cd": {"runs": 11, "balls": 5, "wickets": 2}, "bf1d7d3e": {"runs": 2, "balls": 3, "wickets": 0}, "b08252b8": {"runs": 4, "balls": 4, "wickets": 0}, "f56cd097": {"runs": 15, "balls": 10, "wickets": 0}, "0b7363da": {"runs": 6, "balls": 7, "wickets": 1}, "4d9f9686": {"runs": 7, "balls": 4, "wickets": 0}, "3ff033bb": {"runs": 1, "balls": 2, "wickets": 0}, "7d92277a": {"runs": 14, "balls": 6, "wickets": 0}, "2353b224": {"runs": 5, "balls": 5, "wickets": 0}, "1a8eebbe": {"runs": 15, "balls": 10, "wickets": 0}, "607ed7c2": {"runs": 4, "balls": 4, "wickets": 1}, "37654b75": {"runs": 9, "balls": 7, "wickets": 0}, "4a491652": {"runs": 30, "balls": 12, "wickets": 0}, "8b248d88": {"runs": 5, "balls": 5, "wickets": 0}, "c58b0108": {"runs": 4, "balls": 6, "wickets": 0}, "aa467af0": {"runs": 14, "balls": 6, "wickets": 1}, "c0c411cb": {"runs": 1, "balls": 5, "wickets": 1}, "760f445b": {"runs": 5, "balls": 7, "wickets": 0}, "8c7b16c8": {"runs": 5, "balls": 4, "wickets": 0}, "54279e23": {"runs": 8, "balls": 4, "wickets": 0}, "f7e9a562": {"runs": 9, "balls": 4, "wickets": 0}, "a8e3170f": {"runs": 5, "balls": 4, "wickets": 1}, "9d1d34bd": {"runs": 1, "balls": 1, "wickets": 0}, "cb5100f1": {"runs": 1, "balls": 1, "wickets": 0}, "531f0278": {"runs": 12, "balls": 4, "wickets": 0}, "d014d5ac": {"runs": 0, "balls": 1, "wickets": 1}, "e186f49c": {"runs": 14, "balls": 9, "wickets": 1}, "9dad0f2e": {"runs": 6, "balls": 15, "wickets": 0}, "80ad39ac": {"runs": 6, "balls": 5, "wickets": 0}, "bd4ea627": {"runs": 32, "balls": 20, "wickets": 0}, "9de62878": {"runs": 41, "balls": 39, "wickets": 1}, "0f12f9df": {"runs": 4, "balls": 3, "wickets": 1}, "a968d8eb": {"runs": 9, "balls": 5, "wickets": 1}, "73a0e5d8": {"runs": 7, "balls": 3, "wickets": 0}, "db3643f3": {"runs": 14, "balls": 9, "wickets": 0}, "9cb8d7a6": {"runs": 27, "balls": 22, "wickets": 0}, "907d6e58": {"runs": 3, "balls": 2, "wickets": 0}, "8596fe80": {"runs": 5, "balls": 4, "wickets": 0}, "2e11c706": {"runs": 9, "balls": 3, "wickets": 0}, "45a7e761": {"runs": 35, "balls": 27, "wickets": 2}, "24bb1c2f": {"runs": 58, "balls": 43, "wickets": 3}, "8108e2d2": {"runs": 19, "balls": 14, "wickets": 2}, "e5218454": {"runs": 14, "balls": 12, "wickets": 0}, "9679838c": {"runs": 12, "balls": 49, "wickets": 1}, "219cc59e": {"runs": 5, "balls": 6, "wickets": 1}, "1f1b4c89": {"runs": 9, "balls": 15, "wickets": 0}, "1efd12d1": {"runs": 6, "balls": 3, "wickets": 0}, "ba377b40": {"runs": 16, "balls": 21, "wickets": 0}, "1a156c88": {"runs": 2, "balls": 4, "wickets": 0}, "64775749": {"runs": 4, "balls": 7, "wickets": 2}, "d167edd3": {"runs": 1, "balls": 3, "wickets": 0}, "75224f22": {"runs": 7, "balls": 5, "wickets": 0}, "607c846c": {"runs": 3, "balls": 5, "wickets": 0}, "9eb1455b": {"runs": 27, "balls": 15, "wickets": 0}, "3540beff": {"runs": 1, "balls": 3, "wickets": 0}, "e1b9f3a9": {"runs": 19, "balls": 5, "wickets": 0}, "52c952d9": {"runs": 0, "balls": 1, "wickets": 1}, "b681e71e": {"runs": 7, "balls": 2, "wickets": 0}, "ab965cad": {"runs": 2, "balls": 1, "wickets": 0}, "616a8149": {"runs": 3, "balls": 3, "wickets": 0}, "dfc4d8b5": {"runs": 3, "balls": 5, "wickets": 0}, "5f317fd4": {"runs": 0, "balls": 1, "wickets": 1}, "22ae3041": {"runs": 26, "balls": 12, "wickets": 0}, "1ee08e9a": {"runs": 8, "balls": 7, "wickets": 0}, "d405c0d5": {"runs": 15, "balls": 10, "wickets": 0}, "4933f499": {"runs": 8, "balls": 8, "wickets": 2}, "15de1f5d": {"runs": 1, "balls": 5, "wickets": 1}, "5456bd0c": {"runs": 2, "balls": 3, "wickets": 0}, "6f95e5fa": {"runs": 3, "balls": 4, "wickets": 0}, "8528effb": {"runs": 7, "balls": 4, "wickets": 0}, "88209c84": {"runs": 1, "balls": 1, "wickets": 0}, "fce581b5": {"runs": 2, "balls": 3, "wickets": 0}, "0dc00542": {"runs": 3, "balls": 3, "wickets": 0}, "feb6180d": {"runs": 4, "balls": 4, "wickets": 0}, "64d43928": {"runs": 26, "balls": 11, "wickets": 0}, "6a633d13": {"runs": 7, "balls": 4, "wickets": 0}, "948beb1f": {"runs": 25, "balls": 22, "wickets": 0}, "c2b6764d": {"runs": 14, "balls": 15, "wickets": 0}, "dbb15645": {"runs": 1, "balls": 1, "wickets": 0}, "a089f93f": {"runs": 32, "balls": 53, "wickets": 1}, "208f22ea": {"runs": 22, "balls": 72, "wickets": 1}, "e43aa7ed": {"runs": 2, "balls": 2, "wickets": 0}, "23f2143b": {"runs": 0, "balls": 1, "wickets": 1}, "8d5d991e": {"runs": 24, "balls": 17, "wickets": 0}, "c042b412": {"runs": 1, "balls": 2, "wickets": 1}, "c5f40e35": {"runs": 3, "balls": 4, "wickets": 1}, "2911de16": {"runs": 50, "balls": 53, "wickets": 0}, "d07c1b2f": {"runs": 10, "balls": 14, "wickets": 0}, "e087956b": {"runs": 6, "balls": 17, "wickets": 0}, "aa1210d8": {"runs": 5, "balls": 9, "wickets": 2}, "05c2ca46": {"runs": 9, "balls": 14, "wickets": 1}, "0f21680d": {"runs": 1, "balls": 2, "wickets": 0}, "a03bba42": {"runs": 14, "balls": 5, "wickets": 0}, "0f6db197": {"runs": 17, "balls": 12, "wickets": 0}, "e9987a94": {"runs": 1, "balls": 3, "wickets": 0}, "7ccbb09f": {"runs": 3, "balls": 4, "wickets": 0}, "2b0f2af3": {"runs": 5, "balls": 3, "wickets": 0}, "9c9af282": {"runs": 5, "balls": 7, "wickets": 1}, "3086f7a4": {"runs": 1, "balls": 4, "wickets": 0}, "bb4b445b": {"runs": 4, "balls": 1, "wickets": 0}, "9ab63e7b": {"runs": 4, "balls": 2, "wickets": 0}, "28392e11": {"runs": 0, "balls": 1, "wickets": 1}, "27c5715d": {"runs": 0, "balls": 1, "wickets": 1}, "a790df98": {"runs": 24, "balls": 38, "wickets": 2}, "903560ed": {"runs": 1, "balls": 3, "wickets": 0}, "38c276e1": {"runs": 6, "balls": 5, "wickets": 0}, "9fd3a210": {"runs": 26, "balls": 29, "wickets": 0}, "3c55c703": {"runs": 10, "balls": 17, "wickets": 0}, "fe5b4367": {"runs": 24, "balls": 9, "wickets": 0}, "c5cc48bc": {"runs": 50, "balls": 34, "wickets": 0}, "529eb9e0": {"runs": 0, "balls": 1, "wickets": 1}, "e5437608": {"runs": 12, "balls": 14, "wickets": 0}, "a77472dc": {"runs": 44, "balls": 42, "wickets": 2}, "59559bc2": {"runs": 24, "balls": 55, "wickets": 1}, "9caf69a1": {"runs": 32, "balls": 51, "wickets": 0}, "5899dceb": {"runs": 73, "balls": 105, "wickets": 2}, "70d57519": {"runs": 43, "balls": 87, "wickets": 2}, "9a46c4e5": {"runs": 2, "balls": 4, "wickets": 0}, "9d430b40": {"runs": 2, "balls": 5, "wickets": 0}, "0164b064": {"runs": 0, "balls": 0, "wickets": 0}, "dd9de7ad": {"runs": 4, "balls": 2, "wickets": 1}, "bdc0670a": {"runs": 4, "balls": 3, "wickets": 0}, "0b9a4ad6": {"runs": 7, "balls": 4, "wickets": 0}, "19b9f399": {"runs": 1, "balls": 2, "wickets": 0}, "95a06106": {"runs": 1, "balls": 2, "wickets": 1}, "861eed37": {"runs": 24, "balls": 35, "wickets": 2}, "23dee937": {"runs": 27, "balls": 35, "wickets": 0}, "7a8a0237": {"runs": 12, "balls": 32, "wickets": 0}, "ad46c747": {"runs": 17, "balls": 30, "wickets": 2}, "d9609443": {"runs": 8, "balls": 16, "wickets": 0}, "28217d89": {"runs": 13, "balls": 21, "wickets": 0}, "1d2f290a": {"runs": 33, "balls": 46, "wickets": 0}, "4c0f3806": {"runs": 20, "balls": 20, "wickets": 0}, "0ecb4de6": {"runs": 1, "balls": 3, "wickets": 0}, "22b98d7c": {"runs": 6, "balls": 20, "wickets": 0}, "9061a703": {"runs": 3, "balls": 2, "wickets": 0}, "402f8494": {"runs": 11, "balls": 3, "wickets": 0}, "269ff06e": {"runs": 17, "balls": 15, "wickets": 1}, "2f49c897": {"runs": 9, "balls": 25, "wickets": 1}, "81049310": {"runs": 21, "balls": 35, "wickets": 0}, "5a74e559": {"runs": 30, "balls": 32, "wickets": 0}, "867a45a7": {"runs": 34, "balls": 63, "wickets": 1}, "e871a7a1": {"runs": 39, "balls": 38, "wickets": 0}, "a1d95bd8": {"runs": 1, "balls": 1, "wickets": 0}, "e22d3b5c": {"runs": 14, "balls": 37, "wickets": 0}, "ab01e323": {"runs": 6, "balls": 7, "wickets": 0}, "7ec9711d": {"runs": 2, "balls": 3, "wickets": 1}, "f834dcfc": {"runs": 1, "balls": 2, "wickets": 0}, "9a2fc964": {"runs": 1, "balls": 3, "wickets": 1}, "462d7c62": {"runs": 11, "balls": 14, "wickets": 0}, "2baad3bd": {"runs": 2, "balls": 4, "wickets": 0}, "94d7f855": {"runs": 1, "balls": 3, "wickets": 0}, "932d3cc9": {"runs": 1, "balls": 1, "wickets": 0}, "03df7a25": {"runs": 3, "balls": 5, "wickets": 1}, "eafe8a94": {"runs": 2, "balls": 2, "wickets": 0}, "6daf5e8c": {"runs": 7, "balls": 2, "wickets": 0}, "80e44dc5": {"runs": 0, "balls": 1, "wickets": 1}, "00cada13": {"runs": 27, "balls": 33, "wickets": 1}, "39e2c0fd": {"runs": 8, "balls": 4, "wickets": 1}, "cdd875d9": {"runs": 1, "balls": 1, "wickets": 0}, "dfc3f02d": {"runs": 5, "balls": 4, "wickets": 0}, "27c5a793": {"runs": 10, "balls": 2, "wickets": 0}, "f655d740": {"runs": 5, "balls": 9, "wickets": 0}, "1a2676c5": {"runs": 2, "balls": 4, "wickets": 0}, "ec5160d7": {"runs": 21, "balls": 18, "wickets": 1}, "14f96089": {"runs": 7, "balls": 6, "wickets": 0}, "0207ff32": {"runs": 17, "balls": 18, "wickets": 0}, "34b332d3": {"runs": 15, "balls": 6, "wickets": 0}, "26d041c4": {"runs": 7, "balls": 10, "wickets": 0}, "327b58d3": {"runs": 1, "balls": 2, "wickets": 1}, "e9c7f0d0": {"runs": 1, "balls": 1, "wickets": 0}, "4d7f517e": {"runs": 6, "balls": 11, "wickets": 0}, "3f1066d0": {"runs": 4, "balls": 12, "wickets": 1}, "a97c8ec2": {"runs": 0, "balls": 2, "wickets": 1}, "9103ecdb": {"runs": 1, "balls": 1, "wickets": 0}, "f1f99156": {"runs": 5, "balls": 4, "wickets": 0}, "d2d15439": {"runs": 3, "balls": 4, "wickets": 0}, "9124aa4c": {"runs": 9, "balls": 5, "wickets": 0}, "449f4e3c": {"runs": 2, "balls": 3, "wickets": 0}, "93cad673": {"runs": 11, "balls": 14, "wickets": 1}, "78eb4223": {"runs": 5, "balls": 11, "wickets": 0}, "0f721006": {"runs": 0, "balls": 3, "wickets": 0}, "f8a63b6f": {"runs": 6, "balls": 5, "wickets": 0}, "6e0a2209": {"runs": 19, "balls": 28, "wickets": 0}, "94db3502": {"runs": 7, "balls": 9, "wickets": 0}, "caf69bf7": {"runs": 4, "balls": 4, "wickets": 0}, "3b53243a": {"runs": 10, "balls": 4, "wickets": 1}, "56b93d46": {"runs": 2, "balls": 3, "wickets": 0}, "9c643d7b": {"runs": 1, "balls": 1, "wickets": 0}, "7d7233a9": {"runs": 0, "balls": 1, "wickets": 0}, "876dbe2d": {"runs": 0, "balls": 3, "wickets": 1}, "9a089b15": {"runs": 2, "balls": 6, "wickets": 0}, "7dc35884": {"runs": 6, "balls": 12, "wickets": 0}, "f2665768": {"runs": 14, "balls": 13, "wickets": 0}}, "fifties": 7, "thirties": 76, "centuries": 0, "maidens": 509.0, "hattricks": 66, "club_ODI_previous3_runs": [8.0, 37.0, 0.0], "club_ODI_previous3_wickets": [1.0, 1.0, 1.0], "club_ODI_previous3_balls played": [7.0, 30.0, 0.0], "club_ODI_previous3_overs": [7.0, 5.333333333333333, 8.0], "club_ODI_previous3_runs gave": [35.0, 31.0, 42.0], "club_ODI_lifetime_runs": 873.0, "club_ODI_lifetime_wickets": 59.0, "club_ODI_lifetime_balls played": 780.0, "club_ODI_lifetime_overs": 308.99999999999994, "club_ODI_lifetime_runs gave": 1940.0, "club_Test_previous3_runs": [13.0, 30.0, 75.0], "club_Test_previous3_wickets": [0.0, 4.0, 5.0], "club_Test_previous3_balls played": [27.0, 34.0, 81.0], "club_Test_previous3_overs": [0.0, 38.333333333333336, 18.0], "club_Test_previous3_runs gave": [0.0, 132.0, 71.0], "club_Test_lifetime_runs": 3607.0, "club_Test_lifetime_wickets": 252.0, "club_Test_lifetime_balls played": 5974.0, "club_Test_lifetime_overs": 2528.0, "club_Test_lifetime_runs gave": 8779.0, "club_T20_previous3_runs": [20.0, 6.0, 53.0], "club_T20_previous3_wickets": [3.0, 3.0, 0.0], "club_T20_previous3_balls played": [12.0, 1.0, 37.0], "club_T20_previous3_overs": [4.0, 4.0, 1.0], "club_T20_previous3_runs gave": [36.0, 16.0, 14.0], "club_T20_lifetime_runs": 2558.0, "club_T20_lifetime_wickets": 163.0, "club_T20_lifetime_balls played": 1802.0, "club_T20_lifetime_overs": 496.9666666666666, "club_T20_lifetime_runs gave": 4436.0, "international_ODI_previous3_runs": [0.0, 40.0, 77.0], "international_ODI_previous3_wickets": [1.0, 3.0, 0.0], "international_ODI_previous3_balls played": [0.0, 47.0, 69.0], "international_ODI_previous3_overs": [4.0, 8.0, 7.0], "international_ODI_previous3_runs gave": [11.0, 44.0, 42.0], "international_ODI_lifetime_runs": 117.0, "international_ODI_lifetime_wickets": 4.0, "international_ODI_lifetime_balls played": 116.0, "international_ODI_lifetime_overs": 19.0, "international_ODI_lifetime_runs gave": 97.0, "international_Test_previous3_runs": [], "international_Test_previous3_wickets": [], "international_Test_previous3_balls played": [], "international_Test_previous3_overs": [], "international_Test_previous3_runs gave": [], "international_Test_lifetime_runs": 0.0, "international_Test_lifetime_wickets": 0.0, "international_Test_lifetime_balls played": 0.0, "international_Test_lifetime_overs": 0.0, "international_Test_lifetime_runs gave": 0.0, "international_T20_previous3_runs": [0.0, 12.0, 10.0], "international_T20_previous3_wickets": [0.0, 0.0, 1.0], "international_T20_previous3_balls played": [0.0, 8.0, 11.0], "international_T20_previous3_overs": [3.0, 4.0, 2.0], "international_T20_previous3_runs gave": [26.0, 41.0, 25.0], "international_T20_lifetime_runs": 45.0, "international_T20_lifetime_wickets": 2.0, "international_T20_lifetime_balls played": 41.0, "international_T20_lifetime_overs": 13.0, "international_T20_lifetime_runs gave": 122.0}