{"played_against": {"598f5484": {"runs": 1, "balls": 1, "wickets": 0}, "a390cdd7": {"runs": 10, "balls": 7, "wickets": 0}, "a7553f15": {"runs": 1, "balls": 2, "wickets": 0}, "856cbb1e": {"runs": 3, "balls": 5, "wickets": 1}, "7bb926a7": {"runs": 1, "balls": 2, "wickets": 0}, "f310704c": {"runs": 12, "balls": 14, "wickets": 1}, "b9cfb0b1": {"runs": 24, "balls": 11, "wickets": 0}, "20481563": {"runs": 15, "balls": 16, "wickets": 1}, "3766056b": {"runs": 1, "balls": 3, "wickets": 0}, "bd0a4a7d": {"runs": 0, "balls": 3, "wickets": 0}, "478a63e7": {"runs": 0, "balls": 3, "wickets": 1}, "4d1ec7eb": {"runs": 0, "balls": 3, "wickets": 0}, "1adb8ee8": {"runs": 26, "balls": 34, "wickets": 0}, "b410bd3d": {"runs": 13, "balls": 8, "wickets": 0}, "f53b3e1d": {"runs": 21, "balls": 22, "wickets": 3}, "28131839": {"runs": 15, "balls": 18, "wickets": 1}, "34cb2f69": {"runs": 21, "balls": 21, "wickets": 0}, "469ccead": {"runs": 1, "balls": 4, "wickets": 1}, "b0eaaac6": {"runs": 1, "balls": 7, "wickets": 0}, "7239b60d": {"runs": 2, "balls": 6, "wickets": 1}, "c8a3f688": {"runs": 1, "balls": 4, "wickets": 1}, "ff6a7ab5": {"runs": 1, "balls": 1, "wickets": 0}, "aa8d28ae": {"runs": 3, "balls": 3, "wickets": 1}, "1747ea18": {"runs": 20, "balls": 32, "wickets": 0}, "6ad2d5f7": {"runs": 36, "balls": 55, "wickets": 0}, "e3386c8a": {"runs": 28, "balls": 26, "wickets": 1}, "9811e35e": {"runs": 36, "balls": 28, "wickets": 1}, "cd4d7695": {"runs": 3, "balls": 13, "wickets": 1}, "afb3b840": {"runs": 8, "balls": 11, "wickets": 0}, "87e562a9": {"runs": 6, "balls": 6, "wickets": 0}, "e9c7f0d0": {"runs": 12, "balls": 8, "wickets": 0}, "f0e293b0": {"runs": 0, "balls": 2, "wickets": 1}, "e85d03d6": {"runs": 27, "balls": 31, "wickets": 1}, "95a5e066": {"runs": 4, "balls": 14, "wickets": 3}, "270bf7e2": {"runs": 1, "balls": 4, "wickets": 0}, "72e60730": {"runs": 7, "balls": 4, "wickets": 0}, "0730a707": {"runs": 6, "balls": 8, "wickets": 0}, "9920dd86": {"runs": 0, "balls": 4, "wickets": 1}, "e3eb9e46": {"runs": 18, "balls": 10, "wickets": 0}, "00321fff": {"runs": 2, "balls": 4, "wickets": 0}, "7e9f1cde": {"runs": 17, "balls": 19, "wickets": 1}, "64fb6b15": {"runs": 17, "balls": 12, "wickets": 1}, "a1e80d06": {"runs": 10, "balls": 6, "wickets": 0}, "f6c2659d": {"runs": 19, "balls": 11, "wickets": 0}, "9ffb7550": {"runs": 24, "balls": 13, "wickets": 2}, "c9d05f1a": {"runs": 1, "balls": 1, "wickets": 0}, "1e569fb0": {"runs": 19, "balls": 17, "wickets": 0}, "e741ed8f": {"runs": 20, "balls": 12, "wickets": 0}, "a9a18e3e": {"runs": 23, "balls": 11, "wickets": 0}, "14fd10b5": {"runs": 15, "balls": 6, "wickets": 0}, "596982e6": {"runs": 2, "balls": 3, "wickets": 0}, "b76b2d25": {"runs": 1, "balls": 3, "wickets": 1}, "ecdd8d60": {"runs": 10, "balls": 12, "wickets": 0}, "b561e8ea": {"runs": 10, "balls": 7, "wickets": 0}, "d3851cd8": {"runs": 3, "balls": 6, "wickets": 0}, "be0f9ce9": {"runs": 7, "balls": 6, "wickets": 0}, "e174dadd": {"runs": 10, "balls": 14, "wickets": 0}, "a1d053dd": {"runs": 0, "balls": 1, "wickets": 1}, "4d7f517e": {"runs": 8, "balls": 11, "wickets": 1}, "a818c1be": {"runs": 5, "balls": 2, "wickets": 0}, "0f721006": {"runs": 5, "balls": 7, "wickets": 0}, "327b58d3": {"runs": 1, "balls": 2, "wickets": 0}, "dfc4d8b5": {"runs": 3, "balls": 2, "wickets": 0}, "9d0344f3": {"runs": 10, "balls": 6, "wickets": 0}, "05c2ca46": {"runs": 5, "balls": 7, "wickets": 1}, "245c97cb": {"runs": 24, "balls": 11, "wickets": 0}, "a97c8ec2": {"runs": 3, "balls": 7, "wickets": 0}, "9de62878": {"runs": 31, "balls": 13, "wickets": 0}, "45a7e761": {"runs": 15, "balls": 5, "wickets": 0}, "3f1066d0": {"runs": 16, "balls": 9, "wickets": 1}, "9103ecdb": {"runs": 2, "balls": 2, "wickets": 0}, "7d92277a": {"runs": 6, "balls": 6, "wickets": 1}, "59559bc2": {"runs": 1, "balls": 4, "wickets": 0}, "34b332d3": {"runs": 7, "balls": 7, "wickets": 0}, "e342e5fb": {"runs": 1, "balls": 1, "wickets": 0}, "fef92afc": {"runs": 0, "balls": 5, "wickets": 2}, "098a757c": {"runs": 0, "balls": 2, "wickets": 1}, "4c5d73db": {"runs": 9, "balls": 10, "wickets": 0}, "caf69bf7": {"runs": 14, "balls": 12, "wickets": 0}, "84dc72db": {"runs": 2, "balls": 3, "wickets": 0}, "249d60c9": {"runs": 1, "balls": 2, "wickets": 1}, "ffe699c0": {"runs": 4, "balls": 3, "wickets": 0}, "d2d15439": {"runs": 9, "balls": 6, "wickets": 0}, "9124aa4c": {"runs": 10, "balls": 6, "wickets": 0}, "449f4e3c": {"runs": 2, "balls": 2, "wickets": 0}, "14810ee7": {"runs": 13, "balls": 21, "wickets": 1}, "af98bf5b": {"runs": 1, "balls": 1, "wickets": 0}, "f8c72766": {"runs": 1, "balls": 2, "wickets": 0}, "2ecd844a": {"runs": 18, "balls": 17, "wickets": 1}, "f43dd8c2": {"runs": 3, "balls": 11, "wickets": 0}, "1252f71a": {"runs": 5, "balls": 9, "wickets": 0}, "f42064d5": {"runs": 5, "balls": 2, "wickets": 0}, "ab54f9e7": {"runs": 22, "balls": 16, "wickets": 1}, "0b37840b": {"runs": 9, "balls": 8, "wickets": 0}, "4ebc70ca": {"runs": 9, "balls": 5, "wickets": 0}, "a80cc0cc": {"runs": 23, "balls": 12, "wickets": 0}, "42a01b52": {"runs": 22, "balls": 7, "wickets": 0}, "db95ddeb": {"runs": 5, "balls": 3, "wickets": 0}, "0cfb42b5": {"runs": 20, "balls": 12, "wickets": 1}, "dcdb87f2": {"runs": 0, "balls": 4, "wickets": 1}, "dd7dd27a": {"runs": 11, "balls": 5, "wickets": 0}, "7a6decc8": {"runs": 5, "balls": 2, "wickets": 0}, "1f4a78c5": {"runs": 5, "balls": 2, "wickets": 0}, "7cff331d": {"runs": 0, "balls": 1, "wickets": 0}, "e29e9c12": {"runs": 14, "balls": 11, "wickets": 0}, "bd9fbd51": {"runs": 12, "balls": 5, "wickets": 0}, "34464143": {"runs": 3, "balls": 4, "wickets": 1}, "b3b39bed": {"runs": 5, "balls": 4, "wickets": 0}, "1688f2dc": {"runs": 30, "balls": 20, "wickets": 0}, "537021f5": {"runs": 26, "balls": 17, "wickets": 0}, "f468293b": {"runs": 15, "balls": 7, "wickets": 0}, "3847ec84": {"runs": 21, "balls": 9, "wickets": 0}, "bb134e5c": {"runs": 11, "balls": 9, "wickets": 0}, "c26cd57a": {"runs": 6, "balls": 6, "wickets": 1}, "e28bb0b9": {"runs": 6, "balls": 3, "wickets": 0}, "9c1b1f4b": {"runs": 9, "balls": 3, "wickets": 0}, "5ec41cd7": {"runs": 12, "balls": 8, "wickets": 1}, "23f94c02": {"runs": 0, "balls": 0, "wickets": 0}}, "fifties": 0, "thirties": 15, "centuries": 0, "maidens": 0.0, "hattricks": 0, "club_ODI_previous3_runs": [], "club_ODI_previous3_wickets": [], "club_ODI_previous3_balls played": [], "club_ODI_previous3_overs": [], "club_ODI_previous3_runs gave": [], "club_ODI_lifetime_runs": 0.0, "club_ODI_lifetime_wickets": 0.0, "club_ODI_lifetime_balls played": 0.0, "club_ODI_lifetime_overs": 0.0, "club_ODI_lifetime_runs gave": 0.0, "club_Test_previous3_runs": [], "club_Test_previous3_wickets": [], "club_Test_previous3_balls played": [], "club_Test_previous3_overs": [], "club_Test_previous3_runs gave": [], "club_Test_lifetime_runs": 0.0, "club_Test_lifetime_wickets": 0.0, "club_Test_lifetime_balls played": 0.0, "club_Test_lifetime_overs": 0.0, "club_Test_lifetime_runs gave": 0.0, "club_T20_previous3_runs": [26.0, 29.0, 0.0], "club_T20_previous3_wickets": [0.0, 0.0, 0.0], "club_T20_previous3_balls played": [28.0, 22.0, 3.0], "club_T20_previous3_overs": [0.0, 0.0, 0.0], "club_T20_previous3_runs gave": [0.0, 0.0, 0.0], "club_T20_lifetime_runs": 222.0, "club_T20_lifetime_wickets": 0.0, "club_T20_lifetime_balls played": 191.0, "club_T20_lifetime_overs": 0.0, "club_T20_lifetime_runs gave": 0.0, "international_ODI_previous3_runs": [0.0, 30.0, 31.0], "international_ODI_previous3_wickets": [0.0, 0.0, 0.0], "international_ODI_previous3_balls played": [2.0, 42.0, 26.0], "international_ODI_previous3_overs": [0.0, 0.0, 0.0], "international_ODI_previous3_runs gave": [0.0, 0.0, 0.0], "international_ODI_lifetime_runs": 257.0, "international_ODI_lifetime_wickets": 0.0, "international_ODI_lifetime_balls played": 375.0, "international_ODI_lifetime_overs": 0.0, "international_ODI_lifetime_runs gave": 0.0, "international_Test_previous3_runs": [], "international_Test_previous3_wickets": [], "international_Test_previous3_balls played": [], "international_Test_previous3_overs": [], "international_Test_previous3_runs gave": [], "international_Test_lifetime_runs": 0.0, "international_Test_lifetime_wickets": 0.0, "international_Test_lifetime_balls played": 0.0, "international_Test_lifetime_overs": 0.0, "international_Test_lifetime_runs gave": 0.0, "international_T20_previous3_runs": [73.0, 21.0, 12.0], "international_T20_previous3_wickets": [0.0, 0.0, 0.0], "international_T20_previous3_balls played": [33.0, 12.0, 9.0], "international_T20_previous3_overs": [0.0, 0.0, 0.0], "international_T20_previous3_runs gave": [0.0, 0.0, 0.0], "international_T20_lifetime_runs": 657.0, "international_T20_lifetime_wickets": 0.0, "international_T20_lifetime_balls played": 466.0, "international_T20_lifetime_overs": 0.0, "international_T20_lifetime_runs gave": 0.0}