{"played_against": {"df04fc4f": {"runs": 1, "balls": 2, "wickets": 0}, "d693012d": {"runs": 1, "balls": 1, "wickets": 0}, "2e0b6638": {"runs": 2, "balls": 2, "wickets": 0}, "2e81be88": {"runs": 1, "balls": 2, "wickets": 0}, "6a434bd3": {"runs": 2, "balls": 2, "wickets": 0}, "bc969efb": {"runs": 0, "balls": 1, "wickets": 1}, "50b558d2": {"runs": 1, "balls": 1, "wickets": 0}, "7673c908": {"runs": 1, "balls": 1, "wickets": 0}, "9b3bcca4": {"runs": 5, "balls": 8, "wickets": 0}, "92cf79a8": {"runs": 1, "balls": 1, "wickets": 0}, "f0b4e47d": {"runs": 1, "balls": 2, "wickets": 0}, "99e23670": {"runs": 0, "balls": 2, "wickets": 1}, "78bec461": {"runs": 2, "balls": 3, "wickets": 1}, "af8c3a85": {"runs": 3, "balls": 2, "wickets": 0}, "99812d10": {"runs": 5, "balls": 11, "wickets": 1}, "c35a0b8a": {"runs": 8, "balls": 6, "wickets": 1}, "a5f488bc": {"runs": 2, "balls": 6, "wickets": 1}, "dff806f4": {"runs": 0, "balls": 0, "wickets": 0}, "f57d5dbb": {"runs": 9, "balls": 4, "wickets": 0}, "cdb82f1c": {"runs": 2, "balls": 2, "wickets": 0}, "0475a86b": {"runs": 1, "balls": 2, "wickets": 1}, "eacd9bb1": {"runs": 1, "balls": 1, "wickets": 0}, "d32cf49a": {"runs": 1, "balls": 1, "wickets": 0}, "108c4c09": {"runs": 1, "balls": 1, "wickets": 0}, "c218e4e7": {"runs": 10, "balls": 4, "wickets": 0}, "17608a6f": {"runs": 4, "balls": 1, "wickets": 0}, "53bee17f": {"runs": 3, "balls": 4, "wickets": 0}, "47bcaf7a": {"runs": 5, "balls": 2, "wickets": 0}}, "fifties": 0, "thirties": 0, "centuries": 0, "maidens": 4.0, "hattricks": 3, "club_ODI_previous3_runs": [], "club_ODI_previous3_wickets": [], "club_ODI_previous3_balls played": [], "club_ODI_previous3_overs": [], "club_ODI_previous3_runs gave": [], "club_ODI_lifetime_runs": 0.0, "club_ODI_lifetime_wickets": 0.0, "club_ODI_lifetime_balls played": 0.0, "club_ODI_lifetime_overs": 0.0, "club_ODI_lifetime_runs gave": 0.0, "club_Test_previous3_runs": [], "club_Test_previous3_wickets": [], "club_Test_previous3_balls played": [], "club_Test_previous3_overs": [], "club_Test_previous3_runs gave": [], "club_Test_lifetime_runs": 0.0, "club_Test_lifetime_wickets": 0.0, "club_Test_lifetime_balls played": 0.0, "club_Test_lifetime_overs": 0.0, "club_Test_lifetime_runs gave": 0.0, "club_T20_previous3_runs": [15.0, 0.0, 14.0], "club_T20_previous3_wickets": [0.0, 0.0, 0.0], "club_T20_previous3_balls played": [13.0, 0.0, 10.0], "club_T20_previous3_overs": [4.0, 4.0, 3.666666666666667], "club_T20_previous3_runs gave": [13.0, 47.0, 27.0], "club_T20_lifetime_runs": 73.0, "club_T20_lifetime_wickets": 43.0, "club_T20_lifetime_balls played": 76.0, "club_T20_lifetime_overs": 211.83333333333331, "club_T20_lifetime_runs gave": 1395.0, "international_ODI_previous3_runs": [0.0], "international_ODI_previous3_wickets": [0.0], "international_ODI_previous3_balls played": [0.0], "international_ODI_previous3_overs": [4.0], "international_ODI_previous3_runs gave": [22.0], "international_ODI_lifetime_runs": 0.0, "international_ODI_lifetime_wickets": 0.0, "international_ODI_lifetime_balls played": 0.0, "international_ODI_lifetime_overs": 4.0, "international_ODI_lifetime_runs gave": 22.0, "international_Test_previous3_runs": [], "international_Test_previous3_wickets": [], "international_Test_previous3_balls played": [], "international_Test_previous3_overs": [], "international_Test_previous3_runs gave": [], "international_Test_lifetime_runs": 0.0, "international_Test_lifetime_wickets": 0.0, "international_Test_lifetime_balls played": 0.0, "international_Test_lifetime_overs": 0.0, "international_Test_lifetime_runs gave": 0.0, "international_T20_previous3_runs": [], "international_T20_previous3_wickets": [], "international_T20_previous3_balls played": [], "international_T20_previous3_overs": [], "international_T20_previous3_runs gave": [], "international_T20_lifetime_runs": 0.0, "international_T20_lifetime_wickets": 0.0, "international_T20_lifetime_balls played": 0.0, "international_T20_lifetime_overs": 0.0, "international_T20_lifetime_runs gave": 0.0}