{"played_against": {"84f1ae7f": {"runs": 2, "balls": 16, "wickets": 0}, "47fb8d80": {"runs": 5, "balls": 16, "wickets": 0}, "5463cb7a": {"runs": 4, "balls": 5, "wickets": 0}, "705489eb": {"runs": 0, "balls": 1, "wickets": 1}, "657da2f4": {"runs": 51, "balls": 75, "wickets": 1}, "36dfa62e": {"runs": 46, "balls": 71, "wickets": 0}, "94b52754": {"runs": 5, "balls": 14, "wickets": 0}, "2beae660": {"runs": 21, "balls": 45, "wickets": 2}, "f281dd00": {"runs": 39, "balls": 53, "wickets": 1}, "63e3b6b3": {"runs": 4, "balls": 9, "wickets": 0}, "108c4c09": {"runs": 16, "balls": 57, "wickets": 4}, "ce85fcaf": {"runs": 0, "balls": 15, "wickets": 0}, "6d76bc23": {"runs": 12, "balls": 12, "wickets": 0}, "0d518f89": {"runs": 12, "balls": 33, "wickets": 2}, "c6a019f5": {"runs": 41, "balls": 42, "wickets": 2}, "623c8835": {"runs": 38, "balls": 26, "wickets": 0}, "4d35d0b3": {"runs": 23, "balls": 35, "wickets": 0}, "9a58f2c8": {"runs": 28, "balls": 41, "wickets": 1}, "022745d5": {"runs": 26, "balls": 25, "wickets": 0}, "47b32a5a": {"runs": 45, "balls": 88, "wickets": 2}, "2dc78362": {"runs": 1, "balls": 1, "wickets": 0}, "8e7be59c": {"runs": 27, "balls": 42, "wickets": 1}, "ecbbebf1": {"runs": 4, "balls": 3, "wickets": 1}, "6d48df01": {"runs": 10, "balls": 10, "wickets": 0}, "4b15618c": {"runs": 4, "balls": 8, "wickets": 0}, "9c4b58db": {"runs": 3, "balls": 5, "wickets": 0}, "519b872a": {"runs": 1, "balls": 2, "wickets": 0}, "8b6c33d0": {"runs": 2, "balls": 2, "wickets": 0}, "58acb320": {"runs": 1, "balls": 2, "wickets": 0}, "f6ddfe08": {"runs": 0, "balls": 1, "wickets": 1}, "ad3940a5": {"runs": 2, "balls": 8, "wickets": 0}, "037f2b86": {"runs": 3, "balls": 7, "wickets": 0}, "558cdd64": {"runs": 0, "balls": 1, "wickets": 0}, "bba7558e": {"runs": 4, "balls": 7, "wickets": 0}, "a0a65375": {"runs": 15, "balls": 19, "wickets": 1}, "f61e2829": {"runs": 46, "balls": 45, "wickets": 0}, "f13d3eba": {"runs": 36, "balls": 71, "wickets": 0}, "edf62a25": {"runs": 46, "balls": 73, "wickets": 0}, "a4f1fdd4": {"runs": 33, "balls": 60, "wickets": 2}, "cca8bdca": {"runs": 6, "balls": 8, "wickets": 0}, "09a58e2d": {"runs": 16, "balls": 14, "wickets": 0}, "1b61a9fa": {"runs": 2, "balls": 9, "wickets": 0}, "686362af": {"runs": 6, "balls": 12, "wickets": 0}, "ea544967": {"runs": 10, "balls": 9, "wickets": 0}, "6e28e586": {"runs": 12, "balls": 10, "wickets": 0}, "4d4605e6": {"runs": 8, "balls": 7, "wickets": 0}, "dcf0e8f4": {"runs": 8, "balls": 3, "wickets": 0}, "83558266": {"runs": 2, "balls": 4, "wickets": 1}, "dff806f4": {"runs": 5, "balls": 6, "wickets": 0}, "bc969efb": {"runs": 5, "balls": 5, "wickets": 0}, "ca5acfa4": {"runs": 1, "balls": 1, "wickets": 0}, "17608a6f": {"runs": 2, "balls": 2, "wickets": 0}, "2e81be88": {"runs": 6, "balls": 14, "wickets": 0}, "0475a86b": {"runs": 2, "balls": 3, "wickets": 0}, "65d9b6b6": {"runs": 6, "balls": 4, "wickets": 0}, "5aa8574b": {"runs": 19, "balls": 24, "wickets": 0}, "7a0428ae": {"runs": 2, "balls": 1, "wickets": 0}, "66078174": {"runs": 1, "balls": 2, "wickets": 0}, "ea9c54de": {"runs": 18, "balls": 22, "wickets": 2}, "9714e764": {"runs": 1, "balls": 5, "wickets": 0}, "6ee11109": {"runs": 19, "balls": 32, "wickets": 0}, "2904b4b6": {"runs": 10, "balls": 9, "wickets": 0}, "c981d3c2": {"runs": 13, "balls": 14, "wickets": 0}, "821d7d46": {"runs": 5, "balls": 17, "wickets": 0}, "3d689960": {"runs": 2, "balls": 7, "wickets": 0}, "b34e0c77": {"runs": 0, "balls": 2, "wickets": 1}, "53bb50f0": {"runs": 2, "balls": 5, "wickets": 1}, "ed840f44": {"runs": 1, "balls": 2, "wickets": 0}, "2f9a6bd1": {"runs": 8, "balls": 22, "wickets": 1}, "4b0e3049": {"runs": 3, "balls": 12, "wickets": 0}, "fb9a8cc3": {"runs": 2, "balls": 7, "wickets": 1}, "75820733": {"runs": 1, "balls": 5, "wickets": 0}, "d32cf49a": {"runs": 2, "balls": 9, "wickets": 1}, "42d9dd09": {"runs": 2, "balls": 3, "wickets": 0}, "0b69a844": {"runs": 3, "balls": 15, "wickets": 0}, "385eac52": {"runs": 34, "balls": 35, "wickets": 0}, "7027d12f": {"runs": 44, "balls": 51, "wickets": 1}, "c3394c16": {"runs": 29, "balls": 54, "wickets": 0}, "23ef9b32": {"runs": 5, "balls": 14, "wickets": 0}, "c0dc015b": {"runs": 7, "balls": 7, "wickets": 0}, "37f9eb59": {"runs": 4, "balls": 7, "wickets": 0}, "8d25271a": {"runs": 11, "balls": 18, "wickets": 1}, "bb411d1e": {"runs": 14, "balls": 13, "wickets": 0}, "8a452195": {"runs": 1, "balls": 2, "wickets": 1}, "a0fdf513": {"runs": 17, "balls": 15, "wickets": 0}, "550373ea": {"runs": 17, "balls": 21, "wickets": 0}, "c34a15e6": {"runs": 19, "balls": 48, "wickets": 1}, "5838cb64": {"runs": 4, "balls": 14, "wickets": 1}, "ac56b5a7": {"runs": 31, "balls": 30, "wickets": 0}, "1251a339": {"runs": 17, "balls": 33, "wickets": 1}, "b55fb828": {"runs": 6, "balls": 6, "wickets": 0}, "4ac6664d": {"runs": 2, "balls": 3, "wickets": 0}, "cefad9fd": {"runs": 19, "balls": 17, "wickets": 0}, "459a7b0a": {"runs": 8, "balls": 20, "wickets": 0}, "cd62f670": {"runs": 29, "balls": 30, "wickets": 0}, "31adb911": {"runs": 4, "balls": 7, "wickets": 2}, "1ade138e": {"runs": 9, "balls": 16, "wickets": 0}, "abc9f8a4": {"runs": 1, "balls": 2, "wickets": 0}, "e5b17517": {"runs": 5, "balls": 10, "wickets": 1}, "df9cdebf": {"runs": 1, "balls": 2, "wickets": 0}, "7b1f2542": {"runs": 4, "balls": 7, "wickets": 0}, "907e5f6c": {"runs": 5, "balls": 3, "wickets": 0}}, "fifties": 1, "thirties": 12, "centuries": 0, "maidens": 8.0, "hattricks": 3, "club_ODI_previous3_runs": [], "club_ODI_previous3_wickets": [], "club_ODI_previous3_balls played": [], "club_ODI_previous3_overs": [], "club_ODI_previous3_runs gave": [], "club_ODI_lifetime_runs": 0.0, "club_ODI_lifetime_wickets": 0.0, "club_ODI_lifetime_balls played": 0.0, "club_ODI_lifetime_overs": 0.0, "club_ODI_lifetime_runs gave": 0.0, "club_Test_previous3_runs": [], "club_Test_previous3_wickets": [], "club_Test_previous3_balls played": [], "club_Test_previous3_overs": [], "club_Test_previous3_runs gave": [], "club_Test_lifetime_runs": 0.0, "club_Test_lifetime_wickets": 0.0, "club_Test_lifetime_balls played": 0.0, "club_Test_lifetime_overs": 0.0, "club_Test_lifetime_runs gave": 0.0, "club_T20_previous3_runs": [], "club_T20_previous3_wickets": [], "club_T20_previous3_balls played": [], "club_T20_previous3_overs": [], "club_T20_previous3_runs gave": [], "club_T20_lifetime_runs": 0.0, "club_T20_lifetime_wickets": 0.0, "club_T20_lifetime_balls played": 0.0, "club_T20_lifetime_overs": 0.0, "club_T20_lifetime_runs gave": 0.0, "international_ODI_previous3_runs": [33.0, 1.0, 22.0], "international_ODI_previous3_wickets": [0.0, 0.0, 0.0], "international_ODI_previous3_balls played": [54.0, 3.0, 23.0], "international_ODI_previous3_overs": [0.0, 0.0, 0.0], "international_ODI_previous3_runs gave": [0.0, 0.0, 0.0], "international_ODI_lifetime_runs": 945.0, "international_ODI_lifetime_wickets": 4.0, "international_ODI_lifetime_balls played": 1560.0, "international_ODI_lifetime_overs": 87.16666666666667, "international_ODI_lifetime_runs gave": 445.0, "international_Test_previous3_runs": [], "international_Test_previous3_wickets": [], "international_Test_previous3_balls played": [], "international_Test_previous3_overs": [], "international_Test_previous3_runs gave": [], "international_Test_lifetime_runs": 0.0, "international_Test_lifetime_wickets": 0.0, "international_Test_lifetime_balls played": 0.0, "international_Test_lifetime_overs": 0.0, "international_Test_lifetime_runs gave": 0.0, "international_T20_previous3_runs": [0.0, 2.0, 27.0], "international_T20_previous3_wickets": [0.0, 0.0, 0.0], "international_T20_previous3_balls played": [0.0, 9.0, 27.0], "international_T20_previous3_overs": [0.0, 0.0, 0.0], "international_T20_previous3_runs gave": [0.0, 0.0, 0.0], "international_T20_lifetime_runs": 269.0, "international_T20_lifetime_wickets": 20.0, "international_T20_lifetime_balls played": 327.0, "international_T20_lifetime_overs": 82.66666666666666, "international_T20_lifetime_runs gave": 516.0}