{"played_against": {"d32cf49a": {"runs": 2, "balls": 1, "wickets": 0}, "8ca1f93a": {"runs": 6, "balls": 11, "wickets": 0}, "180240d4": {"runs": 2, "balls": 6, "wickets": 0}, "60471339": {"runs": 4, "balls": 14, "wickets": 0}, "e2410b5e": {"runs": 3, "balls": 4, "wickets": 0}, "72b7ed1e": {"runs": 5, "balls": 11, "wickets": 0}, "93fe473e": {"runs": 2, "balls": 6, "wickets": 0}}, "fifties": 0, "thirties": 0, "centuries": 0, "maidens": 4.0, "hattricks": 0, "club_ODI_previous3_runs": [], "club_ODI_previous3_wickets": [], "club_ODI_previous3_balls played": [], "club_ODI_previous3_overs": [], "club_ODI_previous3_runs gave": [], "club_ODI_lifetime_runs": 0.0, "club_ODI_lifetime_wickets": 0.0, "club_ODI_lifetime_balls played": 0.0, "club_ODI_lifetime_overs": 0.0, "club_ODI_lifetime_runs gave": 0.0, "club_Test_previous3_runs": [], "club_Test_previous3_wickets": [], "club_Test_previous3_balls played": [], "club_Test_previous3_overs": [], "club_Test_previous3_runs gave": [], "club_Test_lifetime_runs": 0.0, "club_Test_lifetime_wickets": 0.0, "club_Test_lifetime_balls played": 0.0, "club_Test_lifetime_overs": 0.0, "club_Test_lifetime_runs gave": 0.0, "club_T20_previous3_runs": [], "club_T20_previous3_wickets": [], "club_T20_previous3_balls played": [], "club_T20_previous3_overs": [], "club_T20_previous3_runs gave": [], "club_T20_lifetime_runs": 0.0, "club_T20_lifetime_wickets": 0.0, "club_T20_lifetime_balls played": 0.0, "club_T20_lifetime_overs": 0.0, "club_T20_lifetime_runs gave": 0.0, "international_ODI_previous3_runs": [0.0, 22.0, 0.0], "international_ODI_previous3_wickets": [1.0, 0.0, 2.0], "international_ODI_previous3_balls played": [0.0, 52.0, 0.0], "international_ODI_previous3_overs": [7.0, 7.0, 10.0], "international_ODI_previous3_runs gave": [30.0, 48.0, 12.0], "international_ODI_lifetime_runs": 22.0, "international_ODI_lifetime_wickets": 3.0, "international_ODI_lifetime_balls played": 52.0, "international_ODI_lifetime_overs": 29.0, "international_ODI_lifetime_runs gave": 124.0, "international_Test_previous3_runs": [], "international_Test_previous3_wickets": [], "international_Test_previous3_balls played": [], "international_Test_previous3_overs": [], "international_Test_previous3_runs gave": [], "international_Test_lifetime_runs": 0.0, "international_Test_lifetime_wickets": 0.0, "international_Test_lifetime_balls played": 0.0, "international_Test_lifetime_overs": 0.0, "international_Test_lifetime_runs gave": 0.0, "international_T20_previous3_runs": [2.0], "international_T20_previous3_wickets": [1.0], "international_T20_previous3_balls played": [1.0], "international_T20_previous3_overs": [3.0], "international_T20_previous3_runs gave": [26.0], "international_T20_lifetime_runs": 2.0, "international_T20_lifetime_wickets": 1.0, "international_T20_lifetime_balls played": 1.0, "international_T20_lifetime_overs": 3.0, "international_T20_lifetime_runs gave": 26.0}