{"played_against": {"1adb8ee8": {"runs": 4, "balls": 6, "wickets": 0}, "4ebc70ca": {"runs": 0, "balls": 10, "wickets": 2}, "34cb2f69": {"runs": 1, "balls": 3, "wickets": 0}, "dcdb87f2": {"runs": 5, "balls": 3, "wickets": 0}, "13bc54a8": {"runs": 2, "balls": 2, "wickets": 0}, "782fb776": {"runs": 0, "balls": 1, "wickets": 0}, "b6e29ef5": {"runs": 0, "balls": 1, "wickets": 0}, "c8a3f688": {"runs": 0, "balls": 2, "wickets": 1}, "f7d267f7": {"runs": 1, "balls": 3, "wickets": 1}, "f468293b": {"runs": 1, "balls": 1, "wickets": 0}, "5ec41cd7": {"runs": 0, "balls": 6, "wickets": 0}, "4167f30b": {"runs": 1, "balls": 4, "wickets": 1}, "f53b3e1d": {"runs": 1, "balls": 2, "wickets": 0}, "b410bd3d": {"runs": 1, "balls": 2, "wickets": 1}, "1747ea18": {"runs": 1, "balls": 1, "wickets": 0}, "7e9f1cde": {"runs": 0, "balls": 3, "wickets": 0}, "84dc72db": {"runs": 0, "balls": 3, "wickets": 0}, "f0e293b0": {"runs": 0, "balls": 2, "wickets": 1}, "0b581ed6": {"runs": 1, "balls": 1, "wickets": 0}, "e93b6c95": {"runs": 1, "balls": 1, "wickets": 0}, "14810ee7": {"runs": 0, "balls": 5, "wickets": 0}, "a1e80d06": {"runs": 1, "balls": 3, "wickets": 0}, "00321fff": {"runs": 1, "balls": 1, "wickets": 0}, "d2ec068c": {"runs": 1, "balls": 1, "wickets": 0}, "415d30b6": {"runs": 0, "balls": 2, "wickets": 1}, "641ac5ff": {"runs": 1, "balls": 1, "wickets": 0}}, "fifties": 0, "thirties": 0, "centuries": 0, "maidens": 8.0, "hattricks": 2, "club_ODI_previous3_runs": [], "club_ODI_previous3_wickets": [], "club_ODI_previous3_balls played": [], "club_ODI_previous3_overs": [], "club_ODI_previous3_runs gave": [], "club_ODI_lifetime_runs": 0.0, "club_ODI_lifetime_wickets": 0.0, "club_ODI_lifetime_balls played": 0.0, "club_ODI_lifetime_overs": 0.0, "club_ODI_lifetime_runs gave": 0.0, "club_Test_previous3_runs": [], "club_Test_previous3_wickets": [], "club_Test_previous3_balls played": [], "club_Test_previous3_overs": [], "club_Test_previous3_runs gave": [], "club_Test_lifetime_runs": 0.0, "club_Test_lifetime_wickets": 0.0, "club_Test_lifetime_balls played": 0.0, "club_Test_lifetime_overs": 0.0, "club_Test_lifetime_runs gave": 0.0, "club_T20_previous3_runs": [], "club_T20_previous3_wickets": [], "club_T20_previous3_balls played": [], "club_T20_previous3_overs": [], "club_T20_previous3_runs gave": [], "club_T20_lifetime_runs": 0.0, "club_T20_lifetime_wickets": 0.0, "club_T20_lifetime_balls played": 0.0, "club_T20_lifetime_overs": 0.0, "club_T20_lifetime_runs gave": 0.0, "international_ODI_previous3_runs": [1.0, 1.0, 0.0], "international_ODI_previous3_wickets": [1.0, 2.0, 1.0], "international_ODI_previous3_balls played": [1.0, 1.0, 5.0], "international_ODI_previous3_overs": [9.0, 10.0, 10.0], "international_ODI_previous3_runs gave": [52.0, 33.0, 62.0], "international_ODI_lifetime_runs": 18.0, "international_ODI_lifetime_wickets": 22.0, "international_ODI_lifetime_balls played": 55.0, "international_ODI_lifetime_overs": 149.16666666666669, "international_ODI_lifetime_runs gave": 797.0, "international_Test_previous3_runs": [], "international_Test_previous3_wickets": [], "international_Test_previous3_balls played": [], "international_Test_previous3_overs": [], "international_Test_previous3_runs gave": [], "international_Test_lifetime_runs": 0.0, "international_Test_lifetime_wickets": 0.0, "international_Test_lifetime_balls played": 0.0, "international_Test_lifetime_overs": 0.0, "international_Test_lifetime_runs gave": 0.0, "international_T20_previous3_runs": [0.0, 1.0, 1.0], "international_T20_previous3_wickets": [1.0, 0.0, 0.0], "international_T20_previous3_balls played": [0.0, 3.0, 1.0], "international_T20_previous3_overs": [3.0, 3.0, 3.0], "international_T20_previous3_runs gave": [14.0, 35.0, 23.0], "international_T20_lifetime_runs": 6.0, "international_T20_lifetime_wickets": 17.0, "international_T20_lifetime_balls played": 16.0, "international_T20_lifetime_overs": 61.833333333333336, "international_T20_lifetime_runs gave": 483.0}