{"played_against": {"89394502": {"runs": 2, "balls": 2, "wickets": 0}, "a4afc486": {"runs": 3, "balls": 3, "wickets": 0}, "e5117568": {"runs": 0, "balls": 2, "wickets": 0}, "8b7ce771": {"runs": 1, "balls": 2, "wickets": 0}, "602ebd4c": {"runs": 2, "balls": 3, "wickets": 0}, "45ca12a7": {"runs": 1, "balls": 2, "wickets": 0}, "d76ab352": {"runs": 0, "balls": 7, "wickets": 0}, "31c04b7b": {"runs": 2, "balls": 5, "wickets": 1}}, "fifties": 0, "thirties": 0, "centuries": 0, "maidens": 0.0, "hattricks": 1, "club_ODI_previous3_runs": [], "club_ODI_previous3_wickets": [], "club_ODI_previous3_balls played": [], "club_ODI_previous3_overs": [], "club_ODI_previous3_runs gave": [], "club_ODI_lifetime_runs": 0.0, "club_ODI_lifetime_wickets": 0.0, "club_ODI_lifetime_balls played": 0.0, "club_ODI_lifetime_overs": 0.0, "club_ODI_lifetime_runs gave": 0.0, "club_Test_previous3_runs": [], "club_Test_previous3_wickets": [], "club_Test_previous3_balls played": [], "club_Test_previous3_overs": [], "club_Test_previous3_runs gave": [], "club_Test_lifetime_runs": 0.0, "club_Test_lifetime_wickets": 0.0, "club_Test_lifetime_balls played": 0.0, "club_Test_lifetime_overs": 0.0, "club_Test_lifetime_runs gave": 0.0, "club_T20_previous3_runs": [], "club_T20_previous3_wickets": [], "club_T20_previous3_balls played": [], "club_T20_previous3_overs": [], "club_T20_previous3_runs gave": [], "club_T20_lifetime_runs": 0.0, "club_T20_lifetime_wickets": 0.0, "club_T20_lifetime_balls played": 0.0, "club_T20_lifetime_overs": 0.0, "club_T20_lifetime_runs gave": 0.0, "international_ODI_previous3_runs": [2.0], "international_ODI_previous3_wickets": [1.0], "international_ODI_previous3_balls played": [12.0], "international_ODI_previous3_overs": [6.0], "international_ODI_previous3_runs gave": [46.0], "international_ODI_lifetime_runs": 2.0, "international_ODI_lifetime_wickets": 1.0, "international_ODI_lifetime_balls played": 12.0, "international_ODI_lifetime_overs": 6.0, "international_ODI_lifetime_runs gave": 46.0, "international_Test_previous3_runs": [], "international_Test_previous3_wickets": [], "international_Test_previous3_balls played": [], "international_Test_previous3_overs": [], "international_Test_previous3_runs gave": [], "international_Test_lifetime_runs": 0.0, "international_Test_lifetime_wickets": 0.0, "international_Test_lifetime_balls played": 0.0, "international_Test_lifetime_overs": 0.0, "international_Test_lifetime_runs gave": 0.0, "international_T20_previous3_runs": [0.0, 0.0, 9.0], "international_T20_previous3_wickets": [4.0, 1.0, 0.0], "international_T20_previous3_balls played": [0.0, 0.0, 16.0], "international_T20_previous3_overs": [2.1666666666666665, 2.0, 4.0], "international_T20_previous3_runs gave": [6.0, 7.0, 16.0], "international_T20_lifetime_runs": 9.0, "international_T20_lifetime_wickets": 7.0, "international_T20_lifetime_balls played": 16.0, "international_T20_lifetime_overs": 10.0, "international_T20_lifetime_runs gave": 33.0}