{"played_against": {"cc3884f9": {"runs": 0, "balls": 6, "wickets": 0}, "8c5775f3": {"runs": 15, "balls": 16, "wickets": 0}, "108c4c09": {"runs": 12, "balls": 11, "wickets": 0}, "63e3b6b3": {"runs": 11, "balls": 22, "wickets": 0}, "4d4605e6": {"runs": 12, "balls": 9, "wickets": 0}, "7544bf30": {"runs": 8, "balls": 9, "wickets": 0}, "386f410e": {"runs": 8, "balls": 15, "wickets": 1}, "6d76bc23": {"runs": 18, "balls": 9, "wickets": 0}, "16443d2f": {"runs": 9, "balls": 10, "wickets": 0}, "bf5e7711": {"runs": 6, "balls": 3, "wickets": 0}, "32b461b1": {"runs": 6, "balls": 8, "wickets": 0}, "80fdc330": {"runs": 2, "balls": 2, "wickets": 0}, "3c567308": {"runs": 3, "balls": 7, "wickets": 0}, "c4022bff": {"runs": 14, "balls": 12, "wickets": 0}, "e607fb68": {"runs": 11, "balls": 10, "wickets": 1}, "6348c6e9": {"runs": 1, "balls": 2, "wickets": 0}, "752183c1": {"runs": 1, "balls": 4, "wickets": 0}, "005f0561": {"runs": 0, "balls": 1, "wickets": 1}, "ba3e9054": {"runs": 0, "balls": 4, "wickets": 0}, "b287e7b1": {"runs": 0, "balls": 1, "wickets": 1}, "17608a6f": {"runs": 5, "balls": 9, "wickets": 0}, "be150fc8": {"runs": 1, "balls": 1, "wickets": 0}, "4ed7d23f": {"runs": 10, "balls": 8, "wickets": 0}, "0475a86b": {"runs": 1, "balls": 7, "wickets": 1}, "ea8b65ab": {"runs": 3, "balls": 8, "wickets": 0}, "9706e64b": {"runs": 0, "balls": 2, "wickets": 1}}, "fifties": 0, "thirties": 3, "centuries": 0, "maidens": 0.0, "hattricks": 0, "club_ODI_previous3_runs": [], "club_ODI_previous3_wickets": [], "club_ODI_previous3_balls played": [], "club_ODI_previous3_overs": [], "club_ODI_previous3_runs gave": [], "club_ODI_lifetime_runs": 0.0, "club_ODI_lifetime_wickets": 0.0, "club_ODI_lifetime_balls played": 0.0, "club_ODI_lifetime_overs": 0.0, "club_ODI_lifetime_runs gave": 0.0, "club_Test_previous3_runs": [], "club_Test_previous3_wickets": [], "club_Test_previous3_balls played": [], "club_Test_previous3_overs": [], "club_Test_previous3_runs gave": [], "club_Test_lifetime_runs": 0.0, "club_Test_lifetime_wickets": 0.0, "club_Test_lifetime_balls played": 0.0, "club_Test_lifetime_overs": 0.0, "club_Test_lifetime_runs gave": 0.0, "club_T20_previous3_runs": [], "club_T20_previous3_wickets": [], "club_T20_previous3_balls played": [], "club_T20_previous3_overs": [], "club_T20_previous3_runs gave": [], "club_T20_lifetime_runs": 0.0, "club_T20_lifetime_wickets": 0.0, "club_T20_lifetime_balls played": 0.0, "club_T20_lifetime_overs": 0.0, "club_T20_lifetime_runs gave": 0.0, "international_ODI_previous3_runs": [0.0, 3.0], "international_ODI_previous3_wickets": [0.0, 0.0], "international_ODI_previous3_balls played": [5.0, 10.0], "international_ODI_previous3_overs": [0.0, 0.0], "international_ODI_previous3_runs gave": [0.0, 0.0], "international_ODI_lifetime_runs": 3.0, "international_ODI_lifetime_wickets": 0.0, "international_ODI_lifetime_balls played": 15.0, "international_ODI_lifetime_overs": 0.0, "international_ODI_lifetime_runs gave": 0.0, "international_Test_previous3_runs": [], "international_Test_previous3_wickets": [], "international_Test_previous3_balls played": [], "international_Test_previous3_overs": [], "international_Test_previous3_runs gave": [], "international_Test_lifetime_runs": 0.0, "international_Test_lifetime_wickets": 0.0, "international_Test_lifetime_balls played": 0.0, "international_Test_lifetime_overs": 0.0, "international_Test_lifetime_runs gave": 0.0, "international_T20_previous3_runs": [0.0, 0.0, 17.0], "international_T20_previous3_wickets": [0.0, 0.0, 0.0], "international_T20_previous3_balls played": [4.0, 1.0, 25.0], "international_T20_previous3_overs": [0.0, 0.0, 0.0], "international_T20_previous3_runs gave": [0.0, 0.0, 0.0], "international_T20_lifetime_runs": 154.0, "international_T20_lifetime_wickets": 0.0, "international_T20_lifetime_balls played": 181.0, "international_T20_lifetime_overs": 1.0, "international_T20_lifetime_runs gave": 9.0}