{"played_against": {"44d6a8b8": {"runs": 48, "balls": 61, "wickets": 0}, "c5d7b244": {"runs": 7, "balls": 9, "wickets": 0}, "dcdb87f2": {"runs": 25, "balls": 27, "wickets": 2}, "34464143": {"runs": 22, "balls": 13, "wickets": 0}, "934b36a6": {"runs": 2, "balls": 13, "wickets": 1}, "bb134e5c": {"runs": 7, "balls": 14, "wickets": 1}, "3c87f0c3": {"runs": 4, "balls": 3, "wickets": 0}, "bd9fbd51": {"runs": 13, "balls": 15, "wickets": 1}, "72253b87": {"runs": 24, "balls": 23, "wickets": 1}, "9920dd86": {"runs": 37, "balls": 45, "wickets": 1}, "c70448aa": {"runs": 22, "balls": 27, "wickets": 1}, "4d84ad05": {"runs": 5, "balls": 16, "wickets": 0}, "a64e3b89": {"runs": 18, "balls": 22, "wickets": 0}, "a36915ce": {"runs": 29, "balls": 23, "wickets": 0}, "270bf7e2": {"runs": 10, "balls": 21, "wickets": 0}, "1adb8ee8": {"runs": 75, "balls": 64, "wickets": 1}, "f53b3e1d": {"runs": 47, "balls": 58, "wickets": 2}, "1688f2dc": {"runs": 16, "balls": 34, "wickets": 1}, "e85d03d6": {"runs": 22, "balls": 63, "wickets": 2}, "c26cd57a": {"runs": 25, "balls": 20, "wickets": 0}, "95a5e066": {"runs": 23, "balls": 25, "wickets": 2}, "72e60730": {"runs": 5, "balls": 14, "wickets": 1}, "0730a707": {"runs": 11, "balls": 19, "wickets": 0}, "cd4d7695": {"runs": 23, "balls": 21, "wickets": 0}, "9811e35e": {"runs": 69, "balls": 45, "wickets": 4}, "b410bd3d": {"runs": 83, "balls": 67, "wickets": 1}, "7e9f1cde": {"runs": 30, "balls": 44, "wickets": 0}, "1747ea18": {"runs": 24, "balls": 47, "wickets": 1}, "4d1ec7eb": {"runs": 2, "balls": 11, "wickets": 0}, "c1077ba3": {"runs": 4, "balls": 16, "wickets": 0}, "cde067e1": {"runs": 1, "balls": 1, "wickets": 0}, "6ad2d5f7": {"runs": 17, "balls": 18, "wickets": 1}, "c6e10e5c": {"runs": 42, "balls": 47, "wickets": 0}, "b0eaaac6": {"runs": 41, "balls": 35, "wickets": 0}, "f7d267f7": {"runs": 48, "balls": 52, "wickets": 1}, "5ec41cd7": {"runs": 104, "balls": 71, "wickets": 2}, "c8a3f688": {"runs": 41, "balls": 52, "wickets": 0}, "e93b6c95": {"runs": 27, "balls": 12, "wickets": 0}, "e258a603": {"runs": 3, "balls": 8, "wickets": 0}, "f28a60e0": {"runs": 5, "balls": 5, "wickets": 0}, "14810ee7": {"runs": 5, "balls": 12, "wickets": 0}, "bb9b51f4": {"runs": 0, "balls": 1, "wickets": 1}, "915264c2": {"runs": 12, "balls": 19, "wickets": 0}, "27b8d7b6": {"runs": 35, "balls": 24, "wickets": 0}, "ff6a7ab5": {"runs": 19, "balls": 11, "wickets": 0}, "9f998ed8": {"runs": 16, "balls": 17, "wickets": 1}, "42bf1b7d": {"runs": 19, "balls": 25, "wickets": 0}, "9e0bd203": {"runs": 19, "balls": 18, "wickets": 0}, "0b581ed6": {"runs": 18, "balls": 16, "wickets": 0}, "aea11d1d": {"runs": 10, "balls": 10, "wickets": 0}, "b80dd12c": {"runs": 7, "balls": 4, "wickets": 0}, "526e006d": {"runs": 18, "balls": 26, "wickets": 0}, "49dc9cb4": {"runs": 2, "balls": 8, "wickets": 0}, "23cca426": {"runs": 2, "balls": 3, "wickets": 0}, "75224f22": {"runs": 5, "balls": 4, "wickets": 0}, "3feda4fa": {"runs": 15, "balls": 34, "wickets": 1}, "78bb68d4": {"runs": 7, "balls": 12, "wickets": 1}, "a97c8ec2": {"runs": 2, "balls": 3, "wickets": 0}, "3ff033bb": {"runs": 6, "balls": 3, "wickets": 0}, "469ccead": {"runs": 6, "balls": 9, "wickets": 0}, "f43dd8c2": {"runs": 17, "balls": 18, "wickets": 1}, "1252f71a": {"runs": 4, "balls": 12, "wickets": 0}, "13c35c9e": {"runs": 23, "balls": 9, "wickets": 0}, "79f5bc26": {"runs": 1, "balls": 1, "wickets": 0}, "e4a0deae": {"runs": 13, "balls": 17, "wickets": 1}, "68c56d09": {"runs": 14, "balls": 7, "wickets": 0}, "d285acaf": {"runs": 1, "balls": 2, "wickets": 0}, "9219eff0": {"runs": 14, "balls": 11, "wickets": 0}, "321be7e3": {"runs": 6, "balls": 7, "wickets": 1}, "1a54d618": {"runs": 0, "balls": 1, "wickets": 0}, "f4a2d087": {"runs": 0, "balls": 1, "wickets": 1}, "a9a18e3e": {"runs": 13, "balls": 16, "wickets": 0}, "0cfb42b5": {"runs": 13, "balls": 17, "wickets": 1}, "1e569fb0": {"runs": 36, "balls": 13, "wickets": 1}, "e29e9c12": {"runs": 26, "balls": 16, "wickets": 0}, "b3b39bed": {"runs": 8, "balls": 6, "wickets": 0}, "c9d05f1a": {"runs": 3, "balls": 7, "wickets": 1}, "d3851cd8": {"runs": 5, "balls": 7, "wickets": 0}, "e3eb9e46": {"runs": 6, "balls": 3, "wickets": 1}, "a1e80d06": {"runs": 0, "balls": 2, "wickets": 1}, "e741ed8f": {"runs": 13, "balls": 12, "wickets": 0}, "ecdd8d60": {"runs": 22, "balls": 15, "wickets": 0}, "20481563": {"runs": 13, "balls": 17, "wickets": 1}, "9ffb7550": {"runs": 2, "balls": 3, "wickets": 0}, "f8c72766": {"runs": 8, "balls": 10, "wickets": 1}, "c01d7726": {"runs": 4, "balls": 6, "wickets": 0}, "2ecd844a": {"runs": 1, "balls": 9, "wickets": 1}, "a80cc0cc": {"runs": 21, "balls": 7, "wickets": 0}, "42a01b52": {"runs": 6, "balls": 5, "wickets": 0}, "b9cfb0b1": {"runs": 7, "balls": 4, "wickets": 0}, "b561e8ea": {"runs": 8, "balls": 4, "wickets": 0}, "db95ddeb": {"runs": 5, "balls": 3, "wickets": 0}, "596982e6": {"runs": 26, "balls": 7, "wickets": 0}, "d7bfcc0b": {"runs": 14, "balls": 8, "wickets": 0}, "369cc49c": {"runs": 17, "balls": 8, "wickets": 0}, "7cff331d": {"runs": 1, "balls": 2, "wickets": 0}, "1f4a78c5": {"runs": 4, "balls": 1, "wickets": 0}, "97b0e4ff": {"runs": 1, "balls": 3, "wickets": 0}, "fe5175ce": {"runs": 12, "balls": 9, "wickets": 0}, "b4296080": {"runs": 1, "balls": 2, "wickets": 0}, "89ce57a8": {"runs": 3, "balls": 8, "wickets": 0}, "f468293b": {"runs": 21, "balls": 10, "wickets": 0}, "3847ec84": {"runs": 12, "balls": 4, "wickets": 0}, "23f94c02": {"runs": 8, "balls": 7, "wickets": 0}, "0bf15e52": {"runs": 2, "balls": 8, "wickets": 1}, "9c1b1f4b": {"runs": 2, "balls": 2, "wickets": 0}, "537021f5": {"runs": 6, "balls": 4, "wickets": 0}, "e28bb0b9": {"runs": 10, "balls": 4, "wickets": 0}, "75be3b2a": {"runs": 10, "balls": 5, "wickets": 1}, "96f5b685": {"runs": 1, "balls": 1, "wickets": 0}}, "fifties": 3, "thirties": 16, "centuries": 0, "maidens": 0.0, "hattricks": 0, "club_ODI_previous3_runs": [], "club_ODI_previous3_wickets": [], "club_ODI_previous3_balls played": [], "club_ODI_previous3_overs": [], "club_ODI_previous3_runs gave": [], "club_ODI_lifetime_runs": 0.0, "club_ODI_lifetime_wickets": 0.0, "club_ODI_lifetime_balls played": 0.0, "club_ODI_lifetime_overs": 0.0, "club_ODI_lifetime_runs gave": 0.0, "club_Test_previous3_runs": [], "club_Test_previous3_wickets": [], "club_Test_previous3_balls played": [], "club_Test_previous3_overs": [], "club_Test_previous3_runs gave": [], "club_Test_lifetime_runs": 0.0, "club_Test_lifetime_wickets": 0.0, "club_Test_lifetime_balls played": 0.0, "club_Test_lifetime_overs": 0.0, "club_Test_lifetime_runs gave": 0.0, "club_T20_previous3_runs": [0.0], "club_T20_previous3_wickets": [0.0], "club_T20_previous3_balls played": [0.0], "club_T20_previous3_overs": [0.0], "club_T20_previous3_runs gave": [0.0], "club_T20_lifetime_runs": 0.0, "club_T20_lifetime_wickets": 0.0, "club_T20_lifetime_balls played": 0.0, "club_T20_lifetime_overs": 0.0, "club_T20_lifetime_runs gave": 0.0, "international_ODI_previous3_runs": [2.0, 51.0, 26.0], "international_ODI_previous3_wickets": [0.0, 0.0, 0.0], "international_ODI_previous3_balls played": [6.0, 49.0, 62.0], "international_ODI_previous3_overs": [0.0, 0.0, 0.0], "international_ODI_previous3_runs gave": [0.0, 0.0, 0.0], "international_ODI_lifetime_runs": 1155.0, "international_ODI_lifetime_wickets": 0.0, "international_ODI_lifetime_balls played": 1388.0, "international_ODI_lifetime_overs": 0.0, "international_ODI_lifetime_runs gave": 0.0, "international_Test_previous3_runs": [], "international_Test_previous3_wickets": [], "international_Test_previous3_balls played": [], "international_Test_previous3_overs": [], "international_Test_previous3_runs gave": [], "international_Test_lifetime_runs": 0.0, "international_Test_lifetime_wickets": 0.0, "international_Test_lifetime_balls played": 0.0, "international_Test_lifetime_overs": 0.0, "international_Test_lifetime_runs gave": 0.0, "international_T20_previous3_runs": [16.0, 48.0, 9.0], "international_T20_previous3_wickets": [0.0, 0.0, 0.0], "international_T20_previous3_balls played": [17.0, 30.0, 10.0], "international_T20_previous3_overs": [0.0, 0.0, 0.0], "international_T20_previous3_runs gave": [0.0, 0.0, 0.0], "international_T20_lifetime_runs": 593.0, "international_T20_lifetime_wickets": 0.0, "international_T20_lifetime_balls played": 430.0, "international_T20_lifetime_overs": 0.0, "international_T20_lifetime_runs gave": 0.0}