{"played_against": {"96513a65": {"runs": 8, "balls": 10, "wickets": 0}, "871e9faf": {"runs": 0, "balls": 2, "wickets": 0}, "92d07362": {"runs": 2, "balls": 5, "wickets": 0}, "ade90de7": {"runs": 1, "balls": 3, "wickets": 1}, "bee290b6": {"runs": 1, "balls": 1, "wickets": 0}, "f0380005": {"runs": 12, "balls": 5, "wickets": 1}, "de4b0555": {"runs": 2, "balls": 2, "wickets": 0}, "709b0bac": {"runs": 7, "balls": 5, "wickets": 0}, "b2a55ac1": {"runs": 0, "balls": 2, "wickets": 1}, "b8527c3d": {"runs": 0, "balls": 0, "wickets": 0}, "74de56cf": {"runs": 1, "balls": 2, "wickets": 1}, "a082d97a": {"runs": 1, "balls": 2, "wickets": 0}, "911d04ad": {"runs": 1, "balls": 2, "wickets": 0}, "242a9261": {"runs": 0, "balls": 2, "wickets": 1}, "dde809f3": {"runs": 6, "balls": 2, "wickets": 0}, "d6ac52e8": {"runs": 0, "balls": 1, "wickets": 0}, "4948a916": {"runs": 3, "balls": 3, "wickets": 0}, "4d528d92": {"runs": 7, "balls": 4, "wickets": 0}, "65d905ea": {"runs": 0, "balls": 1, "wickets": 1}, "96477053": {"runs": 8, "balls": 4, "wickets": 1}, "f29185a1": {"runs": 0, "balls": 2, "wickets": 0}, "dcf81436": {"runs": 0, "balls": 2, "wickets": 1}}, "fifties": 0, "thirties": 0, "centuries": 0, "maidens": 0.0, "hattricks": 0, "club_ODI_previous3_runs": [], "club_ODI_previous3_wickets": [], "club_ODI_previous3_balls played": [], "club_ODI_previous3_overs": [], "club_ODI_previous3_runs gave": [], "club_ODI_lifetime_runs": 0.0, "club_ODI_lifetime_wickets": 0.0, "club_ODI_lifetime_balls played": 0.0, "club_ODI_lifetime_overs": 0.0, "club_ODI_lifetime_runs gave": 0.0, "club_Test_previous3_runs": [], "club_Test_previous3_wickets": [], "club_Test_previous3_balls played": [], "club_Test_previous3_overs": [], "club_Test_previous3_runs gave": [], "club_Test_lifetime_runs": 0.0, "club_Test_lifetime_wickets": 0.0, "club_Test_lifetime_balls played": 0.0, "club_Test_lifetime_overs": 0.0, "club_Test_lifetime_runs gave": 0.0, "club_T20_previous3_runs": [10.0, 8.0, 0.0], "club_T20_previous3_wickets": [0.0, 0.0, 0.0], "club_T20_previous3_balls played": [8.0, 4.0, 4.0], "club_T20_previous3_overs": [0.0, 0.0, 0.0], "club_T20_previous3_runs gave": [0.0, 0.0, 0.0], "club_T20_lifetime_runs": 60.0, "club_T20_lifetime_wickets": 0.0, "club_T20_lifetime_balls played": 64.0, "club_T20_lifetime_overs": 0.0, "club_T20_lifetime_runs gave": 0.0, "international_ODI_previous3_runs": [], "international_ODI_previous3_wickets": [], "international_ODI_previous3_balls played": [], "international_ODI_previous3_overs": [], "international_ODI_previous3_runs gave": [], "international_ODI_lifetime_runs": 0.0, "international_ODI_lifetime_wickets": 0.0, "international_ODI_lifetime_balls played": 0.0, "international_ODI_lifetime_overs": 0.0, "international_ODI_lifetime_runs gave": 0.0, "international_Test_previous3_runs": [], "international_Test_previous3_wickets": [], "international_Test_previous3_balls played": [], "international_Test_previous3_overs": [], "international_Test_previous3_runs gave": [], "international_Test_lifetime_runs": 0.0, "international_Test_lifetime_wickets": 0.0, "international_Test_lifetime_balls played": 0.0, "international_Test_lifetime_overs": 0.0, "international_Test_lifetime_runs gave": 0.0, "international_T20_previous3_runs": [], "international_T20_previous3_wickets": [], "international_T20_previous3_balls played": [], "international_T20_previous3_overs": [], "international_T20_previous3_runs gave": [], "international_T20_lifetime_runs": 0.0, "international_T20_lifetime_wickets": 0.0, "international_T20_lifetime_balls played": 0.0, "international_T20_lifetime_overs": 0.0, "international_T20_lifetime_runs gave": 0.0}