{"played_against": {"98d05440": {"runs": 1, "balls": 1, "wickets": 0}, "64fb6b15": {"runs": 5, "balls": 7, "wickets": 0}, "f53b3e1d": {"runs": 1, "balls": 1, "wickets": 0}, "82294960": {"runs": 2, "balls": 2, "wickets": 0}, "6ad2d5f7": {"runs": 6, "balls": 4, "wickets": 0}, "5bbabe59": {"runs": 1, "balls": 10, "wickets": 0}, "dadb9703": {"runs": 6, "balls": 12, "wickets": 0}, "59792462": {"runs": 0, "balls": 2, "wickets": 1}, "afe57f7a": {"runs": 9, "balls": 7, "wickets": 0}, "26d041c4": {"runs": 2, "balls": 7, "wickets": 0}, "49691d7a": {"runs": 0, "balls": 4, "wickets": 1}, "bd9fbd51": {"runs": 0, "balls": 1, "wickets": 1}, "f8035c2a": {"runs": 0, "balls": 1, "wickets": 0}, "d8976cb7": {"runs": 1, "balls": 3, "wickets": 1}, "681f522f": {"runs": 8, "balls": 2, "wickets": 0}, "f28a60e0": {"runs": 0, "balls": 1, "wickets": 1}, "05c2ca46": {"runs": 1, "balls": 1, "wickets": 0}, "d99cc23a": {"runs": 1, "balls": 4, "wickets": 1}, "0dbe27b8": {"runs": 1, "balls": 4, "wickets": 0}, "4557dc54": {"runs": 1, "balls": 1, "wickets": 0}, "c042b412": {"runs": 7, "balls": 2, "wickets": 0}, "1252f71a": {"runs": 0, "balls": 1, "wickets": 1}, "40aea524": {"runs": 0, "balls": 2, "wickets": 1}, "b9fd3959": {"runs": 5, "balls": 7, "wickets": 0}, "62141a22": {"runs": 13, "balls": 10, "wickets": 1}, "20481563": {"runs": 6, "balls": 1, "wickets": 0}, "f092b4c7": {"runs": 0, "balls": 2, "wickets": 1}, "d3851cd8": {"runs": 1, "balls": 1, "wickets": 0}, "f6c2659d": {"runs": 0, "balls": 1, "wickets": 1}}, "fifties": 0, "thirties": 0, "centuries": 0, "maidens": 4.0, "hattricks": 1, "club_ODI_previous3_runs": [], "club_ODI_previous3_wickets": [], "club_ODI_previous3_balls played": [], "club_ODI_previous3_overs": [], "club_ODI_previous3_runs gave": [], "club_ODI_lifetime_runs": 0.0, "club_ODI_lifetime_wickets": 0.0, "club_ODI_lifetime_balls played": 0.0, "club_ODI_lifetime_overs": 0.0, "club_ODI_lifetime_runs gave": 0.0, "club_Test_previous3_runs": [], "club_Test_previous3_wickets": [], "club_Test_previous3_balls played": [], "club_Test_previous3_overs": [], "club_Test_previous3_runs gave": [], "club_Test_lifetime_runs": 0.0, "club_Test_lifetime_wickets": 0.0, "club_Test_lifetime_balls played": 0.0, "club_Test_lifetime_overs": 0.0, "club_Test_lifetime_runs gave": 0.0, "club_T20_previous3_runs": [], "club_T20_previous3_wickets": [], "club_T20_previous3_balls played": [], "club_T20_previous3_overs": [], "club_T20_previous3_runs gave": [], "club_T20_lifetime_runs": 0.0, "club_T20_lifetime_wickets": 0.0, "club_T20_lifetime_balls played": 0.0, "club_T20_lifetime_overs": 0.0, "club_T20_lifetime_runs gave": 0.0, "international_ODI_previous3_runs": [7.0, 11.0], "international_ODI_previous3_wickets": [0.0, 0.0], "international_ODI_previous3_balls played": [24.0, 18.0], "international_ODI_previous3_overs": [6.0, 6.0], "international_ODI_previous3_runs gave": [30.0, 28.0], "international_ODI_lifetime_runs": 18.0, "international_ODI_lifetime_wickets": 0.0, "international_ODI_lifetime_balls played": 42.0, "international_ODI_lifetime_overs": 12.0, "international_ODI_lifetime_runs gave": 58.0, "international_Test_previous3_runs": [], "international_Test_previous3_wickets": [], "international_Test_previous3_balls played": [], "international_Test_previous3_overs": [], "international_Test_previous3_runs gave": [], "international_Test_lifetime_runs": 0.0, "international_Test_lifetime_wickets": 0.0, "international_Test_lifetime_balls played": 0.0, "international_Test_lifetime_overs": 0.0, "international_Test_lifetime_runs gave": 0.0, "international_T20_previous3_runs": [6.0, 0.0, 1.0], "international_T20_previous3_wickets": [4.0, 1.0, 0.0], "international_T20_previous3_balls played": [1.0, 2.0, 2.0], "international_T20_previous3_overs": [4.0, 3.5, 4.0], "international_T20_previous3_runs gave": [9.0, 15.0, 21.0], "international_T20_lifetime_runs": 60.0, "international_T20_lifetime_wickets": 17.0, "international_T20_lifetime_balls played": 61.0, "international_T20_lifetime_overs": 70.33333333333333, "international_T20_lifetime_runs gave": 403.0}