{"played_against": {"955e8e86": {"runs": 3, "balls": 2, "wickets": 0}, "cfe70281": {"runs": 5, "balls": 2, "wickets": 0}, "e5437608": {"runs": 6, "balls": 4, "wickets": 0}, "7955eb15": {"runs": 1, "balls": 2, "wickets": 1}, "9a2fc964": {"runs": 1, "balls": 2, "wickets": 0}, "b52ffbbd": {"runs": 2, "balls": 4, "wickets": 0}, "f834dcfc": {"runs": 11, "balls": 4, "wickets": 0}, "529eb9e0": {"runs": 0, "balls": 1, "wickets": 1}, "d9273ee7": {"runs": 2, "balls": 3, "wickets": 0}, "c0c411cb": {"runs": 3, "balls": 4, "wickets": 0}, "8db7f47f": {"runs": 7, "balls": 4, "wickets": 0}, "208f22ea": {"runs": 1, "balls": 1, "wickets": 0}, "28d6c44d": {"runs": 6, "balls": 2, "wickets": 0}, "3a60e0b5": {"runs": 1, "balls": 1, "wickets": 0}}, "fifties": 0, "thirties": 0, "centuries": 0, "maidens": 0.0, "hattricks": 1, "club_ODI_previous3_runs": [], "club_ODI_previous3_wickets": [], "club_ODI_previous3_balls played": [], "club_ODI_previous3_overs": [], "club_ODI_previous3_runs gave": [], "club_ODI_lifetime_runs": 0.0, "club_ODI_lifetime_wickets": 0.0, "club_ODI_lifetime_balls played": 0.0, "club_ODI_lifetime_overs": 0.0, "club_ODI_lifetime_runs gave": 0.0, "club_Test_previous3_runs": [], "club_Test_previous3_wickets": [], "club_Test_previous3_balls played": [], "club_Test_previous3_overs": [], "club_Test_previous3_runs gave": [], "club_Test_lifetime_runs": 0.0, "club_Test_lifetime_wickets": 0.0, "club_Test_lifetime_balls played": 0.0, "club_Test_lifetime_overs": 0.0, "club_Test_lifetime_runs gave": 0.0, "club_T20_previous3_runs": [0.0, 0.0, 7.0], "club_T20_previous3_wickets": [0.0, 0.0, 0.0], "club_T20_previous3_balls played": [0.0, 0.0, 3.0], "club_T20_previous3_overs": [0.0, 1.0, 0.0], "club_T20_previous3_runs gave": [0.0, 25.0, 0.0], "club_T20_lifetime_runs": 49.0, "club_T20_lifetime_wickets": 7.0, "club_T20_lifetime_balls played": 38.0, "club_T20_lifetime_overs": 18.833333333333336, "club_T20_lifetime_runs gave": 158.0, "international_ODI_previous3_runs": [], "international_ODI_previous3_wickets": [], "international_ODI_previous3_balls played": [], "international_ODI_previous3_overs": [], "international_ODI_previous3_runs gave": [], "international_ODI_lifetime_runs": 0.0, "international_ODI_lifetime_wickets": 0.0, "international_ODI_lifetime_balls played": 0.0, "international_ODI_lifetime_overs": 0.0, "international_ODI_lifetime_runs gave": 0.0, "international_Test_previous3_runs": [], "international_Test_previous3_wickets": [], "international_Test_previous3_balls played": [], "international_Test_previous3_overs": [], "international_Test_previous3_runs gave": [], "international_Test_lifetime_runs": 0.0, "international_Test_lifetime_wickets": 0.0, "international_Test_lifetime_balls played": 0.0, "international_Test_lifetime_overs": 0.0, "international_Test_lifetime_runs gave": 0.0, "international_T20_previous3_runs": [], "international_T20_previous3_wickets": [], "international_T20_previous3_balls played": [], "international_T20_previous3_overs": [], "international_T20_previous3_runs gave": [], "international_T20_lifetime_runs": 0.0, "international_T20_lifetime_wickets": 0.0, "international_T20_lifetime_balls played": 0.0, "international_T20_lifetime_overs": 0.0, "international_T20_lifetime_runs gave": 0.0}