{"played_against": {"f45cd5c8": {"runs": 2, "balls": 11, "wickets": 2}, "56d471f2": {"runs": 28, "balls": 47, "wickets": 0}, "d285acaf": {"runs": 0, "balls": 7, "wickets": 0}, "c9bb898a": {"runs": 20, "balls": 39, "wickets": 1}, "70f2f922": {"runs": 0, "balls": 3, "wickets": 0}, "1c06d60a": {"runs": 4, "balls": 10, "wickets": 1}, "2767c22a": {"runs": 11, "balls": 25, "wickets": 0}, "b03db6fa": {"runs": 2, "balls": 7, "wickets": 1}, "63a1874a": {"runs": 1, "balls": 10, "wickets": 1}, "e84ac20c": {"runs": 5, "balls": 31, "wickets": 0}, "861eed37": {"runs": 19, "balls": 28, "wickets": 1}, "dadbdb68": {"runs": 14, "balls": 13, "wickets": 0}, "b53136ce": {"runs": 1, "balls": 10, "wickets": 0}, "ebb1f8e8": {"runs": 12, "balls": 55, "wickets": 1}, "e3aa97a2": {"runs": 17, "balls": 30, "wickets": 0}, "94734e80": {"runs": 1, "balls": 4, "wickets": 0}, "fef92afc": {"runs": 4, "balls": 3, "wickets": 0}, "8e9a5d20": {"runs": 1, "balls": 1, "wickets": 0}, "93f25f4f": {"runs": 1, "balls": 1, "wickets": 0}, "5f966ec0": {"runs": 3, "balls": 3, "wickets": 0}, "90701232": {"runs": 0, "balls": 2, "wickets": 1}, "30f92334": {"runs": 0, "balls": 1, "wickets": 1}, "8f3f2d61": {"runs": 11, "balls": 12, "wickets": 0}, "74a1c1e3": {"runs": 7, "balls": 18, "wickets": 0}, "750d906e": {"runs": 10, "balls": 8, "wickets": 0}, "ac3e5a31": {"runs": 5, "balls": 5, "wickets": 0}, "13c35c9e": {"runs": 3, "balls": 4, "wickets": 0}, "78adc879": {"runs": 10, "balls": 8, "wickets": 0}, "7068c81e": {"runs": 7, "balls": 3, "wickets": 0}, "6be7b49d": {"runs": 2, "balls": 14, "wickets": 0}, "e515ed23": {"runs": 9, "balls": 19, "wickets": 0}, "be0c9f5b": {"runs": 0, "balls": 5, "wickets": 1}}, "fifties": 0, "thirties": 3, "centuries": 0, "maidens": 48.0, "hattricks": 6, "club_ODI_previous3_runs": [], "club_ODI_previous3_wickets": [], "club_ODI_previous3_balls played": [], "club_ODI_previous3_overs": [], "club_ODI_previous3_runs gave": [], "club_ODI_lifetime_runs": 0.0, "club_ODI_lifetime_wickets": 0.0, "club_ODI_lifetime_balls played": 0.0, "club_ODI_lifetime_overs": 0.0, "club_ODI_lifetime_runs gave": 0.0, "club_Test_previous3_runs": [4.0, 33.0, 35.0], "club_Test_previous3_wickets": [0.0, 1.0, 4.0], "club_Test_previous3_balls played": [4.0, 43.0, 118.0], "club_Test_previous3_overs": [16.0, 16.0, 40.666666666666664], "club_Test_previous3_runs gave": [79.0, 38.0, 88.0], "club_Test_lifetime_runs": 164.0, "club_Test_lifetime_wickets": 13.0, "club_Test_lifetime_balls played": 397.0, "club_Test_lifetime_overs": 235.16666666666666, "club_Test_lifetime_runs gave": 755.0, "club_T20_previous3_runs": [0.0, 0.0, 2.0], "club_T20_previous3_wickets": [1.0, 2.0, 2.0], "club_T20_previous3_balls played": [0.0, 0.0, 1.0], "club_T20_previous3_overs": [3.8333333333333335, 3.0, 3.0], "club_T20_previous3_runs gave": [29.0, 28.0, 14.0], "club_T20_lifetime_runs": 46.0, "club_T20_lifetime_wickets": 39.0, "club_T20_lifetime_balls played": 42.0, "club_T20_lifetime_overs": 94.99999999999999, "club_T20_lifetime_runs gave": 711.0, "international_ODI_previous3_runs": [], "international_ODI_previous3_wickets": [], "international_ODI_previous3_balls played": [], "international_ODI_previous3_overs": [], "international_ODI_previous3_runs gave": [], "international_ODI_lifetime_runs": 0.0, "international_ODI_lifetime_wickets": 0.0, "international_ODI_lifetime_balls played": 0.0, "international_ODI_lifetime_overs": 0.0, "international_ODI_lifetime_runs gave": 0.0, "international_Test_previous3_runs": [], "international_Test_previous3_wickets": [], "international_Test_previous3_balls played": [], "international_Test_previous3_overs": [], "international_Test_previous3_runs gave": [], "international_Test_lifetime_runs": 0.0, "international_Test_lifetime_wickets": 0.0, "international_Test_lifetime_balls played": 0.0, "international_Test_lifetime_overs": 0.0, "international_Test_lifetime_runs gave": 0.0, "international_T20_previous3_runs": [], "international_T20_previous3_wickets": [], "international_T20_previous3_balls played": [], "international_T20_previous3_overs": [], "international_T20_previous3_runs gave": [], "international_T20_lifetime_runs": 0.0, "international_T20_lifetime_wickets": 0.0, "international_T20_lifetime_balls played": 0.0, "international_T20_lifetime_overs": 0.0, "international_T20_lifetime_runs gave": 0.0}