{"played_against": {"663b5e34": {"runs": 8, "balls": 7, "wickets": 0}, "4c7543cf": {"runs": 4, "balls": 5, "wickets": 0}, "783e6111": {"runs": 2, "balls": 2, "wickets": 0}, "5a004050": {"runs": 9, "balls": 6, "wickets": 0}, "1e66c162": {"runs": 13, "balls": 7, "wickets": 0}, "6d981899": {"runs": 1, "balls": 1, "wickets": 0}, "09ea761c": {"runs": 1, "balls": 1, "wickets": 0}, "9170ff49": {"runs": 7, "balls": 2, "wickets": 0}, "41eb4a4f": {"runs": 6, "balls": 3, "wickets": 0}, "957532de": {"runs": 5, "balls": 5, "wickets": 1}, "d8b2f218": {"runs": 1, "balls": 2, "wickets": 0}, "8b5b6769": {"runs": 1, "balls": 2, "wickets": 0}, "a9fd84fb": {"runs": 9, "balls": 7, "wickets": 0}, "dcf81436": {"runs": 1, "balls": 5, "wickets": 0}, "ae78bc32": {"runs": 1, "balls": 3, "wickets": 1}, "0994d0ae": {"runs": 6, "balls": 7, "wickets": 0}, "e2db2409": {"runs": 3, "balls": 7, "wickets": 0}, "2e099662": {"runs": 1, "balls": 2, "wickets": 1}, "4b31f3a3": {"runs": 5, "balls": 2, "wickets": 0}, "cd8d2859": {"runs": 1, "balls": 2, "wickets": 0}, "f986ca1a": {"runs": 6, "balls": 6, "wickets": 0}, "e4072aa1": {"runs": 9, "balls": 4, "wickets": 0}, "8998a68f": {"runs": 10, "balls": 3, "wickets": 0}, "ad427b5c": {"runs": 1, "balls": 1, "wickets": 0}, "bee290b6": {"runs": 2, "balls": 3, "wickets": 0}, "fb2d1dda": {"runs": 0, "balls": 1, "wickets": 1}, "6ab96cc2": {"runs": 1, "balls": 2, "wickets": 0}, "1b7c4d69": {"runs": 0, "balls": 1, "wickets": 1}}, "fifties": 0, "thirties": 1, "centuries": 0, "maidens": 0.0, "hattricks": 2, "club_ODI_previous3_runs": [], "club_ODI_previous3_wickets": [], "club_ODI_previous3_balls played": [], "club_ODI_previous3_overs": [], "club_ODI_previous3_runs gave": [], "club_ODI_lifetime_runs": 0.0, "club_ODI_lifetime_wickets": 0.0, "club_ODI_lifetime_balls played": 0.0, "club_ODI_lifetime_overs": 0.0, "club_ODI_lifetime_runs gave": 0.0, "club_Test_previous3_runs": [], "club_Test_previous3_wickets": [], "club_Test_previous3_balls played": [], "club_Test_previous3_overs": [], "club_Test_previous3_runs gave": [], "club_Test_lifetime_runs": 0.0, "club_Test_lifetime_wickets": 0.0, "club_Test_lifetime_balls played": 0.0, "club_Test_lifetime_overs": 0.0, "club_Test_lifetime_runs gave": 0.0, "club_T20_previous3_runs": [0.0, 3.0, 2.0], "club_T20_previous3_wickets": [1.0, 0.0, 0.0], "club_T20_previous3_balls played": [0.0, 5.0, 5.0], "club_T20_previous3_overs": [4.0, 1.0, 4.0], "club_T20_previous3_runs gave": [21.0, 6.0, 42.0], "club_T20_lifetime_runs": 114.0, "club_T20_lifetime_wickets": 15.0, "club_T20_lifetime_balls played": 100.0, "club_T20_lifetime_overs": 63.66666666666667, "club_T20_lifetime_runs gave": 443.0, "international_ODI_previous3_runs": [], "international_ODI_previous3_wickets": [], "international_ODI_previous3_balls played": [], "international_ODI_previous3_overs": [], "international_ODI_previous3_runs gave": [], "international_ODI_lifetime_runs": 0.0, "international_ODI_lifetime_wickets": 0.0, "international_ODI_lifetime_balls played": 0.0, "international_ODI_lifetime_overs": 0.0, "international_ODI_lifetime_runs gave": 0.0, "international_Test_previous3_runs": [], "international_Test_previous3_wickets": [], "international_Test_previous3_balls played": [], "international_Test_previous3_overs": [], "international_Test_previous3_runs gave": [], "international_Test_lifetime_runs": 0.0, "international_Test_lifetime_wickets": 0.0, "international_Test_lifetime_balls played": 0.0, "international_Test_lifetime_overs": 0.0, "international_Test_lifetime_runs gave": 0.0, "international_T20_previous3_runs": [], "international_T20_previous3_wickets": [], "international_T20_previous3_balls played": [], "international_T20_previous3_overs": [], "international_T20_previous3_runs gave": [], "international_T20_lifetime_runs": 0.0, "international_T20_lifetime_wickets": 0.0, "international_T20_lifetime_balls played": 0.0, "international_T20_lifetime_overs": 0.0, "international_T20_lifetime_runs gave": 0.0}