{"played_against": {"569bbcbb": {"runs": 1, "balls": 3, "wickets": 0}, "d12ec7b3": {"runs": 22, "balls": 16, "wickets": 0}, "907e30d9": {"runs": 1, "balls": 3, "wickets": 0}, "eb9082b2": {"runs": 13, "balls": 11, "wickets": 0}, "9908d470": {"runs": 13, "balls": 9, "wickets": 1}, "416863d4": {"runs": 17, "balls": 14, "wickets": 1}, "2ffdf67d": {"runs": 8, "balls": 4, "wickets": 0}, "be59ed3f": {"runs": 2, "balls": 2, "wickets": 0}, "556ad437": {"runs": 11, "balls": 7, "wickets": 0}, "ec8132b2": {"runs": 12, "balls": 11, "wickets": 0}, "66d258e2": {"runs": 7, "balls": 9, "wickets": 0}, "d37581d9": {"runs": 1, "balls": 1, "wickets": 0}, "047d293e": {"runs": 6, "balls": 8, "wickets": 0}, "a413b433": {"runs": 7, "balls": 11, "wickets": 0}, "69f47625": {"runs": 3, "balls": 3, "wickets": 0}, "030a38e0": {"runs": 3, "balls": 3, "wickets": 0}, "1aabd6fc": {"runs": 5, "balls": 5, "wickets": 0}, "47b32a5a": {"runs": 12, "balls": 25, "wickets": 1}, "42e4b276": {"runs": 8, "balls": 10, "wickets": 0}, "8e7be59c": {"runs": 5, "balls": 6, "wickets": 1}, "4d35d0b3": {"runs": 4, "balls": 4, "wickets": 1}}, "fifties": 0, "thirties": 2, "centuries": 0, "maidens": 0.0, "hattricks": 0, "club_ODI_previous3_runs": [], "club_ODI_previous3_wickets": [], "club_ODI_previous3_balls played": [], "club_ODI_previous3_overs": [], "club_ODI_previous3_runs gave": [], "club_ODI_lifetime_runs": 0.0, "club_ODI_lifetime_wickets": 0.0, "club_ODI_lifetime_balls played": 0.0, "club_ODI_lifetime_overs": 0.0, "club_ODI_lifetime_runs gave": 0.0, "club_Test_previous3_runs": [], "club_Test_previous3_wickets": [], "club_Test_previous3_balls played": [], "club_Test_previous3_overs": [], "club_Test_previous3_runs gave": [], "club_Test_lifetime_runs": 0.0, "club_Test_lifetime_wickets": 0.0, "club_Test_lifetime_balls played": 0.0, "club_Test_lifetime_overs": 0.0, "club_Test_lifetime_runs gave": 0.0, "club_T20_previous3_runs": [], "club_T20_previous3_wickets": [], "club_T20_previous3_balls played": [], "club_T20_previous3_overs": [], "club_T20_previous3_runs gave": [], "club_T20_lifetime_runs": 0.0, "club_T20_lifetime_wickets": 0.0, "club_T20_lifetime_balls played": 0.0, "club_T20_lifetime_overs": 0.0, "club_T20_lifetime_runs gave": 0.0, "international_ODI_previous3_runs": [], "international_ODI_previous3_wickets": [], "international_ODI_previous3_balls played": [], "international_ODI_previous3_overs": [], "international_ODI_previous3_runs gave": [], "international_ODI_lifetime_runs": 0.0, "international_ODI_lifetime_wickets": 0.0, "international_ODI_lifetime_balls played": 0.0, "international_ODI_lifetime_overs": 0.0, "international_ODI_lifetime_runs gave": 0.0, "international_Test_previous3_runs": [], "international_Test_previous3_wickets": [], "international_Test_previous3_balls played": [], "international_Test_previous3_overs": [], "international_Test_previous3_runs gave": [], "international_Test_lifetime_runs": 0.0, "international_Test_lifetime_wickets": 0.0, "international_Test_lifetime_balls played": 0.0, "international_Test_lifetime_overs": 0.0, "international_Test_lifetime_runs gave": 0.0, "international_T20_previous3_runs": [12.0, 5.0, 12.0], "international_T20_previous3_wickets": [0.0, 0.0, 0.0], "international_T20_previous3_balls played": [14.0, 6.0, 26.0], "international_T20_previous3_overs": [0.0, 3.0, 0.0], "international_T20_previous3_runs gave": [0.0, 33.0, 0.0], "international_T20_lifetime_runs": 161.0, "international_T20_lifetime_wickets": 2.0, "international_T20_lifetime_balls played": 167.0, "international_T20_lifetime_overs": 10.0, "international_T20_lifetime_runs gave": 78.0}