{"played_against": {"069c55b1": {"runs": 0, "balls": 3, "wickets": 0}, "24dd1b81": {"runs": 4, "balls": 22, "wickets": 0}, "1a45b864": {"runs": 2, "balls": 23, "wickets": 2}, "6c79c098": {"runs": 1, "balls": 2, "wickets": 0}, "b82e3032": {"runs": 13, "balls": 8, "wickets": 2}, "5fed6272": {"runs": 2, "balls": 4, "wickets": 1}, "94eac556": {"runs": 7, "balls": 11, "wickets": 0}, "f7177fd6": {"runs": 8, "balls": 11, "wickets": 1}, "7955eb15": {"runs": 1, "balls": 2, "wickets": 0}, "5239d782": {"runs": 0, "balls": 1, "wickets": 1}, "f4dfcbb4": {"runs": 5, "balls": 8, "wickets": 0}, "5574750c": {"runs": 4, "balls": 6, "wickets": 0}, "0f3ee070": {"runs": 9, "balls": 8, "wickets": 0}, "aa8d28ae": {"runs": 5, "balls": 17, "wickets": 1}, "2d4465da": {"runs": 16, "balls": 20, "wickets": 1}, "be869ccf": {"runs": 9, "balls": 17, "wickets": 0}, "0a12e736": {"runs": 4, "balls": 4, "wickets": 1}, "dc670143": {"runs": 1, "balls": 9, "wickets": 0}, "e734d090": {"runs": 5, "balls": 7, "wickets": 1}, "ffe699c0": {"runs": 0, "balls": 7, "wickets": 0}, "bdadcca1": {"runs": 11, "balls": 13, "wickets": 0}, "cb1a782a": {"runs": 2, "balls": 6, "wickets": 0}, "1f1b4c89": {"runs": 6, "balls": 14, "wickets": 0}, "a510bdd3": {"runs": 1, "balls": 1, "wickets": 0}, "5db1c288": {"runs": 7, "balls": 10, "wickets": 0}, "bbbb7f1e": {"runs": 2, "balls": 7, "wickets": 1}, "894b2d25": {"runs": 30, "balls": 40, "wickets": 2}, "cad40f5e": {"runs": 2, "balls": 6, "wickets": 1}, "4c0f3806": {"runs": 11, "balls": 15, "wickets": 0}, "81d06fb5": {"runs": 1, "balls": 9, "wickets": 1}, "e9d5218e": {"runs": 3, "balls": 17, "wickets": 0}, "e871a7a1": {"runs": 10, "balls": 26, "wickets": 0}, "e737a5fe": {"runs": 9, "balls": 23, "wickets": 1}, "ad212f96": {"runs": 4, "balls": 15, "wickets": 0}, "948beb1f": {"runs": 10, "balls": 20, "wickets": 1}, "3a60e0b5": {"runs": 2, "balls": 3, "wickets": 1}, "5899dceb": {"runs": 3, "balls": 6, "wickets": 0}, "b5781ac3": {"runs": 2, "balls": 12, "wickets": 0}, "07c8a2f4": {"runs": 9, "balls": 15, "wickets": 0}, "42151725": {"runs": 0, "balls": 5, "wickets": 0}, "b3544c5d": {"runs": 23, "balls": 34, "wickets": 0}, "2e9fdf9b": {"runs": 5, "balls": 12, "wickets": 0}, "6daf5e8c": {"runs": 14, "balls": 22, "wickets": 0}, "18fac429": {"runs": 10, "balls": 14, "wickets": 0}, "5da34add": {"runs": 11, "balls": 11, "wickets": 0}, "5e6d1a54": {"runs": 4, "balls": 4, "wickets": 0}, "879aedd7": {"runs": 2, "balls": 13, "wickets": 0}, "c5cc48bc": {"runs": 9, "balls": 23, "wickets": 1}, "1066a976": {"runs": 5, "balls": 7, "wickets": 0}, "067bda18": {"runs": 10, "balls": 23, "wickets": 0}, "9789e56e": {"runs": 5, "balls": 14, "wickets": 1}, "6e6fb538": {"runs": 4, "balls": 13, "wickets": 0}, "9cb8d7a6": {"runs": 1, "balls": 1, "wickets": 0}, "3d0ed2f9": {"runs": 1, "balls": 5, "wickets": 0}, "e423d162": {"runs": 2, "balls": 3, "wickets": 0}, "c89474d1": {"runs": 5, "balls": 2, "wickets": 0}, "eade4650": {"runs": 0, "balls": 5, "wickets": 0}, "5ccdb14f": {"runs": 8, "balls": 6, "wickets": 0}, "97905e64": {"runs": 7, "balls": 5, "wickets": 0}, "ab01e323": {"runs": 7, "balls": 14, "wickets": 1}, "b20f423b": {"runs": 8, "balls": 11, "wickets": 0}, "9835bd79": {"runs": 3, "balls": 16, "wickets": 0}, "a77472dc": {"runs": 0, "balls": 1, "wickets": 1}, "3dcd1e8d": {"runs": 21, "balls": 12, "wickets": 0}, "bdadf7da": {"runs": 8, "balls": 20, "wickets": 0}, "f2ab7a69": {"runs": 5, "balls": 4, "wickets": 0}, "93cad673": {"runs": 5, "balls": 5, "wickets": 1}, "ad286dcc": {"runs": 1, "balls": 7, "wickets": 0}, "2f28dc94": {"runs": 3, "balls": 9, "wickets": 0}, "37b12633": {"runs": 3, "balls": 11, "wickets": 1}, "9f701298": {"runs": 1, "balls": 5, "wickets": 0}, "e5218454": {"runs": 1, "balls": 1, "wickets": 0}, "2085e1fa": {"runs": 2, "balls": 2, "wickets": 0}, "402f8494": {"runs": 2, "balls": 3, "wickets": 0}, "462d7c62": {"runs": 14, "balls": 22, "wickets": 1}, "f752db61": {"runs": 0, "balls": 2, "wickets": 1}, "d48c0f40": {"runs": 6, "balls": 20, "wickets": 0}, "0e0d43b4": {"runs": 2, "balls": 9, "wickets": 0}, "1d48795b": {"runs": 0, "balls": 2, "wickets": 0}, "a5735bd3": {"runs": 5, "balls": 16, "wickets": 0}, "932d3cc9": {"runs": 5, "balls": 8, "wickets": 1}, "2ecd844a": {"runs": 11, "balls": 10, "wickets": 0}, "0126ff20": {"runs": 0, "balls": 2, "wickets": 0}, "8bf61e65": {"runs": 0, "balls": 2, "wickets": 0}, "a4b810d0": {"runs": 4, "balls": 21, "wickets": 0}, "cd143bca": {"runs": 8, "balls": 11, "wickets": 0}, "0f6db197": {"runs": 0, "balls": 2, "wickets": 1}, "1efd12d1": {"runs": 1, "balls": 2, "wickets": 0}, "fc63d916": {"runs": 6, "balls": 3, "wickets": 0}, "3ebb940f": {"runs": 6, "balls": 7, "wickets": 0}, "1d2f290a": {"runs": 25, "balls": 22, "wickets": 0}, "28217d89": {"runs": 8, "balls": 15, "wickets": 0}, "214f6461": {"runs": 5, "balls": 3, "wickets": 0}, "2ca9cf48": {"runs": 15, "balls": 8, "wickets": 0}, "5eef2118": {"runs": 16, "balls": 16, "wickets": 1}, "19708692": {"runs": 19, "balls": 32, "wickets": 0}, "51e1ed69": {"runs": 1, "balls": 1, "wickets": 0}}, "fifties": 0, "thirties": 6, "centuries": 0, "maidens": 132.0, "hattricks": 9, "club_ODI_previous3_runs": [15.0, 1.0, 0.0], "club_ODI_previous3_wickets": [2.0, 0.0, 2.0], "club_ODI_previous3_balls played": [25.0, 3.0, 0.0], "club_ODI_previous3_overs": [6.0, 8.0, 9.0], "club_ODI_previous3_runs gave": [40.0, 51.0, 41.0], "club_ODI_lifetime_runs": 48.0, "club_ODI_lifetime_wickets": 10.0, "club_ODI_lifetime_balls played": 63.0, "club_ODI_lifetime_overs": 68.5, "club_ODI_lifetime_runs gave": 455.0, "club_Test_previous3_runs": [12.0, 44.0, 74.0], "club_Test_previous3_wickets": [0.0, 4.0, 0.0], "club_Test_previous3_balls played": [37.0, 50.0, 84.0], "club_Test_previous3_overs": [10.0, 18.833333333333336, 18.0], "club_Test_previous3_runs gave": [26.0, 77.0, 91.0], "club_Test_lifetime_runs": 506.0, "club_Test_lifetime_wickets": 60.0, "club_Test_lifetime_balls played": 941.0, "club_Test_lifetime_overs": 797.3333333333333, "club_Test_lifetime_runs gave": 3000.0, "club_T20_previous3_runs": [0.0, 7.0, 0.0], "club_T20_previous3_wickets": [1.0, 1.0, 0.0], "club_T20_previous3_balls played": [0.0, 5.0, 0.0], "club_T20_previous3_overs": [3.5, 3.0, 3.0], "club_T20_previous3_runs gave": [33.0, 41.0, 40.0], "club_T20_lifetime_runs": 20.0, "club_T20_lifetime_wickets": 19.0, "club_T20_lifetime_balls played": 35.0, "club_T20_lifetime_overs": 67.66666666666666, "club_T20_lifetime_runs gave": 633.0, "international_ODI_previous3_runs": [], "international_ODI_previous3_wickets": [], "international_ODI_previous3_balls played": [], "international_ODI_previous3_overs": [], "international_ODI_previous3_runs gave": [], "international_ODI_lifetime_runs": 0.0, "international_ODI_lifetime_wickets": 0.0, "international_ODI_lifetime_balls played": 0.0, "international_ODI_lifetime_overs": 0.0, "international_ODI_lifetime_runs gave": 0.0, "international_Test_previous3_runs": [], "international_Test_previous3_wickets": [], "international_Test_previous3_balls played": [], "international_Test_previous3_overs": [], "international_Test_previous3_runs gave": [], "international_Test_lifetime_runs": 0.0, "international_Test_lifetime_wickets": 0.0, "international_Test_lifetime_balls played": 0.0, "international_Test_lifetime_overs": 0.0, "international_Test_lifetime_runs gave": 0.0, "international_T20_previous3_runs": [], "international_T20_previous3_wickets": [], "international_T20_previous3_balls played": [], "international_T20_previous3_overs": [], "international_T20_previous3_runs gave": [], "international_T20_lifetime_runs": 0.0, "international_T20_lifetime_wickets": 0.0, "international_T20_lifetime_balls played": 0.0, "international_T20_lifetime_overs": 0.0, "international_T20_lifetime_runs gave": 0.0}