{"played_against": {"6de4e430": {"runs": 3, "balls": 4, "wickets": 1}, "e85bb4b3": {"runs": 4, "balls": 6, "wickets": 0}, "d8bee9a1": {"runs": 9, "balls": 9, "wickets": 1}, "adca37a2": {"runs": 11, "balls": 11, "wickets": 0}, "eb40ed89": {"runs": 16, "balls": 13, "wickets": 0}, "39e9f0c9": {"runs": 2, "balls": 3, "wickets": 0}, "6978bff0": {"runs": 1, "balls": 4, "wickets": 0}, "cf0b9a0d": {"runs": 5, "balls": 6, "wickets": 0}, "76b19864": {"runs": 4, "balls": 5, "wickets": 0}, "1d6d8a8b": {"runs": 7, "balls": 11, "wickets": 0}, "036dcf9b": {"runs": 7, "balls": 5, "wickets": 0}, "3d6617c6": {"runs": 9, "balls": 5, "wickets": 0}, "b7824537": {"runs": 5, "balls": 4, "wickets": 0}, "91c0d39f": {"runs": 1, "balls": 3, "wickets": 1}, "c17dcc29": {"runs": 2, "balls": 5, "wickets": 0}, "a69e2964": {"runs": 6, "balls": 9, "wickets": 1}, "3967b66f": {"runs": 2, "balls": 2, "wickets": 0}, "dba54d8e": {"runs": 5, "balls": 5, "wickets": 0}, "a2dd9236": {"runs": 9, "balls": 7, "wickets": 0}, "98f33eed": {"runs": 2, "balls": 2, "wickets": 0}, "42151725": {"runs": 3, "balls": 2, "wickets": 0}, "31c04b7b": {"runs": 11, "balls": 7, "wickets": 0}, "823a57a9": {"runs": 10, "balls": 10, "wickets": 1}, "0e56c514": {"runs": 2, "balls": 2, "wickets": 0}, "88fac705": {"runs": 2, "balls": 3, "wickets": 0}, "4e3fd330": {"runs": 9, "balls": 8, "wickets": 0}, "02b078b1": {"runs": 8, "balls": 9, "wickets": 0}, "b857468a": {"runs": 8, "balls": 8, "wickets": 0}, "84880baf": {"runs": 13, "balls": 7, "wickets": 0}, "704e0160": {"runs": 12, "balls": 6, "wickets": 0}, "c7bb2416": {"runs": 0, "balls": 1, "wickets": 1}, "74571ec4": {"runs": 1, "balls": 6, "wickets": 0}, "33b67317": {"runs": 4, "balls": 8, "wickets": 0}, "6a97c7a4": {"runs": 24, "balls": 12, "wickets": 0}, "5de198db": {"runs": 13, "balls": 10, "wickets": 0}, "14157abf": {"runs": 6, "balls": 5, "wickets": 1}}, "fifties": 0, "thirties": 4, "centuries": 0, "maidens": 0.0, "hattricks": 0, "club_ODI_previous3_runs": [], "club_ODI_previous3_wickets": [], "club_ODI_previous3_balls played": [], "club_ODI_previous3_overs": [], "club_ODI_previous3_runs gave": [], "club_ODI_lifetime_runs": 0.0, "club_ODI_lifetime_wickets": 0.0, "club_ODI_lifetime_balls played": 0.0, "club_ODI_lifetime_overs": 0.0, "club_ODI_lifetime_runs gave": 0.0, "club_Test_previous3_runs": [], "club_Test_previous3_wickets": [], "club_Test_previous3_balls played": [], "club_Test_previous3_overs": [], "club_Test_previous3_runs gave": [], "club_Test_lifetime_runs": 0.0, "club_Test_lifetime_wickets": 0.0, "club_Test_lifetime_balls played": 0.0, "club_Test_lifetime_overs": 0.0, "club_Test_lifetime_runs gave": 0.0, "club_T20_previous3_runs": [], "club_T20_previous3_wickets": [], "club_T20_previous3_balls played": [], "club_T20_previous3_overs": [], "club_T20_previous3_runs gave": [], "club_T20_lifetime_runs": 0.0, "club_T20_lifetime_wickets": 0.0, "club_T20_lifetime_balls played": 0.0, "club_T20_lifetime_overs": 0.0, "club_T20_lifetime_runs gave": 0.0, "international_ODI_previous3_runs": [], "international_ODI_previous3_wickets": [], "international_ODI_previous3_balls played": [], "international_ODI_previous3_overs": [], "international_ODI_previous3_runs gave": [], "international_ODI_lifetime_runs": 0.0, "international_ODI_lifetime_wickets": 0.0, "international_ODI_lifetime_balls played": 0.0, "international_ODI_lifetime_overs": 0.0, "international_ODI_lifetime_runs gave": 0.0, "international_Test_previous3_runs": [], "international_Test_previous3_wickets": [], "international_Test_previous3_balls played": [], "international_Test_previous3_overs": [], "international_Test_previous3_runs gave": [], "international_Test_lifetime_runs": 0.0, "international_Test_lifetime_wickets": 0.0, "international_Test_lifetime_balls played": 0.0, "international_Test_lifetime_overs": 0.0, "international_Test_lifetime_runs gave": 0.0, "international_T20_previous3_runs": [50.0, 0.0, 48.0], "international_T20_previous3_wickets": [0.0, 0.0, 0.0], "international_T20_previous3_balls played": [38.0, 1.0, 41.0], "international_T20_previous3_overs": [0.0, 0.0, 0.0], "international_T20_previous3_runs gave": [0.0, 0.0, 0.0], "international_T20_lifetime_runs": 236.0, "international_T20_lifetime_wickets": 0.0, "international_T20_lifetime_balls played": 223.0, "international_T20_lifetime_overs": 1.0, "international_T20_lifetime_runs gave": 10.0}