{"played_against": {"a300e810": {"runs": 1, "balls": 3, "wickets": 0}, "3a7ea906": {"runs": 6, "balls": 4, "wickets": 0}, "95d3c4a6": {"runs": 2, "balls": 2, "wickets": 0}, "fc55ec67": {"runs": 5, "balls": 11, "wickets": 0}, "29b89ae8": {"runs": 11, "balls": 14, "wickets": 0}, "c8065f31": {"runs": 4, "balls": 6, "wickets": 0}, "0f9c9d1d": {"runs": 8, "balls": 8, "wickets": 0}, "33b3d2df": {"runs": 1, "balls": 2, "wickets": 0}, "f8035c2a": {"runs": 1, "balls": 1, "wickets": 0}, "d8976cb7": {"runs": 9, "balls": 6, "wickets": 0}, "9f998ed8": {"runs": 4, "balls": 5, "wickets": 0}, "f28a60e0": {"runs": 1, "balls": 7, "wickets": 0}, "e258a603": {"runs": 4, "balls": 5, "wickets": 0}, "9025e58f": {"runs": 4, "balls": 7, "wickets": 0}, "f8c72766": {"runs": 9, "balls": 5, "wickets": 0}, "95c434f7": {"runs": 2, "balls": 2, "wickets": 0}, "0dbe27b8": {"runs": 0, "balls": 1, "wickets": 0}, "d3868bd0": {"runs": 8, "balls": 8, "wickets": 0}, "e9a870ed": {"runs": 1, "balls": 3, "wickets": 0}, "f43dd8c2": {"runs": 10, "balls": 7, "wickets": 0}, "c8a3f688": {"runs": 5, "balls": 13, "wickets": 1}, "dec8e038": {"runs": 1, "balls": 1, "wickets": 0}, "72253b87": {"runs": 4, "balls": 5, "wickets": 0}, "dcdb87f2": {"runs": 0, "balls": 4, "wickets": 1}, "bb134e5c": {"runs": 0, "balls": 4, "wickets": 0}, "3c87f0c3": {"runs": 0, "balls": 13, "wickets": 0}, "e16e7347": {"runs": 11, "balls": 16, "wickets": 0}, "c26cd57a": {"runs": 13, "balls": 12, "wickets": 1}, "e85d03d6": {"runs": 12, "balls": 33, "wickets": 0}, "3847ec84": {"runs": 6, "balls": 13, "wickets": 0}, "915264c2": {"runs": 1, "balls": 4, "wickets": 0}}, "fifties": 0, "thirties": 1, "centuries": 0, "maidens": 3.0, "hattricks": 0, "club_ODI_previous3_runs": [], "club_ODI_previous3_wickets": [], "club_ODI_previous3_balls played": [], "club_ODI_previous3_overs": [], "club_ODI_previous3_runs gave": [], "club_ODI_lifetime_runs": 0.0, "club_ODI_lifetime_wickets": 0.0, "club_ODI_lifetime_balls played": 0.0, "club_ODI_lifetime_overs": 0.0, "club_ODI_lifetime_runs gave": 0.0, "club_Test_previous3_runs": [], "club_Test_previous3_wickets": [], "club_Test_previous3_balls played": [], "club_Test_previous3_overs": [], "club_Test_previous3_runs gave": [], "club_Test_lifetime_runs": 0.0, "club_Test_lifetime_wickets": 0.0, "club_Test_lifetime_balls played": 0.0, "club_Test_lifetime_overs": 0.0, "club_Test_lifetime_runs gave": 0.0, "club_T20_previous3_runs": [], "club_T20_previous3_wickets": [], "club_T20_previous3_balls played": [], "club_T20_previous3_overs": [], "club_T20_previous3_runs gave": [], "club_T20_lifetime_runs": 0.0, "club_T20_lifetime_wickets": 0.0, "club_T20_lifetime_balls played": 0.0, "club_T20_lifetime_overs": 0.0, "club_T20_lifetime_runs gave": 0.0, "international_ODI_previous3_runs": [4.0, 31.0, 12.0], "international_ODI_previous3_wickets": [0.0, 1.0, 2.0], "international_ODI_previous3_balls played": [9.0, 59.0, 37.0], "international_ODI_previous3_overs": [2.0, 5.0, 7.0], "international_ODI_previous3_runs gave": [8.0, 18.0, 22.0], "international_ODI_lifetime_runs": 53.0, "international_ODI_lifetime_wickets": 4.0, "international_ODI_lifetime_balls played": 119.0, "international_ODI_lifetime_overs": 31.0, "international_ODI_lifetime_runs gave": 121.0, "international_Test_previous3_runs": [], "international_Test_previous3_wickets": [], "international_Test_previous3_balls played": [], "international_Test_previous3_overs": [], "international_Test_previous3_runs gave": [], "international_Test_lifetime_runs": 0.0, "international_Test_lifetime_wickets": 0.0, "international_Test_lifetime_balls played": 0.0, "international_Test_lifetime_overs": 0.0, "international_Test_lifetime_runs gave": 0.0, "international_T20_previous3_runs": [20.0, 0.0, 19.0], "international_T20_previous3_wickets": [0.0, 0.0, 0.0], "international_T20_previous3_balls played": [26.0, 1.0, 19.0], "international_T20_previous3_overs": [0.0, 0.0, 0.0], "international_T20_previous3_runs gave": [0.0, 0.0, 0.0], "international_T20_lifetime_runs": 91.0, "international_T20_lifetime_wickets": 0.0, "international_T20_lifetime_balls played": 108.0, "international_T20_lifetime_overs": 0.0, "international_T20_lifetime_runs gave": 0.0}