{"played_against": {"778b9795": {"runs": 12, "balls": 10, "wickets": 2}, "18fac429": {"runs": 0, "balls": 1, "wickets": 0}, "e174dadd": {"runs": 1, "balls": 4, "wickets": 0}, "ee1b6c27": {"runs": 0, "balls": 1, "wickets": 1}, "2f28dc94": {"runs": 3, "balls": 7, "wickets": 1}, "a97c8ec2": {"runs": 2, "balls": 3, "wickets": 0}, "7ca5e05d": {"runs": 2, "balls": 2, "wickets": 0}, "aceb7654": {"runs": 21, "balls": 10, "wickets": 0}, "4e602f29": {"runs": 8, "balls": 7, "wickets": 0}, "c0c411cb": {"runs": 6, "balls": 5, "wickets": 0}, "34b332d3": {"runs": 8, "balls": 5, "wickets": 1}, "e342e5fb": {"runs": 1, "balls": 2, "wickets": 0}, "ac5ae4af": {"runs": 10, "balls": 11, "wickets": 1}, "f78e7113": {"runs": 2, "balls": 2, "wickets": 0}, "aa844d38": {"runs": 7, "balls": 4, "wickets": 0}, "0bec3a6c": {"runs": 7, "balls": 4, "wickets": 0}, "8012d0b8": {"runs": 12, "balls": 12, "wickets": 1}, "3ff033bb": {"runs": 5, "balls": 12, "wickets": 1}, "a5c48ed1": {"runs": 0, "balls": 0, "wickets": 0}, "83d17bbc": {"runs": 19, "balls": 9, "wickets": 1}, "3ee0050f": {"runs": 1, "balls": 2, "wickets": 0}, "a2198010": {"runs": 6, "balls": 7, "wickets": 0}, "efc04be7": {"runs": 3, "balls": 3, "wickets": 0}, "dabbd0ae": {"runs": 7, "balls": 5, "wickets": 1}, "62af8546": {"runs": 1, "balls": 1, "wickets": 0}, "64c34cd0": {"runs": 18, "balls": 13, "wickets": 0}, "de7d833e": {"runs": 1, "balls": 4, "wickets": 0}, "736123bb": {"runs": 3, "balls": 3, "wickets": 0}, "f24c6701": {"runs": 8, "balls": 6, "wickets": 1}, "896d78ad": {"runs": 0, "balls": 2, "wickets": 1}, "8596fe80": {"runs": 2, "balls": 3, "wickets": 0}, "4751caa3": {"runs": 9, "balls": 7, "wickets": 0}, "d28f4d1c": {"runs": 1, "balls": 2, "wickets": 0}, "7dc35884": {"runs": 2, "balls": 3, "wickets": 0}, "a03bba42": {"runs": 1, "balls": 3, "wickets": 1}, "ef18b66e": {"runs": 1, "balls": 1, "wickets": 0}, "64839cb3": {"runs": 3, "balls": 3, "wickets": 0}, "f0e293b0": {"runs": 2, "balls": 2, "wickets": 0}, "84212ffb": {"runs": 13, "balls": 4, "wickets": 0}, "127bc5ca": {"runs": 5, "balls": 5, "wickets": 0}}, "fifties": 0, "thirties": 2, "centuries": 0, "maidens": 0.0, "hattricks": 0, "club_ODI_previous3_runs": [], "club_ODI_previous3_wickets": [], "club_ODI_previous3_balls played": [], "club_ODI_previous3_overs": [], "club_ODI_previous3_runs gave": [], "club_ODI_lifetime_runs": 0.0, "club_ODI_lifetime_wickets": 0.0, "club_ODI_lifetime_balls played": 0.0, "club_ODI_lifetime_overs": 0.0, "club_ODI_lifetime_runs gave": 0.0, "club_Test_previous3_runs": [], "club_Test_previous3_wickets": [], "club_Test_previous3_balls played": [], "club_Test_previous3_overs": [], "club_Test_previous3_runs gave": [], "club_Test_lifetime_runs": 0.0, "club_Test_lifetime_wickets": 0.0, "club_Test_lifetime_balls played": 0.0, "club_Test_lifetime_overs": 0.0, "club_Test_lifetime_runs gave": 0.0, "club_T20_previous3_runs": [26.0, 12.0, 3.0], "club_T20_previous3_wickets": [0.0, 0.0, 0.0], "club_T20_previous3_balls played": [17.0, 11.0, 5.0], "club_T20_previous3_overs": [0.0, 0.0, 0.0], "club_T20_previous3_runs gave": [0.0, 0.0, 0.0], "club_T20_lifetime_runs": 213.0, "club_T20_lifetime_wickets": 0.0, "club_T20_lifetime_balls played": 195.0, "club_T20_lifetime_overs": 0.0, "club_T20_lifetime_runs gave": 0.0, "international_ODI_previous3_runs": [], "international_ODI_previous3_wickets": [], "international_ODI_previous3_balls played": [], "international_ODI_previous3_overs": [], "international_ODI_previous3_runs gave": [], "international_ODI_lifetime_runs": 0.0, "international_ODI_lifetime_wickets": 0.0, "international_ODI_lifetime_balls played": 0.0, "international_ODI_lifetime_overs": 0.0, "international_ODI_lifetime_runs gave": 0.0, "international_Test_previous3_runs": [], "international_Test_previous3_wickets": [], "international_Test_previous3_balls played": [], "international_Test_previous3_overs": [], "international_Test_previous3_runs gave": [], "international_Test_lifetime_runs": 0.0, "international_Test_lifetime_wickets": 0.0, "international_Test_lifetime_balls played": 0.0, "international_Test_lifetime_overs": 0.0, "international_Test_lifetime_runs gave": 0.0, "international_T20_previous3_runs": [], "international_T20_previous3_wickets": [], "international_T20_previous3_balls played": [], "international_T20_previous3_overs": [], "international_T20_previous3_runs gave": [], "international_T20_lifetime_runs": 0.0, "international_T20_lifetime_wickets": 0.0, "international_T20_lifetime_balls played": 0.0, "international_T20_lifetime_overs": 0.0, "international_T20_lifetime_runs gave": 0.0}