{"played_against": {"e0ac7144": {"runs": 87, "balls": 166, "wickets": 3}, "4c5d73db": {"runs": 13, "balls": 17, "wickets": 0}, "f5821615": {"runs": 49, "balls": 112, "wickets": 1}, "2223b920": {"runs": 30, "balls": 135, "wickets": 3}, "6c908ffc": {"runs": 17, "balls": 60, "wickets": 1}, "c4450a69": {"runs": 4, "balls": 18, "wickets": 0}, "6b0c3a20": {"runs": 9, "balls": 22, "wickets": 0}, "3f659464": {"runs": 11, "balls": 22, "wickets": 0}, "2a0d5d4a": {"runs": 20, "balls": 23, "wickets": 2}, "dd17e4bc": {"runs": 36, "balls": 67, "wickets": 1}, "c3ce33a2": {"runs": 11, "balls": 11, "wickets": 0}, "9bab2b81": {"runs": 20, "balls": 50, "wickets": 0}, "6c75310b": {"runs": 3, "balls": 10, "wickets": 0}, "fea7a34c": {"runs": 18, "balls": 35, "wickets": 0}, "ffe699c0": {"runs": 82, "balls": 156, "wickets": 0}, "1957c6b7": {"runs": 43, "balls": 100, "wickets": 0}, "6f049d41": {"runs": 1, "balls": 2, "wickets": 0}, "025a092b": {"runs": 10, "balls": 32, "wickets": 0}, "6c6aca89": {"runs": 102, "balls": 202, "wickets": 2}, "dc670143": {"runs": 35, "balls": 71, "wickets": 1}, "c89474d1": {"runs": 73, "balls": 131, "wickets": 2}, "f1ba9ed7": {"runs": 112, "balls": 200, "wickets": 0}, "bbbb7f1e": {"runs": 11, "balls": 6, "wickets": 0}, "8d1dad51": {"runs": 4, "balls": 3, "wickets": 0}, "151d88b3": {"runs": 2, "balls": 2, "wickets": 0}, "3d0ed2f9": {"runs": 26, "balls": 54, "wickets": 0}, "eba6a852": {"runs": 25, "balls": 62, "wickets": 0}, "bc773eeb": {"runs": 9, "balls": 30, "wickets": 0}, "e412cb64": {"runs": 18, "balls": 57, "wickets": 1}, "18fac429": {"runs": 34, "balls": 27, "wickets": 0}, "3987e390": {"runs": 3, "balls": 44, "wickets": 0}, "dddc811c": {"runs": 5, "balls": 14, "wickets": 0}, "59559bc2": {"runs": 45, "balls": 87, "wickets": 1}, "e9987a94": {"runs": 49, "balls": 97, "wickets": 1}, "fac298ff": {"runs": 20, "balls": 62, "wickets": 0}, "c654af19": {"runs": 23, "balls": 82, "wickets": 0}, "db767b89": {"runs": 14, "balls": 27, "wickets": 1}, "f0a0204e": {"runs": 91, "balls": 166, "wickets": 1}, "58822938": {"runs": 24, "balls": 44, "wickets": 0}, "4a461c24": {"runs": 54, "balls": 121, "wickets": 1}, "10f68de1": {"runs": 3, "balls": 30, "wickets": 1}, "c1f6c27e": {"runs": 65, "balls": 134, "wickets": 1}, "3766056b": {"runs": 2, "balls": 3, "wickets": 0}, "cad40f5e": {"runs": 32, "balls": 52, "wickets": 1}, "51e1ed69": {"runs": 31, "balls": 47, "wickets": 1}, "5ac8f17b": {"runs": 22, "balls": 70, "wickets": 0}, "e86754b2": {"runs": 26, "balls": 78, "wickets": 1}, "b21ed464": {"runs": 53, "balls": 134, "wickets": 0}, "58043739": {"runs": 75, "balls": 117, "wickets": 4}, "8bf61e65": {"runs": 32, "balls": 46, "wickets": 1}, "9a963804": {"runs": 6, "balls": 12, "wickets": 0}, "249d60c9": {"runs": 17, "balls": 33, "wickets": 0}, "70b8fd28": {"runs": 6, "balls": 21, "wickets": 2}, "0f21680d": {"runs": 9, "balls": 11, "wickets": 0}, "f78e7113": {"runs": 2, "balls": 4, "wickets": 0}, "58c481c6": {"runs": 12, "balls": 10, "wickets": 0}, "e22d3b5c": {"runs": 13, "balls": 14, "wickets": 0}, "e423d162": {"runs": 24, "balls": 21, "wickets": 1}, "2a2e6343": {"runs": 6, "balls": 14, "wickets": 0}, "0e0d43b4": {"runs": 14, "balls": 23, "wickets": 0}, "7f048519": {"runs": 16, "balls": 35, "wickets": 2}, "d8b24492": {"runs": 0, "balls": 1, "wickets": 1}, "8728a058": {"runs": 10, "balls": 31, "wickets": 0}, "29b89ae8": {"runs": 14, "balls": 37, "wickets": 0}, "dda5aae5": {"runs": 41, "balls": 56, "wickets": 3}, "cf73ad76": {"runs": 5, "balls": 5, "wickets": 0}, "e91de70e": {"runs": 1, "balls": 13, "wickets": 0}, "5fcb6fb1": {"runs": 7, "balls": 6, "wickets": 0}, "f54dbda7": {"runs": 40, "balls": 127, "wickets": 0}, "b3544c5d": {"runs": 22, "balls": 30, "wickets": 0}, "acee4cc4": {"runs": 27, "balls": 54, "wickets": 1}, "6fe2c1c0": {"runs": 1, "balls": 3, "wickets": 0}, "e737a5fe": {"runs": 89, "balls": 189, "wickets": 1}, "71440756": {"runs": 33, "balls": 76, "wickets": 1}, "e087956b": {"runs": 31, "balls": 75, "wickets": 0}, "57330536": {"runs": 14, "balls": 43, "wickets": 0}, "6f4775f7": {"runs": 5, "balls": 8, "wickets": 0}, "1066a976": {"runs": 27, "balls": 54, "wickets": 0}, "c5cc48bc": {"runs": 53, "balls": 78, "wickets": 2}, "f6c84b9f": {"runs": 11, "balls": 7, "wickets": 1}, "b16cf2ec": {"runs": 21, "balls": 87, "wickets": 0}, "a7e8ff19": {"runs": 2, "balls": 2, "wickets": 0}, "8108e2d2": {"runs": 9, "balls": 24, "wickets": 0}, "fd8a9b23": {"runs": 25, "balls": 28, "wickets": 0}, "9679838c": {"runs": 5, "balls": 7, "wickets": 0}, "a9da7784": {"runs": 31, "balls": 53, "wickets": 1}, "a510bdd3": {"runs": 21, "balls": 20, "wickets": 0}, "cd143bca": {"runs": 6, "balls": 20, "wickets": 0}, "42151725": {"runs": 13, "balls": 44, "wickets": 1}, "3f61a062": {"runs": 35, "balls": 81, "wickets": 0}, "ad962377": {"runs": 3, "balls": 10, "wickets": 0}, "9dca07d7": {"runs": 13, "balls": 29, "wickets": 1}, "e94915e6": {"runs": 10, "balls": 32, "wickets": 0}, "1427277f": {"runs": 14, "balls": 18, "wickets": 0}, "eb9cb105": {"runs": 24, "balls": 27, "wickets": 0}, "d3868bd0": {"runs": 38, "balls": 50, "wickets": 1}, "06c2de82": {"runs": 13, "balls": 46, "wickets": 1}, "fe5b4367": {"runs": 45, "balls": 100, "wickets": 0}, "14373322": {"runs": 13, "balls": 12, "wickets": 0}, "79c7041c": {"runs": 8, "balls": 18, "wickets": 1}, "eb1a5b03": {"runs": 2, "balls": 2, "wickets": 1}, "a37b5c0a": {"runs": 26, "balls": 64, "wickets": 0}, "3dd30077": {"runs": 2, "balls": 6, "wickets": 0}, "e05b2a5b": {"runs": 40, "balls": 76, "wickets": 0}, "f3abd0c9": {"runs": 58, "balls": 97, "wickets": 0}, "5574750c": {"runs": 11, "balls": 25, "wickets": 0}, "0f3ee070": {"runs": 33, "balls": 113, "wickets": 5}, "f4dfcbb4": {"runs": 7, "balls": 13, "wickets": 0}, "aeab0d4f": {"runs": 42, "balls": 72, "wickets": 0}, "4c0f3806": {"runs": 122, "balls": 206, "wickets": 2}, "aa1210d8": {"runs": 37, "balls": 37, "wickets": 0}, "e3434f95": {"runs": 8, "balls": 8, "wickets": 0}, "2085e1fa": {"runs": 55, "balls": 84, "wickets": 1}, "c672e80e": {"runs": 65, "balls": 126, "wickets": 0}, "f048bb41": {"runs": 1, "balls": 5, "wickets": 0}, "b9877635": {"runs": 71, "balls": 171, "wickets": 1}, "19708692": {"runs": 45, "balls": 136, "wickets": 2}, "fdb8ed0d": {"runs": 24, "balls": 38, "wickets": 1}, "a8e56914": {"runs": 22, "balls": 27, "wickets": 1}, "eec81780": {"runs": 52, "balls": 85, "wickets": 1}, "01a95383": {"runs": 20, "balls": 32, "wickets": 1}, "ad212f96": {"runs": 78, "balls": 182, "wickets": 1}, "5fed6272": {"runs": 49, "balls": 81, "wickets": 0}, "5b3acc53": {"runs": 17, "balls": 14, "wickets": 0}, "1ad0b441": {"runs": 4, "balls": 27, "wickets": 0}, "d99cc23a": {"runs": 74, "balls": 152, "wickets": 2}, "5da34add": {"runs": 38, "balls": 87, "wickets": 1}, "6daf5e8c": {"runs": 17, "balls": 13, "wickets": 2}, "1a45b864": {"runs": 4, "balls": 15, "wickets": 0}, "1a25a6b5": {"runs": 2, "balls": 6, "wickets": 0}, "dd9de7ad": {"runs": 1, "balls": 6, "wickets": 0}, "d68e7f48": {"runs": 19, "balls": 36, "wickets": 1}, "a316d663": {"runs": 35, "balls": 83, "wickets": 1}, "b3118300": {"runs": 2, "balls": 3, "wickets": 0}, "27d99777": {"runs": 7, "balls": 12, "wickets": 0}, "757502b5": {"runs": 1, "balls": 2, "wickets": 1}, "e734d090": {"runs": 4, "balls": 26, "wickets": 2}, "948beb1f": {"runs": 46, "balls": 137, "wickets": 2}, "2e171977": {"runs": 7, "balls": 7, "wickets": 0}, "bca21d18": {"runs": 26, "balls": 80, "wickets": 0}, "e84ac20c": {"runs": 42, "balls": 58, "wickets": 2}, "86e0f3f0": {"runs": 1, "balls": 4, "wickets": 0}, "d8256633": {"runs": 8, "balls": 29, "wickets": 0}, "ccdd8308": {"runs": 15, "balls": 31, "wickets": 0}, "ad9c32a2": {"runs": 7, "balls": 21, "wickets": 0}, "79650e45": {"runs": 7, "balls": 10, "wickets": 0}, "fa433be6": {"runs": 10, "balls": 38, "wickets": 0}, "450f6fa6": {"runs": 11, "balls": 16, "wickets": 1}, "894b2d25": {"runs": 39, "balls": 58, "wickets": 1}, "b5781ac3": {"runs": 26, "balls": 72, "wickets": 1}, "1252f71a": {"runs": 20, "balls": 25, "wickets": 0}, "782fb776": {"runs": 29, "balls": 30, "wickets": 0}, "9789e56e": {"runs": 16, "balls": 48, "wickets": 0}, "ad286dcc": {"runs": 31, "balls": 75, "wickets": 0}, "0f6db197": {"runs": 51, "balls": 111, "wickets": 0}, "b681e71e": {"runs": 5, "balls": 6, "wickets": 0}, "45ca0dc0": {"runs": 18, "balls": 11, "wickets": 1}, "1f1b4c89": {"runs": 9, "balls": 5, "wickets": 0}, "3a60e0b5": {"runs": 4, "balls": 8, "wickets": 0}, "5db1c288": {"runs": 6, "balls": 3, "wickets": 0}, "6a2fadd0": {"runs": 0, "balls": 1, "wickets": 0}, "a089f93f": {"runs": 25, "balls": 35, "wickets": 0}, "ed12fcd7": {"runs": 9, "balls": 9, "wickets": 1}, "402f8494": {"runs": 33, "balls": 55, "wickets": 1}, "50c6bc2b": {"runs": 4, "balls": 25, "wickets": 0}, "aa8d28ae": {"runs": 14, "balls": 37, "wickets": 0}, "cb1a782a": {"runs": 3, "balls": 31, "wickets": 1}, "bdadcca1": {"runs": 2, "balls": 9, "wickets": 0}, "078ffbf2": {"runs": 6, "balls": 16, "wickets": 0}, "98eacfe5": {"runs": 4, "balls": 7, "wickets": 0}, "ab474682": {"runs": 21, "balls": 55, "wickets": 0}, "fd96de7c": {"runs": 5, "balls": 10, "wickets": 0}, "932d3cc9": {"runs": 23, "balls": 77, "wickets": 2}, "808f425a": {"runs": 1, "balls": 2, "wickets": 1}, "bb351c23": {"runs": 10, "balls": 13, "wickets": 0}, "9cc9b74d": {"runs": 1, "balls": 6, "wickets": 0}, "de6c2c6e": {"runs": 7, "balls": 17, "wickets": 0}, "d112c570": {"runs": 41, "balls": 32, "wickets": 0}, "3581a798": {"runs": 29, "balls": 41, "wickets": 0}, "5a42a396": {"runs": 1, "balls": 10, "wickets": 0}, "03df7a25": {"runs": 23, "balls": 24, "wickets": 1}, "b7a6a60b": {"runs": 12, "balls": 9, "wickets": 0}, "d4eef961": {"runs": 23, "balls": 53, "wickets": 0}, "6c79c098": {"runs": 32, "balls": 54, "wickets": 0}, "d74d1090": {"runs": 8, "balls": 5, "wickets": 0}, "ed47cb25": {"runs": 3, "balls": 3, "wickets": 0}, "05c2ca46": {"runs": 4, "balls": 4, "wickets": 0}, "eab61ead": {"runs": 1, "balls": 2, "wickets": 0}, "0bec3a6c": {"runs": 5, "balls": 5, "wickets": 0}, "0a12e736": {"runs": 11, "balls": 8, "wickets": 0}, "ba377b40": {"runs": 2, "balls": 2, "wickets": 0}, "65b6943c": {"runs": 26, "balls": 50, "wickets": 0}, "22b98d7c": {"runs": 61, "balls": 167, "wickets": 0}, "0c7f11be": {"runs": 6, "balls": 9, "wickets": 0}, "1d2f290a": {"runs": 52, "balls": 86, "wickets": 1}, "fc02a2b3": {"runs": 3, "balls": 3, "wickets": 0}, "787b56d6": {"runs": 4, "balls": 48, "wickets": 2}, "27fc5808": {"runs": 6, "balls": 18, "wickets": 0}, "be869ccf": {"runs": 16, "balls": 26, "wickets": 0}, "344c6d55": {"runs": 66, "balls": 149, "wickets": 1}, "f1eb3c73": {"runs": 15, "balls": 30, "wickets": 0}, "12b610c2": {"runs": 5, "balls": 22, "wickets": 0}, "b082d112": {"runs": 59, "balls": 130, "wickets": 0}, "93cad673": {"runs": 9, "balls": 30, "wickets": 0}, "94db3502": {"runs": 13, "balls": 14, "wickets": 0}, "92aa28fe": {"runs": 20, "balls": 44, "wickets": 0}, "f2ab7a69": {"runs": 40, "balls": 103, "wickets": 0}, "bdadf7da": {"runs": 40, "balls": 95, "wickets": 1}, "8f938a32": {"runs": 9, "balls": 25, "wickets": 1}, "ad46c747": {"runs": 34, "balls": 141, "wickets": 0}, "0164b064": {"runs": 0, "balls": 7, "wickets": 0}, "93e06301": {"runs": 3, "balls": 6, "wickets": 0}, "462d7c62": {"runs": 2, "balls": 5, "wickets": 0}, "7cdecc31": {"runs": 12, "balls": 10, "wickets": 0}, "7671203a": {"runs": 9, "balls": 8, "wickets": 0}, "d48c0f40": {"runs": 6, "balls": 19, "wickets": 1}, "1d48795b": {"runs": 12, "balls": 18, "wickets": 0}, "0ecb4de6": {"runs": 37, "balls": 53, "wickets": 1}, "88a004e9": {"runs": 17, "balls": 20, "wickets": 0}, "269ff06e": {"runs": 14, "balls": 67, "wickets": 3}, "d786a8a1": {"runs": 2, "balls": 5, "wickets": 0}, "8db7f47f": {"runs": 25, "balls": 52, "wickets": 2}, "70d57519": {"runs": 29, "balls": 71, "wickets": 1}, "ea3d687a": {"runs": 6, "balls": 30, "wickets": 0}, "5899dceb": {"runs": 32, "balls": 58, "wickets": 0}, "9caf69a1": {"runs": 1, "balls": 23, "wickets": 0}, "5b6d248a": {"runs": 15, "balls": 28, "wickets": 2}, "679cd31e": {"runs": 37, "balls": 85, "wickets": 2}, "23638956": {"runs": 29, "balls": 129, "wickets": 0}, "a790df98": {"runs": 28, "balls": 71, "wickets": 0}, "24bb1c2f": {"runs": 6, "balls": 19, "wickets": 0}, "28217d89": {"runs": 28, "balls": 47, "wickets": 0}, "214f6461": {"runs": 52, "balls": 95, "wickets": 1}, "903560ed": {"runs": 17, "balls": 37, "wickets": 0}, "57590dbb": {"runs": 9, "balls": 10, "wickets": 0}, "208f22ea": {"runs": 26, "balls": 83, "wickets": 0}, "94d7f855": {"runs": 13, "balls": 30, "wickets": 0}, "38c276e1": {"runs": 52, "balls": 86, "wickets": 1}, "ec178b04": {"runs": 7, "balls": 27, "wickets": 0}, "e5437608": {"runs": 39, "balls": 91, "wickets": 0}, "a77472dc": {"runs": 44, "balls": 74, "wickets": 1}, "3c55c703": {"runs": 34, "balls": 43, "wickets": 0}, "463ebce3": {"runs": 30, "balls": 33, "wickets": 0}, "715941c3": {"runs": 8, "balls": 18, "wickets": 0}, "29ede60b": {"runs": 0, "balls": 4, "wickets": 0}, "3dcd1e8d": {"runs": 20, "balls": 22, "wickets": 0}, "f19ccfad": {"runs": 1, "balls": 3, "wickets": 0}, "861eed37": {"runs": 13, "balls": 55, "wickets": 0}, "9fd3a210": {"runs": 35, "balls": 84, "wickets": 0}, "c88bc84a": {"runs": 5, "balls": 1, "wickets": 0}, "4167f30b": {"runs": 37, "balls": 40, "wickets": 0}, "78eb4223": {"runs": 4, "balls": 22, "wickets": 1}, "39e2c0fd": {"runs": 11, "balls": 19, "wickets": 1}, "00cada13": {"runs": 5, "balls": 18, "wickets": 1}, "74a274cc": {"runs": 48, "balls": 143, "wickets": 2}, "bdc0670a": {"runs": 5, "balls": 5, "wickets": 0}, "76cb1a7f": {"runs": 16, "balls": 23, "wickets": 0}, "244048f6": {"runs": 12, "balls": 35, "wickets": 1}, "15de1f5d": {"runs": 5, "balls": 16, "wickets": 0}, "8cbcff3b": {"runs": 36, "balls": 97, "wickets": 1}, "31b01074": {"runs": 12, "balls": 21, "wickets": 0}, "e36e9dd3": {"runs": 8, "balls": 12, "wickets": 0}, "7a8a0237": {"runs": 14, "balls": 75, "wickets": 0}, "23dee937": {"runs": 0, "balls": 13, "wickets": 0}, "27e60d6e": {"runs": 20, "balls": 39, "wickets": 1}, "27c5a793": {"runs": 14, "balls": 41, "wickets": 0}, "9a089b15": {"runs": 3, "balls": 1, "wickets": 0}, "2ca9cf48": {"runs": 0, "balls": 2, "wickets": 0}, "219cc59e": {"runs": 0, "balls": 5, "wickets": 0}, "a4b810d0": {"runs": 0, "balls": 2, "wickets": 0}, "1efd12d1": {"runs": 6, "balls": 12, "wickets": 0}, "52c442e4": {"runs": 7, "balls": 11, "wickets": 1}, "884f72a1": {"runs": 5, "balls": 6, "wickets": 0}, "7578b730": {"runs": 14, "balls": 42, "wickets": 1}, "067bda18": {"runs": 1, "balls": 3, "wickets": 1}, "35c08a29": {"runs": 0, "balls": 9, "wickets": 1}, "fe2ac1a8": {"runs": 2, "balls": 6, "wickets": 1}, "ded9ff1e": {"runs": 32, "balls": 56, "wickets": 0}, "9c643d7b": {"runs": 14, "balls": 29, "wickets": 1}, "6e6fb538": {"runs": 2, "balls": 12, "wickets": 0}, "d12cead8": {"runs": 5, "balls": 18, "wickets": 0}, "ac3c3cab": {"runs": 15, "balls": 36, "wickets": 0}, "34b37279": {"runs": 14, "balls": 37, "wickets": 0}, "c5f40e35": {"runs": 21, "balls": 43, "wickets": 1}, "b82e3032": {"runs": 34, "balls": 50, "wickets": 0}, "dfc3f02d": {"runs": 12, "balls": 30, "wickets": 0}, "48ad3373": {"runs": 0, "balls": 5, "wickets": 0}, "e142c599": {"runs": 0, "balls": 5, "wickets": 1}, "2413a688": {"runs": 40, "balls": 37, "wickets": 0}, "5eef2118": {"runs": 19, "balls": 53, "wickets": 0}, "7d7233a9": {"runs": 28, "balls": 65, "wickets": 0}, "43205dad": {"runs": 20, "balls": 59, "wickets": 0}, "9e707e02": {"runs": 10, "balls": 39, "wickets": 0}, "7f7f658b": {"runs": 6, "balls": 13, "wickets": 0}, "63e1e352": {"runs": 7, "balls": 12, "wickets": 0}, "dbb15645": {"runs": 10, "balls": 18, "wickets": 0}, "c2d9b9cd": {"runs": 40, "balls": 38, "wickets": 0}, "bfc60227": {"runs": 8, "balls": 8, "wickets": 0}, "8f2dfebf": {"runs": 4, "balls": 15, "wickets": 0}}, "fifties": 14, "thirties": 58, "centuries": 0, "maidens": 251.0, "hattricks": 13, "club_ODI_previous3_runs": [39.0, 0.0, 0.0], "club_ODI_previous3_wickets": [0.0, 0.0, 2.0], "club_ODI_previous3_balls played": [69.0, 0.0, 0.0], "club_ODI_previous3_overs": [7.0, 8.666666666666666, 10.0], "club_ODI_previous3_runs gave": [22.0, 60.0, 25.0], "club_ODI_lifetime_runs": 652.0, "club_ODI_lifetime_wickets": 23.0, "club_ODI_lifetime_balls played": 789.0, "club_ODI_lifetime_overs": 184.16666666666666, "club_ODI_lifetime_runs gave": 1009.0, "club_Test_previous3_runs": [14.0, 106.0, 25.0], "club_Test_previous3_wickets": [0.0, 0.0, 0.0], "club_Test_previous3_balls played": [52.0, 112.0, 54.0], "club_Test_previous3_overs": [3.0, 6.0, 8.0], "club_Test_previous3_runs gave": [1.0, 26.0, 45.0], "club_Test_lifetime_runs": 5439.0, "club_Test_lifetime_wickets": 90.0, "club_Test_lifetime_balls played": 12265.0, "club_Test_lifetime_overs": 1212.3333333333333, "club_Test_lifetime_runs gave": 4203.0, "club_T20_previous3_runs": [19.0, 7.0, 18.0], "club_T20_previous3_wickets": [0.0, 0.0, 0.0], "club_T20_previous3_balls played": [18.0, 9.0, 18.0], "club_T20_previous3_overs": [1.0, 3.0, 1.0], "club_T20_previous3_runs gave": [11.0, 22.0, 6.0], "club_T20_lifetime_runs": 155.0, "club_T20_lifetime_wickets": 5.0, "club_T20_lifetime_balls played": 141.0, "club_T20_lifetime_overs": 30.0, "club_T20_lifetime_runs gave": 269.0, "international_ODI_previous3_runs": [], "international_ODI_previous3_wickets": [], "international_ODI_previous3_balls played": [], "international_ODI_previous3_overs": [], "international_ODI_previous3_runs gave": [], "international_ODI_lifetime_runs": 0.0, "international_ODI_lifetime_wickets": 0.0, "international_ODI_lifetime_balls played": 0.0, "international_ODI_lifetime_overs": 0.0, "international_ODI_lifetime_runs gave": 0.0, "international_Test_previous3_runs": [], "international_Test_previous3_wickets": [], "international_Test_previous3_balls played": [], "international_Test_previous3_overs": [], "international_Test_previous3_runs gave": [], "international_Test_lifetime_runs": 0.0, "international_Test_lifetime_wickets": 0.0, "international_Test_lifetime_balls played": 0.0, "international_Test_lifetime_overs": 0.0, "international_Test_lifetime_runs gave": 0.0, "international_T20_previous3_runs": [], "international_T20_previous3_wickets": [], "international_T20_previous3_balls played": [], "international_T20_previous3_overs": [], "international_T20_previous3_runs gave": [], "international_T20_lifetime_runs": 0.0, "international_T20_lifetime_wickets": 0.0, "international_T20_lifetime_balls played": 0.0, "international_T20_lifetime_overs": 0.0, "international_T20_lifetime_runs gave": 0.0}