{"played_against": {"b03db6fa": {"runs": 3, "balls": 5, "wickets": 0}, "05c2ca46": {"runs": 7, "balls": 11, "wickets": 1}, "d99cc23a": {"runs": 7, "balls": 4, "wickets": 0}, "96503059": {"runs": 9, "balls": 4, "wickets": 0}, "4557dc54": {"runs": 8, "balls": 6, "wickets": 0}, "d3851cd8": {"runs": 1, "balls": 5, "wickets": 0}, "571f11e4": {"runs": 4, "balls": 2, "wickets": 0}, "e6d298e8": {"runs": 12, "balls": 7, "wickets": 0}, "28131839": {"runs": 2, "balls": 5, "wickets": 0}, "469ccead": {"runs": 0, "balls": 1, "wickets": 0}, "1252f71a": {"runs": 4, "balls": 7, "wickets": 0}, "f43dd8c2": {"runs": 10, "balls": 11, "wickets": 2}, "8c2aa0f9": {"runs": 0, "balls": 1, "wickets": 0}, "9061a703": {"runs": 6, "balls": 5, "wickets": 1}, "29b89ae8": {"runs": 4, "balls": 6, "wickets": 0}, "99cddc5e": {"runs": 12, "balls": 9, "wickets": 1}, "c9945bdf": {"runs": 1, "balls": 8, "wickets": 1}, "abbdca1a": {"runs": 22, "balls": 11, "wickets": 0}, "a790df98": {"runs": 23, "balls": 8, "wickets": 0}, "3b572f28": {"runs": 5, "balls": 3, "wickets": 0}, "e9a870ed": {"runs": 1, "balls": 1, "wickets": 0}, "4957b300": {"runs": 8, "balls": 10, "wickets": 2}, "b3bad3f2": {"runs": 2, "balls": 2, "wickets": 0}, "7bf34437": {"runs": 11, "balls": 7, "wickets": 0}, "95c434f7": {"runs": 12, "balls": 6, "wickets": 1}, "3c87f0c3": {"runs": 4, "balls": 14, "wickets": 1}, "bb134e5c": {"runs": 4, "balls": 5, "wickets": 0}, "f7b2cbe8": {"runs": 2, "balls": 5, "wickets": 0}, "e85d03d6": {"runs": 7, "balls": 19, "wickets": 0}, "915264c2": {"runs": 6, "balls": 6, "wickets": 0}, "34cb2f69": {"runs": 1, "balls": 2, "wickets": 0}, "98e908bd": {"runs": 7, "balls": 9, "wickets": 0}, "33b3d2df": {"runs": 4, "balls": 4, "wickets": 0}, "bd0a4a7d": {"runs": 10, "balls": 6, "wickets": 0}, "7f3ad1ed": {"runs": 0, "balls": 2, "wickets": 1}, "fc55ec67": {"runs": 1, "balls": 2, "wickets": 1}, "681f522f": {"runs": 2, "balls": 1, "wickets": 0}, "c25d26dc": {"runs": 3, "balls": 2, "wickets": 0}, "6b46ce43": {"runs": 1, "balls": 2, "wickets": 0}, "95a5e066": {"runs": 1, "balls": 2, "wickets": 0}, "e16e7347": {"runs": 3, "balls": 3, "wickets": 0}, "e21bc7f3": {"runs": 5, "balls": 4, "wickets": 0}, "d3868bd0": {"runs": 6, "balls": 3, "wickets": 0}, "548d4188": {"runs": 3, "balls": 3, "wickets": 0}, "64fb6b15": {"runs": 3, "balls": 3, "wickets": 0}, "65a29a30": {"runs": 22, "balls": 8, "wickets": 0}, "a968d39b": {"runs": 11, "balls": 4, "wickets": 0}}, "fifties": 0, "thirties": 2, "centuries": 0, "maidens": 0.0, "hattricks": 0, "club_ODI_previous3_runs": [], "club_ODI_previous3_wickets": [], "club_ODI_previous3_balls played": [], "club_ODI_previous3_overs": [], "club_ODI_previous3_runs gave": [], "club_ODI_lifetime_runs": 0.0, "club_ODI_lifetime_wickets": 0.0, "club_ODI_lifetime_balls played": 0.0, "club_ODI_lifetime_overs": 0.0, "club_ODI_lifetime_runs gave": 0.0, "club_Test_previous3_runs": [], "club_Test_previous3_wickets": [], "club_Test_previous3_balls played": [], "club_Test_previous3_overs": [], "club_Test_previous3_runs gave": [], "club_Test_lifetime_runs": 0.0, "club_Test_lifetime_wickets": 0.0, "club_Test_lifetime_balls played": 0.0, "club_Test_lifetime_overs": 0.0, "club_Test_lifetime_runs gave": 0.0, "club_T20_previous3_runs": [], "club_T20_previous3_wickets": [], "club_T20_previous3_balls played": [], "club_T20_previous3_overs": [], "club_T20_previous3_runs gave": [], "club_T20_lifetime_runs": 0.0, "club_T20_lifetime_wickets": 0.0, "club_T20_lifetime_balls played": 0.0, "club_T20_lifetime_overs": 0.0, "club_T20_lifetime_runs gave": 0.0, "international_ODI_previous3_runs": [17.0, 0.0, 9.0], "international_ODI_previous3_wickets": [0.0, 0.0, 0.0], "international_ODI_previous3_balls played": [34.0, 0.0, 15.0], "international_ODI_previous3_overs": [0.0, 0.0, 0.0], "international_ODI_previous3_runs gave": [0.0, 0.0, 0.0], "international_ODI_lifetime_runs": 53.0, "international_ODI_lifetime_wickets": 0.0, "international_ODI_lifetime_balls played": 72.0, "international_ODI_lifetime_overs": 0.0, "international_ODI_lifetime_runs gave": 0.0, "international_Test_previous3_runs": [], "international_Test_previous3_wickets": [], "international_Test_previous3_balls played": [], "international_Test_previous3_overs": [], "international_Test_previous3_runs gave": [], "international_Test_lifetime_runs": 0.0, "international_Test_lifetime_wickets": 0.0, "international_Test_lifetime_balls played": 0.0, "international_Test_lifetime_overs": 0.0, "international_Test_lifetime_runs gave": 0.0, "international_T20_previous3_runs": [0.0, 33.0, 0.0], "international_T20_previous3_wickets": [0.0, 0.0, 0.0], "international_T20_previous3_balls played": [0.0, 12.0, 3.0], "international_T20_previous3_overs": [0.0, 0.0, 0.0], "international_T20_previous3_runs gave": [0.0, 0.0, 0.0], "international_T20_lifetime_runs": 227.0, "international_T20_lifetime_wickets": 0.0, "international_T20_lifetime_balls played": 189.0, "international_T20_lifetime_overs": 0.0, "international_T20_lifetime_runs gave": 0.0}