{"played_against": {"df04fc4f": {"runs": 1, "balls": 2, "wickets": 0}, "d32cf49a": {"runs": 2, "balls": 7, "wickets": 0}, "d693012d": {"runs": 5, "balls": 3, "wickets": 0}, "507acf2e": {"runs": 2, "balls": 2, "wickets": 0}, "9c515112": {"runs": 1, "balls": 1, "wickets": 0}, "99812d10": {"runs": 1, "balls": 3, "wickets": 1}, "f3a18a0c": {"runs": 3, "balls": 2, "wickets": 0}, "0475a86b": {"runs": 1, "balls": 5, "wickets": 0}, "c2ac0db5": {"runs": 0, "balls": 1, "wickets": 0}, "b34e0c77": {"runs": 2, "balls": 2, "wickets": 0}, "a5f488bc": {"runs": 1, "balls": 3, "wickets": 0}, "a0bc8dc1": {"runs": 2, "balls": 2, "wickets": 0}, "27fa592f": {"runs": 2, "balls": 4, "wickets": 0}, "eacd9bb1": {"runs": 1, "balls": 4, "wickets": 0}, "108c4c09": {"runs": 1, "balls": 5, "wickets": 0}, "c218e4e7": {"runs": 2, "balls": 2, "wickets": 0}, "17608a6f": {"runs": 0, "balls": 1, "wickets": 1}, "c3d27d76": {"runs": 4, "balls": 3, "wickets": 0}, "af8c3a85": {"runs": 0, "balls": 1, "wickets": 0}, "4d4605e6": {"runs": 1, "balls": 4, "wickets": 1}, "c35a0b8a": {"runs": 0, "balls": 3, "wickets": 0}, "83558266": {"runs": 1, "balls": 4, "wickets": 0}, "795ff893": {"runs": 0, "balls": 1, "wickets": 1}}, "fifties": 0, "thirties": 0, "centuries": 0, "maidens": 6.0, "hattricks": 6, "club_ODI_previous3_runs": [], "club_ODI_previous3_wickets": [], "club_ODI_previous3_balls played": [], "club_ODI_previous3_overs": [], "club_ODI_previous3_runs gave": [], "club_ODI_lifetime_runs": 0.0, "club_ODI_lifetime_wickets": 0.0, "club_ODI_lifetime_balls played": 0.0, "club_ODI_lifetime_overs": 0.0, "club_ODI_lifetime_runs gave": 0.0, "club_Test_previous3_runs": [], "club_Test_previous3_wickets": [], "club_Test_previous3_balls played": [], "club_Test_previous3_overs": [], "club_Test_previous3_runs gave": [], "club_Test_lifetime_runs": 0.0, "club_Test_lifetime_wickets": 0.0, "club_Test_lifetime_balls played": 0.0, "club_Test_lifetime_overs": 0.0, "club_Test_lifetime_runs gave": 0.0, "club_T20_previous3_runs": [0.0, 0.0, 1.0], "club_T20_previous3_wickets": [4.0, 3.0, 1.0], "club_T20_previous3_balls played": [0.0, 0.0, 8.0], "club_T20_previous3_overs": [4.0, 4.0, 4.0], "club_T20_previous3_runs gave": [26.0, 22.0, 33.0], "club_T20_lifetime_runs": 33.0, "club_T20_lifetime_wickets": 81.0, "club_T20_lifetime_balls played": 65.0, "club_T20_lifetime_overs": 367.3333333333333, "club_T20_lifetime_runs gave": 2335.0, "international_ODI_previous3_runs": [], "international_ODI_previous3_wickets": [], "international_ODI_previous3_balls played": [], "international_ODI_previous3_overs": [], "international_ODI_previous3_runs gave": [], "international_ODI_lifetime_runs": 0.0, "international_ODI_lifetime_wickets": 0.0, "international_ODI_lifetime_balls played": 0.0, "international_ODI_lifetime_overs": 0.0, "international_ODI_lifetime_runs gave": 0.0, "international_Test_previous3_runs": [], "international_Test_previous3_wickets": [], "international_Test_previous3_balls played": [], "international_Test_previous3_overs": [], "international_Test_previous3_runs gave": [], "international_Test_lifetime_runs": 0.0, "international_Test_lifetime_wickets": 0.0, "international_Test_lifetime_balls played": 0.0, "international_Test_lifetime_overs": 0.0, "international_Test_lifetime_runs gave": 0.0, "international_T20_previous3_runs": [], "international_T20_previous3_wickets": [], "international_T20_previous3_balls played": [], "international_T20_previous3_overs": [], "international_T20_previous3_runs gave": [], "international_T20_lifetime_runs": 0.0, "international_T20_lifetime_wickets": 0.0, "international_T20_lifetime_balls played": 0.0, "international_T20_lifetime_overs": 0.0, "international_T20_lifetime_runs gave": 0.0}