{"played_against": {"b287e7b1": {"runs": 6, "balls": 14, "wickets": 1}, "3cfbddce": {"runs": 3, "balls": 5, "wickets": 0}, "ed840f44": {"runs": 11, "balls": 24, "wickets": 0}, "2ea9b32c": {"runs": 0, "balls": 2, "wickets": 1}, "2dfdd316": {"runs": 17, "balls": 21, "wickets": 0}, "eaf4f81c": {"runs": 1, "balls": 5, "wickets": 0}, "7467fe01": {"runs": 19, "balls": 20, "wickets": 0}, "dfdaca74": {"runs": 11, "balls": 11, "wickets": 0}, "4fc3790e": {"runs": 5, "balls": 9, "wickets": 0}, "752183c1": {"runs": 9, "balls": 20, "wickets": 0}, "005f0561": {"runs": 3, "balls": 7, "wickets": 0}, "a92763ea": {"runs": 5, "balls": 13, "wickets": 1}, "595433d2": {"runs": 4, "balls": 12, "wickets": 0}, "dd468f06": {"runs": 3, "balls": 10, "wickets": 1}, "8ce69204": {"runs": 7, "balls": 14, "wickets": 0}, "7b800f9e": {"runs": 5, "balls": 12, "wickets": 0}, "cebc1351": {"runs": 6, "balls": 4, "wickets": 0}, "8d393040": {"runs": 3, "balls": 6, "wickets": 0}, "2daa8e40": {"runs": 12, "balls": 10, "wickets": 0}, "00823a96": {"runs": 3, "balls": 6, "wickets": 0}, "25c73eb6": {"runs": 4, "balls": 9, "wickets": 0}, "2dc78362": {"runs": 4, "balls": 14, "wickets": 0}, "35230fa3": {"runs": 4, "balls": 6, "wickets": 0}, "10da33a2": {"runs": 2, "balls": 3, "wickets": 1}, "53c738ac": {"runs": 6, "balls": 14, "wickets": 0}, "6d48df01": {"runs": 8, "balls": 8, "wickets": 0}, "9522a58e": {"runs": 8, "balls": 6, "wickets": 0}, "4eebb3e5": {"runs": 5, "balls": 5, "wickets": 0}, "b4f38f95": {"runs": 7, "balls": 11, "wickets": 0}, "2b150c6b": {"runs": 3, "balls": 8, "wickets": 0}, "3733a317": {"runs": 0, "balls": 6, "wickets": 0}, "94b52754": {"runs": 3, "balls": 10, "wickets": 0}, "2beae660": {"runs": 12, "balls": 23, "wickets": 0}, "36dfa62e": {"runs": 47, "balls": 42, "wickets": 0}, "f281dd00": {"runs": 70, "balls": 103, "wickets": 1}, "d58fdb42": {"runs": 6, "balls": 10, "wickets": 0}, "0b69a844": {"runs": 7, "balls": 4, "wickets": 0}, "a1c4aed5": {"runs": 6, "balls": 8, "wickets": 0}, "a61850e6": {"runs": 18, "balls": 27, "wickets": 0}, "5f862ccd": {"runs": 2, "balls": 6, "wickets": 0}, "5838cb64": {"runs": 8, "balls": 9, "wickets": 1}, "d24e69f5": {"runs": 4, "balls": 13, "wickets": 0}, "ad580a96": {"runs": 6, "balls": 8, "wickets": 0}, "c68fc575": {"runs": 10, "balls": 11, "wickets": 1}, "065c35fc": {"runs": 5, "balls": 6, "wickets": 0}, "8001a208": {"runs": 9, "balls": 24, "wickets": 2}, "9d0332ee": {"runs": 7, "balls": 12, "wickets": 0}, "da22f2a2": {"runs": 1, "balls": 1, "wickets": 0}, "fe7ba5cf": {"runs": 0, "balls": 1, "wickets": 0}, "72a025a0": {"runs": 5, "balls": 3, "wickets": 0}, "13fdbc7e": {"runs": 1, "balls": 1, "wickets": 0}, "bf5e7711": {"runs": 9, "balls": 16, "wickets": 0}, "c4022bff": {"runs": 8, "balls": 10, "wickets": 0}, "77b26349": {"runs": 15, "balls": 29, "wickets": 0}, "fdc6b34d": {"runs": 6, "balls": 4, "wickets": 0}, "5bb904d4": {"runs": 1, "balls": 3, "wickets": 1}, "a51e6c6e": {"runs": 0, "balls": 2, "wickets": 0}, "fa8a3eb0": {"runs": 1, "balls": 3, "wickets": 0}, "c981d3c2": {"runs": 3, "balls": 13, "wickets": 0}, "5463cb7a": {"runs": 1, "balls": 7, "wickets": 0}, "8026ea72": {"runs": 2, "balls": 10, "wickets": 0}, "7c1ba524": {"runs": 0, "balls": 3, "wickets": 0}, "201fef33": {"runs": 1, "balls": 4, "wickets": 0}, "d0bb40b8": {"runs": 6, "balls": 4, "wickets": 0}, "705489eb": {"runs": 3, "balls": 4, "wickets": 0}, "53cd8da6": {"runs": 1, "balls": 3, "wickets": 1}, "4c7744de": {"runs": 13, "balls": 10, "wickets": 0}, "9e4f6851": {"runs": 11, "balls": 20, "wickets": 0}, "d35c1fc7": {"runs": 9, "balls": 6, "wickets": 0}, "037f2b86": {"runs": 3, "balls": 5, "wickets": 0}, "a0fdf513": {"runs": 13, "balls": 11, "wickets": 0}, "b55fb828": {"runs": 8, "balls": 18, "wickets": 0}, "52d3b7ff": {"runs": 8, "balls": 12, "wickets": 0}, "dbd79036": {"runs": 6, "balls": 4, "wickets": 0}, "f0b4294e": {"runs": 6, "balls": 10, "wickets": 1}, "50ee0500": {"runs": 17, "balls": 28, "wickets": 0}, "b4f73b44": {"runs": 5, "balls": 6, "wickets": 0}, "d3b4b8ed": {"runs": 1, "balls": 3, "wickets": 0}, "69a9bb78": {"runs": 1, "balls": 1, "wickets": 0}, "f13d3eba": {"runs": 12, "balls": 11, "wickets": 1}, "af104d94": {"runs": 12, "balls": 11, "wickets": 0}, "bff0535a": {"runs": 3, "balls": 4, "wickets": 0}, "f537d39c": {"runs": 4, "balls": 6, "wickets": 1}, "2085c2f4": {"runs": 1, "balls": 9, "wickets": 0}, "01c1b96c": {"runs": 3, "balls": 5, "wickets": 1}, "5b4e5d3d": {"runs": 0, "balls": 2, "wickets": 1}, "c96e51ba": {"runs": 9, "balls": 5, "wickets": 0}, "97e6e41a": {"runs": 11, "balls": 8, "wickets": 0}, "4a6c0fbb": {"runs": 11, "balls": 10, "wickets": 0}, "32b461b1": {"runs": 2, "balls": 8, "wickets": 0}, "6348c6e9": {"runs": 14, "balls": 6, "wickets": 0}, "106135f5": {"runs": 5, "balls": 3, "wickets": 0}, "e2e5b178": {"runs": 5, "balls": 8, "wickets": 0}, "73db1940": {"runs": 12, "balls": 10, "wickets": 0}, "4bed6af7": {"runs": 16, "balls": 15, "wickets": 0}, "f4b942ae": {"runs": 10, "balls": 5, "wickets": 0}, "c8ae2573": {"runs": 28, "balls": 23, "wickets": 0}, "44b53fba": {"runs": 18, "balls": 13, "wickets": 0}, "b4d08794": {"runs": 16, "balls": 18, "wickets": 0}, "0877eba5": {"runs": 8, "balls": 10, "wickets": 0}, "4db4c8be": {"runs": 15, "balls": 24, "wickets": 0}, "ae99724d": {"runs": 7, "balls": 5, "wickets": 0}, "d8f20ba5": {"runs": 3, "balls": 5, "wickets": 0}, "4f86926b": {"runs": 9, "balls": 7, "wickets": 0}, "bba7558e": {"runs": 3, "balls": 3, "wickets": 0}, "d5fa2ab3": {"runs": 9, "balls": 5, "wickets": 0}, "7027d12f": {"runs": 11, "balls": 18, "wickets": 1}, "8e7be59c": {"runs": 5, "balls": 11, "wickets": 0}, "a0a65375": {"runs": 12, "balls": 20, "wickets": 0}, "28aba384": {"runs": 9, "balls": 13, "wickets": 0}, "ef2bcebf": {"runs": 2, "balls": 4, "wickets": 1}, "623c8835": {"runs": 12, "balls": 10, "wickets": 1}, "1b3f7dbb": {"runs": 0, "balls": 3, "wickets": 0}, "ac8bca8d": {"runs": 1, "balls": 1, "wickets": 0}, "07248d8e": {"runs": 4, "balls": 9, "wickets": 1}, "df70c3f2": {"runs": 7, "balls": 7, "wickets": 0}, "5aac4f00": {"runs": 1, "balls": 1, "wickets": 0}, "040f11e8": {"runs": 6, "balls": 10, "wickets": 0}, "66078174": {"runs": 7, "balls": 22, "wickets": 2}, "2f9a6bd1": {"runs": 2, "balls": 6, "wickets": 0}, "75820733": {"runs": 4, "balls": 4, "wickets": 0}, "42d9dd09": {"runs": 3, "balls": 5, "wickets": 0}, "a49985e6": {"runs": 3, "balls": 6, "wickets": 1}, "d32cf49a": {"runs": 6, "balls": 7, "wickets": 0}, "cdb82f1c": {"runs": 6, "balls": 8, "wickets": 0}, "f3a18a0c": {"runs": 0, "balls": 2, "wickets": 0}, "b34e0c77": {"runs": 3, "balls": 3, "wickets": 0}, "32497ecd": {"runs": 8, "balls": 4, "wickets": 0}, "6a434bd3": {"runs": 2, "balls": 5, "wickets": 0}, "108c4c09": {"runs": 0, "balls": 1, "wickets": 1}, "da61a9af": {"runs": 10, "balls": 10, "wickets": 1}, "a4f1fdd4": {"runs": 44, "balls": 50, "wickets": 0}, "09a58e2d": {"runs": 32, "balls": 35, "wickets": 2}, "edf62a25": {"runs": 13, "balls": 29, "wickets": 1}, "b5341b28": {"runs": 0, "balls": 2, "wickets": 0}, "cca8bdca": {"runs": 17, "balls": 16, "wickets": 0}, "c0dc015b": {"runs": 8, "balls": 15, "wickets": 1}, "657da2f4": {"runs": 4, "balls": 3, "wickets": 0}, "06653fcc": {"runs": 6, "balls": 12, "wickets": 0}, "a6412417": {"runs": 4, "balls": 10, "wickets": 0}, "00eefafc": {"runs": 5, "balls": 9, "wickets": 0}, "ad3940a5": {"runs": 1, "balls": 2, "wickets": 0}, "8d25271a": {"runs": 33, "balls": 56, "wickets": 0}, "550373ea": {"runs": 5, "balls": 5, "wickets": 0}, "c34a15e6": {"runs": 8, "balls": 7, "wickets": 1}, "0d56e9a5": {"runs": 10, "balls": 10, "wickets": 0}, "821d7d46": {"runs": 5, "balls": 7, "wickets": 0}, "9714e764": {"runs": 0, "balls": 1, "wickets": 1}, "df9cdebf": {"runs": 6, "balls": 9, "wickets": 0}, "a259c414": {"runs": 4, "balls": 8, "wickets": 0}, "9f87d0f0": {"runs": 5, "balls": 12, "wickets": 0}, "31c56f40": {"runs": 4, "balls": 5, "wickets": 0}, "6c8904c8": {"runs": 9, "balls": 13, "wickets": 0}, "b9b32e3c": {"runs": 10, "balls": 14, "wickets": 0}, "3af75717": {"runs": 6, "balls": 3, "wickets": 0}, "c4c374d9": {"runs": 9, "balls": 20, "wickets": 0}, "7298db76": {"runs": 3, "balls": 5, "wickets": 0}, "6c3aef71": {"runs": 9, "balls": 12, "wickets": 0}, "237ec05b": {"runs": 1, "balls": 7, "wickets": 0}, "d8f59089": {"runs": 2, "balls": 2, "wickets": 0}, "a6ec88f4": {"runs": 46, "balls": 53, "wickets": 1}, "c6a019f5": {"runs": 56, "balls": 74, "wickets": 1}, "7a0428ae": {"runs": 10, "balls": 12, "wickets": 0}, "4d35d0b3": {"runs": 57, "balls": 78, "wickets": 0}, "47b32a5a": {"runs": 18, "balls": 30, "wickets": 1}, "5d2031f0": {"runs": 12, "balls": 11, "wickets": 0}, "42e4b276": {"runs": 13, "balls": 20, "wickets": 0}, "022745d5": {"runs": 14, "balls": 14, "wickets": 1}, "9a58f2c8": {"runs": 15, "balls": 22, "wickets": 0}, "15f609ed": {"runs": 0, "balls": 3, "wickets": 0}, "2e0b6638": {"runs": 4, "balls": 2, "wickets": 1}, "61c22ad0": {"runs": 2, "balls": 2, "wickets": 0}, "6d76bc23": {"runs": 2, "balls": 2, "wickets": 0}, "2904b4b6": {"runs": 2, "balls": 3, "wickets": 1}, "9b3bcca4": {"runs": 2, "balls": 6, "wickets": 0}, "5777d460": {"runs": 0, "balls": 2, "wickets": 1}, "f61e2829": {"runs": 11, "balls": 10, "wickets": 0}, "8a452195": {"runs": 12, "balls": 11, "wickets": 0}, "fa9db243": {"runs": 4, "balls": 12, "wickets": 0}, "560ef10a": {"runs": 5, "balls": 2, "wickets": 0}, "3b492b8d": {"runs": 5, "balls": 5, "wickets": 0}, "5bc290a2": {"runs": 2, "balls": 3, "wickets": 0}, "cdf63aaa": {"runs": 1, "balls": 2, "wickets": 0}, "3f2b40f0": {"runs": 9, "balls": 8, "wickets": 0}, "417bde96": {"runs": 4, "balls": 1, "wickets": 0}, "992979fa": {"runs": 2, "balls": 4, "wickets": 0}, "0c40b02d": {"runs": 3, "balls": 4, "wickets": 0}, "b1c113d7": {"runs": 11, "balls": 6, "wickets": 0}, "cd12f384": {"runs": 11, "balls": 9, "wickets": 1}, "3775b9f9": {"runs": 2, "balls": 4, "wickets": 0}, "aaccb8ca": {"runs": 0, "balls": 7, "wickets": 1}, "74eecff4": {"runs": 1, "balls": 2, "wickets": 0}, "66498395": {"runs": 2, "balls": 5, "wickets": 0}, "ffd5fcd8": {"runs": 4, "balls": 2, "wickets": 0}, "5a50471c": {"runs": 6, "balls": 6, "wickets": 0}, "397369e0": {"runs": 6, "balls": 9, "wickets": 1}, "f606177e": {"runs": 1, "balls": 2, "wickets": 0}, "9414a81c": {"runs": 4, "balls": 8, "wickets": 0}, "a6dd06d6": {"runs": 6, "balls": 8, "wickets": 0}, "8d62fc14": {"runs": 6, "balls": 6, "wickets": 0}, "0ab3c788": {"runs": 1, "balls": 2, "wickets": 0}, "0a10b268": {"runs": 1, "balls": 4, "wickets": 0}}, "fifties": 0, "thirties": 17, "centuries": 0, "maidens": 0.0, "hattricks": 0, "club_ODI_previous3_runs": [], "club_ODI_previous3_wickets": [], "club_ODI_previous3_balls played": [], "club_ODI_previous3_overs": [], "club_ODI_previous3_runs gave": [], "club_ODI_lifetime_runs": 0.0, "club_ODI_lifetime_wickets": 0.0, "club_ODI_lifetime_balls played": 0.0, "club_ODI_lifetime_overs": 0.0, "club_ODI_lifetime_runs gave": 0.0, "club_Test_previous3_runs": [], "club_Test_previous3_wickets": [], "club_Test_previous3_balls played": [], "club_Test_previous3_overs": [], "club_Test_previous3_runs gave": [], "club_Test_lifetime_runs": 0.0, "club_Test_lifetime_wickets": 0.0, "club_Test_lifetime_balls played": 0.0, "club_Test_lifetime_overs": 0.0, "club_Test_lifetime_runs gave": 0.0, "club_T20_previous3_runs": [6.0, 8.0, 0.0], "club_T20_previous3_wickets": [0.0, 0.0, 0.0], "club_T20_previous3_balls played": [7.0, 13.0, 2.0], "club_T20_previous3_overs": [0.0, 0.0, 0.0], "club_T20_previous3_runs gave": [0.0, 0.0, 0.0], "club_T20_lifetime_runs": 18.0, "club_T20_lifetime_wickets": 0.0, "club_T20_lifetime_balls played": 28.0, "club_T20_lifetime_overs": 0.0, "club_T20_lifetime_runs gave": 0.0, "international_ODI_previous3_runs": [52.0, 1.0, 31.0], "international_ODI_previous3_wickets": [0.0, 0.0, 0.0], "international_ODI_previous3_balls played": [60.0, 5.0, 44.0], "international_ODI_previous3_overs": [0.0, 0.0, 0.0], "international_ODI_previous3_runs gave": [0.0, 0.0, 0.0], "international_ODI_lifetime_runs": 346.0, "international_ODI_lifetime_wickets": 0.0, "international_ODI_lifetime_balls played": 551.0, "international_ODI_lifetime_overs": 2.0, "international_ODI_lifetime_runs gave": 5.0, "international_Test_previous3_runs": [], "international_Test_previous3_wickets": [], "international_Test_previous3_balls played": [], "international_Test_previous3_overs": [], "international_Test_previous3_runs gave": [], "international_Test_lifetime_runs": 0.0, "international_Test_lifetime_wickets": 0.0, "international_Test_lifetime_balls played": 0.0, "international_Test_lifetime_overs": 0.0, "international_Test_lifetime_runs gave": 0.0, "international_T20_previous3_runs": [0.0, 19.0, 36.0], "international_T20_previous3_wickets": [0.0, 0.0, 0.0], "international_T20_previous3_balls played": [0.0, 30.0, 47.0], "international_T20_previous3_overs": [0.0, 0.0, 0.0], "international_T20_previous3_runs gave": [0.0, 0.0, 0.0], "international_T20_lifetime_runs": 1211.0, "international_T20_lifetime_wickets": 0.0, "international_T20_lifetime_balls played": 1608.0, "international_T20_lifetime_overs": 0.0, "international_T20_lifetime_runs gave": 0.0}