{"played_against": {"7ec9711d": {"runs": 11, "balls": 13, "wickets": 0}, "a9da7784": {"runs": 1, "balls": 1, "wickets": 0}, "0b60eb09": {"runs": 5, "balls": 10, "wickets": 0}, "c50bfbc2": {"runs": 0, "balls": 0, "wickets": 0}, "ab6b1c45": {"runs": 2, "balls": 2, "wickets": 1}, "462d7c62": {"runs": 5, "balls": 8, "wickets": 0}, "a316d663": {"runs": 4, "balls": 5, "wickets": 1}, "d4eef961": {"runs": 4, "balls": 6, "wickets": 1}, "d7a57f75": {"runs": 13, "balls": 11, "wickets": 0}, "97b0e4ff": {"runs": 2, "balls": 2, "wickets": 0}, "a8e56914": {"runs": 1, "balls": 5, "wickets": 0}, "016e5101": {"runs": 3, "balls": 7, "wickets": 0}, "8b248d88": {"runs": 8, "balls": 6, "wickets": 0}, "acee4cc4": {"runs": 10, "balls": 8, "wickets": 0}, "d0db2e43": {"runs": 2, "balls": 3, "wickets": 0}, "9df3a2f4": {"runs": 10, "balls": 11, "wickets": 1}, "8361e524": {"runs": 9, "balls": 11, "wickets": 0}, "c3d35165": {"runs": 6, "balls": 7, "wickets": 0}, "8fd1a8f5": {"runs": 19, "balls": 10, "wickets": 0}, "1e182ae2": {"runs": 2, "balls": 2, "wickets": 0}, "42172c3c": {"runs": 12, "balls": 13, "wickets": 0}, "c995d726": {"runs": 1, "balls": 1, "wickets": 0}, "e734d090": {"runs": 4, "balls": 3, "wickets": 0}, "179bea21": {"runs": 1, "balls": 3, "wickets": 1}, "cfe70281": {"runs": 5, "balls": 9, "wickets": 0}, "7955eb15": {"runs": 4, "balls": 4, "wickets": 0}, "e5437608": {"runs": 7, "balls": 5, "wickets": 0}, "6ed11905": {"runs": 3, "balls": 7, "wickets": 2}, "f277f531": {"runs": 2, "balls": 3, "wickets": 0}, "6a26221c": {"runs": 2, "balls": 8, "wickets": 0}, "9d50c7e1": {"runs": 20, "balls": 16, "wickets": 0}, "a03bba42": {"runs": 1, "balls": 2, "wickets": 0}, "fb66ce1f": {"runs": 10, "balls": 7, "wickets": 0}, "4aad78d3": {"runs": 2, "balls": 3, "wickets": 0}, "1b42a100": {"runs": 2, "balls": 2, "wickets": 0}, "7cb2d9d2": {"runs": 5, "balls": 5, "wickets": 1}, "28d6c44d": {"runs": 11, "balls": 6, "wickets": 0}, "7f8ecc51": {"runs": 9, "balls": 13, "wickets": 1}, "c96f6ac5": {"runs": 7, "balls": 7, "wickets": 0}, "11614d87": {"runs": 8, "balls": 4, "wickets": 1}, "032e4384": {"runs": 7, "balls": 8, "wickets": 0}, "abd541e6": {"runs": 7, "balls": 3, "wickets": 0}, "ffd3fc37": {"runs": 3, "balls": 2, "wickets": 0}, "1cb14aa4": {"runs": 2, "balls": 4, "wickets": 1}, "a1d95bd8": {"runs": 4, "balls": 4, "wickets": 0}, "1062bebb": {"runs": 1, "balls": 1, "wickets": 0}, "7eb7d5d4": {"runs": 9, "balls": 6, "wickets": 1}, "172dff15": {"runs": 3, "balls": 2, "wickets": 0}, "b56dc5f7": {"runs": 0, "balls": 1, "wickets": 0}, "9a2fc964": {"runs": 5, "balls": 5, "wickets": 0}, "f2397e48": {"runs": 1, "balls": 3, "wickets": 0}, "595f565e": {"runs": 7, "balls": 5, "wickets": 0}, "f892fcf9": {"runs": 0, "balls": 1, "wickets": 1}, "6b9eb501": {"runs": 0, "balls": 2, "wickets": 0}, "fc60e81a": {"runs": 1, "balls": 2, "wickets": 0}, "844e79d1": {"runs": 9, "balls": 4, "wickets": 0}, "68790da2": {"runs": 0, "balls": 5, "wickets": 0}, "1d105638": {"runs": 12, "balls": 6, "wickets": 0}, "54c2b697": {"runs": 0, "balls": 2, "wickets": 1}}, "fifties": 0, "thirties": 1, "centuries": 0, "maidens": 0.0, "hattricks": 0, "club_ODI_previous3_runs": [], "club_ODI_previous3_wickets": [], "club_ODI_previous3_balls played": [], "club_ODI_previous3_overs": [], "club_ODI_previous3_runs gave": [], "club_ODI_lifetime_runs": 0.0, "club_ODI_lifetime_wickets": 0.0, "club_ODI_lifetime_balls played": 0.0, "club_ODI_lifetime_overs": 0.0, "club_ODI_lifetime_runs gave": 0.0, "club_Test_previous3_runs": [], "club_Test_previous3_wickets": [], "club_Test_previous3_balls played": [], "club_Test_previous3_overs": [], "club_Test_previous3_runs gave": [], "club_Test_lifetime_runs": 0.0, "club_Test_lifetime_wickets": 0.0, "club_Test_lifetime_balls played": 0.0, "club_Test_lifetime_overs": 0.0, "club_Test_lifetime_runs gave": 0.0, "club_T20_previous3_runs": [16.0, 9.0, 12.0], "club_T20_previous3_wickets": [0.0, 0.0, 0.0], "club_T20_previous3_balls played": [19.0, 9.0, 8.0], "club_T20_previous3_overs": [0.0, 0.0, 0.0], "club_T20_previous3_runs gave": [0.0, 0.0, 0.0], "club_T20_lifetime_runs": 304.0, "club_T20_lifetime_wickets": 0.0, "club_T20_lifetime_balls played": 320.0, "club_T20_lifetime_overs": 0.0, "club_T20_lifetime_runs gave": 0.0, "international_ODI_previous3_runs": [], "international_ODI_previous3_wickets": [], "international_ODI_previous3_balls played": [], "international_ODI_previous3_overs": [], "international_ODI_previous3_runs gave": [], "international_ODI_lifetime_runs": 0.0, "international_ODI_lifetime_wickets": 0.0, "international_ODI_lifetime_balls played": 0.0, "international_ODI_lifetime_overs": 0.0, "international_ODI_lifetime_runs gave": 0.0, "international_Test_previous3_runs": [], "international_Test_previous3_wickets": [], "international_Test_previous3_balls played": [], "international_Test_previous3_overs": [], "international_Test_previous3_runs gave": [], "international_Test_lifetime_runs": 0.0, "international_Test_lifetime_wickets": 0.0, "international_Test_lifetime_balls played": 0.0, "international_Test_lifetime_overs": 0.0, "international_Test_lifetime_runs gave": 0.0, "international_T20_previous3_runs": [], "international_T20_previous3_wickets": [], "international_T20_previous3_balls played": [], "international_T20_previous3_overs": [], "international_T20_previous3_runs gave": [], "international_T20_lifetime_runs": 0.0, "international_T20_lifetime_wickets": 0.0, "international_T20_lifetime_balls played": 0.0, "international_T20_lifetime_overs": 0.0, "international_T20_lifetime_runs gave": 0.0}