{"played_against": {"a9fd84fb": {"runs": 2, "balls": 3, "wickets": 1}, "c05edf8e": {"runs": 3, "balls": 4, "wickets": 0}, "4885bbe6": {"runs": 14, "balls": 5, "wickets": 0}, "2f49c897": {"runs": 0, "balls": 4, "wickets": 0}, "7b5b6311": {"runs": 4, "balls": 2, "wickets": 0}, "5876c626": {"runs": 1, "balls": 2, "wickets": 1}, "dd6f4040": {"runs": 8, "balls": 3, "wickets": 0}, "26989d80": {"runs": 5, "balls": 3, "wickets": 0}, "21b9e62b": {"runs": 6, "balls": 3, "wickets": 1}, "a0d66374": {"runs": 1, "balls": 1, "wickets": 0}, "119678fd": {"runs": 6, "balls": 4, "wickets": 0}, "27e71d47": {"runs": 1, "balls": 1, "wickets": 0}, "531f7ccc": {"runs": 4, "balls": 3, "wickets": 1}, "76cc7070": {"runs": 6, "balls": 4, "wickets": 0}, "d330f9b9": {"runs": 15, "balls": 4, "wickets": 0}, "783e6111": {"runs": 7, "balls": 3, "wickets": 0}, "1e66c162": {"runs": 0, "balls": 1, "wickets": 0}, "2cdce1be": {"runs": 7, "balls": 4, "wickets": 1}, "4bd09374": {"runs": 1, "balls": 1, "wickets": 0}}, "fifties": 0, "thirties": 1, "centuries": 0, "maidens": 0.0, "hattricks": 0, "club_ODI_previous3_runs": [], "club_ODI_previous3_wickets": [], "club_ODI_previous3_balls played": [], "club_ODI_previous3_overs": [], "club_ODI_previous3_runs gave": [], "club_ODI_lifetime_runs": 0.0, "club_ODI_lifetime_wickets": 0.0, "club_ODI_lifetime_balls played": 0.0, "club_ODI_lifetime_overs": 0.0, "club_ODI_lifetime_runs gave": 0.0, "club_Test_previous3_runs": [], "club_Test_previous3_wickets": [], "club_Test_previous3_balls played": [], "club_Test_previous3_overs": [], "club_Test_previous3_runs gave": [], "club_Test_lifetime_runs": 0.0, "club_Test_lifetime_wickets": 0.0, "club_Test_lifetime_balls played": 0.0, "club_Test_lifetime_overs": 0.0, "club_Test_lifetime_runs gave": 0.0, "club_T20_previous3_runs": [12.0, 35.0, 1.0], "club_T20_previous3_wickets": [0.0, 0.0, 0.0], "club_T20_previous3_balls played": [9.0, 16.0, 1.0], "club_T20_previous3_overs": [0.0, 0.0, 0.0], "club_T20_previous3_runs gave": [0.0, 0.0, 0.0], "club_T20_lifetime_runs": 91.0, "club_T20_lifetime_wickets": 0.0, "club_T20_lifetime_balls played": 55.0, "club_T20_lifetime_overs": 0.0, "club_T20_lifetime_runs gave": 0.0, "international_ODI_previous3_runs": [], "international_ODI_previous3_wickets": [], "international_ODI_previous3_balls played": [], "international_ODI_previous3_overs": [], "international_ODI_previous3_runs gave": [], "international_ODI_lifetime_runs": 0.0, "international_ODI_lifetime_wickets": 0.0, "international_ODI_lifetime_balls played": 0.0, "international_ODI_lifetime_overs": 0.0, "international_ODI_lifetime_runs gave": 0.0, "international_Test_previous3_runs": [], "international_Test_previous3_wickets": [], "international_Test_previous3_balls played": [], "international_Test_previous3_overs": [], "international_Test_previous3_runs gave": [], "international_Test_lifetime_runs": 0.0, "international_Test_lifetime_wickets": 0.0, "international_Test_lifetime_balls played": 0.0, "international_Test_lifetime_overs": 0.0, "international_Test_lifetime_runs gave": 0.0, "international_T20_previous3_runs": [], "international_T20_previous3_wickets": [], "international_T20_previous3_balls played": [], "international_T20_previous3_overs": [], "international_T20_previous3_runs gave": [], "international_T20_lifetime_runs": 0.0, "international_T20_lifetime_wickets": 0.0, "international_T20_lifetime_balls played": 0.0, "international_T20_lifetime_overs": 0.0, "international_T20_lifetime_runs gave": 0.0}