{"played_against": {"ffe699c0": {"runs": 0, "balls": 0, "wickets": 0}, "70d57519": {"runs": 2, "balls": 3, "wickets": 0}, "0bec3a6c": {"runs": 1, "balls": 2, "wickets": 0}, "9d0344f3": {"runs": 3, "balls": 6, "wickets": 0}, "c042b412": {"runs": 1, "balls": 2, "wickets": 0}, "f0e293b0": {"runs": 2, "balls": 3, "wickets": 0}, "87e562a9": {"runs": 0, "balls": 1, "wickets": 1}}, "fifties": 0, "thirties": 0, "centuries": 0, "maidens": 0.0, "hattricks": 0, "club_ODI_previous3_runs": [], "club_ODI_previous3_wickets": [], "club_ODI_previous3_balls played": [], "club_ODI_previous3_overs": [], "club_ODI_previous3_runs gave": [], "club_ODI_lifetime_runs": 0.0, "club_ODI_lifetime_wickets": 0.0, "club_ODI_lifetime_balls played": 0.0, "club_ODI_lifetime_overs": 0.0, "club_ODI_lifetime_runs gave": 0.0, "club_Test_previous3_runs": [], "club_Test_previous3_wickets": [], "club_Test_previous3_balls played": [], "club_Test_previous3_overs": [], "club_Test_previous3_runs gave": [], "club_Test_lifetime_runs": 0.0, "club_Test_lifetime_wickets": 0.0, "club_Test_lifetime_balls played": 0.0, "club_Test_lifetime_overs": 0.0, "club_Test_lifetime_runs gave": 0.0, "club_T20_previous3_runs": [0.0, 0.0, 0.0], "club_T20_previous3_wickets": [0.0, 0.0, 0.0], "club_T20_previous3_balls played": [0.0, 0.0, 0.0], "club_T20_previous3_overs": [1.0, 0.0, 0.0], "club_T20_previous3_runs gave": [18.0, 0.0, 0.0], "club_T20_lifetime_runs": 9.0, "club_T20_lifetime_wickets": 2.0, "club_T20_lifetime_balls played": 18.0, "club_T20_lifetime_overs": 15.0, "club_T20_lifetime_runs gave": 159.0, "international_ODI_previous3_runs": [0.0], "international_ODI_previous3_wickets": [0.0], "international_ODI_previous3_balls played": [0.0], "international_ODI_previous3_overs": [5.0], "international_ODI_previous3_runs gave": [38.0], "international_ODI_lifetime_runs": 0.0, "international_ODI_lifetime_wickets": 0.0, "international_ODI_lifetime_balls played": 0.0, "international_ODI_lifetime_overs": 5.0, "international_ODI_lifetime_runs gave": 38.0, "international_Test_previous3_runs": [], "international_Test_previous3_wickets": [], "international_Test_previous3_balls played": [], "international_Test_previous3_overs": [], "international_Test_previous3_runs gave": [], "international_Test_lifetime_runs": 0.0, "international_Test_lifetime_wickets": 0.0, "international_Test_lifetime_balls played": 0.0, "international_Test_lifetime_overs": 0.0, "international_Test_lifetime_runs gave": 0.0, "international_T20_previous3_runs": [], "international_T20_previous3_wickets": [], "international_T20_previous3_balls played": [], "international_T20_previous3_overs": [], "international_T20_previous3_runs gave": [], "international_T20_lifetime_runs": 0.0, "international_T20_lifetime_wickets": 0.0, "international_T20_lifetime_balls played": 0.0, "international_T20_lifetime_overs": 0.0, "international_T20_lifetime_runs gave": 0.0}