{"played_against": {"9170ff49": {"runs": 0, "balls": 2, "wickets": 1}, "f8c7484e": {"runs": 6, "balls": 8, "wickets": 0}, "9fc68dcb": {"runs": 2, "balls": 3, "wickets": 0}, "6a58e069": {"runs": 1, "balls": 5, "wickets": 0}, "911d04ad": {"runs": 1, "balls": 1, "wickets": 0}, "481dd6dc": {"runs": 4, "balls": 2, "wickets": 0}, "0f60513c": {"runs": 9, "balls": 3, "wickets": 0}, "2e171977": {"runs": 1, "balls": 3, "wickets": 0}, "98ae73b1": {"runs": 0, "balls": 1, "wickets": 1}, "a9fd84fb": {"runs": 1, "balls": 1, "wickets": 0}, "c3a96caf": {"runs": 3, "balls": 7, "wickets": 0}, "c05edf8e": {"runs": 1, "balls": 2, "wickets": 0}, "dcf81436": {"runs": 4, "balls": 6, "wickets": 0}, "ce820073": {"runs": 10, "balls": 8, "wickets": 0}, "4a15018a": {"runs": 3, "balls": 8, "wickets": 0}, "531f7ccc": {"runs": 12, "balls": 7, "wickets": 0}, "c55a5dff": {"runs": 7, "balls": 3, "wickets": 0}, "a0d66374": {"runs": 45, "balls": 14, "wickets": 0}, "119678fd": {"runs": 7, "balls": 4, "wickets": 0}, "61b9410c": {"runs": 9, "balls": 7, "wickets": 0}, "ca82673d": {"runs": 13, "balls": 10, "wickets": 0}, "76860ea3": {"runs": 1, "balls": 1, "wickets": 0}, "f3ba1bdc": {"runs": 6, "balls": 3, "wickets": 0}, "15deff66": {"runs": 9, "balls": 4, "wickets": 1}, "40caa465": {"runs": 6, "balls": 3, "wickets": 0}, "301762cd": {"runs": 3, "balls": 2, "wickets": 0}, "66ea7420": {"runs": 14, "balls": 9, "wickets": 0}, "b7d8d5ce": {"runs": 13, "balls": 3, "wickets": 0}, "a398b8c2": {"runs": 5, "balls": 6, "wickets": 1}, "69be866a": {"runs": 2, "balls": 4, "wickets": 0}, "b6e96180": {"runs": 4, "balls": 4, "wickets": 0}, "982dc390": {"runs": 5, "balls": 8, "wickets": 0}, "2a6afc6f": {"runs": 4, "balls": 3, "wickets": 0}, "db31895a": {"runs": 8, "balls": 3, "wickets": 0}, "c33d8116": {"runs": 11, "balls": 8, "wickets": 0}, "c38d3503": {"runs": 9, "balls": 6, "wickets": 1}, "3a922344": {"runs": 4, "balls": 3, "wickets": 0}, "fb2d1dda": {"runs": 1, "balls": 1, "wickets": 0}, "21d4e29b": {"runs": 6, "balls": 4, "wickets": 0}, "30df8c66": {"runs": 1, "balls": 3, "wickets": 1}, "b4587494": {"runs": 1, "balls": 3, "wickets": 0}, "94253925": {"runs": 7, "balls": 4, "wickets": 0}, "f1809c03": {"runs": 7, "balls": 3, "wickets": 1}, "2cdce1be": {"runs": 2, "balls": 3, "wickets": 0}, "d330f9b9": {"runs": 7, "balls": 9, "wickets": 1}, "783e6111": {"runs": 2, "balls": 3, "wickets": 0}, "663b5e34": {"runs": 1, "balls": 1, "wickets": 0}, "1e66c162": {"runs": 2, "balls": 3, "wickets": 0}, "76cc7070": {"runs": 1, "balls": 1, "wickets": 0}, "de00b96c": {"runs": 4, "balls": 6, "wickets": 0}, "983f2f61": {"runs": 1, "balls": 1, "wickets": 0}, "beb2a972": {"runs": 4, "balls": 5, "wickets": 1}, "4bd09374": {"runs": 11, "balls": 5, "wickets": 0}}, "fifties": 0, "thirties": 4, "centuries": 0, "maidens": 0.0, "hattricks": 0, "club_ODI_previous3_runs": [], "club_ODI_previous3_wickets": [], "club_ODI_previous3_balls played": [], "club_ODI_previous3_overs": [], "club_ODI_previous3_runs gave": [], "club_ODI_lifetime_runs": 0.0, "club_ODI_lifetime_wickets": 0.0, "club_ODI_lifetime_balls played": 0.0, "club_ODI_lifetime_overs": 0.0, "club_ODI_lifetime_runs gave": 0.0, "club_Test_previous3_runs": [], "club_Test_previous3_wickets": [], "club_Test_previous3_balls played": [], "club_Test_previous3_overs": [], "club_Test_previous3_runs gave": [], "club_Test_lifetime_runs": 0.0, "club_Test_lifetime_wickets": 0.0, "club_Test_lifetime_balls played": 0.0, "club_Test_lifetime_overs": 0.0, "club_Test_lifetime_runs gave": 0.0, "club_T20_previous3_runs": [15.0, 15.0, 20.0], "club_T20_previous3_wickets": [0.0, 0.0, 0.0], "club_T20_previous3_balls played": [10.0, 23.0, 17.0], "club_T20_previous3_overs": [0.0, 0.0, 0.0], "club_T20_previous3_runs gave": [0.0, 0.0, 0.0], "club_T20_lifetime_runs": 301.0, "club_T20_lifetime_wickets": 1.0, "club_T20_lifetime_balls played": 236.0, "club_T20_lifetime_overs": 1.8333333333333335, "club_T20_lifetime_runs gave": 30.0, "international_ODI_previous3_runs": [], "international_ODI_previous3_wickets": [], "international_ODI_previous3_balls played": [], "international_ODI_previous3_overs": [], "international_ODI_previous3_runs gave": [], "international_ODI_lifetime_runs": 0.0, "international_ODI_lifetime_wickets": 0.0, "international_ODI_lifetime_balls played": 0.0, "international_ODI_lifetime_overs": 0.0, "international_ODI_lifetime_runs gave": 0.0, "international_Test_previous3_runs": [], "international_Test_previous3_wickets": [], "international_Test_previous3_balls played": [], "international_Test_previous3_overs": [], "international_Test_previous3_runs gave": [], "international_Test_lifetime_runs": 0.0, "international_Test_lifetime_wickets": 0.0, "international_Test_lifetime_balls played": 0.0, "international_Test_lifetime_overs": 0.0, "international_Test_lifetime_runs gave": 0.0, "international_T20_previous3_runs": [], "international_T20_previous3_wickets": [], "international_T20_previous3_balls played": [], "international_T20_previous3_overs": [], "international_T20_previous3_runs gave": [], "international_T20_lifetime_runs": 0.0, "international_T20_lifetime_wickets": 0.0, "international_T20_lifetime_balls played": 0.0, "international_T20_lifetime_overs": 0.0, "international_T20_lifetime_runs gave": 0.0}