{"played_against": {"b8b95e44": {"runs": 21, "balls": 9, "wickets": 1}, "8b6aebf7": {"runs": 12, "balls": 6, "wickets": 0}, "4d2b96b4": {"runs": 5, "balls": 3, "wickets": 0}, "21549344": {"runs": 8, "balls": 5, "wickets": 0}, "4393e047": {"runs": 7, "balls": 4, "wickets": 0}, "08df0bd3": {"runs": 6, "balls": 4, "wickets": 0}, "a96b36af": {"runs": 2, "balls": 3, "wickets": 1}, "0d0f0385": {"runs": 1, "balls": 1, "wickets": 0}, "1a9e9efe": {"runs": 3, "balls": 8, "wickets": 1}, "46a7ac78": {"runs": 37, "balls": 18, "wickets": 0}, "269cc4ff": {"runs": 1, "balls": 2, "wickets": 0}, "2af28253": {"runs": 0, "balls": 1, "wickets": 0}, "2b7609f1": {"runs": 19, "balls": 28, "wickets": 2}, "1c5c3dce": {"runs": 3, "balls": 3, "wickets": 0}, "26c9b5be": {"runs": 0, "balls": 1, "wickets": 0}, "bc3fc527": {"runs": 10, "balls": 4, "wickets": 1}, "e086735b": {"runs": 7, "balls": 6, "wickets": 1}, "725c73f2": {"runs": 25, "balls": 12, "wickets": 0}, "25640e61": {"runs": 6, "balls": 3, "wickets": 0}, "b7abb123": {"runs": 0, "balls": 2, "wickets": 0}, "e73f6c4b": {"runs": 0, "balls": 0, "wickets": 0}, "3a82673c": {"runs": 2, "balls": 2, "wickets": 0}, "87e33d07": {"runs": 4, "balls": 7, "wickets": 1}, "414d8a10": {"runs": 1, "balls": 2, "wickets": 1}, "1f3b9f8d": {"runs": 32, "balls": 22, "wickets": 2}, "395695ce": {"runs": 0, "balls": 8, "wickets": 1}, "f99a219a": {"runs": 1, "balls": 3, "wickets": 0}, "ba57fb08": {"runs": 3, "balls": 7, "wickets": 0}, "8088632c": {"runs": 19, "balls": 14, "wickets": 4}, "2dcac6ff": {"runs": 11, "balls": 3, "wickets": 0}, "8b46fc4f": {"runs": 11, "balls": 7, "wickets": 0}, "f33cfd25": {"runs": 10, "balls": 8, "wickets": 1}, "a3a275ec": {"runs": 11, "balls": 7, "wickets": 1}, "bfc7799f": {"runs": 23, "balls": 8, "wickets": 0}, "9ccb6e52": {"runs": 10, "balls": 6, "wickets": 0}, "30d8136b": {"runs": 13, "balls": 18, "wickets": 0}, "3ac13a94": {"runs": 37, "balls": 11, "wickets": 1}, "58cb36aa": {"runs": 13, "balls": 4, "wickets": 0}, "26d041c4": {"runs": 0, "balls": 1, "wickets": 1}, "c07a1f41": {"runs": 1, "balls": 2, "wickets": 1}, "2e392afa": {"runs": 4, "balls": 4, "wickets": 0}, "1021b6e5": {"runs": 2, "balls": 2, "wickets": 0}, "af19aa66": {"runs": 1, "balls": 2, "wickets": 1}, "f310704c": {"runs": 1, "balls": 1, "wickets": 0}, "20481563": {"runs": 1, "balls": 2, "wickets": 1}, "14fd10b5": {"runs": 2, "balls": 4, "wickets": 0}, "0cfb42b5": {"runs": 12, "balls": 6, "wickets": 0}, "60bec5c3": {"runs": 1, "balls": 1, "wickets": 0}, "415d30b6": {"runs": 0, "balls": 2, "wickets": 1}, "b9e07e44": {"runs": 5, "balls": 3, "wickets": 0}, "c156cc1f": {"runs": 12, "balls": 6, "wickets": 0}, "c4ecc42c": {"runs": 0, "balls": 1, "wickets": 1}, "06fc82b8": {"runs": 3, "balls": 4, "wickets": 0}, "fbcfa528": {"runs": 2, "balls": 3, "wickets": 0}, "ffc308ee": {"runs": 1, "balls": 2, "wickets": 0}, "2343b4bf": {"runs": 4, "balls": 4, "wickets": 1}, "e6bf8162": {"runs": 2, "balls": 4, "wickets": 0}, "602db3d9": {"runs": 5, "balls": 7, "wickets": 0}, "20ab5aad": {"runs": 3, "balls": 10, "wickets": 0}, "537021f5": {"runs": 1, "balls": 3, "wickets": 0}, "4043e3b0": {"runs": 4, "balls": 2, "wickets": 1}, "a4afc486": {"runs": 0, "balls": 2, "wickets": 1}, "42151725": {"runs": 1, "balls": 2, "wickets": 0}, "0e56c514": {"runs": 0, "balls": 2, "wickets": 1}, "c9d05f1a": {"runs": 1, "balls": 4, "wickets": 0}, "d3851cd8": {"runs": 4, "balls": 5, "wickets": 0}, "66a7f213": {"runs": 2, "balls": 2, "wickets": 0}, "29b322c7": {"runs": 1, "balls": 3, "wickets": 1}}, "fifties": 0, "thirties": 4, "centuries": 0, "maidens": 10.0, "hattricks": 5, "club_ODI_previous3_runs": [], "club_ODI_previous3_wickets": [], "club_ODI_previous3_balls played": [], "club_ODI_previous3_overs": [], "club_ODI_previous3_runs gave": [], "club_ODI_lifetime_runs": 0.0, "club_ODI_lifetime_wickets": 0.0, "club_ODI_lifetime_balls played": 0.0, "club_ODI_lifetime_overs": 0.0, "club_ODI_lifetime_runs gave": 0.0, "club_Test_previous3_runs": [], "club_Test_previous3_wickets": [], "club_Test_previous3_balls played": [], "club_Test_previous3_overs": [], "club_Test_previous3_runs gave": [], "club_Test_lifetime_runs": 0.0, "club_Test_lifetime_wickets": 0.0, "club_Test_lifetime_balls played": 0.0, "club_Test_lifetime_overs": 0.0, "club_Test_lifetime_runs gave": 0.0, "club_T20_previous3_runs": [], "club_T20_previous3_wickets": [], "club_T20_previous3_balls played": [], "club_T20_previous3_overs": [], "club_T20_previous3_runs gave": [], "club_T20_lifetime_runs": 0.0, "club_T20_lifetime_wickets": 0.0, "club_T20_lifetime_balls played": 0.0, "club_T20_lifetime_overs": 0.0, "club_T20_lifetime_runs gave": 0.0, "international_ODI_previous3_runs": [18.0, 8.0, 0.0], "international_ODI_previous3_wickets": [0.0, 3.0, 0.0], "international_ODI_previous3_balls played": [36.0, 14.0, 0.0], "international_ODI_previous3_overs": [10.0, 5.0, 0.0], "international_ODI_previous3_runs gave": [40.0, 16.0, 0.0], "international_ODI_lifetime_runs": 27.0, "international_ODI_lifetime_wickets": 3.0, "international_ODI_lifetime_balls played": 55.0, "international_ODI_lifetime_overs": 20.666666666666668, "international_ODI_lifetime_runs gave": 95.0, "international_Test_previous3_runs": [], "international_Test_previous3_wickets": [], "international_Test_previous3_balls played": [], "international_Test_previous3_overs": [], "international_Test_previous3_runs gave": [], "international_Test_lifetime_runs": 0.0, "international_Test_lifetime_wickets": 0.0, "international_Test_lifetime_balls played": 0.0, "international_Test_lifetime_overs": 0.0, "international_Test_lifetime_runs gave": 0.0, "international_T20_previous3_runs": [0.0, 0.0, 0.0], "international_T20_previous3_wickets": [1.0, 0.0, 1.0], "international_T20_previous3_balls played": [0.0, 0.0, 2.0], "international_T20_previous3_overs": [2.0, 2.0, 4.0], "international_T20_previous3_runs gave": [4.0, 12.0, 17.0], "international_T20_lifetime_runs": 423.0, "international_T20_lifetime_wickets": 40.0, "international_T20_lifetime_balls played": 305.0, "international_T20_lifetime_overs": 160.33333333333331, "international_T20_lifetime_runs gave": 907.0}