{"played_against": {"13f21a98": {"runs": 9, "balls": 8, "wickets": 0}, "4612619b": {"runs": 11, "balls": 4, "wickets": 1}, "67ae5a56": {"runs": 9, "balls": 5, "wickets": 0}, "62d3f506": {"runs": 4, "balls": 5, "wickets": 0}, "99ad98b0": {"runs": 8, "balls": 5, "wickets": 0}, "96013995": {"runs": 1, "balls": 3, "wickets": 0}, "2a13e6b1": {"runs": 6, "balls": 5, "wickets": 0}, "49235be5": {"runs": 0, "balls": 2, "wickets": 0}, "6913e38e": {"runs": 2, "balls": 3, "wickets": 1}, "8299b9a2": {"runs": 1, "balls": 4, "wickets": 0}, "3e697d4a": {"runs": 0, "balls": 3, "wickets": 1}, "3ed4e2ad": {"runs": 9, "balls": 10, "wickets": 0}, "5b616bf0": {"runs": 6, "balls": 10, "wickets": 0}, "79209272": {"runs": 6, "balls": 7, "wickets": 0}, "7ee25c46": {"runs": 1, "balls": 4, "wickets": 0}, "6d36cb93": {"runs": 13, "balls": 8, "wickets": 0}, "557550a4": {"runs": 2, "balls": 2, "wickets": 0}}, "fifties": 0, "thirties": 1, "centuries": 0, "maidens": 0.0, "hattricks": 0, "club_ODI_previous3_runs": [], "club_ODI_previous3_wickets": [], "club_ODI_previous3_balls played": [], "club_ODI_previous3_overs": [], "club_ODI_previous3_runs gave": [], "club_ODI_lifetime_runs": 0.0, "club_ODI_lifetime_wickets": 0.0, "club_ODI_lifetime_balls played": 0.0, "club_ODI_lifetime_overs": 0.0, "club_ODI_lifetime_runs gave": 0.0, "club_Test_previous3_runs": [], "club_Test_previous3_wickets": [], "club_Test_previous3_balls played": [], "club_Test_previous3_overs": [], "club_Test_previous3_runs gave": [], "club_Test_lifetime_runs": 0.0, "club_Test_lifetime_wickets": 0.0, "club_Test_lifetime_balls played": 0.0, "club_Test_lifetime_overs": 0.0, "club_Test_lifetime_runs gave": 0.0, "club_T20_previous3_runs": [], "club_T20_previous3_wickets": [], "club_T20_previous3_balls played": [], "club_T20_previous3_overs": [], "club_T20_previous3_runs gave": [], "club_T20_lifetime_runs": 0.0, "club_T20_lifetime_wickets": 0.0, "club_T20_lifetime_balls played": 0.0, "club_T20_lifetime_overs": 0.0, "club_T20_lifetime_runs gave": 0.0, "international_ODI_previous3_runs": [], "international_ODI_previous3_wickets": [], "international_ODI_previous3_balls played": [], "international_ODI_previous3_overs": [], "international_ODI_previous3_runs gave": [], "international_ODI_lifetime_runs": 0.0, "international_ODI_lifetime_wickets": 0.0, "international_ODI_lifetime_balls played": 0.0, "international_ODI_lifetime_overs": 0.0, "international_ODI_lifetime_runs gave": 0.0, "international_Test_previous3_runs": [], "international_Test_previous3_wickets": [], "international_Test_previous3_balls played": [], "international_Test_previous3_overs": [], "international_Test_previous3_runs gave": [], "international_Test_lifetime_runs": 0.0, "international_Test_lifetime_wickets": 0.0, "international_Test_lifetime_balls played": 0.0, "international_Test_lifetime_overs": 0.0, "international_Test_lifetime_runs gave": 0.0, "international_T20_previous3_runs": [1.0, 0.0, 37.0], "international_T20_previous3_wickets": [0.0, 0.0, 0.0], "international_T20_previous3_balls played": [5.0, 0.0, 41.0], "international_T20_previous3_overs": [0.0, 0.0, 0.0], "international_T20_previous3_runs gave": [0.0, 0.0, 0.0], "international_T20_lifetime_runs": 88.0, "international_T20_lifetime_wickets": 0.0, "international_T20_lifetime_balls played": 90.0, "international_T20_lifetime_overs": 0.0, "international_T20_lifetime_runs gave": 0.0}