{"played_against": {"98f27d4b": {"runs": 18, "balls": 11, "wickets": 0}, "66b30f71": {"runs": 27, "balls": 21, "wickets": 0}, "7793e24b": {"runs": 2, "balls": 2, "wickets": 0}, "d4b8ea98": {"runs": 12, "balls": 14, "wickets": 0}, "a00e1842": {"runs": 19, "balls": 14, "wickets": 0}, "26e5cabf": {"runs": 20, "balls": 11, "wickets": 0}, "2af1b6d2": {"runs": 10, "balls": 12, "wickets": 1}, "4f36495c": {"runs": 7, "balls": 4, "wickets": 0}, "e342d310": {"runs": 11, "balls": 7, "wickets": 1}, "52cb36a0": {"runs": 19, "balls": 15, "wickets": 0}, "10636efb": {"runs": 13, "balls": 8, "wickets": 0}, "8c5b0ce7": {"runs": 6, "balls": 7, "wickets": 0}, "44e58b5b": {"runs": 4, "balls": 4, "wickets": 0}, "9d80c5e1": {"runs": 1, "balls": 1, "wickets": 0}, "fb24e76c": {"runs": 2, "balls": 2, "wickets": 0}, "0a3d54b9": {"runs": 0, "balls": 4, "wickets": 1}, "ea3a41e0": {"runs": 5, "balls": 7, "wickets": 0}, "cc8531c2": {"runs": 6, "balls": 4, "wickets": 0}, "31ee319e": {"runs": 1, "balls": 3, "wickets": 1}, "e4072aa1": {"runs": 3, "balls": 7, "wickets": 0}, "3bc94fb9": {"runs": 1, "balls": 6, "wickets": 0}, "1501688a": {"runs": 0, "balls": 1, "wickets": 1}, "c2ed5822": {"runs": 13, "balls": 9, "wickets": 0}, "9a09c4b2": {"runs": 8, "balls": 9, "wickets": 0}, "b7d8d5ce": {"runs": 3, "balls": 5, "wickets": 0}, "e19c424c": {"runs": 3, "balls": 6, "wickets": 0}, "66ea7420": {"runs": 11, "balls": 7, "wickets": 0}, "4b6cc6c2": {"runs": 1, "balls": 4, "wickets": 0}, "d6ac52e8": {"runs": 4, "balls": 3, "wickets": 1}, "97114e80": {"runs": 10, "balls": 6, "wickets": 0}, "41eb4a4f": {"runs": 0, "balls": 2, "wickets": 1}, "fdf7491e": {"runs": 8, "balls": 6, "wickets": 0}, "bae68b09": {"runs": 0, "balls": 3, "wickets": 1}, "13903f13": {"runs": 4, "balls": 11, "wickets": 0}, "76a33e00": {"runs": 1, "balls": 5, "wickets": 0}, "96477053": {"runs": 7, "balls": 3, "wickets": 0}, "bd17b45f": {"runs": 2, "balls": 3, "wickets": 0}, "0af3426f": {"runs": 2, "balls": 3, "wickets": 0}, "5b4d1d4e": {"runs": 7, "balls": 4, "wickets": 0}, "2cffab74": {"runs": 15, "balls": 10, "wickets": 0}, "0a67aec0": {"runs": 3, "balls": 7, "wickets": 1}, "cee8a83d": {"runs": 6, "balls": 7, "wickets": 0}, "f9e6e7ef": {"runs": 7, "balls": 10, "wickets": 0}, "cdc6bdba": {"runs": 10, "balls": 6, "wickets": 0}, "b9671119": {"runs": 1, "balls": 2, "wickets": 1}, "c7a995d3": {"runs": 3, "balls": 8, "wickets": 0}, "e2db2409": {"runs": 3, "balls": 6, "wickets": 0}, "1b7c4d69": {"runs": 5, "balls": 3, "wickets": 0}, "15745dbe": {"runs": 2, "balls": 2, "wickets": 0}, "e4cdf230": {"runs": 10, "balls": 5, "wickets": 0}, "35dee2d1": {"runs": 1, "balls": 3, "wickets": 1}, "69cbffb8": {"runs": 6, "balls": 4, "wickets": 0}, "42df38b0": {"runs": 5, "balls": 6, "wickets": 0}, "04a418e8": {"runs": 1, "balls": 2, "wickets": 1}, "907cb4c1": {"runs": 0, "balls": 9, "wickets": 1}, "dddca1d6": {"runs": 8, "balls": 3, "wickets": 0}, "ccae927b": {"runs": 7, "balls": 6, "wickets": 0}, "c4ab5dd8": {"runs": 9, "balls": 4, "wickets": 0}, "20081969": {"runs": 0, "balls": 1, "wickets": 1}, "502056e3": {"runs": 11, "balls": 10, "wickets": 0}, "bee290b6": {"runs": 1, "balls": 2, "wickets": 0}, "8db0c0e1": {"runs": 1, "balls": 1, "wickets": 0}, "8da6dbf1": {"runs": 2, "balls": 4, "wickets": 0}, "2314745e": {"runs": 4, "balls": 5, "wickets": 0}}, "fifties": 0, "thirties": 4, "centuries": 0, "maidens": 0.0, "hattricks": 0, "club_ODI_previous3_runs": [], "club_ODI_previous3_wickets": [], "club_ODI_previous3_balls played": [], "club_ODI_previous3_overs": [], "club_ODI_previous3_runs gave": [], "club_ODI_lifetime_runs": 0.0, "club_ODI_lifetime_wickets": 0.0, "club_ODI_lifetime_balls played": 0.0, "club_ODI_lifetime_overs": 0.0, "club_ODI_lifetime_runs gave": 0.0, "club_Test_previous3_runs": [], "club_Test_previous3_wickets": [], "club_Test_previous3_balls played": [], "club_Test_previous3_overs": [], "club_Test_previous3_runs gave": [], "club_Test_lifetime_runs": 0.0, "club_Test_lifetime_wickets": 0.0, "club_Test_lifetime_balls played": 0.0, "club_Test_lifetime_overs": 0.0, "club_Test_lifetime_runs gave": 0.0, "club_T20_previous3_runs": [8.0, 16.0, 19.0], "club_T20_previous3_wickets": [0.0, 0.0, 0.0], "club_T20_previous3_balls played": [12.0, 11.0, 23.0], "club_T20_previous3_overs": [0.0, 0.0, 0.0], "club_T20_previous3_runs gave": [0.0, 0.0, 0.0], "club_T20_lifetime_runs": 392.0, "club_T20_lifetime_wickets": 0.0, "club_T20_lifetime_balls played": 383.0, "club_T20_lifetime_overs": 0.0, "club_T20_lifetime_runs gave": 0.0, "international_ODI_previous3_runs": [], "international_ODI_previous3_wickets": [], "international_ODI_previous3_balls played": [], "international_ODI_previous3_overs": [], "international_ODI_previous3_runs gave": [], "international_ODI_lifetime_runs": 0.0, "international_ODI_lifetime_wickets": 0.0, "international_ODI_lifetime_balls played": 0.0, "international_ODI_lifetime_overs": 0.0, "international_ODI_lifetime_runs gave": 0.0, "international_Test_previous3_runs": [], "international_Test_previous3_wickets": [], "international_Test_previous3_balls played": [], "international_Test_previous3_overs": [], "international_Test_previous3_runs gave": [], "international_Test_lifetime_runs": 0.0, "international_Test_lifetime_wickets": 0.0, "international_Test_lifetime_balls played": 0.0, "international_Test_lifetime_overs": 0.0, "international_Test_lifetime_runs gave": 0.0, "international_T20_previous3_runs": [], "international_T20_previous3_wickets": [], "international_T20_previous3_balls played": [], "international_T20_previous3_overs": [], "international_T20_previous3_runs gave": [], "international_T20_lifetime_runs": 0.0, "international_T20_lifetime_wickets": 0.0, "international_T20_lifetime_balls played": 0.0, "international_T20_lifetime_overs": 0.0, "international_T20_lifetime_runs gave": 0.0}