{"played_against": {"afa78c3a": {"runs": 4, "balls": 5, "wickets": 0}, "595f565e": {"runs": 2, "balls": 2, "wickets": 0}, "f892fcf9": {"runs": 2, "balls": 2, "wickets": 0}, "c96f6ac5": {"runs": 0, "balls": 1, "wickets": 1}, "28d6c44d": {"runs": 0, "balls": 3, "wickets": 1}, "94cdf850": {"runs": 2, "balls": 1, "wickets": 0}, "be3ffb65": {"runs": 2, "balls": 4, "wickets": 0}, "20afc7e7": {"runs": 1, "balls": 2, "wickets": 0}, "10f42013": {"runs": 7, "balls": 7, "wickets": 0}, "f51c1a3b": {"runs": 2, "balls": 6, "wickets": 1}, "d4d37c31": {"runs": 3, "balls": 2, "wickets": 0}, "6e0a2209": {"runs": 1, "balls": 1, "wickets": 0}, "1d105638": {"runs": 4, "balls": 3, "wickets": 0}, "cba5185d": {"runs": 1, "balls": 3, "wickets": 0}, "39181592": {"runs": 0, "balls": 2, "wickets": 1}}, "fifties": 0, "thirties": 0, "centuries": 0, "maidens": 0.0, "hattricks": 0, "club_ODI_previous3_runs": [], "club_ODI_previous3_wickets": [], "club_ODI_previous3_balls played": [], "club_ODI_previous3_overs": [], "club_ODI_previous3_runs gave": [], "club_ODI_lifetime_runs": 0.0, "club_ODI_lifetime_wickets": 0.0, "club_ODI_lifetime_balls played": 0.0, "club_ODI_lifetime_overs": 0.0, "club_ODI_lifetime_runs gave": 0.0, "club_Test_previous3_runs": [], "club_Test_previous3_wickets": [], "club_Test_previous3_balls played": [], "club_Test_previous3_overs": [], "club_Test_previous3_runs gave": [], "club_Test_lifetime_runs": 0.0, "club_Test_lifetime_wickets": 0.0, "club_Test_lifetime_balls played": 0.0, "club_Test_lifetime_overs": 0.0, "club_Test_lifetime_runs gave": 0.0, "club_T20_previous3_runs": [2.0, 16.0, 5.0], "club_T20_previous3_wickets": [0.0, 0.0, 0.0], "club_T20_previous3_balls played": [1.0, 23.0, 8.0], "club_T20_previous3_overs": [0.0, 0.0, 0.0], "club_T20_previous3_runs gave": [0.0, 0.0, 0.0], "club_T20_lifetime_runs": 31.0, "club_T20_lifetime_wickets": 0.0, "club_T20_lifetime_balls played": 46.0, "club_T20_lifetime_overs": 0.0, "club_T20_lifetime_runs gave": 0.0, "international_ODI_previous3_runs": [], "international_ODI_previous3_wickets": [], "international_ODI_previous3_balls played": [], "international_ODI_previous3_overs": [], "international_ODI_previous3_runs gave": [], "international_ODI_lifetime_runs": 0.0, "international_ODI_lifetime_wickets": 0.0, "international_ODI_lifetime_balls played": 0.0, "international_ODI_lifetime_overs": 0.0, "international_ODI_lifetime_runs gave": 0.0, "international_Test_previous3_runs": [], "international_Test_previous3_wickets": [], "international_Test_previous3_balls played": [], "international_Test_previous3_overs": [], "international_Test_previous3_runs gave": [], "international_Test_lifetime_runs": 0.0, "international_Test_lifetime_wickets": 0.0, "international_Test_lifetime_balls played": 0.0, "international_Test_lifetime_overs": 0.0, "international_Test_lifetime_runs gave": 0.0, "international_T20_previous3_runs": [], "international_T20_previous3_wickets": [], "international_T20_previous3_balls played": [], "international_T20_previous3_overs": [], "international_T20_previous3_runs gave": [], "international_T20_lifetime_runs": 0.0, "international_T20_lifetime_wickets": 0.0, "international_T20_lifetime_balls played": 0.0, "international_T20_lifetime_overs": 0.0, "international_T20_lifetime_runs gave": 0.0}