{"played_against": {"d68e7f48": {"runs": 3, "balls": 4, "wickets": 0}, "bbd41817": {"runs": 2, "balls": 5, "wickets": 0}, "87e562a9": {"runs": 1, "balls": 9, "wickets": 2}, "3cacbb57": {"runs": 0, "balls": 2, "wickets": 0}, "86421172": {"runs": 4, "balls": 4, "wickets": 0}, "49691d7a": {"runs": 0, "balls": 7, "wickets": 1}, "67af6f81": {"runs": 2, "balls": 2, "wickets": 0}, "d2fcce2f": {"runs": 24, "balls": 48, "wickets": 1}, "5bdcdb72": {"runs": 0, "balls": 1, "wickets": 0}, "9b79b9de": {"runs": 12, "balls": 23, "wickets": 0}, "f5f18a18": {"runs": 8, "balls": 10, "wickets": 1}, "dd37da14": {"runs": 0, "balls": 5, "wickets": 1}, "d12143bf": {"runs": 0, "balls": 3, "wickets": 1}, "5a37ec26": {"runs": 0, "balls": 4, "wickets": 1}, "0f12f9df": {"runs": 1, "balls": 1, "wickets": 0}, "8cf9814c": {"runs": 0, "balls": 1, "wickets": 0}, "8fd1a8f5": {"runs": 12, "balls": 39, "wickets": 3}, "cfe70281": {"runs": 8, "balls": 10, "wickets": 0}, "5bb5a915": {"runs": 17, "balls": 21, "wickets": 1}, "7955eb15": {"runs": 6, "balls": 7, "wickets": 0}, "12bffe91": {"runs": 3, "balls": 6, "wickets": 0}, "c654af19": {"runs": 7, "balls": 14, "wickets": 2}, "26ff4c29": {"runs": 12, "balls": 12, "wickets": 0}, "243431b5": {"runs": 0, "balls": 3, "wickets": 0}, "e01895bb": {"runs": 2, "balls": 2, "wickets": 0}, "9d430b40": {"runs": 0, "balls": 6, "wickets": 0}, "7f8ecc51": {"runs": 1, "balls": 2, "wickets": 0}, "5bb1a1c4": {"runs": 0, "balls": 1, "wickets": 0}, "2182013e": {"runs": 1, "balls": 16, "wickets": 0}, "9de271ef": {"runs": 2, "balls": 12, "wickets": 1}, "31fbf891": {"runs": 0, "balls": 6, "wickets": 0}, "5bbabe59": {"runs": 7, "balls": 16, "wickets": 1}, "3b417422": {"runs": 24, "balls": 28, "wickets": 1}, "37137c8b": {"runs": 0, "balls": 11, "wickets": 1}, "acee4cc4": {"runs": 3, "balls": 16, "wickets": 0}, "2e8994e7": {"runs": 2, "balls": 9, "wickets": 0}, "3a60e0b5": {"runs": 0, "balls": 0, "wickets": 0}, "2f28dc94": {"runs": 4, "balls": 5, "wickets": 0}, "896d78ad": {"runs": 4, "balls": 3, "wickets": 0}, "8f7a598f": {"runs": 1, "balls": 7, "wickets": 0}, "a12e1d51": {"runs": 3, "balls": 7, "wickets": 2}, "495d42a5": {"runs": 1, "balls": 1, "wickets": 0}, "29b89ae8": {"runs": 0, "balls": 2, "wickets": 0}, "6c908ffc": {"runs": 3, "balls": 3, "wickets": 0}, "2223b920": {"runs": 6, "balls": 3, "wickets": 1}, "5531248e": {"runs": 5, "balls": 13, "wickets": 1}, "f56cd097": {"runs": 3, "balls": 6, "wickets": 0}, "1f7adc8a": {"runs": 3, "balls": 8, "wickets": 2}, "9d1d34bd": {"runs": 0, "balls": 4, "wickets": 0}, "7dc35884": {"runs": 0, "balls": 2, "wickets": 0}, "2af838ee": {"runs": 0, "balls": 5, "wickets": 0}, "327b58d3": {"runs": 2, "balls": 4, "wickets": 1}, "f0a0204e": {"runs": 8, "balls": 7, "wickets": 1}, "3d0ed2f9": {"runs": 3, "balls": 3, "wickets": 0}, "18fac429": {"runs": 2, "balls": 3, "wickets": 0}, "9bab2b81": {"runs": 1, "balls": 1, "wickets": 0}, "557153ca": {"runs": 1, "balls": 4, "wickets": 0}, "64d43928": {"runs": 0, "balls": 0, "wickets": 0}, "c03c6200": {"runs": 0, "balls": 2, "wickets": 0}, "4948a447": {"runs": 0, "balls": 1, "wickets": 0}, "78cb83f3": {"runs": 1, "balls": 1, "wickets": 0}, "03806cf8": {"runs": 0, "balls": 1, "wickets": 1}, "68ddabdb": {"runs": 2, "balls": 4, "wickets": 0}, "58043739": {"runs": 0, "balls": 1, "wickets": 1}, "a40ac203": {"runs": 0, "balls": 1, "wickets": 0}, "1c790f4f": {"runs": 2, "balls": 2, "wickets": 0}, "5af743d0": {"runs": 1, "balls": 1, "wickets": 0}, "45a7e761": {"runs": 0, "balls": 2, "wickets": 0}, "e174dadd": {"runs": 1, "balls": 1, "wickets": 0}, "1bf9a8ef": {"runs": 0, "balls": 1, "wickets": 1}, "0a8fce53": {"runs": 2, "balls": 7, "wickets": 0}, "54279e23": {"runs": 2, "balls": 2, "wickets": 0}, "b3118300": {"runs": 0, "balls": 1, "wickets": 0}, "14f96089": {"runs": 2, "balls": 4, "wickets": 1}, "ded9240e": {"runs": 3, "balls": 4, "wickets": 0}, "0f348f58": {"runs": 0, "balls": 3, "wickets": 0}, "4d9f9686": {"runs": 1, "balls": 2, "wickets": 0}, "7d92277a": {"runs": 1, "balls": 5, "wickets": 0}, "3f5f39cd": {"runs": 1, "balls": 4, "wickets": 1}}, "fifties": 0, "thirties": 0, "centuries": 0, "maidens": 190.0, "hattricks": 32, "club_ODI_previous3_runs": [0.0, 5.0, 0.0], "club_ODI_previous3_wickets": [2.0, 0.0, 0.0], "club_ODI_previous3_balls played": [0.0, 6.0, 0.0], "club_ODI_previous3_overs": [8.0, 10.0, 7.833333333333333], "club_ODI_previous3_runs gave": [59.0, 74.0, 55.0], "club_ODI_lifetime_runs": 13.0, "club_ODI_lifetime_wickets": 6.0, "club_ODI_lifetime_balls played": 13.0, "club_ODI_lifetime_overs": 51.833333333333336, "club_ODI_lifetime_runs gave": 283.0, "club_Test_previous3_runs": [0.0], "club_Test_previous3_wickets": [2.0], "club_Test_previous3_balls played": [0.0], "club_Test_previous3_overs": [46.66666666666667], "club_Test_previous3_runs gave": [154.0], "club_Test_lifetime_runs": 0.0, "club_Test_lifetime_wickets": 2.0, "club_Test_lifetime_balls played": 0.0, "club_Test_lifetime_overs": 46.66666666666667, "club_Test_lifetime_runs gave": 154.0, "club_T20_previous3_runs": [0.0, 0.0, 0.0], "club_T20_previous3_wickets": [2.0, 0.0, 1.0], "club_T20_previous3_balls played": [0.0, 0.0, 1.0], "club_T20_previous3_overs": [2.0, 4.0, 4.0], "club_T20_previous3_runs gave": [17.0, 36.0, 42.0], "club_T20_lifetime_runs": 27.0, "club_T20_lifetime_wickets": 87.0, "club_T20_lifetime_balls played": 65.0, "club_T20_lifetime_overs": 256.0, "club_T20_lifetime_runs gave": 2007.0, "international_ODI_previous3_runs": [0.0, 0.0, 0.0], "international_ODI_previous3_wickets": [2.0, 1.0, 1.0], "international_ODI_previous3_balls played": [0.0, 0.0, 0.0], "international_ODI_previous3_overs": [9.0, 8.0, 10.0], "international_ODI_previous3_runs gave": [73.0, 57.0, 85.0], "international_ODI_lifetime_runs": 68.0, "international_ODI_lifetime_wickets": 96.0, "international_ODI_lifetime_balls played": 126.0, "international_ODI_lifetime_overs": 578.5, "international_ODI_lifetime_runs gave": 3221.0, "international_Test_previous3_runs": [0.0, 6.0, 5.0], "international_Test_previous3_wickets": [2.0, 0.0, 1.0], "international_Test_previous3_balls played": [0.0, 26.0, 11.0], "international_Test_previous3_overs": [16.833333333333336, 23.0, 33.0], "international_Test_previous3_runs gave": [71.0, 61.0, 125.0], "international_Test_lifetime_runs": 122.0, "international_Test_lifetime_wickets": 52.0, "international_Test_lifetime_balls played": 304.0, "international_Test_lifetime_overs": 766.3333333333335, "international_Test_lifetime_runs gave": 2338.0, "international_T20_previous3_runs": [0.0, 0.0, 0.0], "international_T20_previous3_wickets": [2.0, 0.0, 0.0], "international_T20_previous3_balls played": [0.0, 0.0, 0.0], "international_T20_previous3_overs": [3.0, 2.0, 3.0], "international_T20_previous3_runs gave": [24.0, 29.0, 23.0], "international_T20_lifetime_runs": 3.0, "international_T20_lifetime_wickets": 5.0, "international_T20_lifetime_balls played": 3.0, "international_T20_lifetime_overs": 22.833333333333336, "international_T20_lifetime_runs gave": 216.0}