{"played_against": {"ab446fe9": {"runs": 0, "balls": 1, "wickets": 0}, "20a941bb": {"runs": 4, "balls": 6, "wickets": 1}, "6821ac10": {"runs": 20, "balls": 12, "wickets": 0}, "d7a57f75": {"runs": 13, "balls": 10, "wickets": 1}, "cca50cd6": {"runs": 21, "balls": 10, "wickets": 0}, "26d9937d": {"runs": 20, "balls": 19, "wickets": 1}, "d3cc2954": {"runs": 10, "balls": 8, "wickets": 1}, "a386e91b": {"runs": 52, "balls": 49, "wickets": 0}, "1b05424f": {"runs": 11, "balls": 14, "wickets": 0}, "fb66ce1f": {"runs": 57, "balls": 36, "wickets": 2}, "3bf936e7": {"runs": 1, "balls": 3, "wickets": 0}, "11614d87": {"runs": 31, "balls": 20, "wickets": 1}, "7f8ecc51": {"runs": 60, "balls": 60, "wickets": 1}, "77841dcc": {"runs": 22, "balls": 19, "wickets": 1}, "9c9f8dbc": {"runs": 6, "balls": 7, "wickets": 0}, "05c2ca46": {"runs": 63, "balls": 56, "wickets": 2}, "aa8d28ae": {"runs": 55, "balls": 46, "wickets": 0}, "800b52dc": {"runs": 14, "balls": 14, "wickets": 1}, "994d9d36": {"runs": 12, "balls": 8, "wickets": 0}, "b552a935": {"runs": 47, "balls": 24, "wickets": 0}, "c404f58a": {"runs": 6, "balls": 3, "wickets": 0}, "64d43928": {"runs": 31, "balls": 16, "wickets": 0}, "5f419ace": {"runs": 28, "balls": 19, "wickets": 0}, "cba5185d": {"runs": 20, "balls": 7, "wickets": 0}, "c654af19": {"runs": 27, "balls": 22, "wickets": 1}, "3ad06915": {"runs": 8, "balls": 11, "wickets": 0}, "9d50c7e1": {"runs": 48, "balls": 30, "wickets": 2}, "3a60e0b5": {"runs": 63, "balls": 76, "wickets": 1}, "7c503806": {"runs": 2, "balls": 6, "wickets": 0}, "9df3a2f4": {"runs": 11, "balls": 8, "wickets": 0}, "c3d35165": {"runs": 35, "balls": 21, "wickets": 0}, "3355b542": {"runs": 8, "balls": 9, "wickets": 0}, "a316d663": {"runs": 46, "balls": 36, "wickets": 3}, "acee4cc4": {"runs": 47, "balls": 50, "wickets": 1}, "6a0537aa": {"runs": 9, "balls": 8, "wickets": 1}, "8b248d88": {"runs": 30, "balls": 22, "wickets": 0}, "7ec9711d": {"runs": 31, "balls": 22, "wickets": 1}, "7ca5e05d": {"runs": 48, "balls": 57, "wickets": 0}, "016e5101": {"runs": 20, "balls": 17, "wickets": 0}, "d4eef961": {"runs": 45, "balls": 30, "wickets": 0}, "4353bba5": {"runs": 7, "balls": 5, "wickets": 0}, "a55e0360": {"runs": 18, "balls": 8, "wickets": 1}, "0b60eb09": {"runs": 28, "balls": 35, "wickets": 0}, "dec8e038": {"runs": 9, "balls": 9, "wickets": 1}, "ca322fd6": {"runs": 12, "balls": 12, "wickets": 0}, "23638956": {"runs": 141, "balls": 237, "wickets": 4}, "42172c3c": {"runs": 32, "balls": 35, "wickets": 1}, "5bb5a915": {"runs": 7, "balls": 35, "wickets": 1}, "4bb02ef1": {"runs": 2, "balls": 3, "wickets": 0}, "4aad78d3": {"runs": 0, "balls": 1, "wickets": 1}, "a9da7784": {"runs": 80, "balls": 105, "wickets": 1}, "33085ffb": {"runs": 8, "balls": 12, "wickets": 0}, "fa9c0196": {"runs": 3, "balls": 5, "wickets": 0}, "c03c6200": {"runs": 1, "balls": 1, "wickets": 0}, "ba377b40": {"runs": 12, "balls": 16, "wickets": 0}, "356129f0": {"runs": 4, "balls": 2, "wickets": 1}, "87e562a9": {"runs": 5, "balls": 6, "wickets": 0}, "a7bc76a0": {"runs": 31, "balls": 16, "wickets": 0}, "bbd41817": {"runs": 6, "balls": 6, "wickets": 0}, "8361e524": {"runs": 46, "balls": 27, "wickets": 0}, "9fa54c94": {"runs": 5, "balls": 2, "wickets": 0}, "a83c44b8": {"runs": 9, "balls": 9, "wickets": 0}, "1e182ae2": {"runs": 5, "balls": 6, "wickets": 1}, "97b0e4ff": {"runs": 16, "balls": 9, "wickets": 0}, "647a48da": {"runs": 1, "balls": 3, "wickets": 0}, "495d42a5": {"runs": 22, "balls": 45, "wickets": 2}, "0a3d54b9": {"runs": 2, "balls": 10, "wickets": 0}, "6b19d823": {"runs": 12, "balls": 15, "wickets": 0}, "fe93fd9d": {"runs": 15, "balls": 61, "wickets": 3}, "5bb1a1c4": {"runs": 7, "balls": 16, "wickets": 1}, "cc1e8c68": {"runs": 2, "balls": 11, "wickets": 1}, "ccdd8308": {"runs": 38, "balls": 59, "wickets": 2}, "e087956b": {"runs": 8, "balls": 13, "wickets": 0}, "bb351c23": {"runs": 89, "balls": 64, "wickets": 0}, "eba6a852": {"runs": 13, "balls": 31, "wickets": 2}, "afa78c3a": {"runs": 35, "balls": 23, "wickets": 0}, "78adc879": {"runs": 32, "balls": 50, "wickets": 0}, "5b6d248a": {"runs": 68, "balls": 100, "wickets": 2}, "eab74985": {"runs": 33, "balls": 30, "wickets": 1}, "4ec07775": {"runs": 12, "balls": 12, "wickets": 0}, "25a42048": {"runs": 16, "balls": 21, "wickets": 0}, "4b685e2d": {"runs": 5, "balls": 11, "wickets": 0}, "e9987a94": {"runs": 51, "balls": 87, "wickets": 1}, "5147c792": {"runs": 2, "balls": 3, "wickets": 1}, "fe5b4367": {"runs": 38, "balls": 34, "wickets": 1}, "14373322": {"runs": 10, "balls": 6, "wickets": 0}, "79c7041c": {"runs": 14, "balls": 9, "wickets": 0}, "eb1a5b03": {"runs": 2, "balls": 2, "wickets": 0}, "5fcb6fb1": {"runs": 40, "balls": 46, "wickets": 2}, "249d60c9": {"runs": 43, "balls": 42, "wickets": 2}, "7f048519": {"runs": 33, "balls": 22, "wickets": 1}, "c4450a69": {"runs": 23, "balls": 17, "wickets": 0}, "2a0d5d4a": {"runs": 13, "balls": 12, "wickets": 1}, "0f21680d": {"runs": 72, "balls": 58, "wickets": 2}, "e22d3b5c": {"runs": 88, "balls": 103, "wickets": 0}, "5239d782": {"runs": 62, "balls": 84, "wickets": 0}, "e871a7a1": {"runs": 110, "balls": 136, "wickets": 2}, "8728a058": {"runs": 27, "balls": 91, "wickets": 0}, "8d1dad51": {"runs": 21, "balls": 14, "wickets": 1}, "463ebce3": {"runs": 5, "balls": 7, "wickets": 0}, "e0ac7144": {"runs": 48, "balls": 57, "wickets": 0}, "0c5bb005": {"runs": 8, "balls": 6, "wickets": 1}, "f5821615": {"runs": 74, "balls": 63, "wickets": 0}, "2223b920": {"runs": 40, "balls": 68, "wickets": 2}, "1f1b4c89": {"runs": 57, "balls": 56, "wickets": 0}, "9679838c": {"runs": 32, "balls": 39, "wickets": 0}, "012829ff": {"runs": 13, "balls": 13, "wickets": 0}, "cd143bca": {"runs": 26, "balls": 39, "wickets": 0}, "c5cc48bc": {"runs": 107, "balls": 104, "wickets": 3}, "f6c84b9f": {"runs": 3, "balls": 3, "wickets": 1}, "f752db61": {"runs": 35, "balls": 27, "wickets": 0}, "3d0ed2f9": {"runs": 80, "balls": 77, "wickets": 2}, "0e0d43b4": {"runs": 120, "balls": 104, "wickets": 2}, "4e66ae69": {"runs": 22, "balls": 23, "wickets": 0}, "10f68de1": {"runs": 28, "balls": 28, "wickets": 2}, "71440756": {"runs": 38, "balls": 22, "wickets": 0}, "8479a24a": {"runs": 8, "balls": 5, "wickets": 0}, "e737a5fe": {"runs": 76, "balls": 75, "wickets": 1}, "9dca07d7": {"runs": 8, "balls": 33, "wickets": 1}, "8bf61e65": {"runs": 19, "balls": 42, "wickets": 0}, "a37b5c0a": {"runs": 35, "balls": 41, "wickets": 3}, "58043739": {"runs": 15, "balls": 30, "wickets": 1}, "c89474d1": {"runs": 33, "balls": 61, "wickets": 2}, "025a092b": {"runs": 5, "balls": 6, "wickets": 0}, "f1ba9ed7": {"runs": 28, "balls": 62, "wickets": 0}, "6c6aca89": {"runs": 57, "balls": 99, "wickets": 0}, "3dd30077": {"runs": 99, "balls": 92, "wickets": 0}, "e05b2a5b": {"runs": 53, "balls": 62, "wickets": 1}, "42151725": {"runs": 61, "balls": 97, "wickets": 0}, "556302a7": {"runs": 31, "balls": 29, "wickets": 0}, "a15618fe": {"runs": 5, "balls": 6, "wickets": 0}, "29b89ae8": {"runs": 16, "balls": 49, "wickets": 1}, "02b93a83": {"runs": 2, "balls": 3, "wickets": 0}, "757502b5": {"runs": 20, "balls": 14, "wickets": 2}, "aa1210d8": {"runs": 31, "balls": 63, "wickets": 1}, "6a2fadd0": {"runs": 29, "balls": 17, "wickets": 0}, "b21ed464": {"runs": 52, "balls": 94, "wickets": 1}, "9789e56e": {"runs": 40, "balls": 40, "wickets": 3}, "5899dceb": {"runs": 15, "balls": 18, "wickets": 1}, "c03449e0": {"runs": 18, "balls": 11, "wickets": 0}, "94d7f855": {"runs": 5, "balls": 5, "wickets": 0}, "402f8494": {"runs": 1, "balls": 3, "wickets": 0}, "ab01e323": {"runs": 6, "balls": 5, "wickets": 0}, "aeab0d4f": {"runs": 68, "balls": 64, "wickets": 2}, "94eac556": {"runs": 5, "balls": 3, "wickets": 1}, "4a461c24": {"runs": 27, "balls": 39, "wickets": 1}, "4167f30b": {"runs": 16, "balls": 41, "wickets": 1}, "f0a0204e": {"runs": 52, "balls": 60, "wickets": 2}, "a7c226e1": {"runs": 26, "balls": 49, "wickets": 0}, "97e434a6": {"runs": 8, "balls": 6, "wickets": 0}, "bbbb7f1e": {"runs": 19, "balls": 16, "wickets": 0}, "3f659464": {"runs": 4, "balls": 15, "wickets": 3}, "6c908ffc": {"runs": 11, "balls": 31, "wickets": 0}, "679cd31e": {"runs": 33, "balls": 78, "wickets": 0}, "3987e390": {"runs": 101, "balls": 171, "wickets": 2}, "dddc811c": {"runs": 26, "balls": 77, "wickets": 1}, "ad46c747": {"runs": 56, "balls": 49, "wickets": 1}, "e91de70e": {"runs": 61, "balls": 72, "wickets": 0}, "5ac8f17b": {"runs": 0, "balls": 6, "wickets": 0}, "cfe70281": {"runs": 4, "balls": 1, "wickets": 0}, "7955eb15": {"runs": 11, "balls": 7, "wickets": 0}, "462d7c62": {"runs": 18, "balls": 19, "wickets": 1}, "e5437608": {"runs": 11, "balls": 12, "wickets": 0}, "6ed11905": {"runs": 11, "balls": 10, "wickets": 1}, "e62dd25d": {"runs": 7, "balls": 8, "wickets": 2}, "9a2fc964": {"runs": 4, "balls": 4, "wickets": 0}, "1d105638": {"runs": 8, "balls": 6, "wickets": 0}, "ffd3fc37": {"runs": 18, "balls": 7, "wickets": 1}, "ea1eba98": {"runs": 5, "balls": 6, "wickets": 0}, "a03bba42": {"runs": 34, "balls": 26, "wickets": 1}, "f834dcfc": {"runs": 4, "balls": 6, "wickets": 0}, "1cb14aa4": {"runs": 40, "balls": 22, "wickets": 0}, "65b6943c": {"runs": 32, "balls": 34, "wickets": 1}, "e412cb64": {"runs": 29, "balls": 49, "wickets": 1}, "e423d162": {"runs": 49, "balls": 45, "wickets": 1}, "bd93fea4": {"runs": 22, "balls": 35, "wickets": 0}, "57590dbb": {"runs": 5, "balls": 11, "wickets": 0}, "7be8a0ed": {"runs": 14, "balls": 22, "wickets": 0}, "57a76baa": {"runs": 13, "balls": 8, "wickets": 0}, "e94915e6": {"runs": 19, "balls": 39, "wickets": 2}, "06c2de82": {"runs": 28, "balls": 44, "wickets": 1}, "4557dc54": {"runs": 47, "balls": 56, "wickets": 1}, "ba9258a7": {"runs": 34, "balls": 36, "wickets": 0}, "218d4d78": {"runs": 5, "balls": 3, "wickets": 0}, "18fac429": {"runs": 132, "balls": 104, "wickets": 0}, "72898514": {"runs": 15, "balls": 12, "wickets": 0}, "07c8a2f4": {"runs": 52, "balls": 69, "wickets": 0}, "b3544c5d": {"runs": 49, "balls": 69, "wickets": 1}, "a510bdd3": {"runs": 62, "balls": 90, "wickets": 2}, "1066a976": {"runs": 29, "balls": 24, "wickets": 0}, "a8e56914": {"runs": 30, "balls": 45, "wickets": 0}, "86e0f3f0": {"runs": 8, "balls": 5, "wickets": 0}, "d68e7f48": {"runs": 0, "balls": 2, "wickets": 1}, "9a963804": {"runs": 5, "balls": 2, "wickets": 0}, "70b8fd28": {"runs": 24, "balls": 10, "wickets": 0}, "8f2dfebf": {"runs": 19, "balls": 14, "wickets": 0}, "fd8a9b23": {"runs": 16, "balls": 8, "wickets": 1}, "8108e2d2": {"runs": 28, "balls": 34, "wickets": 1}, "9f701298": {"runs": 9, "balls": 14, "wickets": 1}, "641ac5ff": {"runs": 16, "balls": 12, "wickets": 0}, "2a2e6343": {"runs": 9, "balls": 3, "wickets": 0}, "e734d090": {"runs": 31, "balls": 31, "wickets": 1}, "62af8546": {"runs": 6, "balls": 6, "wickets": 0}, "6fc116ee": {"runs": 2, "balls": 4, "wickets": 1}, "6042bf26": {"runs": 35, "balls": 66, "wickets": 3}, "b5781ac3": {"runs": 40, "balls": 33, "wickets": 0}, "1d2f290a": {"runs": 69, "balls": 84, "wickets": 1}, "ad286dcc": {"runs": 25, "balls": 38, "wickets": 2}, "8d92a2c3": {"runs": 5, "balls": 5, "wickets": 0}, "ea3d687a": {"runs": 22, "balls": 24, "wickets": 0}, "97905e64": {"runs": 0, "balls": 7, "wickets": 0}, "bdadf7da": {"runs": 27, "balls": 22, "wickets": 0}, "e5652e3d": {"runs": 2, "balls": 6, "wickets": 0}, "350bb1b1": {"runs": 3, "balls": 2, "wickets": 0}, "d9273ee7": {"runs": 8, "balls": 4, "wickets": 0}, "15101f12": {"runs": 12, "balls": 5, "wickets": 0}, "219cc59e": {"runs": 33, "balls": 66, "wickets": 1}, "81127912": {"runs": 24, "balls": 45, "wickets": 0}, "59559bc2": {"runs": 29, "balls": 44, "wickets": 0}, "a1d95bd8": {"runs": 25, "balls": 17, "wickets": 0}, "8fd1a8f5": {"runs": 15, "balls": 14, "wickets": 0}, "acdc62f5": {"runs": 13, "balls": 10, "wickets": 1}, "ab6b1c45": {"runs": 3, "balls": 9, "wickets": 0}, "172dff15": {"runs": 10, "balls": 5, "wickets": 0}, "9868bc75": {"runs": 3, "balls": 3, "wickets": 0}, "f892fcf9": {"runs": 3, "balls": 2, "wickets": 0}, "5f547c8b": {"runs": 5, "balls": 9, "wickets": 0}, "032e4384": {"runs": 15, "balls": 9, "wickets": 0}, "56feceb0": {"runs": 8, "balls": 7, "wickets": 1}, "465aa633": {"runs": 12, "balls": 10, "wickets": 2}, "ad9c32a2": {"runs": 7, "balls": 11, "wickets": 0}, "d346d939": {"runs": 18, "balls": 27, "wickets": 0}, "de6c2c6e": {"runs": 8, "balls": 11, "wickets": 0}, "4c0f3806": {"runs": 49, "balls": 90, "wickets": 1}, "782fb776": {"runs": 19, "balls": 8, "wickets": 0}, "1252f71a": {"runs": 22, "balls": 19, "wickets": 0}, "1a172d8e": {"runs": 13, "balls": 14, "wickets": 0}, "f54dbda7": {"runs": 20, "balls": 25, "wickets": 0}, "4c5d73db": {"runs": 9, "balls": 4, "wickets": 0}, "ee0c05c0": {"runs": 24, "balls": 21, "wickets": 0}, "c2b6764d": {"runs": 9, "balls": 12, "wickets": 0}, "74a274cc": {"runs": 8, "balls": 9, "wickets": 0}, "dda5aae5": {"runs": 15, "balls": 11, "wickets": 0}, "58c481c6": {"runs": 9, "balls": 6, "wickets": 0}, "5db1c288": {"runs": 16, "balls": 20, "wickets": 0}, "01a95383": {"runs": 0, "balls": 4, "wickets": 1}, "cad40f5e": {"runs": 62, "balls": 81, "wickets": 1}, "67954d19": {"runs": 16, "balls": 21, "wickets": 1}, "a4a2a0c0": {"runs": 0, "balls": 3, "wickets": 0}, "4fd09cfc": {"runs": 1, "balls": 2, "wickets": 0}, "d8256633": {"runs": 21, "balls": 25, "wickets": 0}, "cb1a782a": {"runs": 4, "balls": 9, "wickets": 0}, "f1eb3c73": {"runs": 116, "balls": 98, "wickets": 0}, "98eacfe5": {"runs": 23, "balls": 26, "wickets": 0}, "1957c6b7": {"runs": 28, "balls": 28, "wickets": 0}, "1a156c88": {"runs": 17, "balls": 8, "wickets": 0}, "894b2d25": {"runs": 8, "balls": 11, "wickets": 1}, "ec33b21a": {"runs": 31, "balls": 20, "wickets": 0}, "9cb8d7a6": {"runs": 11, "balls": 13, "wickets": 0}, "1ca7c00f": {"runs": 39, "balls": 28, "wickets": 0}, "2085e1fa": {"runs": 23, "balls": 25, "wickets": 1}, "bd4ea627": {"runs": 2, "balls": 3, "wickets": 0}, "5e6d1a54": {"runs": 41, "balls": 35, "wickets": 0}, "450f6fa6": {"runs": 41, "balls": 40, "wickets": 0}, "5da34add": {"runs": 42, "balls": 43, "wickets": 0}, "6daf5e8c": {"runs": 34, "balls": 40, "wickets": 0}, "0c7f11be": {"runs": 27, "balls": 24, "wickets": 1}, "79650e45": {"runs": 24, "balls": 12, "wickets": 0}, "1efd12d1": {"runs": 6, "balls": 8, "wickets": 2}, "078ffbf2": {"runs": 3, "balls": 4, "wickets": 1}, "14f96089": {"runs": 9, "balls": 7, "wickets": 0}, "932d3cc9": {"runs": 31, "balls": 28, "wickets": 1}, "e142c599": {"runs": 12, "balls": 18, "wickets": 1}, "eec81780": {"runs": 74, "balls": 74, "wickets": 0}, "92aa28fe": {"runs": 1, "balls": 6, "wickets": 1}, "948beb1f": {"runs": 14, "balls": 40, "wickets": 1}, "ed12fcd7": {"runs": 55, "balls": 84, "wickets": 0}, "d92d8446": {"runs": 4, "balls": 5, "wickets": 1}, "e86754b2": {"runs": 13, "balls": 3, "wickets": 0}, "955e8e86": {"runs": 14, "balls": 9, "wickets": 0}, "3086f7a4": {"runs": 20, "balls": 12, "wickets": 0}, "b3118300": {"runs": 17, "balls": 9, "wickets": 0}, "9b442f95": {"runs": 3, "balls": 3, "wickets": 0}, "b56dc5f7": {"runs": 2, "balls": 2, "wickets": 0}, "0dc00542": {"runs": 14, "balls": 7, "wickets": 0}, "9de62878": {"runs": 17, "balls": 15, "wickets": 1}, "72f03be4": {"runs": 1, "balls": 3, "wickets": 1}, "867a45a7": {"runs": 37, "balls": 76, "wickets": 2}, "93e06301": {"runs": 1, "balls": 2, "wickets": 0}, "7cdecc31": {"runs": 12, "balls": 22, "wickets": 0}, "d786a8a1": {"runs": 13, "balls": 15, "wickets": 0}, "214f6461": {"runs": 19, "balls": 30, "wickets": 1}, "fec369cd": {"runs": 0, "balls": 3, "wickets": 1}, "6e6fb538": {"runs": 7, "balls": 3, "wickets": 0}, "879aedd7": {"runs": 3, "balls": 5, "wickets": 0}, "f3abd0c9": {"runs": 94, "balls": 101, "wickets": 1}, "245c97cb": {"runs": 18, "balls": 14, "wickets": 0}, "be869ccf": {"runs": 61, "balls": 75, "wickets": 1}, "0f3ee070": {"runs": 32, "balls": 42, "wickets": 0}, "eb9cb105": {"runs": 18, "balls": 22, "wickets": 0}, "344c6d55": {"runs": 55, "balls": 61, "wickets": 1}, "7f7f658b": {"runs": 20, "balls": 35, "wickets": 0}, "b20f423b": {"runs": 12, "balls": 24, "wickets": 0}, "bca21d18": {"runs": 36, "balls": 46, "wickets": 1}, "3dcd1e8d": {"runs": 27, "balls": 59, "wickets": 1}, "c042b412": {"runs": 16, "balls": 27, "wickets": 0}, "f2ab7a69": {"runs": 1, "balls": 1, "wickets": 0}, "787b56d6": {"runs": 0, "balls": 3, "wickets": 1}, "d99cc23a": {"runs": 1, "balls": 7, "wickets": 0}, "fa433be6": {"runs": 15, "balls": 17, "wickets": 0}, "5a42a396": {"runs": 9, "balls": 6, "wickets": 0}, "03df7a25": {"runs": 6, "balls": 9, "wickets": 1}, "0164b064": {"runs": 10, "balls": 23, "wickets": 0}, "88a004e9": {"runs": 8, "balls": 4, "wickets": 0}, "e1b9f3a9": {"runs": 3, "balls": 4, "wickets": 0}, "f655d740": {"runs": 17, "balls": 12, "wickets": 0}, "0dbe27b8": {"runs": 8, "balls": 4, "wickets": 0}, "2f9d0389": {"runs": 2, "balls": 7, "wickets": 2}, "b082d112": {"runs": 15, "balls": 8, "wickets": 0}, "56ef4f99": {"runs": 13, "balls": 9, "wickets": 0}, "51e1ed69": {"runs": 2, "balls": 2, "wickets": 0}, "a4b810d0": {"runs": 10, "balls": 7, "wickets": 0}, "a343262c": {"runs": 2, "balls": 5, "wickets": 1}, "fc02a2b3": {"runs": 3, "balls": 5, "wickets": 0}, "27fc5808": {"runs": 41, "balls": 38, "wickets": 0}, "457cab44": {"runs": 7, "balls": 8, "wickets": 1}, "9c643d7b": {"runs": 29, "balls": 19, "wickets": 0}, "0f6db197": {"runs": 0, "balls": 1, "wickets": 1}, "39180894": {"runs": 1, "balls": 3, "wickets": 0}, "e174dadd": {"runs": 9, "balls": 4, "wickets": 0}, "e5218454": {"runs": 16, "balls": 8, "wickets": 0}, "ffe699c0": {"runs": 13, "balls": 8, "wickets": 1}, "19708692": {"runs": 16, "balls": 11, "wickets": 0}, "e342e5fb": {"runs": 18, "balls": 11, "wickets": 0}, "0bec3a6c": {"runs": 1, "balls": 1, "wickets": 0}, "50c6bc2b": {"runs": 1, "balls": 2, "wickets": 1}, "d3868bd0": {"runs": 7, "balls": 8, "wickets": 0}, "34b37279": {"runs": 9, "balls": 8, "wickets": 0}, "73f1f6b0": {"runs": 5, "balls": 5, "wickets": 1}, "85ebf2be": {"runs": 29, "balls": 39, "wickets": 1}, "5fed6272": {"runs": 20, "balls": 38, "wickets": 1}, "f7c3d426": {"runs": 18, "balls": 26, "wickets": 0}, "3581a798": {"runs": 8, "balls": 13, "wickets": 0}, "660538af": {"runs": 17, "balls": 14, "wickets": 0}, "a089f93f": {"runs": 32, "balls": 46, "wickets": 0}, "3f61a062": {"runs": 4, "balls": 12, "wickets": 1}, "7eb7d5d4": {"runs": 6, "balls": 5, "wickets": 0}, "5ec126fa": {"runs": 2, "balls": 3, "wickets": 0}, "f277f531": {"runs": 5, "balls": 6, "wickets": 0}, "1062bebb": {"runs": 5, "balls": 3, "wickets": 1}, "be3ffb65": {"runs": 5, "balls": 2, "wickets": 0}, "20afc7e7": {"runs": 8, "balls": 4, "wickets": 0}, "8e6827f7": {"runs": 3, "balls": 4, "wickets": 0}, "f2397e48": {"runs": 5, "balls": 4, "wickets": 0}, "01698fee": {"runs": 1, "balls": 2, "wickets": 0}, "be8b147b": {"runs": 3, "balls": 4, "wickets": 0}, "7dfb8890": {"runs": 14, "balls": 14, "wickets": 0}, "8dc152d1": {"runs": 17, "balls": 7, "wickets": 0}, "bc31511b": {"runs": 5, "balls": 2, "wickets": 0}, "60fbf53a": {"runs": 3, "balls": 3, "wickets": 1}, "ad19dda3": {"runs": 2, "balls": 2, "wickets": 0}, "3204c99f": {"runs": 7, "balls": 2, "wickets": 0}, "844e79d1": {"runs": 14, "balls": 12, "wickets": 0}, "28d6c44d": {"runs": 9, "balls": 11, "wickets": 0}, "fc60e81a": {"runs": 1, "balls": 1, "wickets": 0}, "bc773eeb": {"runs": 26, "balls": 43, "wickets": 0}, "93cad673": {"runs": 16, "balls": 16, "wickets": 0}, "9fd3a210": {"runs": 36, "balls": 67, "wickets": 0}, "ad212f96": {"runs": 38, "balls": 56, "wickets": 0}, "b82e3032": {"runs": 10, "balls": 8, "wickets": 1}, "c88bc84a": {"runs": 11, "balls": 19, "wickets": 0}, "27e60d6e": {"runs": 5, "balls": 4, "wickets": 0}, "38c276e1": {"runs": 10, "balls": 28, "wickets": 1}, "24bb1c2f": {"runs": 28, "balls": 20, "wickets": 1}, "3b4f3099": {"runs": 7, "balls": 21, "wickets": 0}, "a790df98": {"runs": 17, "balls": 31, "wickets": 1}, "28217d89": {"runs": 8, "balls": 4, "wickets": 0}, "95a06106": {"runs": 5, "balls": 2, "wickets": 0}, "f422728b": {"runs": 12, "balls": 8, "wickets": 0}, "067bda18": {"runs": 1, "balls": 2, "wickets": 0}, "a6f2b2ef": {"runs": 18, "balls": 11, "wickets": 0}, "9219eff0": {"runs": 17, "balls": 14, "wickets": 1}, "0ecb4de6": {"runs": 2, "balls": 2, "wickets": 0}, "34b332d3": {"runs": 20, "balls": 11, "wickets": 0}, "7c7d63a2": {"runs": 9, "balls": 7, "wickets": 0}, "9a46c4e5": {"runs": 1, "balls": 1, "wickets": 0}, "269ff06e": {"runs": 2, "balls": 4, "wickets": 0}, "39e2c0fd": {"runs": 11, "balls": 6, "wickets": 0}, "5a74e559": {"runs": 22, "balls": 24, "wickets": 1}, "43205dad": {"runs": 6, "balls": 8, "wickets": 1}, "d48c0f40": {"runs": 10, "balls": 10, "wickets": 1}, "1d48795b": {"runs": 12, "balls": 11, "wickets": 0}, "70c39d0e": {"runs": 4, "balls": 3, "wickets": 0}, "7671203a": {"runs": 3, "balls": 4, "wickets": 1}, "2ecd844a": {"runs": 3, "balls": 6, "wickets": 0}, "a5735bd3": {"runs": 3, "balls": 4, "wickets": 0}, "793977d8": {"runs": 2, "balls": 2, "wickets": 0}, "c5aef772": {"runs": 16, "balls": 10, "wickets": 0}, "b0946605": {"runs": 1, "balls": 3, "wickets": 0}, "c96f6ac5": {"runs": 34, "balls": 15, "wickets": 0}, "8db7f47f": {"runs": 1, "balls": 2, "wickets": 1}, "0f721006": {"runs": 26, "balls": 10, "wickets": 0}, "5574750c": {"runs": 0, "balls": 0, "wickets": 0}, "9caf69a1": {"runs": 0, "balls": 1, "wickets": 1}, "81c36ee9": {"runs": 6, "balls": 5, "wickets": 0}, "f0af99a7": {"runs": 1, "balls": 2, "wickets": 0}, "f24c6701": {"runs": 6, "balls": 3, "wickets": 0}, "54c2b697": {"runs": 4, "balls": 6, "wickets": 0}, "1a2676c5": {"runs": 21, "balls": 40, "wickets": 1}, "78eb4223": {"runs": 2, "balls": 11, "wickets": 0}, "208f22ea": {"runs": 18, "balls": 27, "wickets": 3}, "c672e80e": {"runs": 12, "balls": 22, "wickets": 0}, "2e9fdf9b": {"runs": 7, "balls": 15, "wickets": 1}, "2baad3bd": {"runs": 0, "balls": 1, "wickets": 0}, "e84ac20c": {"runs": 8, "balls": 4, "wickets": 0}, "819ae1ad": {"runs": 27, "balls": 37, "wickets": 1}, "e4a0deae": {"runs": 0, "balls": 1, "wickets": 0}, "fe2ac1a8": {"runs": 8, "balls": 21, "wickets": 0}, "ec5160d7": {"runs": 1, "balls": 1, "wickets": 0}, "e43aa7ed": {"runs": 15, "balls": 14, "wickets": 0}, "56b93d46": {"runs": 28, "balls": 12, "wickets": 1}, "f8a63b6f": {"runs": 7, "balls": 5, "wickets": 0}, "ec178b04": {"runs": 7, "balls": 11, "wickets": 1}, "003d49e6": {"runs": 4, "balls": 7, "wickets": 0}, "00cada13": {"runs": 25, "balls": 11, "wickets": 0}, "ac3c3cab": {"runs": 20, "balls": 10, "wickets": 0}, "1cc0a83d": {"runs": 1, "balls": 2, "wickets": 0}, "d26e0405": {"runs": 1, "balls": 1, "wickets": 0}, "6c79c098": {"runs": 6, "balls": 11, "wickets": 0}, "8cbcff3b": {"runs": 44, "balls": 48, "wickets": 0}, "81049310": {"runs": 44, "balls": 68, "wickets": 0}, "3122c016": {"runs": 6, "balls": 3, "wickets": 0}, "6e0a2209": {"runs": 11, "balls": 6, "wickets": 0}, "6b9eb501": {"runs": 1, "balls": 1, "wickets": 0}, "47c449c5": {"runs": 1, "balls": 2, "wickets": 0}}, "fifties": 17, "thirties": 91, "centuries": 0, "maidens": 2.0, "hattricks": 0, "club_ODI_previous3_runs": [1.0, 0.0, 15.0], "club_ODI_previous3_wickets": [0.0, 0.0, 0.0], "club_ODI_previous3_balls played": [3.0, 1.0, 17.0], "club_ODI_previous3_overs": [0.0, 0.0, 0.0], "club_ODI_previous3_runs gave": [0.0, 0.0, 0.0], "club_ODI_lifetime_runs": 1450.0, "club_ODI_lifetime_wickets": 0.0, "club_ODI_lifetime_balls played": 1215.0, "club_ODI_lifetime_overs": 0.0, "club_ODI_lifetime_runs gave": 0.0, "club_Test_previous3_runs": [0.0, 37.0, 124.0], "club_Test_previous3_wickets": [0.0, 0.0, 0.0], "club_Test_previous3_balls played": [7.0, 68.0, 179.0], "club_Test_previous3_overs": [0.0, 0.0, 0.0], "club_Test_previous3_runs gave": [0.0, 0.0, 0.0], "club_Test_lifetime_runs": 4118.0, "club_Test_lifetime_wickets": 0.0, "club_Test_lifetime_balls played": 6447.0, "club_Test_lifetime_overs": 12.0, "club_Test_lifetime_runs gave": 53.0, "club_T20_previous3_runs": [9.0, 34.0, 21.0], "club_T20_previous3_wickets": [0.0, 0.0, 0.0], "club_T20_previous3_balls played": [6.0, 25.0, 16.0], "club_T20_previous3_overs": [0.0, 0.0, 0.0], "club_T20_previous3_runs gave": [0.0, 0.0, 0.0], "club_T20_lifetime_runs": 3427.0, "club_T20_lifetime_wickets": 0.0, "club_T20_lifetime_balls played": 2608.0, "club_T20_lifetime_overs": 0.0, "club_T20_lifetime_runs gave": 0.0, "international_ODI_previous3_runs": [], "international_ODI_previous3_wickets": [], "international_ODI_previous3_balls played": [], "international_ODI_previous3_overs": [], "international_ODI_previous3_runs gave": [], "international_ODI_lifetime_runs": 0.0, "international_ODI_lifetime_wickets": 0.0, "international_ODI_lifetime_balls played": 0.0, "international_ODI_lifetime_overs": 0.0, "international_ODI_lifetime_runs gave": 0.0, "international_Test_previous3_runs": [13.0, 24.0, 34.0], "international_Test_previous3_wickets": [0.0, 0.0, 0.0], "international_Test_previous3_balls played": [31.0, 70.0, 51.0], "international_Test_previous3_overs": [0.0, 0.0, 0.0], "international_Test_previous3_runs gave": [0.0, 0.0, 0.0], "international_Test_lifetime_runs": 94.0, "international_Test_lifetime_wickets": 0.0, "international_Test_lifetime_balls played": 209.0, "international_Test_lifetime_overs": 0.0, "international_Test_lifetime_runs gave": 0.0, "international_T20_previous3_runs": [0.0], "international_T20_previous3_wickets": [0.0], "international_T20_previous3_balls played": [0.0], "international_T20_previous3_overs": [0.0], "international_T20_previous3_runs gave": [0.0], "international_T20_lifetime_runs": 0.0, "international_T20_lifetime_wickets": 0.0, "international_T20_lifetime_balls played": 0.0, "international_T20_lifetime_overs": 0.0, "international_T20_lifetime_runs gave": 0.0}