{"played_against": {"b5626ff7": {"runs": 0, "balls": 1, "wickets": 0}, "c96e51ba": {"runs": 1, "balls": 1, "wickets": 0}, "9d0332ee": {"runs": 0, "balls": 6, "wickets": 1}, "8026ea72": {"runs": 1, "balls": 4, "wickets": 0}, "7c1ba524": {"runs": 0, "balls": 4, "wickets": 0}, "d921449d": {"runs": 1, "balls": 1, "wickets": 0}, "ed840f44": {"runs": 0, "balls": 4, "wickets": 1}, "bff0535a": {"runs": 2, "balls": 2, "wickets": 0}, "fdc6b34d": {"runs": 0, "balls": 3, "wickets": 1}, "72a025a0": {"runs": 1, "balls": 2, "wickets": 0}, "78670115": {"runs": 0, "balls": 1, "wickets": 0}, "4b15618c": {"runs": 0, "balls": 2, "wickets": 0}}, "fifties": 0, "thirties": 0, "centuries": 0, "maidens": 2.0, "hattricks": 0, "club_ODI_previous3_runs": [], "club_ODI_previous3_wickets": [], "club_ODI_previous3_balls played": [], "club_ODI_previous3_overs": [], "club_ODI_previous3_runs gave": [], "club_ODI_lifetime_runs": 0.0, "club_ODI_lifetime_wickets": 0.0, "club_ODI_lifetime_balls played": 0.0, "club_ODI_lifetime_overs": 0.0, "club_ODI_lifetime_runs gave": 0.0, "club_Test_previous3_runs": [], "club_Test_previous3_wickets": [], "club_Test_previous3_balls played": [], "club_Test_previous3_overs": [], "club_Test_previous3_runs gave": [], "club_Test_lifetime_runs": 0.0, "club_Test_lifetime_wickets": 0.0, "club_Test_lifetime_balls played": 0.0, "club_Test_lifetime_overs": 0.0, "club_Test_lifetime_runs gave": 0.0, "club_T20_previous3_runs": [], "club_T20_previous3_wickets": [], "club_T20_previous3_balls played": [], "club_T20_previous3_overs": [], "club_T20_previous3_runs gave": [], "club_T20_lifetime_runs": 0.0, "club_T20_lifetime_wickets": 0.0, "club_T20_lifetime_balls played": 0.0, "club_T20_lifetime_overs": 0.0, "club_T20_lifetime_runs gave": 0.0, "international_ODI_previous3_runs": [], "international_ODI_previous3_wickets": [], "international_ODI_previous3_balls played": [], "international_ODI_previous3_overs": [], "international_ODI_previous3_runs gave": [], "international_ODI_lifetime_runs": 0.0, "international_ODI_lifetime_wickets": 0.0, "international_ODI_lifetime_balls played": 0.0, "international_ODI_lifetime_overs": 0.0, "international_ODI_lifetime_runs gave": 0.0, "international_Test_previous3_runs": [], "international_Test_previous3_wickets": [], "international_Test_previous3_balls played": [], "international_Test_previous3_overs": [], "international_Test_previous3_runs gave": [], "international_Test_lifetime_runs": 0.0, "international_Test_lifetime_wickets": 0.0, "international_Test_lifetime_balls played": 0.0, "international_Test_lifetime_overs": 0.0, "international_Test_lifetime_runs gave": 0.0, "international_T20_previous3_runs": [0.0, 0.0, 0.0], "international_T20_previous3_wickets": [0.0, 0.0, 0.0], "international_T20_previous3_balls played": [2.0, 0.0, 0.0], "international_T20_previous3_overs": [3.0, 2.0, 3.0], "international_T20_previous3_runs gave": [12.0, 13.0, 6.0], "international_T20_lifetime_runs": 6.0, "international_T20_lifetime_wickets": 2.0, "international_T20_lifetime_balls played": 31.0, "international_T20_lifetime_overs": 30.833333333333336, "international_T20_lifetime_runs gave": 160.0}