{"played_against": {"10a91f35": {"runs": 8, "balls": 5, "wickets": 0}, "126e56a1": {"runs": 6, "balls": 11, "wickets": 0}, "047c67ba": {"runs": 0, "balls": 3, "wickets": 1}, "f011dfa3": {"runs": 2, "balls": 6, "wickets": 0}, "ddc0828d": {"runs": 2, "balls": 2, "wickets": 0}, "d12143bf": {"runs": 8, "balls": 4, "wickets": 0}, "91a4a398": {"runs": 0, "balls": 3, "wickets": 0}, "3cf83487": {"runs": 0, "balls": 1, "wickets": 1}, "79004151": {"runs": 0, "balls": 2, "wickets": 1}}, "fifties": 0, "thirties": 0, "centuries": 0, "maidens": 4.0, "hattricks": 1, "club_ODI_previous3_runs": [], "club_ODI_previous3_wickets": [], "club_ODI_previous3_balls played": [], "club_ODI_previous3_overs": [], "club_ODI_previous3_runs gave": [], "club_ODI_lifetime_runs": 0.0, "club_ODI_lifetime_wickets": 0.0, "club_ODI_lifetime_balls played": 0.0, "club_ODI_lifetime_overs": 0.0, "club_ODI_lifetime_runs gave": 0.0, "club_Test_previous3_runs": [], "club_Test_previous3_wickets": [], "club_Test_previous3_balls played": [], "club_Test_previous3_overs": [], "club_Test_previous3_runs gave": [], "club_Test_lifetime_runs": 0.0, "club_Test_lifetime_wickets": 0.0, "club_Test_lifetime_balls played": 0.0, "club_Test_lifetime_overs": 0.0, "club_Test_lifetime_runs gave": 0.0, "club_T20_previous3_runs": [], "club_T20_previous3_wickets": [], "club_T20_previous3_balls played": [], "club_T20_previous3_overs": [], "club_T20_previous3_runs gave": [], "club_T20_lifetime_runs": 0.0, "club_T20_lifetime_wickets": 0.0, "club_T20_lifetime_balls played": 0.0, "club_T20_lifetime_overs": 0.0, "club_T20_lifetime_runs gave": 0.0, "international_ODI_previous3_runs": [0.0, 0.0, 0.0], "international_ODI_previous3_wickets": [2.0, 0.0, 1.0], "international_ODI_previous3_balls played": [3.0, 1.0, 2.0], "international_ODI_previous3_overs": [10.0, 10.0, 9.833333333333334], "international_ODI_previous3_runs gave": [53.0, 94.0, 67.0], "international_ODI_lifetime_runs": 26.0, "international_ODI_lifetime_wickets": 8.0, "international_ODI_lifetime_balls played": 37.0, "international_ODI_lifetime_overs": 49.833333333333336, "international_ODI_lifetime_runs gave": 306.0, "international_Test_previous3_runs": [], "international_Test_previous3_wickets": [], "international_Test_previous3_balls played": [], "international_Test_previous3_overs": [], "international_Test_previous3_runs gave": [], "international_Test_lifetime_runs": 0.0, "international_Test_lifetime_wickets": 0.0, "international_Test_lifetime_balls played": 0.0, "international_Test_lifetime_overs": 0.0, "international_Test_lifetime_runs gave": 0.0, "international_T20_previous3_runs": [], "international_T20_previous3_wickets": [], "international_T20_previous3_balls played": [], "international_T20_previous3_overs": [], "international_T20_previous3_runs gave": [], "international_T20_lifetime_runs": 0.0, "international_T20_lifetime_wickets": 0.0, "international_T20_lifetime_balls played": 0.0, "international_T20_lifetime_overs": 0.0, "international_T20_lifetime_runs gave": 0.0}