{"played_against": {"783e6111": {"runs": 11, "balls": 10, "wickets": 0}, "76cc7070": {"runs": 8, "balls": 8, "wickets": 0}, "663b5e34": {"runs": 8, "balls": 5, "wickets": 0}, "d330f9b9": {"runs": 30, "balls": 12, "wickets": 0}, "1e66c162": {"runs": 3, "balls": 5, "wickets": 0}, "2cdce1be": {"runs": 10, "balls": 8, "wickets": 0}, "d4b8ea98": {"runs": 0, "balls": 2, "wickets": 0}, "f9e6e7ef": {"runs": 1, "balls": 1, "wickets": 0}, "a00e1842": {"runs": 18, "balls": 6, "wickets": 1}, "e0c30d35": {"runs": 12, "balls": 6, "wickets": 0}, "e1e7f950": {"runs": 13, "balls": 4, "wickets": 0}, "4b31f3a3": {"runs": 2, "balls": 2, "wickets": 0}, "cd8d2859": {"runs": 0, "balls": 1, "wickets": 1}, "c7a995d3": {"runs": 3, "balls": 5, "wickets": 0}, "e2db2409": {"runs": 17, "balls": 10, "wickets": 0}, "33ffc3dd": {"runs": 7, "balls": 6, "wickets": 0}, "ce794613": {"runs": 23, "balls": 12, "wickets": 0}, "cdc6bdba": {"runs": 7, "balls": 8, "wickets": 1}, "eef2536f": {"runs": 11, "balls": 5, "wickets": 0}, "327b58d3": {"runs": 5, "balls": 3, "wickets": 0}, "0a8fce53": {"runs": 1, "balls": 2, "wickets": 1}, "81c36ee9": {"runs": 7, "balls": 6, "wickets": 0}, "81c08fa3": {"runs": 9, "balls": 6, "wickets": 1}, "2e81a32d": {"runs": 8, "balls": 7, "wickets": 2}, "04a418e8": {"runs": 1, "balls": 2, "wickets": 0}, "9219eff0": {"runs": 10, "balls": 7, "wickets": 0}, "495d42a5": {"runs": 7, "balls": 8, "wickets": 0}, "57ee1fde": {"runs": 23, "balls": 12, "wickets": 1}, "2e78f685": {"runs": 5, "balls": 3, "wickets": 1}, "f24c6701": {"runs": 3, "balls": 6, "wickets": 1}, "765a4731": {"runs": 9, "balls": 6, "wickets": 0}, "13c35c9e": {"runs": 0, "balls": 1, "wickets": 0}, "c38d3503": {"runs": 2, "balls": 2, "wickets": 0}, "bbd41817": {"runs": 0, "balls": 1, "wickets": 1}, "be24ead0": {"runs": 2, "balls": 2, "wickets": 0}, "a9fd84fb": {"runs": 12, "balls": 10, "wickets": 0}, "0c0ef3fb": {"runs": 11, "balls": 5, "wickets": 0}, "d45c29b1": {"runs": 6, "balls": 2, "wickets": 0}, "dcf81436": {"runs": 16, "balls": 5, "wickets": 0}, "c05edf8e": {"runs": 15, "balls": 4, "wickets": 0}, "9d430b40": {"runs": 1, "balls": 2, "wickets": 0}, "cc1e8c68": {"runs": 13, "balls": 5, "wickets": 0}, "9440ef41": {"runs": 5, "balls": 6, "wickets": 1}, "ce820073": {"runs": 2, "balls": 2, "wickets": 0}, "a818c1be": {"runs": 16, "balls": 5, "wickets": 0}, "14f96089": {"runs": 7, "balls": 4, "wickets": 1}, "5b8c830e": {"runs": 2, "balls": 2, "wickets": 0}, "6b19d823": {"runs": 1, "balls": 3, "wickets": 1}, "98ae73b1": {"runs": 19, "balls": 10, "wickets": 0}, "f6d8a7ab": {"runs": 1, "balls": 3, "wickets": 1}, "4933f499": {"runs": 4, "balls": 4, "wickets": 0}, "64775749": {"runs": 7, "balls": 4, "wickets": 1}, "eaa76d3c": {"runs": 13, "balls": 3, "wickets": 0}, "8d2c70ad": {"runs": 10, "balls": 14, "wickets": 0}, "2e171977": {"runs": 12, "balls": 12, "wickets": 0}, "5bb1a1c4": {"runs": 8, "balls": 11, "wickets": 0}, "a2f46292": {"runs": 2, "balls": 10, "wickets": 1}, "acdc62f5": {"runs": 2, "balls": 2, "wickets": 0}, "ad427b5c": {"runs": 4, "balls": 7, "wickets": 0}, "21d4e29b": {"runs": 6, "balls": 6, "wickets": 0}, "77b1aa15": {"runs": 23, "balls": 8, "wickets": 0}, "a7e1f127": {"runs": 3, "balls": 4, "wickets": 0}, "c33d8116": {"runs": 3, "balls": 3, "wickets": 0}, "7210d461": {"runs": 7, "balls": 4, "wickets": 0}, "2cffab74": {"runs": 2, "balls": 3, "wickets": 0}, "85b3fab2": {"runs": 4, "balls": 3, "wickets": 0}}, "fifties": 0, "thirties": 7, "centuries": 0, "maidens": 0.0, "hattricks": 0, "club_ODI_previous3_runs": [], "club_ODI_previous3_wickets": [], "club_ODI_previous3_balls played": [], "club_ODI_previous3_overs": [], "club_ODI_previous3_runs gave": [], "club_ODI_lifetime_runs": 0.0, "club_ODI_lifetime_wickets": 0.0, "club_ODI_lifetime_balls played": 0.0, "club_ODI_lifetime_overs": 0.0, "club_ODI_lifetime_runs gave": 0.0, "club_Test_previous3_runs": [], "club_Test_previous3_wickets": [], "club_Test_previous3_balls played": [], "club_Test_previous3_overs": [], "club_Test_previous3_runs gave": [], "club_Test_lifetime_runs": 0.0, "club_Test_lifetime_wickets": 0.0, "club_Test_lifetime_balls played": 0.0, "club_Test_lifetime_overs": 0.0, "club_Test_lifetime_runs gave": 0.0, "club_T20_previous3_runs": [13.0, 1.0, 8.0], "club_T20_previous3_wickets": [0.0, 0.0, 0.0], "club_T20_previous3_balls played": [12.0, 2.0, 14.0], "club_T20_previous3_overs": [0.0, 0.0, 0.0], "club_T20_previous3_runs gave": [0.0, 0.0, 0.0], "club_T20_lifetime_runs": 513.0, "club_T20_lifetime_wickets": 0.0, "club_T20_lifetime_balls played": 358.0, "club_T20_lifetime_overs": 0.0, "club_T20_lifetime_runs gave": 0.0, "international_ODI_previous3_runs": [], "international_ODI_previous3_wickets": [], "international_ODI_previous3_balls played": [], "international_ODI_previous3_overs": [], "international_ODI_previous3_runs gave": [], "international_ODI_lifetime_runs": 0.0, "international_ODI_lifetime_wickets": 0.0, "international_ODI_lifetime_balls played": 0.0, "international_ODI_lifetime_overs": 0.0, "international_ODI_lifetime_runs gave": 0.0, "international_Test_previous3_runs": [], "international_Test_previous3_wickets": [], "international_Test_previous3_balls played": [], "international_Test_previous3_overs": [], "international_Test_previous3_runs gave": [], "international_Test_lifetime_runs": 0.0, "international_Test_lifetime_wickets": 0.0, "international_Test_lifetime_balls played": 0.0, "international_Test_lifetime_overs": 0.0, "international_Test_lifetime_runs gave": 0.0, "international_T20_previous3_runs": [], "international_T20_previous3_wickets": [], "international_T20_previous3_balls played": [], "international_T20_previous3_overs": [], "international_T20_previous3_runs gave": [], "international_T20_lifetime_runs": 0.0, "international_T20_lifetime_wickets": 0.0, "international_T20_lifetime_balls played": 0.0, "international_T20_lifetime_overs": 0.0, "international_T20_lifetime_runs gave": 0.0}