{"played_against": {"45ca12a7": {"runs": 0, "balls": 1, "wickets": 1}}, "fifties": 0, "thirties": 0, "centuries": 0, "maidens": 0.0, "hattricks": 0, "club_ODI_previous3_runs": [], "club_ODI_previous3_wickets": [], "club_ODI_previous3_balls played": [], "club_ODI_previous3_overs": [], "club_ODI_previous3_runs gave": [], "club_ODI_lifetime_runs": 0.0, "club_ODI_lifetime_wickets": 0.0, "club_ODI_lifetime_balls played": 0.0, "club_ODI_lifetime_overs": 0.0, "club_ODI_lifetime_runs gave": 0.0, "club_Test_previous3_runs": [], "club_Test_previous3_wickets": [], "club_Test_previous3_balls played": [], "club_Test_previous3_overs": [], "club_Test_previous3_runs gave": [], "club_Test_lifetime_runs": 0.0, "club_Test_lifetime_wickets": 0.0, "club_Test_lifetime_balls played": 0.0, "club_Test_lifetime_overs": 0.0, "club_Test_lifetime_runs gave": 0.0, "club_T20_previous3_runs": [], "club_T20_previous3_wickets": [], "club_T20_previous3_balls played": [], "club_T20_previous3_overs": [], "club_T20_previous3_runs gave": [], "club_T20_lifetime_runs": 0.0, "club_T20_lifetime_wickets": 0.0, "club_T20_lifetime_balls played": 0.0, "club_T20_lifetime_overs": 0.0, "club_T20_lifetime_runs gave": 0.0, "international_ODI_previous3_runs": [0.0, 0.0], "international_ODI_previous3_wickets": [1.0, 0.0], "international_ODI_previous3_balls played": [0.0, 0.0], "international_ODI_previous3_overs": [4.0, 0.0], "international_ODI_previous3_runs gave": [24.0, 0.0], "international_ODI_lifetime_runs": 0.0, "international_ODI_lifetime_wickets": 1.0, "international_ODI_lifetime_balls played": 0.0, "international_ODI_lifetime_overs": 4.0, "international_ODI_lifetime_runs gave": 24.0, "international_Test_previous3_runs": [], "international_Test_previous3_wickets": [], "international_Test_previous3_balls played": [], "international_Test_previous3_overs": [], "international_Test_previous3_runs gave": [], "international_Test_lifetime_runs": 0.0, "international_Test_lifetime_wickets": 0.0, "international_Test_lifetime_balls played": 0.0, "international_Test_lifetime_overs": 0.0, "international_Test_lifetime_runs gave": 0.0, "international_T20_previous3_runs": [0.0, 0.0, 0.0], "international_T20_previous3_wickets": [1.0, 1.0, 2.0], "international_T20_previous3_balls played": [0.0, 0.0, 1.0], "international_T20_previous3_overs": [3.0, 4.0, 4.0], "international_T20_previous3_runs gave": [6.0, 16.0, 17.0], "international_T20_lifetime_runs": 0.0, "international_T20_lifetime_wickets": 4.0, "international_T20_lifetime_balls played": 1.0, "international_T20_lifetime_overs": 11.0, "international_T20_lifetime_runs gave": 39.0}