{"played_against": {"5a004050": {"runs": 3, "balls": 5, "wickets": 1}, "783e6111": {"runs": 1, "balls": 3, "wickets": 0}, "9d80c5e1": {"runs": 7, "balls": 8, "wickets": 0}, "cbe8cf26": {"runs": 4, "balls": 3, "wickets": 0}, "cdc6bdba": {"runs": 1, "balls": 2, "wickets": 1}, "871e9faf": {"runs": 5, "balls": 3, "wickets": 0}, "33a364a6": {"runs": 13, "balls": 12, "wickets": 1}, "077da288": {"runs": 0, "balls": 1, "wickets": 1}, "2af1b6d2": {"runs": 3, "balls": 6, "wickets": 1}, "aef46dfc": {"runs": 5, "balls": 4, "wickets": 0}, "c2294408": {"runs": 6, "balls": 3, "wickets": 0}, "dfc887dc": {"runs": 4, "balls": 3, "wickets": 0}, "21e6f277": {"runs": 2, "balls": 3, "wickets": 0}, "0a3d54b9": {"runs": 1, "balls": 2, "wickets": 0}, "fb24e76c": {"runs": 3, "balls": 4, "wickets": 1}, "4312e8f9": {"runs": 5, "balls": 9, "wickets": 0}, "d3611425": {"runs": 7, "balls": 4, "wickets": 0}, "50455929": {"runs": 7, "balls": 7, "wickets": 0}, "dc4686e6": {"runs": 2, "balls": 4, "wickets": 1}, "12f75dbd": {"runs": 2, "balls": 5, "wickets": 0}, "fa73f373": {"runs": 3, "balls": 5, "wickets": 0}, "f8c7484e": {"runs": 2, "balls": 3, "wickets": 0}, "caabc8e4": {"runs": 2, "balls": 2, "wickets": 0}, "2a6afc6f": {"runs": 9, "balls": 5, "wickets": 0}, "db31895a": {"runs": 0, "balls": 2, "wickets": 1}, "00852db7": {"runs": 4, "balls": 4, "wickets": 0}, "73d49fe6": {"runs": 3, "balls": 5, "wickets": 0}, "798c67e5": {"runs": 1, "balls": 2, "wickets": 0}, "24d163d7": {"runs": 13, "balls": 13, "wickets": 0}, "6a1fc8dd": {"runs": 6, "balls": 5, "wickets": 1}, "f705d984": {"runs": 7, "balls": 8, "wickets": 0}, "df72675b": {"runs": 10, "balls": 11, "wickets": 0}, "fcc9954f": {"runs": 1, "balls": 3, "wickets": 0}, "3decbc22": {"runs": 2, "balls": 5, "wickets": 0}, "b5e545ad": {"runs": 1, "balls": 3, "wickets": 0}, "76a33e00": {"runs": 12, "balls": 7, "wickets": 0}, "5b4d1d4e": {"runs": 6, "balls": 4, "wickets": 0}, "2597e56b": {"runs": 2, "balls": 2, "wickets": 0}, "13903f13": {"runs": 5, "balls": 5, "wickets": 1}}, "fifties": 0, "thirties": 1, "centuries": 0, "maidens": 0.0, "hattricks": 0, "club_ODI_previous3_runs": [], "club_ODI_previous3_wickets": [], "club_ODI_previous3_balls played": [], "club_ODI_previous3_overs": [], "club_ODI_previous3_runs gave": [], "club_ODI_lifetime_runs": 0.0, "club_ODI_lifetime_wickets": 0.0, "club_ODI_lifetime_balls played": 0.0, "club_ODI_lifetime_overs": 0.0, "club_ODI_lifetime_runs gave": 0.0, "club_Test_previous3_runs": [], "club_Test_previous3_wickets": [], "club_Test_previous3_balls played": [], "club_Test_previous3_overs": [], "club_Test_previous3_runs gave": [], "club_Test_lifetime_runs": 0.0, "club_Test_lifetime_wickets": 0.0, "club_Test_lifetime_balls played": 0.0, "club_Test_lifetime_overs": 0.0, "club_Test_lifetime_runs gave": 0.0, "club_T20_previous3_runs": [24.0, 0.0, 28.0], "club_T20_previous3_wickets": [0.0, 0.0, 0.0], "club_T20_previous3_balls played": [27.0, 0.0, 27.0], "club_T20_previous3_overs": [1.0, 0.0, 0.0], "club_T20_previous3_runs gave": [9.0, 0.0, 0.0], "club_T20_lifetime_runs": 170.0, "club_T20_lifetime_wickets": 1.0, "club_T20_lifetime_balls played": 189.0, "club_T20_lifetime_overs": 5.833333333333334, "club_T20_lifetime_runs gave": 49.0, "international_ODI_previous3_runs": [], "international_ODI_previous3_wickets": [], "international_ODI_previous3_balls played": [], "international_ODI_previous3_overs": [], "international_ODI_previous3_runs gave": [], "international_ODI_lifetime_runs": 0.0, "international_ODI_lifetime_wickets": 0.0, "international_ODI_lifetime_balls played": 0.0, "international_ODI_lifetime_overs": 0.0, "international_ODI_lifetime_runs gave": 0.0, "international_Test_previous3_runs": [], "international_Test_previous3_wickets": [], "international_Test_previous3_balls played": [], "international_Test_previous3_overs": [], "international_Test_previous3_runs gave": [], "international_Test_lifetime_runs": 0.0, "international_Test_lifetime_wickets": 0.0, "international_Test_lifetime_balls played": 0.0, "international_Test_lifetime_overs": 0.0, "international_Test_lifetime_runs gave": 0.0, "international_T20_previous3_runs": [], "international_T20_previous3_wickets": [], "international_T20_previous3_balls played": [], "international_T20_previous3_overs": [], "international_T20_previous3_runs gave": [], "international_T20_lifetime_runs": 0.0, "international_T20_lifetime_wickets": 0.0, "international_T20_lifetime_balls played": 0.0, "international_T20_lifetime_overs": 0.0, "international_T20_lifetime_runs gave": 0.0}