{"played_against": {"dd73b2ff": {"runs": 6, "balls": 3, "wickets": 0}, "7d4a4371": {"runs": 1, "balls": 2, "wickets": 0}, "119678fd": {"runs": 12, "balls": 13, "wickets": 1}, "6ee6b491": {"runs": 3, "balls": 4, "wickets": 0}, "27e71d47": {"runs": 6, "balls": 3, "wickets": 0}, "2af1b6d2": {"runs": 0, "balls": 2, "wickets": 0}, "c2294408": {"runs": 9, "balls": 6, "wickets": 0}, "64959652": {"runs": 0, "balls": 1, "wickets": 0}, "c64c2443": {"runs": 1, "balls": 5, "wickets": 1}, "3b30b8c4": {"runs": 4, "balls": 2, "wickets": 0}, "983f2f61": {"runs": 0, "balls": 2, "wickets": 0}, "dbe50b21": {"runs": 1, "balls": 2, "wickets": 1}, "031b389c": {"runs": 0, "balls": 1, "wickets": 0}, "4fbb35dd": {"runs": 1, "balls": 3, "wickets": 0}, "d4753890": {"runs": 9, "balls": 5, "wickets": 0}, "76a33e00": {"runs": 2, "balls": 2, "wickets": 0}, "b483905d": {"runs": 7, "balls": 5, "wickets": 0}, "13903f13": {"runs": 2, "balls": 3, "wickets": 0}, "4948a916": {"runs": 8, "balls": 5, "wickets": 0}, "280fff14": {"runs": 11, "balls": 3, "wickets": 0}, "31833a36": {"runs": 9, "balls": 6, "wickets": 0}, "b76b2d25": {"runs": 8, "balls": 4, "wickets": 0}, "a3350945": {"runs": 6, "balls": 3, "wickets": 0}, "4d528d92": {"runs": 16, "balls": 9, "wickets": 0}, "63ab7aeb": {"runs": 17, "balls": 8, "wickets": 1}, "63bfb5fc": {"runs": 5, "balls": 3, "wickets": 0}, "98ae73b1": {"runs": 5, "balls": 6, "wickets": 0}, "8254ea06": {"runs": 0, "balls": 1, "wickets": 1}}, "fifties": 0, "thirties": 1, "centuries": 0, "maidens": 0.0, "hattricks": 0, "club_ODI_previous3_runs": [], "club_ODI_previous3_wickets": [], "club_ODI_previous3_balls played": [], "club_ODI_previous3_overs": [], "club_ODI_previous3_runs gave": [], "club_ODI_lifetime_runs": 0.0, "club_ODI_lifetime_wickets": 0.0, "club_ODI_lifetime_balls played": 0.0, "club_ODI_lifetime_overs": 0.0, "club_ODI_lifetime_runs gave": 0.0, "club_Test_previous3_runs": [], "club_Test_previous3_wickets": [], "club_Test_previous3_balls played": [], "club_Test_previous3_overs": [], "club_Test_previous3_runs gave": [], "club_Test_lifetime_runs": 0.0, "club_Test_lifetime_wickets": 0.0, "club_Test_lifetime_balls played": 0.0, "club_Test_lifetime_overs": 0.0, "club_Test_lifetime_runs gave": 0.0, "club_T20_previous3_runs": [75.0, 10.0, 0.0], "club_T20_previous3_wickets": [0.0, 0.0, 0.0], "club_T20_previous3_balls played": [38.0, 10.0, 0.0], "club_T20_previous3_overs": [0.0, 0.0, 0.0], "club_T20_previous3_runs gave": [0.0, 0.0, 0.0], "club_T20_lifetime_runs": 149.0, "club_T20_lifetime_wickets": 0.0, "club_T20_lifetime_balls played": 112.0, "club_T20_lifetime_overs": 0.0, "club_T20_lifetime_runs gave": 0.0, "international_ODI_previous3_runs": [], "international_ODI_previous3_wickets": [], "international_ODI_previous3_balls played": [], "international_ODI_previous3_overs": [], "international_ODI_previous3_runs gave": [], "international_ODI_lifetime_runs": 0.0, "international_ODI_lifetime_wickets": 0.0, "international_ODI_lifetime_balls played": 0.0, "international_ODI_lifetime_overs": 0.0, "international_ODI_lifetime_runs gave": 0.0, "international_Test_previous3_runs": [], "international_Test_previous3_wickets": [], "international_Test_previous3_balls played": [], "international_Test_previous3_overs": [], "international_Test_previous3_runs gave": [], "international_Test_lifetime_runs": 0.0, "international_Test_lifetime_wickets": 0.0, "international_Test_lifetime_balls played": 0.0, "international_Test_lifetime_overs": 0.0, "international_Test_lifetime_runs gave": 0.0, "international_T20_previous3_runs": [], "international_T20_previous3_wickets": [], "international_T20_previous3_balls played": [], "international_T20_previous3_overs": [], "international_T20_previous3_runs gave": [], "international_T20_lifetime_runs": 0.0, "international_T20_lifetime_wickets": 0.0, "international_T20_lifetime_balls played": 0.0, "international_T20_lifetime_overs": 0.0, "international_T20_lifetime_runs gave": 0.0}