{"played_against": {"e737a5fe": {"runs": 5, "balls": 6, "wickets": 1}, "894b2d25": {"runs": 8, "balls": 19, "wickets": 1}, "3766056b": {"runs": 7, "balls": 21, "wickets": 0}, "757502b5": {"runs": 1, "balls": 11, "wickets": 0}, "ffe699c0": {"runs": 20, "balls": 57, "wickets": 1}, "0f3ee070": {"runs": 20, "balls": 23, "wickets": 0}, "aa8d28ae": {"runs": 6, "balls": 15, "wickets": 0}, "5574750c": {"runs": 16, "balls": 42, "wickets": 0}, "f3abd0c9": {"runs": 21, "balls": 49, "wickets": 0}, "f4dfcbb4": {"runs": 1, "balls": 2, "wickets": 0}, "d68e7f48": {"runs": 34, "balls": 42, "wickets": 1}, "b16cf2ec": {"runs": 21, "balls": 76, "wickets": 2}, "d26e0405": {"runs": 1, "balls": 10, "wickets": 0}, "1066a976": {"runs": 4, "balls": 10, "wickets": 0}, "2f9d0389": {"runs": 0, "balls": 5, "wickets": 0}, "5fed6272": {"runs": 4, "balls": 12, "wickets": 1}, "6c79c098": {"runs": 16, "balls": 42, "wickets": 0}, "9789e56e": {"runs": 9, "balls": 36, "wickets": 1}, "782fb776": {"runs": 22, "balls": 39, "wickets": 0}, "c5cc48bc": {"runs": 23, "balls": 43, "wickets": 0}, "86e0f3f0": {"runs": 7, "balls": 21, "wickets": 0}, "d786a8a1": {"runs": 0, "balls": 4, "wickets": 1}, "1957c6b7": {"runs": 12, "balls": 27, "wickets": 0}, "cb1a782a": {"runs": 2, "balls": 7, "wickets": 0}, "ccdd8308": {"runs": 14, "balls": 26, "wickets": 0}, "c89474d1": {"runs": 15, "balls": 31, "wickets": 0}, "c2b6764d": {"runs": 12, "balls": 21, "wickets": 1}, "ee0c05c0": {"runs": 12, "balls": 33, "wickets": 0}, "74a274cc": {"runs": 0, "balls": 4, "wickets": 0}, "cf494ffe": {"runs": 0, "balls": 2, "wickets": 1}, "ad212f96": {"runs": 6, "balls": 28, "wickets": 0}, "01a95383": {"runs": 10, "balls": 18, "wickets": 1}, "b82e3032": {"runs": 0, "balls": 6, "wickets": 1}, "5db1c288": {"runs": 10, "balls": 29, "wickets": 0}, "cd143bca": {"runs": 16, "balls": 54, "wickets": 4}, "a510bdd3": {"runs": 17, "balls": 51, "wickets": 1}, "fc63d916": {"runs": 1, "balls": 1, "wickets": 0}, "0d61d8f0": {"runs": 5, "balls": 4, "wickets": 0}, "219cc59e": {"runs": 8, "balls": 31, "wickets": 0}, "9679838c": {"runs": 9, "balls": 7, "wickets": 0}, "8108e2d2": {"runs": 2, "balls": 7, "wickets": 0}, "e0ac7144": {"runs": 2, "balls": 13, "wickets": 0}, "d112c570": {"runs": 10, "balls": 13, "wickets": 2}, "85ebf2be": {"runs": 4, "balls": 6, "wickets": 0}, "f54dbda7": {"runs": 8, "balls": 6, "wickets": 0}, "ad286dcc": {"runs": 12, "balls": 10, "wickets": 0}, "39180894": {"runs": 3, "balls": 4, "wickets": 1}, "bdc0670a": {"runs": 1, "balls": 1, "wickets": 0}, "3c55c703": {"runs": 0, "balls": 1, "wickets": 1}, "56ef4f99": {"runs": 25, "balls": 19, "wickets": 0}, "0f21680d": {"runs": 5, "balls": 9, "wickets": 0}, "867a45a7": {"runs": 6, "balls": 8, "wickets": 0}, "3a60e0b5": {"runs": 19, "balls": 10, "wickets": 0}, "e871a7a1": {"runs": 10, "balls": 3, "wickets": 0}, "34b37279": {"runs": 8, "balls": 12, "wickets": 0}, "31b01074": {"runs": 19, "balls": 20, "wickets": 1}, "ed47cb25": {"runs": 3, "balls": 6, "wickets": 0}, "78c12883": {"runs": 1, "balls": 3, "wickets": 0}, "8bf61e65": {"runs": 1, "balls": 7, "wickets": 0}, "9a089b15": {"runs": 5, "balls": 8, "wickets": 0}, "6ea2710f": {"runs": 1, "balls": 14, "wickets": 0}, "5ccdb14f": {"runs": 1, "balls": 1, "wickets": 0}, "078ffbf2": {"runs": 2, "balls": 2, "wickets": 1}, "214f6461": {"runs": 6, "balls": 7, "wickets": 0}, "28217d89": {"runs": 4, "balls": 6, "wickets": 0}, "a4b810d0": {"runs": 11, "balls": 9, "wickets": 1}, "e43aa7ed": {"runs": 7, "balls": 13, "wickets": 0}, "25a42048": {"runs": 12, "balls": 14, "wickets": 0}, "23f2143b": {"runs": 5, "balls": 6, "wickets": 0}, "23638956": {"runs": 14, "balls": 12, "wickets": 0}, "4ec07775": {"runs": 3, "balls": 3, "wickets": 0}, "51e1ed69": {"runs": 9, "balls": 14, "wickets": 0}, "4c0f3806": {"runs": 6, "balls": 10, "wickets": 0}, "b5781ac3": {"runs": 7, "balls": 9, "wickets": 0}, "4bf5c12f": {"runs": 1, "balls": 2, "wickets": 1}, "067bda18": {"runs": 7, "balls": 20, "wickets": 0}, "2f28dc94": {"runs": 2, "balls": 12, "wickets": 1}, "e142c599": {"runs": 1, "balls": 2, "wickets": 0}, "52c442e4": {"runs": 2, "balls": 10, "wickets": 0}, "e5437608": {"runs": 22, "balls": 20, "wickets": 0}, "eec81780": {"runs": 8, "balls": 13, "wickets": 0}, "21d4e29b": {"runs": 11, "balls": 12, "wickets": 0}, "93cad673": {"runs": 19, "balls": 14, "wickets": 0}, "ea27a674": {"runs": 10, "balls": 5, "wickets": 0}, "b082d112": {"runs": 10, "balls": 9, "wickets": 0}, "ec33b21a": {"runs": 10, "balls": 17, "wickets": 1}, "ad46c747": {"runs": 3, "balls": 5, "wickets": 0}, "a37b5c0a": {"runs": 4, "balls": 12, "wickets": 0}, "ab01e323": {"runs": 9, "balls": 21, "wickets": 0}, "5239d782": {"runs": 2, "balls": 4, "wickets": 0}, "a63dfe8a": {"runs": 2, "balls": 5, "wickets": 0}, "a6f2b2ef": {"runs": 4, "balls": 4, "wickets": 0}, "04cd872b": {"runs": 0, "balls": 0, "wickets": 0}, "c2e5539b": {"runs": 3, "balls": 6, "wickets": 0}, "a790df98": {"runs": 1, "balls": 3, "wickets": 0}, "23dee937": {"runs": 6, "balls": 11, "wickets": 0}, "b9877635": {"runs": 4, "balls": 8, "wickets": 0}, "27c5a793": {"runs": 1, "balls": 4, "wickets": 0}}, "fifties": 0, "thirties": 10, "centuries": 0, "maidens": 0.0, "hattricks": 0, "club_ODI_previous3_runs": [11.0, 0.0, 0.0], "club_ODI_previous3_wickets": [0.0, 0.0, 0.0], "club_ODI_previous3_balls played": [23.0, 0.0, 0.0], "club_ODI_previous3_overs": [0.0, 0.0, 0.0], "club_ODI_previous3_runs gave": [0.0, 0.0, 0.0], "club_ODI_lifetime_runs": 321.0, "club_ODI_lifetime_wickets": 0.0, "club_ODI_lifetime_balls played": 411.0, "club_ODI_lifetime_overs": 0.0, "club_ODI_lifetime_runs gave": 0.0, "club_Test_previous3_runs": [36.0, 10.0, 37.0], "club_Test_previous3_wickets": [0.0, 0.0, 0.0], "club_Test_previous3_balls played": [46.0, 37.0, 102.0], "club_Test_previous3_overs": [0.0, 0.0, 0.0], "club_Test_previous3_runs gave": [0.0, 0.0, 0.0], "club_Test_lifetime_runs": 443.0, "club_Test_lifetime_wickets": 0.0, "club_Test_lifetime_balls played": 1067.0, "club_Test_lifetime_overs": 0.0, "club_Test_lifetime_runs gave": 0.0, "club_T20_previous3_runs": [5.0], "club_T20_previous3_wickets": [0.0], "club_T20_previous3_balls played": [9.0], "club_T20_previous3_overs": [0.0], "club_T20_previous3_runs gave": [0.0], "club_T20_lifetime_runs": 5.0, "club_T20_lifetime_wickets": 0.0, "club_T20_lifetime_balls played": 9.0, "club_T20_lifetime_overs": 0.0, "club_T20_lifetime_runs gave": 0.0, "international_ODI_previous3_runs": [], "international_ODI_previous3_wickets": [], "international_ODI_previous3_balls played": [], "international_ODI_previous3_overs": [], "international_ODI_previous3_runs gave": [], "international_ODI_lifetime_runs": 0.0, "international_ODI_lifetime_wickets": 0.0, "international_ODI_lifetime_balls played": 0.0, "international_ODI_lifetime_overs": 0.0, "international_ODI_lifetime_runs gave": 0.0, "international_Test_previous3_runs": [], "international_Test_previous3_wickets": [], "international_Test_previous3_balls played": [], "international_Test_previous3_overs": [], "international_Test_previous3_runs gave": [], "international_Test_lifetime_runs": 0.0, "international_Test_lifetime_wickets": 0.0, "international_Test_lifetime_balls played": 0.0, "international_Test_lifetime_overs": 0.0, "international_Test_lifetime_runs gave": 0.0, "international_T20_previous3_runs": [], "international_T20_previous3_wickets": [], "international_T20_previous3_balls played": [], "international_T20_previous3_overs": [], "international_T20_previous3_runs gave": [], "international_T20_lifetime_runs": 0.0, "international_T20_lifetime_wickets": 0.0, "international_T20_lifetime_balls played": 0.0, "international_T20_lifetime_overs": 0.0, "international_T20_lifetime_runs gave": 0.0}