{"played_against": {"5bb1a1c4": {"runs": 0, "balls": 5, "wickets": 0}, "495d42a5": {"runs": 1, "balls": 20, "wickets": 1}, "cc1e8c68": {"runs": 0, "balls": 2, "wickets": 0}, "2e171977": {"runs": 0, "balls": 3, "wickets": 0}, "f2800ef3": {"runs": 1, "balls": 5, "wickets": 0}, "a089f93f": {"runs": 0, "balls": 6, "wickets": 0}, "7cd0a092": {"runs": 1, "balls": 1, "wickets": 0}, "086f5984": {"runs": 1, "balls": 2, "wickets": 0}, "1c790f4f": {"runs": 1, "balls": 3, "wickets": 0}, "2911de16": {"runs": 1, "balls": 7, "wickets": 1}, "9cb8d7a6": {"runs": 1, "balls": 3, "wickets": 0}, "2e81a32d": {"runs": 0, "balls": 3, "wickets": 0}, "8cf9814c": {"runs": 0, "balls": 2, "wickets": 0}, "fe93fd9d": {"runs": 0, "balls": 4, "wickets": 0}, "7a80ddf2": {"runs": 0, "balls": 14, "wickets": 0}, "92aa28fe": {"runs": 0, "balls": 10, "wickets": 0}, "d9609443": {"runs": 3, "balls": 12, "wickets": 0}, "0f721006": {"runs": 0, "balls": 15, "wickets": 0}, "78eb4223": {"runs": 0, "balls": 8, "wickets": 0}}, "fifties": 0, "thirties": 0, "centuries": 0, "maidens": 41.0, "hattricks": 4, "club_ODI_previous3_runs": [], "club_ODI_previous3_wickets": [], "club_ODI_previous3_balls played": [], "club_ODI_previous3_overs": [], "club_ODI_previous3_runs gave": [], "club_ODI_lifetime_runs": 0.0, "club_ODI_lifetime_wickets": 0.0, "club_ODI_lifetime_balls played": 0.0, "club_ODI_lifetime_overs": 0.0, "club_ODI_lifetime_runs gave": 0.0, "club_Test_previous3_runs": [], "club_Test_previous3_wickets": [], "club_Test_previous3_balls played": [], "club_Test_previous3_overs": [], "club_Test_previous3_runs gave": [], "club_Test_lifetime_runs": 0.0, "club_Test_lifetime_wickets": 0.0, "club_Test_lifetime_balls played": 0.0, "club_Test_lifetime_overs": 0.0, "club_Test_lifetime_runs gave": 0.0, "club_T20_previous3_runs": [], "club_T20_previous3_wickets": [], "club_T20_previous3_balls played": [], "club_T20_previous3_overs": [], "club_T20_previous3_runs gave": [], "club_T20_lifetime_runs": 0.0, "club_T20_lifetime_wickets": 0.0, "club_T20_lifetime_balls played": 0.0, "club_T20_lifetime_overs": 0.0, "club_T20_lifetime_runs gave": 0.0, "international_ODI_previous3_runs": [3.0, 0.0, 1.0], "international_ODI_previous3_wickets": [4.0, 1.0, 0.0], "international_ODI_previous3_balls played": [6.0, 1.0, 8.0], "international_ODI_previous3_overs": [10.0, 7.0, 5.0], "international_ODI_previous3_runs gave": [57.0, 36.0, 27.0], "international_ODI_lifetime_runs": 4.0, "international_ODI_lifetime_wickets": 8.0, "international_ODI_lifetime_balls played": 27.0, "international_ODI_lifetime_overs": 67.0, "international_ODI_lifetime_runs gave": 397.0, "international_Test_previous3_runs": [0.0, 1.0, 3.0], "international_Test_previous3_wickets": [1.0, 3.0, 0.0], "international_Test_previous3_balls played": [9.0, 16.0, 59.0], "international_Test_previous3_overs": [35.0, 37.333333333333336, 40.83333333333333], "international_Test_previous3_runs gave": [97.0, 143.0, 119.0], "international_Test_lifetime_runs": 6.0, "international_Test_lifetime_wickets": 10.0, "international_Test_lifetime_balls played": 99.0, "international_Test_lifetime_overs": 184.66666666666669, "international_Test_lifetime_runs gave": 585.0, "international_T20_previous3_runs": [], "international_T20_previous3_wickets": [], "international_T20_previous3_balls played": [], "international_T20_previous3_overs": [], "international_T20_previous3_runs gave": [], "international_T20_lifetime_runs": 0.0, "international_T20_lifetime_wickets": 0.0, "international_T20_lifetime_balls played": 0.0, "international_T20_lifetime_overs": 0.0, "international_T20_lifetime_runs gave": 0.0}