{"played_against": {"51a125b3": {"runs": 7, "balls": 7, "wickets": 1}, "3ef46a49": {"runs": 3, "balls": 3, "wickets": 0}, "0b8be981": {"runs": 1, "balls": 3, "wickets": 0}, "959b455d": {"runs": 1, "balls": 1, "wickets": 0}, "80406606": {"runs": 1, "balls": 4, "wickets": 0}, "c53e6827": {"runs": 1, "balls": 2, "wickets": 1}, "3b2dc884": {"runs": 1, "balls": 3, "wickets": 1}, "745a474b": {"runs": 0, "balls": 1, "wickets": 0}, "397462b9": {"runs": 10, "balls": 34, "wickets": 0}, "780d1997": {"runs": 0, "balls": 1, "wickets": 0}, "b7db83eb": {"runs": 6, "balls": 13, "wickets": 1}, "49be2f58": {"runs": 0, "balls": 2, "wickets": 1}, "65a60be7": {"runs": 1, "balls": 8, "wickets": 0}, "c6614fc0": {"runs": 2, "balls": 4, "wickets": 0}, "5fe3709e": {"runs": 0, "balls": 1, "wickets": 1}, "602ebd4c": {"runs": 7, "balls": 3, "wickets": 0}, "792805ee": {"runs": 2, "balls": 4, "wickets": 0}, "3c9ff356": {"runs": 9, "balls": 4, "wickets": 0}, "1688f2dc": {"runs": 7, "balls": 5, "wickets": 0}, "6e849a7b": {"runs": 1, "balls": 1, "wickets": 0}, "87e33d07": {"runs": 7, "balls": 3, "wickets": 0}, "46a7ac78": {"runs": 0, "balls": 4, "wickets": 1}, "1c5c3dce": {"runs": 1, "balls": 1, "wickets": 0}, "a9d788e3": {"runs": 1, "balls": 1, "wickets": 0}, "e6581a17": {"runs": 1, "balls": 3, "wickets": 1}, "f7b2cbe8": {"runs": 0, "balls": 1, "wickets": 1}, "2dde3e62": {"runs": 3, "balls": 2, "wickets": 0}}, "fifties": 0, "thirties": 0, "centuries": 0, "maidens": 7.0, "hattricks": 2, "club_ODI_previous3_runs": [], "club_ODI_previous3_wickets": [], "club_ODI_previous3_balls played": [], "club_ODI_previous3_overs": [], "club_ODI_previous3_runs gave": [], "club_ODI_lifetime_runs": 0.0, "club_ODI_lifetime_wickets": 0.0, "club_ODI_lifetime_balls played": 0.0, "club_ODI_lifetime_overs": 0.0, "club_ODI_lifetime_runs gave": 0.0, "club_Test_previous3_runs": [], "club_Test_previous3_wickets": [], "club_Test_previous3_balls played": [], "club_Test_previous3_overs": [], "club_Test_previous3_runs gave": [], "club_Test_lifetime_runs": 0.0, "club_Test_lifetime_wickets": 0.0, "club_Test_lifetime_balls played": 0.0, "club_Test_lifetime_overs": 0.0, "club_Test_lifetime_runs gave": 0.0, "club_T20_previous3_runs": [], "club_T20_previous3_wickets": [], "club_T20_previous3_balls played": [], "club_T20_previous3_overs": [], "club_T20_previous3_runs gave": [], "club_T20_lifetime_runs": 0.0, "club_T20_lifetime_wickets": 0.0, "club_T20_lifetime_balls played": 0.0, "club_T20_lifetime_overs": 0.0, "club_T20_lifetime_runs gave": 0.0, "international_ODI_previous3_runs": [1.0, 16.0, 3.0], "international_ODI_previous3_wickets": [1.0, 2.0, 1.0], "international_ODI_previous3_balls played": [4.0, 49.0, 13.0], "international_ODI_previous3_overs": [7.0, 10.0, 4.833333333333333], "international_ODI_previous3_runs gave": [11.0, 22.0, 21.0], "international_ODI_lifetime_runs": 34.0, "international_ODI_lifetime_wickets": 7.0, "international_ODI_lifetime_balls played": 86.0, "international_ODI_lifetime_overs": 40.833333333333336, "international_ODI_lifetime_runs gave": 167.0, "international_Test_previous3_runs": [], "international_Test_previous3_wickets": [], "international_Test_previous3_balls played": [], "international_Test_previous3_overs": [], "international_Test_previous3_runs gave": [], "international_Test_lifetime_runs": 0.0, "international_Test_lifetime_wickets": 0.0, "international_Test_lifetime_balls played": 0.0, "international_Test_lifetime_overs": 0.0, "international_Test_lifetime_runs gave": 0.0, "international_T20_previous3_runs": [0.0, 3.0, 0.0], "international_T20_previous3_wickets": [0.0, 1.0, 1.0], "international_T20_previous3_balls played": [0.0, 2.0, 1.0], "international_T20_previous3_overs": [2.0, 4.0, 4.0], "international_T20_previous3_runs gave": [4.0, 22.0, 30.0], "international_T20_lifetime_runs": 39.0, "international_T20_lifetime_wickets": 18.0, "international_T20_lifetime_balls played": 33.0, "international_T20_lifetime_overs": 42.5, "international_T20_lifetime_runs gave": 212.0}