{"played_against": {"753b5a2d": {"runs": 1, "balls": 2, "wickets": 0}, "49118dc7": {"runs": 0, "balls": 1, "wickets": 1}, "34b8b1b5": {"runs": 2, "balls": 4, "wickets": 0}, "6adabee6": {"runs": 15, "balls": 7, "wickets": 0}, "1a8f879b": {"runs": 0, "balls": 4, "wickets": 1}, "b858d6a7": {"runs": 0, "balls": 6, "wickets": 0}, "5cbeb83d": {"runs": 9, "balls": 14, "wickets": 0}, "c65e0275": {"runs": 12, "balls": 6, "wickets": 0}, "c39ee9e0": {"runs": 0, "balls": 1, "wickets": 0}, "72a7dcb5": {"runs": 12, "balls": 13, "wickets": 0}, "04f0d409": {"runs": 3, "balls": 8, "wickets": 1}}, "fifties": 0, "thirties": 0, "centuries": 0, "maidens": 1.0, "hattricks": 0, "club_ODI_previous3_runs": [], "club_ODI_previous3_wickets": [], "club_ODI_previous3_balls played": [], "club_ODI_previous3_overs": [], "club_ODI_previous3_runs gave": [], "club_ODI_lifetime_runs": 0.0, "club_ODI_lifetime_wickets": 0.0, "club_ODI_lifetime_balls played": 0.0, "club_ODI_lifetime_overs": 0.0, "club_ODI_lifetime_runs gave": 0.0, "club_Test_previous3_runs": [], "club_Test_previous3_wickets": [], "club_Test_previous3_balls played": [], "club_Test_previous3_overs": [], "club_Test_previous3_runs gave": [], "club_Test_lifetime_runs": 0.0, "club_Test_lifetime_wickets": 0.0, "club_Test_lifetime_balls played": 0.0, "club_Test_lifetime_overs": 0.0, "club_Test_lifetime_runs gave": 0.0, "club_T20_previous3_runs": [], "club_T20_previous3_wickets": [], "club_T20_previous3_balls played": [], "club_T20_previous3_overs": [], "club_T20_previous3_runs gave": [], "club_T20_lifetime_runs": 0.0, "club_T20_lifetime_wickets": 0.0, "club_T20_lifetime_balls played": 0.0, "club_T20_lifetime_overs": 0.0, "club_T20_lifetime_runs gave": 0.0, "international_ODI_previous3_runs": [21.0, 15.0], "international_ODI_previous3_wickets": [1.0, 1.0], "international_ODI_previous3_balls played": [28.0, 22.0], "international_ODI_previous3_overs": [7.0, 3.0], "international_ODI_previous3_runs gave": [17.0, 14.0], "international_ODI_lifetime_runs": 36.0, "international_ODI_lifetime_wickets": 2.0, "international_ODI_lifetime_balls played": 50.0, "international_ODI_lifetime_overs": 10.0, "international_ODI_lifetime_runs gave": 31.0, "international_Test_previous3_runs": [], "international_Test_previous3_wickets": [], "international_Test_previous3_balls played": [], "international_Test_previous3_overs": [], "international_Test_previous3_runs gave": [], "international_Test_lifetime_runs": 0.0, "international_Test_lifetime_wickets": 0.0, "international_Test_lifetime_balls played": 0.0, "international_Test_lifetime_overs": 0.0, "international_Test_lifetime_runs gave": 0.0, "international_T20_previous3_runs": [1.0, 17.0], "international_T20_previous3_wickets": [1.0, 2.0], "international_T20_previous3_balls played": [3.0, 15.0], "international_T20_previous3_overs": [4.0, 3.0], "international_T20_previous3_runs gave": [30.0, 20.0], "international_T20_lifetime_runs": 18.0, "international_T20_lifetime_wickets": 3.0, "international_T20_lifetime_balls played": 18.0, "international_T20_lifetime_overs": 7.0, "international_T20_lifetime_runs gave": 50.0}