{"played_against": {"ac8bca8d": {"runs": 1, "balls": 4, "wickets": 0}, "28aba384": {"runs": 6, "balls": 6, "wickets": 1}, "b4f73b44": {"runs": 18, "balls": 22, "wickets": 1}, "07248d8e": {"runs": 2, "balls": 9, "wickets": 2}, "5a50471c": {"runs": 27, "balls": 34, "wickets": 2}, "c34a15e6": {"runs": 2, "balls": 3, "wickets": 1}, "4ac6664d": {"runs": 0, "balls": 2, "wickets": 1}, "857de42e": {"runs": 0, "balls": 2, "wickets": 1}, "ad3940a5": {"runs": 3, "balls": 5, "wickets": 1}, "a6412417": {"runs": 10, "balls": 8, "wickets": 1}, "d8f20ba5": {"runs": 27, "balls": 12, "wickets": 0}, "397369e0": {"runs": 22, "balls": 34, "wickets": 0}, "940feccc": {"runs": 12, "balls": 5, "wickets": 1}, "0ab3c788": {"runs": 6, "balls": 4, "wickets": 0}, "b0dc5d0d": {"runs": 1, "balls": 1, "wickets": 0}, "efa8eae7": {"runs": 5, "balls": 3, "wickets": 1}, "037f2b86": {"runs": 5, "balls": 5, "wickets": 0}, "1b1c23bb": {"runs": 9, "balls": 10, "wickets": 1}, "50ee0500": {"runs": 7, "balls": 5, "wickets": 0}, "77b26349": {"runs": 8, "balls": 6, "wickets": 0}, "a259c414": {"runs": 8, "balls": 5, "wickets": 0}, "9f87d0f0": {"runs": 15, "balls": 8, "wickets": 0}, "31c56f40": {"runs": 10, "balls": 8, "wickets": 0}, "6c8904c8": {"runs": 7, "balls": 3, "wickets": 0}, "f8b50da3": {"runs": 4, "balls": 5, "wickets": 0}, "fdc6b34d": {"runs": 8, "balls": 8, "wickets": 1}, "cebc1351": {"runs": 10, "balls": 6, "wickets": 0}, "dd468f06": {"runs": 3, "balls": 2, "wickets": 0}, "2daa8e40": {"runs": 2, "balls": 6, "wickets": 1}, "72eada4c": {"runs": 12, "balls": 7, "wickets": 0}, "58acb320": {"runs": 9, "balls": 5, "wickets": 0}, "f6ddfe08": {"runs": 1, "balls": 3, "wickets": 2}, "47b32a5a": {"runs": 7, "balls": 11, "wickets": 2}, "4d35d0b3": {"runs": 5, "balls": 4, "wickets": 1}, "5fa7f030": {"runs": 16, "balls": 5, "wickets": 0}, "078f166f": {"runs": 10, "balls": 4, "wickets": 0}, "a031b75e": {"runs": 0, "balls": 1, "wickets": 0}, "a6ec88f4": {"runs": 2, "balls": 2, "wickets": 0}, "69f47625": {"runs": 27, "balls": 13, "wickets": 0}, "030a38e0": {"runs": 16, "balls": 7, "wickets": 0}, "a413b433": {"runs": 2, "balls": 3, "wickets": 0}, "d12ec7b3": {"runs": 21, "balls": 10, "wickets": 0}, "047d293e": {"runs": 2, "balls": 2, "wickets": 0}, "fa6e2cb3": {"runs": 6, "balls": 10, "wickets": 0}, "ffd5fcd8": {"runs": 3, "balls": 4, "wickets": 1}, "01341439": {"runs": 7, "balls": 10, "wickets": 0}, "595433d2": {"runs": 11, "balls": 10, "wickets": 1}, "0a10b268": {"runs": 14, "balls": 9, "wickets": 0}, "e21475a5": {"runs": 7, "balls": 4, "wickets": 1}, "2f145a4f": {"runs": 9, "balls": 10, "wickets": 0}, "aaa6e84c": {"runs": 27, "balls": 11, "wickets": 0}, "d9e5ecb4": {"runs": 6, "balls": 3, "wickets": 0}, "cf92d76b": {"runs": 11, "balls": 5, "wickets": 0}, "01c1b96c": {"runs": 2, "balls": 4, "wickets": 0}, "550373ea": {"runs": 9, "balls": 6, "wickets": 0}, "ac56b5a7": {"runs": 1, "balls": 2, "wickets": 0}, "a0fdf513": {"runs": 1, "balls": 1, "wickets": 0}, "5838cb64": {"runs": 2, "balls": 2, "wickets": 0}, "9414a81c": {"runs": 6, "balls": 7, "wickets": 0}, "a6dd06d6": {"runs": 6, "balls": 4, "wickets": 0}, "76bda023": {"runs": 1, "balls": 1, "wickets": 0}, "519b872a": {"runs": 0, "balls": 2, "wickets": 1}, "d6a9af83": {"runs": 2, "balls": 2, "wickets": 0}, "459a7b0a": {"runs": 2, "balls": 3, "wickets": 0}, "15f609ed": {"runs": 0, "balls": 1, "wickets": 1}, "f13d3eba": {"runs": 22, "balls": 15, "wickets": 0}, "11ff23e3": {"runs": 1, "balls": 1, "wickets": 0}, "00823a96": {"runs": 19, "balls": 8, "wickets": 0}, "fbd79b9b": {"runs": 3, "balls": 6, "wickets": 1}, "ea544967": {"runs": 3, "balls": 5, "wickets": 1}, "e69dbbef": {"runs": 2, "balls": 3, "wickets": 0}, "cefad9fd": {"runs": 10, "balls": 8, "wickets": 0}, "54719239": {"runs": 3, "balls": 3, "wickets": 0}, "e3a93585": {"runs": 3, "balls": 3, "wickets": 0}, "78fd864b": {"runs": 5, "balls": 5, "wickets": 1}, "aaf037b1": {"runs": 8, "balls": 8, "wickets": 0}, "558cdd64": {"runs": 2, "balls": 2, "wickets": 0}, "75820733": {"runs": 1, "balls": 11, "wickets": 0}, "d32cf49a": {"runs": 8, "balls": 6, "wickets": 0}, "321c980e": {"runs": 3, "balls": 4, "wickets": 0}, "a811cb83": {"runs": 7, "balls": 4, "wickets": 0}, "42d9dd09": {"runs": 7, "balls": 7, "wickets": 1}, "0d518f89": {"runs": 2, "balls": 2, "wickets": 0}, "63e3b6b3": {"runs": 6, "balls": 5, "wickets": 0}, "686362af": {"runs": 4, "balls": 6, "wickets": 1}, "cdb82f1c": {"runs": 1, "balls": 2, "wickets": 0}, "38b4583c": {"runs": 1, "balls": 5, "wickets": 0}, "b34e0c77": {"runs": 7, "balls": 3, "wickets": 0}, "f3a18a0c": {"runs": 2, "balls": 2, "wickets": 0}, "d2763568": {"runs": 0, "balls": 2, "wickets": 1}}, "fifties": 0, "thirties": 6, "centuries": 0, "maidens": 0.0, "hattricks": 0, "club_ODI_previous3_runs": [], "club_ODI_previous3_wickets": [], "club_ODI_previous3_balls played": [], "club_ODI_previous3_overs": [], "club_ODI_previous3_runs gave": [], "club_ODI_lifetime_runs": 0.0, "club_ODI_lifetime_wickets": 0.0, "club_ODI_lifetime_balls played": 0.0, "club_ODI_lifetime_overs": 0.0, "club_ODI_lifetime_runs gave": 0.0, "club_Test_previous3_runs": [], "club_Test_previous3_wickets": [], "club_Test_previous3_balls played": [], "club_Test_previous3_overs": [], "club_Test_previous3_runs gave": [], "club_Test_lifetime_runs": 0.0, "club_Test_lifetime_wickets": 0.0, "club_Test_lifetime_balls played": 0.0, "club_Test_lifetime_overs": 0.0, "club_Test_lifetime_runs gave": 0.0, "club_T20_previous3_runs": [44.0, 23.0, 4.0], "club_T20_previous3_wickets": [0.0, 0.0, 0.0], "club_T20_previous3_balls played": [29.0, 22.0, 6.0], "club_T20_previous3_overs": [0.0, 0.0, 0.0], "club_T20_previous3_runs gave": [0.0, 0.0, 0.0], "club_T20_lifetime_runs": 75.0, "club_T20_lifetime_wickets": 0.0, "club_T20_lifetime_balls played": 63.0, "club_T20_lifetime_overs": 0.0, "club_T20_lifetime_runs gave": 0.0, "international_ODI_previous3_runs": [47.0, 20.0, 0.0], "international_ODI_previous3_wickets": [0.0, 0.0, 0.0], "international_ODI_previous3_balls played": [67.0, 24.0, 3.0], "international_ODI_previous3_overs": [0.0, 0.0, 0.0], "international_ODI_previous3_runs gave": [0.0, 0.0, 0.0], "international_ODI_lifetime_runs": 80.0, "international_ODI_lifetime_wickets": 0.0, "international_ODI_lifetime_balls played": 109.0, "international_ODI_lifetime_overs": 0.0, "international_ODI_lifetime_runs gave": 0.0, "international_Test_previous3_runs": [], "international_Test_previous3_wickets": [], "international_Test_previous3_balls played": [], "international_Test_previous3_overs": [], "international_Test_previous3_runs gave": [], "international_Test_lifetime_runs": 0.0, "international_Test_lifetime_wickets": 0.0, "international_Test_lifetime_balls played": 0.0, "international_Test_lifetime_overs": 0.0, "international_Test_lifetime_runs gave": 0.0, "international_T20_previous3_runs": [26.0, 12.0, 11.0], "international_T20_previous3_wickets": [0.0, 0.0, 0.0], "international_T20_previous3_balls played": [33.0, 13.0, 14.0], "international_T20_previous3_overs": [0.0, 0.0, 0.0], "international_T20_previous3_runs gave": [0.0, 0.0, 0.0], "international_T20_lifetime_runs": 476.0, "international_T20_lifetime_wickets": 0.0, "international_T20_lifetime_balls played": 378.0, "international_T20_lifetime_overs": 0.0, "international_T20_lifetime_runs gave": 0.0}