{"played_against": {"74a578d0": {"runs": 5, "balls": 5, "wickets": 0}, "2e392afa": {"runs": 6, "balls": 3, "wickets": 1}, "1c5c3dce": {"runs": 6, "balls": 2, "wickets": 0}, "c556b9d2": {"runs": 1, "balls": 1, "wickets": 0}, "3239c8a9": {"runs": 0, "balls": 2, "wickets": 0}, "11a22126": {"runs": 3, "balls": 1, "wickets": 0}, "c4ecc42c": {"runs": 3, "balls": 6, "wickets": 0}, "c156cc1f": {"runs": 1, "balls": 7, "wickets": 0}, "26d041c4": {"runs": 5, "balls": 10, "wickets": 1}, "b8704508": {"runs": 2, "balls": 3, "wickets": 0}, "269cc4ff": {"runs": 0, "balls": 2, "wickets": 0}, "2b7609f1": {"runs": 5, "balls": 10, "wickets": 0}, "f33cfd25": {"runs": 6, "balls": 11, "wickets": 1}, "2bcbcac3": {"runs": 0, "balls": 5, "wickets": 0}, "45ca12a7": {"runs": 1, "balls": 3, "wickets": 0}, "8b7ce771": {"runs": 2, "balls": 1, "wickets": 0}, "e5117568": {"runs": 0, "balls": 1, "wickets": 1}, "21b67523": {"runs": 1, "balls": 2, "wickets": 1}, "eb4f9c61": {"runs": 5, "balls": 6, "wickets": 0}, "6e3f5a5c": {"runs": 1, "balls": 1, "wickets": 0}, "d1d83db3": {"runs": 4, "balls": 3, "wickets": 1}, "d816fc1c": {"runs": 1, "balls": 2, "wickets": 1}, "5c805a60": {"runs": 6, "balls": 3, "wickets": 0}, "f5be7b08": {"runs": 2, "balls": 2, "wickets": 0}, "95c2d309": {"runs": 7, "balls": 4, "wickets": 0}, "656fc15b": {"runs": 8, "balls": 3, "wickets": 0}}, "fifties": 0, "thirties": 0, "centuries": 0, "maidens": 4.0, "hattricks": 0, "club_ODI_previous3_runs": [], "club_ODI_previous3_wickets": [], "club_ODI_previous3_balls played": [], "club_ODI_previous3_overs": [], "club_ODI_previous3_runs gave": [], "club_ODI_lifetime_runs": 0.0, "club_ODI_lifetime_wickets": 0.0, "club_ODI_lifetime_balls played": 0.0, "club_ODI_lifetime_overs": 0.0, "club_ODI_lifetime_runs gave": 0.0, "club_Test_previous3_runs": [], "club_Test_previous3_wickets": [], "club_Test_previous3_balls played": [], "club_Test_previous3_overs": [], "club_Test_previous3_runs gave": [], "club_Test_lifetime_runs": 0.0, "club_Test_lifetime_wickets": 0.0, "club_Test_lifetime_balls played": 0.0, "club_Test_lifetime_overs": 0.0, "club_Test_lifetime_runs gave": 0.0, "club_T20_previous3_runs": [], "club_T20_previous3_wickets": [], "club_T20_previous3_balls played": [], "club_T20_previous3_overs": [], "club_T20_previous3_runs gave": [], "club_T20_lifetime_runs": 0.0, "club_T20_lifetime_wickets": 0.0, "club_T20_lifetime_balls played": 0.0, "club_T20_lifetime_overs": 0.0, "club_T20_lifetime_runs gave": 0.0, "international_ODI_previous3_runs": [], "international_ODI_previous3_wickets": [], "international_ODI_previous3_balls played": [], "international_ODI_previous3_overs": [], "international_ODI_previous3_runs gave": [], "international_ODI_lifetime_runs": 0.0, "international_ODI_lifetime_wickets": 0.0, "international_ODI_lifetime_balls played": 0.0, "international_ODI_lifetime_overs": 0.0, "international_ODI_lifetime_runs gave": 0.0, "international_Test_previous3_runs": [], "international_Test_previous3_wickets": [], "international_Test_previous3_balls played": [], "international_Test_previous3_overs": [], "international_Test_previous3_runs gave": [], "international_Test_lifetime_runs": 0.0, "international_Test_lifetime_wickets": 0.0, "international_Test_lifetime_balls played": 0.0, "international_Test_lifetime_overs": 0.0, "international_Test_lifetime_runs gave": 0.0, "international_T20_previous3_runs": [10.0, 7.0, 17.0], "international_T20_previous3_wickets": [2.0, 2.0, 1.0], "international_T20_previous3_balls played": [7.0, 5.0, 9.0], "international_T20_previous3_overs": [4.0, 4.0, 4.0], "international_T20_previous3_runs gave": [48.0, 15.0, 9.0], "international_T20_lifetime_runs": 81.0, "international_T20_lifetime_wickets": 17.0, "international_T20_lifetime_balls played": 100.0, "international_T20_lifetime_overs": 100.5, "international_T20_lifetime_runs gave": 544.0}