{"played_against": {"4ba44e19": {"runs": 22, "balls": 87, "wickets": 3}, "a12e1d51": {"runs": 24, "balls": 69, "wickets": 2}, "bcce309e": {"runs": 2, "balls": 9, "wickets": 1}, "342d8ade": {"runs": 9, "balls": 36, "wickets": 4}, "ab89348d": {"runs": 5, "balls": 3, "wickets": 0}, "4fc516bd": {"runs": 0, "balls": 5, "wickets": 1}, "a3bfec5d": {"runs": 7, "balls": 13, "wickets": 0}, "60dac349": {"runs": 2, "balls": 2, "wickets": 0}, "bb18be76": {"runs": 1, "balls": 8, "wickets": 0}, "f708a0bc": {"runs": 2, "balls": 5, "wickets": 0}, "51de2a80": {"runs": 1, "balls": 1, "wickets": 0}, "49691d7a": {"runs": 0, "balls": 2, "wickets": 1}, "f771a151": {"runs": 5, "balls": 2, "wickets": 0}, "c942a53b": {"runs": 0, "balls": 2, "wickets": 0}, "5d096f3d": {"runs": 0, "balls": 14, "wickets": 0}, "c3d1402f": {"runs": 13, "balls": 17, "wickets": 0}, "91a4a398": {"runs": 38, "balls": 42, "wickets": 0}, "d2c2b2d5": {"runs": 2, "balls": 6, "wickets": 1}, "034b4b7d": {"runs": 0, "balls": 6, "wickets": 0}, "f233bbb4": {"runs": 5, "balls": 10, "wickets": 0}, "5bdcdb72": {"runs": 6, "balls": 14, "wickets": 1}, "d7c6af50": {"runs": 2, "balls": 30, "wickets": 0}, "7fb32e5b": {"runs": 2, "balls": 10, "wickets": 0}, "3eac9d95": {"runs": 1, "balls": 5, "wickets": 2}, "05e0fab5": {"runs": 13, "balls": 32, "wickets": 1}, "78f34e15": {"runs": 4, "balls": 13, "wickets": 3}, "5bb5a915": {"runs": 17, "balls": 17, "wickets": 0}, "86dc8f2e": {"runs": 14, "balls": 22, "wickets": 1}, "20a941bb": {"runs": 5, "balls": 6, "wickets": 0}, "8fd1a8f5": {"runs": 14, "balls": 29, "wickets": 2}, "26ff4c29": {"runs": 22, "balls": 32, "wickets": 1}, "2503e881": {"runs": 0, "balls": 1, "wickets": 0}, "e03b66ec": {"runs": 8, "balls": 5, "wickets": 0}, "64c34cd0": {"runs": 0, "balls": 6, "wickets": 0}, "16dfcc19": {"runs": 12, "balls": 14, "wickets": 0}, "9018bf65": {"runs": 0, "balls": 1, "wickets": 1}, "05d74535": {"runs": 14, "balls": 39, "wickets": 0}, "43b375d4": {"runs": 0, "balls": 4, "wickets": 0}, "d0513f63": {"runs": 0, "balls": 4, "wickets": 1}, "f5180fe6": {"runs": 0, "balls": 2, "wickets": 0}, "9c1ccdea": {"runs": 4, "balls": 3, "wickets": 0}, "fd093ca9": {"runs": 9, "balls": 13, "wickets": 0}, "9b75e4f1": {"runs": 0, "balls": 1, "wickets": 1}, "ea0cdc12": {"runs": 2, "balls": 18, "wickets": 0}, "db767b89": {"runs": 20, "balls": 25, "wickets": 0}, "ea3ffd1b": {"runs": 1, "balls": 5, "wickets": 0}, "e0557f7f": {"runs": 0, "balls": 6, "wickets": 0}, "578bb280": {"runs": 12, "balls": 13, "wickets": 1}, "78eb4223": {"runs": 1, "balls": 12, "wickets": 1}, "c03c6200": {"runs": 2, "balls": 14, "wickets": 0}, "6b19d823": {"runs": 20, "balls": 30, "wickets": 2}, "1c914163": {"runs": 3, "balls": 5, "wickets": 0}, "5bb1a1c4": {"runs": 13, "balls": 25, "wickets": 0}, "8b5b6769": {"runs": 6, "balls": 17, "wickets": 1}, "6c6591ab": {"runs": 19, "balls": 27, "wickets": 0}, "5673a3fc": {"runs": 1, "balls": 1, "wickets": 0}, "b68a30f0": {"runs": 15, "balls": 4, "wickets": 0}, "43936951": {"runs": 6, "balls": 5, "wickets": 0}, "13c35c9e": {"runs": 4, "balls": 10, "wickets": 0}, "de3acffe": {"runs": 1, "balls": 2, "wickets": 0}, "f5821615": {"runs": 16, "balls": 16, "wickets": 0}, "221ad9d9": {"runs": 7, "balls": 21, "wickets": 0}, "58043739": {"runs": 8, "balls": 23, "wickets": 2}, "eba6a852": {"runs": 9, "balls": 15, "wickets": 0}, "ccdd8308": {"runs": 18, "balls": 12, "wickets": 1}, "d12143bf": {"runs": 8, "balls": 11, "wickets": 1}, "7a80ddf2": {"runs": 5, "balls": 24, "wickets": 1}, "f846de6a": {"runs": 2, "balls": 13, "wickets": 0}, "a7c226e1": {"runs": 5, "balls": 5, "wickets": 0}, "5441db8c": {"runs": 6, "balls": 11, "wickets": 1}, "d094e7d1": {"runs": 21, "balls": 33, "wickets": 2}, "d68e7f48": {"runs": 4, "balls": 3, "wickets": 1}, "9d430b40": {"runs": 11, "balls": 17, "wickets": 1}, "78dfe704": {"runs": 1, "balls": 4, "wickets": 0}, "8eb611d0": {"runs": 1, "balls": 2, "wickets": 0}, "5b3acc53": {"runs": 6, "balls": 3, "wickets": 0}, "d2fcce2f": {"runs": 7, "balls": 4, "wickets": 0}, "8f7a598f": {"runs": 1, "balls": 3, "wickets": 1}, "3b417422": {"runs": 6, "balls": 8, "wickets": 1}, "d2babdd5": {"runs": 5, "balls": 11, "wickets": 0}, "ec4dada1": {"runs": 4, "balls": 22, "wickets": 0}, "dd468277": {"runs": 7, "balls": 33, "wickets": 1}, "5bbabe59": {"runs": 10, "balls": 10, "wickets": 1}, "b3a28446": {"runs": 1, "balls": 1, "wickets": 0}}, "fifties": 0, "thirties": 7, "centuries": 0, "maidens": 83.0, "hattricks": 11, "club_ODI_previous3_runs": [], "club_ODI_previous3_wickets": [], "club_ODI_previous3_balls played": [], "club_ODI_previous3_overs": [], "club_ODI_previous3_runs gave": [], "club_ODI_lifetime_runs": 0.0, "club_ODI_lifetime_wickets": 0.0, "club_ODI_lifetime_balls played": 0.0, "club_ODI_lifetime_overs": 0.0, "club_ODI_lifetime_runs gave": 0.0, "club_Test_previous3_runs": [], "club_Test_previous3_wickets": [], "club_Test_previous3_balls played": [], "club_Test_previous3_overs": [], "club_Test_previous3_runs gave": [], "club_Test_lifetime_runs": 0.0, "club_Test_lifetime_wickets": 0.0, "club_Test_lifetime_balls played": 0.0, "club_Test_lifetime_overs": 0.0, "club_Test_lifetime_runs gave": 0.0, "club_T20_previous3_runs": [0.0, 0.0, 1.0], "club_T20_previous3_wickets": [0.0, 0.0, 0.0], "club_T20_previous3_balls played": [0.0, 0.0, 1.0], "club_T20_previous3_overs": [3.8333333333333335, 2.0, 1.0], "club_T20_previous3_runs gave": [44.0, 16.0, 12.0], "club_T20_lifetime_runs": 8.0, "club_T20_lifetime_wickets": 1.0, "club_T20_lifetime_balls played": 6.0, "club_T20_lifetime_overs": 16.833333333333336, "club_T20_lifetime_runs gave": 176.0, "international_ODI_previous3_runs": [0.0, 0.0, 0.0], "international_ODI_previous3_wickets": [1.0, 0.0, 1.0], "international_ODI_previous3_balls played": [0.0, 1.0, 0.0], "international_ODI_previous3_overs": [8.0, 9.0, 10.0], "international_ODI_previous3_runs gave": [51.0, 63.0, 72.0], "international_ODI_lifetime_runs": 60.0, "international_ODI_lifetime_wickets": 25.0, "international_ODI_lifetime_balls played": 112.0, "international_ODI_lifetime_overs": 248.16666666666669, "international_ODI_lifetime_runs gave": 1595.0, "international_Test_previous3_runs": [11.0, 21.0, 0.0], "international_Test_previous3_wickets": [2.0, 0.0, 0.0], "international_Test_previous3_balls played": [19.0, 66.0, 0.0], "international_Test_previous3_overs": [21.833333333333336, 10.833333333333334, 0.0], "international_Test_previous3_runs gave": [71.0, 26.0, 0.0], "international_Test_lifetime_runs": 507.0, "international_Test_lifetime_wickets": 57.0, "international_Test_lifetime_balls played": 1049.0, "international_Test_lifetime_overs": 796.666666666667, "international_Test_lifetime_runs gave": 3396.0, "international_T20_previous3_runs": [0.0, 1.0, 0.0], "international_T20_previous3_wickets": [1.0, 0.0, 0.0], "international_T20_previous3_balls played": [0.0, 3.0, 0.0], "international_T20_previous3_overs": [3.0, 3.0, 4.0], "international_T20_previous3_runs gave": [31.0, 28.0, 54.0], "international_T20_lifetime_runs": 5.0, "international_T20_lifetime_wickets": 2.0, "international_T20_lifetime_balls played": 8.0, "international_T20_lifetime_overs": 16.0, "international_T20_lifetime_runs gave": 181.0}