{"played_against": {"cd62f670": {"runs": 32, "balls": 42, "wickets": 2}, "7b1f2542": {"runs": 3, "balls": 6, "wickets": 1}, "8ae7bb3e": {"runs": 9, "balls": 11, "wickets": 1}, "5b77e287": {"runs": 1, "balls": 2, "wickets": 0}, "7306c48d": {"runs": 73, "balls": 51, "wickets": 0}, "2044b61e": {"runs": 10, "balls": 7, "wickets": 0}, "e7f06080": {"runs": 21, "balls": 29, "wickets": 1}, "091a7550": {"runs": 31, "balls": 29, "wickets": 1}, "c6625a26": {"runs": 11, "balls": 18, "wickets": 0}, "d23c808d": {"runs": 4, "balls": 3, "wickets": 1}, "67f0ef88": {"runs": 16, "balls": 16, "wickets": 0}, "67045de6": {"runs": 34, "balls": 24, "wickets": 1}, "184512d1": {"runs": 19, "balls": 15, "wickets": 0}, "8f30d191": {"runs": 6, "balls": 9, "wickets": 1}, "a156f06e": {"runs": 6, "balls": 12, "wickets": 1}, "340202b0": {"runs": 34, "balls": 46, "wickets": 3}, "35828bdd": {"runs": 9, "balls": 10, "wickets": 1}, "b34e0c77": {"runs": 1, "balls": 3, "wickets": 0}, "99812d10": {"runs": 2, "balls": 7, "wickets": 0}, "d2763568": {"runs": 1, "balls": 2, "wickets": 1}, "f05167d2": {"runs": 2, "balls": 1, "wickets": 0}, "13c19f32": {"runs": 11, "balls": 12, "wickets": 0}, "b5c83d22": {"runs": 23, "balls": 30, "wickets": 0}, "fb192f98": {"runs": 9, "balls": 11, "wickets": 0}, "907c51ab": {"runs": 1, "balls": 2, "wickets": 0}, "00823a96": {"runs": 3, "balls": 11, "wickets": 1}, "b4e026de": {"runs": 38, "balls": 42, "wickets": 1}, "f285b7ff": {"runs": 17, "balls": 17, "wickets": 0}, "e893fef7": {"runs": 11, "balls": 19, "wickets": 1}, "f13d3eba": {"runs": 26, "balls": 43, "wickets": 2}, "78fd864b": {"runs": 7, "balls": 14, "wickets": 0}, "e5b17517": {"runs": 2, "balls": 2, "wickets": 0}, "d12c8445": {"runs": 2, "balls": 3, "wickets": 0}, "910dd54e": {"runs": 11, "balls": 17, "wickets": 2}, "c64b7c5b": {"runs": 11, "balls": 14, "wickets": 0}, "2f485713": {"runs": 30, "balls": 44, "wickets": 0}, "507acf2e": {"runs": 9, "balls": 16, "wickets": 0}, "e3a93585": {"runs": 14, "balls": 25, "wickets": 2}, "54719239": {"runs": 5, "balls": 16, "wickets": 0}, "24596e4d": {"runs": 14, "balls": 24, "wickets": 0}, "d6a9af83": {"runs": 26, "balls": 45, "wickets": 0}, "c9366237": {"runs": 9, "balls": 34, "wickets": 2}, "459a7b0a": {"runs": 28, "balls": 30, "wickets": 0}, "58717de2": {"runs": 8, "balls": 22, "wickets": 2}, "b3ccffff": {"runs": 14, "balls": 18, "wickets": 0}, "9c515112": {"runs": 9, "balls": 9, "wickets": 0}, "ab6573dc": {"runs": 16, "balls": 17, "wickets": 0}, "8a452195": {"runs": 2, "balls": 4, "wickets": 0}, "68ac12a0": {"runs": 8, "balls": 8, "wickets": 0}, "f7b74efa": {"runs": 8, "balls": 14, "wickets": 0}, "7442f8dd": {"runs": 6, "balls": 13, "wickets": 1}, "c1f3ae44": {"runs": 0, "balls": 1, "wickets": 1}, "df9cdebf": {"runs": 8, "balls": 21, "wickets": 0}, "15f609ed": {"runs": 6, "balls": 11, "wickets": 1}, "588360ee": {"runs": 3, "balls": 13, "wickets": 0}, "ea544967": {"runs": 13, "balls": 40, "wickets": 0}, "a0a65375": {"runs": 13, "balls": 6, "wickets": 0}, "026135b1": {"runs": 5, "balls": 3, "wickets": 0}, "4d4605e6": {"runs": 4, "balls": 3, "wickets": 0}, "9da0d1e5": {"runs": 13, "balls": 13, "wickets": 1}, "287ed3a0": {"runs": 1, "balls": 4, "wickets": 0}, "fbd79b9b": {"runs": 18, "balls": 24, "wickets": 1}, "ebf683f9": {"runs": 15, "balls": 18, "wickets": 0}, "78bec461": {"runs": 3, "balls": 12, "wickets": 0}, "014cfac4": {"runs": 3, "balls": 8, "wickets": 0}, "0c694738": {"runs": 1, "balls": 10, "wickets": 1}, "2479daa6": {"runs": 16, "balls": 24, "wickets": 1}, "f61e2829": {"runs": 1, "balls": 1, "wickets": 0}, "cf9338c9": {"runs": 13, "balls": 12, "wickets": 1}, "c296dba1": {"runs": 4, "balls": 7, "wickets": 0}, "e69dbbef": {"runs": 11, "balls": 10, "wickets": 2}, "af8c3a85": {"runs": 1, "balls": 2, "wickets": 0}, "53e25aa3": {"runs": 4, "balls": 8, "wickets": 1}, "1ade138e": {"runs": 13, "balls": 9, "wickets": 0}, "cdb82f1c": {"runs": 2, "balls": 7, "wickets": 1}, "9049ab63": {"runs": 8, "balls": 6, "wickets": 1}, "cefad9fd": {"runs": 9, "balls": 9, "wickets": 0}, "370a88ac": {"runs": 1, "balls": 1, "wickets": 0}, "d7ff1adc": {"runs": 1, "balls": 2, "wickets": 0}, "11ff23e3": {"runs": 2, "balls": 3, "wickets": 0}, "907e5f6c": {"runs": 0, "balls": 4, "wickets": 1}, "92b94582": {"runs": 0, "balls": 1, "wickets": 1}}, "fifties": 0, "thirties": 10, "centuries": 0, "maidens": 4.0, "hattricks": 0, "club_ODI_previous3_runs": [10.0, 17.0, 0.0], "club_ODI_previous3_wickets": [1.0, 0.0, 0.0], "club_ODI_previous3_balls played": [11.0, 24.0, 0.0], "club_ODI_previous3_overs": [3.0, 2.0, 3.0], "club_ODI_previous3_runs gave": [29.0, 15.0, 33.0], "club_ODI_lifetime_runs": 694.0, "club_ODI_lifetime_wickets": 23.0, "club_ODI_lifetime_balls played": 1025.0, "club_ODI_lifetime_overs": 171.33333333333331, "club_ODI_lifetime_runs gave": 1061.0, "club_Test_previous3_runs": [], "club_Test_previous3_wickets": [], "club_Test_previous3_balls played": [], "club_Test_previous3_overs": [], "club_Test_previous3_runs gave": [], "club_Test_lifetime_runs": 0.0, "club_Test_lifetime_wickets": 0.0, "club_Test_lifetime_balls played": 0.0, "club_Test_lifetime_overs": 0.0, "club_Test_lifetime_runs gave": 0.0, "club_T20_previous3_runs": [3.0, 4.0, 8.0], "club_T20_previous3_wickets": [0.0, 0.0, 0.0], "club_T20_previous3_balls played": [4.0, 5.0, 15.0], "club_T20_previous3_overs": [2.0, 0.0, 0.0], "club_T20_previous3_runs gave": [28.0, 0.0, 0.0], "club_T20_lifetime_runs": 201.0, "club_T20_lifetime_wickets": 13.0, "club_T20_lifetime_balls played": 200.0, "club_T20_lifetime_overs": 73.13333333333333, "club_T20_lifetime_runs gave": 560.0, "international_ODI_previous3_runs": [], "international_ODI_previous3_wickets": [], "international_ODI_previous3_balls played": [], "international_ODI_previous3_overs": [], "international_ODI_previous3_runs gave": [], "international_ODI_lifetime_runs": 0.0, "international_ODI_lifetime_wickets": 0.0, "international_ODI_lifetime_balls played": 0.0, "international_ODI_lifetime_overs": 0.0, "international_ODI_lifetime_runs gave": 0.0, "international_Test_previous3_runs": [], "international_Test_previous3_wickets": [], "international_Test_previous3_balls played": [], "international_Test_previous3_overs": [], "international_Test_previous3_runs gave": [], "international_Test_lifetime_runs": 0.0, "international_Test_lifetime_wickets": 0.0, "international_Test_lifetime_balls played": 0.0, "international_Test_lifetime_overs": 0.0, "international_Test_lifetime_runs gave": 0.0, "international_T20_previous3_runs": [], "international_T20_previous3_wickets": [], "international_T20_previous3_balls played": [], "international_T20_previous3_overs": [], "international_T20_previous3_runs gave": [], "international_T20_lifetime_runs": 0.0, "international_T20_lifetime_wickets": 0.0, "international_T20_lifetime_balls played": 0.0, "international_T20_lifetime_overs": 0.0, "international_T20_lifetime_runs gave": 0.0}