{"played_against": {"9adb9f71": {"runs": 9, "balls": 10, "wickets": 0}, "08deefa3": {"runs": 2, "balls": 5, "wickets": 0}, "ea6ec2d9": {"runs": 0, "balls": 4, "wickets": 1}, "1911dcbc": {"runs": 5, "balls": 8, "wickets": 1}, "d953bf92": {"runs": 5, "balls": 3, "wickets": 0}, "0d38ab25": {"runs": 4, "balls": 8, "wickets": 0}, "8c3cbee9": {"runs": 15, "balls": 17, "wickets": 0}, "cda3625c": {"runs": 14, "balls": 13, "wickets": 1}, "5597338d": {"runs": 18, "balls": 16, "wickets": 0}, "3ed39f01": {"runs": 9, "balls": 7, "wickets": 0}, "927b34c9": {"runs": 12, "balls": 9, "wickets": 0}, "84624717": {"runs": 16, "balls": 12, "wickets": 1}, "dcc76384": {"runs": 1, "balls": 1, "wickets": 0}, "b4c52f5f": {"runs": 8, "balls": 6, "wickets": 0}, "5a8dc41e": {"runs": 3, "balls": 6, "wickets": 0}, "57c95c3c": {"runs": 1, "balls": 1, "wickets": 0}, "f6411545": {"runs": 1, "balls": 2, "wickets": 1}, "5470418a": {"runs": 2, "balls": 3, "wickets": 0}}, "fifties": 0, "thirties": 1, "centuries": 0, "maidens": 0.0, "hattricks": 0, "club_ODI_previous3_runs": [], "club_ODI_previous3_wickets": [], "club_ODI_previous3_balls played": [], "club_ODI_previous3_overs": [], "club_ODI_previous3_runs gave": [], "club_ODI_lifetime_runs": 0.0, "club_ODI_lifetime_wickets": 0.0, "club_ODI_lifetime_balls played": 0.0, "club_ODI_lifetime_overs": 0.0, "club_ODI_lifetime_runs gave": 0.0, "club_Test_previous3_runs": [], "club_Test_previous3_wickets": [], "club_Test_previous3_balls played": [], "club_Test_previous3_overs": [], "club_Test_previous3_runs gave": [], "club_Test_lifetime_runs": 0.0, "club_Test_lifetime_wickets": 0.0, "club_Test_lifetime_balls played": 0.0, "club_Test_lifetime_overs": 0.0, "club_Test_lifetime_runs gave": 0.0, "club_T20_previous3_runs": [], "club_T20_previous3_wickets": [], "club_T20_previous3_balls played": [], "club_T20_previous3_overs": [], "club_T20_previous3_runs gave": [], "club_T20_lifetime_runs": 0.0, "club_T20_lifetime_wickets": 0.0, "club_T20_lifetime_balls played": 0.0, "club_T20_lifetime_overs": 0.0, "club_T20_lifetime_runs gave": 0.0, "international_ODI_previous3_runs": [], "international_ODI_previous3_wickets": [], "international_ODI_previous3_balls played": [], "international_ODI_previous3_overs": [], "international_ODI_previous3_runs gave": [], "international_ODI_lifetime_runs": 0.0, "international_ODI_lifetime_wickets": 0.0, "international_ODI_lifetime_balls played": 0.0, "international_ODI_lifetime_overs": 0.0, "international_ODI_lifetime_runs gave": 0.0, "international_Test_previous3_runs": [], "international_Test_previous3_wickets": [], "international_Test_previous3_balls played": [], "international_Test_previous3_overs": [], "international_Test_previous3_runs gave": [], "international_Test_lifetime_runs": 0.0, "international_Test_lifetime_wickets": 0.0, "international_Test_lifetime_balls played": 0.0, "international_Test_lifetime_overs": 0.0, "international_Test_lifetime_runs gave": 0.0, "international_T20_previous3_runs": [11.0, 14.0, 9.0], "international_T20_previous3_wickets": [0.0, 0.0, 0.0], "international_T20_previous3_balls played": [12.0, 17.0, 14.0], "international_T20_previous3_overs": [0.0, 0.0, 0.0], "international_T20_previous3_runs gave": [0.0, 0.0, 0.0], "international_T20_lifetime_runs": 125.0, "international_T20_lifetime_wickets": 5.0, "international_T20_lifetime_balls played": 134.0, "international_T20_lifetime_overs": 13.000000000000002, "international_T20_lifetime_runs gave": 75.0}