{"played_against": {"588360ee": {"runs": 2, "balls": 10, "wickets": 1}, "c6625a26": {"runs": 5, "balls": 13, "wickets": 0}, "c64b7c5b": {"runs": 2, "balls": 10, "wickets": 1}, "3a9e9cb2": {"runs": 5, "balls": 9, "wickets": 0}, "3a9b3866": {"runs": 0, "balls": 3, "wickets": 1}, "7b1f2542": {"runs": 1, "balls": 2, "wickets": 0}, "8ae7bb3e": {"runs": 0, "balls": 3, "wickets": 1}, "c7bf22fa": {"runs": 4, "balls": 5, "wickets": 0}, "910dd54e": {"runs": 3, "balls": 3, "wickets": 0}, "15f609ed": {"runs": 2, "balls": 3, "wickets": 0}, "f7b74efa": {"runs": 4, "balls": 10, "wickets": 0}, "cdb82f1c": {"runs": 1, "balls": 5, "wickets": 0}, "02181d9a": {"runs": 0, "balls": 1, "wickets": 0}, "1ade138e": {"runs": 1, "balls": 1, "wickets": 0}, "d2763568": {"runs": 1, "balls": 3, "wickets": 1}, "b4e026de": {"runs": 1, "balls": 4, "wickets": 0}, "f13d3eba": {"runs": 1, "balls": 5, "wickets": 0}, "fbd79b9b": {"runs": 5, "balls": 9, "wickets": 0}, "00823a96": {"runs": 2, "balls": 4, "wickets": 0}, "bfa0fa33": {"runs": 1, "balls": 1, "wickets": 0}, "b34e0c77": {"runs": 0, "balls": 4, "wickets": 1}}, "fifties": 0, "thirties": 0, "centuries": 0, "maidens": 2.0, "hattricks": 3, "club_ODI_previous3_runs": [1.0, 9.0, 1.0], "club_ODI_previous3_wickets": [0.0, 1.0, 0.0], "club_ODI_previous3_balls played": [3.0, 22.0, 5.0], "club_ODI_previous3_overs": [8.0, 7.0, 1.8333333333333335], "club_ODI_previous3_runs gave": [60.0, 37.0, 29.0], "club_ODI_lifetime_runs": 40.0, "club_ODI_lifetime_wickets": 12.0, "club_ODI_lifetime_balls played": 106.0, "club_ODI_lifetime_overs": 64.66666666666667, "club_ODI_lifetime_runs gave": 375.0, "club_Test_previous3_runs": [], "club_Test_previous3_wickets": [], "club_Test_previous3_balls played": [], "club_Test_previous3_overs": [], "club_Test_previous3_runs gave": [], "club_Test_lifetime_runs": 0.0, "club_Test_lifetime_wickets": 0.0, "club_Test_lifetime_balls played": 0.0, "club_Test_lifetime_overs": 0.0, "club_Test_lifetime_runs gave": 0.0, "club_T20_previous3_runs": [0.0, 1.0, 0.0], "club_T20_previous3_wickets": [0.0, 0.0, 1.0], "club_T20_previous3_balls played": [0.0, 2.0, 0.0], "club_T20_previous3_overs": [2.0, 3.0, 4.0], "club_T20_previous3_runs gave": [20.0, 29.0, 40.0], "club_T20_lifetime_runs": 1.0, "club_T20_lifetime_wickets": 3.0, "club_T20_lifetime_balls played": 2.0, "club_T20_lifetime_overs": 13.0, "club_T20_lifetime_runs gave": 119.0, "international_ODI_previous3_runs": [], "international_ODI_previous3_wickets": [], "international_ODI_previous3_balls played": [], "international_ODI_previous3_overs": [], "international_ODI_previous3_runs gave": [], "international_ODI_lifetime_runs": 0.0, "international_ODI_lifetime_wickets": 0.0, "international_ODI_lifetime_balls played": 0.0, "international_ODI_lifetime_overs": 0.0, "international_ODI_lifetime_runs gave": 0.0, "international_Test_previous3_runs": [], "international_Test_previous3_wickets": [], "international_Test_previous3_balls played": [], "international_Test_previous3_overs": [], "international_Test_previous3_runs gave": [], "international_Test_lifetime_runs": 0.0, "international_Test_lifetime_wickets": 0.0, "international_Test_lifetime_balls played": 0.0, "international_Test_lifetime_overs": 0.0, "international_Test_lifetime_runs gave": 0.0, "international_T20_previous3_runs": [], "international_T20_previous3_wickets": [], "international_T20_previous3_balls played": [], "international_T20_previous3_overs": [], "international_T20_previous3_runs gave": [], "international_T20_lifetime_runs": 0.0, "international_T20_lifetime_wickets": 0.0, "international_T20_lifetime_balls played": 0.0, "international_T20_lifetime_overs": 0.0, "international_T20_lifetime_runs gave": 0.0}