{"played_against": {"d99cc23a": {"runs": 4, "balls": 3, "wickets": 0}, "abbdca1a": {"runs": 1, "balls": 4, "wickets": 0}, "0dbe27b8": {"runs": 1, "balls": 4, "wickets": 0}, "05c2ca46": {"runs": 0, "balls": 2, "wickets": 1}, "f43dd8c2": {"runs": 0, "balls": 1, "wickets": 1}, "f7b2cbe8": {"runs": 1, "balls": 3, "wickets": 0}, "e85d03d6": {"runs": 1, "balls": 2, "wickets": 1}, "053f3ce3": {"runs": 1, "balls": 3, "wickets": 1}, "9ccb6e52": {"runs": 21, "balls": 10, "wickets": 0}, "090f96e4": {"runs": 6, "balls": 8, "wickets": 0}, "f99a219a": {"runs": 15, "balls": 8, "wickets": 0}, "8088632c": {"runs": 5, "balls": 3, "wickets": 0}, "1f3b9f8d": {"runs": 3, "balls": 3, "wickets": 0}, "ba57fb08": {"runs": 3, "balls": 2, "wickets": 0}, "bfc7799f": {"runs": 14, "balls": 6, "wickets": 1}, "baf3cf01": {"runs": 0, "balls": 1, "wickets": 0}, "681f522f": {"runs": 1, "balls": 4, "wickets": 1}, "45a34a2d": {"runs": 2, "balls": 4, "wickets": 0}, "c4ecc42c": {"runs": 3, "balls": 3, "wickets": 0}, "a9d788e3": {"runs": 13, "balls": 6, "wickets": 0}, "71fa64d6": {"runs": 2, "balls": 8, "wickets": 2}}, "fifties": 0, "thirties": 1, "centuries": 0, "maidens": 0.0, "hattricks": 0, "club_ODI_previous3_runs": [], "club_ODI_previous3_wickets": [], "club_ODI_previous3_balls played": [], "club_ODI_previous3_overs": [], "club_ODI_previous3_runs gave": [], "club_ODI_lifetime_runs": 0.0, "club_ODI_lifetime_wickets": 0.0, "club_ODI_lifetime_balls played": 0.0, "club_ODI_lifetime_overs": 0.0, "club_ODI_lifetime_runs gave": 0.0, "club_Test_previous3_runs": [], "club_Test_previous3_wickets": [], "club_Test_previous3_balls played": [], "club_Test_previous3_overs": [], "club_Test_previous3_runs gave": [], "club_Test_lifetime_runs": 0.0, "club_Test_lifetime_wickets": 0.0, "club_Test_lifetime_balls played": 0.0, "club_Test_lifetime_overs": 0.0, "club_Test_lifetime_runs gave": 0.0, "club_T20_previous3_runs": [], "club_T20_previous3_wickets": [], "club_T20_previous3_balls played": [], "club_T20_previous3_overs": [], "club_T20_previous3_runs gave": [], "club_T20_lifetime_runs": 0.0, "club_T20_lifetime_wickets": 0.0, "club_T20_lifetime_balls played": 0.0, "club_T20_lifetime_overs": 0.0, "club_T20_lifetime_runs gave": 0.0, "international_ODI_previous3_runs": [], "international_ODI_previous3_wickets": [], "international_ODI_previous3_balls played": [], "international_ODI_previous3_overs": [], "international_ODI_previous3_runs gave": [], "international_ODI_lifetime_runs": 0.0, "international_ODI_lifetime_wickets": 0.0, "international_ODI_lifetime_balls played": 0.0, "international_ODI_lifetime_overs": 0.0, "international_ODI_lifetime_runs gave": 0.0, "international_Test_previous3_runs": [], "international_Test_previous3_wickets": [], "international_Test_previous3_balls played": [], "international_Test_previous3_overs": [], "international_Test_previous3_runs gave": [], "international_Test_lifetime_runs": 0.0, "international_Test_lifetime_wickets": 0.0, "international_Test_lifetime_balls played": 0.0, "international_Test_lifetime_overs": 0.0, "international_Test_lifetime_runs gave": 0.0, "international_T20_previous3_runs": [21.0, 0.0, 0.0], "international_T20_previous3_wickets": [0.0, 0.0, 0.0], "international_T20_previous3_balls played": [23.0, 2.0, 1.0], "international_T20_previous3_overs": [2.0, 1.0, 1.0], "international_T20_previous3_runs gave": [9.0, 9.0, 12.0], "international_T20_lifetime_runs": 97.0, "international_T20_lifetime_wickets": 0.0, "international_T20_lifetime_balls played": 88.0, "international_T20_lifetime_overs": 8.0, "international_T20_lifetime_runs gave": 54.0}