{"played_against": {"8b5b6769": {"runs": 17, "balls": 33, "wickets": 0}, "fa463154": {"runs": 10, "balls": 28, "wickets": 1}, "725529bc": {"runs": 8, "balls": 8, "wickets": 0}, "1c914163": {"runs": 4, "balls": 9, "wickets": 0}, "8ba8195d": {"runs": 10, "balls": 12, "wickets": 0}, "33f28243": {"runs": 6, "balls": 13, "wickets": 0}, "68ddabdb": {"runs": 2, "balls": 15, "wickets": 0}, "10a91f35": {"runs": 10, "balls": 27, "wickets": 0}, "390ff45b": {"runs": 20, "balls": 31, "wickets": 0}, "64c34cd0": {"runs": 0, "balls": 2, "wickets": 0}, "0dc00542": {"runs": 0, "balls": 1, "wickets": 1}, "e186f49c": {"runs": 0, "balls": 5, "wickets": 1}, "b743f01b": {"runs": 17, "balls": 27, "wickets": 1}, "4948a447": {"runs": 20, "balls": 30, "wickets": 0}, "7ff3fcaa": {"runs": 3, "balls": 15, "wickets": 1}, "7157a72f": {"runs": 3, "balls": 7, "wickets": 0}, "e662b18f": {"runs": 1, "balls": 7, "wickets": 1}, "2b8b75a0": {"runs": 30, "balls": 47, "wickets": 1}, "ad75edc3": {"runs": 2, "balls": 10, "wickets": 1}, "aab3e7be": {"runs": 3, "balls": 13, "wickets": 0}, "4f629497": {"runs": 1, "balls": 10, "wickets": 1}, "d12143bf": {"runs": 7, "balls": 20, "wickets": 1}, "e97aefe2": {"runs": 1, "balls": 6, "wickets": 0}, "ddc0828d": {"runs": 5, "balls": 13, "wickets": 0}, "bcce309e": {"runs": 0, "balls": 3, "wickets": 0}, "c66d9486": {"runs": 15, "balls": 17, "wickets": 1}, "8a79613a": {"runs": 11, "balls": 9, "wickets": 0}, "eaaf08bc": {"runs": 9, "balls": 6, "wickets": 0}, "123e663a": {"runs": 20, "balls": 20, "wickets": 0}, "6d8356ee": {"runs": 10, "balls": 7, "wickets": 0}, "af19c6a8": {"runs": 33, "balls": 22, "wickets": 1}, "543d3e69": {"runs": 84, "balls": 70, "wickets": 0}, "0e0afd8b": {"runs": 41, "balls": 46, "wickets": 1}, "fbc5c0c6": {"runs": 42, "balls": 74, "wickets": 1}, "bceb1b07": {"runs": 14, "balls": 21, "wickets": 0}, "52f96571": {"runs": 8, "balls": 21, "wickets": 1}, "056f58dd": {"runs": 8, "balls": 8, "wickets": 0}, "5500c675": {"runs": 6, "balls": 5, "wickets": 1}, "008589a4": {"runs": 12, "balls": 26, "wickets": 0}, "5b8fffb4": {"runs": 2, "balls": 6, "wickets": 0}, "e21bc7f3": {"runs": 13, "balls": 16, "wickets": 0}, "a670d624": {"runs": 0, "balls": 4, "wickets": 1}, "9b75e4f1": {"runs": 2, "balls": 5, "wickets": 0}, "c3d35165": {"runs": 12, "balls": 28, "wickets": 0}, "5bb5a915": {"runs": 3, "balls": 11, "wickets": 0}, "86dc8f2e": {"runs": 1, "balls": 1, "wickets": 0}, "9de271ef": {"runs": 12, "balls": 17, "wickets": 1}, "9f0270e0": {"runs": 7, "balls": 9, "wickets": 0}, "31fbf891": {"runs": 6, "balls": 8, "wickets": 0}, "df08c69e": {"runs": 8, "balls": 8, "wickets": 0}, "0f9ebf32": {"runs": 8, "balls": 19, "wickets": 0}, "796e4140": {"runs": 12, "balls": 40, "wickets": 0}, "9b12068b": {"runs": 6, "balls": 16, "wickets": 0}, "3a026eb4": {"runs": 11, "balls": 26, "wickets": 0}, "7839bf3a": {"runs": 31, "balls": 31, "wickets": 0}, "4ec07775": {"runs": 15, "balls": 27, "wickets": 1}, "abbdca1a": {"runs": 14, "balls": 37, "wickets": 0}, "91052c96": {"runs": 5, "balls": 13, "wickets": 0}, "37312a74": {"runs": 23, "balls": 31, "wickets": 0}, "235a247a": {"runs": 7, "balls": 9, "wickets": 0}, "74ef405a": {"runs": 8, "balls": 11, "wickets": 0}, "dc36a6a5": {"runs": 3, "balls": 4, "wickets": 0}, "94238673": {"runs": 0, "balls": 3, "wickets": 0}, "d7c6af50": {"runs": 1, "balls": 2, "wickets": 0}, "16dfcc19": {"runs": 0, "balls": 4, "wickets": 1}, "d094e7d1": {"runs": 1, "balls": 4, "wickets": 0}, "a12e1d51": {"runs": 1, "balls": 5, "wickets": 0}, "469ea22b": {"runs": 0, "balls": 1, "wickets": 0}, "dd09ff8e": {"runs": 3, "balls": 11, "wickets": 1}, "addfb70e": {"runs": 1, "balls": 2, "wickets": 0}, "99cddc5e": {"runs": 4, "balls": 6, "wickets": 1}, "f7b2cbe8": {"runs": 19, "balls": 39, "wickets": 0}, "e85d03d6": {"runs": 23, "balls": 56, "wickets": 0}, "9ff7f691": {"runs": 14, "balls": 38, "wickets": 0}, "88c4a8e8": {"runs": 16, "balls": 31, "wickets": 1}, "248b72c3": {"runs": 9, "balls": 12, "wickets": 2}, "57ac1d99": {"runs": 1, "balls": 1, "wickets": 0}, "292381e0": {"runs": 7, "balls": 10, "wickets": 0}, "9025e58f": {"runs": 11, "balls": 24, "wickets": 0}, "795df06c": {"runs": 20, "balls": 25, "wickets": 0}, "e258a603": {"runs": 6, "balls": 14, "wickets": 0}, "c4ff0618": {"runs": 24, "balls": 17, "wickets": 1}, "d146924b": {"runs": 2, "balls": 3, "wickets": 0}, "c4d28aa3": {"runs": 9, "balls": 7, "wickets": 0}, "20f4a109": {"runs": 2, "balls": 3, "wickets": 0}, "a75a78eb": {"runs": 4, "balls": 7, "wickets": 2}, "4557dc54": {"runs": 10, "balls": 5, "wickets": 0}, "5be810ba": {"runs": 19, "balls": 9, "wickets": 0}, "4d84ad05": {"runs": 4, "balls": 7, "wickets": 0}, "72e60730": {"runs": 7, "balls": 2, "wickets": 0}, "664189ff": {"runs": 5, "balls": 4, "wickets": 0}, "a36915ce": {"runs": 8, "balls": 12, "wickets": 0}, "7516045a": {"runs": 0, "balls": 1, "wickets": 0}, "12c3ba4d": {"runs": 4, "balls": 10, "wickets": 0}, "98d05440": {"runs": 8, "balls": 4, "wickets": 1}, "2d8aae2f": {"runs": 12, "balls": 14, "wickets": 0}, "3c4007d3": {"runs": 9, "balls": 5, "wickets": 0}, "f8dcfe4e": {"runs": 4, "balls": 4, "wickets": 0}, "27159c6a": {"runs": 1, "balls": 2, "wickets": 0}, "7429c452": {"runs": 4, "balls": 2, "wickets": 1}, "bb9b51f4": {"runs": 15, "balls": 8, "wickets": 0}, "96503059": {"runs": 1, "balls": 1, "wickets": 0}, "8c7d6cbe": {"runs": 1, "balls": 7, "wickets": 1}, "7fa2ab1f": {"runs": 4, "balls": 7, "wickets": 0}, "4861d29b": {"runs": 1, "balls": 3, "wickets": 0}, "26534b48": {"runs": 4, "balls": 8, "wickets": 0}, "18eaf2fa": {"runs": 0, "balls": 3, "wickets": 1}, "f28a60e0": {"runs": 3, "balls": 5, "wickets": 0}, "7bf34437": {"runs": 1, "balls": 1, "wickets": 0}, "681af475": {"runs": 1, "balls": 1, "wickets": 0}, "b858be20": {"runs": 5, "balls": 3, "wickets": 0}, "28131839": {"runs": 3, "balls": 8, "wickets": 0}, "e6d298e8": {"runs": 10, "balls": 9, "wickets": 0}, "f43dd8c2": {"runs": 4, "balls": 6, "wickets": 0}, "e9a870ed": {"runs": 12, "balls": 5, "wickets": 0}, "d99cc23a": {"runs": 1, "balls": 3, "wickets": 0}, "05c2ca46": {"runs": 2, "balls": 2, "wickets": 0}, "b03db6fa": {"runs": 2, "balls": 5, "wickets": 1}, "6a685375": {"runs": 3, "balls": 6, "wickets": 1}, "9920dd86": {"runs": 3, "balls": 3, "wickets": 0}}, "fifties": 0, "thirties": 15, "centuries": 0, "maidens": 0.0, "hattricks": 0, "club_ODI_previous3_runs": [], "club_ODI_previous3_wickets": [], "club_ODI_previous3_balls played": [], "club_ODI_previous3_overs": [], "club_ODI_previous3_runs gave": [], "club_ODI_lifetime_runs": 0.0, "club_ODI_lifetime_wickets": 0.0, "club_ODI_lifetime_balls played": 0.0, "club_ODI_lifetime_overs": 0.0, "club_ODI_lifetime_runs gave": 0.0, "club_Test_previous3_runs": [], "club_Test_previous3_wickets": [], "club_Test_previous3_balls played": [], "club_Test_previous3_overs": [], "club_Test_previous3_runs gave": [], "club_Test_lifetime_runs": 0.0, "club_Test_lifetime_wickets": 0.0, "club_Test_lifetime_balls played": 0.0, "club_Test_lifetime_overs": 0.0, "club_Test_lifetime_runs gave": 0.0, "club_T20_previous3_runs": [], "club_T20_previous3_wickets": [], "club_T20_previous3_balls played": [], "club_T20_previous3_overs": [], "club_T20_previous3_runs gave": [], "club_T20_lifetime_runs": 0.0, "club_T20_lifetime_wickets": 0.0, "club_T20_lifetime_balls played": 0.0, "club_T20_lifetime_overs": 0.0, "club_T20_lifetime_runs gave": 0.0, "international_ODI_previous3_runs": [5.0, 8.0, 4.0], "international_ODI_previous3_wickets": [0.0, 0.0, 0.0], "international_ODI_previous3_balls played": [15.0, 13.0, 6.0], "international_ODI_previous3_overs": [0.0, 0.0, 0.0], "international_ODI_previous3_runs gave": [0.0, 0.0, 0.0], "international_ODI_lifetime_runs": 524.0, "international_ODI_lifetime_wickets": 0.0, "international_ODI_lifetime_balls played": 930.0, "international_ODI_lifetime_overs": 0.0, "international_ODI_lifetime_runs gave": 0.0, "international_Test_previous3_runs": [28.0, 64.0, 50.0], "international_Test_previous3_wickets": [0.0, 0.0, 0.0], "international_Test_previous3_balls played": [69.0, 108.0, 114.0], "international_Test_previous3_overs": [0.0, 0.0, 0.0], "international_Test_previous3_runs gave": [0.0, 0.0, 0.0], "international_Test_lifetime_runs": 302.0, "international_Test_lifetime_wickets": 0.0, "international_Test_lifetime_balls played": 478.0, "international_Test_lifetime_overs": 0.0, "international_Test_lifetime_runs gave": 0.0, "international_T20_previous3_runs": [36.0, 0.0, 16.0], "international_T20_previous3_wickets": [0.0, 0.0, 0.0], "international_T20_previous3_balls played": [38.0, 0.0, 22.0], "international_T20_previous3_overs": [0.0, 0.0, 0.0], "international_T20_previous3_runs gave": [0.0, 0.0, 0.0], "international_T20_lifetime_runs": 225.0, "international_T20_lifetime_wickets": 0.0, "international_T20_lifetime_balls played": 227.0, "international_T20_lifetime_overs": 0.0, "international_T20_lifetime_runs gave": 0.0}