{"played_against": {"6a2fadd0": {"runs": 12, "balls": 7, "wickets": 0}, "214f6461": {"runs": 0, "balls": 2, "wickets": 0}, "28217d89": {"runs": 7, "balls": 11, "wickets": 0}, "ad46c747": {"runs": 7, "balls": 5, "wickets": 1}, "d48c0f40": {"runs": 4, "balls": 9, "wickets": 1}, "e423d162": {"runs": 6, "balls": 1, "wickets": 0}, "462d7c62": {"runs": 8, "balls": 13, "wickets": 1}, "34c7b9d2": {"runs": 0, "balls": 3, "wickets": 0}, "1a45b864": {"runs": 1, "balls": 6, "wickets": 1}, "ed12fcd7": {"runs": 1, "balls": 4, "wickets": 1}, "0ecb4de6": {"runs": 1, "balls": 4, "wickets": 0}, "51e1ed69": {"runs": 4, "balls": 5, "wickets": 0}, "4bf5c12f": {"runs": 12, "balls": 11, "wickets": 0}, "56c80c90": {"runs": 7, "balls": 2, "wickets": 0}, "e05b2a5b": {"runs": 5, "balls": 3, "wickets": 0}, "bd93fea4": {"runs": 4, "balls": 2, "wickets": 1}, "ccdd8308": {"runs": 0, "balls": 1, "wickets": 0}, "27fc5808": {"runs": 0, "balls": 1, "wickets": 1}, "6c908ffc": {"runs": 1, "balls": 3, "wickets": 0}, "88a004e9": {"runs": 5, "balls": 5, "wickets": 0}, "c96f6ac5": {"runs": 22, "balls": 16, "wickets": 0}, "ac3c3cab": {"runs": 7, "balls": 12, "wickets": 0}, "08918f07": {"runs": 6, "balls": 9, "wickets": 0}, "b56dc5f7": {"runs": 4, "balls": 3, "wickets": 0}, "f54dbda7": {"runs": 11, "balls": 24, "wickets": 0}, "5b8c830e": {"runs": 8, "balls": 18, "wickets": 0}, "e0ac7144": {"runs": 13, "balls": 10, "wickets": 0}, "3581a798": {"runs": 4, "balls": 4, "wickets": 0}, "5fed6272": {"runs": 7, "balls": 11, "wickets": 0}, "85ebf2be": {"runs": 10, "balls": 5, "wickets": 1}, "12d8efc8": {"runs": 0, "balls": 1, "wickets": 0}, "76cb1a7f": {"runs": 2, "balls": 7, "wickets": 0}, "bdc0670a": {"runs": 7, "balls": 7, "wickets": 0}, "948beb1f": {"runs": 5, "balls": 8, "wickets": 1}, "d26e0405": {"runs": 1, "balls": 2, "wickets": 0}, "a5735bd3": {"runs": 0, "balls": 2, "wickets": 1}, "2ecd844a": {"runs": 1, "balls": 2, "wickets": 0}, "31b01074": {"runs": 15, "balls": 15, "wickets": 0}, "8bf61e65": {"runs": 12, "balls": 17, "wickets": 0}, "eab61ead": {"runs": 22, "balls": 22, "wickets": 0}, "ac69a03d": {"runs": 9, "balls": 7, "wickets": 1}, "88211932": {"runs": 5, "balls": 12, "wickets": 0}, "ed47cb25": {"runs": 7, "balls": 9, "wickets": 0}, "dfc3f02d": {"runs": 7, "balls": 11, "wickets": 0}, "0a12e736": {"runs": 4, "balls": 6, "wickets": 1}, "b3544c5d": {"runs": 1, "balls": 2, "wickets": 0}, "70c39d0e": {"runs": 5, "balls": 8, "wickets": 0}}, "fifties": 0, "thirties": 3, "centuries": 0, "maidens": 0.0, "hattricks": 0, "club_ODI_previous3_runs": [70.0, 11.0, 18.0], "club_ODI_previous3_wickets": [0.0, 0.0, 0.0], "club_ODI_previous3_balls played": [84.0, 17.0, 30.0], "club_ODI_previous3_overs": [0.0, 0.0, 0.0], "club_ODI_previous3_runs gave": [0.0, 0.0, 0.0], "club_ODI_lifetime_runs": 276.0, "club_ODI_lifetime_wickets": 0.0, "club_ODI_lifetime_balls played": 349.0, "club_ODI_lifetime_overs": 0.0, "club_ODI_lifetime_runs gave": 0.0, "club_Test_previous3_runs": [], "club_Test_previous3_wickets": [], "club_Test_previous3_balls played": [], "club_Test_previous3_overs": [], "club_Test_previous3_runs gave": [], "club_Test_lifetime_runs": 0.0, "club_Test_lifetime_wickets": 0.0, "club_Test_lifetime_balls played": 0.0, "club_Test_lifetime_overs": 0.0, "club_Test_lifetime_runs gave": 0.0, "club_T20_previous3_runs": [4.0, 0.0], "club_T20_previous3_wickets": [0.0, 0.0], "club_T20_previous3_balls played": [2.0, 2.0], "club_T20_previous3_overs": [0.0, 0.0], "club_T20_previous3_runs gave": [0.0, 0.0], "club_T20_lifetime_runs": 4.0, "club_T20_lifetime_wickets": 0.0, "club_T20_lifetime_balls played": 4.0, "club_T20_lifetime_overs": 0.0, "club_T20_lifetime_runs gave": 0.0, "international_ODI_previous3_runs": [], "international_ODI_previous3_wickets": [], "international_ODI_previous3_balls played": [], "international_ODI_previous3_overs": [], "international_ODI_previous3_runs gave": [], "international_ODI_lifetime_runs": 0.0, "international_ODI_lifetime_wickets": 0.0, "international_ODI_lifetime_balls played": 0.0, "international_ODI_lifetime_overs": 0.0, "international_ODI_lifetime_runs gave": 0.0, "international_Test_previous3_runs": [], "international_Test_previous3_wickets": [], "international_Test_previous3_balls played": [], "international_Test_previous3_overs": [], "international_Test_previous3_runs gave": [], "international_Test_lifetime_runs": 0.0, "international_Test_lifetime_wickets": 0.0, "international_Test_lifetime_balls played": 0.0, "international_Test_lifetime_overs": 0.0, "international_Test_lifetime_runs gave": 0.0, "international_T20_previous3_runs": [], "international_T20_previous3_wickets": [], "international_T20_previous3_balls played": [], "international_T20_previous3_overs": [], "international_T20_previous3_runs gave": [], "international_T20_lifetime_runs": 0.0, "international_T20_lifetime_wickets": 0.0, "international_T20_lifetime_balls played": 0.0, "international_T20_lifetime_overs": 0.0, "international_T20_lifetime_runs gave": 0.0}