{"played_against": {"753b5a2d": {"runs": 10, "balls": 35, "wickets": 2}, "c07a1f41": {"runs": 2, "balls": 6, "wickets": 0}, "eb4f9c61": {"runs": 1, "balls": 16, "wickets": 0}, "9920dd86": {"runs": 15, "balls": 30, "wickets": 0}, "a36915ce": {"runs": 9, "balls": 41, "wickets": 0}, "5be810ba": {"runs": 33, "balls": 69, "wickets": 1}, "7516045a": {"runs": 16, "balls": 28, "wickets": 0}, "6a685375": {"runs": 8, "balls": 14, "wickets": 0}, "6b4593ee": {"runs": 6, "balls": 22, "wickets": 0}, "9a95bebb": {"runs": 10, "balls": 5, "wickets": 1}}, "fifties": 0, "thirties": 2, "centuries": 0, "maidens": 0.0, "hattricks": 0, "club_ODI_previous3_runs": [], "club_ODI_previous3_wickets": [], "club_ODI_previous3_balls played": [], "club_ODI_previous3_overs": [], "club_ODI_previous3_runs gave": [], "club_ODI_lifetime_runs": 0.0, "club_ODI_lifetime_wickets": 0.0, "club_ODI_lifetime_balls played": 0.0, "club_ODI_lifetime_overs": 0.0, "club_ODI_lifetime_runs gave": 0.0, "club_Test_previous3_runs": [], "club_Test_previous3_wickets": [], "club_Test_previous3_balls played": [], "club_Test_previous3_overs": [], "club_Test_previous3_runs gave": [], "club_Test_lifetime_runs": 0.0, "club_Test_lifetime_wickets": 0.0, "club_Test_lifetime_balls played": 0.0, "club_Test_lifetime_overs": 0.0, "club_Test_lifetime_runs gave": 0.0, "club_T20_previous3_runs": [], "club_T20_previous3_wickets": [], "club_T20_previous3_balls played": [], "club_T20_previous3_overs": [], "club_T20_previous3_runs gave": [], "club_T20_lifetime_runs": 0.0, "club_T20_lifetime_wickets": 0.0, "club_T20_lifetime_balls played": 0.0, "club_T20_lifetime_overs": 0.0, "club_T20_lifetime_runs gave": 0.0, "international_ODI_previous3_runs": [1.0, 60.0], "international_ODI_previous3_wickets": [0.0, 0.0], "international_ODI_previous3_balls played": [23.0, 96.0], "international_ODI_previous3_overs": [0.0, 0.0], "international_ODI_previous3_runs gave": [0.0, 0.0], "international_ODI_lifetime_runs": 61.0, "international_ODI_lifetime_wickets": 0.0, "international_ODI_lifetime_balls played": 119.0, "international_ODI_lifetime_overs": 0.0, "international_ODI_lifetime_runs gave": 0.0, "international_Test_previous3_runs": [12.0, 37.0], "international_Test_previous3_wickets": [0.0, 0.0], "international_Test_previous3_balls played": [34.0, 119.0], "international_Test_previous3_overs": [0.0, 0.0], "international_Test_previous3_runs gave": [0.0, 0.0], "international_Test_lifetime_runs": 49.0, "international_Test_lifetime_wickets": 0.0, "international_Test_lifetime_balls played": 153.0, "international_Test_lifetime_overs": 0.0, "international_Test_lifetime_runs gave": 0.0, "international_T20_previous3_runs": [], "international_T20_previous3_wickets": [], "international_T20_previous3_balls played": [], "international_T20_previous3_overs": [], "international_T20_previous3_runs gave": [], "international_T20_lifetime_runs": 0.0, "international_T20_lifetime_wickets": 0.0, "international_T20_lifetime_balls played": 0.0, "international_T20_lifetime_overs": 0.0, "international_T20_lifetime_runs gave": 0.0}