{"played_against": {"68e26ec9": {"runs": 2, "balls": 19, "wickets": 1}, "c7a9ffbf": {"runs": 2, "balls": 11, "wickets": 1}, "4d927a2e": {"runs": 2, "balls": 2, "wickets": 0}, "1ee08e9a": {"runs": 4, "balls": 9, "wickets": 0}, "5e365152": {"runs": 28, "balls": 59, "wickets": 1}, "96824e68": {"runs": 24, "balls": 58, "wickets": 1}, "19b9f399": {"runs": 27, "balls": 52, "wickets": 2}, "5f222a64": {"runs": 7, "balls": 27, "wickets": 0}, "f422728b": {"runs": 1, "balls": 15, "wickets": 0}, "898e628d": {"runs": 15, "balls": 23, "wickets": 0}, "15de1f5d": {"runs": 3, "balls": 17, "wickets": 1}, "38c276e1": {"runs": 22, "balls": 28, "wickets": 1}, "ab21795b": {"runs": 22, "balls": 49, "wickets": 0}, "912f472c": {"runs": 31, "balls": 62, "wickets": 0}, "bc773eeb": {"runs": 30, "balls": 73, "wickets": 0}, "bd93fea4": {"runs": 4, "balls": 17, "wickets": 0}, "56b93d46": {"runs": 44, "balls": 110, "wickets": 2}, "72075ec1": {"runs": 17, "balls": 24, "wickets": 0}, "64775749": {"runs": 8, "balls": 24, "wickets": 3}, "70c4f525": {"runs": 2, "balls": 25, "wickets": 0}, "d167edd3": {"runs": 23, "balls": 25, "wickets": 1}, "39d608d4": {"runs": 5, "balls": 21, "wickets": 2}, "bc2d4f2e": {"runs": 10, "balls": 10, "wickets": 0}, "442461fa": {"runs": 5, "balls": 13, "wickets": 0}, "ac2e7ec0": {"runs": 2, "balls": 10, "wickets": 0}, "02ba80a0": {"runs": 5, "balls": 5, "wickets": 0}, "770ae773": {"runs": 14, "balls": 30, "wickets": 0}, "526a3073": {"runs": 10, "balls": 13, "wickets": 0}, "f2c936d7": {"runs": 2, "balls": 4, "wickets": 1}, "96a6a7ad": {"runs": 44, "balls": 121, "wickets": 1}, "8f3fde65": {"runs": 16, "balls": 48, "wickets": 2}, "10735e1d": {"runs": 13, "balls": 18, "wickets": 0}, "1558d83b": {"runs": 7, "balls": 9, "wickets": 1}, "903560ed": {"runs": 6, "balls": 5, "wickets": 0}, "86b4bf88": {"runs": 0, "balls": 11, "wickets": 1}, "f787e0eb": {"runs": 4, "balls": 13, "wickets": 0}, "32198ae0": {"runs": 2, "balls": 2, "wickets": 0}, "339243d6": {"runs": 1, "balls": 3, "wickets": 0}, "3b53243a": {"runs": 4, "balls": 14, "wickets": 1}, "f1c61793": {"runs": 0, "balls": 2, "wickets": 0}, "23dee937": {"runs": 16, "balls": 26, "wickets": 0}, "861eed37": {"runs": 13, "balls": 30, "wickets": 1}, "b9877635": {"runs": 5, "balls": 22, "wickets": 0}, "35c08a29": {"runs": 15, "balls": 32, "wickets": 0}, "1957c6b7": {"runs": 17, "balls": 54, "wickets": 0}, "a9da7784": {"runs": 27, "balls": 44, "wickets": 1}, "dda5aae5": {"runs": 9, "balls": 38, "wickets": 0}, "2223b920": {"runs": 6, "balls": 9, "wickets": 0}, "a089f93f": {"runs": 11, "balls": 20, "wickets": 0}, "4a461c24": {"runs": 8, "balls": 24, "wickets": 1}, "ed47cb25": {"runs": 4, "balls": 6, "wickets": 0}, "33a6488e": {"runs": 3, "balls": 3, "wickets": 0}, "bdd4bc21": {"runs": 8, "balls": 13, "wickets": 0}, "3987e390": {"runs": 3, "balls": 4, "wickets": 0}, "88211932": {"runs": 1, "balls": 2, "wickets": 1}, "d3a625ec": {"runs": 3, "balls": 4, "wickets": 0}, "52912da9": {"runs": 4, "balls": 8, "wickets": 0}, "819ae1ad": {"runs": 7, "balls": 9, "wickets": 0}, "5f031dc9": {"runs": 12, "balls": 8, "wickets": 0}, "3f61a062": {"runs": 1, "balls": 5, "wickets": 1}, "c1a89821": {"runs": 6, "balls": 2, "wickets": 0}, "948beb1f": {"runs": 2, "balls": 3, "wickets": 0}, "01561e94": {"runs": 0, "balls": 2, "wickets": 0}, "86781001": {"runs": 16, "balls": 13, "wickets": 0}, "6ce9f3eb": {"runs": 18, "balls": 19, "wickets": 0}, "ddee4125": {"runs": 2, "balls": 7, "wickets": 0}, "d617bf90": {"runs": 16, "balls": 14, "wickets": 0}, "88a32fa2": {"runs": 8, "balls": 7, "wickets": 0}, "1d48795b": {"runs": 12, "balls": 17, "wickets": 0}, "18fac429": {"runs": 2, "balls": 4, "wickets": 1}, "fe5b4367": {"runs": 2, "balls": 4, "wickets": 0}, "9a089b15": {"runs": 6, "balls": 4, "wickets": 0}, "78adc879": {"runs": 7, "balls": 3, "wickets": 0}, "fc4375ef": {"runs": 3, "balls": 3, "wickets": 0}, "e734d090": {"runs": 3, "balls": 3, "wickets": 0}, "92205bc7": {"runs": 0, "balls": 2, "wickets": 1}, "e0ac7144": {"runs": 0, "balls": 1, "wickets": 1}}, "fifties": 1, "thirties": 10, "centuries": 0, "maidens": 135.0, "hattricks": 6, "club_ODI_previous3_runs": [72.0, 4.0, 19.0], "club_ODI_previous3_wickets": [1.0, 1.0, 0.0], "club_ODI_previous3_balls played": [77.0, 8.0, 13.0], "club_ODI_previous3_overs": [9.833333333333334, 9.0, 7.0], "club_ODI_previous3_runs gave": [47.0, 41.0, 55.0], "club_ODI_lifetime_runs": 153.0, "club_ODI_lifetime_wickets": 7.0, "club_ODI_lifetime_balls played": 180.0, "club_ODI_lifetime_overs": 55.333333333333336, "club_ODI_lifetime_runs gave": 258.0, "club_Test_previous3_runs": [32.0, 0.0, 27.0], "club_Test_previous3_wickets": [2.0, 1.0, 2.0], "club_Test_previous3_balls played": [87.0, 3.0, 40.0], "club_Test_previous3_overs": [30.0, 19.0, 25.5], "club_Test_previous3_runs gave": [119.0, 69.0, 84.0], "club_Test_lifetime_runs": 591.0, "club_Test_lifetime_wickets": 48.0, "club_Test_lifetime_balls played": 1382.0, "club_Test_lifetime_overs": 541.6666666666666, "club_Test_lifetime_runs gave": 1531.0, "club_T20_previous3_runs": [0.0], "club_T20_previous3_wickets": [1.0], "club_T20_previous3_balls played": [0.0], "club_T20_previous3_overs": [1.0], "club_T20_previous3_runs gave": [13.0], "club_T20_lifetime_runs": 0.0, "club_T20_lifetime_wickets": 1.0, "club_T20_lifetime_balls played": 0.0, "club_T20_lifetime_overs": 1.0, "club_T20_lifetime_runs gave": 13.0, "international_ODI_previous3_runs": [], "international_ODI_previous3_wickets": [], "international_ODI_previous3_balls played": [], "international_ODI_previous3_overs": [], "international_ODI_previous3_runs gave": [], "international_ODI_lifetime_runs": 0.0, "international_ODI_lifetime_wickets": 0.0, "international_ODI_lifetime_balls played": 0.0, "international_ODI_lifetime_overs": 0.0, "international_ODI_lifetime_runs gave": 0.0, "international_Test_previous3_runs": [], "international_Test_previous3_wickets": [], "international_Test_previous3_balls played": [], "international_Test_previous3_overs": [], "international_Test_previous3_runs gave": [], "international_Test_lifetime_runs": 0.0, "international_Test_lifetime_wickets": 0.0, "international_Test_lifetime_balls played": 0.0, "international_Test_lifetime_overs": 0.0, "international_Test_lifetime_runs gave": 0.0, "international_T20_previous3_runs": [], "international_T20_previous3_wickets": [], "international_T20_previous3_balls played": [], "international_T20_previous3_overs": [], "international_T20_previous3_runs gave": [], "international_T20_lifetime_runs": 0.0, "international_T20_lifetime_wickets": 0.0, "international_T20_lifetime_balls played": 0.0, "international_T20_lifetime_overs": 0.0, "international_T20_lifetime_runs gave": 0.0}