{"played_against": {"083e01d9": {"runs": 1, "balls": 1, "wickets": 0}, "d4eef961": {"runs": 1, "balls": 1, "wickets": 0}, "aa8d28ae": {"runs": 0, "balls": 4, "wickets": 0}, "e342e5fb": {"runs": 1, "balls": 1, "wickets": 0}, "78bb68d4": {"runs": 0, "balls": 2, "wickets": 0}, "a97c8ec2": {"runs": 0, "balls": 1, "wickets": 1}, "478a63e7": {"runs": 1, "balls": 1, "wickets": 0}, "99cddc5e": {"runs": 12, "balls": 4, "wickets": 0}, "c1077ba3": {"runs": 0, "balls": 3, "wickets": 0}, "f53b3e1d": {"runs": 1, "balls": 2, "wickets": 1}, "3f1066d0": {"runs": 0, "balls": 1, "wickets": 1}, "5ec41cd7": {"runs": 0, "balls": 1, "wickets": 0}, "1688f2dc": {"runs": 0, "balls": 1, "wickets": 0}}, "fifties": 0, "thirties": 0, "centuries": 0, "maidens": 0.0, "hattricks": 2, "club_ODI_previous3_runs": [], "club_ODI_previous3_wickets": [], "club_ODI_previous3_balls played": [], "club_ODI_previous3_overs": [], "club_ODI_previous3_runs gave": [], "club_ODI_lifetime_runs": 0.0, "club_ODI_lifetime_wickets": 0.0, "club_ODI_lifetime_balls played": 0.0, "club_ODI_lifetime_overs": 0.0, "club_ODI_lifetime_runs gave": 0.0, "club_Test_previous3_runs": [], "club_Test_previous3_wickets": [], "club_Test_previous3_balls played": [], "club_Test_previous3_overs": [], "club_Test_previous3_runs gave": [], "club_Test_lifetime_runs": 0.0, "club_Test_lifetime_wickets": 0.0, "club_Test_lifetime_balls played": 0.0, "club_Test_lifetime_overs": 0.0, "club_Test_lifetime_runs gave": 0.0, "club_T20_previous3_runs": [0.0, 0.0, 0.0], "club_T20_previous3_wickets": [0.0, 1.0, 1.0], "club_T20_previous3_balls played": [0.0, 0.0, 0.0], "club_T20_previous3_overs": [2.0, 3.0, 3.0], "club_T20_previous3_runs gave": [22.0, 29.0, 19.0], "club_T20_lifetime_runs": 3.0, "club_T20_lifetime_wickets": 7.0, "club_T20_lifetime_balls played": 7.0, "club_T20_lifetime_overs": 32.833333333333336, "club_T20_lifetime_runs gave": 272.0, "international_ODI_previous3_runs": [0.0, 0.0, 0.0], "international_ODI_previous3_wickets": [1.0, 0.0, 1.0], "international_ODI_previous3_balls played": [0.0, 1.0, 1.0], "international_ODI_previous3_overs": [7.0, 3.0, 5.0], "international_ODI_previous3_runs gave": [52.0, 19.0, 44.0], "international_ODI_lifetime_runs": 14.0, "international_ODI_lifetime_wickets": 5.0, "international_ODI_lifetime_balls played": 15.0, "international_ODI_lifetime_overs": 44.833333333333336, "international_ODI_lifetime_runs gave": 316.0, "international_Test_previous3_runs": [], "international_Test_previous3_wickets": [], "international_Test_previous3_balls played": [], "international_Test_previous3_overs": [], "international_Test_previous3_runs gave": [], "international_Test_lifetime_runs": 0.0, "international_Test_lifetime_wickets": 0.0, "international_Test_lifetime_balls played": 0.0, "international_Test_lifetime_overs": 0.0, "international_Test_lifetime_runs gave": 0.0, "international_T20_previous3_runs": [0.0, 0.0, 0.0], "international_T20_previous3_wickets": [2.0, 2.0, 3.0], "international_T20_previous3_balls played": [0.0, 0.0, 0.0], "international_T20_previous3_overs": [4.0, 3.8333333333333335, 3.6666666666666665], "international_T20_previous3_runs gave": [40.0, 25.0, 33.0], "international_T20_lifetime_runs": 0.0, "international_T20_lifetime_wickets": 16.0, "international_T20_lifetime_balls played": 0.0, "international_T20_lifetime_overs": 46.33333333333333, "international_T20_lifetime_runs gave": 362.0}