{"played_against": {"4167f30b": {"runs": 23, "balls": 16, "wickets": 0}, "c8a3f688": {"runs": 19, "balls": 28, "wickets": 0}, "7239b60d": {"runs": 10, "balls": 17, "wickets": 0}, "a9231c3f": {"runs": 19, "balls": 30, "wickets": 0}, "f7d267f7": {"runs": 8, "balls": 13, "wickets": 0}, "c6e10e5c": {"runs": 11, "balls": 23, "wickets": 0}, "34cb2f69": {"runs": 2, "balls": 5, "wickets": 0}, "469ccead": {"runs": 3, "balls": 11, "wickets": 0}, "f43dd8c2": {"runs": 3, "balls": 3, "wickets": 0}, "1252f71a": {"runs": 4, "balls": 2, "wickets": 1}, "f092b4c7": {"runs": 7, "balls": 2, "wickets": 0}, "1f490b28": {"runs": 2, "balls": 3, "wickets": 0}, "dd5a9067": {"runs": 0, "balls": 1, "wickets": 1}, "a1e80d06": {"runs": 9, "balls": 6, "wickets": 1}, "d3851cd8": {"runs": 0, "balls": 4, "wickets": 0}, "f6c2659d": {"runs": 2, "balls": 3, "wickets": 0}, "bb34fd31": {"runs": 0, "balls": 1, "wickets": 0}, "0a8fce53": {"runs": 1, "balls": 2, "wickets": 0}, "37654b75": {"runs": 11, "balls": 7, "wickets": 0}, "c58b0108": {"runs": 1, "balls": 4, "wickets": 1}, "8919756f": {"runs": 8, "balls": 6, "wickets": 1}, "cb5100f1": {"runs": 1, "balls": 1, "wickets": 0}, "ef18b66e": {"runs": 1, "balls": 2, "wickets": 0}, "327b58d3": {"runs": 1, "balls": 3, "wickets": 1}, "270bf7e2": {"runs": 14, "balls": 30, "wickets": 0}, "0730a707": {"runs": 4, "balls": 14, "wickets": 1}, "cd4d7695": {"runs": 22, "balls": 21, "wickets": 0}, "b410bd3d": {"runs": 17, "balls": 24, "wickets": 1}, "1747ea18": {"runs": 9, "balls": 24, "wickets": 1}, "f53b3e1d": {"runs": 25, "balls": 35, "wickets": 1}, "4d84ad05": {"runs": 0, "balls": 3, "wickets": 0}, "c70448aa": {"runs": 5, "balls": 19, "wickets": 1}, "1adb8ee8": {"runs": 10, "balls": 22, "wickets": 0}, "c1077ba3": {"runs": 8, "balls": 14, "wickets": 0}, "9920dd86": {"runs": 10, "balls": 24, "wickets": 0}, "72e60730": {"runs": 16, "balls": 17, "wickets": 0}, "9a95bebb": {"runs": 16, "balls": 10, "wickets": 0}, "a36915ce": {"runs": 1, "balls": 5, "wickets": 1}, "6ad2d5f7": {"runs": 6, "balls": 11, "wickets": 1}, "b0eaaac6": {"runs": 19, "balls": 15, "wickets": 0}, "5ec41cd7": {"runs": 3, "balls": 6, "wickets": 0}, "14810ee7": {"runs": 13, "balls": 15, "wickets": 0}, "bb9b51f4": {"runs": 4, "balls": 22, "wickets": 0}, "c01d7726": {"runs": 6, "balls": 20, "wickets": 1}, "e258a603": {"runs": 12, "balls": 23, "wickets": 0}, "f28a60e0": {"runs": 9, "balls": 17, "wickets": 0}, "d2e67105": {"runs": 9, "balls": 12, "wickets": 0}, "ff6a7ab5": {"runs": 10, "balls": 18, "wickets": 0}, "c26cd57a": {"runs": 9, "balls": 10, "wickets": 0}, "e85d03d6": {"runs": 3, "balls": 8, "wickets": 0}, "27b8d7b6": {"runs": 2, "balls": 4, "wickets": 0}, "915264c2": {"runs": 0, "balls": 2, "wickets": 1}, "dcdb87f2": {"runs": 3, "balls": 16, "wickets": 0}, "72253b87": {"runs": 2, "balls": 9, "wickets": 0}, "34464143": {"runs": 12, "balls": 17, "wickets": 0}, "526e006d": {"runs": 5, "balls": 15, "wickets": 0}, "b80dd12c": {"runs": 2, "balls": 6, "wickets": 0}, "44d6a8b8": {"runs": 1, "balls": 4, "wickets": 1}, "bbd41817": {"runs": 2, "balls": 3, "wickets": 0}, "ab54f9e7": {"runs": 4, "balls": 8, "wickets": 2}, "4ebc70ca": {"runs": 1, "balls": 1, "wickets": 0}, "2ecd844a": {"runs": 1, "balls": 3, "wickets": 0}}, "fifties": 0, "thirties": 4, "centuries": 0, "maidens": 3.0, "hattricks": 0, "club_ODI_previous3_runs": [], "club_ODI_previous3_wickets": [], "club_ODI_previous3_balls played": [], "club_ODI_previous3_overs": [], "club_ODI_previous3_runs gave": [], "club_ODI_lifetime_runs": 0.0, "club_ODI_lifetime_wickets": 0.0, "club_ODI_lifetime_balls played": 0.0, "club_ODI_lifetime_overs": 0.0, "club_ODI_lifetime_runs gave": 0.0, "club_Test_previous3_runs": [], "club_Test_previous3_wickets": [], "club_Test_previous3_balls played": [], "club_Test_previous3_overs": [], "club_Test_previous3_runs gave": [], "club_Test_lifetime_runs": 0.0, "club_Test_lifetime_wickets": 0.0, "club_Test_lifetime_balls played": 0.0, "club_Test_lifetime_overs": 0.0, "club_Test_lifetime_runs gave": 0.0, "club_T20_previous3_runs": [0.0, 4.0, 0.0], "club_T20_previous3_wickets": [0.0, 0.0, 0.0], "club_T20_previous3_balls played": [0.0, 5.0, 0.0], "club_T20_previous3_overs": [0.0, 0.3333333333333333, 0.0], "club_T20_previous3_runs gave": [0.0, 8.0, 0.0], "club_T20_lifetime_runs": 4.0, "club_T20_lifetime_wickets": 0.0, "club_T20_lifetime_balls played": 5.0, "club_T20_lifetime_overs": 0.3333333333333333, "club_T20_lifetime_runs gave": 8.0, "international_ODI_previous3_runs": [24.0, 25.0, 13.0], "international_ODI_previous3_wickets": [0.0, 0.0, 0.0], "international_ODI_previous3_balls played": [42.0, 67.0, 28.0], "international_ODI_previous3_overs": [0.0, 2.0, 0.0], "international_ODI_previous3_runs gave": [0.0, 16.0, 0.0], "international_ODI_lifetime_runs": 387.0, "international_ODI_lifetime_wickets": 4.0, "international_ODI_lifetime_balls played": 662.0, "international_ODI_lifetime_overs": 52.66666666666667, "international_ODI_lifetime_runs gave": 285.0, "international_Test_previous3_runs": [], "international_Test_previous3_wickets": [], "international_Test_previous3_balls played": [], "international_Test_previous3_overs": [], "international_Test_previous3_runs gave": [], "international_Test_lifetime_runs": 0.0, "international_Test_lifetime_wickets": 0.0, "international_Test_lifetime_balls played": 0.0, "international_Test_lifetime_overs": 0.0, "international_Test_lifetime_runs gave": 0.0, "international_T20_previous3_runs": [1.0, 5.0, 0.0], "international_T20_previous3_wickets": [0.0, 0.0, 0.0], "international_T20_previous3_balls played": [2.0, 3.0, 7.0], "international_T20_previous3_overs": [0.0, 0.0, 1.0], "international_T20_previous3_runs gave": [0.0, 0.0, 8.0], "international_T20_lifetime_runs": 50.0, "international_T20_lifetime_wickets": 0.0, "international_T20_lifetime_balls played": 58.0, "international_T20_lifetime_overs": 7.0, "international_T20_lifetime_runs gave": 46.0}