{"played_against": {"9b7cce15": {"runs": 1, "balls": 5, "wickets": 0}, "8cf9814c": {"runs": 7, "balls": 10, "wickets": 0}, "462411b3": {"runs": 23, "balls": 23, "wickets": 1}, "a12e1d51": {"runs": 4, "balls": 5, "wickets": 1}, "51a3c5ef": {"runs": 3, "balls": 3, "wickets": 0}, "9fc0ef64": {"runs": 26, "balls": 18, "wickets": 0}, "e938e1bc": {"runs": 2, "balls": 6, "wickets": 0}, "808f425a": {"runs": 7, "balls": 4, "wickets": 0}, "f0f628c7": {"runs": 12, "balls": 8, "wickets": 0}, "fe93fd9d": {"runs": 25, "balls": 39, "wickets": 0}, "f18ba07f": {"runs": 14, "balls": 5, "wickets": 0}, "98ae73b1": {"runs": 18, "balls": 15, "wickets": 2}, "9d430b40": {"runs": 24, "balls": 15, "wickets": 0}, "cc1e8c68": {"runs": 8, "balls": 10, "wickets": 0}, "a818c1be": {"runs": 23, "balls": 15, "wickets": 1}, "56ab442f": {"runs": 12, "balls": 12, "wickets": 1}, "017e2f0d": {"runs": 2, "balls": 4, "wickets": 1}, "957532de": {"runs": 1, "balls": 8, "wickets": 0}, "41eb4a4f": {"runs": 2, "balls": 2, "wickets": 0}, "66cf56a5": {"runs": 12, "balls": 8, "wickets": 0}, "90de905a": {"runs": 8, "balls": 4, "wickets": 0}, "bd17b45f": {"runs": 5, "balls": 6, "wickets": 1}, "ed5a5510": {"runs": 4, "balls": 6, "wickets": 0}, "5f39537c": {"runs": 10, "balls": 9, "wickets": 1}, "5876c626": {"runs": 11, "balls": 10, "wickets": 0}, "1c2a64cd": {"runs": 19, "balls": 4, "wickets": 0}, "f1809c03": {"runs": 23, "balls": 17, "wickets": 0}, "fa2f1dde": {"runs": 12, "balls": 17, "wickets": 0}, "f62772e5": {"runs": 8, "balls": 10, "wickets": 0}, "cce2bcb2": {"runs": 11, "balls": 6, "wickets": 0}, "bee290b6": {"runs": 23, "balls": 14, "wickets": 0}, "db31895a": {"runs": 12, "balls": 10, "wickets": 1}, "98f27d4b": {"runs": 14, "balls": 7, "wickets": 0}, "d4b8ea98": {"runs": 3, "balls": 3, "wickets": 0}, "2c3afa34": {"runs": 4, "balls": 6, "wickets": 1}, "26e5cabf": {"runs": 6, "balls": 6, "wickets": 0}, "4312e8f9": {"runs": 1, "balls": 1, "wickets": 0}, "d3611425": {"runs": 4, "balls": 5, "wickets": 1}, "50455929": {"runs": 1, "balls": 2, "wickets": 0}, "6575e3bc": {"runs": 5, "balls": 3, "wickets": 0}, "4d9f9686": {"runs": 12, "balls": 9, "wickets": 1}, "0a8fce53": {"runs": 11, "balls": 12, "wickets": 0}, "2e171977": {"runs": 20, "balls": 17, "wickets": 1}, "495d42a5": {"runs": 15, "balls": 12, "wickets": 1}, "d9273ee7": {"runs": 18, "balls": 11, "wickets": 0}, "759ac88f": {"runs": 0, "balls": 1, "wickets": 1}, "b2a79f17": {"runs": 3, "balls": 3, "wickets": 1}, "e86754b2": {"runs": 1, "balls": 2, "wickets": 0}, "8b5b6769": {"runs": 12, "balls": 11, "wickets": 0}, "87e562a9": {"runs": 57, "balls": 23, "wickets": 1}, "798cc28e": {"runs": 5, "balls": 6, "wickets": 0}, "f834dcfc": {"runs": 12, "balls": 7, "wickets": 0}, "5574750c": {"runs": 27, "balls": 17, "wickets": 0}, "1e66c162": {"runs": 24, "balls": 13, "wickets": 1}, "5f547c8b": {"runs": 1, "balls": 3, "wickets": 0}, "7dc35884": {"runs": 1, "balls": 1, "wickets": 0}, "dcf81436": {"runs": 17, "balls": 9, "wickets": 0}, "2e81a32d": {"runs": 16, "balls": 5, "wickets": 0}, "57ee1fde": {"runs": 18, "balls": 13, "wickets": 2}, "2f49c897": {"runs": 25, "balls": 15, "wickets": 0}, "13c35c9e": {"runs": 7, "balls": 11, "wickets": 0}, "1abb78f8": {"runs": 45, "balls": 27, "wickets": 0}, "dbe50b21": {"runs": 9, "balls": 8, "wickets": 0}, "2e11c706": {"runs": 23, "balls": 12, "wickets": 0}, "5b8c830e": {"runs": 28, "balls": 21, "wickets": 1}, "e84ac20c": {"runs": 1, "balls": 5, "wickets": 0}, "9219eff0": {"runs": 11, "balls": 12, "wickets": 0}, "94d7f855": {"runs": 19, "balls": 18, "wickets": 0}, "af2c687b": {"runs": 6, "balls": 11, "wickets": 0}, "e4a0deae": {"runs": 29, "balls": 23, "wickets": 2}, "383dd431": {"runs": 3, "balls": 4, "wickets": 0}, "2f9d0389": {"runs": 40, "balls": 19, "wickets": 0}, "fef92afc": {"runs": 38, "balls": 16, "wickets": 0}, "eade4650": {"runs": 9, "balls": 5, "wickets": 2}, "641ac5ff": {"runs": 14, "balls": 6, "wickets": 0}, "48ad3373": {"runs": 7, "balls": 5, "wickets": 0}, "14f96089": {"runs": 37, "balls": 28, "wickets": 1}, "96a6a7ad": {"runs": 21, "balls": 29, "wickets": 1}, "b681e71e": {"runs": 8, "balls": 9, "wickets": 0}, "ded9240e": {"runs": 21, "balls": 23, "wickets": 2}, "1ee08e9a": {"runs": 16, "balls": 7, "wickets": 0}, "85e0cf10": {"runs": 13, "balls": 9, "wickets": 0}, "bbd41817": {"runs": 18, "balls": 13, "wickets": 1}, "e087956b": {"runs": 10, "balls": 8, "wickets": 0}, "d2a989fc": {"runs": 16, "balls": 5, "wickets": 0}, "7a8bd078": {"runs": 35, "balls": 26, "wickets": 1}, "39a2dfa8": {"runs": 19, "balls": 25, "wickets": 0}, "e62dd25d": {"runs": 1, "balls": 3, "wickets": 2}, "b410bd3d": {"runs": 3, "balls": 4, "wickets": 0}, "fb66ce1f": {"runs": 6, "balls": 5, "wickets": 1}, "5bb1a1c4": {"runs": 7, "balls": 9, "wickets": 1}, "2ed569a0": {"runs": 12, "balls": 19, "wickets": 0}, "b0946605": {"runs": 0, "balls": 3, "wickets": 1}, "7d92277a": {"runs": 6, "balls": 5, "wickets": 0}, "e94915e6": {"runs": 4, "balls": 3, "wickets": 0}, "75224f22": {"runs": 7, "balls": 4, "wickets": 0}, "acee4cc4": {"runs": 11, "balls": 9, "wickets": 1}, "119678fd": {"runs": 3, "balls": 3, "wickets": 0}, "23eeb873": {"runs": 11, "balls": 12, "wickets": 1}, "c6097d68": {"runs": 2, "balls": 3, "wickets": 0}, "04a418e8": {"runs": 3, "balls": 3, "wickets": 0}, "0a3d54b9": {"runs": 1, "balls": 2, "wickets": 1}, "244048f6": {"runs": 23, "balls": 15, "wickets": 1}, "f19ccfad": {"runs": 13, "balls": 5, "wickets": 1}, "d014d5ac": {"runs": 1, "balls": 1, "wickets": 0}, "e174dadd": {"runs": 8, "balls": 8, "wickets": 0}, "b3118300": {"runs": 7, "balls": 7, "wickets": 0}, "0f721006": {"runs": 12, "balls": 10, "wickets": 0}, "a1d053dd": {"runs": 2, "balls": 8, "wickets": 0}, "78eb4223": {"runs": 0, "balls": 1, "wickets": 1}, "249abedf": {"runs": 13, "balls": 9, "wickets": 0}, "ade90de7": {"runs": 20, "balls": 12, "wickets": 0}, "cdc6bdba": {"runs": 8, "balls": 3, "wickets": 0}, "871e9faf": {"runs": 4, "balls": 3, "wickets": 1}, "da934ee8": {"runs": 2, "balls": 2, "wickets": 0}, "b483905d": {"runs": 11, "balls": 6, "wickets": 0}, "18e6906e": {"runs": 2, "balls": 3, "wickets": 1}, "8d2c70ad": {"runs": 20, "balls": 18, "wickets": 1}, "c33d8116": {"runs": 1, "balls": 3, "wickets": 1}, "2a6afc6f": {"runs": 11, "balls": 3, "wickets": 0}, "e1e7f950": {"runs": 7, "balls": 4, "wickets": 0}, "ec9fc54b": {"runs": 1, "balls": 4, "wickets": 0}, "cd8d2859": {"runs": 8, "balls": 4, "wickets": 0}, "bcaf7d33": {"runs": 8, "balls": 3, "wickets": 0}, "4b31f3a3": {"runs": 2, "balls": 3, "wickets": 2}, "b2b23612": {"runs": 23, "balls": 12, "wickets": 0}, "4125d931": {"runs": 16, "balls": 14, "wickets": 0}, "f6cb1703": {"runs": 8, "balls": 6, "wickets": 1}, "dd506910": {"runs": 1, "balls": 1, "wickets": 0}, "9601c534": {"runs": 1, "balls": 1, "wickets": 0}, "a4e37e47": {"runs": 10, "balls": 4, "wickets": 0}, "85ec8e33": {"runs": 7, "balls": 7, "wickets": 0}, "9d704f6f": {"runs": 2, "balls": 2, "wickets": 0}, "c05edf8e": {"runs": 10, "balls": 23, "wickets": 0}, "a9fd84fb": {"runs": 4, "balls": 5, "wickets": 0}, "6eb146d2": {"runs": 8, "balls": 9, "wickets": 0}, "f29185a1": {"runs": 12, "balls": 16, "wickets": 1}, "b19f1fe9": {"runs": 1, "balls": 2, "wickets": 0}, "5d2eea49": {"runs": 7, "balls": 5, "wickets": 0}, "df064e1a": {"runs": 6, "balls": 13, "wickets": 0}, "ffe699c0": {"runs": 9, "balls": 10, "wickets": 0}, "e2db2409": {"runs": 9, "balls": 4, "wickets": 0}, "d2550980": {"runs": 3, "balls": 4, "wickets": 0}, "9d80c5e1": {"runs": 1, "balls": 2, "wickets": 0}, "5b7ab5a9": {"runs": 29, "balls": 8, "wickets": 0}, "f9e6e7ef": {"runs": 1, "balls": 2, "wickets": 0}, "f986ca1a": {"runs": 10, "balls": 8, "wickets": 1}, "a757b0d8": {"runs": 1, "balls": 2, "wickets": 0}, "350bb1b1": {"runs": 2, "balls": 3, "wickets": 0}, "6b19d823": {"runs": 4, "balls": 4, "wickets": 0}, "eef2536f": {"runs": 10, "balls": 7, "wickets": 1}, "2cdce1be": {"runs": 2, "balls": 3, "wickets": 0}, "09a71776": {"runs": 6, "balls": 5, "wickets": 0}, "cb461421": {"runs": 2, "balls": 3, "wickets": 0}, "20081969": {"runs": 22, "balls": 8, "wickets": 0}, "c4ab5dd8": {"runs": 4, "balls": 1, "wickets": 0}, "765a4731": {"runs": 8, "balls": 4, "wickets": 0}, "ce2b42ae": {"runs": 0, "balls": 1, "wickets": 0}, "9385de2e": {"runs": 4, "balls": 2, "wickets": 1}, "be24ead0": {"runs": 10, "balls": 5, "wickets": 0}, "339bda40": {"runs": 14, "balls": 6, "wickets": 0}, "39dd4d6d": {"runs": 4, "balls": 7, "wickets": 1}, "8b1137f7": {"runs": 1, "balls": 1, "wickets": 0}, "c133943b": {"runs": 4, "balls": 3, "wickets": 0}, "adee5bbd": {"runs": 14, "balls": 8, "wickets": 0}, "7b5b6311": {"runs": 2, "balls": 5, "wickets": 0}, "bc67cc22": {"runs": 4, "balls": 3, "wickets": 0}, "944533a5": {"runs": 1, "balls": 1, "wickets": 0}, "53f45cb5": {"runs": 4, "balls": 4, "wickets": 0}, "edb3d4f8": {"runs": 2, "balls": 3, "wickets": 1}, "85cbf838": {"runs": 3, "balls": 3, "wickets": 0}, "30fc60b5": {"runs": 2, "balls": 2, "wickets": 0}, "327b58d3": {"runs": 2, "balls": 4, "wickets": 1}, "a2f46292": {"runs": 8, "balls": 6, "wickets": 0}, "2e78f685": {"runs": 10, "balls": 9, "wickets": 1}, "f24c6701": {"runs": 2, "balls": 4, "wickets": 1}, "c3c92b42": {"runs": 12, "balls": 7, "wickets": 1}, "46a9bea1": {"runs": 18, "balls": 10, "wickets": 0}, "3d8feaf8": {"runs": 11, "balls": 7, "wickets": 0}, "2cffab74": {"runs": 2, "balls": 2, "wickets": 0}, "acdc62f5": {"runs": 3, "balls": 8, "wickets": 0}, "9440ef41": {"runs": 20, "balls": 14, "wickets": 1}, "c0c411cb": {"runs": 9, "balls": 7, "wickets": 1}, "f6d8a7ab": {"runs": 36, "balls": 19, "wickets": 1}, "64775749": {"runs": 1, "balls": 3, "wickets": 0}, "77b1aa15": {"runs": 1, "balls": 2, "wickets": 0}, "fb2d1dda": {"runs": 11, "balls": 3, "wickets": 0}, "4933f499": {"runs": 18, "balls": 7, "wickets": 0}, "4bd09374": {"runs": 9, "balls": 4, "wickets": 0}, "3a60e0b5": {"runs": 15, "balls": 8, "wickets": 0}, "54e52590": {"runs": 18, "balls": 12, "wickets": 2}, "52294a79": {"runs": 8, "balls": 7, "wickets": 0}, "64839cb3": {"runs": 2, "balls": 3, "wickets": 1}, "21d4e29b": {"runs": 2, "balls": 4, "wickets": 0}, "de33074a": {"runs": 12, "balls": 12, "wickets": 0}, "891b9757": {"runs": 21, "balls": 11, "wickets": 0}, "3204c99f": {"runs": 3, "balls": 2, "wickets": 0}, "cf0ccafa": {"runs": 1, "balls": 2, "wickets": 0}, "0b60eb09": {"runs": 2, "balls": 2, "wickets": 0}, "7210d461": {"runs": 1, "balls": 1, "wickets": 0}}, "fifties": 0, "thirties": 22, "centuries": 0, "maidens": 0.0, "hattricks": 1, "club_ODI_previous3_runs": [], "club_ODI_previous3_wickets": [], "club_ODI_previous3_balls played": [], "club_ODI_previous3_overs": [], "club_ODI_previous3_runs gave": [], "club_ODI_lifetime_runs": 0.0, "club_ODI_lifetime_wickets": 0.0, "club_ODI_lifetime_balls played": 0.0, "club_ODI_lifetime_overs": 0.0, "club_ODI_lifetime_runs gave": 0.0, "club_Test_previous3_runs": [], "club_Test_previous3_wickets": [], "club_Test_previous3_balls played": [], "club_Test_previous3_overs": [], "club_Test_previous3_runs gave": [], "club_Test_lifetime_runs": 0.0, "club_Test_lifetime_wickets": 0.0, "club_Test_lifetime_balls played": 0.0, "club_Test_lifetime_overs": 0.0, "club_Test_lifetime_runs gave": 0.0, "club_T20_previous3_runs": [17.0, 16.0, 10.0], "club_T20_previous3_wickets": [0.0, 0.0, 0.0], "club_T20_previous3_balls played": [17.0, 10.0, 7.0], "club_T20_previous3_overs": [0.0, 0.0, 0.0], "club_T20_previous3_runs gave": [0.0, 0.0, 0.0], "club_T20_lifetime_runs": 1740.0, "club_T20_lifetime_wickets": 15.0, "club_T20_lifetime_balls played": 1342.0, "club_T20_lifetime_overs": 72.0, "club_T20_lifetime_runs gave": 589.0, "international_ODI_previous3_runs": [16.0, 15.0, 14.0], "international_ODI_previous3_wickets": [0.0, 1.0, 0.0], "international_ODI_previous3_balls played": [21.0, 15.0, 19.0], "international_ODI_previous3_overs": [0.0, 6.0, 0.0], "international_ODI_previous3_runs gave": [0.0, 22.0, 0.0], "international_ODI_lifetime_runs": 194.0, "international_ODI_lifetime_wickets": 2.0, "international_ODI_lifetime_balls played": 202.0, "international_ODI_lifetime_overs": 39.5, "international_ODI_lifetime_runs gave": 212.0, "international_Test_previous3_runs": [], "international_Test_previous3_wickets": [], "international_Test_previous3_balls played": [], "international_Test_previous3_overs": [], "international_Test_previous3_runs gave": [], "international_Test_lifetime_runs": 0.0, "international_Test_lifetime_wickets": 0.0, "international_Test_lifetime_balls played": 0.0, "international_Test_lifetime_overs": 0.0, "international_Test_lifetime_runs gave": 0.0, "international_T20_previous3_runs": [14.0, 43.0, 0.0], "international_T20_previous3_wickets": [0.0, 0.0, 2.0], "international_T20_previous3_balls played": [8.0, 28.0, 0.0], "international_T20_previous3_overs": [0.0, 0.0, 4.0], "international_T20_previous3_runs gave": [0.0, 0.0, 38.0], "international_T20_lifetime_runs": 101.0, "international_T20_lifetime_wickets": 5.0, "international_T20_lifetime_balls played": 73.0, "international_T20_lifetime_overs": 21.0, "international_T20_lifetime_runs gave": 191.0}