{"played_against": {"aea11d1d": {"runs": 5, "balls": 3, "wickets": 0}, "0b581ed6": {"runs": 5, "balls": 5, "wickets": 0}, "9f998ed8": {"runs": 9, "balls": 7, "wickets": 0}, "9e0bd203": {"runs": 2, "balls": 8, "wickets": 1}, "02b87bde": {"runs": 2, "balls": 3, "wickets": 0}, "58fba7cb": {"runs": 0, "balls": 1, "wickets": 0}, "96013995": {"runs": 9, "balls": 7, "wickets": 1}, "99ad98b0": {"runs": 2, "balls": 2, "wickets": 0}, "8a99caa9": {"runs": 0, "balls": 1, "wickets": 1}, "00467a76": {"runs": 3, "balls": 9, "wickets": 0}, "716bf559": {"runs": 8, "balls": 4, "wickets": 0}, "2a03bd2f": {"runs": 0, "balls": 1, "wickets": 1}}, "fifties": 0, "thirties": 0, "centuries": 0, "maidens": 0.0, "hattricks": 0, "club_ODI_previous3_runs": [], "club_ODI_previous3_wickets": [], "club_ODI_previous3_balls played": [], "club_ODI_previous3_overs": [], "club_ODI_previous3_runs gave": [], "club_ODI_lifetime_runs": 0.0, "club_ODI_lifetime_wickets": 0.0, "club_ODI_lifetime_balls played": 0.0, "club_ODI_lifetime_overs": 0.0, "club_ODI_lifetime_runs gave": 0.0, "club_Test_previous3_runs": [], "club_Test_previous3_wickets": [], "club_Test_previous3_balls played": [], "club_Test_previous3_overs": [], "club_Test_previous3_runs gave": [], "club_Test_lifetime_runs": 0.0, "club_Test_lifetime_wickets": 0.0, "club_Test_lifetime_balls played": 0.0, "club_Test_lifetime_overs": 0.0, "club_Test_lifetime_runs gave": 0.0, "club_T20_previous3_runs": [], "club_T20_previous3_wickets": [], "club_T20_previous3_balls played": [], "club_T20_previous3_overs": [], "club_T20_previous3_runs gave": [], "club_T20_lifetime_runs": 0.0, "club_T20_lifetime_wickets": 0.0, "club_T20_lifetime_balls played": 0.0, "club_T20_lifetime_overs": 0.0, "club_T20_lifetime_runs gave": 0.0, "international_ODI_previous3_runs": [], "international_ODI_previous3_wickets": [], "international_ODI_previous3_balls played": [], "international_ODI_previous3_overs": [], "international_ODI_previous3_runs gave": [], "international_ODI_lifetime_runs": 0.0, "international_ODI_lifetime_wickets": 0.0, "international_ODI_lifetime_balls played": 0.0, "international_ODI_lifetime_overs": 0.0, "international_ODI_lifetime_runs gave": 0.0, "international_Test_previous3_runs": [], "international_Test_previous3_wickets": [], "international_Test_previous3_balls played": [], "international_Test_previous3_overs": [], "international_Test_previous3_runs gave": [], "international_Test_lifetime_runs": 0.0, "international_Test_lifetime_wickets": 0.0, "international_Test_lifetime_balls played": 0.0, "international_Test_lifetime_overs": 0.0, "international_Test_lifetime_runs gave": 0.0, "international_T20_previous3_runs": [13.0, 0.0, 11.0], "international_T20_previous3_wickets": [1.0, 2.0, 0.0], "international_T20_previous3_balls played": [13.0, 1.0, 15.0], "international_T20_previous3_overs": [4.0, 4.0, 4.0], "international_T20_previous3_runs gave": [16.0, 13.0, 29.0], "international_T20_lifetime_runs": 45.0, "international_T20_lifetime_wickets": 3.0, "international_T20_lifetime_balls played": 52.0, "international_T20_lifetime_overs": 15.833333333333334, "international_T20_lifetime_runs gave": 94.0}