{"played_against": {"69a9bb78": {"runs": 1, "balls": 2, "wickets": 0}, "d3b4b8ed": {"runs": 2, "balls": 2, "wickets": 0}, "b76fd014": {"runs": 1, "balls": 1, "wickets": 0}, "558cdd64": {"runs": 0, "balls": 3, "wickets": 0}, "58acb320": {"runs": 1, "balls": 4, "wickets": 0}, "940feccc": {"runs": 3, "balls": 9, "wickets": 0}, "1b1c23bb": {"runs": 1, "balls": 5, "wickets": 1}, "b4f73b44": {"runs": 4, "balls": 8, "wickets": 0}, "07248d8e": {"runs": 4, "balls": 6, "wickets": 0}, "ef2bcebf": {"runs": 4, "balls": 7, "wickets": 0}, "821d7d46": {"runs": 1, "balls": 3, "wickets": 0}, "53bb50f0": {"runs": 0, "balls": 3, "wickets": 0}, "4b15618c": {"runs": 2, "balls": 7, "wickets": 0}, "519b872a": {"runs": 0, "balls": 7, "wickets": 0}, "9c4b58db": {"runs": 2, "balls": 5, "wickets": 0}, "23e3f2d6": {"runs": 4, "balls": 4, "wickets": 0}, "2daa8e40": {"runs": 0, "balls": 4, "wickets": 0}, "83cde44d": {"runs": 7, "balls": 5, "wickets": 0}, "01341439": {"runs": 2, "balls": 5, "wickets": 1}, "b0023708": {"runs": 1, "balls": 4, "wickets": 0}, "94271647": {"runs": 1, "balls": 3, "wickets": 0}, "50ee0500": {"runs": 2, "balls": 3, "wickets": 0}, "5a50471c": {"runs": 4, "balls": 5, "wickets": 0}, "397369e0": {"runs": 3, "balls": 3, "wickets": 0}, "e21475a5": {"runs": 10, "balls": 13, "wickets": 0}, "9414a81c": {"runs": 1, "balls": 7, "wickets": 0}, "a6dd06d6": {"runs": 11, "balls": 12, "wickets": 0}, "f606177e": {"runs": 1, "balls": 1, "wickets": 0}, "8d62fc14": {"runs": 2, "balls": 5, "wickets": 0}, "8ae7bb3e": {"runs": 1, "balls": 3, "wickets": 0}}, "fifties": 0, "thirties": 0, "centuries": 0, "maidens": 11.0, "hattricks": 1, "club_ODI_previous3_runs": [], "club_ODI_previous3_wickets": [], "club_ODI_previous3_balls played": [], "club_ODI_previous3_overs": [], "club_ODI_previous3_runs gave": [], "club_ODI_lifetime_runs": 0.0, "club_ODI_lifetime_wickets": 0.0, "club_ODI_lifetime_balls played": 0.0, "club_ODI_lifetime_overs": 0.0, "club_ODI_lifetime_runs gave": 0.0, "club_Test_previous3_runs": [], "club_Test_previous3_wickets": [], "club_Test_previous3_balls played": [], "club_Test_previous3_overs": [], "club_Test_previous3_runs gave": [], "club_Test_lifetime_runs": 0.0, "club_Test_lifetime_wickets": 0.0, "club_Test_lifetime_balls played": 0.0, "club_Test_lifetime_overs": 0.0, "club_Test_lifetime_runs gave": 0.0, "club_T20_previous3_runs": [], "club_T20_previous3_wickets": [], "club_T20_previous3_balls played": [], "club_T20_previous3_overs": [], "club_T20_previous3_runs gave": [], "club_T20_lifetime_runs": 0.0, "club_T20_lifetime_wickets": 0.0, "club_T20_lifetime_balls played": 0.0, "club_T20_lifetime_overs": 0.0, "club_T20_lifetime_runs gave": 0.0, "international_ODI_previous3_runs": [26.0, 0.0, 0.0], "international_ODI_previous3_wickets": [1.0, 0.0, 1.0], "international_ODI_previous3_balls played": [41.0, 0.0, 0.0], "international_ODI_previous3_overs": [9.0, 5.0, 9.0], "international_ODI_previous3_runs gave": [33.0, 15.0, 53.0], "international_ODI_lifetime_runs": 54.0, "international_ODI_lifetime_wickets": 8.0, "international_ODI_lifetime_balls played": 114.0, "international_ODI_lifetime_overs": 80.0, "international_ODI_lifetime_runs gave": 350.0, "international_Test_previous3_runs": [], "international_Test_previous3_wickets": [], "international_Test_previous3_balls played": [], "international_Test_previous3_overs": [], "international_Test_previous3_runs gave": [], "international_Test_lifetime_runs": 0.0, "international_Test_lifetime_wickets": 0.0, "international_Test_lifetime_balls played": 0.0, "international_Test_lifetime_overs": 0.0, "international_Test_lifetime_runs gave": 0.0, "international_T20_previous3_runs": [0.0, 11.0, 0.0], "international_T20_previous3_wickets": [2.0, 0.0, 0.0], "international_T20_previous3_balls played": [0.0, 13.0, 0.0], "international_T20_previous3_overs": [4.0, 4.0, 4.0], "international_T20_previous3_runs gave": [25.0, 34.0, 25.0], "international_T20_lifetime_runs": 22.0, "international_T20_lifetime_wickets": 21.0, "international_T20_lifetime_balls played": 36.0, "international_T20_lifetime_overs": 80.0, "international_T20_lifetime_runs gave": 466.0}