{"played_against": {"f8c7484e": {"runs": 1, "balls": 1, "wickets": 0}, "caabc8e4": {"runs": 5, "balls": 4, "wickets": 1}, "a0d66374": {"runs": 2, "balls": 3, "wickets": 0}, "531f7ccc": {"runs": 2, "balls": 3, "wickets": 0}, "31ee319e": {"runs": 1, "balls": 1, "wickets": 0}, "f4ef0fd7": {"runs": 1, "balls": 1, "wickets": 0}, "389ae08a": {"runs": 4, "balls": 1, "wickets": 0}, "13dd2a4b": {"runs": 0, "balls": 1, "wickets": 1}, "fb2d1dda": {"runs": 2, "balls": 6, "wickets": 1}, "f0380005": {"runs": 2, "balls": 2, "wickets": 0}, "ad427b5c": {"runs": 3, "balls": 3, "wickets": 0}, "2ed569a0": {"runs": 1, "balls": 1, "wickets": 0}, "23eeb873": {"runs": 5, "balls": 5, "wickets": 0}, "98ae73b1": {"runs": 1, "balls": 2, "wickets": 0}, "8254ea06": {"runs": 0, "balls": 1, "wickets": 1}, "d3611425": {"runs": 1, "balls": 2, "wickets": 1}, "26a85969": {"runs": 1, "balls": 1, "wickets": 0}, "3bc10d5b": {"runs": 1, "balls": 1, "wickets": 0}, "cdc6bdba": {"runs": 5, "balls": 5, "wickets": 0}, "ce794613": {"runs": 3, "balls": 2, "wickets": 0}, "d14a9789": {"runs": 0, "balls": 1, "wickets": 1}, "cd8d2859": {"runs": 8, "balls": 2, "wickets": 0}, "4b31f3a3": {"runs": 2, "balls": 2, "wickets": 0}}, "fifties": 0, "thirties": 0, "centuries": 0, "maidens": 0.0, "hattricks": 0, "club_ODI_previous3_runs": [], "club_ODI_previous3_wickets": [], "club_ODI_previous3_balls played": [], "club_ODI_previous3_overs": [], "club_ODI_previous3_runs gave": [], "club_ODI_lifetime_runs": 0.0, "club_ODI_lifetime_wickets": 0.0, "club_ODI_lifetime_balls played": 0.0, "club_ODI_lifetime_overs": 0.0, "club_ODI_lifetime_runs gave": 0.0, "club_Test_previous3_runs": [], "club_Test_previous3_wickets": [], "club_Test_previous3_balls played": [], "club_Test_previous3_overs": [], "club_Test_previous3_runs gave": [], "club_Test_lifetime_runs": 0.0, "club_Test_lifetime_wickets": 0.0, "club_Test_lifetime_balls played": 0.0, "club_Test_lifetime_overs": 0.0, "club_Test_lifetime_runs gave": 0.0, "club_T20_previous3_runs": [0.0, 0.0, 10.0], "club_T20_previous3_wickets": [1.0, 1.0, 0.0], "club_T20_previous3_balls played": [0.0, 0.0, 4.0], "club_T20_previous3_overs": [3.0, 4.0, 4.0], "club_T20_previous3_runs gave": [12.0, 27.0, 20.0], "club_T20_lifetime_runs": 51.0, "club_T20_lifetime_wickets": 27.0, "club_T20_lifetime_balls played": 53.0, "club_T20_lifetime_overs": 130.83333333333331, "club_T20_lifetime_runs gave": 879.0, "international_ODI_previous3_runs": [], "international_ODI_previous3_wickets": [], "international_ODI_previous3_balls played": [], "international_ODI_previous3_overs": [], "international_ODI_previous3_runs gave": [], "international_ODI_lifetime_runs": 0.0, "international_ODI_lifetime_wickets": 0.0, "international_ODI_lifetime_balls played": 0.0, "international_ODI_lifetime_overs": 0.0, "international_ODI_lifetime_runs gave": 0.0, "international_Test_previous3_runs": [], "international_Test_previous3_wickets": [], "international_Test_previous3_balls played": [], "international_Test_previous3_overs": [], "international_Test_previous3_runs gave": [], "international_Test_lifetime_runs": 0.0, "international_Test_lifetime_wickets": 0.0, "international_Test_lifetime_balls played": 0.0, "international_Test_lifetime_overs": 0.0, "international_Test_lifetime_runs gave": 0.0, "international_T20_previous3_runs": [], "international_T20_previous3_wickets": [], "international_T20_previous3_balls played": [], "international_T20_previous3_overs": [], "international_T20_previous3_runs gave": [], "international_T20_lifetime_runs": 0.0, "international_T20_lifetime_wickets": 0.0, "international_T20_lifetime_balls played": 0.0, "international_T20_lifetime_overs": 0.0, "international_T20_lifetime_runs gave": 0.0}