{"played_against": {"58043739": {"runs": 7, "balls": 12, "wickets": 0}, "ccdd8308": {"runs": 34, "balls": 25, "wickets": 0}, "7be8a0ed": {"runs": 14, "balls": 17, "wickets": 1}, "18fac429": {"runs": 61, "balls": 61, "wickets": 1}, "221ad9d9": {"runs": 30, "balls": 18, "wickets": 0}, "7ca5e05d": {"runs": 0, "balls": 5, "wickets": 0}, "51e1ed69": {"runs": 6, "balls": 8, "wickets": 1}, "dd09ff8e": {"runs": 63, "balls": 57, "wickets": 1}, "94eac556": {"runs": 91, "balls": 89, "wickets": 2}, "4329fbb5": {"runs": 29, "balls": 42, "wickets": 2}, "fd835ab3": {"runs": 5, "balls": 10, "wickets": 0}, "2a2e6343": {"runs": 5, "balls": 5, "wickets": 1}, "502b2c81": {"runs": 34, "balls": 35, "wickets": 1}, "96a6a7ad": {"runs": 20, "balls": 25, "wickets": 0}, "f3171936": {"runs": 6, "balls": 14, "wickets": 0}, "f752db61": {"runs": 12, "balls": 6, "wickets": 0}, "13c35c9e": {"runs": 41, "balls": 43, "wickets": 1}, "3eac9d95": {"runs": 8, "balls": 4, "wickets": 0}, "5673a3fc": {"runs": 16, "balls": 22, "wickets": 0}, "2e966563": {"runs": 3, "balls": 5, "wickets": 0}, "d027ba9f": {"runs": 3, "balls": 5, "wickets": 1}, "8d8c24fd": {"runs": 2, "balls": 3, "wickets": 1}, "2e9fdf9b": {"runs": 15, "balls": 20, "wickets": 2}, "7fb32e5b": {"runs": 53, "balls": 58, "wickets": 1}, "f987245c": {"runs": 4, "balls": 5, "wickets": 0}, "a818c1be": {"runs": 16, "balls": 26, "wickets": 2}, "3fb19989": {"runs": 27, "balls": 28, "wickets": 3}, "ded9240e": {"runs": 10, "balls": 13, "wickets": 0}, "eba6a852": {"runs": 6, "balls": 4, "wickets": 0}, "cca50cd6": {"runs": 9, "balls": 4, "wickets": 0}, "896d78ad": {"runs": 13, "balls": 32, "wickets": 1}, "469ea22b": {"runs": 32, "balls": 48, "wickets": 0}, "a12e1d51": {"runs": 29, "balls": 37, "wickets": 2}, "ea0cdc12": {"runs": 30, "balls": 29, "wickets": 0}, "f5180fe6": {"runs": 12, "balls": 25, "wickets": 1}, "2e11c706": {"runs": 33, "balls": 24, "wickets": 0}, "808f425a": {"runs": 28, "balls": 34, "wickets": 0}, "b8d490fd": {"runs": 2, "balls": 6, "wickets": 0}, "03806cf8": {"runs": 74, "balls": 70, "wickets": 1}, "56ab442f": {"runs": 61, "balls": 40, "wickets": 1}, "59792462": {"runs": 34, "balls": 24, "wickets": 0}, "9de271ef": {"runs": 20, "balls": 23, "wickets": 0}, "49691d7a": {"runs": 54, "balls": 47, "wickets": 1}, "f32dbc84": {"runs": 9, "balls": 5, "wickets": 0}, "dd468277": {"runs": 25, "balls": 21, "wickets": 0}, "31fbf891": {"runs": 26, "balls": 19, "wickets": 0}, "ec4dada1": {"runs": 11, "balls": 7, "wickets": 0}, "5bbabe59": {"runs": 6, "balls": 5, "wickets": 1}, "a8e3170f": {"runs": 48, "balls": 68, "wickets": 5}, "086f5984": {"runs": 11, "balls": 21, "wickets": 0}, "2e81a32d": {"runs": 123, "balls": 103, "wickets": 2}, "5bb1a1c4": {"runs": 36, "balls": 35, "wickets": 1}, "cc1e8c68": {"runs": 38, "balls": 39, "wickets": 1}, "495d42a5": {"runs": 74, "balls": 56, "wickets": 0}, "ba607b88": {"runs": 14, "balls": 10, "wickets": 1}, "fe93fd9d": {"runs": 45, "balls": 35, "wickets": 1}, "2e8994e7": {"runs": 7, "balls": 4, "wickets": 0}, "12bffe91": {"runs": 4, "balls": 11, "wickets": 0}, "8fd1a8f5": {"runs": 17, "balls": 17, "wickets": 1}, "d2fcce2f": {"runs": 14, "balls": 8, "wickets": 1}, "8f7a598f": {"runs": 5, "balls": 4, "wickets": 1}, "c5928dec": {"runs": 0, "balls": 1, "wickets": 0}, "f476d2a5": {"runs": 22, "balls": 22, "wickets": 0}, "05d74535": {"runs": 7, "balls": 5, "wickets": 0}, "9ab63e7b": {"runs": 44, "balls": 59, "wickets": 3}, "b3118300": {"runs": 107, "balls": 81, "wickets": 3}, "0dc00542": {"runs": 39, "balls": 35, "wickets": 0}, "64d43928": {"runs": 102, "balls": 74, "wickets": 2}, "0f721006": {"runs": 125, "balls": 72, "wickets": 3}, "7dc35884": {"runs": 46, "balls": 39, "wickets": 2}, "e7de4f6b": {"runs": 57, "balls": 38, "wickets": 1}, "a757b0d8": {"runs": 53, "balls": 47, "wickets": 1}, "35205dfc": {"runs": 21, "balls": 17, "wickets": 1}, "e0557f7f": {"runs": 8, "balls": 7, "wickets": 0}, "cfe70281": {"runs": 4, "balls": 5, "wickets": 1}, "c03c6200": {"runs": 5, "balls": 9, "wickets": 0}, "c3d35165": {"runs": 3, "balls": 7, "wickets": 1}, "b67bfaae": {"runs": 38, "balls": 25, "wickets": 3}, "a8333aa9": {"runs": 11, "balls": 4, "wickets": 0}, "db767b89": {"runs": 1, "balls": 1, "wickets": 0}, "d76b0d2d": {"runs": 11, "balls": 5, "wickets": 0}, "a7c226e1": {"runs": 20, "balls": 21, "wickets": 0}, "76388dc8": {"runs": 61, "balls": 35, "wickets": 1}, "557153ca": {"runs": 27, "balls": 18, "wickets": 1}, "87e562a9": {"runs": 68, "balls": 46, "wickets": 2}, "c0babb93": {"runs": 12, "balls": 4, "wickets": 0}, "531f0278": {"runs": 69, "balls": 49, "wickets": 2}, "1e66c162": {"runs": 20, "balls": 15, "wickets": 0}, "8cf9814c": {"runs": 41, "balls": 18, "wickets": 1}, "759ac88f": {"runs": 7, "balls": 7, "wickets": 0}, "51a3c5ef": {"runs": 15, "balls": 31, "wickets": 2}, "8abdf100": {"runs": 2, "balls": 8, "wickets": 0}, "350bb1b1": {"runs": 10, "balls": 14, "wickets": 1}, "9219eff0": {"runs": 24, "balls": 14, "wickets": 1}, "ffe699c0": {"runs": 43, "balls": 28, "wickets": 2}, "78dfe704": {"runs": 87, "balls": 72, "wickets": 1}, "d68e7f48": {"runs": 29, "balls": 27, "wickets": 2}, "73c18486": {"runs": 41, "balls": 43, "wickets": 2}, "64c34cd0": {"runs": 8, "balls": 10, "wickets": 1}, "9868bc75": {"runs": 8, "balls": 5, "wickets": 0}, "d9609443": {"runs": 6, "balls": 10, "wickets": 1}, "a1d053dd": {"runs": 75, "balls": 55, "wickets": 3}, "7d21eb9b": {"runs": 1, "balls": 3, "wickets": 0}, "e342e5fb": {"runs": 36, "balls": 23, "wickets": 0}, "d7c6af50": {"runs": 19, "balls": 19, "wickets": 1}, "4180d897": {"runs": 5, "balls": 7, "wickets": 1}, "684a56df": {"runs": 47, "balls": 33, "wickets": 0}, "9d430b40": {"runs": 83, "balls": 71, "wickets": 2}, "89f64c19": {"runs": 14, "balls": 9, "wickets": 0}, "16edfe47": {"runs": 2, "balls": 3, "wickets": 1}, "e70a0811": {"runs": 14, "balls": 5, "wickets": 0}, "4861d29b": {"runs": 17, "balls": 17, "wickets": 0}, "26534b48": {"runs": 23, "balls": 13, "wickets": 0}, "eb7af112": {"runs": 1, "balls": 3, "wickets": 0}, "18eaf2fa": {"runs": 0, "balls": 2, "wickets": 1}, "86dc8f2e": {"runs": 15, "balls": 7, "wickets": 2}, "e258a603": {"runs": 18, "balls": 9, "wickets": 0}, "a03bba42": {"runs": 87, "balls": 54, "wickets": 2}, "1013ace8": {"runs": 9, "balls": 7, "wickets": 0}, "d4eef961": {"runs": 9, "balls": 5, "wickets": 0}, "26ff4c29": {"runs": 7, "balls": 6, "wickets": 1}, "d7725664": {"runs": 25, "balls": 15, "wickets": 1}, "364ee2cf": {"runs": 6, "balls": 11, "wickets": 0}, "aa8d28ae": {"runs": 14, "balls": 16, "wickets": 3}, "2f28dc94": {"runs": 23, "balls": 27, "wickets": 2}, "4c4fa80b": {"runs": 38, "balls": 19, "wickets": 0}, "b58b7db6": {"runs": 10, "balls": 10, "wickets": 0}, "bf7842c9": {"runs": 16, "balls": 20, "wickets": 0}, "5bdcdb72": {"runs": 6, "balls": 5, "wickets": 0}, "327b58d3": {"runs": 24, "balls": 16, "wickets": 3}, "7f048519": {"runs": 1, "balls": 10, "wickets": 2}, "aceb7654": {"runs": 1, "balls": 4, "wickets": 1}, "e62dd25d": {"runs": 40, "balls": 45, "wickets": 2}, "fb66ce1f": {"runs": 23, "balls": 33, "wickets": 0}, "acee4cc4": {"runs": 67, "balls": 63, "wickets": 5}, "7f8ecc51": {"runs": 15, "balls": 17, "wickets": 0}, "96fd40ae": {"runs": 6, "balls": 8, "wickets": 0}, "462411b3": {"runs": 16, "balls": 8, "wickets": 0}, "dbe50b21": {"runs": 24, "balls": 17, "wickets": 1}, "a343262c": {"runs": 0, "balls": 1, "wickets": 1}, "a9da7784": {"runs": 9, "balls": 10, "wickets": 0}, "3d8feaf8": {"runs": 5, "balls": 14, "wickets": 0}, "12b610c2": {"runs": 2, "balls": 3, "wickets": 0}, "14f96089": {"runs": 34, "balls": 35, "wickets": 1}, "3a60e0b5": {"runs": 59, "balls": 31, "wickets": 0}, "ea3ffd1b": {"runs": 30, "balls": 15, "wickets": 0}, "0f12f9df": {"runs": 32, "balls": 15, "wickets": 0}, "0a9d8b61": {"runs": 2, "balls": 2, "wickets": 0}, "b0946605": {"runs": 23, "balls": 16, "wickets": 1}, "df60a57a": {"runs": 17, "balls": 4, "wickets": 0}, "ed90abe4": {"runs": 19, "balls": 20, "wickets": 0}, "9cb8d7a6": {"runs": 105, "balls": 104, "wickets": 3}, "78cb83f3": {"runs": 52, "balls": 40, "wickets": 0}, "bbd41817": {"runs": 48, "balls": 18, "wickets": 1}, "650d5e49": {"runs": 25, "balls": 16, "wickets": 0}, "30baaf1f": {"runs": 12, "balls": 4, "wickets": 0}, "78bb68d4": {"runs": 1, "balls": 3, "wickets": 0}, "6b19d823": {"runs": 0, "balls": 1, "wickets": 1}, "3086f7a4": {"runs": 34, "balls": 30, "wickets": 1}, "e174dadd": {"runs": 102, "balls": 77, "wickets": 3}, "dbfb8218": {"runs": 2, "balls": 5, "wickets": 0}, "4b2d6789": {"runs": 0, "balls": 1, "wickets": 1}, "a61bcb94": {"runs": 41, "balls": 58, "wickets": 2}, "4d7f517e": {"runs": 72, "balls": 93, "wickets": 2}, "2ae01eb0": {"runs": 19, "balls": 19, "wickets": 0}, "5f547c8b": {"runs": 19, "balls": 20, "wickets": 2}, "6f4c73ce": {"runs": 1, "balls": 1, "wickets": 0}, "75224f22": {"runs": 42, "balls": 21, "wickets": 2}, "68ddabdb": {"runs": 5, "balls": 3, "wickets": 1}, "b52ffbbd": {"runs": 30, "balls": 38, "wickets": 3}, "f8cdc4d7": {"runs": 3, "balls": 3, "wickets": 0}, "0d51e658": {"runs": 2, "balls": 4, "wickets": 0}, "c58b0108": {"runs": 7, "balls": 9, "wickets": 1}, "eca6dcb2": {"runs": 6, "balls": 9, "wickets": 0}, "4948a447": {"runs": 0, "balls": 4, "wickets": 1}, "0f348f58": {"runs": 21, "balls": 18, "wickets": 1}, "8919756f": {"runs": 8, "balls": 13, "wickets": 0}, "31803fac": {"runs": 12, "balls": 10, "wickets": 0}, "9dad0f2e": {"runs": 56, "balls": 25, "wickets": 0}, "2911de16": {"runs": 16, "balls": 15, "wickets": 0}, "b3a28446": {"runs": 47, "balls": 25, "wickets": 0}, "3f5f39cd": {"runs": 17, "balls": 11, "wickets": 1}, "9f0270e0": {"runs": 14, "balls": 10, "wickets": 0}, "b0eaaac6": {"runs": 63, "balls": 40, "wickets": 1}, "22ae3041": {"runs": 42, "balls": 34, "wickets": 1}, "49dc9cb4": {"runs": 24, "balls": 12, "wickets": 1}, "4a745f65": {"runs": 7, "balls": 11, "wickets": 0}, "30a45b23": {"runs": 8, "balls": 6, "wickets": 1}, "7fa12533": {"runs": 24, "balls": 11, "wickets": 0}, "8d5d991e": {"runs": 10, "balls": 8, "wickets": 1}, "f7c3d426": {"runs": 19, "balls": 8, "wickets": 0}, "1bb0993e": {"runs": 11, "balls": 11, "wickets": 0}, "5dbdecf1": {"runs": 11, "balls": 11, "wickets": 0}, "2353b224": {"runs": 36, "balls": 14, "wickets": 0}, "afa78c3a": {"runs": 15, "balls": 7, "wickets": 0}, "26d041c4": {"runs": 41, "balls": 32, "wickets": 0}, "1670dcfd": {"runs": 5, "balls": 6, "wickets": 0}, "6575e3bc": {"runs": 3, "balls": 3, "wickets": 0}, "e186f49c": {"runs": 21, "balls": 13, "wickets": 0}, "ef18b66e": {"runs": 3, "balls": 2, "wickets": 0}, "cb5100f1": {"runs": 12, "balls": 7, "wickets": 0}, "54279e23": {"runs": 3, "balls": 6, "wickets": 2}, "f59b3bd1": {"runs": 0, "balls": 2, "wickets": 1}, "3be224b0": {"runs": 19, "balls": 11, "wickets": 0}, "f69f1d8a": {"runs": 3, "balls": 4, "wickets": 1}, "4a461c24": {"runs": 10, "balls": 11, "wickets": 1}, "9de62878": {"runs": 55, "balls": 35, "wickets": 2}, "a6fc52a9": {"runs": 13, "balls": 5, "wickets": 0}, "8596fe80": {"runs": 21, "balls": 14, "wickets": 0}, "f0e722e0": {"runs": 12, "balls": 7, "wickets": 1}, "45a7e761": {"runs": 10, "balls": 4, "wickets": 0}, "b410bd3d": {"runs": 13, "balls": 4, "wickets": 0}, "24bb1c2f": {"runs": 12, "balls": 11, "wickets": 0}, "770494eb": {"runs": 7, "balls": 5, "wickets": 0}, "19b9f399": {"runs": 68, "balls": 59, "wickets": 2}, "9d450c28": {"runs": 20, "balls": 18, "wickets": 0}, "34b332d3": {"runs": 34, "balls": 23, "wickets": 0}, "6dd8b88c": {"runs": 23, "balls": 13, "wickets": 1}, "a990c9c4": {"runs": 10, "balls": 9, "wickets": 0}, "51a36d3e": {"runs": 4, "balls": 6, "wickets": 1}, "529eb9e0": {"runs": 58, "balls": 38, "wickets": 2}, "a316d663": {"runs": 9, "balls": 7, "wickets": 1}, "786b7fe8": {"runs": 25, "balls": 20, "wickets": 0}, "65be8bb2": {"runs": 7, "balls": 7, "wickets": 0}, "4175d211": {"runs": 5, "balls": 7, "wickets": 2}, "f2665768": {"runs": 3, "balls": 2, "wickets": 0}, "f78e7113": {"runs": 16, "balls": 12, "wickets": 0}, "c4d9634c": {"runs": 22, "balls": 16, "wickets": 0}, "44a18ad8": {"runs": 9, "balls": 15, "wickets": 0}, "7183799b": {"runs": 32, "balls": 14, "wickets": 0}, "af2c687b": {"runs": 12, "balls": 7, "wickets": 0}, "99ed60f8": {"runs": 7, "balls": 7, "wickets": 0}, "b2a79f17": {"runs": 6, "balls": 4, "wickets": 0}, "c5aef772": {"runs": 59, "balls": 32, "wickets": 2}, "37654b75": {"runs": 17, "balls": 30, "wickets": 1}, "f56cd097": {"runs": 23, "balls": 11, "wickets": 0}, "4a491652": {"runs": 41, "balls": 27, "wickets": 0}, "9d1d34bd": {"runs": 8, "balls": 11, "wickets": 0}, "0b7363da": {"runs": 2, "balls": 8, "wickets": 1}, "1a8eebbe": {"runs": 16, "balls": 7, "wickets": 0}, "607ed7c2": {"runs": 9, "balls": 5, "wickets": 0}, "8b248d88": {"runs": 25, "balls": 10, "wickets": 1}, "80ad39ac": {"runs": 10, "balls": 6, "wickets": 0}, "aa467af0": {"runs": 3, "balls": 7, "wickets": 0}, "1f7adc8a": {"runs": 11, "balls": 12, "wickets": 0}, "0a8fce53": {"runs": 0, "balls": 1, "wickets": 0}, "a699488a": {"runs": 6, "balls": 5, "wickets": 1}, "f28a60e0": {"runs": 10, "balls": 10, "wickets": 0}, "fef92afc": {"runs": 12, "balls": 8, "wickets": 1}, "ded9ff1e": {"runs": 64, "balls": 35, "wickets": 4}, "2b85c8e6": {"runs": 2, "balls": 4, "wickets": 0}, "7d92277a": {"runs": 8, "balls": 9, "wickets": 1}, "ef39fc7f": {"runs": 2, "balls": 2, "wickets": 0}, "62af8546": {"runs": 9, "balls": 6, "wickets": 0}, "3feda4fa": {"runs": 7, "balls": 10, "wickets": 1}, "151c258b": {"runs": 2, "balls": 6, "wickets": 1}, "314642ed": {"runs": 1, "balls": 6, "wickets": 1}, "c6097d68": {"runs": 1, "balls": 4, "wickets": 1}, "5eef2118": {"runs": 5, "balls": 5, "wickets": 0}, "2af838ee": {"runs": 0, "balls": 2, "wickets": 1}, "ac5ae4af": {"runs": 2, "balls": 4, "wickets": 1}, "4751caa3": {"runs": 12, "balls": 8, "wickets": 1}, "8012d0b8": {"runs": 12, "balls": 7, "wickets": 0}, "b529630e": {"runs": 6, "balls": 12, "wickets": 0}, "eb2d5fe7": {"runs": 16, "balls": 8, "wickets": 0}, "3ff033bb": {"runs": 24, "balls": 9, "wickets": 0}, "1be67d37": {"runs": 3, "balls": 3, "wickets": 0}, "ee1b6c27": {"runs": 12, "balls": 4, "wickets": 0}, "0a2184d9": {"runs": 0, "balls": 5, "wickets": 1}, "27c5715d": {"runs": 11, "balls": 4, "wickets": 1}, "486065b3": {"runs": 3, "balls": 2, "wickets": 0}, "9e9af5f2": {"runs": 28, "balls": 13, "wickets": 2}, "bd4ea627": {"runs": 12, "balls": 11, "wickets": 2}, "54c2b697": {"runs": 22, "balls": 15, "wickets": 2}, "9c9af282": {"runs": 5, "balls": 5, "wickets": 0}, "4557dc54": {"runs": 8, "balls": 4, "wickets": 0}, "97bdec3d": {"runs": 83, "balls": 51, "wickets": 1}, "23cca426": {"runs": 27, "balls": 12, "wickets": 0}, "24f6e254": {"runs": 8, "balls": 3, "wickets": 0}, "172dff15": {"runs": 20, "balls": 11, "wickets": 0}, "1ac2a995": {"runs": 2, "balls": 4, "wickets": 1}, "8dc152d1": {"runs": 15, "balls": 9, "wickets": 0}, "c8d45843": {"runs": 12, "balls": 9, "wickets": 0}, "5b16a806": {"runs": 16, "balls": 13, "wickets": 0}, "11614d87": {"runs": 65, "balls": 33, "wickets": 1}, "7cb2d9d2": {"runs": 13, "balls": 5, "wickets": 0}, "eaa76d3c": {"runs": 10, "balls": 8, "wickets": 1}, "6e3f5a5c": {"runs": 6, "balls": 6, "wickets": 1}, "449f4e3c": {"runs": 13, "balls": 12, "wickets": 0}, "b08252b8": {"runs": 24, "balls": 13, "wickets": 0}, "afe57f7a": {"runs": 3, "balls": 3, "wickets": 0}, "9061a703": {"runs": 6, "balls": 6, "wickets": 0}, "fc55ec67": {"runs": 3, "balls": 4, "wickets": 0}, "3766056b": {"runs": 1, "balls": 3, "wickets": 0}, "478a63e7": {"runs": 15, "balls": 5, "wickets": 0}, "c9945bdf": {"runs": 0, "balls": 2, "wickets": 1}, "8ac11b50": {"runs": 2, "balls": 2, "wickets": 0}, "6eea0b32": {"runs": 9, "balls": 5, "wickets": 0}, "dca1ac2e": {"runs": 6, "balls": 10, "wickets": 0}, "902d916b": {"runs": 5, "balls": 5, "wickets": 0}, "65a2fff5": {"runs": 0, "balls": 1, "wickets": 1}, "8c7b16c8": {"runs": 33, "balls": 10, "wickets": 0}, "5318ee68": {"runs": 27, "balls": 10, "wickets": 1}, "390c914c": {"runs": 4, "balls": 8, "wickets": 1}, "c6a1b1bb": {"runs": 39, "balls": 13, "wickets": 0}, "c27518d2": {"runs": 6, "balls": 5, "wickets": 1}, "e5437608": {"runs": 21, "balls": 29, "wickets": 0}, "65b6943c": {"runs": 31, "balls": 17, "wickets": 1}, "0b0cc297": {"runs": 11, "balls": 10, "wickets": 0}, "9a2fc964": {"runs": 8, "balls": 13, "wickets": 1}, "8361e524": {"runs": 13, "balls": 6, "wickets": 0}, "acdc62f5": {"runs": 35, "balls": 19, "wickets": 0}, "6a26221c": {"runs": 19, "balls": 6, "wickets": 0}, "81c36ee9": {"runs": 37, "balls": 12, "wickets": 1}, "84dc72db": {"runs": 7, "balls": 9, "wickets": 0}, "f5715b48": {"runs": 40, "balls": 16, "wickets": 1}, "d2d15439": {"runs": 25, "balls": 28, "wickets": 0}, "f0e293b0": {"runs": 5, "balls": 14, "wickets": 1}, "cec44e08": {"runs": 12, "balls": 8, "wickets": 0}, "94759472": {"runs": 12, "balls": 5, "wickets": 0}, "098a757c": {"runs": 0, "balls": 3, "wickets": 0}, "c8a3f688": {"runs": 10, "balls": 18, "wickets": 0}, "3674b3c1": {"runs": 20, "balls": 18, "wickets": 0}, "5ec41cd7": {"runs": 16, "balls": 17, "wickets": 0}, "f7d267f7": {"runs": 11, "balls": 23, "wickets": 0}, "17aa4f1d": {"runs": 12, "balls": 9, "wickets": 0}, "a9231c3f": {"runs": 1, "balls": 2, "wickets": 1}, "f53b3e1d": {"runs": 0, "balls": 3, "wickets": 0}, "6ad2d5f7": {"runs": 0, "balls": 2, "wickets": 0}, "9811e35e": {"runs": 0, "balls": 1, "wickets": 1}, "3a7ea906": {"runs": 15, "balls": 17, "wickets": 0}, "782fb776": {"runs": 19, "balls": 10, "wickets": 1}, "803dbf1d": {"runs": 7, "balls": 10, "wickets": 0}, "527c2dab": {"runs": 15, "balls": 15, "wickets": 0}, "fc4375ef": {"runs": 5, "balls": 3, "wickets": 0}, "436c763a": {"runs": 0, "balls": 6, "wickets": 1}, "dcdb87f2": {"runs": 4, "balls": 5, "wickets": 0}, "72253b87": {"runs": 0, "balls": 1, "wickets": 1}, "de7d833e": {"runs": 16, "balls": 15, "wickets": 0}, "f24c6701": {"runs": 25, "balls": 25, "wickets": 0}, "64839cb3": {"runs": 3, "balls": 5, "wickets": 0}, "57ee1fde": {"runs": 8, "balls": 4, "wickets": 0}, "2e171977": {"runs": 6, "balls": 8, "wickets": 0}, "8d2c70ad": {"runs": 0, "balls": 4, "wickets": 1}, "30afc92b": {"runs": 8, "balls": 8, "wickets": 1}, "66162077": {"runs": 5, "balls": 4, "wickets": 0}, "05c2ca46": {"runs": 39, "balls": 21, "wickets": 0}, "9cab5daf": {"runs": 17, "balls": 13, "wickets": 1}, "92b7602a": {"runs": 14, "balls": 15, "wickets": 0}, "0bec3a6c": {"runs": 13, "balls": 13, "wickets": 1}, "8db7f47f": {"runs": 10, "balls": 12, "wickets": 0}, "4c5d73db": {"runs": 14, "balls": 10, "wickets": 0}, "0ecb4de6": {"runs": 10, "balls": 4, "wickets": 0}, "249d60c9": {"runs": 11, "balls": 11, "wickets": 1}, "402f8494": {"runs": 12, "balls": 9, "wickets": 0}, "62175638": {"runs": 0, "balls": 1, "wickets": 0}, "59559bc2": {"runs": 8, "balls": 5, "wickets": 2}, "dfc4d8b5": {"runs": 21, "balls": 12, "wickets": 0}, "dd572696": {"runs": 13, "balls": 11, "wickets": 0}, "9d0344f3": {"runs": 19, "balls": 7, "wickets": 0}, "e9c7f0d0": {"runs": 10, "balls": 11, "wickets": 1}, "3f1066d0": {"runs": 39, "balls": 12, "wickets": 0}, "4933f499": {"runs": 17, "balls": 8, "wickets": 0}, "b681e71e": {"runs": 5, "balls": 2, "wickets": 0}, "1a2676c5": {"runs": 5, "balls": 3, "wickets": 0}, "d9273ee7": {"runs": 2, "balls": 3, "wickets": 1}, "83c3e8e3": {"runs": 8, "balls": 2, "wickets": 0}, "3b53243a": {"runs": 4, "balls": 6, "wickets": 1}, "dda5aae5": {"runs": 6, "balls": 4, "wickets": 0}, "245c97cb": {"runs": 15, "balls": 6, "wickets": 0}, "3b8679bf": {"runs": 11, "balls": 3, "wickets": 0}, "abb7c76c": {"runs": 12, "balls": 8, "wickets": 0}, "d07c1b2f": {"runs": 7, "balls": 3, "wickets": 0}, "e94d1dcd": {"runs": 27, "balls": 10, "wickets": 0}, "373838de": {"runs": 2, "balls": 4, "wickets": 0}, "33609a8c": {"runs": 1, "balls": 3, "wickets": 0}, "a8e54ef4": {"runs": 4, "balls": 5, "wickets": 0}, "6b9eb501": {"runs": 1, "balls": 3, "wickets": 1}, "f834dcfc": {"runs": 6, "balls": 2, "wickets": 0}, "3204c99f": {"runs": 22, "balls": 4, "wickets": 0}, "c96f6ac5": {"runs": 8, "balls": 5, "wickets": 0}, "212aeedd": {"runs": 7, "balls": 3, "wickets": 1}, "4d1ec7eb": {"runs": 0, "balls": 1, "wickets": 0}, "30d8136b": {"runs": 2, "balls": 7, "wickets": 0}, "395695ce": {"runs": 13, "balls": 11, "wickets": 0}, "414d8a10": {"runs": 10, "balls": 5, "wickets": 0}, "87e33d07": {"runs": 13, "balls": 10, "wickets": 0}, "f33cfd25": {"runs": 6, "balls": 5, "wickets": 0}, "46a7ac78": {"runs": 0, "balls": 2, "wickets": 1}, "8d92a2c3": {"runs": 7, "balls": 5, "wickets": 0}, "5574750c": {"runs": 10, "balls": 8, "wickets": 0}, "bb351c23": {"runs": 4, "balls": 6, "wickets": 2}, "0bf15e52": {"runs": 6, "balls": 5, "wickets": 1}, "97b0e4ff": {"runs": 5, "balls": 2, "wickets": 0}, "97290faf": {"runs": 19, "balls": 6, "wickets": 0}, "2f43ee81": {"runs": 30, "balls": 12, "wickets": 0}, "a97c8ec2": {"runs": 7, "balls": 8, "wickets": 1}, "bed90114": {"runs": 14, "balls": 5, "wickets": 0}, "0b60eb09": {"runs": 19, "balls": 11, "wickets": 0}}, "fifties": 5, "thirties": 102, "centuries": 0, "maidens": 0.0, "hattricks": 0, "club_ODI_previous3_runs": [], "club_ODI_previous3_wickets": [], "club_ODI_previous3_balls played": [], "club_ODI_previous3_overs": [], "club_ODI_previous3_runs gave": [], "club_ODI_lifetime_runs": 0.0, "club_ODI_lifetime_wickets": 0.0, "club_ODI_lifetime_balls played": 0.0, "club_ODI_lifetime_overs": 0.0, "club_ODI_lifetime_runs gave": 0.0, "club_Test_previous3_runs": [], "club_Test_previous3_wickets": [], "club_Test_previous3_balls played": [], "club_Test_previous3_overs": [], "club_Test_previous3_runs gave": [], "club_Test_lifetime_runs": 0.0, "club_Test_lifetime_wickets": 0.0, "club_Test_lifetime_balls played": 0.0, "club_Test_lifetime_overs": 0.0, "club_Test_lifetime_runs gave": 0.0, "club_T20_previous3_runs": [12.0, 79.0, 7.0], "club_T20_previous3_wickets": [0.0, 0.0, 0.0], "club_T20_previous3_balls played": [8.0, 44.0, 10.0], "club_T20_previous3_overs": [0.0, 0.0, 0.0], "club_T20_previous3_runs gave": [0.0, 0.0, 0.0], "club_T20_lifetime_runs": 4946.0, "club_T20_lifetime_wickets": 2.0, "club_T20_lifetime_balls played": 3631.0, "club_T20_lifetime_overs": 4.166666666666666, "club_T20_lifetime_runs gave": 46.0, "international_ODI_previous3_runs": [0.0, 4.0, 39.0], "international_ODI_previous3_wickets": [0.0, 0.0, 0.0], "international_ODI_previous3_balls played": [6.0, 6.0, 38.0], "international_ODI_previous3_overs": [0.0, 0.0, 0.0], "international_ODI_previous3_runs gave": [0.0, 0.0, 0.0], "international_ODI_lifetime_runs": 1544.0, "international_ODI_lifetime_wickets": 0.0, "international_ODI_lifetime_balls played": 1801.0, "international_ODI_lifetime_overs": 0.8333333333333334, "international_ODI_lifetime_runs gave": 12.0, "international_Test_previous3_runs": [], "international_Test_previous3_wickets": [], "international_Test_previous3_balls played": [], "international_Test_previous3_overs": [], "international_Test_previous3_runs gave": [], "international_Test_lifetime_runs": 0.0, "international_Test_lifetime_wickets": 0.0, "international_Test_lifetime_balls played": 0.0, "international_Test_lifetime_overs": 0.0, "international_Test_lifetime_runs gave": 0.0, "international_T20_previous3_runs": [0.0, 38.0, 15.0], "international_T20_previous3_wickets": [0.0, 0.0, 0.0], "international_T20_previous3_balls played": [5.0, 34.0, 14.0], "international_T20_previous3_overs": [0.0, 0.0, 0.0], "international_T20_previous3_runs gave": [0.0, 0.0, 0.0], "international_T20_lifetime_runs": 1237.0, "international_T20_lifetime_wickets": 0.0, "international_T20_lifetime_balls played": 944.0, "international_T20_lifetime_overs": 0.0, "international_T20_lifetime_runs gave": 0.0}