{"played_against": {"242f4ef1": {"runs": 5, "balls": 2, "wickets": 0}, "12c9c558": {"runs": 4, "balls": 13, "wickets": 0}, "4522ba9a": {"runs": 3, "balls": 6, "wickets": 0}, "c10747c3": {"runs": 10, "balls": 18, "wickets": 1}, "119007ef": {"runs": 8, "balls": 13, "wickets": 0}, "55e0d2a1": {"runs": 17, "balls": 15, "wickets": 0}, "fcec4285": {"runs": 9, "balls": 14, "wickets": 0}, "33e72826": {"runs": 6, "balls": 11, "wickets": 0}, "f0e8d51a": {"runs": 3, "balls": 15, "wickets": 0}}, "fifties": 0, "thirties": 1, "centuries": 0, "maidens": 0.0, "hattricks": 0, "club_ODI_previous3_runs": [], "club_ODI_previous3_wickets": [], "club_ODI_previous3_balls played": [], "club_ODI_previous3_overs": [], "club_ODI_previous3_runs gave": [], "club_ODI_lifetime_runs": 0.0, "club_ODI_lifetime_wickets": 0.0, "club_ODI_lifetime_balls played": 0.0, "club_ODI_lifetime_overs": 0.0, "club_ODI_lifetime_runs gave": 0.0, "club_Test_previous3_runs": [], "club_Test_previous3_wickets": [], "club_Test_previous3_balls played": [], "club_Test_previous3_overs": [], "club_Test_previous3_runs gave": [], "club_Test_lifetime_runs": 0.0, "club_Test_lifetime_wickets": 0.0, "club_Test_lifetime_balls played": 0.0, "club_Test_lifetime_overs": 0.0, "club_Test_lifetime_runs gave": 0.0, "club_T20_previous3_runs": [], "club_T20_previous3_wickets": [], "club_T20_previous3_balls played": [], "club_T20_previous3_overs": [], "club_T20_previous3_runs gave": [], "club_T20_lifetime_runs": 0.0, "club_T20_lifetime_wickets": 0.0, "club_T20_lifetime_balls played": 0.0, "club_T20_lifetime_overs": 0.0, "club_T20_lifetime_runs gave": 0.0, "international_ODI_previous3_runs": [12.0, 53.0, 0.0], "international_ODI_previous3_wickets": [0.0, 0.0, 0.0], "international_ODI_previous3_balls played": [22.0, 87.0, 0.0], "international_ODI_previous3_overs": [0.0, 0.0, 0.0], "international_ODI_previous3_runs gave": [0.0, 0.0, 0.0], "international_ODI_lifetime_runs": 65.0, "international_ODI_lifetime_wickets": 0.0, "international_ODI_lifetime_balls played": 109.0, "international_ODI_lifetime_overs": 0.0, "international_ODI_lifetime_runs gave": 0.0, "international_Test_previous3_runs": [], "international_Test_previous3_wickets": [], "international_Test_previous3_balls played": [], "international_Test_previous3_overs": [], "international_Test_previous3_runs gave": [], "international_Test_lifetime_runs": 0.0, "international_Test_lifetime_wickets": 0.0, "international_Test_lifetime_balls played": 0.0, "international_Test_lifetime_overs": 0.0, "international_Test_lifetime_runs gave": 0.0, "international_T20_previous3_runs": [], "international_T20_previous3_wickets": [], "international_T20_previous3_balls played": [], "international_T20_previous3_overs": [], "international_T20_previous3_runs gave": [], "international_T20_lifetime_runs": 0.0, "international_T20_lifetime_wickets": 0.0, "international_T20_lifetime_balls played": 0.0, "international_T20_lifetime_overs": 0.0, "international_T20_lifetime_runs gave": 0.0}