{"played_against": {"d2a989fc": {"runs": 1, "balls": 2, "wickets": 1}, "db31895a": {"runs": 1, "balls": 1, "wickets": 0}, "40792cff": {"runs": 4, "balls": 2, "wickets": 1}, "edb3d4f8": {"runs": 2, "balls": 3, "wickets": 0}, "66cf56a5": {"runs": 2, "balls": 2, "wickets": 0}, "41eb4a4f": {"runs": 1, "balls": 4, "wickets": 0}, "957532de": {"runs": 0, "balls": 1, "wickets": 1}}, "fifties": 0, "thirties": 0, "centuries": 0, "maidens": 1.0, "hattricks": 0, "club_ODI_previous3_runs": [], "club_ODI_previous3_wickets": [], "club_ODI_previous3_balls played": [], "club_ODI_previous3_overs": [], "club_ODI_previous3_runs gave": [], "club_ODI_lifetime_runs": 0.0, "club_ODI_lifetime_wickets": 0.0, "club_ODI_lifetime_balls played": 0.0, "club_ODI_lifetime_overs": 0.0, "club_ODI_lifetime_runs gave": 0.0, "club_Test_previous3_runs": [], "club_Test_previous3_wickets": [], "club_Test_previous3_balls played": [], "club_Test_previous3_overs": [], "club_Test_previous3_runs gave": [], "club_Test_lifetime_runs": 0.0, "club_Test_lifetime_wickets": 0.0, "club_Test_lifetime_balls played": 0.0, "club_Test_lifetime_overs": 0.0, "club_Test_lifetime_runs gave": 0.0, "club_T20_previous3_runs": [0.0, 0.0, 5.0], "club_T20_previous3_wickets": [2.0, 2.0, 0.0], "club_T20_previous3_balls played": [0.0, 0.0, 10.0], "club_T20_previous3_overs": [4.0, 3.3333333333333335, 2.0], "club_T20_previous3_runs gave": [32.0, 40.0, 13.0], "club_T20_lifetime_runs": 11.0, "club_T20_lifetime_wickets": 7.0, "club_T20_lifetime_balls played": 15.0, "club_T20_lifetime_overs": 17.333333333333336, "club_T20_lifetime_runs gave": 131.0, "international_ODI_previous3_runs": [], "international_ODI_previous3_wickets": [], "international_ODI_previous3_balls played": [], "international_ODI_previous3_overs": [], "international_ODI_previous3_runs gave": [], "international_ODI_lifetime_runs": 0.0, "international_ODI_lifetime_wickets": 0.0, "international_ODI_lifetime_balls played": 0.0, "international_ODI_lifetime_overs": 0.0, "international_ODI_lifetime_runs gave": 0.0, "international_Test_previous3_runs": [], "international_Test_previous3_wickets": [], "international_Test_previous3_balls played": [], "international_Test_previous3_overs": [], "international_Test_previous3_runs gave": [], "international_Test_lifetime_runs": 0.0, "international_Test_lifetime_wickets": 0.0, "international_Test_lifetime_balls played": 0.0, "international_Test_lifetime_overs": 0.0, "international_Test_lifetime_runs gave": 0.0, "international_T20_previous3_runs": [], "international_T20_previous3_wickets": [], "international_T20_previous3_balls played": [], "international_T20_previous3_overs": [], "international_T20_previous3_runs gave": [], "international_T20_lifetime_runs": 0.0, "international_T20_lifetime_wickets": 0.0, "international_T20_lifetime_balls played": 0.0, "international_T20_lifetime_overs": 0.0, "international_T20_lifetime_runs gave": 0.0}