{"played_against": {"ad580a96": {"runs": 0, "balls": 3, "wickets": 1}, "521abce2": {"runs": 1, "balls": 2, "wickets": 0}, "44b53fba": {"runs": 0, "balls": 1, "wickets": 0}, "6c8904c8": {"runs": 1, "balls": 6, "wickets": 0}, "31c56f40": {"runs": 1, "balls": 8, "wickets": 1}, "5bb904d4": {"runs": 1, "balls": 5, "wickets": 0}, "dfdaca74": {"runs": 0, "balls": 6, "wickets": 0}, "0cd297b9": {"runs": 1, "balls": 4, "wickets": 0}, "4b95058b": {"runs": 0, "balls": 3, "wickets": 1}, "4c7744de": {"runs": 1, "balls": 2, "wickets": 0}, "7467fe01": {"runs": 0, "balls": 1, "wickets": 1}, "4f1208a8": {"runs": 0, "balls": 1, "wickets": 0}, "2d99b12e": {"runs": 6, "balls": 5, "wickets": 1}, "659fc11f": {"runs": 1, "balls": 2, "wickets": 0}, "74eecff4": {"runs": 1, "balls": 6, "wickets": 1}, "c4022bff": {"runs": 0, "balls": 5, "wickets": 0}, "2b0deff9": {"runs": 1, "balls": 10, "wickets": 0}, "d04fc4a4": {"runs": 0, "balls": 7, "wickets": 2}, "e910d955": {"runs": 1, "balls": 7, "wickets": 0}, "0baa36e0": {"runs": 1, "balls": 4, "wickets": 0}}, "fifties": 0, "thirties": 0, "centuries": 0, "maidens": 1.0, "hattricks": 0, "club_ODI_previous3_runs": [], "club_ODI_previous3_wickets": [], "club_ODI_previous3_balls played": [], "club_ODI_previous3_overs": [], "club_ODI_previous3_runs gave": [], "club_ODI_lifetime_runs": 0.0, "club_ODI_lifetime_wickets": 0.0, "club_ODI_lifetime_balls played": 0.0, "club_ODI_lifetime_overs": 0.0, "club_ODI_lifetime_runs gave": 0.0, "club_Test_previous3_runs": [], "club_Test_previous3_wickets": [], "club_Test_previous3_balls played": [], "club_Test_previous3_overs": [], "club_Test_previous3_runs gave": [], "club_Test_lifetime_runs": 0.0, "club_Test_lifetime_wickets": 0.0, "club_Test_lifetime_balls played": 0.0, "club_Test_lifetime_overs": 0.0, "club_Test_lifetime_runs gave": 0.0, "club_T20_previous3_runs": [], "club_T20_previous3_wickets": [], "club_T20_previous3_balls played": [], "club_T20_previous3_overs": [], "club_T20_previous3_runs gave": [], "club_T20_lifetime_runs": 0.0, "club_T20_lifetime_wickets": 0.0, "club_T20_lifetime_balls played": 0.0, "club_T20_lifetime_overs": 0.0, "club_T20_lifetime_runs gave": 0.0, "international_ODI_previous3_runs": [], "international_ODI_previous3_wickets": [], "international_ODI_previous3_balls played": [], "international_ODI_previous3_overs": [], "international_ODI_previous3_runs gave": [], "international_ODI_lifetime_runs": 0.0, "international_ODI_lifetime_wickets": 0.0, "international_ODI_lifetime_balls played": 0.0, "international_ODI_lifetime_overs": 0.0, "international_ODI_lifetime_runs gave": 0.0, "international_Test_previous3_runs": [], "international_Test_previous3_wickets": [], "international_Test_previous3_balls played": [], "international_Test_previous3_overs": [], "international_Test_previous3_runs gave": [], "international_Test_lifetime_runs": 0.0, "international_Test_lifetime_wickets": 0.0, "international_Test_lifetime_balls played": 0.0, "international_Test_lifetime_overs": 0.0, "international_Test_lifetime_runs gave": 0.0, "international_T20_previous3_runs": [0.0, 0.0, 0.0], "international_T20_previous3_wickets": [0.0, 1.0, 1.0], "international_T20_previous3_balls played": [0.0, 0.0, 0.0], "international_T20_previous3_overs": [0.0, 2.8333333333333335, 4.0], "international_T20_previous3_runs gave": [0.0, 16.0, 15.0], "international_T20_lifetime_runs": 17.0, "international_T20_lifetime_wickets": 8.0, "international_T20_lifetime_balls played": 92.0, "international_T20_lifetime_overs": 34.166666666666664, "international_T20_lifetime_runs gave": 211.0}