{"played_against": {"43d365ca": {"runs": 1, "balls": 3, "wickets": 0}, "04f0d409": {"runs": 5, "balls": 5, "wickets": 0}, "9c333e40": {"runs": 1, "balls": 5, "wickets": 1}, "85c56be8": {"runs": 1, "balls": 3, "wickets": 0}, "44e00a4c": {"runs": 6, "balls": 8, "wickets": 0}, "8e38d470": {"runs": 1, "balls": 4, "wickets": 0}, "9e3575ce": {"runs": 0, "balls": 2, "wickets": 1}, "78fcc740": {"runs": 2, "balls": 8, "wickets": 1}, "3883402f": {"runs": 6, "balls": 6, "wickets": 0}, "12c9c558": {"runs": 8, "balls": 11, "wickets": 0}, "91cc319d": {"runs": 3, "balls": 7, "wickets": 1}, "6cc4d322": {"runs": 8, "balls": 6, "wickets": 0}, "dd7dd27a": {"runs": 1, "balls": 5, "wickets": 0}, "7a6decc8": {"runs": 1, "balls": 1, "wickets": 0}, "1f4a78c5": {"runs": 6, "balls": 3, "wickets": 1}, "9ffb7550": {"runs": 0, "balls": 1, "wickets": 0}, "66a7f213": {"runs": 0, "balls": 2, "wickets": 1}, "6667067e": {"runs": 6, "balls": 13, "wickets": 0}, "f737ab44": {"runs": 4, "balls": 5, "wickets": 0}, "415d30b6": {"runs": 1, "balls": 1, "wickets": 0}, "57fcfd3b": {"runs": 10, "balls": 7, "wickets": 1}, "23f37c09": {"runs": 3, "balls": 2, "wickets": 0}, "ccd88623": {"runs": 11, "balls": 11, "wickets": 0}, "c4f8d754": {"runs": 4, "balls": 4, "wickets": 0}, "4758488e": {"runs": 6, "balls": 9, "wickets": 0}, "45c6afaf": {"runs": 8, "balls": 5, "wickets": 0}, "e76c8732": {"runs": 7, "balls": 8, "wickets": 1}, "c4e205e4": {"runs": 3, "balls": 4, "wickets": 0}, "ff13b10c": {"runs": 7, "balls": 11, "wickets": 0}, "ecdd8d60": {"runs": 1, "balls": 2, "wickets": 0}, "20481563": {"runs": 2, "balls": 8, "wickets": 0}, "f310704c": {"runs": 5, "balls": 12, "wickets": 0}, "0e34c23a": {"runs": 1, "balls": 4, "wickets": 1}, "ed82d9a5": {"runs": 2, "balls": 4, "wickets": 0}, "4add4c98": {"runs": 3, "balls": 10, "wickets": 0}, "5d77a96a": {"runs": 3, "balls": 8, "wickets": 1}, "7267e3cd": {"runs": 1, "balls": 1, "wickets": 0}, "2e89652e": {"runs": 2, "balls": 3, "wickets": 1}, "1f490b28": {"runs": 4, "balls": 12, "wickets": 0}, "5892ac75": {"runs": 1, "balls": 4, "wickets": 0}, "465fd722": {"runs": 1, "balls": 2, "wickets": 0}, "3c8faed4": {"runs": 9, "balls": 10, "wickets": 1}, "a62f55ba": {"runs": 0, "balls": 2, "wickets": 1}}, "fifties": 0, "thirties": 1, "centuries": 0, "maidens": 2.0, "hattricks": 2, "club_ODI_previous3_runs": [], "club_ODI_previous3_wickets": [], "club_ODI_previous3_balls played": [], "club_ODI_previous3_overs": [], "club_ODI_previous3_runs gave": [], "club_ODI_lifetime_runs": 0.0, "club_ODI_lifetime_wickets": 0.0, "club_ODI_lifetime_balls played": 0.0, "club_ODI_lifetime_overs": 0.0, "club_ODI_lifetime_runs gave": 0.0, "club_Test_previous3_runs": [], "club_Test_previous3_wickets": [], "club_Test_previous3_balls played": [], "club_Test_previous3_overs": [], "club_Test_previous3_runs gave": [], "club_Test_lifetime_runs": 0.0, "club_Test_lifetime_wickets": 0.0, "club_Test_lifetime_balls played": 0.0, "club_Test_lifetime_overs": 0.0, "club_Test_lifetime_runs gave": 0.0, "club_T20_previous3_runs": [], "club_T20_previous3_wickets": [], "club_T20_previous3_balls played": [], "club_T20_previous3_overs": [], "club_T20_previous3_runs gave": [], "club_T20_lifetime_runs": 0.0, "club_T20_lifetime_wickets": 0.0, "club_T20_lifetime_balls played": 0.0, "club_T20_lifetime_overs": 0.0, "club_T20_lifetime_runs gave": 0.0, "international_ODI_previous3_runs": [], "international_ODI_previous3_wickets": [], "international_ODI_previous3_balls played": [], "international_ODI_previous3_overs": [], "international_ODI_previous3_runs gave": [], "international_ODI_lifetime_runs": 0.0, "international_ODI_lifetime_wickets": 0.0, "international_ODI_lifetime_balls played": 0.0, "international_ODI_lifetime_overs": 0.0, "international_ODI_lifetime_runs gave": 0.0, "international_Test_previous3_runs": [], "international_Test_previous3_wickets": [], "international_Test_previous3_balls played": [], "international_Test_previous3_overs": [], "international_Test_previous3_runs gave": [], "international_Test_lifetime_runs": 0.0, "international_Test_lifetime_wickets": 0.0, "international_Test_lifetime_balls played": 0.0, "international_Test_lifetime_overs": 0.0, "international_Test_lifetime_runs gave": 0.0, "international_T20_previous3_runs": [8.0, 0.0, 9.0], "international_T20_previous3_wickets": [1.0, 0.0, 0.0], "international_T20_previous3_balls played": [21.0, 2.0, 10.0], "international_T20_previous3_overs": [2.0, 2.0, 2.0], "international_T20_previous3_runs gave": [18.0, 23.0, 15.0], "international_T20_lifetime_runs": 155.0, "international_T20_lifetime_wickets": 10.0, "international_T20_lifetime_balls played": 242.0, "international_T20_lifetime_overs": 28.666666666666664, "international_T20_lifetime_runs gave": 225.0}