{"played_against": {"cdc6bdba": {"runs": 0, "balls": 0, "wickets": 0}, "871e9faf": {"runs": 1, "balls": 3, "wickets": 1}, "f55016e8": {"runs": 6, "balls": 5, "wickets": 1}, "7549ecb0": {"runs": 1, "balls": 2, "wickets": 0}, "911d04ad": {"runs": 1, "balls": 1, "wickets": 0}, "8b5b6769": {"runs": 7, "balls": 2, "wickets": 0}, "fb693839": {"runs": 0, "balls": 3, "wickets": 1}, "077da288": {"runs": 2, "balls": 5, "wickets": 0}, "33a364a6": {"runs": 1, "balls": 4, "wickets": 0}, "8291f939": {"runs": 0, "balls": 1, "wickets": 0}}, "fifties": 0, "thirties": 0, "centuries": 0, "maidens": 0.0, "hattricks": 0, "club_ODI_previous3_runs": [], "club_ODI_previous3_wickets": [], "club_ODI_previous3_balls played": [], "club_ODI_previous3_overs": [], "club_ODI_previous3_runs gave": [], "club_ODI_lifetime_runs": 0.0, "club_ODI_lifetime_wickets": 0.0, "club_ODI_lifetime_balls played": 0.0, "club_ODI_lifetime_overs": 0.0, "club_ODI_lifetime_runs gave": 0.0, "club_Test_previous3_runs": [], "club_Test_previous3_wickets": [], "club_Test_previous3_balls played": [], "club_Test_previous3_overs": [], "club_Test_previous3_runs gave": [], "club_Test_lifetime_runs": 0.0, "club_Test_lifetime_wickets": 0.0, "club_Test_lifetime_balls played": 0.0, "club_Test_lifetime_overs": 0.0, "club_Test_lifetime_runs gave": 0.0, "club_T20_previous3_runs": [7.0, 8.0, 3.0], "club_T20_previous3_wickets": [0.0, 0.0, 2.0], "club_T20_previous3_balls played": [7.0, 6.0, 10.0], "club_T20_previous3_overs": [3.0, 0.0, 2.0], "club_T20_previous3_runs gave": [15.0, 0.0, 16.0], "club_T20_lifetime_runs": 19.0, "club_T20_lifetime_wickets": 2.0, "club_T20_lifetime_balls played": 27.0, "club_T20_lifetime_overs": 11.0, "club_T20_lifetime_runs gave": 67.0, "international_ODI_previous3_runs": [], "international_ODI_previous3_wickets": [], "international_ODI_previous3_balls played": [], "international_ODI_previous3_overs": [], "international_ODI_previous3_runs gave": [], "international_ODI_lifetime_runs": 0.0, "international_ODI_lifetime_wickets": 0.0, "international_ODI_lifetime_balls played": 0.0, "international_ODI_lifetime_overs": 0.0, "international_ODI_lifetime_runs gave": 0.0, "international_Test_previous3_runs": [], "international_Test_previous3_wickets": [], "international_Test_previous3_balls played": [], "international_Test_previous3_overs": [], "international_Test_previous3_runs gave": [], "international_Test_lifetime_runs": 0.0, "international_Test_lifetime_wickets": 0.0, "international_Test_lifetime_balls played": 0.0, "international_Test_lifetime_overs": 0.0, "international_Test_lifetime_runs gave": 0.0, "international_T20_previous3_runs": [], "international_T20_previous3_wickets": [], "international_T20_previous3_balls played": [], "international_T20_previous3_overs": [], "international_T20_previous3_runs gave": [], "international_T20_lifetime_runs": 0.0, "international_T20_lifetime_wickets": 0.0, "international_T20_lifetime_balls played": 0.0, "international_T20_lifetime_overs": 0.0, "international_T20_lifetime_runs gave": 0.0}