{"played_against": {"b2f4cb0d": {"runs": 3, "balls": 10, "wickets": 0}, "f0ddeafb": {"runs": 1, "balls": 3, "wickets": 1}, "2901e489": {"runs": 5, "balls": 6, "wickets": 0}, "df997334": {"runs": 5, "balls": 14, "wickets": 0}, "752af5a4": {"runs": 7, "balls": 9, "wickets": 0}, "5777d460": {"runs": 2, "balls": 2, "wickets": 0}, "3a00d34f": {"runs": 0, "balls": 1, "wickets": 0}, "4cf645c9": {"runs": 5, "balls": 4, "wickets": 1}, "83cde44d": {"runs": 2, "balls": 4, "wickets": 1}, "c3394c16": {"runs": 0, "balls": 5, "wickets": 0}, "f61e2829": {"runs": 0, "balls": 2, "wickets": 1}, "f13d3eba": {"runs": 9, "balls": 9, "wickets": 0}, "8e7be59c": {"runs": 1, "balls": 4, "wickets": 0}, "23e3f2d6": {"runs": 0, "balls": 5, "wickets": 0}}, "fifties": 0, "thirties": 0, "centuries": 0, "maidens": 0.0, "hattricks": 0, "club_ODI_previous3_runs": [], "club_ODI_previous3_wickets": [], "club_ODI_previous3_balls played": [], "club_ODI_previous3_overs": [], "club_ODI_previous3_runs gave": [], "club_ODI_lifetime_runs": 0.0, "club_ODI_lifetime_wickets": 0.0, "club_ODI_lifetime_balls played": 0.0, "club_ODI_lifetime_overs": 0.0, "club_ODI_lifetime_runs gave": 0.0, "club_Test_previous3_runs": [], "club_Test_previous3_wickets": [], "club_Test_previous3_balls played": [], "club_Test_previous3_overs": [], "club_Test_previous3_runs gave": [], "club_Test_lifetime_runs": 0.0, "club_Test_lifetime_wickets": 0.0, "club_Test_lifetime_balls played": 0.0, "club_Test_lifetime_overs": 0.0, "club_Test_lifetime_runs gave": 0.0, "club_T20_previous3_runs": [], "club_T20_previous3_wickets": [], "club_T20_previous3_balls played": [], "club_T20_previous3_overs": [], "club_T20_previous3_runs gave": [], "club_T20_lifetime_runs": 0.0, "club_T20_lifetime_wickets": 0.0, "club_T20_lifetime_balls played": 0.0, "club_T20_lifetime_overs": 0.0, "club_T20_lifetime_runs gave": 0.0, "international_ODI_previous3_runs": [2.0, 0.0], "international_ODI_previous3_wickets": [0.0, 2.0], "international_ODI_previous3_balls played": [4.0, 6.0], "international_ODI_previous3_overs": [5.333333333333333, 10.0], "international_ODI_previous3_runs gave": [22.0, 41.0], "international_ODI_lifetime_runs": 2.0, "international_ODI_lifetime_wickets": 2.0, "international_ODI_lifetime_balls played": 10.0, "international_ODI_lifetime_overs": 15.333333333333332, "international_ODI_lifetime_runs gave": 63.0, "international_Test_previous3_runs": [], "international_Test_previous3_wickets": [], "international_Test_previous3_balls played": [], "international_Test_previous3_overs": [], "international_Test_previous3_runs gave": [], "international_Test_lifetime_runs": 0.0, "international_Test_lifetime_wickets": 0.0, "international_Test_lifetime_balls played": 0.0, "international_Test_lifetime_overs": 0.0, "international_Test_lifetime_runs gave": 0.0, "international_T20_previous3_runs": [10.0, 0.0, 0.0], "international_T20_previous3_wickets": [0.0, 0.0, 0.0], "international_T20_previous3_balls played": [14.0, 5.0, 0.0], "international_T20_previous3_overs": [2.0, 1.0, 4.0], "international_T20_previous3_runs gave": [22.0, 2.0, 22.0], "international_T20_lifetime_runs": 38.0, "international_T20_lifetime_wickets": 1.0, "international_T20_lifetime_balls played": 68.0, "international_T20_lifetime_overs": 12.0, "international_T20_lifetime_runs gave": 85.0}