{"played_against": {"58822938": {"runs": 2, "balls": 4, "wickets": 0}, "a9da7784": {"runs": 25, "balls": 24, "wickets": 1}, "8305580c": {"runs": 1, "balls": 5, "wickets": 0}, "4a461c24": {"runs": 3, "balls": 7, "wickets": 1}, "5da34add": {"runs": 50, "balls": 77, "wickets": 0}, "aac9f784": {"runs": 6, "balls": 35, "wickets": 0}, "450f6fa6": {"runs": 24, "balls": 49, "wickets": 0}, "6daf5e8c": {"runs": 8, "balls": 5, "wickets": 0}, "7d5e0b78": {"runs": 11, "balls": 27, "wickets": 0}, "eaa4cfc2": {"runs": 12, "balls": 19, "wickets": 1}, "45c2196c": {"runs": 16, "balls": 27, "wickets": 0}, "15101f12": {"runs": 44, "balls": 66, "wickets": 1}, "1f572ee8": {"runs": 17, "balls": 21, "wickets": 0}, "5239d782": {"runs": 5, "balls": 9, "wickets": 0}, "9c7d7cda": {"runs": 1, "balls": 21, "wickets": 0}, "58c481c6": {"runs": 2, "balls": 5, "wickets": 0}, "ce470ca0": {"runs": 5, "balls": 5, "wickets": 0}, "7fa2ab1f": {"runs": 0, "balls": 1, "wickets": 0}, "d1c36f5c": {"runs": 5, "balls": 16, "wickets": 1}, "7be8a0ed": {"runs": 30, "balls": 76, "wickets": 1}, "a72b14ff": {"runs": 20, "balls": 31, "wickets": 0}, "5ac8f17b": {"runs": 24, "balls": 78, "wickets": 1}, "57a76baa": {"runs": 30, "balls": 50, "wickets": 1}, "7b1e20ea": {"runs": 6, "balls": 45, "wickets": 0}, "f3abd0c9": {"runs": 22, "balls": 25, "wickets": 1}, "1cfac535": {"runs": 15, "balls": 15, "wickets": 0}, "49299473": {"runs": 1, "balls": 2, "wickets": 0}, "8db7f47f": {"runs": 13, "balls": 31, "wickets": 1}, "91ffa6c6": {"runs": 6, "balls": 26, "wickets": 1}, "611926bc": {"runs": 4, "balls": 5, "wickets": 0}, "61a9ce31": {"runs": 5, "balls": 10, "wickets": 0}, "5a37ec26": {"runs": 8, "balls": 12, "wickets": 0}, "556302a7": {"runs": 5, "balls": 7, "wickets": 0}, "b16cf2ec": {"runs": 4, "balls": 13, "wickets": 0}, "867a45a7": {"runs": 9, "balls": 41, "wickets": 1}, "3c77ca9d": {"runs": 4, "balls": 10, "wickets": 0}, "1427277f": {"runs": 8, "balls": 7, "wickets": 0}, "75223da4": {"runs": 10, "balls": 6, "wickets": 0}, "9b411f8f": {"runs": 16, "balls": 32, "wickets": 0}, "51a3c5ef": {"runs": 12, "balls": 20, "wickets": 1}, "5db1c288": {"runs": 3, "balls": 15, "wickets": 0}, "70fdd428": {"runs": 13, "balls": 18, "wickets": 0}, "cd143bca": {"runs": 32, "balls": 73, "wickets": 1}, "7f048519": {"runs": 1, "balls": 3, "wickets": 0}, "b21ed464": {"runs": 0, "balls": 3, "wickets": 0}, "58043739": {"runs": 2, "balls": 19, "wickets": 0}, "8bf61e65": {"runs": 1, "balls": 4, "wickets": 0}, "70b8fd28": {"runs": 1, "balls": 1, "wickets": 0}, "bca21d18": {"runs": 14, "balls": 16, "wickets": 0}, "9395f98e": {"runs": 5, "balls": 7, "wickets": 1}, "49b6c09f": {"runs": 2, "balls": 4, "wickets": 0}, "59792462": {"runs": 6, "balls": 8, "wickets": 0}, "bd93fea4": {"runs": 2, "balls": 4, "wickets": 0}, "b20f423b": {"runs": 3, "balls": 7, "wickets": 0}, "245c97cb": {"runs": 1, "balls": 1, "wickets": 0}, "3812d56b": {"runs": 2, "balls": 2, "wickets": 0}, "dd17e4bc": {"runs": 11, "balls": 3, "wickets": 0}, "0f3ee070": {"runs": 2, "balls": 6, "wickets": 2}, "b552a935": {"runs": 3, "balls": 2, "wickets": 0}, "06c2de82": {"runs": 1, "balls": 2, "wickets": 1}, "51e1ed69": {"runs": 2, "balls": 2, "wickets": 0}, "012829ff": {"runs": 1, "balls": 2, "wickets": 0}, "b7a6a60b": {"runs": 1, "balls": 2, "wickets": 0}, "eddf25bd": {"runs": 9, "balls": 20, "wickets": 1}, "1a45b864": {"runs": 15, "balls": 21, "wickets": 0}, "c995d726": {"runs": 21, "balls": 23, "wickets": 0}, "e86754b2": {"runs": 37, "balls": 62, "wickets": 0}, "ce24059d": {"runs": 24, "balls": 43, "wickets": 0}, "e94915e6": {"runs": 19, "balls": 26, "wickets": 0}, "9a158001": {"runs": 7, "balls": 24, "wickets": 0}, "d001f15d": {"runs": 2, "balls": 10, "wickets": 1}, "05c2ca46": {"runs": 4, "balls": 14, "wickets": 1}, "e9987a94": {"runs": 3, "balls": 6, "wickets": 0}, "d99cc23a": {"runs": 5, "balls": 8, "wickets": 0}, "dda5aae5": {"runs": 7, "balls": 10, "wickets": 0}, "e91de70e": {"runs": 3, "balls": 5, "wickets": 0}, "cf73ad76": {"runs": 3, "balls": 5, "wickets": 0}, "74a274cc": {"runs": 14, "balls": 20, "wickets": 0}, "e62dd25d": {"runs": 4, "balls": 2, "wickets": 0}, "ffe699c0": {"runs": 23, "balls": 39, "wickets": 2}, "5574750c": {"runs": 8, "balls": 11, "wickets": 0}, "a73321d3": {"runs": 10, "balls": 9, "wickets": 0}, "eb9cb105": {"runs": 4, "balls": 4, "wickets": 0}, "cd882d22": {"runs": 6, "balls": 18, "wickets": 0}, "b2081fc8": {"runs": 3, "balls": 12, "wickets": 0}, "e9d5218e": {"runs": 14, "balls": 13, "wickets": 0}, "8d92a2c3": {"runs": 0, "balls": 1, "wickets": 0}, "d4eef961": {"runs": 5, "balls": 6, "wickets": 0}, "7ca5e05d": {"runs": 12, "balls": 12, "wickets": 0}, "9bab2b81": {"runs": 6, "balls": 5, "wickets": 0}, "78adc879": {"runs": 6, "balls": 3, "wickets": 0}, "42151725": {"runs": 1, "balls": 5, "wickets": 0}, "f0a0204e": {"runs": 7, "balls": 5, "wickets": 1}, "f1ba9ed7": {"runs": 1, "balls": 1, "wickets": 0}, "59559bc2": {"runs": 1, "balls": 4, "wickets": 0}, "d74d1090": {"runs": 3, "balls": 3, "wickets": 1}, "be869ccf": {"runs": 13, "balls": 29, "wickets": 0}, "5b6d248a": {"runs": 4, "balls": 6, "wickets": 0}, "23638956": {"runs": 1, "balls": 2, "wickets": 0}, "e174dadd": {"runs": 6, "balls": 7, "wickets": 0}, "13c35c9e": {"runs": 1, "balls": 1, "wickets": 0}, "8728a058": {"runs": 23, "balls": 24, "wickets": 0}, "495d42a5": {"runs": 12, "balls": 26, "wickets": 0}, "fd8a9b23": {"runs": 1, "balls": 2, "wickets": 0}, "a510bdd3": {"runs": 24, "balls": 94, "wickets": 0}, "acee4cc4": {"runs": 2, "balls": 11, "wickets": 0}, "86e0f3f0": {"runs": 8, "balls": 9, "wickets": 0}, "c5cc48bc": {"runs": 8, "balls": 23, "wickets": 1}, "a316d663": {"runs": 0, "balls": 12, "wickets": 0}, "e84ac20c": {"runs": 1, "balls": 1, "wickets": 0}, "350bb1b1": {"runs": 1, "balls": 1, "wickets": 0}, "9a963804": {"runs": 2, "balls": 4, "wickets": 0}, "5bb5a915": {"runs": 1, "balls": 2, "wickets": 0}, "ad9c32a2": {"runs": 2, "balls": 4, "wickets": 0}, "6c6aca89": {"runs": 13, "balls": 9, "wickets": 1}, "ee0c05c0": {"runs": 8, "balls": 8, "wickets": 0}, "72898514": {"runs": 1, "balls": 6, "wickets": 1}, "fa433be6": {"runs": 5, "balls": 4, "wickets": 0}, "078ffbf2": {"runs": 12, "balls": 35, "wickets": 0}, "dc670143": {"runs": 7, "balls": 21, "wickets": 0}, "ed12fcd7": {"runs": 34, "balls": 77, "wickets": 0}, "aa1210d8": {"runs": 38, "balls": 125, "wickets": 0}, "6c908ffc": {"runs": 13, "balls": 54, "wickets": 1}, "a089f93f": {"runs": 8, "balls": 21, "wickets": 0}, "e734d090": {"runs": 23, "balls": 40, "wickets": 1}, "3a60e0b5": {"runs": 12, "balls": 48, "wickets": 1}, "fc63d916": {"runs": 9, "balls": 18, "wickets": 0}, "219cc59e": {"runs": 22, "balls": 70, "wickets": 0}, "9679838c": {"runs": 27, "balls": 61, "wickets": 0}, "7d92277a": {"runs": 1, "balls": 1, "wickets": 0}, "d68e7f48": {"runs": 15, "balls": 35, "wickets": 0}, "782fb776": {"runs": 8, "balls": 15, "wickets": 0}, "932d3cc9": {"runs": 5, "balls": 12, "wickets": 0}, "9789e56e": {"runs": 1, "balls": 10, "wickets": 0}, "f1eb3c73": {"runs": 22, "balls": 29, "wickets": 0}, "8108e2d2": {"runs": 6, "balls": 22, "wickets": 0}, "f54dbda7": {"runs": 3, "balls": 9, "wickets": 0}, "2085e1fa": {"runs": 5, "balls": 21, "wickets": 0}, "ad286dcc": {"runs": 10, "balls": 24, "wickets": 0}, "e0ac7144": {"runs": 13, "balls": 35, "wickets": 0}, "5fed6272": {"runs": 2, "balls": 27, "wickets": 0}, "eab61ead": {"runs": 4, "balls": 1, "wickets": 0}, "9cc9b74d": {"runs": 12, "balls": 35, "wickets": 0}, "d26e0405": {"runs": 3, "balls": 6, "wickets": 0}, "76cb1a7f": {"runs": 1, "balls": 1, "wickets": 0}, "c89474d1": {"runs": 4, "balls": 6, "wickets": 0}, "948beb1f": {"runs": 0, "balls": 12, "wickets": 1}, "d3868bd0": {"runs": 5, "balls": 16, "wickets": 0}, "6ea2710f": {"runs": 15, "balls": 35, "wickets": 1}, "c042b412": {"runs": 3, "balls": 5, "wickets": 0}, "70d57519": {"runs": 1, "balls": 1, "wickets": 0}, "c672e80e": {"runs": 6, "balls": 3, "wickets": 0}, "7a8a0237": {"runs": 3, "balls": 15, "wickets": 1}, "8479a24a": {"runs": 3, "balls": 2, "wickets": 0}, "4557dc54": {"runs": 4, "balls": 3, "wickets": 0}, "e737a5fe": {"runs": 1, "balls": 2, "wickets": 0}, "aa8d28ae": {"runs": 0, "balls": 1, "wickets": 0}, "5899dceb": {"runs": 16, "balls": 13, "wickets": 0}, "f1f99156": {"runs": 6, "balls": 8, "wickets": 0}, "5ccdb14f": {"runs": 10, "balls": 15, "wickets": 1}, "39180894": {"runs": 4, "balls": 2, "wickets": 0}, "19b9f399": {"runs": 1, "balls": 1, "wickets": 0}, "27fc5808": {"runs": 3, "balls": 4, "wickets": 0}, "9d430b40": {"runs": 7, "balls": 5, "wickets": 0}, "a757b0d8": {"runs": 7, "balls": 4, "wickets": 0}, "3f61a062": {"runs": 0, "balls": 0, "wickets": 0}, "9eb1455b": {"runs": 7, "balls": 6, "wickets": 0}, "5b8c830e": {"runs": 6, "balls": 5, "wickets": 1}, "8f9c5014": {"runs": 4, "balls": 5, "wickets": 1}, "fbdec8c0": {"runs": 1, "balls": 3, "wickets": 1}, "f40d24d9": {"runs": 1, "balls": 3, "wickets": 0}, "9f812582": {"runs": 1, "balls": 1, "wickets": 0}, "c96f6ac5": {"runs": 2, "balls": 6, "wickets": 1}, "b56dc5f7": {"runs": 8, "balls": 6, "wickets": 0}, "8ecb0241": {"runs": 4, "balls": 8, "wickets": 0}, "a77472dc": {"runs": 3, "balls": 4, "wickets": 0}, "e5437608": {"runs": 2, "balls": 3, "wickets": 0}, "dfc4d8b5": {"runs": 0, "balls": 3, "wickets": 1}, "34b37279": {"runs": 3, "balls": 3, "wickets": 0}, "9c643d7b": {"runs": 3, "balls": 4, "wickets": 0}, "a5735bd3": {"runs": 0, "balls": 0, "wickets": 0}, "0d61d8f0": {"runs": 5, "balls": 7, "wickets": 0}, "1efd12d1": {"runs": 1, "balls": 1, "wickets": 0}, "a4b810d0": {"runs": 1, "balls": 2, "wickets": 0}, "52c442e4": {"runs": 0, "balls": 2, "wickets": 1}, "7f7f658b": {"runs": 1, "balls": 1, "wickets": 0}, "ac3c3cab": {"runs": 1, "balls": 2, "wickets": 0}, "1cc0a83d": {"runs": 2, "balls": 4, "wickets": 0}, "f8a63b6f": {"runs": 4, "balls": 8, "wickets": 0}, "c2e5539b": {"runs": 13, "balls": 19, "wickets": 0}, "a790df98": {"runs": 5, "balls": 7, "wickets": 0}, "04cd872b": {"runs": 5, "balls": 2, "wickets": 0}, "39e2c0fd": {"runs": 2, "balls": 4, "wickets": 0}, "214f6461": {"runs": 21, "balls": 16, "wickets": 0}, "28217d89": {"runs": 3, "balls": 7, "wickets": 1}, "e5218454": {"runs": 1, "balls": 4, "wickets": 0}, "634749ad": {"runs": 0, "balls": 1, "wickets": 1}, "b5781ac3": {"runs": 4, "balls": 5, "wickets": 0}, "c78a879c": {"runs": 9, "balls": 9, "wickets": 0}, "4167f30b": {"runs": 10, "balls": 8, "wickets": 0}, "bf26cd81": {"runs": 4, "balls": 1, "wickets": 0}, "876dbe2d": {"runs": 1, "balls": 1, "wickets": 0}}, "fifties": 1, "thirties": 17, "centuries": 0, "maidens": 101.0, "hattricks": 18, "club_ODI_previous3_runs": [1.0, 0.0, 27.0], "club_ODI_previous3_wickets": [0.0, 1.0, 2.0], "club_ODI_previous3_balls played": [5.0, 0.0, 23.0], "club_ODI_previous3_overs": [6.0, 10.0, 7.666666666666667], "club_ODI_previous3_runs gave": [42.0, 50.0, 30.0], "club_ODI_lifetime_runs": 498.0, "club_ODI_lifetime_wickets": 56.0, "club_ODI_lifetime_balls played": 671.0, "club_ODI_lifetime_overs": 506.33333333333337, "club_ODI_lifetime_runs gave": 2592.0, "club_Test_previous3_runs": [3.0, 3.0, 6.0], "club_Test_previous3_wickets": [0.0, 0.0, 1.0], "club_Test_previous3_balls played": [15.0, 11.0, 41.0], "club_Test_previous3_overs": [6.0, 41.0, 19.0], "club_Test_previous3_runs gave": [13.0, 113.0, 60.0], "club_Test_lifetime_runs": 862.0, "club_Test_lifetime_wickets": 36.0, "club_Test_lifetime_balls played": 2245.0, "club_Test_lifetime_overs": 680.6666666666667, "club_Test_lifetime_runs gave": 2322.0, "club_T20_previous3_runs": [1.0, 0.0, 0.0], "club_T20_previous3_wickets": [0.0, 1.0, 0.0], "club_T20_previous3_balls played": [1.0, 0.0, 0.0], "club_T20_previous3_overs": [4.0, 4.0, 3.0], "club_T20_previous3_runs gave": [24.0, 25.0, 29.0], "club_T20_lifetime_runs": 215.0, "club_T20_lifetime_wickets": 103.0, "club_T20_lifetime_balls played": 188.0, "club_T20_lifetime_overs": 399.0, "club_T20_lifetime_runs gave": 3029.0, "international_ODI_previous3_runs": [], "international_ODI_previous3_wickets": [], "international_ODI_previous3_balls played": [], "international_ODI_previous3_overs": [], "international_ODI_previous3_runs gave": [], "international_ODI_lifetime_runs": 0.0, "international_ODI_lifetime_wickets": 0.0, "international_ODI_lifetime_balls played": 0.0, "international_ODI_lifetime_overs": 0.0, "international_ODI_lifetime_runs gave": 0.0, "international_Test_previous3_runs": [], "international_Test_previous3_wickets": [], "international_Test_previous3_balls played": [], "international_Test_previous3_overs": [], "international_Test_previous3_runs gave": [], "international_Test_lifetime_runs": 0.0, "international_Test_lifetime_wickets": 0.0, "international_Test_lifetime_balls played": 0.0, "international_Test_lifetime_overs": 0.0, "international_Test_lifetime_runs gave": 0.0, "international_T20_previous3_runs": [], "international_T20_previous3_wickets": [], "international_T20_previous3_balls played": [], "international_T20_previous3_overs": [], "international_T20_previous3_runs gave": [], "international_T20_lifetime_runs": 0.0, "international_T20_lifetime_wickets": 0.0, "international_T20_lifetime_balls played": 0.0, "international_T20_lifetime_overs": 0.0, "international_T20_lifetime_runs gave": 0.0}