{"played_against": {"f0e722e0": {"runs": 6, "balls": 7, "wickets": 1}, "64c34cd0": {"runs": 10, "balls": 8, "wickets": 1}, "8012d0b8": {"runs": 14, "balls": 11, "wickets": 0}, "cf494ffe": {"runs": 1, "balls": 2, "wickets": 0}, "3ff033bb": {"runs": 8, "balls": 6, "wickets": 0}, "fec50c96": {"runs": 2, "balls": 3, "wickets": 0}, "8d5d991e": {"runs": 8, "balls": 6, "wickets": 0}, "ac5ae4af": {"runs": 20, "balls": 10, "wickets": 1}, "327b58d3": {"runs": 8, "balls": 9, "wickets": 0}, "54ef649e": {"runs": 1, "balls": 1, "wickets": 0}, "a97c8ec2": {"runs": 8, "balls": 6, "wickets": 0}, "4c5d73db": {"runs": 1, "balls": 4, "wickets": 1}, "bb351c23": {"runs": 1, "balls": 5, "wickets": 0}, "650d5e49": {"runs": 8, "balls": 2, "wickets": 0}, "08548b13": {"runs": 8, "balls": 7, "wickets": 1}, "b215a7be": {"runs": 8, "balls": 6, "wickets": 0}, "4b6f6b73": {"runs": 1, "balls": 1, "wickets": 0}, "732c038e": {"runs": 4, "balls": 5, "wickets": 0}, "d68e7f48": {"runs": 4, "balls": 5, "wickets": 1}, "9061a703": {"runs": 1, "balls": 1, "wickets": 0}, "4eb02f2e": {"runs": 2, "balls": 2, "wickets": 0}, "b40ee8a8": {"runs": 2, "balls": 3, "wickets": 1}, "0f12f9df": {"runs": 0, "balls": 2, "wickets": 0}, "8596fe80": {"runs": 1, "balls": 3, "wickets": 0}, "7d92277a": {"runs": 0, "balls": 3, "wickets": 0}, "f422728b": {"runs": 1, "balls": 2, "wickets": 0}, "7d608e12": {"runs": 8, "balls": 6, "wickets": 0}, "2911de16": {"runs": 4, "balls": 3, "wickets": 0}, "efc04be7": {"runs": 5, "balls": 3, "wickets": 1}}, "fifties": 0, "thirties": 1, "centuries": 0, "maidens": 0.0, "hattricks": 1, "club_ODI_previous3_runs": [], "club_ODI_previous3_wickets": [], "club_ODI_previous3_balls played": [], "club_ODI_previous3_overs": [], "club_ODI_previous3_runs gave": [], "club_ODI_lifetime_runs": 0.0, "club_ODI_lifetime_wickets": 0.0, "club_ODI_lifetime_balls played": 0.0, "club_ODI_lifetime_overs": 0.0, "club_ODI_lifetime_runs gave": 0.0, "club_Test_previous3_runs": [], "club_Test_previous3_wickets": [], "club_Test_previous3_balls played": [], "club_Test_previous3_overs": [], "club_Test_previous3_runs gave": [], "club_Test_lifetime_runs": 0.0, "club_Test_lifetime_wickets": 0.0, "club_Test_lifetime_balls played": 0.0, "club_Test_lifetime_overs": 0.0, "club_Test_lifetime_runs gave": 0.0, "club_T20_previous3_runs": [1.0, 12.0, 18.0], "club_T20_previous3_wickets": [0.0, 0.0, 0.0], "club_T20_previous3_balls played": [4.0, 11.0, 15.0], "club_T20_previous3_overs": [1.0, 0.0, 1.0], "club_T20_previous3_runs gave": [9.0, 0.0, 14.0], "club_T20_lifetime_runs": 143.0, "club_T20_lifetime_wickets": 18.0, "club_T20_lifetime_balls played": 124.0, "club_T20_lifetime_overs": 40.66666666666667, "club_T20_lifetime_runs gave": 379.0, "international_ODI_previous3_runs": [2.0], "international_ODI_previous3_wickets": [0.0], "international_ODI_previous3_balls played": [9.0], "international_ODI_previous3_overs": [2.0], "international_ODI_previous3_runs gave": [12.0], "international_ODI_lifetime_runs": 2.0, "international_ODI_lifetime_wickets": 0.0, "international_ODI_lifetime_balls played": 9.0, "international_ODI_lifetime_overs": 2.0, "international_ODI_lifetime_runs gave": 12.0, "international_Test_previous3_runs": [], "international_Test_previous3_wickets": [], "international_Test_previous3_balls played": [], "international_Test_previous3_overs": [], "international_Test_previous3_runs gave": [], "international_Test_lifetime_runs": 0.0, "international_Test_lifetime_wickets": 0.0, "international_Test_lifetime_balls played": 0.0, "international_Test_lifetime_overs": 0.0, "international_Test_lifetime_runs gave": 0.0, "international_T20_previous3_runs": [], "international_T20_previous3_wickets": [], "international_T20_previous3_balls played": [], "international_T20_previous3_overs": [], "international_T20_previous3_runs gave": [], "international_T20_lifetime_runs": 0.0, "international_T20_lifetime_wickets": 0.0, "international_T20_lifetime_balls played": 0.0, "international_T20_lifetime_overs": 0.0, "international_T20_lifetime_runs gave": 0.0}