{"played_against": {"5a74e559": {"runs": 0, "balls": 1, "wickets": 0}, "e423d162": {"runs": 7, "balls": 11, "wickets": 0}, "b3544c5d": {"runs": 5, "balls": 5, "wickets": 0}, "00cada13": {"runs": 4, "balls": 2, "wickets": 1}, "a37b5c0a": {"runs": 23, "balls": 60, "wickets": 1}, "a4b810d0": {"runs": 7, "balls": 4, "wickets": 0}, "28217d89": {"runs": 5, "balls": 3, "wickets": 0}, "6a2fadd0": {"runs": 10, "balls": 4, "wickets": 0}, "214f6461": {"runs": 19, "balls": 32, "wickets": 1}, "57a76baa": {"runs": 11, "balls": 12, "wickets": 0}, "8728a058": {"runs": 4, "balls": 12, "wickets": 0}, "5ccdb14f": {"runs": 9, "balls": 10, "wickets": 0}, "6ea2710f": {"runs": 11, "balls": 15, "wickets": 0}, "5899dceb": {"runs": 1, "balls": 4, "wickets": 1}, "01a95383": {"runs": 6, "balls": 15, "wickets": 1}, "27e60d6e": {"runs": 10, "balls": 26, "wickets": 0}, "9fd3a210": {"runs": 8, "balls": 27, "wickets": 1}, "269ff06e": {"runs": 2, "balls": 6, "wickets": 0}, "8f2dfebf": {"runs": 10, "balls": 31, "wickets": 1}, "1d2f290a": {"runs": 11, "balls": 19, "wickets": 0}, "ad46c747": {"runs": 0, "balls": 1, "wickets": 0}, "80e44dc5": {"runs": 18, "balls": 26, "wickets": 0}, "d99cc23a": {"runs": 5, "balls": 6, "wickets": 0}, "d12cead8": {"runs": 25, "balls": 26, "wickets": 0}, "9e707e02": {"runs": 19, "balls": 13, "wickets": 1}, "f1ba9ed7": {"runs": 11, "balls": 12, "wickets": 0}, "00b195ae": {"runs": 0, "balls": 0, "wickets": 0}, "402f8494": {"runs": 1, "balls": 1, "wickets": 0}, "e22d3b5c": {"runs": 0, "balls": 1, "wickets": 0}, "e871a7a1": {"runs": 0, "balls": 1, "wickets": 1}, "d3868bd0": {"runs": 0, "balls": 3, "wickets": 0}, "2d03c3f8": {"runs": 2, "balls": 2, "wickets": 0}, "ad212f96": {"runs": 10, "balls": 14, "wickets": 0}, "6c6aca89": {"runs": 6, "balls": 10, "wickets": 0}, "8cbcff3b": {"runs": 9, "balls": 22, "wickets": 0}, "bdc0670a": {"runs": 1, "balls": 8, "wickets": 1}, "948beb1f": {"runs": 1, "balls": 3, "wickets": 0}, "4167f30b": {"runs": 7, "balls": 18, "wickets": 0}, "c2d9b9cd": {"runs": 1, "balls": 12, "wickets": 0}, "ac3c3cab": {"runs": 7, "balls": 11, "wickets": 0}, "bf26cd81": {"runs": 4, "balls": 5, "wickets": 0}, "b5781ac3": {"runs": 0, "balls": 1, "wickets": 1}}, "fifties": 0, "thirties": 3, "centuries": 0, "maidens": 9.0, "hattricks": 0, "club_ODI_previous3_runs": [0.0, 2.0, 0.0], "club_ODI_previous3_wickets": [0.0, 1.0, 0.0], "club_ODI_previous3_balls played": [2.0, 5.0, 0.0], "club_ODI_previous3_overs": [0.0, 7.0, 10.0], "club_ODI_previous3_runs gave": [0.0, 37.0, 44.0], "club_ODI_lifetime_runs": 76.0, "club_ODI_lifetime_wickets": 1.0, "club_ODI_lifetime_balls played": 93.0, "club_ODI_lifetime_overs": 17.0, "club_ODI_lifetime_runs gave": 81.0, "club_Test_previous3_runs": [2.0, 27.0, 19.0], "club_Test_previous3_wickets": [0.0, 0.0, 2.0], "club_Test_previous3_balls played": [6.0, 58.0, 47.0], "club_Test_previous3_overs": [13.0, 0.0, 13.0], "club_Test_previous3_runs gave": [54.0, 0.0, 24.0], "club_Test_lifetime_runs": 213.0, "club_Test_lifetime_wickets": 4.0, "club_Test_lifetime_balls played": 402.0, "club_Test_lifetime_overs": 57.0, "club_Test_lifetime_runs gave": 166.0, "club_T20_previous3_runs": [0.0, 1.0, 0.0], "club_T20_previous3_wickets": [1.0, 0.0, 0.0], "club_T20_previous3_balls played": [0.0, 2.0, 0.0], "club_T20_previous3_overs": [3.0, 4.0, 2.0], "club_T20_previous3_runs gave": [31.0, 24.0, 15.0], "club_T20_lifetime_runs": 1.0, "club_T20_lifetime_wickets": 1.0, "club_T20_lifetime_balls played": 3.0, "club_T20_lifetime_overs": 17.0, "club_T20_lifetime_runs gave": 142.0, "international_ODI_previous3_runs": [], "international_ODI_previous3_wickets": [], "international_ODI_previous3_balls played": [], "international_ODI_previous3_overs": [], "international_ODI_previous3_runs gave": [], "international_ODI_lifetime_runs": 0.0, "international_ODI_lifetime_wickets": 0.0, "international_ODI_lifetime_balls played": 0.0, "international_ODI_lifetime_overs": 0.0, "international_ODI_lifetime_runs gave": 0.0, "international_Test_previous3_runs": [], "international_Test_previous3_wickets": [], "international_Test_previous3_balls played": [], "international_Test_previous3_overs": [], "international_Test_previous3_runs gave": [], "international_Test_lifetime_runs": 0.0, "international_Test_lifetime_wickets": 0.0, "international_Test_lifetime_balls played": 0.0, "international_Test_lifetime_overs": 0.0, "international_Test_lifetime_runs gave": 0.0, "international_T20_previous3_runs": [], "international_T20_previous3_wickets": [], "international_T20_previous3_balls played": [], "international_T20_previous3_overs": [], "international_T20_previous3_runs gave": [], "international_T20_lifetime_runs": 0.0, "international_T20_lifetime_wickets": 0.0, "international_T20_lifetime_balls played": 0.0, "international_T20_lifetime_overs": 0.0, "international_T20_lifetime_runs gave": 0.0}