{"played_against": {"12eddf28": {"runs": 0, "balls": 3, "wickets": 0}, "2049f3a0": {"runs": 0, "balls": 2, "wickets": 0}, "7a80ddf2": {"runs": 0, "balls": 7, "wickets": 0}, "f846de6a": {"runs": 4, "balls": 7, "wickets": 1}, "d68e7f48": {"runs": 1, "balls": 1, "wickets": 0}, "a7c226e1": {"runs": 1, "balls": 4, "wickets": 0}, "3cacbb57": {"runs": 1, "balls": 9, "wickets": 0}, "c03c6200": {"runs": 5, "balls": 2, "wickets": 0}, "9d430b40": {"runs": 1, "balls": 1, "wickets": 0}, "495d42a5": {"runs": 0, "balls": 2, "wickets": 0}, "51a3c5ef": {"runs": 2, "balls": 3, "wickets": 0}, "9219eff0": {"runs": 0, "balls": 1, "wickets": 1}, "26a85969": {"runs": 12, "balls": 8, "wickets": 0}, "b2b50355": {"runs": 15, "balls": 11, "wickets": 0}, "2e171977": {"runs": 5, "balls": 6, "wickets": 0}, "f5180fe6": {"runs": 2, "balls": 3, "wickets": 0}, "462411b3": {"runs": 1, "balls": 2, "wickets": 0}, "a12e1d51": {"runs": 1, "balls": 1, "wickets": 0}, "a757b0d8": {"runs": 5, "balls": 5, "wickets": 0}, "ce820073": {"runs": 1, "balls": 2, "wickets": 0}, "eba6a852": {"runs": 1, "balls": 8, "wickets": 0}, "ffe699c0": {"runs": 10, "balls": 24, "wickets": 1}, "bb351c23": {"runs": 0, "balls": 0, "wickets": 0}, "4c5d73db": {"runs": 4, "balls": 11, "wickets": 2}, "78adc879": {"runs": 12, "balls": 12, "wickets": 1}, "2a0d5d4a": {"runs": 1, "balls": 4, "wickets": 0}, "f5821615": {"runs": 1, "balls": 6, "wickets": 0}, "29b89ae8": {"runs": 5, "balls": 8, "wickets": 1}, "96a6a7ad": {"runs": 10, "balls": 18, "wickets": 2}, "bd93fea4": {"runs": 0, "balls": 1, "wickets": 0}, "03806cf8": {"runs": 1, "balls": 7, "wickets": 0}, "2e81a32d": {"runs": 6, "balls": 3, "wickets": 1}, "2af838ee": {"runs": 4, "balls": 1, "wickets": 0}, "ef6aea67": {"runs": 0, "balls": 7, "wickets": 1}, "d2fcce2f": {"runs": 1, "balls": 4, "wickets": 0}, "acee4cc4": {"runs": 1, "balls": 5, "wickets": 1}, "23638956": {"runs": 0, "balls": 5, "wickets": 0}, "1a0c3177": {"runs": 0, "balls": 0, "wickets": 0}, "bee290b6": {"runs": 2, "balls": 4, "wickets": 0}, "a818c1be": {"runs": 3, "balls": 5, "wickets": 0}, "18e6906e": {"runs": 0, "balls": 5, "wickets": 0}, "66b30f71": {"runs": 0, "balls": 1, "wickets": 1}, "957532de": {"runs": 0, "balls": 3, "wickets": 0}, "bd17b45f": {"runs": 1, "balls": 5, "wickets": 0}, "4125d931": {"runs": 2, "balls": 12, "wickets": 1}, "7a8bd078": {"runs": 0, "balls": 8, "wickets": 0}, "078ffbf2": {"runs": 1, "balls": 2, "wickets": 0}, "a316d663": {"runs": 0, "balls": 4, "wickets": 0}, "5899dceb": {"runs": 4, "balls": 12, "wickets": 0}, "6042bf26": {"runs": 4, "balls": 11, "wickets": 0}, "6a26221c": {"runs": 0, "balls": 2, "wickets": 0}, "10f68de1": {"runs": 0, "balls": 1, "wickets": 0}, "e412cb64": {"runs": 0, "balls": 2, "wickets": 1}, "18fac429": {"runs": 1, "balls": 2, "wickets": 0}, "8f2dfebf": {"runs": 5, "balls": 4, "wickets": 0}, "b21ed464": {"runs": 9, "balls": 3, "wickets": 0}, "c1f6c27e": {"runs": 3, "balls": 6, "wickets": 0}, "fdb8ed0d": {"runs": 1, "balls": 9, "wickets": 0}, "f048bb41": {"runs": 6, "balls": 3, "wickets": 0}, "d014d5ac": {"runs": 1, "balls": 3, "wickets": 0}, "e62dd25d": {"runs": 1, "balls": 2, "wickets": 1}, "c38d3503": {"runs": 0, "balls": 3, "wickets": 0}, "b4f5c2d9": {"runs": 0, "balls": 5, "wickets": 0}, "01ada0ed": {"runs": 0, "balls": 1, "wickets": 0}, "35ccfdd4": {"runs": 1, "balls": 1, "wickets": 0}, "7c2e7c17": {"runs": 1, "balls": 1, "wickets": 0}}, "fifties": 0, "thirties": 0, "centuries": 0, "maidens": 27.0, "hattricks": 8, "club_ODI_previous3_runs": [14.0, 0.0, 10.0], "club_ODI_previous3_wickets": [0.0, 1.0, 0.0], "club_ODI_previous3_balls played": [7.0, 0.0, 18.0], "club_ODI_previous3_overs": [10.0, 10.0, 7.0], "club_ODI_previous3_runs gave": [64.0, 85.0, 16.0], "club_ODI_lifetime_runs": 25.0, "club_ODI_lifetime_wickets": 7.0, "club_ODI_lifetime_balls played": 29.0, "club_ODI_lifetime_overs": 51.0, "club_ODI_lifetime_runs gave": 335.0, "club_Test_previous3_runs": [6.0, 1.0, 8.0], "club_Test_previous3_wickets": [2.0, 0.0, 1.0], "club_Test_previous3_balls played": [14.0, 6.0, 26.0], "club_Test_previous3_overs": [25.333333333333336, 17.0, 38.333333333333336], "club_Test_previous3_runs gave": [90.0, 58.0, 193.0], "club_Test_lifetime_runs": 28.0, "club_Test_lifetime_wickets": 4.0, "club_Test_lifetime_balls played": 62.0, "club_Test_lifetime_overs": 87.66666666666667, "club_Test_lifetime_runs gave": 369.0, "club_T20_previous3_runs": [0.0, 0.0, 9.0], "club_T20_previous3_wickets": [0.0, 2.0, 0.0], "club_T20_previous3_balls played": [0.0, 1.0, 6.0], "club_T20_previous3_overs": [3.0, 4.0, 3.0], "club_T20_previous3_runs gave": [20.0, 16.0, 18.0], "club_T20_lifetime_runs": 64.0, "club_T20_lifetime_wickets": 67.0, "club_T20_lifetime_balls played": 114.0, "club_T20_lifetime_overs": 238.16666666666669, "club_T20_lifetime_runs gave": 2192.0, "international_ODI_previous3_runs": [0.0, 0.0, 0.0], "international_ODI_previous3_wickets": [2.0, 1.0, 0.0], "international_ODI_previous3_balls played": [1.0, 0.0, 0.0], "international_ODI_previous3_overs": [10.0, 7.0, 4.0], "international_ODI_previous3_runs gave": [62.0, 56.0, 26.0], "international_ODI_lifetime_runs": 8.0, "international_ODI_lifetime_wickets": 11.0, "international_ODI_lifetime_balls played": 15.0, "international_ODI_lifetime_overs": 62.333333333333336, "international_ODI_lifetime_runs gave": 409.0, "international_Test_previous3_runs": [5.0, 1.0, 0.0], "international_Test_previous3_wickets": [2.0, 1.0, 1.0], "international_Test_previous3_balls played": [12.0, 10.0, 0.0], "international_Test_previous3_overs": [17.833333333333336, 11.0, 9.0], "international_Test_previous3_runs gave": [108.0, 26.0, 53.0], "international_Test_lifetime_runs": 35.0, "international_Test_lifetime_wickets": 17.0, "international_Test_lifetime_balls played": 107.0, "international_Test_lifetime_overs": 197.66666666666669, "international_Test_lifetime_runs gave": 980.0, "international_T20_previous3_runs": [], "international_T20_previous3_wickets": [], "international_T20_previous3_balls played": [], "international_T20_previous3_overs": [], "international_T20_previous3_runs gave": [], "international_T20_lifetime_runs": 0.0, "international_T20_lifetime_wickets": 0.0, "international_T20_lifetime_balls played": 0.0, "international_T20_lifetime_overs": 0.0, "international_T20_lifetime_runs gave": 0.0}