{"played_against": {"086f5984": {"runs": 5, "balls": 11, "wickets": 2}, "6dd8b88c": {"runs": 12, "balls": 13, "wickets": 1}, "5af743d0": {"runs": 26, "balls": 16, "wickets": 0}, "7ca5e05d": {"runs": 34, "balls": 14, "wickets": 0}, "e174dadd": {"runs": 39, "balls": 23, "wickets": 1}, "cb1a782a": {"runs": 29, "balls": 12, "wickets": 0}, "99c81226": {"runs": 0, "balls": 1, "wickets": 0}, "87e562a9": {"runs": 11, "balls": 8, "wickets": 0}, "210b05cb": {"runs": 0, "balls": 2, "wickets": 0}, "9d430b40": {"runs": 14, "balls": 14, "wickets": 3}, "16dfcc19": {"runs": 2, "balls": 5, "wickets": 1}, "f0e722e0": {"runs": 58, "balls": 30, "wickets": 2}, "9cb8d7a6": {"runs": 14, "balls": 11, "wickets": 0}, "f69f1d8a": {"runs": 82, "balls": 35, "wickets": 3}, "574665e2": {"runs": 5, "balls": 3, "wickets": 0}, "acee4cc4": {"runs": 20, "balls": 27, "wickets": 2}, "a8e3170f": {"runs": 17, "balls": 15, "wickets": 0}, "eb2d5fe7": {"runs": 2, "balls": 2, "wickets": 0}, "3086f7a4": {"runs": 48, "balls": 39, "wickets": 2}, "a63775d6": {"runs": 29, "balls": 16, "wickets": 1}, "f2800ef3": {"runs": 8, "balls": 6, "wickets": 1}, "30afc92b": {"runs": 32, "balls": 16, "wickets": 2}, "0a8fce53": {"runs": 10, "balls": 11, "wickets": 0}, "1bf9a8ef": {"runs": 20, "balls": 9, "wickets": 0}, "245c97cb": {"runs": 30, "balls": 15, "wickets": 2}, "a6fc52a9": {"runs": 2, "balls": 2, "wickets": 0}, "4a461c24": {"runs": 2, "balls": 2, "wickets": 0}, "b3118300": {"runs": 28, "balls": 27, "wickets": 2}, "2911de16": {"runs": 52, "balls": 19, "wickets": 0}, "d346d939": {"runs": 1, "balls": 1, "wickets": 0}, "64d43928": {"runs": 15, "balls": 10, "wickets": 1}, "0dc00542": {"runs": 24, "balls": 18, "wickets": 1}, "650d5e49": {"runs": 1, "balls": 1, "wickets": 0}, "75224f22": {"runs": 15, "balls": 9, "wickets": 2}, "e7de4f6b": {"runs": 14, "balls": 14, "wickets": 0}, "23cca426": {"runs": 25, "balls": 17, "wickets": 1}, "78cb83f3": {"runs": 31, "balls": 17, "wickets": 1}, "f43dd8c2": {"runs": 3, "balls": 3, "wickets": 0}, "28131839": {"runs": 0, "balls": 2, "wickets": 1}, "4b2d6789": {"runs": 2, "balls": 6, "wickets": 0}, "f32dbc84": {"runs": 13, "balls": 4, "wickets": 0}, "449f4e3c": {"runs": 49, "balls": 22, "wickets": 0}, "3300d23c": {"runs": 11, "balls": 6, "wickets": 0}, "6834d1f2": {"runs": 9, "balls": 7, "wickets": 1}, "7c7d63a2": {"runs": 24, "balls": 18, "wickets": 0}, "a2421394": {"runs": 12, "balls": 11, "wickets": 1}, "d9273ee7": {"runs": 14, "balls": 12, "wickets": 1}, "1ee08e9a": {"runs": 31, "balls": 13, "wickets": 0}, "dbfb8218": {"runs": 42, "balls": 21, "wickets": 0}, "5bbabe59": {"runs": 19, "balls": 13, "wickets": 1}, "6e3f5a5c": {"runs": 8, "balls": 6, "wickets": 1}, "4bc0a378": {"runs": 5, "balls": 3, "wickets": 0}, "49691d7a": {"runs": 7, "balls": 8, "wickets": 1}, "99d63244": {"runs": 1, "balls": 6, "wickets": 1}, "8d2c70ad": {"runs": 11, "balls": 13, "wickets": 0}, "2e81a32d": {"runs": 30, "balls": 10, "wickets": 1}, "462411b3": {"runs": 4, "balls": 3, "wickets": 0}, "57ee1fde": {"runs": 10, "balls": 7, "wickets": 1}, "4d9f9686": {"runs": 7, "balls": 10, "wickets": 0}, "bf1d7d3e": {"runs": 13, "balls": 13, "wickets": 0}, "c58b0108": {"runs": 4, "balls": 11, "wickets": 0}, "e186f49c": {"runs": 3, "balls": 3, "wickets": 0}, "f56cd097": {"runs": 2, "balls": 2, "wickets": 0}, "1a156c88": {"runs": 3, "balls": 3, "wickets": 0}, "14f96089": {"runs": 13, "balls": 14, "wickets": 1}, "3d8feaf8": {"runs": 0, "balls": 1, "wickets": 1}, "350bb1b1": {"runs": 8, "balls": 7, "wickets": 0}, "13c35c9e": {"runs": 35, "balls": 20, "wickets": 0}, "94d7f855": {"runs": 10, "balls": 14, "wickets": 1}, "641ac5ff": {"runs": 17, "balls": 20, "wickets": 1}, "af2c687b": {"runs": 35, "balls": 15, "wickets": 0}, "fbd4f01f": {"runs": 7, "balls": 7, "wickets": 0}, "e84ac20c": {"runs": 1, "balls": 1, "wickets": 0}, "2f9d0389": {"runs": 1, "balls": 2, "wickets": 1}, "a818c1be": {"runs": 19, "balls": 7, "wickets": 0}, "0b60eb09": {"runs": 23, "balls": 12, "wickets": 1}, "7ec9711d": {"runs": 30, "balls": 12, "wickets": 0}, "cfe70281": {"runs": 3, "balls": 3, "wickets": 0}, "d4eef961": {"runs": 35, "balls": 13, "wickets": 0}, "a9da7784": {"runs": 9, "balls": 6, "wickets": 1}, "42172c3c": {"runs": 19, "balls": 13, "wickets": 0}, "fb66ce1f": {"runs": 11, "balls": 8, "wickets": 2}, "7f8ecc51": {"runs": 13, "balls": 8, "wickets": 1}, "c654af19": {"runs": 0, "balls": 1, "wickets": 1}, "a8e56914": {"runs": 12, "balls": 6, "wickets": 1}, "b56dc5f7": {"runs": 4, "balls": 4, "wickets": 1}, "9a2fc964": {"runs": 12, "balls": 12, "wickets": 0}, "aa8d28ae": {"runs": 14, "balls": 12, "wickets": 0}, "462d7c62": {"runs": 5, "balls": 5, "wickets": 2}, "afe57f7a": {"runs": 0, "balls": 1, "wickets": 1}, "01698fee": {"runs": 3, "balls": 3, "wickets": 1}, "032e4384": {"runs": 1, "balls": 3, "wickets": 0}, "2a2e6343": {"runs": 14, "balls": 6, "wickets": 1}, "1cb14aa4": {"runs": 19, "balls": 7, "wickets": 0}, "ab6b1c45": {"runs": 20, "balls": 15, "wickets": 2}, "a03bba42": {"runs": 29, "balls": 39, "wickets": 2}, "e342e5fb": {"runs": 5, "balls": 4, "wickets": 0}, "45a7e761": {"runs": 75, "balls": 40, "wickets": 2}, "22ae3041": {"runs": 21, "balls": 15, "wickets": 0}, "667f678b": {"runs": 12, "balls": 8, "wickets": 0}, "35205dfc": {"runs": 6, "balls": 2, "wickets": 0}, "3be224b0": {"runs": 28, "balls": 7, "wickets": 2}, "54c58a5e": {"runs": 0, "balls": 0, "wickets": 0}, "db3643f3": {"runs": 24, "balls": 16, "wickets": 0}, "907d6e58": {"runs": 24, "balls": 13, "wickets": 0}, "b410bd3d": {"runs": 13, "balls": 3, "wickets": 0}, "24bb1c2f": {"runs": 42, "balls": 27, "wickets": 1}, "a757b0d8": {"runs": 0, "balls": 2, "wickets": 1}, "5574750c": {"runs": 24, "balls": 14, "wickets": 1}, "ffe699c0": {"runs": 17, "balls": 15, "wickets": 3}, "249d60c9": {"runs": 19, "balls": 14, "wickets": 0}, "bb351c23": {"runs": 29, "balls": 20, "wickets": 0}, "9a963804": {"runs": 13, "balls": 13, "wickets": 0}, "4c5d73db": {"runs": 26, "balls": 17, "wickets": 2}, "7f048519": {"runs": 36, "balls": 37, "wickets": 3}, "bdadf7da": {"runs": 2, "balls": 3, "wickets": 0}, "e86754b2": {"runs": 25, "balls": 14, "wickets": 0}, "8d92a2c3": {"runs": 8, "balls": 8, "wickets": 2}, "ded9240e": {"runs": 4, "balls": 8, "wickets": 1}, "b8d490fd": {"runs": 2, "balls": 3, "wickets": 0}, "dfc4d8b5": {"runs": 2, "balls": 8, "wickets": 2}, "ac5ae4af": {"runs": 16, "balls": 9, "wickets": 0}, "79aad751": {"runs": 10, "balls": 12, "wickets": 0}, "a97c8ec2": {"runs": 6, "balls": 11, "wickets": 4}, "8012d0b8": {"runs": 2, "balls": 6, "wickets": 1}, "2af838ee": {"runs": 2, "balls": 5, "wickets": 1}, "4751caa3": {"runs": 1, "balls": 1, "wickets": 0}, "23638956": {"runs": 6, "balls": 3, "wickets": 0}, "9d50c7e1": {"runs": 8, "balls": 12, "wickets": 1}, "11614d87": {"runs": 2, "balls": 3, "wickets": 0}, "81c36ee9": {"runs": 0, "balls": 2, "wickets": 1}, "4a491652": {"runs": 1, "balls": 2, "wickets": 1}, "7d92277a": {"runs": 2, "balls": 9, "wickets": 1}, "4948a447": {"runs": 34, "balls": 11, "wickets": 0}, "f7e9a562": {"runs": 3, "balls": 3, "wickets": 0}, "bbd41817": {"runs": 7, "balls": 9, "wickets": 1}, "607ed7c2": {"runs": 8, "balls": 3, "wickets": 0}, "1a8eebbe": {"runs": 20, "balls": 5, "wickets": 0}, "62af8546": {"runs": 17, "balls": 10, "wickets": 0}, "1f7adc8a": {"runs": 6, "balls": 5, "wickets": 0}, "ef18b66e": {"runs": 2, "balls": 7, "wickets": 3}, "c27518d2": {"runs": 2, "balls": 3, "wickets": 0}, "37654b75": {"runs": 3, "balls": 3, "wickets": 1}, "2e11c706": {"runs": 7, "balls": 8, "wickets": 1}, "8596fe80": {"runs": 24, "balls": 10, "wickets": 1}, "1574f3fe": {"runs": 1, "balls": 1, "wickets": 0}, "c4d9634c": {"runs": 6, "balls": 3, "wickets": 0}, "fef92afc": {"runs": 3, "balls": 3, "wickets": 0}, "529eb9e0": {"runs": 12, "balls": 6, "wickets": 0}, "786b7fe8": {"runs": 11, "balls": 5, "wickets": 0}, "b0eaaac6": {"runs": 2, "balls": 2, "wickets": 0}, "a61bcb94": {"runs": 13, "balls": 6, "wickets": 0}, "92b7602a": {"runs": 8, "balls": 9, "wickets": 0}, "19b9f399": {"runs": 4, "balls": 3, "wickets": 0}, "c0c411cb": {"runs": 17, "balls": 10, "wickets": 1}, "9d450c28": {"runs": 0, "balls": 1, "wickets": 1}, "0f721006": {"runs": 1, "balls": 6, "wickets": 0}, "5f547c8b": {"runs": 37, "balls": 35, "wickets": 2}, "1ac2a995": {"runs": 4, "balls": 9, "wickets": 2}, "2b85c8e6": {"runs": 12, "balls": 6, "wickets": 0}, "66162077": {"runs": 2, "balls": 2, "wickets": 0}, "4d7f517e": {"runs": 12, "balls": 10, "wickets": 1}, "f892fcf9": {"runs": 1, "balls": 1, "wickets": 0}, "feb6180d": {"runs": 8, "balls": 7, "wickets": 0}, "f59b3bd1": {"runs": 1, "balls": 1, "wickets": 0}, "687e20b3": {"runs": 9, "balls": 4, "wickets": 0}, "8fd1a8f5": {"runs": 0, "balls": 3, "wickets": 0}, "acdc62f5": {"runs": 7, "balls": 8, "wickets": 1}, "e62dd25d": {"runs": 2, "balls": 7, "wickets": 0}, "6a26221c": {"runs": 1, "balls": 3, "wickets": 0}, "e5437608": {"runs": 2, "balls": 3, "wickets": 0}, "8361e524": {"runs": 0, "balls": 1, "wickets": 1}, "b8704508": {"runs": 1, "balls": 1, "wickets": 0}, "9656afbf": {"runs": 35, "balls": 16, "wickets": 1}, "808f425a": {"runs": 4, "balls": 3, "wickets": 0}, "64c34cd0": {"runs": 2, "balls": 2, "wickets": 0}, "abb7c76c": {"runs": 15, "balls": 5, "wickets": 0}, "3f1066d0": {"runs": 5, "balls": 3, "wickets": 0}, "7ccbb09f": {"runs": 18, "balls": 12, "wickets": 0}, "33742f04": {"runs": 16, "balls": 7, "wickets": 1}, "c6a1b1bb": {"runs": 7, "balls": 5, "wickets": 0}, "c6097d68": {"runs": 6, "balls": 7, "wickets": 2}, "73c18486": {"runs": 1, "balls": 1, "wickets": 0}, "54c2b697": {"runs": 4, "balls": 3, "wickets": 0}, "b0946605": {"runs": 6, "balls": 4, "wickets": 0}, "18fac429": {"runs": 5, "balls": 3, "wickets": 0}, "44a18ad8": {"runs": 0, "balls": 2, "wickets": 1}, "e4a0deae": {"runs": 4, "balls": 5, "wickets": 0}, "f42064d5": {"runs": 3, "balls": 2, "wickets": 0}, "c5aef772": {"runs": 12, "balls": 7, "wickets": 1}, "34b332d3": {"runs": 10, "balls": 3, "wickets": 0}, "fce581b5": {"runs": 13, "balls": 5, "wickets": 1}, "28392e11": {"runs": 11, "balls": 15, "wickets": 2}, "efc04be7": {"runs": 4, "balls": 2, "wickets": 1}, "1d2f290a": {"runs": 1, "balls": 1, "wickets": 0}, "1c790f4f": {"runs": 3, "balls": 3, "wickets": 0}, "9489623e": {"runs": 5, "balls": 5, "wickets": 1}, "0bec3a6c": {"runs": 7, "balls": 4, "wickets": 0}, "9eb1455b": {"runs": 1, "balls": 2, "wickets": 1}, "dbe50b21": {"runs": 4, "balls": 3, "wickets": 0}, "df064e1a": {"runs": 1, "balls": 2, "wickets": 0}, "244048f6": {"runs": 5, "balls": 5, "wickets": 1}, "8db7f47f": {"runs": 13, "balls": 3, "wickets": 0}, "e94915e6": {"runs": 5, "balls": 5, "wickets": 0}, "402f8494": {"runs": 6, "balls": 3, "wickets": 0}, "80ad39ac": {"runs": 4, "balls": 2, "wickets": 0}, "9a46c4e5": {"runs": 6, "balls": 3, "wickets": 0}, "48ad3373": {"runs": 1, "balls": 2, "wickets": 1}, "b3a28446": {"runs": 1, "balls": 1, "wickets": 0}, "56ab442f": {"runs": 5, "balls": 5, "wickets": 0}, "d405c0d5": {"runs": 0, "balls": 1, "wickets": 1}, "1a2676c5": {"runs": 2, "balls": 2, "wickets": 0}, "f422728b": {"runs": 30, "balls": 10, "wickets": 0}, "e1a867df": {"runs": 0, "balls": 1, "wickets": 0}, "898e628d": {"runs": 7, "balls": 4, "wickets": 0}, "bc2d4f2e": {"runs": 0, "balls": 1, "wickets": 1}, "8891669e": {"runs": 1, "balls": 3, "wickets": 0}, "8f3fde65": {"runs": 1, "balls": 2, "wickets": 0}, "65b6943c": {"runs": 6, "balls": 3, "wickets": 1}, "caf69bf7": {"runs": 1, "balls": 5, "wickets": 2}, "38c276e1": {"runs": 4, "balls": 4, "wickets": 0}, "dda5aae5": {"runs": 0, "balls": 1, "wickets": 0}, "9219eff0": {"runs": 6, "balls": 7, "wickets": 0}, "4277234d": {"runs": 2, "balls": 4, "wickets": 1}, "ed031922": {"runs": 7, "balls": 2, "wickets": 0}, "774e65b3": {"runs": 16, "balls": 7, "wickets": 0}, "9c9af282": {"runs": 12, "balls": 11, "wickets": 1}, "c290033d": {"runs": 1, "balls": 1, "wickets": 0}, "2cec2a92": {"runs": 12, "balls": 6, "wickets": 1}, "26d041c4": {"runs": 1, "balls": 1, "wickets": 0}, "d28f4d1c": {"runs": 2, "balls": 5, "wickets": 0}, "7dc35884": {"runs": 0, "balls": 2, "wickets": 1}, "dabbd0ae": {"runs": 10, "balls": 4, "wickets": 1}, "ee1b6c27": {"runs": 6, "balls": 7, "wickets": 1}, "f24c6701": {"runs": 13, "balls": 9, "wickets": 0}, "aceb7654": {"runs": 16, "balls": 6, "wickets": 0}, "fb3e0d39": {"runs": 5, "balls": 2, "wickets": 0}, "64839cb3": {"runs": 6, "balls": 3, "wickets": 1}, "7d608e12": {"runs": 1, "balls": 1, "wickets": 0}, "58431ca0": {"runs": 11, "balls": 7, "wickets": 0}, "de7d833e": {"runs": 2, "balls": 3, "wickets": 0}, "4bbfddd5": {"runs": 10, "balls": 6, "wickets": 0}, "66a7f213": {"runs": 3, "balls": 7, "wickets": 0}, "e33a357d": {"runs": 8, "balls": 5, "wickets": 0}, "00321fff": {"runs": 9, "balls": 10, "wickets": 1}, "d3851cd8": {"runs": 18, "balls": 16, "wickets": 0}, "9e9af5f2": {"runs": 1, "balls": 1, "wickets": 0}, "a86a37ab": {"runs": 1, "balls": 3, "wickets": 0}, "9de62878": {"runs": 1, "balls": 1, "wickets": 0}, "bd4ea627": {"runs": 5, "balls": 2, "wickets": 0}, "414d8a10": {"runs": 8, "balls": 5, "wickets": 0}, "395695ce": {"runs": 5, "balls": 7, "wickets": 1}, "46a7ac78": {"runs": 3, "balls": 3, "wickets": 0}, "30d8136b": {"runs": 5, "balls": 4, "wickets": 1}, "2b7609f1": {"runs": 15, "balls": 4, "wickets": 0}, "9ffb7550": {"runs": 17, "balls": 14, "wickets": 0}, "29b322c7": {"runs": 19, "balls": 25, "wickets": 0}, "c9d05f1a": {"runs": 2, "balls": 4, "wickets": 1}, "5892ac75": {"runs": 7, "balls": 15, "wickets": 0}, "53d0b0dc": {"runs": 1, "balls": 1, "wickets": 0}, "1f490b28": {"runs": 1, "balls": 5, "wickets": 0}, "797f52cc": {"runs": 1, "balls": 2, "wickets": 0}, "e9d6a2ce": {"runs": 5, "balls": 5, "wickets": 0}, "2e89652e": {"runs": 1, "balls": 2, "wickets": 1}}, "fifties": 0, "thirties": 29, "centuries": 0, "maidens": 0.0, "hattricks": 0, "club_ODI_previous3_runs": [], "club_ODI_previous3_wickets": [], "club_ODI_previous3_balls played": [], "club_ODI_previous3_overs": [], "club_ODI_previous3_runs gave": [], "club_ODI_lifetime_runs": 0.0, "club_ODI_lifetime_wickets": 0.0, "club_ODI_lifetime_balls played": 0.0, "club_ODI_lifetime_overs": 0.0, "club_ODI_lifetime_runs gave": 0.0, "club_Test_previous3_runs": [], "club_Test_previous3_wickets": [], "club_Test_previous3_balls played": [], "club_Test_previous3_overs": [], "club_Test_previous3_runs gave": [], "club_Test_lifetime_runs": 0.0, "club_Test_lifetime_wickets": 0.0, "club_Test_lifetime_balls played": 0.0, "club_Test_lifetime_overs": 0.0, "club_Test_lifetime_runs gave": 0.0, "club_T20_previous3_runs": [6.0, 17.0, 11.0], "club_T20_previous3_wickets": [0.0, 0.0, 0.0], "club_T20_previous3_balls played": [3.0, 9.0, 10.0], "club_T20_previous3_overs": [0.0, 0.0, 0.0], "club_T20_previous3_runs gave": [0.0, 0.0, 0.0], "club_T20_lifetime_runs": 1909.0, "club_T20_lifetime_wickets": 2.0, "club_T20_lifetime_balls played": 1261.0, "club_T20_lifetime_overs": 3.0, "club_T20_lifetime_runs gave": 27.0, "international_ODI_previous3_runs": [0.0, 51.0, 16.0], "international_ODI_previous3_wickets": [0.0, 0.0, 0.0], "international_ODI_previous3_balls played": [0.0, 61.0, 30.0], "international_ODI_previous3_overs": [0.0, 4.0, 0.0], "international_ODI_previous3_runs gave": [0.0, 23.0, 0.0], "international_ODI_lifetime_runs": 442.0, "international_ODI_lifetime_wickets": 0.0, "international_ODI_lifetime_balls played": 397.0, "international_ODI_lifetime_overs": 4.833333333333333, "international_ODI_lifetime_runs gave": 32.0, "international_Test_previous3_runs": [], "international_Test_previous3_wickets": [], "international_Test_previous3_balls played": [], "international_Test_previous3_overs": [], "international_Test_previous3_runs gave": [], "international_Test_lifetime_runs": 0.0, "international_Test_lifetime_wickets": 0.0, "international_Test_lifetime_balls played": 0.0, "international_Test_lifetime_overs": 0.0, "international_Test_lifetime_runs gave": 0.0, "international_T20_previous3_runs": [0.0, 31.0, 5.0], "international_T20_previous3_wickets": [0.0, 0.0, 1.0], "international_T20_previous3_balls played": [0.0, 17.0, 6.0], "international_T20_previous3_overs": [0.0, 0.0, 2.6666666666666665], "international_T20_previous3_runs gave": [0.0, 0.0, 24.0], "international_T20_lifetime_runs": 564.0, "international_T20_lifetime_wickets": 1.0, "international_T20_lifetime_balls played": 433.0, "international_T20_lifetime_overs": 2.6666666666666665, "international_T20_lifetime_runs gave": 24.0}