{"played_against": {"4329fbb5": {"runs": 150, "balls": 148, "wickets": 4}, "f0f628c7": {"runs": 40, "balls": 32, "wickets": 0}, "3d7e087f": {"runs": 46, "balls": 38, "wickets": 1}, "bb18be76": {"runs": 7, "balls": 5, "wickets": 0}, "3c6ffae8": {"runs": 42, "balls": 40, "wickets": 1}, "0264c10e": {"runs": 3, "balls": 3, "wickets": 0}, "c3d1402f": {"runs": 48, "balls": 36, "wickets": 1}, "bcce309e": {"runs": 1, "balls": 3, "wickets": 0}, "0604ef16": {"runs": 3, "balls": 4, "wickets": 0}, "0dc00542": {"runs": 24, "balls": 19, "wickets": 0}, "bd77eb62": {"runs": 11, "balls": 9, "wickets": 0}, "6c6591ab": {"runs": 51, "balls": 37, "wickets": 1}, "5fa06777": {"runs": 56, "balls": 46, "wickets": 2}, "dd09ff8e": {"runs": 36, "balls": 31, "wickets": 1}, "e938e1bc": {"runs": 78, "balls": 67, "wickets": 4}, "41eb4a4f": {"runs": 24, "balls": 14, "wickets": 0}, "86dc8f2e": {"runs": 43, "balls": 26, "wickets": 2}, "ba607b88": {"runs": 6, "balls": 3, "wickets": 0}, "91a4a398": {"runs": 49, "balls": 48, "wickets": 4}, "670709ec": {"runs": 7, "balls": 2, "wickets": 0}, "ae78bc32": {"runs": 9, "balls": 10, "wickets": 1}, "20a941bb": {"runs": 2, "balls": 3, "wickets": 0}, "4ba44e19": {"runs": 36, "balls": 37, "wickets": 0}, "c3d35165": {"runs": 51, "balls": 31, "wickets": 1}, "96fd40ae": {"runs": 42, "balls": 33, "wickets": 0}, "88fccd6c": {"runs": 6, "balls": 8, "wickets": 1}, "6ad3a659": {"runs": 11, "balls": 8, "wickets": 0}, "b2b50355": {"runs": 50, "balls": 36, "wickets": 0}, "cfad138c": {"runs": 10, "balls": 4, "wickets": 0}, "66b30f71": {"runs": 33, "balls": 34, "wickets": 1}, "5bb1a1c4": {"runs": 41, "balls": 38, "wickets": 4}, "acd4f5dc": {"runs": 5, "balls": 9, "wickets": 0}, "4b4d1957": {"runs": 4, "balls": 5, "wickets": 0}, "57efa3be": {"runs": 19, "balls": 13, "wickets": 0}, "fe763256": {"runs": 15, "balls": 11, "wickets": 0}, "98ae73b1": {"runs": 105, "balls": 64, "wickets": 1}, "5d096f3d": {"runs": 15, "balls": 8, "wickets": 1}, "0c2730df": {"runs": 2, "balls": 3, "wickets": 0}, "8fd1a8f5": {"runs": 90, "balls": 131, "wickets": 3}, "af7dadf7": {"runs": 6, "balls": 2, "wickets": 0}, "2503e881": {"runs": 7, "balls": 5, "wickets": 0}, "d2a989fc": {"runs": 139, "balls": 99, "wickets": 1}, "35205dfc": {"runs": 10, "balls": 6, "wickets": 1}, "f233bbb4": {"runs": 3, "balls": 2, "wickets": 0}, "64d43928": {"runs": 2, "balls": 2, "wickets": 0}, "b2ae53f5": {"runs": 1, "balls": 2, "wickets": 1}, "3eac9d95": {"runs": 17, "balls": 15, "wickets": 0}, "9f961c14": {"runs": 23, "balls": 12, "wickets": 0}, "ea0cdc12": {"runs": 22, "balls": 24, "wickets": 1}, "5f26df4f": {"runs": 30, "balls": 22, "wickets": 0}, "4353bba5": {"runs": 0, "balls": 1, "wickets": 0}, "4f629497": {"runs": 24, "balls": 17, "wickets": 1}, "db584dad": {"runs": 23, "balls": 25, "wickets": 0}, "abfeb126": {"runs": 2, "balls": 3, "wickets": 1}, "c8179c68": {"runs": 27, "balls": 21, "wickets": 2}, "78eb4223": {"runs": 104, "balls": 132, "wickets": 3}, "d7b3a420": {"runs": 2, "balls": 4, "wickets": 0}, "2049f3a0": {"runs": 1, "balls": 2, "wickets": 0}, "a1f1829d": {"runs": 6, "balls": 4, "wickets": 0}, "7ca5e05d": {"runs": 7, "balls": 7, "wickets": 2}, "740742ef": {"runs": 5, "balls": 7, "wickets": 0}, "12eddf28": {"runs": 65, "balls": 65, "wickets": 2}, "c24a2c5d": {"runs": 4, "balls": 5, "wickets": 0}, "45c2196c": {"runs": 17, "balls": 15, "wickets": 1}, "495d42a5": {"runs": 78, "balls": 96, "wickets": 2}, "94eac556": {"runs": 83, "balls": 72, "wickets": 2}, "5b040b81": {"runs": 17, "balls": 10, "wickets": 1}, "7c503806": {"runs": 22, "balls": 28, "wickets": 1}, "85aae393": {"runs": 15, "balls": 13, "wickets": 0}, "6821ac10": {"runs": 9, "balls": 4, "wickets": 0}, "c654af19": {"runs": 34, "balls": 20, "wickets": 0}, "a45a5e8d": {"runs": 2, "balls": 2, "wickets": 0}, "25eeb281": {"runs": 9, "balls": 13, "wickets": 1}, "8b5b6769": {"runs": 147, "balls": 119, "wickets": 2}, "2af1b6d2": {"runs": 25, "balls": 22, "wickets": 0}, "a12e1d51": {"runs": 224, "balls": 181, "wickets": 6}, "6b8eb6e5": {"runs": 12, "balls": 12, "wickets": 1}, "f5f18a18": {"runs": 37, "balls": 34, "wickets": 0}, "33a364a6": {"runs": 46, "balls": 40, "wickets": 2}, "5bb5a915": {"runs": 259, "balls": 364, "wickets": 9}, "260fd380": {"runs": 6, "balls": 3, "wickets": 0}, "fa463154": {"runs": 17, "balls": 10, "wickets": 1}, "2e81a32d": {"runs": 89, "balls": 83, "wickets": 2}, "3a60e0b5": {"runs": 70, "balls": 65, "wickets": 3}, "5d9a1a73": {"runs": 10, "balls": 6, "wickets": 0}, "1c914163": {"runs": 2, "balls": 5, "wickets": 1}, "3d8feaf8": {"runs": 81, "balls": 69, "wickets": 1}, "dc4686e6": {"runs": 22, "balls": 10, "wickets": 0}, "d68e7f48": {"runs": 76, "balls": 81, "wickets": 1}, "bbd41817": {"runs": 78, "balls": 63, "wickets": 2}, "c03c6200": {"runs": 96, "balls": 109, "wickets": 2}, "3cacbb57": {"runs": 5, "balls": 20, "wickets": 1}, "7a80ddf2": {"runs": 57, "balls": 74, "wickets": 0}, "87e562a9": {"runs": 200, "balls": 146, "wickets": 4}, "1dc12ab9": {"runs": 29, "balls": 28, "wickets": 1}, "e32d22f6": {"runs": 6, "balls": 5, "wickets": 0}, "f708a0bc": {"runs": 17, "balls": 16, "wickets": 1}, "b57f8a9a": {"runs": 3, "balls": 3, "wickets": 0}, "39f01cdb": {"runs": 13, "balls": 9, "wickets": 0}, "cc1e8c68": {"runs": 103, "balls": 92, "wickets": 2}, "9d80c5e1": {"runs": 65, "balls": 34, "wickets": 1}, "9d430b40": {"runs": 168, "balls": 154, "wickets": 2}, "b552a935": {"runs": 2, "balls": 3, "wickets": 0}, "f846de6a": {"runs": 29, "balls": 29, "wickets": 1}, "cf73ad76": {"runs": 6, "balls": 4, "wickets": 0}, "f3171936": {"runs": 15, "balls": 14, "wickets": 1}, "66cf56a5": {"runs": 12, "balls": 7, "wickets": 0}, "0c432afb": {"runs": 28, "balls": 13, "wickets": 0}, "5bdcdb72": {"runs": 17, "balls": 22, "wickets": 0}, "c64c2443": {"runs": 6, "balls": 8, "wickets": 0}, "0a3d54b9": {"runs": 43, "balls": 37, "wickets": 1}, "fd835ab3": {"runs": 8, "balls": 3, "wickets": 0}, "1a0c3177": {"runs": 20, "balls": 15, "wickets": 0}, "9a158001": {"runs": 12, "balls": 8, "wickets": 0}, "99b202b3": {"runs": 11, "balls": 7, "wickets": 0}, "addfb70e": {"runs": 29, "balls": 12, "wickets": 0}, "3fb19989": {"runs": 167, "balls": 162, "wickets": 4}, "bd93fea4": {"runs": 35, "balls": 40, "wickets": 0}, "32198ae0": {"runs": 37, "balls": 30, "wickets": 0}, "96a6a7ad": {"runs": 104, "balls": 101, "wickets": 1}, "502b2c81": {"runs": 93, "balls": 76, "wickets": 0}, "30a45b23": {"runs": 30, "balls": 20, "wickets": 0}, "759ac88f": {"runs": 62, "balls": 57, "wickets": 4}, "0f721006": {"runs": 280, "balls": 283, "wickets": 1}, "fb66ce1f": {"runs": 172, "balls": 141, "wickets": 1}, "808f425a": {"runs": 124, "balls": 103, "wickets": 7}, "f5180fe6": {"runs": 115, "balls": 122, "wickets": 4}, "2a72fd4f": {"runs": 0, "balls": 1, "wickets": 1}, "a757b0d8": {"runs": 38, "balls": 31, "wickets": 0}, "9fc0ef64": {"runs": 49, "balls": 28, "wickets": 0}, "8cf9814c": {"runs": 113, "balls": 72, "wickets": 0}, "557153ca": {"runs": 3, "balls": 4, "wickets": 0}, "bd17b45f": {"runs": 11, "balls": 9, "wickets": 1}, "12bffe91": {"runs": 46, "balls": 30, "wickets": 0}, "7955eb15": {"runs": 36, "balls": 23, "wickets": 0}, "26ff4c29": {"runs": 25, "balls": 21, "wickets": 1}, "2e8994e7": {"runs": 87, "balls": 107, "wickets": 4}, "a8e3170f": {"runs": 26, "balls": 29, "wickets": 0}, "086f5984": {"runs": 30, "balls": 28, "wickets": 0}, "05d74535": {"runs": 20, "balls": 14, "wickets": 0}, "9ab63e7b": {"runs": 14, "balls": 23, "wickets": 0}, "b3118300": {"runs": 47, "balls": 28, "wickets": 1}, "469ea22b": {"runs": 46, "balls": 62, "wickets": 2}, "0f12f9df": {"runs": 185, "balls": 157, "wickets": 0}, "896d78ad": {"runs": 91, "balls": 118, "wickets": 1}, "d2fcce2f": {"runs": 134, "balls": 156, "wickets": 1}, "9868bc75": {"runs": 12, "balls": 11, "wickets": 0}, "d12143bf": {"runs": 134, "balls": 261, "wickets": 5}, "eba6a852": {"runs": 122, "balls": 169, "wickets": 2}, "58043739": {"runs": 6, "balls": 7, "wickets": 0}, "49b6c09f": {"runs": 12, "balls": 11, "wickets": 0}, "db767b89": {"runs": 36, "balls": 34, "wickets": 0}, "4c4fa80b": {"runs": 50, "balls": 61, "wickets": 0}, "30b60511": {"runs": 6, "balls": 6, "wickets": 0}, "8f7a598f": {"runs": 23, "balls": 23, "wickets": 1}, "2f28dc94": {"runs": 106, "balls": 134, "wickets": 1}, "59792462": {"runs": 40, "balls": 41, "wickets": 2}, "5bbabe59": {"runs": 45, "balls": 52, "wickets": 1}, "37137c8b": {"runs": 60, "balls": 46, "wickets": 0}, "d2babdd5": {"runs": 18, "balls": 31, "wickets": 0}, "9de271ef": {"runs": 36, "balls": 33, "wickets": 1}, "31fbf891": {"runs": 8, "balls": 14, "wickets": 0}, "aed55673": {"runs": 6, "balls": 7, "wickets": 0}, "56ab442f": {"runs": 98, "balls": 82, "wickets": 2}, "b681e71e": {"runs": 217, "balls": 188, "wickets": 3}, "b8d490fd": {"runs": 10, "balls": 14, "wickets": 0}, "a1d053dd": {"runs": 14, "balls": 19, "wickets": 0}, "d76b0d2d": {"runs": 8, "balls": 22, "wickets": 2}, "78dfe704": {"runs": 24, "balls": 20, "wickets": 0}, "89f64c19": {"runs": 11, "balls": 6, "wickets": 0}, "cfe70281": {"runs": 60, "balls": 94, "wickets": 3}, "51a3c5ef": {"runs": 90, "balls": 83, "wickets": 3}, "13c35c9e": {"runs": 269, "balls": 289, "wickets": 8}, "350bb1b1": {"runs": 39, "balls": 57, "wickets": 2}, "8abdf100": {"runs": 32, "balls": 68, "wickets": 2}, "5673a3fc": {"runs": 3, "balls": 5, "wickets": 0}, "7fb32e5b": {"runs": 5, "balls": 17, "wickets": 0}, "e84ac20c": {"runs": 42, "balls": 80, "wickets": 3}, "a818c1be": {"runs": 227, "balls": 308, "wickets": 7}, "78adc879": {"runs": 46, "balls": 86, "wickets": 1}, "641ac5ff": {"runs": 62, "balls": 57, "wickets": 2}, "d027ba9f": {"runs": 7, "balls": 5, "wickets": 0}, "9219eff0": {"runs": 15, "balls": 11, "wickets": 0}, "e186f49c": {"runs": 95, "balls": 103, "wickets": 2}, "f56cd097": {"runs": 69, "balls": 73, "wickets": 1}, "888e32bf": {"runs": 4, "balls": 6, "wickets": 0}, "b40ee8a8": {"runs": 28, "balls": 28, "wickets": 0}, "16dfcc19": {"runs": 16, "balls": 13, "wickets": 1}, "76388dc8": {"runs": 12, "balls": 10, "wickets": 0}, "5a4c12ab": {"runs": 1, "balls": 2, "wickets": 0}, "3f5f39cd": {"runs": 25, "balls": 36, "wickets": 2}, "dfc4d8b5": {"runs": 84, "balls": 90, "wickets": 2}, "6aed7e79": {"runs": 27, "balls": 17, "wickets": 0}, "ce820073": {"runs": 94, "balls": 63, "wickets": 1}, "1e66c162": {"runs": 70, "balls": 44, "wickets": 1}, "e0407c01": {"runs": 2, "balls": 3, "wickets": 0}, "f986ca1a": {"runs": 42, "balls": 37, "wickets": 2}, "57ee1fde": {"runs": 106, "balls": 78, "wickets": 3}, "dcf81436": {"runs": 4, "balls": 8, "wickets": 1}, "462411b3": {"runs": 105, "balls": 85, "wickets": 1}, "2e171977": {"runs": 14, "balls": 14, "wickets": 0}, "6f49cc6e": {"runs": 3, "balls": 5, "wickets": 0}, "26a85969": {"runs": 12, "balls": 12, "wickets": 2}, "012829ff": {"runs": 80, "balls": 78, "wickets": 3}, "fe93fd9d": {"runs": 119, "balls": 79, "wickets": 1}, "f62772e5": {"runs": 26, "balls": 17, "wickets": 0}, "4ec07775": {"runs": 1, "balls": 1, "wickets": 0}, "7dc35884": {"runs": 102, "balls": 94, "wickets": 2}, "9a963804": {"runs": 35, "balls": 23, "wickets": 0}, "bb351c23": {"runs": 94, "balls": 109, "wickets": 3}, "e087956b": {"runs": 83, "balls": 77, "wickets": 3}, "4c5d73db": {"runs": 110, "balls": 149, "wickets": 6}, "ffe699c0": {"runs": 16, "balls": 25, "wickets": 0}, "a343262c": {"runs": 3, "balls": 8, "wickets": 1}, "e412cb64": {"runs": 45, "balls": 24, "wickets": 0}, "ccdd8308": {"runs": 31, "balls": 37, "wickets": 0}, "4180d897": {"runs": 35, "balls": 38, "wickets": 2}, "364ee2cf": {"runs": 12, "balls": 19, "wickets": 0}, "9b79b9de": {"runs": 56, "balls": 92, "wickets": 0}, "08bae9d5": {"runs": 86, "balls": 120, "wickets": 0}, "f78e7113": {"runs": 48, "balls": 37, "wickets": 1}, "fec50c96": {"runs": 12, "balls": 11, "wickets": 1}, "03806cf8": {"runs": 121, "balls": 188, "wickets": 4}, "5af743d0": {"runs": 11, "balls": 18, "wickets": 0}, "f2800ef3": {"runs": 21, "balls": 17, "wickets": 0}, "7cd0a092": {"runs": 2, "balls": 2, "wickets": 0}, "acee4cc4": {"runs": 107, "balls": 126, "wickets": 3}, "26534b48": {"runs": 1, "balls": 10, "wickets": 0}, "4861d29b": {"runs": 18, "balls": 20, "wickets": 1}, "568e5a4a": {"runs": 13, "balls": 20, "wickets": 0}, "aae9ce90": {"runs": 10, "balls": 12, "wickets": 0}, "7f3ad1ed": {"runs": 25, "balls": 14, "wickets": 1}, "99cddc5e": {"runs": 53, "balls": 25, "wickets": 0}, "cf494ffe": {"runs": 25, "balls": 23, "wickets": 0}, "243431b5": {"runs": 34, "balls": 21, "wickets": 1}, "3b417422": {"runs": 0, "balls": 9, "wickets": 1}, "ef18b66e": {"runs": 54, "balls": 47, "wickets": 3}, "6eea0b32": {"runs": 36, "balls": 58, "wickets": 1}, "bf1d7d3e": {"runs": 15, "balls": 9, "wickets": 0}, "1a2676c5": {"runs": 32, "balls": 22, "wickets": 1}, "73ad96ed": {"runs": 45, "balls": 28, "wickets": 0}, "2c76b512": {"runs": 0, "balls": 3, "wickets": 0}, "b2b23612": {"runs": 5, "balls": 2, "wickets": 0}, "81049310": {"runs": 54, "balls": 46, "wickets": 1}, "b56dc5f7": {"runs": 12, "balls": 9, "wickets": 0}, "6eb146d2": {"runs": 2, "balls": 2, "wickets": 0}, "69be866a": {"runs": 26, "balls": 16, "wickets": 0}, "aa8d28ae": {"runs": 4, "balls": 2, "wickets": 1}, "4d9f9686": {"runs": 17, "balls": 17, "wickets": 0}, "c285c86e": {"runs": 42, "balls": 56, "wickets": 0}, "bb01f9e0": {"runs": 34, "balls": 43, "wickets": 0}, "9d1d34bd": {"runs": 41, "balls": 45, "wickets": 0}, "902d916b": {"runs": 25, "balls": 17, "wickets": 0}, "5fbe14fc": {"runs": 2, "balls": 3, "wickets": 0}, "0a8fce53": {"runs": 129, "balls": 107, "wickets": 1}, "1f7adc8a": {"runs": 12, "balls": 9, "wickets": 0}, "2af838ee": {"runs": 182, "balls": 219, "wickets": 2}, "ef6aea67": {"runs": 50, "balls": 99, "wickets": 1}, "e62dd25d": {"runs": 168, "balls": 178, "wickets": 4}, "d4eef961": {"runs": 1, "balls": 2, "wickets": 0}, "a9da7784": {"runs": 55, "balls": 87, "wickets": 0}, "dce2019b": {"runs": 26, "balls": 19, "wickets": 0}, "23638956": {"runs": 24, "balls": 42, "wickets": 0}, "33085ffb": {"runs": 1, "balls": 3, "wickets": 1}, "537f5ab2": {"runs": 21, "balls": 66, "wickets": 0}, "7c8f533d": {"runs": 14, "balls": 16, "wickets": 1}, "d167edd3": {"runs": 28, "balls": 32, "wickets": 0}, "7c7d63a2": {"runs": 25, "balls": 13, "wickets": 0}, "8012d0b8": {"runs": 20, "balls": 19, "wickets": 1}, "327b58d3": {"runs": 79, "balls": 83, "wickets": 3}, "342d8ade": {"runs": 6, "balls": 7, "wickets": 0}, "bf7842c9": {"runs": 9, "balls": 8, "wickets": 1}, "770494eb": {"runs": 36, "balls": 28, "wickets": 0}, "18eaf2fa": {"runs": 1, "balls": 1, "wickets": 0}, "9ac1dc9f": {"runs": 9, "balls": 3, "wickets": 0}, "d1988788": {"runs": 1, "balls": 3, "wickets": 0}, "31803fac": {"runs": 14, "balls": 8, "wickets": 0}, "e174dadd": {"runs": 53, "balls": 54, "wickets": 1}, "68ddabdb": {"runs": 4, "balls": 3, "wickets": 1}, "9170ff49": {"runs": 5, "balls": 4, "wickets": 1}, "e2db2409": {"runs": 50, "balls": 33, "wickets": 0}, "1da489ff": {"runs": 8, "balls": 6, "wickets": 0}, "dbe50b21": {"runs": 35, "balls": 28, "wickets": 1}, "5b8c830e": {"runs": 32, "balls": 29, "wickets": 0}, "14f96089": {"runs": 94, "balls": 116, "wickets": 2}, "6b19d823": {"runs": 39, "balls": 32, "wickets": 3}, "4b57e452": {"runs": 2, "balls": 3, "wickets": 0}, "d9273ee7": {"runs": 66, "balls": 46, "wickets": 2}, "e342e5fb": {"runs": 65, "balls": 66, "wickets": 0}, "db31895a": {"runs": 13, "balls": 8, "wickets": 1}, "af2c687b": {"runs": 18, "balls": 17, "wickets": 0}, "8d2c70ad": {"runs": 34, "balls": 37, "wickets": 1}, "957532de": {"runs": 8, "balls": 9, "wickets": 0}, "d9609443": {"runs": 29, "balls": 50, "wickets": 1}, "3feda4fa": {"runs": 25, "balls": 39, "wickets": 1}, "92aa28fe": {"runs": 18, "balls": 29, "wickets": 1}, "b0946605": {"runs": 126, "balls": 115, "wickets": 2}, "7f048519": {"runs": 100, "balls": 118, "wickets": 4}, "245c97cb": {"runs": 17, "balls": 15, "wickets": 0}, "18e6906e": {"runs": 3, "balls": 5, "wickets": 0}, "12b610c2": {"runs": 3, "balls": 3, "wickets": 0}, "ded9240e": {"runs": 141, "balls": 148, "wickets": 4}, "f19ccfad": {"runs": 37, "balls": 45, "wickets": 0}, "1abb78f8": {"runs": 80, "balls": 51, "wickets": 2}, "2a2e6343": {"runs": 8, "balls": 11, "wickets": 0}, "edb3d4f8": {"runs": 18, "balls": 11, "wickets": 0}, "119678fd": {"runs": 44, "balls": 22, "wickets": 0}, "9cb8d7a6": {"runs": 19, "balls": 21, "wickets": 0}, "2911de16": {"runs": 39, "balls": 38, "wickets": 0}, "9de62878": {"runs": 41, "balls": 39, "wickets": 1}, "64c34cd0": {"runs": 9, "balls": 10, "wickets": 0}, "509a7ca1": {"runs": 63, "balls": 43, "wickets": 1}, "ab6b1c45": {"runs": 74, "balls": 58, "wickets": 2}, "4a745f65": {"runs": 44, "balls": 62, "wickets": 0}, "78cb83f3": {"runs": 2, "balls": 2, "wickets": 0}, "4751caa3": {"runs": 79, "balls": 56, "wickets": 0}, "5531248e": {"runs": 127, "balls": 155, "wickets": 2}, "400e2d4d": {"runs": 14, "balls": 16, "wickets": 0}, "5eef2118": {"runs": 54, "balls": 59, "wickets": 1}, "79aad751": {"runs": 107, "balls": 94, "wickets": 1}, "b529630e": {"runs": 11, "balls": 11, "wickets": 1}, "a97c8ec2": {"runs": 73, "balls": 76, "wickets": 0}, "5b16a806": {"runs": 112, "balls": 79, "wickets": 2}, "4933f499": {"runs": 93, "balls": 78, "wickets": 3}, "e4a0deae": {"runs": 51, "balls": 70, "wickets": 1}, "94d7f855": {"runs": 52, "balls": 43, "wickets": 0}, "3ff033bb": {"runs": 39, "balls": 42, "wickets": 1}, "7d608e12": {"runs": 39, "balls": 31, "wickets": 0}, "753c95b9": {"runs": 10, "balls": 12, "wickets": 1}, "a03bba42": {"runs": 65, "balls": 48, "wickets": 2}, "f834dcfc": {"runs": 90, "balls": 96, "wickets": 1}, "462d7c62": {"runs": 3, "balls": 4, "wickets": 0}, "1cb14aa4": {"runs": 37, "balls": 18, "wickets": 0}, "42172c3c": {"runs": 10, "balls": 7, "wickets": 0}, "7f8ecc51": {"runs": 9, "balls": 7, "wickets": 0}, "c58b0108": {"runs": 36, "balls": 49, "wickets": 1}, "6575e3bc": {"runs": 20, "balls": 15, "wickets": 1}, "90de905a": {"runs": 13, "balls": 9, "wickets": 1}, "b2a79f17": {"runs": 12, "balls": 7, "wickets": 0}, "7a8bd078": {"runs": 41, "balls": 23, "wickets": 1}, "1a156c88": {"runs": 8, "balls": 8, "wickets": 0}, "2e11c706": {"runs": 11, "balls": 7, "wickets": 0}, "a9fd84fb": {"runs": 15, "balls": 16, "wickets": 1}, "d8b2f218": {"runs": 6, "balls": 5, "wickets": 0}, "eef2536f": {"runs": 8, "balls": 4, "wickets": 0}, "2f49c897": {"runs": 42, "balls": 30, "wickets": 1}, "0994d0ae": {"runs": 15, "balls": 6, "wickets": 0}, "23eeb873": {"runs": 87, "balls": 74, "wickets": 1}, "fb2d1dda": {"runs": 14, "balls": 16, "wickets": 1}, "85e0cf10": {"runs": 65, "balls": 43, "wickets": 0}, "99ed60f8": {"runs": 5, "balls": 3, "wickets": 0}, "c38d3503": {"runs": 14, "balls": 16, "wickets": 0}, "29b89ae8": {"runs": 2, "balls": 5, "wickets": 0}, "8c2aa0f9": {"runs": 8, "balls": 5, "wickets": 0}, "c9945bdf": {"runs": 4, "balls": 3, "wickets": 0}, "3d0ed2f9": {"runs": 9, "balls": 7, "wickets": 0}, "8d92a2c3": {"runs": 88, "balls": 72, "wickets": 1}, "e94915e6": {"runs": 87, "balls": 87, "wickets": 1}, "249d60c9": {"runs": 42, "balls": 46, "wickets": 1}, "5f5ca1a7": {"runs": 18, "balls": 17, "wickets": 0}, "70456281": {"runs": 24, "balls": 19, "wickets": 0}, "f6c2659d": {"runs": 11, "balls": 14, "wickets": 0}, "d3851cd8": {"runs": 37, "balls": 29, "wickets": 0}, "023f6b02": {"runs": 13, "balls": 24, "wickets": 0}, "e3eb9e46": {"runs": 8, "balls": 4, "wickets": 0}, "d5ae21a2": {"runs": 16, "balls": 12, "wickets": 1}, "f0e722e0": {"runs": 4, "balls": 10, "wickets": 0}, "bd4ea627": {"runs": 13, "balls": 13, "wickets": 1}, "1777c020": {"runs": 1, "balls": 1, "wickets": 0}, "45a7e761": {"runs": 24, "balls": 17, "wickets": 0}, "3086f7a4": {"runs": 13, "balls": 20, "wickets": 0}, "c6097d68": {"runs": 72, "balls": 57, "wickets": 4}, "529eb9e0": {"runs": 9, "balls": 6, "wickets": 0}, "b52ffbbd": {"runs": 28, "balls": 36, "wickets": 3}, "75224f22": {"runs": 56, "balls": 59, "wickets": 2}, "a61bcb94": {"runs": 6, "balls": 7, "wickets": 0}, "6834d1f2": {"runs": 20, "balls": 13, "wickets": 1}, "1ee08e9a": {"runs": 65, "balls": 74, "wickets": 2}, "2f9d0389": {"runs": 112, "balls": 109, "wickets": 3}, "2e9fdf9b": {"runs": 39, "balls": 29, "wickets": 0}, "fef92afc": {"runs": 21, "balls": 10, "wickets": 0}, "b8527c3d": {"runs": 6, "balls": 8, "wickets": 0}, "7d92277a": {"runs": 7, "balls": 5, "wickets": 0}, "62af8546": {"runs": 16, "balls": 14, "wickets": 1}, "a2f46292": {"runs": 32, "balls": 30, "wickets": 1}, "2ed569a0": {"runs": 47, "balls": 33, "wickets": 2}, "a316d663": {"runs": 14, "balls": 7, "wickets": 1}, "c05edf8e": {"runs": 18, "balls": 12, "wickets": 0}, "5574750c": {"runs": 10, "balls": 9, "wickets": 1}, "04a418e8": {"runs": 2, "balls": 2, "wickets": 0}, "21d4e29b": {"runs": 19, "balls": 9, "wickets": 0}, "a4e37e47": {"runs": 2, "balls": 3, "wickets": 0}, "5f547c8b": {"runs": 53, "balls": 56, "wickets": 4}, "871e9faf": {"runs": 28, "balls": 19, "wickets": 1}, "acdc62f5": {"runs": 4, "balls": 6, "wickets": 0}, "11614d87": {"runs": 55, "balls": 45, "wickets": 0}, "9a2fc964": {"runs": 30, "balls": 27, "wickets": 0}, "1a8eebbe": {"runs": 7, "balls": 9, "wickets": 1}, "f8ce577b": {"runs": 23, "balls": 19, "wickets": 1}, "37138918": {"runs": 4, "balls": 9, "wickets": 0}, "8919756f": {"runs": 6, "balls": 3, "wickets": 0}, "b2a55ac1": {"runs": 8, "balls": 5, "wickets": 0}, "fe473dc2": {"runs": 5, "balls": 4, "wickets": 0}, "61a3c20c": {"runs": 13, "balls": 10, "wickets": 0}, "297b26da": {"runs": 1, "balls": 3, "wickets": 1}, "ccae927b": {"runs": 9, "balls": 5, "wickets": 0}, "c8f697bd": {"runs": 5, "balls": 8, "wickets": 0}, "ddc7a53d": {"runs": 9, "balls": 4, "wickets": 0}, "868e3639": {"runs": 1, "balls": 5, "wickets": 1}, "a2421394": {"runs": 50, "balls": 40, "wickets": 0}, "fa433be6": {"runs": 11, "balls": 9, "wickets": 0}, "ce794613": {"runs": 53, "balls": 34, "wickets": 0}, "f29185a1": {"runs": 14, "balls": 11, "wickets": 0}, "5b7ab5a9": {"runs": 54, "balls": 50, "wickets": 3}, "ac5ae4af": {"runs": 28, "balls": 22, "wickets": 1}, "f752db61": {"runs": 6, "balls": 4, "wickets": 0}, "5d2eea49": {"runs": 18, "balls": 7, "wickets": 1}, "39a2dfa8": {"runs": 12, "balls": 8, "wickets": 0}, "244048f6": {"runs": 22, "balls": 12, "wickets": 0}, "df064e1a": {"runs": 48, "balls": 31, "wickets": 1}, "f9e6e7ef": {"runs": 10, "balls": 9, "wickets": 1}, "86b4bf88": {"runs": 19, "balls": 18, "wickets": 1}, "caf69bf7": {"runs": 6, "balls": 4, "wickets": 0}, "46a9bea1": {"runs": 7, "balls": 9, "wickets": 1}, "32342d85": {"runs": 1, "balls": 2, "wickets": 0}, "9d704f6f": {"runs": 7, "balls": 5, "wickets": 1}, "48bf9d5c": {"runs": 5, "balls": 6, "wickets": 0}, "791c088d": {"runs": 0, "balls": 1, "wickets": 1}, "249abedf": {"runs": 42, "balls": 26, "wickets": 0}, "798cc28e": {"runs": 23, "balls": 14, "wickets": 0}, "ade90de7": {"runs": 27, "balls": 15, "wickets": 0}, "e86754b2": {"runs": 12, "balls": 17, "wickets": 0}, "8db7f47f": {"runs": 38, "balls": 56, "wickets": 3}, "2cdce1be": {"runs": 8, "balls": 7, "wickets": 0}, "64775749": {"runs": 32, "balls": 17, "wickets": 0}, "4125d931": {"runs": 32, "balls": 22, "wickets": 0}, "68c56d09": {"runs": 0, "balls": 3, "wickets": 1}, "732c038e": {"runs": 3, "balls": 5, "wickets": 0}, "fb3e0d39": {"runs": 24, "balls": 18, "wickets": 1}, "1be67d37": {"runs": 6, "balls": 8, "wickets": 0}, "da934ee8": {"runs": 5, "balls": 4, "wickets": 0}, "cdc6bdba": {"runs": 13, "balls": 8, "wickets": 0}, "be869ccf": {"runs": 7, "balls": 7, "wickets": 0}, "6a26221c": {"runs": 19, "balls": 23, "wickets": 1}, "81c36ee9": {"runs": 28, "balls": 32, "wickets": 0}, "0b60eb09": {"runs": 34, "balls": 48, "wickets": 1}, "8361e524": {"runs": 25, "balls": 24, "wickets": 0}, "23cca426": {"runs": 0, "balls": 3, "wickets": 1}, "0a67aec0": {"runs": 13, "balls": 6, "wickets": 0}, "765a4731": {"runs": 26, "balls": 16, "wickets": 0}, "cd8d2859": {"runs": 11, "balls": 7, "wickets": 0}, "ad427b5c": {"runs": 11, "balls": 8, "wickets": 1}, "f24c6701": {"runs": 18, "balls": 14, "wickets": 0}, "c33d8116": {"runs": 18, "balls": 12, "wickets": 1}, "2e78f685": {"runs": 1, "balls": 2, "wickets": 0}, "e9c7f0d0": {"runs": 12, "balls": 11, "wickets": 1}, "81c08fa3": {"runs": 26, "balls": 14, "wickets": 0}, "e9987a94": {"runs": 8, "balls": 8, "wickets": 0}, "cad40f5e": {"runs": 5, "balls": 6, "wickets": 0}, "ded9ff1e": {"runs": 14, "balls": 24, "wickets": 0}, "c5aef772": {"runs": 26, "balls": 27, "wickets": 1}, "73c18486": {"runs": 11, "balls": 8, "wickets": 0}, "97bdec3d": {"runs": 25, "balls": 19, "wickets": 1}, "4d7f517e": {"runs": 17, "balls": 27, "wickets": 0}, "3241e3fd": {"runs": 3, "balls": 3, "wickets": 0}, "1ac2a995": {"runs": 11, "balls": 15, "wickets": 1}, "6e3f5a5c": {"runs": 36, "balls": 48, "wickets": 0}, "1bd16445": {"runs": 30, "balls": 40, "wickets": 0}, "e7e86505": {"runs": 17, "balls": 27, "wickets": 1}, "afe57f7a": {"runs": 17, "balls": 21, "wickets": 0}, "26d041c4": {"runs": 27, "balls": 35, "wickets": 0}, "b8704508": {"runs": 3, "balls": 6, "wickets": 0}, "a879b92c": {"runs": 4, "balls": 7, "wickets": 0}, "b08252b8": {"runs": 3, "balls": 3, "wickets": 0}, "61fb296e": {"runs": 17, "balls": 12, "wickets": 1}, "e1e7f950": {"runs": 14, "balls": 7, "wickets": 0}, "4b31f3a3": {"runs": 12, "balls": 7, "wickets": 0}, "8996a9a0": {"runs": 3, "balls": 4, "wickets": 1}, "80ad39ac": {"runs": 1, "balls": 3, "wickets": 0}, "cb5100f1": {"runs": 1, "balls": 2, "wickets": 0}, "9061a703": {"runs": 8, "balls": 8, "wickets": 1}, "b483905d": {"runs": 21, "balls": 9, "wickets": 0}, "eaa76d3c": {"runs": 12, "balls": 11, "wickets": 0}, "12314277": {"runs": 1, "balls": 1, "wickets": 0}, "f6d8a7ab": {"runs": 3, "balls": 2, "wickets": 0}, "77b1aa15": {"runs": 10, "balls": 4, "wickets": 0}, "7c3b3b78": {"runs": 5, "balls": 5, "wickets": 0}, "9440ef41": {"runs": 6, "balls": 8, "wickets": 0}, "7210d461": {"runs": 4, "balls": 11, "wickets": 0}, "a457cfb5": {"runs": 14, "balls": 7, "wickets": 0}, "cf0ccafa": {"runs": 20, "balls": 11, "wickets": 0}, "c0c411cb": {"runs": 6, "balls": 7, "wickets": 0}, "b1ad996b": {"runs": 13, "balls": 7, "wickets": 0}, "8f6dd463": {"runs": 1, "balls": 1, "wickets": 0}}, "fifties": 28, "thirties": 206, "centuries": 0, "maidens": 2.0, "hattricks": 0, "club_ODI_previous3_runs": [], "club_ODI_previous3_wickets": [], "club_ODI_previous3_balls played": [], "club_ODI_previous3_overs": [], "club_ODI_previous3_runs gave": [], "club_ODI_lifetime_runs": 0.0, "club_ODI_lifetime_wickets": 0.0, "club_ODI_lifetime_balls played": 0.0, "club_ODI_lifetime_overs": 0.0, "club_ODI_lifetime_runs gave": 0.0, "club_Test_previous3_runs": [], "club_Test_previous3_wickets": [], "club_Test_previous3_balls played": [], "club_Test_previous3_overs": [], "club_Test_previous3_runs gave": [], "club_Test_lifetime_runs": 0.0, "club_Test_lifetime_wickets": 0.0, "club_Test_lifetime_balls played": 0.0, "club_Test_lifetime_overs": 0.0, "club_Test_lifetime_runs gave": 0.0, "club_T20_previous3_runs": [70.0, 1.0, 14.0], "club_T20_previous3_wickets": [0.0, 0.0, 0.0], "club_T20_previous3_balls played": [50.0, 2.0, 16.0], "club_T20_previous3_overs": [0.0, 0.0, 0.0], "club_T20_previous3_runs gave": [0.0, 0.0, 0.0], "club_T20_lifetime_runs": 6963.0, "club_T20_lifetime_wickets": 4.0, "club_T20_lifetime_balls played": 5451.0, "club_T20_lifetime_overs": 7.833333333333334, "club_T20_lifetime_runs gave": 72.0, "international_ODI_previous3_runs": [7.0, 8.0, 3.0], "international_ODI_previous3_wickets": [0.0, 0.0, 0.0], "international_ODI_previous3_balls played": [17.0, 10.0, 8.0], "international_ODI_previous3_overs": [0.0, 0.0, 0.0], "international_ODI_previous3_runs gave": [0.0, 0.0, 0.0], "international_ODI_lifetime_runs": 6733.0, "international_ODI_lifetime_wickets": 0.0, "international_ODI_lifetime_balls played": 7330.0, "international_ODI_lifetime_overs": 0.0, "international_ODI_lifetime_runs gave": 0.0, "international_Test_previous3_runs": [79.0, 40.0, 4.0], "international_Test_previous3_wickets": [0.0, 0.0, 0.0], "international_Test_previous3_balls played": [128.0, 82.0, 12.0], "international_Test_previous3_overs": [0.0, 0.0, 0.0], "international_Test_previous3_runs gave": [0.0, 0.0, 0.0], "international_Test_lifetime_runs": 2208.0, "international_Test_lifetime_wickets": 0.0, "international_Test_lifetime_balls played": 3329.0, "international_Test_lifetime_overs": 8.666666666666668, "international_Test_lifetime_runs gave": 26.0, "international_T20_previous3_runs": [46.0, 40.0, 0.0], "international_T20_previous3_wickets": [0.0, 0.0, 0.0], "international_T20_previous3_balls played": [36.0, 42.0, 1.0], "international_T20_previous3_overs": [0.0, 0.0, 0.0], "international_T20_previous3_runs gave": [0.0, 0.0, 0.0], "international_T20_lifetime_runs": 1759.0, "international_T20_lifetime_wickets": 0.0, "international_T20_lifetime_balls played": 1385.0, "international_T20_lifetime_overs": 0.0, "international_T20_lifetime_runs gave": 0.0}