{"played_against": {"d2c2b2d5": {"runs": 0, "balls": 2, "wickets": 0}, "8fd1a8f5": {"runs": 0, "balls": 2, "wickets": 0}, "e938e1bc": {"runs": 2, "balls": 5, "wickets": 0}, "41eb4a4f": {"runs": 8, "balls": 5, "wickets": 0}, "91ffa6c6": {"runs": 1, "balls": 2, "wickets": 1}, "b1451597": {"runs": 0, "balls": 1, "wickets": 0}}, "fifties": 0, "thirties": 0, "centuries": 0, "maidens": 0.0, "hattricks": 0, "club_ODI_previous3_runs": [], "club_ODI_previous3_wickets": [], "club_ODI_previous3_balls played": [], "club_ODI_previous3_overs": [], "club_ODI_previous3_runs gave": [], "club_ODI_lifetime_runs": 0.0, "club_ODI_lifetime_wickets": 0.0, "club_ODI_lifetime_balls played": 0.0, "club_ODI_lifetime_overs": 0.0, "club_ODI_lifetime_runs gave": 0.0, "club_Test_previous3_runs": [], "club_Test_previous3_wickets": [], "club_Test_previous3_balls played": [], "club_Test_previous3_overs": [], "club_Test_previous3_runs gave": [], "club_Test_lifetime_runs": 0.0, "club_Test_lifetime_wickets": 0.0, "club_Test_lifetime_balls played": 0.0, "club_Test_lifetime_overs": 0.0, "club_Test_lifetime_runs gave": 0.0, "club_T20_previous3_runs": [11.0, 0.0], "club_T20_previous3_wickets": [1.0, 0.0], "club_T20_previous3_balls played": [14.0, 1.0], "club_T20_previous3_overs": [4.0, 1.8333333333333335], "club_T20_previous3_runs gave": [30.0, 11.0], "club_T20_lifetime_runs": 11.0, "club_T20_lifetime_wickets": 1.0, "club_T20_lifetime_balls played": 15.0, "club_T20_lifetime_overs": 5.833333333333334, "club_T20_lifetime_runs gave": 41.0, "international_ODI_previous3_runs": [], "international_ODI_previous3_wickets": [], "international_ODI_previous3_balls played": [], "international_ODI_previous3_overs": [], "international_ODI_previous3_runs gave": [], "international_ODI_lifetime_runs": 0.0, "international_ODI_lifetime_wickets": 0.0, "international_ODI_lifetime_balls played": 0.0, "international_ODI_lifetime_overs": 0.0, "international_ODI_lifetime_runs gave": 0.0, "international_Test_previous3_runs": [], "international_Test_previous3_wickets": [], "international_Test_previous3_balls played": [], "international_Test_previous3_overs": [], "international_Test_previous3_runs gave": [], "international_Test_lifetime_runs": 0.0, "international_Test_lifetime_wickets": 0.0, "international_Test_lifetime_balls played": 0.0, "international_Test_lifetime_overs": 0.0, "international_Test_lifetime_runs gave": 0.0, "international_T20_previous3_runs": [0.0], "international_T20_previous3_wickets": [0.0], "international_T20_previous3_balls played": [2.0], "international_T20_previous3_overs": [4.0], "international_T20_previous3_runs gave": [31.0], "international_T20_lifetime_runs": 0.0, "international_T20_lifetime_wickets": 0.0, "international_T20_lifetime_balls played": 2.0, "international_T20_lifetime_overs": 4.0, "international_T20_lifetime_runs gave": 31.0}