{"played_against": {"f9d99806": {"runs": 4, "balls": 3, "wickets": 0}, "23eeb873": {"runs": 7, "balls": 5, "wickets": 0}, "18e6906e": {"runs": 11, "balls": 6, "wickets": 1}, "a2f46292": {"runs": 12, "balls": 9, "wickets": 0}, "49bacd0f": {"runs": 5, "balls": 7, "wickets": 0}, "a24be938": {"runs": 6, "balls": 4, "wickets": 0}, "24d94623": {"runs": 4, "balls": 7, "wickets": 1}, "f29185a1": {"runs": 12, "balls": 10, "wickets": 0}, "f0c86c2d": {"runs": 9, "balls": 5, "wickets": 0}, "254c7802": {"runs": 2, "balls": 2, "wickets": 0}, "8050f0f0": {"runs": 5, "balls": 4, "wickets": 0}, "1d8388eb": {"runs": 10, "balls": 2, "wickets": 0}, "ec9fc54b": {"runs": 7, "balls": 7, "wickets": 0}, "119678fd": {"runs": 30, "balls": 23, "wickets": 1}, "21b9e62b": {"runs": 3, "balls": 5, "wickets": 0}, "13dd2a4b": {"runs": 16, "balls": 4, "wickets": 0}, "f4ef0fd7": {"runs": 4, "balls": 2, "wickets": 0}, "61e93009": {"runs": 10, "balls": 12, "wickets": 0}, "cc8531c2": {"runs": 2, "balls": 3, "wickets": 0}, "62ccc063": {"runs": 1, "balls": 2, "wickets": 1}, "70eb694b": {"runs": 6, "balls": 4, "wickets": 0}, "f19ccfad": {"runs": 18, "balls": 17, "wickets": 1}, "50455929": {"runs": 8, "balls": 4, "wickets": 0}, "4312e8f9": {"runs": 15, "balls": 5, "wickets": 0}, "d3611425": {"runs": 3, "balls": 2, "wickets": 0}, "ad427b5c": {"runs": 25, "balls": 21, "wickets": 0}, "bee290b6": {"runs": 15, "balls": 10, "wickets": 0}, "f62772e5": {"runs": 7, "balls": 8, "wickets": 1}, "fb2d1dda": {"runs": 1, "balls": 1, "wickets": 0}, "4c5d73db": {"runs": 4, "balls": 4, "wickets": 1}, "4329fbb5": {"runs": 1, "balls": 1, "wickets": 0}, "1abb78f8": {"runs": 13, "balls": 10, "wickets": 1}, "fe93fd9d": {"runs": 43, "balls": 32, "wickets": 1}, "8b5b6769": {"runs": 10, "balls": 9, "wickets": 1}, "dbe50b21": {"runs": 18, "balls": 13, "wickets": 0}, "462411b3": {"runs": 10, "balls": 14, "wickets": 3}, "9ed95736": {"runs": 1, "balls": 3, "wickets": 0}, "a584021c": {"runs": 0, "balls": 1, "wickets": 0}, "1c2a64cd": {"runs": 0, "balls": 1, "wickets": 1}, "eb46e18d": {"runs": 1, "balls": 1, "wickets": 0}, "08a11820": {"runs": 2, "balls": 2, "wickets": 0}, "6d981899": {"runs": 15, "balls": 5, "wickets": 0}, "76307fc7": {"runs": 7, "balls": 6, "wickets": 0}, "52cb36a0": {"runs": 53, "balls": 16, "wickets": 0}, "e32d22f6": {"runs": 10, "balls": 4, "wickets": 0}, "df72675b": {"runs": 19, "balls": 6, "wickets": 0}, "fa73f373": {"runs": 7, "balls": 8, "wickets": 0}, "f8c7484e": {"runs": 11, "balls": 9, "wickets": 0}, "12f75dbd": {"runs": 14, "balls": 4, "wickets": 0}, "2fcb040c": {"runs": 12, "balls": 8, "wickets": 0}, "a63563c0": {"runs": 9, "balls": 3, "wickets": 0}, "caabc8e4": {"runs": 3, "balls": 5, "wickets": 0}, "de00b96c": {"runs": 1, "balls": 1, "wickets": 0}, "478bbd5f": {"runs": 12, "balls": 6, "wickets": 1}, "798c67e5": {"runs": 15, "balls": 4, "wickets": 0}, "4125d931": {"runs": 0, "balls": 1, "wickets": 1}, "e1e7f950": {"runs": 0, "balls": 1, "wickets": 1}, "5bb1a1c4": {"runs": 4, "balls": 4, "wickets": 0}, "21d4e29b": {"runs": 7, "balls": 4, "wickets": 1}, "a4e37e47": {"runs": 8, "balls": 7, "wickets": 1}, "46a9bea1": {"runs": 34, "balls": 16, "wickets": 1}, "9d704f6f": {"runs": 2, "balls": 4, "wickets": 0}, "9d80c5e1": {"runs": 3, "balls": 4, "wickets": 0}, "5f547c8b": {"runs": 16, "balls": 16, "wickets": 0}, "ce820073": {"runs": 23, "balls": 12, "wickets": 1}, "2e81a32d": {"runs": 27, "balls": 21, "wickets": 0}, "5574750c": {"runs": 2, "balls": 2, "wickets": 0}, "1e66c162": {"runs": 14, "balls": 7, "wickets": 0}, "51a3c5ef": {"runs": 2, "balls": 3, "wickets": 0}, "4b31f3a3": {"runs": 28, "balls": 14, "wickets": 0}, "cd8d2859": {"runs": 0, "balls": 5, "wickets": 0}, "1b7c4d69": {"runs": 7, "balls": 4, "wickets": 0}, "e2db2409": {"runs": 2, "balls": 5, "wickets": 0}, "10636efb": {"runs": 12, "balls": 8, "wickets": 1}, "15deff66": {"runs": 4, "balls": 6, "wickets": 0}, "1b480a44": {"runs": 6, "balls": 3, "wickets": 0}, "7ef0c030": {"runs": 10, "balls": 7, "wickets": 0}, "59da1e8a": {"runs": 8, "balls": 8, "wickets": 0}, "f3ba1bdc": {"runs": 11, "balls": 3, "wickets": 0}, "f0f5b2aa": {"runs": 1, "balls": 2, "wickets": 0}, "249abedf": {"runs": 2, "balls": 4, "wickets": 0}, "ade90de7": {"runs": 2, "balls": 3, "wickets": 0}, "e4a0deae": {"runs": 3, "balls": 3, "wickets": 0}, "f834dcfc": {"runs": 1, "balls": 1, "wickets": 0}, "244048f6": {"runs": 40, "balls": 18, "wickets": 0}, "be24ead0": {"runs": 14, "balls": 12, "wickets": 0}, "dcf81436": {"runs": 38, "balls": 17, "wickets": 1}, "13abdc50": {"runs": 0, "balls": 1, "wickets": 1}, "d7b3a420": {"runs": 18, "balls": 9, "wickets": 0}, "44cb17b4": {"runs": 7, "balls": 3, "wickets": 0}, "cede9920": {"runs": 6, "balls": 3, "wickets": 0}, "911d04ad": {"runs": 6, "balls": 4, "wickets": 0}, "d221c0cf": {"runs": 20, "balls": 9, "wickets": 0}, "09a3f653": {"runs": 12, "balls": 12, "wickets": 0}, "d330f9b9": {"runs": 10, "balls": 7, "wickets": 0}, "783e6111": {"runs": 25, "balls": 13, "wickets": 0}, "2cdce1be": {"runs": 9, "balls": 6, "wickets": 0}, "5f39537c": {"runs": 2, "balls": 4, "wickets": 0}, "bc67cc22": {"runs": 2, "balls": 2, "wickets": 0}, "2f9d0389": {"runs": 9, "balls": 8, "wickets": 1}, "b0946605": {"runs": 15, "balls": 15, "wickets": 0}, "7210d461": {"runs": 37, "balls": 11, "wickets": 1}, "8cf9814c": {"runs": 4, "balls": 6, "wickets": 0}, "8d2c70ad": {"runs": 8, "balls": 7, "wickets": 0}, "0a8fce53": {"runs": 16, "balls": 10, "wickets": 1}, "a818c1be": {"runs": 4, "balls": 2, "wickets": 0}, "57ee1fde": {"runs": 14, "balls": 11, "wickets": 1}, "495d42a5": {"runs": 4, "balls": 5, "wickets": 0}, "2e78f685": {"runs": 15, "balls": 8, "wickets": 0}, "85e0cf10": {"runs": 24, "balls": 12, "wickets": 0}, "0f721006": {"runs": 9, "balls": 4, "wickets": 0}, "c33d8116": {"runs": 6, "balls": 3, "wickets": 0}, "df064e1a": {"runs": 15, "balls": 14, "wickets": 1}, "327b58d3": {"runs": 1, "balls": 4, "wickets": 0}, "64775749": {"runs": 13, "balls": 8, "wickets": 0}, "caf69bf7": {"runs": 7, "balls": 4, "wickets": 0}, "ce794613": {"runs": 39, "balls": 24, "wickets": 2}, "eef2536f": {"runs": 21, "balls": 8, "wickets": 0}, "d9273ee7": {"runs": 27, "balls": 9, "wickets": 1}, "0c0ef3fb": {"runs": 18, "balls": 12, "wickets": 0}, "c05edf8e": {"runs": 20, "balls": 13, "wickets": 0}, "a9fd84fb": {"runs": 63, "balls": 37, "wickets": 0}, "26d041c4": {"runs": 4, "balls": 3, "wickets": 0}, "2ed569a0": {"runs": 1, "balls": 2, "wickets": 1}, "e38bce7a": {"runs": 5, "balls": 7, "wickets": 0}, "f9e6e7ef": {"runs": 1, "balls": 1, "wickets": 0}, "f986ca1a": {"runs": 31, "balls": 18, "wickets": 2}, "0a67aec0": {"runs": 2, "balls": 1, "wickets": 0}, "7f048519": {"runs": 1, "balls": 2, "wickets": 0}, "2f49c897": {"runs": 22, "balls": 7, "wickets": 0}, "9061a703": {"runs": 14, "balls": 10, "wickets": 0}, "81c36ee9": {"runs": 29, "balls": 16, "wickets": 0}, "81c08fa3": {"runs": 7, "balls": 4, "wickets": 0}, "0c9652b0": {"runs": 4, "balls": 5, "wickets": 0}, "98ae73b1": {"runs": 15, "balls": 11, "wickets": 1}, "8dc152d1": {"runs": 7, "balls": 5, "wickets": 1}, "2e171977": {"runs": 10, "balls": 11, "wickets": 1}, "64839cb3": {"runs": 24, "balls": 21, "wickets": 0}, "f24c6701": {"runs": 13, "balls": 16, "wickets": 1}, "a97c8ec2": {"runs": 1, "balls": 2, "wickets": 0}, "efc04be7": {"runs": 3, "balls": 6, "wickets": 1}, "759ac88f": {"runs": 11, "balls": 5, "wickets": 0}, "5d2eea49": {"runs": 5, "balls": 3, "wickets": 0}, "6a26221c": {"runs": 31, "balls": 17, "wickets": 0}, "9eb1455b": {"runs": 22, "balls": 9, "wickets": 0}, "e94915e6": {"runs": 1, "balls": 1, "wickets": 0}, "798cc28e": {"runs": 5, "balls": 5, "wickets": 0}, "bb351c23": {"runs": 13, "balls": 12, "wickets": 0}, "90de905a": {"runs": 6, "balls": 7, "wickets": 0}, "c0c411cb": {"runs": 37, "balls": 19, "wickets": 1}, "1a448be0": {"runs": 7, "balls": 5, "wickets": 0}, "bd0a4a7d": {"runs": 3, "balls": 4, "wickets": 0}, "3766056b": {"runs": 18, "balls": 6, "wickets": 0}, "fc55ec67": {"runs": 8, "balls": 4, "wickets": 1}, "1747ea18": {"runs": 1, "balls": 2, "wickets": 0}, "64fb6b15": {"runs": 29, "balls": 11, "wickets": 0}, "1a3cc554": {"runs": 7, "balls": 2, "wickets": 0}, "2597e56b": {"runs": 5, "balls": 7, "wickets": 0}, "d4753890": {"runs": 7, "balls": 7, "wickets": 0}, "b5e545ad": {"runs": 35, "balls": 12, "wickets": 0}, "3decbc22": {"runs": 11, "balls": 6, "wickets": 0}, "8c5b0ce7": {"runs": 2, "balls": 2, "wickets": 0}, "92cadfe2": {"runs": 12, "balls": 4, "wickets": 0}, "54e52590": {"runs": 18, "balls": 7, "wickets": 0}, "d4d929b0": {"runs": 3, "balls": 2, "wickets": 0}, "52c952d9": {"runs": 6, "balls": 9, "wickets": 1}, "4933f499": {"runs": 12, "balls": 7, "wickets": 0}, "1a2676c5": {"runs": 29, "balls": 8, "wickets": 0}, "e1b9f3a9": {"runs": 14, "balls": 7, "wickets": 0}, "19b9f399": {"runs": 3, "balls": 4, "wickets": 0}, "a90e53ec": {"runs": 8, "balls": 4, "wickets": 0}, "d405c0d5": {"runs": 11, "balls": 9, "wickets": 0}, "3204c99f": {"runs": 15, "balls": 9, "wickets": 1}, "ab6b1c45": {"runs": 16, "balls": 8, "wickets": 0}, "a03bba42": {"runs": 14, "balls": 12, "wickets": 0}, "a1d95bd8": {"runs": 21, "balls": 14, "wickets": 1}, "0b60eb09": {"runs": 23, "balls": 23, "wickets": 0}, "465aa633": {"runs": 19, "balls": 11, "wickets": 2}, "b56dc5f7": {"runs": 15, "balls": 12, "wickets": 0}, "ded9240e": {"runs": 9, "balls": 6, "wickets": 0}, "a457cfb5": {"runs": 3, "balls": 3, "wickets": 0}, "acdc62f5": {"runs": 24, "balls": 6, "wickets": 1}, "eaa76d3c": {"runs": 12, "balls": 9, "wickets": 0}, "fffa744b": {"runs": 1, "balls": 3, "wickets": 0}, "4885bbe6": {"runs": 5, "balls": 2, "wickets": 0}, "ee1b6c27": {"runs": 4, "balls": 3, "wickets": 0}, "5bbabe59": {"runs": 3, "balls": 7, "wickets": 1}, "449f4e3c": {"runs": 24, "balls": 11, "wickets": 0}, "b8704508": {"runs": 23, "balls": 9, "wickets": 0}, "6e3f5a5c": {"runs": 1, "balls": 2, "wickets": 0}, "38214163": {"runs": 9, "balls": 4, "wickets": 0}, "de3d549a": {"runs": 0, "balls": 1, "wickets": 1}, "a5c48ed1": {"runs": 1, "balls": 1, "wickets": 0}, "c58b0108": {"runs": 3, "balls": 3, "wickets": 0}, "5935d694": {"runs": 20, "balls": 7, "wickets": 0}, "bf1d7d3e": {"runs": 2, "balls": 2, "wickets": 0}, "ef18b66e": {"runs": 3, "balls": 6, "wickets": 1}, "0b0cc297": {"runs": 22, "balls": 6, "wickets": 0}, "212aeedd": {"runs": 3, "balls": 6, "wickets": 1}, "ebb74564": {"runs": 6, "balls": 7, "wickets": 1}}, "fifties": 0, "thirties": 32, "centuries": 0, "maidens": 0.0, "hattricks": 0, "club_ODI_previous3_runs": [], "club_ODI_previous3_wickets": [], "club_ODI_previous3_balls played": [], "club_ODI_previous3_overs": [], "club_ODI_previous3_runs gave": [], "club_ODI_lifetime_runs": 0.0, "club_ODI_lifetime_wickets": 0.0, "club_ODI_lifetime_balls played": 0.0, "club_ODI_lifetime_overs": 0.0, "club_ODI_lifetime_runs gave": 0.0, "club_Test_previous3_runs": [], "club_Test_previous3_wickets": [], "club_Test_previous3_balls played": [], "club_Test_previous3_overs": [], "club_Test_previous3_runs gave": [], "club_Test_lifetime_runs": 0.0, "club_Test_lifetime_wickets": 0.0, "club_Test_lifetime_balls played": 0.0, "club_Test_lifetime_overs": 0.0, "club_Test_lifetime_runs gave": 0.0, "club_T20_previous3_runs": [20.0, 0.0, 0.0], "club_T20_previous3_wickets": [0.0, 0.0, 0.0], "club_T20_previous3_balls played": [12.0, 0.0, 0.0], "club_T20_previous3_overs": [0.0, 0.0, 0.0], "club_T20_previous3_runs gave": [0.0, 0.0, 0.0], "club_T20_lifetime_runs": 1793.0, "club_T20_lifetime_wickets": 1.0, "club_T20_lifetime_balls played": 1177.0, "club_T20_lifetime_overs": 5.0, "club_T20_lifetime_runs gave": 35.0, "international_ODI_previous3_runs": [17.0, 38.0], "international_ODI_previous3_wickets": [1.0, 0.0], "international_ODI_previous3_balls played": [14.0, 27.0], "international_ODI_previous3_overs": [1.0, 0.0], "international_ODI_previous3_runs gave": [2.0, 0.0], "international_ODI_lifetime_runs": 55.0, "international_ODI_lifetime_wickets": 1.0, "international_ODI_lifetime_balls played": 41.0, "international_ODI_lifetime_overs": 1.0, "international_ODI_lifetime_runs gave": 2.0, "international_Test_previous3_runs": [], "international_Test_previous3_wickets": [], "international_Test_previous3_balls played": [], "international_Test_previous3_overs": [], "international_Test_previous3_runs gave": [], "international_Test_lifetime_runs": 0.0, "international_Test_lifetime_wickets": 0.0, "international_Test_lifetime_balls played": 0.0, "international_Test_lifetime_overs": 0.0, "international_Test_lifetime_runs gave": 0.0, "international_T20_previous3_runs": [11.0, 9.0, 8.0], "international_T20_previous3_wickets": [0.0, 0.0, 0.0], "international_T20_previous3_balls played": [10.0, 11.0, 13.0], "international_T20_previous3_overs": [0.0, 0.0, 0.0], "international_T20_previous3_runs gave": [0.0, 0.0, 0.0], "international_T20_lifetime_runs": 413.0, "international_T20_lifetime_wickets": 2.0, "international_T20_lifetime_balls played": 247.0, "international_T20_lifetime_overs": 1.0, "international_T20_lifetime_runs gave": 3.0}