{"played_against": {"b78b3ffd": {"runs": 0, "balls": 1, "wickets": 0}, "20ac8219": {"runs": 1, "balls": 3, "wickets": 0}, "1c40f69f": {"runs": 13, "balls": 4, "wickets": 0}, "3924b2ee": {"runs": 2, "balls": 3, "wickets": 0}, "e4f13acd": {"runs": 2, "balls": 2, "wickets": 0}, "2809b390": {"runs": 5, "balls": 4, "wickets": 0}, "7f784eb8": {"runs": 0, "balls": 1, "wickets": 1}, "8e9d3dc4": {"runs": 2, "balls": 2, "wickets": 0}, "68f7caf9": {"runs": 2, "balls": 2, "wickets": 0}, "3b4a8cfb": {"runs": 4, "balls": 1, "wickets": 0}, "f83b77f9": {"runs": 2, "balls": 2, "wickets": 0}, "1c1bb0d5": {"runs": 10, "balls": 3, "wickets": 1}}, "fifties": 0, "thirties": 0, "centuries": 0, "maidens": 0.0, "hattricks": 0, "club_ODI_previous3_runs": [], "club_ODI_previous3_wickets": [], "club_ODI_previous3_balls played": [], "club_ODI_previous3_overs": [], "club_ODI_previous3_runs gave": [], "club_ODI_lifetime_runs": 0.0, "club_ODI_lifetime_wickets": 0.0, "club_ODI_lifetime_balls played": 0.0, "club_ODI_lifetime_overs": 0.0, "club_ODI_lifetime_runs gave": 0.0, "club_Test_previous3_runs": [], "club_Test_previous3_wickets": [], "club_Test_previous3_balls played": [], "club_Test_previous3_overs": [], "club_Test_previous3_runs gave": [], "club_Test_lifetime_runs": 0.0, "club_Test_lifetime_wickets": 0.0, "club_Test_lifetime_balls played": 0.0, "club_Test_lifetime_overs": 0.0, "club_Test_lifetime_runs gave": 0.0, "club_T20_previous3_runs": [], "club_T20_previous3_wickets": [], "club_T20_previous3_balls played": [], "club_T20_previous3_overs": [], "club_T20_previous3_runs gave": [], "club_T20_lifetime_runs": 0.0, "club_T20_lifetime_wickets": 0.0, "club_T20_lifetime_balls played": 0.0, "club_T20_lifetime_overs": 0.0, "club_T20_lifetime_runs gave": 0.0, "international_ODI_previous3_runs": [], "international_ODI_previous3_wickets": [], "international_ODI_previous3_balls played": [], "international_ODI_previous3_overs": [], "international_ODI_previous3_runs gave": [], "international_ODI_lifetime_runs": 0.0, "international_ODI_lifetime_wickets": 0.0, "international_ODI_lifetime_balls played": 0.0, "international_ODI_lifetime_overs": 0.0, "international_ODI_lifetime_runs gave": 0.0, "international_Test_previous3_runs": [], "international_Test_previous3_wickets": [], "international_Test_previous3_balls played": [], "international_Test_previous3_overs": [], "international_Test_previous3_runs gave": [], "international_Test_lifetime_runs": 0.0, "international_Test_lifetime_wickets": 0.0, "international_Test_lifetime_balls played": 0.0, "international_Test_lifetime_overs": 0.0, "international_Test_lifetime_runs gave": 0.0, "international_T20_previous3_runs": [1.0, 22.0, 20.0], "international_T20_previous3_wickets": [0.0, 0.0, 0.0], "international_T20_previous3_balls played": [4.0, 14.0, 10.0], "international_T20_previous3_overs": [0.0, 0.0, 0.0], "international_T20_previous3_runs gave": [0.0, 0.0, 0.0], "international_T20_lifetime_runs": 43.0, "international_T20_lifetime_wickets": 0.0, "international_T20_lifetime_balls played": 28.0, "international_T20_lifetime_overs": 1.0, "international_T20_lifetime_runs gave": 15.0}