{"played_against": {"09a71776": {"runs": 8, "balls": 4, "wickets": 0}, "ccae927b": {"runs": 2, "balls": 3, "wickets": 0}, "c8f697bd": {"runs": 2, "balls": 2, "wickets": 0}, "2c76b512": {"runs": 1, "balls": 2, "wickets": 1}, "f986ca1a": {"runs": 1, "balls": 3, "wickets": 0}, "69cbffb8": {"runs": 0, "balls": 1, "wickets": 1}, "1b7c4d69": {"runs": 5, "balls": 3, "wickets": 0}, "4312e8f9": {"runs": 1, "balls": 1, "wickets": 0}, "d3611425": {"runs": 11, "balls": 5, "wickets": 0}, "46a9bea1": {"runs": 4, "balls": 6, "wickets": 0}, "7e83cef2": {"runs": 1, "balls": 1, "wickets": 0}, "30fc60b5": {"runs": 6, "balls": 3, "wickets": 0}, "fe93fd9d": {"runs": 0, "balls": 2, "wickets": 1}, "9440ef41": {"runs": 12, "balls": 4, "wickets": 0}, "9d430b40": {"runs": 4, "balls": 1, "wickets": 0}, "5b7ab5a9": {"runs": 1, "balls": 3, "wickets": 1}, "bb3ccb17": {"runs": 7, "balls": 3, "wickets": 0}, "d12143bf": {"runs": 0, "balls": 6, "wickets": 0}, "22b98d7c": {"runs": 2, "balls": 8, "wickets": 0}, "e36e9dd3": {"runs": 7, "balls": 15, "wickets": 0}, "462411b3": {"runs": 1, "balls": 1, "wickets": 0}, "4bd09374": {"runs": 1, "balls": 1, "wickets": 0}, "ef18b66e": {"runs": 1, "balls": 16, "wickets": 1}, "80ad39ac": {"runs": 16, "balls": 13, "wickets": 0}, "7dc35884": {"runs": 12, "balls": 3, "wickets": 0}, "c58b0108": {"runs": 0, "balls": 2, "wickets": 1}, "e4a0deae": {"runs": 6, "balls": 16, "wickets": 1}, "9a46c4e5": {"runs": 0, "balls": 11, "wickets": 1}, "fbd4f01f": {"runs": 1, "balls": 3, "wickets": 1}}, "fifties": 0, "thirties": 0, "centuries": 0, "maidens": 10.0, "hattricks": 3, "club_ODI_previous3_runs": [], "club_ODI_previous3_wickets": [], "club_ODI_previous3_balls played": [], "club_ODI_previous3_overs": [], "club_ODI_previous3_runs gave": [], "club_ODI_lifetime_runs": 0.0, "club_ODI_lifetime_wickets": 0.0, "club_ODI_lifetime_balls played": 0.0, "club_ODI_lifetime_overs": 0.0, "club_ODI_lifetime_runs gave": 0.0, "club_Test_previous3_runs": [], "club_Test_previous3_wickets": [], "club_Test_previous3_balls played": [], "club_Test_previous3_overs": [], "club_Test_previous3_runs gave": [], "club_Test_lifetime_runs": 0.0, "club_Test_lifetime_wickets": 0.0, "club_Test_lifetime_balls played": 0.0, "club_Test_lifetime_overs": 0.0, "club_Test_lifetime_runs gave": 0.0, "club_T20_previous3_runs": [0.0, 7.0, 2.0], "club_T20_previous3_wickets": [1.0, 0.0, 1.0], "club_T20_previous3_balls played": [0.0, 3.0, 2.0], "club_T20_previous3_overs": [3.0, 3.6666666666666665, 3.5], "club_T20_previous3_runs gave": [29.0, 33.0, 55.0], "club_T20_lifetime_runs": 51.0, "club_T20_lifetime_wickets": 31.0, "club_T20_lifetime_balls played": 41.0, "club_T20_lifetime_overs": 100.83333333333333, "club_T20_lifetime_runs gave": 807.0, "international_ODI_previous3_runs": [], "international_ODI_previous3_wickets": [], "international_ODI_previous3_balls played": [], "international_ODI_previous3_overs": [], "international_ODI_previous3_runs gave": [], "international_ODI_lifetime_runs": 0.0, "international_ODI_lifetime_wickets": 0.0, "international_ODI_lifetime_balls played": 0.0, "international_ODI_lifetime_overs": 0.0, "international_ODI_lifetime_runs gave": 0.0, "international_Test_previous3_runs": [12.0, 7.0, 0.0], "international_Test_previous3_wickets": [2.0, 0.0, 1.0], "international_Test_previous3_balls played": [5.0, 29.0, 1.0], "international_Test_previous3_overs": [23.0, 6.0, 10.0], "international_Test_previous3_runs gave": [63.0, 42.0, 34.0], "international_Test_lifetime_runs": 45.0, "international_Test_lifetime_wickets": 7.0, "international_Test_lifetime_balls played": 94.0, "international_Test_lifetime_overs": 69.0, "international_Test_lifetime_runs gave": 267.0, "international_T20_previous3_runs": [], "international_T20_previous3_wickets": [], "international_T20_previous3_balls played": [], "international_T20_previous3_overs": [], "international_T20_previous3_runs gave": [], "international_T20_lifetime_runs": 0.0, "international_T20_lifetime_wickets": 0.0, "international_T20_lifetime_balls played": 0.0, "international_T20_lifetime_overs": 0.0, "international_T20_lifetime_runs gave": 0.0}