{"played_against": {"1dc12ab9": {"runs": 7, "balls": 8, "wickets": 0}, "70d205c9": {"runs": 2, "balls": 8, "wickets": 0}, "aa8d28ae": {"runs": 1, "balls": 1, "wickets": 0}, "3a60e0b5": {"runs": 0, "balls": 5, "wickets": 1}, "a9da7784": {"runs": 0, "balls": 1, "wickets": 1}, "e62dd25d": {"runs": 11, "balls": 20, "wickets": 0}, "acee4cc4": {"runs": 0, "balls": 8, "wickets": 0}, "2e8994e7": {"runs": 0, "balls": 2, "wickets": 0}, "5bb5a915": {"runs": 1, "balls": 1, "wickets": 0}, "23638956": {"runs": 0, "balls": 6, "wickets": 0}, "8fd1a8f5": {"runs": 2, "balls": 6, "wickets": 1}, "3b417422": {"runs": 6, "balls": 5, "wickets": 0}, "4a36c370": {"runs": 1, "balls": 1, "wickets": 0}, "1bb0993e": {"runs": 1, "balls": 2, "wickets": 0}, "c03449e0": {"runs": 6, "balls": 3, "wickets": 1}, "13c35c9e": {"runs": 10, "balls": 11, "wickets": 1}, "d027ba9f": {"runs": 0, "balls": 4, "wickets": 0}, "d2fcce2f": {"runs": 11, "balls": 28, "wickets": 2}, "5531248e": {"runs": 1, "balls": 7, "wickets": 0}, "469ea22b": {"runs": 1, "balls": 1, "wickets": 0}, "94238673": {"runs": 0, "balls": 0, "wickets": 0}, "3fb19989": {"runs": 1, "balls": 8, "wickets": 0}, "96a6a7ad": {"runs": 0, "balls": 10, "wickets": 0}, "b681e71e": {"runs": 0, "balls": 1, "wickets": 0}, "3540beff": {"runs": 0, "balls": 2, "wickets": 1}, "0b60eb09": {"runs": 1, "balls": 12, "wickets": 2}, "a8e56914": {"runs": 1, "balls": 3, "wickets": 0}, "ab6b1c45": {"runs": 6, "balls": 10, "wickets": 1}, "bf1d7d3e": {"runs": 0, "balls": 1, "wickets": 0}, "7bd03d63": {"runs": 0, "balls": 1, "wickets": 0}, "7dc35884": {"runs": 0, "balls": 2, "wickets": 0}, "31803fac": {"runs": 8, "balls": 4, "wickets": 0}, "8919756f": {"runs": 0, "balls": 3, "wickets": 1}, "ef18b66e": {"runs": 1, "balls": 1, "wickets": 0}, "26d041c4": {"runs": 0, "balls": 5, "wickets": 0}, "9f0270e0": {"runs": 3, "balls": 6, "wickets": 0}, "5bbabe59": {"runs": 10, "balls": 12, "wickets": 0}, "59792462": {"runs": 6, "balls": 5, "wickets": 0}, "79aad751": {"runs": 1, "balls": 2, "wickets": 0}, "327b58d3": {"runs": 0, "balls": 5, "wickets": 0}, "2f28dc94": {"runs": 6, "balls": 8, "wickets": 1}, "5b16a806": {"runs": 5, "balls": 2, "wickets": 0}, "ac5ae4af": {"runs": 0, "balls": 5, "wickets": 0}, "e2ee90d9": {"runs": 5, "balls": 4, "wickets": 0}, "0f12f9df": {"runs": 1, "balls": 1, "wickets": 0}, "3ff033bb": {"runs": 2, "balls": 2, "wickets": 0}, "509a7ca1": {"runs": 0, "balls": 1, "wickets": 1}, "086f5984": {"runs": 0, "balls": 1, "wickets": 0}, "5574750c": {"runs": 0, "balls": 7, "wickets": 1}, "a63775d6": {"runs": 1, "balls": 2, "wickets": 0}, "245c97cb": {"runs": 0, "balls": 4, "wickets": 2}, "b3118300": {"runs": 0, "balls": 1, "wickets": 0}, "1abb78f8": {"runs": 6, "balls": 12, "wickets": 0}, "1e66c162": {"runs": 0, "balls": 3, "wickets": 0}, "871e9faf": {"runs": 1, "balls": 3, "wickets": 1}, "78cb83f3": {"runs": 1, "balls": 2, "wickets": 0}, "e342e5fb": {"runs": 9, "balls": 7, "wickets": 1}, "7d608e12": {"runs": 3, "balls": 4, "wickets": 0}, "a12e1d51": {"runs": 2, "balls": 6, "wickets": 1}, "2e81a32d": {"runs": 4, "balls": 8, "wickets": 0}, "462411b3": {"runs": 2, "balls": 11, "wickets": 2}, "cc23e91e": {"runs": 1, "balls": 5, "wickets": 0}, "7a80ddf2": {"runs": 1, "balls": 1, "wickets": 0}, "3feda4fa": {"runs": 1, "balls": 2, "wickets": 0}, "75224f22": {"runs": 0, "balls": 2, "wickets": 1}, "a1d053dd": {"runs": 0, "balls": 2, "wickets": 0}, "b3213c74": {"runs": 1, "balls": 1, "wickets": 0}, "bb01f9e0": {"runs": 3, "balls": 6, "wickets": 0}, "a757b0d8": {"runs": 6, "balls": 3, "wickets": 0}, "9d430b40": {"runs": 1, "balls": 6, "wickets": 0}, "64d43928": {"runs": 1, "balls": 2, "wickets": 0}, "54279e23": {"runs": 0, "balls": 0, "wickets": 0}, "4948a447": {"runs": 4, "balls": 1, "wickets": 0}, "2f9d0389": {"runs": 0, "balls": 11, "wickets": 0}, "a818c1be": {"runs": 19, "balls": 20, "wickets": 3}, "e84ac20c": {"runs": 4, "balls": 10, "wickets": 1}, "9219eff0": {"runs": 1, "balls": 4, "wickets": 0}, "78adc879": {"runs": 1, "balls": 9, "wickets": 0}, "9de62878": {"runs": 1, "balls": 2, "wickets": 0}, "45a7e761": {"runs": 2, "balls": 6, "wickets": 1}, "2af838ee": {"runs": 19, "balls": 10, "wickets": 0}, "a2f46292": {"runs": 1, "balls": 2, "wickets": 0}, "23eeb873": {"runs": 1, "balls": 3, "wickets": 1}, "0f348f58": {"runs": 1, "balls": 3, "wickets": 0}, "7147f314": {"runs": 4, "balls": 6, "wickets": 0}, "7d92277a": {"runs": 1, "balls": 1, "wickets": 0}, "3f5f39cd": {"runs": 3, "balls": 3, "wickets": 0}, "607ed7c2": {"runs": 10, "balls": 7, "wickets": 1}, "aa467af0": {"runs": 7, "balls": 2, "wickets": 0}, "e174dadd": {"runs": 4, "balls": 3, "wickets": 0}, "bd4ea627": {"runs": 1, "balls": 4, "wickets": 0}, "9dad0f2e": {"runs": 1, "balls": 2, "wickets": 1}, "c4d9634c": {"runs": 2, "balls": 9, "wickets": 0}, "9eb1455b": {"runs": 0, "balls": 1, "wickets": 1}, "fef92afc": {"runs": 1, "balls": 3, "wickets": 0}, "dadbdb68": {"runs": 1, "balls": 4, "wickets": 0}, "94d7f855": {"runs": 2, "balls": 3, "wickets": 1}, "56ab442f": {"runs": 1, "balls": 1, "wickets": 0}, "dcdb87f2": {"runs": 2, "balls": 3, "wickets": 1}, "ded9240e": {"runs": 4, "balls": 4, "wickets": 0}, "14f96089": {"runs": 0, "balls": 1, "wickets": 1}, "cb5100f1": {"runs": 1, "balls": 1, "wickets": 0}, "bbd41817": {"runs": 0, "balls": 2, "wickets": 1}, "87e562a9": {"runs": 5, "balls": 2, "wickets": 0}, "db584dad": {"runs": 2, "balls": 3, "wickets": 0}, "9948e262": {"runs": 1, "balls": 3, "wickets": 0}, "f834dcfc": {"runs": 1, "balls": 3, "wickets": 0}, "8cf9814c": {"runs": 1, "balls": 2, "wickets": 0}, "dbe50b21": {"runs": 1, "balls": 3, "wickets": 0}, "39a2dfa8": {"runs": 1, "balls": 1, "wickets": 0}, "ded9ff1e": {"runs": 0, "balls": 4, "wickets": 1}, "78eb4223": {"runs": 7, "balls": 8, "wickets": 0}, "b0946605": {"runs": 0, "balls": 1, "wickets": 1}, "b8704508": {"runs": 1, "balls": 3, "wickets": 0}, "6e3f5a5c": {"runs": 1, "balls": 4, "wickets": 0}, "acdc62f5": {"runs": 2, "balls": 1, "wickets": 0}, "a03bba42": {"runs": 7, "balls": 2, "wickets": 0}, "24bb1c2f": {"runs": 0, "balls": 0, "wickets": 0}, "2f49c897": {"runs": 4, "balls": 7, "wickets": 0}, "2e78f685": {"runs": 0, "balls": 1, "wickets": 0}, "8d2c70ad": {"runs": 3, "balls": 5, "wickets": 0}, "81c08fa3": {"runs": 10, "balls": 9, "wickets": 1}, "80ad39ac": {"runs": 1, "balls": 3, "wickets": 1}, "e94915e6": {"runs": 2, "balls": 4, "wickets": 1}, "25550d06": {"runs": 1, "balls": 1, "wickets": 0}, "64775749": {"runs": 1, "balls": 1, "wickets": 0}, "fc55ec67": {"runs": 0, "balls": 1, "wickets": 1}, "64839cb3": {"runs": 0, "balls": 2, "wickets": 0}, "641ac5ff": {"runs": 1, "balls": 3, "wickets": 0}, "68c56d09": {"runs": 1, "balls": 4, "wickets": 0}, "8d92a2c3": {"runs": 1, "balls": 6, "wickets": 0}, "81c36ee9": {"runs": 5, "balls": 5, "wickets": 0}, "a1d95bd8": {"runs": 4, "balls": 6, "wickets": 1}, "3204c99f": {"runs": 1, "balls": 5, "wickets": 0}, "fc4375ef": {"runs": 11, "balls": 15, "wickets": 0}, "803dbf1d": {"runs": 1, "balls": 7, "wickets": 0}, "e734d090": {"runs": 7, "balls": 9, "wickets": 1}, "782fb776": {"runs": 1, "balls": 4, "wickets": 0}, "9e9af5f2": {"runs": 1, "balls": 2, "wickets": 1}, "350bb1b1": {"runs": 1, "balls": 1, "wickets": 0}, "dabbd0ae": {"runs": 7, "balls": 3, "wickets": 0}, "449f4e3c": {"runs": 1, "balls": 3, "wickets": 1}, "c8a3f688": {"runs": 1, "balls": 2, "wickets": 0}, "b0eaaac6": {"runs": 0, "balls": 0, "wickets": 0}, "1747ea18": {"runs": 1, "balls": 3, "wickets": 0}, "64fb6b15": {"runs": 2, "balls": 1, "wickets": 0}, "3ee0050f": {"runs": 1, "balls": 1, "wickets": 0}, "b1ad996b": {"runs": 1, "balls": 3, "wickets": 0}, "244048f6": {"runs": 0, "balls": 1, "wickets": 1}, "aad0c365": {"runs": 1, "balls": 2, "wickets": 0}}, "fifties": 0, "thirties": 0, "centuries": 0, "maidens": 105.0, "hattricks": 54, "club_ODI_previous3_runs": [], "club_ODI_previous3_wickets": [], "club_ODI_previous3_balls played": [], "club_ODI_previous3_overs": [], "club_ODI_previous3_runs gave": [], "club_ODI_lifetime_runs": 0.0, "club_ODI_lifetime_wickets": 0.0, "club_ODI_lifetime_balls played": 0.0, "club_ODI_lifetime_overs": 0.0, "club_ODI_lifetime_runs gave": 0.0, "club_Test_previous3_runs": [], "club_Test_previous3_wickets": [], "club_Test_previous3_balls played": [], "club_Test_previous3_overs": [], "club_Test_previous3_runs gave": [], "club_Test_lifetime_runs": 0.0, "club_Test_lifetime_wickets": 0.0, "club_Test_lifetime_balls played": 0.0, "club_Test_lifetime_overs": 0.0, "club_Test_lifetime_runs gave": 0.0, "club_T20_previous3_runs": [0.0, 1.0, 0.0], "club_T20_previous3_wickets": [2.0, 2.0, 0.0], "club_T20_previous3_balls played": [0.0, 1.0, 0.0], "club_T20_previous3_overs": [4.0, 4.0, 4.0], "club_T20_previous3_runs gave": [30.0, 39.0, 53.0], "club_T20_lifetime_runs": 81.0, "club_T20_lifetime_wickets": 148.0, "club_T20_lifetime_balls played": 110.0, "club_T20_lifetime_overs": 476.4999999999999, "club_T20_lifetime_runs gave": 3767.0, "international_ODI_previous3_runs": [0.0, 0.0, 0.0], "international_ODI_previous3_wickets": [1.0, 0.0, 1.0], "international_ODI_previous3_balls played": [0.0, 0.0, 0.0], "international_ODI_previous3_overs": [9.666666666666666, 6.0, 7.666666666666667], "international_ODI_previous3_runs gave": [76.0, 50.0, 36.0], "international_ODI_lifetime_runs": 149.0, "international_ODI_lifetime_wickets": 137.0, "international_ODI_lifetime_balls played": 279.0, "international_ODI_lifetime_overs": 760.8333333333333, "international_ODI_lifetime_runs gave": 4059.0, "international_Test_previous3_runs": [16.0, 3.0, 7.0], "international_Test_previous3_wickets": [1.0, 0.0, 1.0], "international_Test_previous3_balls played": [24.0, 11.0, 13.0], "international_Test_previous3_overs": [14.0, 28.0, 22.0], "international_Test_previous3_runs gave": [74.0, 117.0, 37.0], "international_Test_lifetime_runs": 66.0, "international_Test_lifetime_wickets": 26.0, "international_Test_lifetime_balls played": 158.0, "international_Test_lifetime_overs": 357.16666666666663, "international_Test_lifetime_runs gave": 1167.0, "international_T20_previous3_runs": [1.0, 1.0, 0.0], "international_T20_previous3_wickets": [1.0, 2.0, 1.0], "international_T20_previous3_balls played": [5.0, 2.0, 0.0], "international_T20_previous3_overs": [3.0, 4.0, 3.8333333333333335], "international_T20_previous3_runs gave": [37.0, 36.0, 53.0], "international_T20_lifetime_runs": 66.0, "international_T20_lifetime_wickets": 119.0, "international_T20_lifetime_balls played": 101.0, "international_T20_lifetime_overs": 350.49999999999994, "international_T20_lifetime_runs gave": 2722.0}