{"played_against": {"c3d35165": {"runs": 6, "balls": 5, "wickets": 0}, "b67bfaae": {"runs": 4, "balls": 8, "wickets": 0}, "c03c6200": {"runs": 17, "balls": 15, "wickets": 2}, "78eb4223": {"runs": 6, "balls": 8, "wickets": 0}, "7d21eb9b": {"runs": 18, "balls": 11, "wickets": 0}, "a1d053dd": {"runs": 7, "balls": 11, "wickets": 2}, "f846de6a": {"runs": 5, "balls": 6, "wickets": 1}, "77079be1": {"runs": 1, "balls": 2, "wickets": 0}, "364ee2cf": {"runs": 29, "balls": 14, "wickets": 0}, "a7c226e1": {"runs": 0, "balls": 1, "wickets": 1}, "df60a57a": {"runs": 1, "balls": 3, "wickets": 0}, "557153ca": {"runs": 16, "balls": 18, "wickets": 0}, "87e562a9": {"runs": 15, "balls": 20, "wickets": 1}, "531f0278": {"runs": 18, "balls": 8, "wickets": 0}, "684a56df": {"runs": 28, "balls": 28, "wickets": 2}, "2e8994e7": {"runs": 17, "balls": 24, "wickets": 0}, "acee4cc4": {"runs": 50, "balls": 53, "wickets": 0}, "dce2019b": {"runs": 19, "balls": 24, "wickets": 0}, "cfe70281": {"runs": 3, "balls": 6, "wickets": 0}, "8fd1a8f5": {"runs": 5, "balls": 22, "wickets": 1}, "5bb5a915": {"runs": 8, "balls": 21, "wickets": 1}, "3a60e0b5": {"runs": 2, "balls": 9, "wickets": 1}, "a9da7784": {"runs": 5, "balls": 8, "wickets": 0}, "cc1e8c68": {"runs": 0, "balls": 4, "wickets": 0}, "8cf9814c": {"runs": 2, "balls": 4, "wickets": 0}, "495d42a5": {"runs": 18, "balls": 29, "wickets": 1}, "759ac88f": {"runs": 6, "balls": 14, "wickets": 0}, "26534b48": {"runs": 7, "balls": 8, "wickets": 0}, "4861d29b": {"runs": 6, "balls": 9, "wickets": 0}, "eb7af112": {"runs": 14, "balls": 8, "wickets": 0}, "18eaf2fa": {"runs": 8, "balls": 21, "wickets": 0}, "e70a0811": {"runs": 15, "balls": 10, "wickets": 0}, "a818c1be": {"runs": 16, "balls": 25, "wickets": 0}, "350bb1b1": {"runs": 2, "balls": 5, "wickets": 0}, "d7c6af50": {"runs": 13, "balls": 7, "wickets": 1}, "8abdf100": {"runs": 1, "balls": 2, "wickets": 0}, "78dfe704": {"runs": 23, "balls": 21, "wickets": 0}, "5bdcdb72": {"runs": 13, "balls": 4, "wickets": 0}, "9d430b40": {"runs": 24, "balls": 50, "wickets": 2}, "4180d897": {"runs": 6, "balls": 7, "wickets": 1}, "86dc8f2e": {"runs": 3, "balls": 4, "wickets": 0}, "d9609443": {"runs": 1, "balls": 4, "wickets": 0}, "5673a3fc": {"runs": 11, "balls": 6, "wickets": 1}, "d76b0d2d": {"runs": 3, "balls": 4, "wickets": 0}, "a03bba42": {"runs": 0, "balls": 1, "wickets": 1}, "dec8e038": {"runs": 4, "balls": 9, "wickets": 1}, "aa8d28ae": {"runs": 9, "balls": 8, "wickets": 1}, "2f28dc94": {"runs": 9, "balls": 14, "wickets": 1}, "a12e1d51": {"runs": 0, "balls": 7, "wickets": 0}, "4c4fa80b": {"runs": 4, "balls": 11, "wickets": 0}, "b58b7db6": {"runs": 6, "balls": 10, "wickets": 1}, "bf7842c9": {"runs": 6, "balls": 23, "wickets": 0}, "327b58d3": {"runs": 1, "balls": 8, "wickets": 0}, "ea0cdc12": {"runs": 2, "balls": 4, "wickets": 1}, "e7de4f6b": {"runs": 3, "balls": 5, "wickets": 0}, "9cb8d7a6": {"runs": 17, "balls": 9, "wickets": 0}, "30baaf1f": {"runs": 4, "balls": 7, "wickets": 0}, "2b85c8e6": {"runs": 7, "balls": 4, "wickets": 0}, "7dc35884": {"runs": 5, "balls": 15, "wickets": 0}, "4329fbb5": {"runs": 8, "balls": 7, "wickets": 0}, "74b02e0c": {"runs": 6, "balls": 3, "wickets": 0}, "73c18486": {"runs": 7, "balls": 7, "wickets": 0}, "2ae01eb0": {"runs": 8, "balls": 8, "wickets": 0}, "4d7f517e": {"runs": 14, "balls": 10, "wickets": 1}, "d7725664": {"runs": 15, "balls": 8, "wickets": 0}, "d68e7f48": {"runs": 12, "balls": 7, "wickets": 1}, "78cb83f3": {"runs": 12, "balls": 14, "wickets": 2}, "650d5e49": {"runs": 15, "balls": 6, "wickets": 0}, "c0babb93": {"runs": 1, "balls": 1, "wickets": 0}, "ea3ffd1b": {"runs": 20, "balls": 11, "wickets": 0}, "ed90abe4": {"runs": 6, "balls": 5, "wickets": 0}, "753c95b9": {"runs": 14, "balls": 12, "wickets": 0}, "770494eb": {"runs": 22, "balls": 26, "wickets": 0}, "2af838ee": {"runs": 11, "balls": 12, "wickets": 0}, "469ea22b": {"runs": 4, "balls": 5, "wickets": 1}, "dbfb8218": {"runs": 1, "balls": 1, "wickets": 0}, "afe57f7a": {"runs": 8, "balls": 16, "wickets": 0}, "9f0270e0": {"runs": 16, "balls": 15, "wickets": 0}, "26d041c4": {"runs": 13, "balls": 16, "wickets": 0}, "4b2d6789": {"runs": 2, "balls": 2, "wickets": 0}, "49691d7a": {"runs": 4, "balls": 6, "wickets": 0}, "249d60c9": {"runs": 18, "balls": 20, "wickets": 0}, "bb351c23": {"runs": 39, "balls": 38, "wickets": 0}, "a343262c": {"runs": 17, "balls": 14, "wickets": 0}, "4c5d73db": {"runs": 15, "balls": 21, "wickets": 0}, "9a963804": {"runs": 14, "balls": 23, "wickets": 2}, "ccdd8308": {"runs": 15, "balls": 27, "wickets": 1}, "e087956b": {"runs": 19, "balls": 15, "wickets": 0}, "9de62878": {"runs": 27, "balls": 16, "wickets": 1}, "b3118300": {"runs": 8, "balls": 6, "wickets": 0}, "2911de16": {"runs": 4, "balls": 6, "wickets": 0}, "e174dadd": {"runs": 0, "balls": 2, "wickets": 1}, "9ab63e7b": {"runs": 10, "balls": 13, "wickets": 0}, "086f5984": {"runs": 3, "balls": 4, "wickets": 0}, "8d2c70ad": {"runs": 3, "balls": 7, "wickets": 0}, "dbe50b21": {"runs": 5, "balls": 15, "wickets": 0}, "f8cdc4d7": {"runs": 1, "balls": 2, "wickets": 0}, "5f547c8b": {"runs": 4, "balls": 5, "wickets": 0}, "75224f22": {"runs": 37, "balls": 15, "wickets": 0}, "64d43928": {"runs": 10, "balls": 7, "wickets": 0}, "68ddabdb": {"runs": 1, "balls": 1, "wickets": 0}, "bf1d7d3e": {"runs": 1, "balls": 4, "wickets": 0}, "f2800ef3": {"runs": 1, "balls": 2, "wickets": 0}, "2a2e6343": {"runs": 3, "balls": 3, "wickets": 0}, "99ed60f8": {"runs": 2, "balls": 2, "wickets": 0}, "0a8fce53": {"runs": 8, "balls": 13, "wickets": 1}, "b3a28446": {"runs": 2, "balls": 3, "wickets": 0}, "9061a703": {"runs": 18, "balls": 11, "wickets": 0}, "29b89ae8": {"runs": 16, "balls": 8, "wickets": 0}, "99cddc5e": {"runs": 6, "balls": 6, "wickets": 0}, "fc55ec67": {"runs": 3, "balls": 2, "wickets": 0}, "64c34cd0": {"runs": 8, "balls": 5, "wickets": 1}, "786b7fe8": {"runs": 2, "balls": 6, "wickets": 0}, "65be8bb2": {"runs": 8, "balls": 10, "wickets": 1}, "c4d9634c": {"runs": 16, "balls": 10, "wickets": 0}, "22ae3041": {"runs": 7, "balls": 8, "wickets": 0}, "529eb9e0": {"runs": 7, "balls": 3, "wickets": 1}, "35205dfc": {"runs": 6, "balls": 6, "wickets": 0}, "4175d211": {"runs": 7, "balls": 4, "wickets": 1}, "a61bcb94": {"runs": 11, "balls": 15, "wickets": 0}, "b0eaaac6": {"runs": 10, "balls": 11, "wickets": 1}, "f2665768": {"runs": 3, "balls": 4, "wickets": 0}, "f78e7113": {"runs": 12, "balls": 8, "wickets": 0}, "a757b0d8": {"runs": 10, "balls": 8, "wickets": 0}, "e342e5fb": {"runs": 7, "balls": 8, "wickets": 1}, "a316d663": {"runs": 0, "balls": 2, "wickets": 0}, "23cca426": {"runs": 8, "balls": 4, "wickets": 0}, "c5aef772": {"runs": 28, "balls": 10, "wickets": 1}, "ffe699c0": {"runs": 0, "balls": 1, "wickets": 1}, "b2a79f17": {"runs": 9, "balls": 6, "wickets": 0}, "62af8546": {"runs": 3, "balls": 4, "wickets": 0}, "3feda4fa": {"runs": 2, "balls": 2, "wickets": 1}, "314642ed": {"runs": 4, "balls": 10, "wickets": 0}, "19b9f399": {"runs": 0, "balls": 7, "wickets": 0}, "c0c411cb": {"runs": 1, "balls": 1, "wickets": 0}, "c6097d68": {"runs": 11, "balls": 11, "wickets": 0}, "b319df8c": {"runs": 10, "balls": 7, "wickets": 0}, "7d92277a": {"runs": 6, "balls": 8, "wickets": 0}, "b410bd3d": {"runs": 10, "balls": 10, "wickets": 0}, "ded9ff1e": {"runs": 1, "balls": 1, "wickets": 0}}, "fifties": 0, "thirties": 17, "centuries": 0, "maidens": 0.0, "hattricks": 0, "club_ODI_previous3_runs": [], "club_ODI_previous3_wickets": [], "club_ODI_previous3_balls played": [], "club_ODI_previous3_overs": [], "club_ODI_previous3_runs gave": [], "club_ODI_lifetime_runs": 0.0, "club_ODI_lifetime_wickets": 0.0, "club_ODI_lifetime_balls played": 0.0, "club_ODI_lifetime_overs": 0.0, "club_ODI_lifetime_runs gave": 0.0, "club_Test_previous3_runs": [], "club_Test_previous3_wickets": [], "club_Test_previous3_balls played": [], "club_Test_previous3_overs": [], "club_Test_previous3_runs gave": [], "club_Test_lifetime_runs": 0.0, "club_Test_lifetime_wickets": 0.0, "club_Test_lifetime_balls played": 0.0, "club_Test_lifetime_overs": 0.0, "club_Test_lifetime_runs gave": 0.0, "club_T20_previous3_runs": [5.0, 42.0, 16.0], "club_T20_previous3_wickets": [0.0, 0.0, 0.0], "club_T20_previous3_balls played": [18.0, 42.0, 16.0], "club_T20_previous3_overs": [0.0, 0.0, 0.0], "club_T20_previous3_runs gave": [0.0, 0.0, 0.0], "club_T20_lifetime_runs": 725.0, "club_T20_lifetime_wickets": 4.0, "club_T20_lifetime_balls played": 669.0, "club_T20_lifetime_overs": 23.666666666666668, "club_T20_lifetime_runs gave": 231.0, "international_ODI_previous3_runs": [43.0, 3.0, 0.0], "international_ODI_previous3_wickets": [1.0, 0.0, 0.0], "international_ODI_previous3_balls played": [27.0, 14.0, 0.0], "international_ODI_previous3_overs": [2.0, 0.0, 0.0], "international_ODI_previous3_runs gave": [19.0, 0.0, 0.0], "international_ODI_lifetime_runs": 560.0, "international_ODI_lifetime_wickets": 3.0, "international_ODI_lifetime_balls played": 756.0, "international_ODI_lifetime_overs": 24.333333333333332, "international_ODI_lifetime_runs gave": 200.0, "international_Test_previous3_runs": [], "international_Test_previous3_wickets": [], "international_Test_previous3_balls played": [], "international_Test_previous3_overs": [], "international_Test_previous3_runs gave": [], "international_Test_lifetime_runs": 0.0, "international_Test_lifetime_wickets": 0.0, "international_Test_lifetime_balls played": 0.0, "international_Test_lifetime_overs": 0.0, "international_Test_lifetime_runs gave": 0.0, "international_T20_previous3_runs": [], "international_T20_previous3_wickets": [], "international_T20_previous3_balls played": [], "international_T20_previous3_overs": [], "international_T20_previous3_runs gave": [], "international_T20_lifetime_runs": 0.0, "international_T20_lifetime_wickets": 0.0, "international_T20_lifetime_balls played": 0.0, "international_T20_lifetime_overs": 0.0, "international_T20_lifetime_runs gave": 0.0}