{"played_against": {"5af592d2": {"runs": 13, "balls": 15, "wickets": 0}, "0882b3f1": {"runs": 9, "balls": 15, "wickets": 0}, "540ffb25": {"runs": 1, "balls": 4, "wickets": 1}, "25020f9d": {"runs": 14, "balls": 23, "wickets": 0}, "d12143bf": {"runs": 15, "balls": 34, "wickets": 0}, "ddc0828d": {"runs": 0, "balls": 1, "wickets": 0}, "12b59324": {"runs": 3, "balls": 15, "wickets": 0}, "cefe0886": {"runs": 17, "balls": 17, "wickets": 0}, "d2f72b19": {"runs": 5, "balls": 3, "wickets": 1}, "91a4a398": {"runs": 14, "balls": 20, "wickets": 0}, "bad31fac": {"runs": 25, "balls": 32, "wickets": 0}, "96fd40ae": {"runs": 18, "balls": 19, "wickets": 1}, "0c2730df": {"runs": 23, "balls": 28, "wickets": 0}, "725529bc": {"runs": 10, "balls": 10, "wickets": 0}, "8ba8195d": {"runs": 11, "balls": 12, "wickets": 0}, "37f501d7": {"runs": 17, "balls": 25, "wickets": 0}, "7fe5deb8": {"runs": 9, "balls": 6, "wickets": 0}, "556302a7": {"runs": 14, "balls": 11, "wickets": 0}}, "fifties": 1, "thirties": 1, "centuries": 0, "maidens": 0.0, "hattricks": 0, "club_ODI_previous3_runs": [], "club_ODI_previous3_wickets": [], "club_ODI_previous3_balls played": [], "club_ODI_previous3_overs": [], "club_ODI_previous3_runs gave": [], "club_ODI_lifetime_runs": 0.0, "club_ODI_lifetime_wickets": 0.0, "club_ODI_lifetime_balls played": 0.0, "club_ODI_lifetime_overs": 0.0, "club_ODI_lifetime_runs gave": 0.0, "club_Test_previous3_runs": [], "club_Test_previous3_wickets": [], "club_Test_previous3_balls played": [], "club_Test_previous3_overs": [], "club_Test_previous3_runs gave": [], "club_Test_lifetime_runs": 0.0, "club_Test_lifetime_wickets": 0.0, "club_Test_lifetime_balls played": 0.0, "club_Test_lifetime_overs": 0.0, "club_Test_lifetime_runs gave": 0.0, "club_T20_previous3_runs": [], "club_T20_previous3_wickets": [], "club_T20_previous3_balls played": [], "club_T20_previous3_overs": [], "club_T20_previous3_runs gave": [], "club_T20_lifetime_runs": 0.0, "club_T20_lifetime_wickets": 0.0, "club_T20_lifetime_balls played": 0.0, "club_T20_lifetime_overs": 0.0, "club_T20_lifetime_runs gave": 0.0, "international_ODI_previous3_runs": [25.0, 101.0, 40.0], "international_ODI_previous3_wickets": [0.0, 0.0, 0.0], "international_ODI_previous3_balls played": [36.0, 123.0, 44.0], "international_ODI_previous3_overs": [4.0, 0.0, 0.0], "international_ODI_previous3_runs gave": [15.0, 0.0, 0.0], "international_ODI_lifetime_runs": 218.0, "international_ODI_lifetime_wickets": 0.0, "international_ODI_lifetime_balls played": 297.0, "international_ODI_lifetime_overs": 4.0, "international_ODI_lifetime_runs gave": 15.0, "international_Test_previous3_runs": [], "international_Test_previous3_wickets": [], "international_Test_previous3_balls played": [], "international_Test_previous3_overs": [], "international_Test_previous3_runs gave": [], "international_Test_lifetime_runs": 0.0, "international_Test_lifetime_wickets": 0.0, "international_Test_lifetime_balls played": 0.0, "international_Test_lifetime_overs": 0.0, "international_Test_lifetime_runs gave": 0.0, "international_T20_previous3_runs": [], "international_T20_previous3_wickets": [], "international_T20_previous3_balls played": [], "international_T20_previous3_overs": [], "international_T20_previous3_runs gave": [], "international_T20_lifetime_runs": 0.0, "international_T20_lifetime_wickets": 0.0, "international_T20_lifetime_balls played": 0.0, "international_T20_lifetime_overs": 0.0, "international_T20_lifetime_runs gave": 0.0}