{"played_against": {"91a4a398": {"runs": 0, "balls": 1, "wickets": 0}, "41eb4a4f": {"runs": 4, "balls": 7, "wickets": 0}, "af7dadf7": {"runs": 2, "balls": 5, "wickets": 1}, "86dc8f2e": {"runs": 5, "balls": 2, "wickets": 0}, "670709ec": {"runs": 8, "balls": 6, "wickets": 0}, "acd4f5dc": {"runs": 6, "balls": 2, "wickets": 0}, "c3d1402f": {"runs": 5, "balls": 3, "wickets": 1}, "1c914163": {"runs": 1, "balls": 2, "wickets": 0}, "6b8eb6e5": {"runs": 4, "balls": 3, "wickets": 1}, "93a17209": {"runs": 0, "balls": 1, "wickets": 1}, "12eddf28": {"runs": 3, "balls": 4, "wickets": 0}, "2a72fd4f": {"runs": 10, "balls": 8, "wickets": 0}, "35205dfc": {"runs": 12, "balls": 4, "wickets": 0}, "8a668774": {"runs": 4, "balls": 1, "wickets": 0}, "aaa1b522": {"runs": 0, "balls": 1, "wickets": 1}, "96fd40ae": {"runs": 2, "balls": 4, "wickets": 0}, "c404f58a": {"runs": 1, "balls": 6, "wickets": 1}, "9fc0ef64": {"runs": 7, "balls": 7, "wickets": 0}, "6b19d823": {"runs": 1, "balls": 2, "wickets": 0}, "33a364a6": {"runs": 8, "balls": 6, "wickets": 1}, "260fd380": {"runs": 4, "balls": 5, "wickets": 0}, "0c432afb": {"runs": 1, "balls": 1, "wickets": 0}, "b57f8a9a": {"runs": 4, "balls": 4, "wickets": 1}, "bfcff6cd": {"runs": 2, "balls": 6, "wickets": 0}, "f62772e5": {"runs": 2, "balls": 3, "wickets": 0}, "cdc6bdba": {"runs": 9, "balls": 5, "wickets": 0}, "1abb78f8": {"runs": 5, "balls": 3, "wickets": 0}, "d2a989fc": {"runs": 6, "balls": 3, "wickets": 0}, "8da6dbf1": {"runs": 2, "balls": 2, "wickets": 1}, "db31895a": {"runs": 0, "balls": 1, "wickets": 1}}, "fifties": 0, "thirties": 0, "centuries": 0, "maidens": 0.0, "hattricks": 0, "club_ODI_previous3_runs": [], "club_ODI_previous3_wickets": [], "club_ODI_previous3_balls played": [], "club_ODI_previous3_overs": [], "club_ODI_previous3_runs gave": [], "club_ODI_lifetime_runs": 0.0, "club_ODI_lifetime_wickets": 0.0, "club_ODI_lifetime_balls played": 0.0, "club_ODI_lifetime_overs": 0.0, "club_ODI_lifetime_runs gave": 0.0, "club_Test_previous3_runs": [], "club_Test_previous3_wickets": [], "club_Test_previous3_balls played": [], "club_Test_previous3_overs": [], "club_Test_previous3_runs gave": [], "club_Test_lifetime_runs": 0.0, "club_Test_lifetime_wickets": 0.0, "club_Test_lifetime_balls played": 0.0, "club_Test_lifetime_overs": 0.0, "club_Test_lifetime_runs gave": 0.0, "club_T20_previous3_runs": [9.0, 13.0, 0.0], "club_T20_previous3_wickets": [0.0, 0.0, 0.0], "club_T20_previous3_balls played": [5.0, 9.0, 1.0], "club_T20_previous3_overs": [0.0, 0.0, 0.0], "club_T20_previous3_runs gave": [0.0, 0.0, 0.0], "club_T20_lifetime_runs": 118.0, "club_T20_lifetime_wickets": 0.0, "club_T20_lifetime_balls played": 114.0, "club_T20_lifetime_overs": 0.0, "club_T20_lifetime_runs gave": 0.0, "international_ODI_previous3_runs": [], "international_ODI_previous3_wickets": [], "international_ODI_previous3_balls played": [], "international_ODI_previous3_overs": [], "international_ODI_previous3_runs gave": [], "international_ODI_lifetime_runs": 0.0, "international_ODI_lifetime_wickets": 0.0, "international_ODI_lifetime_balls played": 0.0, "international_ODI_lifetime_overs": 0.0, "international_ODI_lifetime_runs gave": 0.0, "international_Test_previous3_runs": [], "international_Test_previous3_wickets": [], "international_Test_previous3_balls played": [], "international_Test_previous3_overs": [], "international_Test_previous3_runs gave": [], "international_Test_lifetime_runs": 0.0, "international_Test_lifetime_wickets": 0.0, "international_Test_lifetime_balls played": 0.0, "international_Test_lifetime_overs": 0.0, "international_Test_lifetime_runs gave": 0.0, "international_T20_previous3_runs": [], "international_T20_previous3_wickets": [], "international_T20_previous3_balls played": [], "international_T20_previous3_overs": [], "international_T20_previous3_runs gave": [], "international_T20_lifetime_runs": 0.0, "international_T20_lifetime_wickets": 0.0, "international_T20_lifetime_balls played": 0.0, "international_T20_lifetime_overs": 0.0, "international_T20_lifetime_runs gave": 0.0}