{"played_against": {"31c56f40": {"runs": 2, "balls": 2, "wickets": 0}, "5bb904d4": {"runs": 4, "balls": 2, "wickets": 0}, "8a452195": {"runs": 3, "balls": 9, "wickets": 1}, "b4f73b44": {"runs": 2, "balls": 8, "wickets": 0}, "5a50471c": {"runs": 2, "balls": 6, "wickets": 0}, "397369e0": {"runs": 1, "balls": 2, "wickets": 0}, "040f11e8": {"runs": 2, "balls": 2, "wickets": 1}, "f8b50da3": {"runs": 11, "balls": 6, "wickets": 0}, "a259c414": {"runs": 2, "balls": 1, "wickets": 0}, "4cf645c9": {"runs": 1, "balls": 3, "wickets": 1}, "df997334": {"runs": 1, "balls": 2, "wickets": 0}, "3051fcc6": {"runs": 20, "balls": 4, "wickets": 0}, "213dc641": {"runs": 10, "balls": 6, "wickets": 0}, "ffae3d12": {"runs": 5, "balls": 3, "wickets": 0}, "5eaff430": {"runs": 2, "balls": 2, "wickets": 1}, "ad5165c2": {"runs": 1, "balls": 1, "wickets": 0}, "c999c416": {"runs": 0, "balls": 1, "wickets": 1}, "cc7331d4": {"runs": 6, "balls": 2, "wickets": 0}, "a3034d3d": {"runs": 7, "balls": 10, "wickets": 0}, "83cde44d": {"runs": 2, "balls": 9, "wickets": 0}, "f61e2829": {"runs": 2, "balls": 7, "wickets": 0}, "c3394c16": {"runs": 2, "balls": 9, "wickets": 0}, "8e7be59c": {"runs": 9, "balls": 8, "wickets": 0}, "d92d3563": {"runs": 2, "balls": 3, "wickets": 0}, "a0a65375": {"runs": 0, "balls": 1, "wickets": 1}, "f67ea6d2": {"runs": 3, "balls": 5, "wickets": 0}, "cf92d76b": {"runs": 3, "balls": 7, "wickets": 0}, "2f145a4f": {"runs": 5, "balls": 11, "wickets": 0}, "aaa6e84c": {"runs": 5, "balls": 6, "wickets": 0}, "23e3f2d6": {"runs": 0, "balls": 1, "wickets": 1}, "36dfa62e": {"runs": 3, "balls": 3, "wickets": 0}, "09a58e2d": {"runs": 1, "balls": 2, "wickets": 0}, "edf62a25": {"runs": 1, "balls": 1, "wickets": 0}}, "fifties": 0, "thirties": 1, "centuries": 0, "maidens": 2.0, "hattricks": 1, "club_ODI_previous3_runs": [], "club_ODI_previous3_wickets": [], "club_ODI_previous3_balls played": [], "club_ODI_previous3_overs": [], "club_ODI_previous3_runs gave": [], "club_ODI_lifetime_runs": 0.0, "club_ODI_lifetime_wickets": 0.0, "club_ODI_lifetime_balls played": 0.0, "club_ODI_lifetime_overs": 0.0, "club_ODI_lifetime_runs gave": 0.0, "club_Test_previous3_runs": [], "club_Test_previous3_wickets": [], "club_Test_previous3_balls played": [], "club_Test_previous3_overs": [], "club_Test_previous3_runs gave": [], "club_Test_lifetime_runs": 0.0, "club_Test_lifetime_wickets": 0.0, "club_Test_lifetime_balls played": 0.0, "club_Test_lifetime_overs": 0.0, "club_Test_lifetime_runs gave": 0.0, "club_T20_previous3_runs": [], "club_T20_previous3_wickets": [], "club_T20_previous3_balls played": [], "club_T20_previous3_overs": [], "club_T20_previous3_runs gave": [], "club_T20_lifetime_runs": 0.0, "club_T20_lifetime_wickets": 0.0, "club_T20_lifetime_balls played": 0.0, "club_T20_lifetime_overs": 0.0, "club_T20_lifetime_runs gave": 0.0, "international_ODI_previous3_runs": [18.0, 5.0, 0.0], "international_ODI_previous3_wickets": [0.0, 0.0, 1.0], "international_ODI_previous3_balls played": [36.0, 6.0, 0.0], "international_ODI_previous3_overs": [7.833333333333333, 6.0, 9.666666666666666], "international_ODI_previous3_runs gave": [60.0, 42.0, 41.0], "international_ODI_lifetime_runs": 32.0, "international_ODI_lifetime_wickets": 3.0, "international_ODI_lifetime_balls played": 61.0, "international_ODI_lifetime_overs": 32.5, "international_ODI_lifetime_runs gave": 174.0, "international_Test_previous3_runs": [], "international_Test_previous3_wickets": [], "international_Test_previous3_balls played": [], "international_Test_previous3_overs": [], "international_Test_previous3_runs gave": [], "international_Test_lifetime_runs": 0.0, "international_Test_lifetime_wickets": 0.0, "international_Test_lifetime_balls played": 0.0, "international_Test_lifetime_overs": 0.0, "international_Test_lifetime_runs gave": 0.0, "international_T20_previous3_runs": [6.0, 16.0, 0.0], "international_T20_previous3_wickets": [0.0, 0.0, 0.0], "international_T20_previous3_balls played": [3.0, 29.0, 1.0], "international_T20_previous3_overs": [2.0, 2.0, 1.0], "international_T20_previous3_runs gave": [11.0, 20.0, 8.0], "international_T20_lifetime_runs": 88.0, "international_T20_lifetime_wickets": 11.0, "international_T20_lifetime_balls played": 86.0, "international_T20_lifetime_overs": 31.166666666666664, "international_T20_lifetime_runs gave": 177.0}