{"played_against": {"a2632c7c": {"runs": 0, "balls": 3, "wickets": 1}, "d32cf49a": {"runs": 0, "balls": 1, "wickets": 0}, "4b0e3049": {"runs": 0, "balls": 1, "wickets": 1}, "fe6d2da9": {"runs": 13, "balls": 16, "wickets": 0}, "321c980e": {"runs": 3, "balls": 5, "wickets": 0}, "c9ec83dd": {"runs": 2, "balls": 4, "wickets": 0}, "00547789": {"runs": 6, "balls": 7, "wickets": 1}, "cc3884f9": {"runs": 6, "balls": 15, "wickets": 0}, "b06ed525": {"runs": 1, "balls": 1, "wickets": 0}, "fb9a8cc3": {"runs": 0, "balls": 6, "wickets": 1}}, "fifties": 0, "thirties": 0, "centuries": 0, "maidens": 1.0, "hattricks": 1, "club_ODI_previous3_runs": [2.0], "club_ODI_previous3_wickets": [0.0], "club_ODI_previous3_balls played": [12.0], "club_ODI_previous3_overs": [2.8333333333333335], "club_ODI_previous3_runs gave": [20.0], "club_ODI_lifetime_runs": 2.0, "club_ODI_lifetime_wickets": 0.0, "club_ODI_lifetime_balls played": 12.0, "club_ODI_lifetime_overs": 2.8333333333333335, "club_ODI_lifetime_runs gave": 20.0, "club_Test_previous3_runs": [], "club_Test_previous3_wickets": [], "club_Test_previous3_balls played": [], "club_Test_previous3_overs": [], "club_Test_previous3_runs gave": [], "club_Test_lifetime_runs": 0.0, "club_Test_lifetime_wickets": 0.0, "club_Test_lifetime_balls played": 0.0, "club_Test_lifetime_overs": 0.0, "club_Test_lifetime_runs gave": 0.0, "club_T20_previous3_runs": [0.0, 24.0, 5.0], "club_T20_previous3_wickets": [0.0, 0.0, 0.0], "club_T20_previous3_balls played": [2.0, 32.0, 10.0], "club_T20_previous3_overs": [1.0, 3.0, 0.0], "club_T20_previous3_runs gave": [6.0, 20.0, 0.0], "club_T20_lifetime_runs": 29.0, "club_T20_lifetime_wickets": 3.0, "club_T20_lifetime_balls played": 47.0, "club_T20_lifetime_overs": 8.0, "club_T20_lifetime_runs gave": 34.0, "international_ODI_previous3_runs": [], "international_ODI_previous3_wickets": [], "international_ODI_previous3_balls played": [], "international_ODI_previous3_overs": [], "international_ODI_previous3_runs gave": [], "international_ODI_lifetime_runs": 0.0, "international_ODI_lifetime_wickets": 0.0, "international_ODI_lifetime_balls played": 0.0, "international_ODI_lifetime_overs": 0.0, "international_ODI_lifetime_runs gave": 0.0, "international_Test_previous3_runs": [], "international_Test_previous3_wickets": [], "international_Test_previous3_balls played": [], "international_Test_previous3_overs": [], "international_Test_previous3_runs gave": [], "international_Test_lifetime_runs": 0.0, "international_Test_lifetime_wickets": 0.0, "international_Test_lifetime_balls played": 0.0, "international_Test_lifetime_overs": 0.0, "international_Test_lifetime_runs gave": 0.0, "international_T20_previous3_runs": [], "international_T20_previous3_wickets": [], "international_T20_previous3_balls played": [], "international_T20_previous3_overs": [], "international_T20_previous3_runs gave": [], "international_T20_lifetime_runs": 0.0, "international_T20_lifetime_wickets": 0.0, "international_T20_lifetime_balls played": 0.0, "international_T20_lifetime_overs": 0.0, "international_T20_lifetime_runs gave": 0.0}