{"played_against": {"d3851cd8": {"runs": 4, "balls": 8, "wickets": 0}, "9ffb7550": {"runs": 3, "balls": 5, "wickets": 0}, "c9d05f1a": {"runs": 2, "balls": 2, "wickets": 0}, "a1e80d06": {"runs": 11, "balls": 5, "wickets": 0}, "60bec5c3": {"runs": 1, "balls": 2, "wickets": 0}, "7cefb2a2": {"runs": 8, "balls": 3, "wickets": 0}, "552b228c": {"runs": 2, "balls": 1, "wickets": 0}, "78bbeba1": {"runs": 11, "balls": 7, "wickets": 0}, "f104c434": {"runs": 8, "balls": 4, "wickets": 0}, "6667067e": {"runs": 7, "balls": 4, "wickets": 0}, "ccd88623": {"runs": 9, "balls": 4, "wickets": 1}, "3e06e7ac": {"runs": 13, "balls": 5, "wickets": 0}, "4add4c98": {"runs": 1, "balls": 1, "wickets": 0}, "ed82d9a5": {"runs": 13, "balls": 3, "wickets": 0}, "946d4d9a": {"runs": 3, "balls": 2, "wickets": 0}, "5892ac75": {"runs": 0, "balls": 3, "wickets": 0}, "465fd722": {"runs": 2, "balls": 2, "wickets": 0}, "1f490b28": {"runs": 1, "balls": 4, "wickets": 1}}, "fifties": 0, "thirties": 1, "centuries": 0, "maidens": 0.0, "hattricks": 0, "club_ODI_previous3_runs": [], "club_ODI_previous3_wickets": [], "club_ODI_previous3_balls played": [], "club_ODI_previous3_overs": [], "club_ODI_previous3_runs gave": [], "club_ODI_lifetime_runs": 0.0, "club_ODI_lifetime_wickets": 0.0, "club_ODI_lifetime_balls played": 0.0, "club_ODI_lifetime_overs": 0.0, "club_ODI_lifetime_runs gave": 0.0, "club_Test_previous3_runs": [], "club_Test_previous3_wickets": [], "club_Test_previous3_balls played": [], "club_Test_previous3_overs": [], "club_Test_previous3_runs gave": [], "club_Test_lifetime_runs": 0.0, "club_Test_lifetime_wickets": 0.0, "club_Test_lifetime_balls played": 0.0, "club_Test_lifetime_overs": 0.0, "club_Test_lifetime_runs gave": 0.0, "club_T20_previous3_runs": [], "club_T20_previous3_wickets": [], "club_T20_previous3_balls played": [], "club_T20_previous3_overs": [], "club_T20_previous3_runs gave": [], "club_T20_lifetime_runs": 0.0, "club_T20_lifetime_wickets": 0.0, "club_T20_lifetime_balls played": 0.0, "club_T20_lifetime_overs": 0.0, "club_T20_lifetime_runs gave": 0.0, "international_ODI_previous3_runs": [], "international_ODI_previous3_wickets": [], "international_ODI_previous3_balls played": [], "international_ODI_previous3_overs": [], "international_ODI_previous3_runs gave": [], "international_ODI_lifetime_runs": 0.0, "international_ODI_lifetime_wickets": 0.0, "international_ODI_lifetime_balls played": 0.0, "international_ODI_lifetime_overs": 0.0, "international_ODI_lifetime_runs gave": 0.0, "international_Test_previous3_runs": [], "international_Test_previous3_wickets": [], "international_Test_previous3_balls played": [], "international_Test_previous3_overs": [], "international_Test_previous3_runs gave": [], "international_Test_lifetime_runs": 0.0, "international_Test_lifetime_wickets": 0.0, "international_Test_lifetime_balls played": 0.0, "international_Test_lifetime_overs": 0.0, "international_Test_lifetime_runs gave": 0.0, "international_T20_previous3_runs": [0.0, 3.0, 0.0], "international_T20_previous3_wickets": [0.0, 0.0, 0.0], "international_T20_previous3_balls played": [0.0, 9.0, 0.0], "international_T20_previous3_overs": [0.0, 0.0, 0.0], "international_T20_previous3_runs gave": [0.0, 0.0, 0.0], "international_T20_lifetime_runs": 99.0, "international_T20_lifetime_wickets": 0.0, "international_T20_lifetime_balls played": 66.0, "international_T20_lifetime_overs": 0.0, "international_T20_lifetime_runs gave": 0.0}