{"played_against": {"78fcc740": {"runs": 2, "balls": 2, "wickets": 0}, "8160713d": {"runs": 11, "balls": 10, "wickets": 0}, "e05fcb17": {"runs": 7, "balls": 8, "wickets": 0}, "1eb2b096": {"runs": 2, "balls": 1, "wickets": 0}, "2cc557f8": {"runs": 0, "balls": 1, "wickets": 1}, "990f1424": {"runs": 13, "balls": 13, "wickets": 0}, "b84e3254": {"runs": 22, "balls": 25, "wickets": 0}, "2fff8b43": {"runs": 15, "balls": 13, "wickets": 1}, "dd016f9d": {"runs": 5, "balls": 5, "wickets": 0}, "eee46f77": {"runs": 19, "balls": 29, "wickets": 0}, "5f2a4e3e": {"runs": 16, "balls": 21, "wickets": 0}, "d613f5e1": {"runs": 5, "balls": 4, "wickets": 1}, "e93b6c95": {"runs": 0, "balls": 1, "wickets": 1}, "7ecb9a14": {"runs": 3, "balls": 12, "wickets": 0}, "bf172ae6": {"runs": 1, "balls": 3, "wickets": 0}, "658c2e71": {"runs": 2, "balls": 8, "wickets": 0}, "b7ccb3c9": {"runs": 10, "balls": 9, "wickets": 0}, "eff8b730": {"runs": 4, "balls": 5, "wickets": 1}, "9b0a0f12": {"runs": 10, "balls": 6, "wickets": 0}, "b9fd3959": {"runs": 1, "balls": 4, "wickets": 0}, "afe8ff08": {"runs": 2, "balls": 6, "wickets": 0}, "b38a9f73": {"runs": 2, "balls": 2, "wickets": 0}, "65a60be7": {"runs": 1, "balls": 4, "wickets": 1}, "c01852c6": {"runs": 5, "balls": 9, "wickets": 0}, "877ad201": {"runs": 1, "balls": 2, "wickets": 0}, "89b7e368": {"runs": 4, "balls": 10, "wickets": 0}, "baa7dd37": {"runs": 7, "balls": 8, "wickets": 0}, "39f0b039": {"runs": 6, "balls": 6, "wickets": 0}, "362fde0f": {"runs": 1, "balls": 3, "wickets": 0}, "cb4a3840": {"runs": 2, "balls": 3, "wickets": 0}, "b75b7b09": {"runs": 5, "balls": 9, "wickets": 0}, "d1c7dd6d": {"runs": 1, "balls": 1, "wickets": 0}, "2a7a3137": {"runs": 3, "balls": 4, "wickets": 0}, "331e137f": {"runs": 7, "balls": 3, "wickets": 0}, "3b282e51": {"runs": 0, "balls": 1, "wickets": 1}, "336a85f6": {"runs": 6, "balls": 8, "wickets": 0}, "e068d48e": {"runs": 4, "balls": 5, "wickets": 0}, "9c181b99": {"runs": 3, "balls": 3, "wickets": 0}, "5b616bf0": {"runs": 1, "balls": 2, "wickets": 0}, "79209272": {"runs": 3, "balls": 4, "wickets": 0}, "1a628a92": {"runs": 5, "balls": 5, "wickets": 1}, "9f998ed8": {"runs": 1, "balls": 1, "wickets": 0}, "aea11d1d": {"runs": 4, "balls": 4, "wickets": 0}, "6b46ce43": {"runs": 2, "balls": 2, "wickets": 0}, "c122fe73": {"runs": 3, "balls": 2, "wickets": 0}, "352e589f": {"runs": 7, "balls": 5, "wickets": 0}, "2dfe0612": {"runs": 1, "balls": 2, "wickets": 1}}, "fifties": 0, "thirties": 2, "centuries": 0, "maidens": 3.0, "hattricks": 2, "club_ODI_previous3_runs": [], "club_ODI_previous3_wickets": [], "club_ODI_previous3_balls played": [], "club_ODI_previous3_overs": [], "club_ODI_previous3_runs gave": [], "club_ODI_lifetime_runs": 0.0, "club_ODI_lifetime_wickets": 0.0, "club_ODI_lifetime_balls played": 0.0, "club_ODI_lifetime_overs": 0.0, "club_ODI_lifetime_runs gave": 0.0, "club_Test_previous3_runs": [], "club_Test_previous3_wickets": [], "club_Test_previous3_balls played": [], "club_Test_previous3_overs": [], "club_Test_previous3_runs gave": [], "club_Test_lifetime_runs": 0.0, "club_Test_lifetime_wickets": 0.0, "club_Test_lifetime_balls played": 0.0, "club_Test_lifetime_overs": 0.0, "club_Test_lifetime_runs gave": 0.0, "club_T20_previous3_runs": [], "club_T20_previous3_wickets": [], "club_T20_previous3_balls played": [], "club_T20_previous3_overs": [], "club_T20_previous3_runs gave": [], "club_T20_lifetime_runs": 0.0, "club_T20_lifetime_wickets": 0.0, "club_T20_lifetime_balls played": 0.0, "club_T20_lifetime_overs": 0.0, "club_T20_lifetime_runs gave": 0.0, "international_ODI_previous3_runs": [1.0, 5.0, 0.0], "international_ODI_previous3_wickets": [1.0, 2.0, 2.0], "international_ODI_previous3_balls played": [4.0, 12.0, 0.0], "international_ODI_previous3_overs": [10.0, 9.0, 10.0], "international_ODI_previous3_runs gave": [38.0, 46.0, 55.0], "international_ODI_lifetime_runs": 150.0, "international_ODI_lifetime_wickets": 15.0, "international_ODI_lifetime_balls played": 189.0, "international_ODI_lifetime_overs": 89.0, "international_ODI_lifetime_runs gave": 396.0, "international_Test_previous3_runs": [], "international_Test_previous3_wickets": [], "international_Test_previous3_balls played": [], "international_Test_previous3_overs": [], "international_Test_previous3_runs gave": [], "international_Test_lifetime_runs": 0.0, "international_Test_lifetime_wickets": 0.0, "international_Test_lifetime_balls played": 0.0, "international_Test_lifetime_overs": 0.0, "international_Test_lifetime_runs gave": 0.0, "international_T20_previous3_runs": [9.0, 0.0, 0.0], "international_T20_previous3_wickets": [0.0, 0.0, 1.0], "international_T20_previous3_balls played": [9.0, 0.0, 0.0], "international_T20_previous3_overs": [1.0, 0.0, 4.0], "international_T20_previous3_runs gave": [16.0, 0.0, 40.0], "international_T20_lifetime_runs": 85.0, "international_T20_lifetime_wickets": 14.0, "international_T20_lifetime_balls played": 109.0, "international_T20_lifetime_overs": 64.33333333333334, "international_T20_lifetime_runs gave": 432.0}