{"played_against": {"8d2c70ad": {"runs": 3, "balls": 2, "wickets": 0}, "98ae73b1": {"runs": 0, "balls": 1, "wickets": 1}, "9ad3a550": {"runs": 0, "balls": 2, "wickets": 0}, "9fc68dcb": {"runs": 2, "balls": 3, "wickets": 0}, "ed3fdd1a": {"runs": 9, "balls": 4, "wickets": 1}, "ccc4756d": {"runs": 3, "balls": 2, "wickets": 0}, "66cf56a5": {"runs": 1, "balls": 1, "wickets": 0}, "d2a989fc": {"runs": 7, "balls": 3, "wickets": 0}, "e57ded95": {"runs": 0, "balls": 1, "wickets": 0}, "fe473dc2": {"runs": 6, "balls": 4, "wickets": 0}, "4c7543cf": {"runs": 3, "balls": 3, "wickets": 0}, "76cc7070": {"runs": 5, "balls": 2, "wickets": 0}, "1e66c162": {"runs": 6, "balls": 6, "wickets": 2}, "84ba2fbc": {"runs": 1, "balls": 2, "wickets": 0}, "f992200b": {"runs": 2, "balls": 3, "wickets": 0}, "983f2f61": {"runs": 7, "balls": 3, "wickets": 0}, "4312e8f9": {"runs": 3, "balls": 5, "wickets": 2}, "2bbab579": {"runs": 3, "balls": 2, "wickets": 0}, "c2468df1": {"runs": 1, "balls": 2, "wickets": 0}, "2cdce1be": {"runs": 1, "balls": 1, "wickets": 0}, "61a3c20c": {"runs": 14, "balls": 10, "wickets": 0}, "85aae393": {"runs": 5, "balls": 7, "wickets": 0}, "ae9adf77": {"runs": 9, "balls": 5, "wickets": 0}, "4e57144f": {"runs": 12, "balls": 4, "wickets": 0}, "597d321a": {"runs": 1, "balls": 1, "wickets": 0}, "f62772e5": {"runs": 3, "balls": 5, "wickets": 0}, "f0380005": {"runs": 4, "balls": 6, "wickets": 0}, "155c24d2": {"runs": 5, "balls": 8, "wickets": 0}, "bee290b6": {"runs": 10, "balls": 8, "wickets": 1}, "b2a55ac1": {"runs": 12, "balls": 6, "wickets": 0}, "e4cdf230": {"runs": 5, "balls": 15, "wickets": 0}, "0a3d54b9": {"runs": 8, "balls": 6, "wickets": 0}, "0e567e38": {"runs": 28, "balls": 10, "wickets": 0}, "d2550980": {"runs": 10, "balls": 7, "wickets": 1}, "15745dbe": {"runs": 12, "balls": 4, "wickets": 0}, "9170ff49": {"runs": 19, "balls": 13, "wickets": 0}, "b10e8c85": {"runs": 9, "balls": 9, "wickets": 0}, "7c3c0337": {"runs": 18, "balls": 13, "wickets": 0}, "93fefdfa": {"runs": 14, "balls": 7, "wickets": 0}, "734062e6": {"runs": 3, "balls": 3, "wickets": 0}, "145c2a1f": {"runs": 6, "balls": 7, "wickets": 1}, "a73f1f24": {"runs": 2, "balls": 1, "wickets": 0}, "14f2ce7a": {"runs": 1, "balls": 1, "wickets": 0}, "d8fee704": {"runs": 7, "balls": 4, "wickets": 0}, "7b5235a6": {"runs": 2, "balls": 2, "wickets": 0}, "c69a7b5c": {"runs": 2, "balls": 2, "wickets": 0}, "2122c023": {"runs": 12, "balls": 7, "wickets": 0}, "d6ac52e8": {"runs": 10, "balls": 8, "wickets": 0}, "455a7563": {"runs": 14, "balls": 7, "wickets": 0}, "b6d95d47": {"runs": 10, "balls": 4, "wickets": 0}, "2c47dd7c": {"runs": 14, "balls": 11, "wickets": 0}, "dde809f3": {"runs": 11, "balls": 12, "wickets": 1}, "23639793": {"runs": 0, "balls": 2, "wickets": 0}, "2c06dca9": {"runs": 22, "balls": 6, "wickets": 0}, "700edf8d": {"runs": 12, "balls": 11, "wickets": 1}, "b6e96180": {"runs": 10, "balls": 5, "wickets": 0}, "66ea7420": {"runs": 2, "balls": 2, "wickets": 0}, "c2ed5822": {"runs": 7, "balls": 4, "wickets": 0}, "e3626fb1": {"runs": 4, "balls": 7, "wickets": 0}, "301762cd": {"runs": 3, "balls": 2, "wickets": 0}, "54a0e487": {"runs": 13, "balls": 10, "wickets": 0}, "6b4ce914": {"runs": 3, "balls": 5, "wickets": 1}, "f3ba1bdc": {"runs": 7, "balls": 8, "wickets": 0}, "76860ea3": {"runs": 4, "balls": 4, "wickets": 0}, "1bf2759b": {"runs": 19, "balls": 10, "wickets": 0}, "ca82673d": {"runs": 2, "balls": 2, "wickets": 0}, "15deff66": {"runs": 4, "balls": 6, "wickets": 0}, "cc1e8c68": {"runs": 1, "balls": 1, "wickets": 0}, "e1e7f950": {"runs": 1, "balls": 2, "wickets": 0}, "cd8d2859": {"runs": 1, "balls": 2, "wickets": 0}, "4b31f3a3": {"runs": 1, "balls": 4, "wickets": 1}, "8d6505d3": {"runs": 1, "balls": 3, "wickets": 0}, "99fdf8c9": {"runs": 6, "balls": 7, "wickets": 0}, "d2b99c2d": {"runs": 11, "balls": 5, "wickets": 0}, "52cb36a0": {"runs": 0, "balls": 4, "wickets": 0}, "38f548aa": {"runs": 8, "balls": 2, "wickets": 0}, "10636efb": {"runs": 0, "balls": 1, "wickets": 1}, "d3611425": {"runs": 6, "balls": 7, "wickets": 0}, "5b8c830e": {"runs": 1, "balls": 6, "wickets": 0}, "5fd3f9db": {"runs": 3, "balls": 3, "wickets": 0}, "4d528d92": {"runs": 0, "balls": 1, "wickets": 1}, "cb4f31e2": {"runs": 19, "balls": 7, "wickets": 0}, "5d3d423a": {"runs": 18, "balls": 9, "wickets": 0}, "bf6e03ea": {"runs": 18, "balls": 13, "wickets": 0}, "327c7253": {"runs": 8, "balls": 9, "wickets": 0}, "c206d8dc": {"runs": 18, "balls": 10, "wickets": 0}, "cbf58a86": {"runs": 10, "balls": 4, "wickets": 0}, "7c3b3b78": {"runs": 0, "balls": 1, "wickets": 0}, "7c2e7c17": {"runs": 0, "balls": 5, "wickets": 1}}, "fifties": 0, "thirties": 8, "centuries": 0, "maidens": 0.0, "hattricks": 0, "club_ODI_previous3_runs": [], "club_ODI_previous3_wickets": [], "club_ODI_previous3_balls played": [], "club_ODI_previous3_overs": [], "club_ODI_previous3_runs gave": [], "club_ODI_lifetime_runs": 0.0, "club_ODI_lifetime_wickets": 0.0, "club_ODI_lifetime_balls played": 0.0, "club_ODI_lifetime_overs": 0.0, "club_ODI_lifetime_runs gave": 0.0, "club_Test_previous3_runs": [], "club_Test_previous3_wickets": [], "club_Test_previous3_balls played": [], "club_Test_previous3_overs": [], "club_Test_previous3_runs gave": [], "club_Test_lifetime_runs": 0.0, "club_Test_lifetime_wickets": 0.0, "club_Test_lifetime_balls played": 0.0, "club_Test_lifetime_overs": 0.0, "club_Test_lifetime_runs gave": 0.0, "club_T20_previous3_runs": [3.0, 91.0, 0.0], "club_T20_previous3_wickets": [1.0, 0.0, 0.0], "club_T20_previous3_balls played": [4.0, 53.0, 6.0], "club_T20_previous3_overs": [3.0, 1.0, 0.0], "club_T20_previous3_runs gave": [24.0, 18.0, 0.0], "club_T20_lifetime_runs": 598.0, "club_T20_lifetime_wickets": 11.0, "club_T20_lifetime_balls played": 460.0, "club_T20_lifetime_overs": 62.166666666666664, "club_T20_lifetime_runs gave": 513.0, "international_ODI_previous3_runs": [], "international_ODI_previous3_wickets": [], "international_ODI_previous3_balls played": [], "international_ODI_previous3_overs": [], "international_ODI_previous3_runs gave": [], "international_ODI_lifetime_runs": 0.0, "international_ODI_lifetime_wickets": 0.0, "international_ODI_lifetime_balls played": 0.0, "international_ODI_lifetime_overs": 0.0, "international_ODI_lifetime_runs gave": 0.0, "international_Test_previous3_runs": [], "international_Test_previous3_wickets": [], "international_Test_previous3_balls played": [], "international_Test_previous3_overs": [], "international_Test_previous3_runs gave": [], "international_Test_lifetime_runs": 0.0, "international_Test_lifetime_wickets": 0.0, "international_Test_lifetime_balls played": 0.0, "international_Test_lifetime_overs": 0.0, "international_Test_lifetime_runs gave": 0.0, "international_T20_previous3_runs": [], "international_T20_previous3_wickets": [], "international_T20_previous3_balls played": [], "international_T20_previous3_overs": [], "international_T20_previous3_runs gave": [], "international_T20_lifetime_runs": 0.0, "international_T20_lifetime_wickets": 0.0, "international_T20_lifetime_balls played": 0.0, "international_T20_lifetime_overs": 0.0, "international_T20_lifetime_runs gave": 0.0}