{"played_against": {"88209c84": {"runs": 6, "balls": 5, "wickets": 0}, "f752db61": {"runs": 8, "balls": 8, "wickets": 0}, "7d92277a": {"runs": 10, "balls": 6, "wickets": 0}, "2e11c706": {"runs": 4, "balls": 4, "wickets": 0}, "86b4bf88": {"runs": 4, "balls": 3, "wickets": 0}, "808f425a": {"runs": 4, "balls": 3, "wickets": 0}, "5574750c": {"runs": 1, "balls": 2, "wickets": 0}, "7c503806": {"runs": 0, "balls": 3, "wickets": 1}, "0164b064": {"runs": 12, "balls": 13, "wickets": 3}, "a90e53ec": {"runs": 1, "balls": 4, "wickets": 0}, "6834d1f2": {"runs": 20, "balls": 12, "wickets": 0}, "272fc5ad": {"runs": 13, "balls": 15, "wickets": 1}, "5f547c8b": {"runs": 7, "balls": 5, "wickets": 0}, "bd93fea4": {"runs": 17, "balls": 12, "wickets": 1}, "b410bd3d": {"runs": 2, "balls": 2, "wickets": 0}, "8891669e": {"runs": 2, "balls": 3, "wickets": 1}, "898e628d": {"runs": 2, "balls": 6, "wickets": 0}, "caf69bf7": {"runs": 5, "balls": 11, "wickets": 1}, "38c276e1": {"runs": 21, "balls": 13, "wickets": 1}, "fb66ce1f": {"runs": 5, "balls": 3, "wickets": 0}, "1558d83b": {"runs": 2, "balls": 3, "wickets": 0}, "350bb1b1": {"runs": 10, "balls": 5, "wickets": 0}, "1ee08e9a": {"runs": 4, "balls": 2, "wickets": 0}, "4933f499": {"runs": 3, "balls": 10, "wickets": 2}, "7c7d63a2": {"runs": 3, "balls": 5, "wickets": 0}, "d405c0d5": {"runs": 2, "balls": 4, "wickets": 0}, "a2421394": {"runs": 12, "balls": 10, "wickets": 2}, "8db7f47f": {"runs": 4, "balls": 5, "wickets": 0}, "62af8546": {"runs": 2, "balls": 3, "wickets": 0}, "44afbf2d": {"runs": 0, "balls": 1, "wickets": 1}, "68e26ec9": {"runs": 4, "balls": 9, "wickets": 0}, "b08e58e2": {"runs": 9, "balls": 4, "wickets": 0}, "6f95e5fa": {"runs": 1, "balls": 3, "wickets": 1}, "22ae3041": {"runs": 1, "balls": 2, "wickets": 0}, "055be93a": {"runs": 17, "balls": 11, "wickets": 1}, "218d4d78": {"runs": 24, "balls": 8, "wickets": 0}, "903560ed": {"runs": 9, "balls": 4, "wickets": 0}}, "fifties": 0, "thirties": 3, "centuries": 0, "maidens": 0.0, "hattricks": 0, "club_ODI_previous3_runs": [], "club_ODI_previous3_wickets": [], "club_ODI_previous3_balls played": [], "club_ODI_previous3_overs": [], "club_ODI_previous3_runs gave": [], "club_ODI_lifetime_runs": 0.0, "club_ODI_lifetime_wickets": 0.0, "club_ODI_lifetime_balls played": 0.0, "club_ODI_lifetime_overs": 0.0, "club_ODI_lifetime_runs gave": 0.0, "club_Test_previous3_runs": [], "club_Test_previous3_wickets": [], "club_Test_previous3_balls played": [], "club_Test_previous3_overs": [], "club_Test_previous3_runs gave": [], "club_Test_lifetime_runs": 0.0, "club_Test_lifetime_wickets": 0.0, "club_Test_lifetime_balls played": 0.0, "club_Test_lifetime_overs": 0.0, "club_Test_lifetime_runs gave": 0.0, "club_T20_previous3_runs": [0.0, 1.0, 1.0], "club_T20_previous3_wickets": [0.0, 0.0, 0.0], "club_T20_previous3_balls played": [3.0, 8.0, 4.0], "club_T20_previous3_overs": [0.0, 0.0, 0.0], "club_T20_previous3_runs gave": [0.0, 0.0, 0.0], "club_T20_lifetime_runs": 251.0, "club_T20_lifetime_wickets": 0.0, "club_T20_lifetime_balls played": 222.0, "club_T20_lifetime_overs": 0.0, "club_T20_lifetime_runs gave": 0.0, "international_ODI_previous3_runs": [], "international_ODI_previous3_wickets": [], "international_ODI_previous3_balls played": [], "international_ODI_previous3_overs": [], "international_ODI_previous3_runs gave": [], "international_ODI_lifetime_runs": 0.0, "international_ODI_lifetime_wickets": 0.0, "international_ODI_lifetime_balls played": 0.0, "international_ODI_lifetime_overs": 0.0, "international_ODI_lifetime_runs gave": 0.0, "international_Test_previous3_runs": [], "international_Test_previous3_wickets": [], "international_Test_previous3_balls played": [], "international_Test_previous3_overs": [], "international_Test_previous3_runs gave": [], "international_Test_lifetime_runs": 0.0, "international_Test_lifetime_wickets": 0.0, "international_Test_lifetime_balls played": 0.0, "international_Test_lifetime_overs": 0.0, "international_Test_lifetime_runs gave": 0.0, "international_T20_previous3_runs": [], "international_T20_previous3_wickets": [], "international_T20_previous3_balls played": [], "international_T20_previous3_overs": [], "international_T20_previous3_runs gave": [], "international_T20_lifetime_runs": 0.0, "international_T20_lifetime_wickets": 0.0, "international_T20_lifetime_balls played": 0.0, "international_T20_lifetime_overs": 0.0, "international_T20_lifetime_runs gave": 0.0}