{"played_against": {"24bb1c2f": {"runs": 14, "balls": 19, "wickets": 0}, "80ad39ac": {"runs": 6, "balls": 5, "wickets": 1}, "3086f7a4": {"runs": 2, "balls": 3, "wickets": 0}, "2353b224": {"runs": 7, "balls": 5, "wickets": 0}, "8f6dd463": {"runs": 12, "balls": 4, "wickets": 0}, "a699488a": {"runs": 2, "balls": 3, "wickets": 0}, "0a8fce53": {"runs": 4, "balls": 2, "wickets": 1}, "85e0cf10": {"runs": 7, "balls": 4, "wickets": 0}, "1abb78f8": {"runs": 7, "balls": 3, "wickets": 0}, "f24c6701": {"runs": 5, "balls": 4, "wickets": 0}, "896d78ad": {"runs": 0, "balls": 0, "wickets": 0}, "321be7e3": {"runs": 1, "balls": 2, "wickets": 0}, "dadbdb68": {"runs": 2, "balls": 2, "wickets": 0}, "cb9b8664": {"runs": 3, "balls": 3, "wickets": 0}, "bed90114": {"runs": 7, "balls": 4, "wickets": 1}, "3feda4fa": {"runs": 1, "balls": 1, "wickets": 0}, "fce581b5": {"runs": 3, "balls": 5, "wickets": 1}, "529eb9e0": {"runs": 7, "balls": 2, "wickets": 0}, "b3a28446": {"runs": 2, "balls": 2, "wickets": 0}, "a97c8ec2": {"runs": 4, "balls": 9, "wickets": 0}, "736123bb": {"runs": 7, "balls": 12, "wickets": 0}, "3ee0050f": {"runs": 3, "balls": 6, "wickets": 1}, "4751caa3": {"runs": 4, "balls": 6, "wickets": 0}, "6e3f5a5c": {"runs": 5, "balls": 3, "wickets": 1}, "b8704508": {"runs": 1, "balls": 2, "wickets": 0}, "b0eaaac6": {"runs": 0, "balls": 2, "wickets": 0}, "ee1b6c27": {"runs": 0, "balls": 2, "wickets": 0}, "3ff033bb": {"runs": 1, "balls": 2, "wickets": 0}, "1a3cc554": {"runs": 1, "balls": 1, "wickets": 0}, "e3386c8a": {"runs": 2, "balls": 2, "wickets": 0}, "b410bd3d": {"runs": 0, "balls": 2, "wickets": 1}, "ded9240e": {"runs": 4, "balls": 3, "wickets": 0}, "244048f6": {"runs": 1, "balls": 1, "wickets": 0}, "5b7ab5a9": {"runs": 2, "balls": 3, "wickets": 0}, "b1ad996b": {"runs": 10, "balls": 10, "wickets": 0}, "aad0c365": {"runs": 3, "balls": 4, "wickets": 1}, "df064e1a": {"runs": 1, "balls": 1, "wickets": 0}}, "fifties": 0, "thirties": 1, "centuries": 0, "maidens": 6.0, "hattricks": 8, "club_ODI_previous3_runs": [], "club_ODI_previous3_wickets": [], "club_ODI_previous3_balls played": [], "club_ODI_previous3_overs": [], "club_ODI_previous3_runs gave": [], "club_ODI_lifetime_runs": 0.0, "club_ODI_lifetime_wickets": 0.0, "club_ODI_lifetime_balls played": 0.0, "club_ODI_lifetime_overs": 0.0, "club_ODI_lifetime_runs gave": 0.0, "club_Test_previous3_runs": [], "club_Test_previous3_wickets": [], "club_Test_previous3_balls played": [], "club_Test_previous3_overs": [], "club_Test_previous3_runs gave": [], "club_Test_lifetime_runs": 0.0, "club_Test_lifetime_wickets": 0.0, "club_Test_lifetime_balls played": 0.0, "club_Test_lifetime_overs": 0.0, "club_Test_lifetime_runs gave": 0.0, "club_T20_previous3_runs": [9.0, 0.0, 0.0], "club_T20_previous3_wickets": [3.0, 3.0, 2.0], "club_T20_previous3_balls played": [4.0, 0.0, 0.0], "club_T20_previous3_overs": [4.0, 3.0, 4.0], "club_T20_previous3_runs gave": [49.0, 33.0, 36.0], "club_T20_lifetime_runs": 60.0, "club_T20_lifetime_wickets": 17.0, "club_T20_lifetime_balls played": 51.0, "club_T20_lifetime_overs": 48.83333333333333, "club_T20_lifetime_runs gave": 479.0, "international_ODI_previous3_runs": [0.0, 0.0, 18.0], "international_ODI_previous3_wickets": [3.0, 3.0, 0.0], "international_ODI_previous3_balls played": [0.0, 0.0, 33.0], "international_ODI_previous3_overs": [7.0, 8.0, 10.0], "international_ODI_previous3_runs gave": [14.0, 40.0, 65.0], "international_ODI_lifetime_runs": 50.0, "international_ODI_lifetime_wickets": 11.0, "international_ODI_lifetime_balls played": 57.0, "international_ODI_lifetime_overs": 54.5, "international_ODI_lifetime_runs gave": 310.0, "international_Test_previous3_runs": [], "international_Test_previous3_wickets": [], "international_Test_previous3_balls played": [], "international_Test_previous3_overs": [], "international_Test_previous3_runs gave": [], "international_Test_lifetime_runs": 0.0, "international_Test_lifetime_wickets": 0.0, "international_Test_lifetime_balls played": 0.0, "international_Test_lifetime_overs": 0.0, "international_Test_lifetime_runs gave": 0.0, "international_T20_previous3_runs": [1.0, 8.0, 8.0], "international_T20_previous3_wickets": [2.0, 2.0, 3.0], "international_T20_previous3_balls played": [1.0, 10.0, 8.0], "international_T20_previous3_overs": [4.0, 4.0, 4.0], "international_T20_previous3_runs gave": [32.0, 50.0, 67.0], "international_T20_lifetime_runs": 31.0, "international_T20_lifetime_wickets": 19.0, "international_T20_lifetime_balls played": 38.0, "international_T20_lifetime_overs": 50.0, "international_T20_lifetime_runs gave": 416.0}