{"played_against": {"91a4a398": {"runs": 18, "balls": 16, "wickets": 0}, "bad31fac": {"runs": 16, "balls": 27, "wickets": 2}, "96fd40ae": {"runs": 13, "balls": 14, "wickets": 0}, "27410b17": {"runs": 10, "balls": 10, "wickets": 0}, "bcce309e": {"runs": 9, "balls": 18, "wickets": 1}, "342d8ade": {"runs": 8, "balls": 11, "wickets": 0}, "4ba44e19": {"runs": 13, "balls": 25, "wickets": 0}, "f233bbb4": {"runs": 4, "balls": 12, "wickets": 1}, "34ff9e07": {"runs": 3, "balls": 5, "wickets": 1}, "60beb01b": {"runs": 18, "balls": 23, "wickets": 1}, "b16b5eea": {"runs": 12, "balls": 9, "wickets": 0}, "61dab16a": {"runs": 7, "balls": 11, "wickets": 0}, "0c8a1d51": {"runs": 16, "balls": 16, "wickets": 0}, "bb1819fa": {"runs": 22, "balls": 9, "wickets": 0}, "54279e23": {"runs": 8, "balls": 4, "wickets": 0}, "2cfa6534": {"runs": 7, "balls": 4, "wickets": 0}, "2bb09eb2": {"runs": 1, "balls": 1, "wickets": 0}, "5471024e": {"runs": 10, "balls": 14, "wickets": 1}, "06a9d298": {"runs": 4, "balls": 4, "wickets": 0}, "9cb022df": {"runs": 13, "balls": 7, "wickets": 0}, "fc54ef7a": {"runs": 4, "balls": 3, "wickets": 0}, "80ec5dfd": {"runs": 10, "balls": 12, "wickets": 0}, "348195ea": {"runs": 13, "balls": 26, "wickets": 0}, "6a52f5d3": {"runs": 4, "balls": 6, "wickets": 0}, "556302a7": {"runs": 19, "balls": 17, "wickets": 1}, "37f501d7": {"runs": 8, "balls": 12, "wickets": 0}, "ee7d0c82": {"runs": 15, "balls": 13, "wickets": 0}, "3227beb4": {"runs": 5, "balls": 17, "wickets": 0}, "3cf83487": {"runs": 12, "balls": 11, "wickets": 1}, "8b5b6769": {"runs": 6, "balls": 7, "wickets": 1}, "725529bc": {"runs": 3, "balls": 4, "wickets": 0}, "390ff45b": {"runs": 56, "balls": 38, "wickets": 0}, "10a91f35": {"runs": 19, "balls": 20, "wickets": 0}, "68ddabdb": {"runs": 14, "balls": 16, "wickets": 0}, "16dfcc19": {"runs": 4, "balls": 2, "wickets": 0}, "3b50c63a": {"runs": 5, "balls": 6, "wickets": 0}, "0be1b885": {"runs": 65, "balls": 44, "wickets": 0}, "3d189742": {"runs": 4, "balls": 9, "wickets": 1}, "953e3931": {"runs": 11, "balls": 12, "wickets": 0}, "0c2730df": {"runs": 6, "balls": 17, "wickets": 1}, "abfeb126": {"runs": 17, "balls": 16, "wickets": 0}, "64c34cd0": {"runs": 29, "balls": 45, "wickets": 1}, "9a158001": {"runs": 9, "balls": 15, "wickets": 0}, "20a941bb": {"runs": 62, "balls": 66, "wickets": 0}, "2503e881": {"runs": 30, "balls": 25, "wickets": 0}, "c0790f82": {"runs": 2, "balls": 3, "wickets": 0}, "88fccd6c": {"runs": 62, "balls": 58, "wickets": 1}, "86dc8f2e": {"runs": 25, "balls": 31, "wickets": 0}, "49479e6a": {"runs": 18, "balls": 20, "wickets": 0}, "6a0537aa": {"runs": 71, "balls": 94, "wickets": 1}, "42537f07": {"runs": 20, "balls": 28, "wickets": 0}, "72861603": {"runs": 7, "balls": 10, "wickets": 1}, "db584dad": {"runs": 2, "balls": 4, "wickets": 0}, "36d33dd0": {"runs": 3, "balls": 5, "wickets": 0}, "9de31202": {"runs": 1, "balls": 3, "wickets": 1}, "1cb64b3c": {"runs": 2, "balls": 2, "wickets": 0}, "8d0ea930": {"runs": 24, "balls": 25, "wickets": 1}, "7ff3fcaa": {"runs": 13, "balls": 40, "wickets": 0}, "acc321aa": {"runs": 17, "balls": 16, "wickets": 0}, "e8d7b493": {"runs": 8, "balls": 7, "wickets": 0}, "5e5eab39": {"runs": 15, "balls": 5, "wickets": 1}, "4329fbb5": {"runs": 5, "balls": 4, "wickets": 0}, "dd09ff8e": {"runs": 15, "balls": 17, "wickets": 3}, "f708a0bc": {"runs": 19, "balls": 16, "wickets": 0}, "bd77eb62": {"runs": 38, "balls": 21, "wickets": 0}, "53fe6ee4": {"runs": 14, "balls": 9, "wickets": 0}, "74234d66": {"runs": 4, "balls": 14, "wickets": 1}, "2498e163": {"runs": 12, "balls": 9, "wickets": 0}, "4c61a0f9": {"runs": 6, "balls": 5, "wickets": 0}, "a3bfec5d": {"runs": 12, "balls": 17, "wickets": 0}, "d0513f63": {"runs": 1, "balls": 2, "wickets": 0}, "5bdcdb72": {"runs": 1, "balls": 2, "wickets": 0}, "87e562a9": {"runs": 0, "balls": 6, "wickets": 1}, "a7489342": {"runs": 2, "balls": 3, "wickets": 0}}, "fifties": 2, "thirties": 11, "centuries": 0, "maidens": 18.0, "hattricks": 3, "club_ODI_previous3_runs": [], "club_ODI_previous3_wickets": [], "club_ODI_previous3_balls played": [], "club_ODI_previous3_overs": [], "club_ODI_previous3_runs gave": [], "club_ODI_lifetime_runs": 0.0, "club_ODI_lifetime_wickets": 0.0, "club_ODI_lifetime_balls played": 0.0, "club_ODI_lifetime_overs": 0.0, "club_ODI_lifetime_runs gave": 0.0, "club_Test_previous3_runs": [], "club_Test_previous3_wickets": [], "club_Test_previous3_balls played": [], "club_Test_previous3_overs": [], "club_Test_previous3_runs gave": [], "club_Test_lifetime_runs": 0.0, "club_Test_lifetime_wickets": 0.0, "club_Test_lifetime_balls played": 0.0, "club_Test_lifetime_overs": 0.0, "club_Test_lifetime_runs gave": 0.0, "club_T20_previous3_runs": [], "club_T20_previous3_wickets": [], "club_T20_previous3_balls played": [], "club_T20_previous3_overs": [], "club_T20_previous3_runs gave": [], "club_T20_lifetime_runs": 0.0, "club_T20_lifetime_wickets": 0.0, "club_T20_lifetime_balls played": 0.0, "club_T20_lifetime_overs": 0.0, "club_T20_lifetime_runs gave": 0.0, "international_ODI_previous3_runs": [0.0, 10.0, 2.0], "international_ODI_previous3_wickets": [1.0, 1.0, 1.0], "international_ODI_previous3_balls played": [0.0, 9.0, 6.0], "international_ODI_previous3_overs": [8.0, 8.0, 6.0], "international_ODI_previous3_runs gave": [44.0, 50.0, 28.0], "international_ODI_lifetime_runs": 790.0, "international_ODI_lifetime_wickets": 18.0, "international_ODI_lifetime_balls played": 866.0, "international_ODI_lifetime_overs": 154.0, "international_ODI_lifetime_runs gave": 782.0, "international_Test_previous3_runs": [158.0, 110.0], "international_Test_previous3_wickets": [4.0, 4.0], "international_Test_previous3_balls played": [170.0, 148.0], "international_Test_previous3_overs": [34.5, 26.833333333333332], "international_Test_previous3_runs gave": [117.0, 79.0], "international_Test_lifetime_runs": 268.0, "international_Test_lifetime_wickets": 8.0, "international_Test_lifetime_balls played": 318.0, "international_Test_lifetime_overs": 61.33333333333333, "international_Test_lifetime_runs gave": 196.0, "international_T20_previous3_runs": [1.0, 2.0], "international_T20_previous3_wickets": [1.0, 0.0], "international_T20_previous3_balls played": [4.0, 9.0], "international_T20_previous3_overs": [4.0, 4.0], "international_T20_previous3_runs gave": [28.0, 24.0], "international_T20_lifetime_runs": 3.0, "international_T20_lifetime_wickets": 1.0, "international_T20_lifetime_balls played": 13.0, "international_T20_lifetime_overs": 8.0, "international_T20_lifetime_runs gave": 52.0}