{"played_against": {"bff0535a": {"runs": 0, "balls": 1, "wickets": 1}, "f4b942ae": {"runs": 1, "balls": 1, "wickets": 0}, "44b53fba": {"runs": 7, "balls": 6, "wickets": 1}, "c8ae2573": {"runs": 2, "balls": 2, "wickets": 0}, "9f87d0f0": {"runs": 1, "balls": 8, "wickets": 0}, "77b26349": {"runs": 1, "balls": 3, "wickets": 0}, "6c8904c8": {"runs": 2, "balls": 6, "wickets": 0}, "41721f6b": {"runs": 4, "balls": 6, "wickets": 0}, "e1492aed": {"runs": 1, "balls": 9, "wickets": 0}, "97e6e41a": {"runs": 0, "balls": 8, "wickets": 0}, "dfdaca74": {"runs": 0, "balls": 6, "wickets": 0}, "61c22ad0": {"runs": 0, "balls": 3, "wickets": 0}, "db080f9d": {"runs": 0, "balls": 1, "wickets": 1}, "3af75717": {"runs": 0, "balls": 3, "wickets": 0}, "7467fe01": {"runs": 2, "balls": 6, "wickets": 0}, "4c7744de": {"runs": 1, "balls": 3, "wickets": 0}, "659fc11f": {"runs": 0, "balls": 3, "wickets": 0}, "2d99b12e": {"runs": 5, "balls": 4, "wickets": 0}, "4f1208a8": {"runs": 5, "balls": 6, "wickets": 1}, "a521ba3e": {"runs": 3, "balls": 6, "wickets": 0}, "46030558": {"runs": 1, "balls": 3, "wickets": 0}, "012bd3f6": {"runs": 2, "balls": 1, "wickets": 0}, "74eecff4": {"runs": 1, "balls": 1, "wickets": 0}, "c4022bff": {"runs": 6, "balls": 6, "wickets": 0}, "bf5e7711": {"runs": 8, "balls": 10, "wickets": 0}, "1486e3fd": {"runs": 3, "balls": 5, "wickets": 0}, "34f86a2d": {"runs": 5, "balls": 8, "wickets": 0}, "6348c6e9": {"runs": 5, "balls": 6, "wickets": 0}, "aaccb8ca": {"runs": 5, "balls": 4, "wickets": 0}, "84f831c3": {"runs": 0, "balls": 2, "wickets": 0}, "2b0deff9": {"runs": 1, "balls": 1, "wickets": 0}, "d04fc4a4": {"runs": 0, "balls": 1, "wickets": 0}, "52b57a65": {"runs": 0, "balls": 6, "wickets": 0}, "8c0d904e": {"runs": 1, "balls": 4, "wickets": 0}, "cd12f384": {"runs": 4, "balls": 9, "wickets": 0}, "417bde96": {"runs": 2, "balls": 9, "wickets": 0}, "0c40b02d": {"runs": 6, "balls": 9, "wickets": 1}, "992979fa": {"runs": 0, "balls": 2, "wickets": 0}, "e910d955": {"runs": 0, "balls": 1, "wickets": 0}, "b1c113d7": {"runs": 2, "balls": 4, "wickets": 0}}, "fifties": 0, "thirties": 1, "centuries": 0, "maidens": 0.0, "hattricks": 0, "club_ODI_previous3_runs": [], "club_ODI_previous3_wickets": [], "club_ODI_previous3_balls played": [], "club_ODI_previous3_overs": [], "club_ODI_previous3_runs gave": [], "club_ODI_lifetime_runs": 0.0, "club_ODI_lifetime_wickets": 0.0, "club_ODI_lifetime_balls played": 0.0, "club_ODI_lifetime_overs": 0.0, "club_ODI_lifetime_runs gave": 0.0, "club_Test_previous3_runs": [], "club_Test_previous3_wickets": [], "club_Test_previous3_balls played": [], "club_Test_previous3_overs": [], "club_Test_previous3_runs gave": [], "club_Test_lifetime_runs": 0.0, "club_Test_lifetime_wickets": 0.0, "club_Test_lifetime_balls played": 0.0, "club_Test_lifetime_overs": 0.0, "club_Test_lifetime_runs gave": 0.0, "club_T20_previous3_runs": [], "club_T20_previous3_wickets": [], "club_T20_previous3_balls played": [], "club_T20_previous3_overs": [], "club_T20_previous3_runs gave": [], "club_T20_lifetime_runs": 0.0, "club_T20_lifetime_wickets": 0.0, "club_T20_lifetime_balls played": 0.0, "club_T20_lifetime_overs": 0.0, "club_T20_lifetime_runs gave": 0.0, "international_ODI_previous3_runs": [], "international_ODI_previous3_wickets": [], "international_ODI_previous3_balls played": [], "international_ODI_previous3_overs": [], "international_ODI_previous3_runs gave": [], "international_ODI_lifetime_runs": 0.0, "international_ODI_lifetime_wickets": 0.0, "international_ODI_lifetime_balls played": 0.0, "international_ODI_lifetime_overs": 0.0, "international_ODI_lifetime_runs gave": 0.0, "international_Test_previous3_runs": [], "international_Test_previous3_wickets": [], "international_Test_previous3_balls played": [], "international_Test_previous3_overs": [], "international_Test_previous3_runs gave": [], "international_Test_lifetime_runs": 0.0, "international_Test_lifetime_wickets": 0.0, "international_Test_lifetime_balls played": 0.0, "international_Test_lifetime_overs": 0.0, "international_Test_lifetime_runs gave": 0.0, "international_T20_previous3_runs": [7.0, 0.0, 7.0], "international_T20_previous3_wickets": [0.0, 0.0, 0.0], "international_T20_previous3_balls played": [22.0, 1.0, 11.0], "international_T20_previous3_overs": [0.0, 0.0, 0.0], "international_T20_previous3_runs gave": [0.0, 0.0, 0.0], "international_T20_lifetime_runs": 87.0, "international_T20_lifetime_wickets": 0.0, "international_T20_lifetime_balls played": 186.0, "international_T20_lifetime_overs": 0.0, "international_T20_lifetime_runs gave": 0.0}