{"played_against": {"6d981899": {"runs": 4, "balls": 2, "wickets": 0}, "52cb36a0": {"runs": 0, "balls": 2, "wickets": 1}, "7549ecb0": {"runs": 12, "balls": 3, "wickets": 0}, "c32087fc": {"runs": 11, "balls": 6, "wickets": 0}, "9170ff49": {"runs": 22, "balls": 10, "wickets": 0}, "a9272860": {"runs": 13, "balls": 9, "wickets": 0}, "94ed3e4b": {"runs": 7, "balls": 4, "wickets": 0}, "f55016e8": {"runs": 6, "balls": 5, "wickets": 1}}, "fifties": 0, "thirties": 1, "centuries": 0, "maidens": 0.0, "hattricks": 0, "club_ODI_previous3_runs": [], "club_ODI_previous3_wickets": [], "club_ODI_previous3_balls played": [], "club_ODI_previous3_overs": [], "club_ODI_previous3_runs gave": [], "club_ODI_lifetime_runs": 0.0, "club_ODI_lifetime_wickets": 0.0, "club_ODI_lifetime_balls played": 0.0, "club_ODI_lifetime_overs": 0.0, "club_ODI_lifetime_runs gave": 0.0, "club_Test_previous3_runs": [], "club_Test_previous3_wickets": [], "club_Test_previous3_balls played": [], "club_Test_previous3_overs": [], "club_Test_previous3_runs gave": [], "club_Test_lifetime_runs": 0.0, "club_Test_lifetime_wickets": 0.0, "club_Test_lifetime_balls played": 0.0, "club_Test_lifetime_overs": 0.0, "club_Test_lifetime_runs gave": 0.0, "club_T20_previous3_runs": [4.0, 71.0], "club_T20_previous3_wickets": [0.0, 0.0], "club_T20_previous3_balls played": [4.0, 37.0], "club_T20_previous3_overs": [1.0, 0.0], "club_T20_previous3_runs gave": [4.0, 0.0], "club_T20_lifetime_runs": 75.0, "club_T20_lifetime_wickets": 0.0, "club_T20_lifetime_balls played": 41.0, "club_T20_lifetime_overs": 1.0, "club_T20_lifetime_runs gave": 4.0, "international_ODI_previous3_runs": [], "international_ODI_previous3_wickets": [], "international_ODI_previous3_balls played": [], "international_ODI_previous3_overs": [], "international_ODI_previous3_runs gave": [], "international_ODI_lifetime_runs": 0.0, "international_ODI_lifetime_wickets": 0.0, "international_ODI_lifetime_balls played": 0.0, "international_ODI_lifetime_overs": 0.0, "international_ODI_lifetime_runs gave": 0.0, "international_Test_previous3_runs": [], "international_Test_previous3_wickets": [], "international_Test_previous3_balls played": [], "international_Test_previous3_overs": [], "international_Test_previous3_runs gave": [], "international_Test_lifetime_runs": 0.0, "international_Test_lifetime_wickets": 0.0, "international_Test_lifetime_balls played": 0.0, "international_Test_lifetime_overs": 0.0, "international_Test_lifetime_runs gave": 0.0, "international_T20_previous3_runs": [], "international_T20_previous3_wickets": [], "international_T20_previous3_balls played": [], "international_T20_previous3_overs": [], "international_T20_previous3_runs gave": [], "international_T20_lifetime_runs": 0.0, "international_T20_lifetime_wickets": 0.0, "international_T20_lifetime_balls played": 0.0, "international_T20_lifetime_overs": 0.0, "international_T20_lifetime_runs gave": 0.0}