{"played_against": {"39f0b039": {"runs": 4, "balls": 7, "wickets": 0}, "b75b7b09": {"runs": 14, "balls": 14, "wickets": 0}, "658c2e71": {"runs": 2, "balls": 2, "wickets": 0}, "eff8b730": {"runs": 16, "balls": 10, "wickets": 1}, "9960a421": {"runs": 1, "balls": 1, "wickets": 0}, "8534e758": {"runs": 0, "balls": 3, "wickets": 1}, "f8c72766": {"runs": 1, "balls": 2, "wickets": 0}, "bb9b51f4": {"runs": 1, "balls": 2, "wickets": 1}, "352e589f": {"runs": 6, "balls": 7, "wickets": 2}, "cfcf189f": {"runs": 1, "balls": 1, "wickets": 0}, "a77472dc": {"runs": 10, "balls": 8, "wickets": 0}, "7be8a0ed": {"runs": 1, "balls": 1, "wickets": 0}, "1f41b702": {"runs": 1, "balls": 4, "wickets": 0}, "aeab0d4f": {"runs": 20, "balls": 7, "wickets": 0}, "7f74b21d": {"runs": 1, "balls": 5, "wickets": 0}, "c471750e": {"runs": 11, "balls": 5, "wickets": 0}, "dfcdb11e": {"runs": 3, "balls": 2, "wickets": 0}, "c573d173": {"runs": 12, "balls": 6, "wickets": 0}, "f801d963": {"runs": 20, "balls": 5, "wickets": 0}, "0ac067e8": {"runs": 4, "balls": 3, "wickets": 0}, "609d6c7c": {"runs": 3, "balls": 3, "wickets": 0}, "395695ce": {"runs": 2, "balls": 3, "wickets": 0}, "46a7ac78": {"runs": 31, "balls": 11, "wickets": 0}, "7fa6bd8e": {"runs": 8, "balls": 22, "wickets": 0}, "2af28253": {"runs": 10, "balls": 10, "wickets": 0}, "49118dc7": {"runs": 15, "balls": 14, "wickets": 2}, "c07a1f41": {"runs": 7, "balls": 2, "wickets": 0}, "0be6b3d6": {"runs": 5, "balls": 3, "wickets": 1}, "dec8e038": {"runs": 0, "balls": 1, "wickets": 0}, "449f4e3c": {"runs": 0, "balls": 1, "wickets": 0}, "414d8a10": {"runs": 1, "balls": 2, "wickets": 0}, "87e33d07": {"runs": 0, "balls": 1, "wickets": 1}, "1a9e9efe": {"runs": 12, "balls": 8, "wickets": 0}, "5680f1ad": {"runs": 5, "balls": 7, "wickets": 0}, "ff6a7ab5": {"runs": 5, "balls": 7, "wickets": 1}, "e85d03d6": {"runs": 2, "balls": 5, "wickets": 0}, "27b8d7b6": {"runs": 6, "balls": 5, "wickets": 0}, "c26cd57a": {"runs": 11, "balls": 8, "wickets": 0}, "95a5e066": {"runs": 4, "balls": 4, "wickets": 0}, "c6e10e5c": {"runs": 3, "balls": 4, "wickets": 0}, "f7d267f7": {"runs": 10, "balls": 6, "wickets": 0}, "5ec41cd7": {"runs": 14, "balls": 6, "wickets": 0}, "b0eaaac6": {"runs": 6, "balls": 4, "wickets": 1}, "c8a3f688": {"runs": 2, "balls": 4, "wickets": 0}, "b91f2a31": {"runs": 11, "balls": 10, "wickets": 0}, "84dc72db": {"runs": 10, "balls": 8, "wickets": 1}, "f43dd8c2": {"runs": 0, "balls": 1, "wickets": 0}, "1252f71a": {"runs": 1, "balls": 2, "wickets": 1}, "0e56c514": {"runs": 4, "balls": 2, "wickets": 1}, "fc55ec67": {"runs": 0, "balls": 2, "wickets": 0}, "9061a703": {"runs": 0, "balls": 1, "wickets": 1}, "007113d7": {"runs": 1, "balls": 2, "wickets": 0}, "8de618ab": {"runs": 1, "balls": 2, "wickets": 0}, "5902f2eb": {"runs": 3, "balls": 3, "wickets": 0}, "b0f2d3bd": {"runs": 1, "balls": 2, "wickets": 1}, "7ee25c46": {"runs": 2, "balls": 1, "wickets": 0}, "5b616bf0": {"runs": 7, "balls": 5, "wickets": 1}, "3ed4e2ad": {"runs": 2, "balls": 2, "wickets": 0}, "498aacac": {"runs": 1, "balls": 2, "wickets": 0}, "d4f2a7b0": {"runs": 19, "balls": 8, "wickets": 0}, "28b99edd": {"runs": 9, "balls": 3, "wickets": 0}, "e23da78c": {"runs": 9, "balls": 5, "wickets": 0}, "c4ab9b94": {"runs": 3, "balls": 2, "wickets": 0}, "443d1fd8": {"runs": 1, "balls": 3, "wickets": 1}, "cf0b9a0d": {"runs": 2, "balls": 2, "wickets": 0}, "6978bff0": {"runs": 9, "balls": 5, "wickets": 0}, "b3e9555a": {"runs": 7, "balls": 2, "wickets": 0}, "5c57229d": {"runs": 5, "balls": 3, "wickets": 0}, "b67af1c4": {"runs": 7, "balls": 3, "wickets": 0}, "df3947f4": {"runs": 6, "balls": 3, "wickets": 0}, "6e991bd4": {"runs": 4, "balls": 5, "wickets": 1}, "ecdd8d60": {"runs": 0, "balls": 5, "wickets": 0}, "b25a3800": {"runs": 7, "balls": 8, "wickets": 0}, "20481563": {"runs": 1, "balls": 4, "wickets": 0}, "f310704c": {"runs": 10, "balls": 4, "wickets": 0}, "ff13b10c": {"runs": 1, "balls": 2, "wickets": 0}}, "fifties": 0, "thirties": 5, "centuries": 0, "maidens": 6.0, "hattricks": 3, "club_ODI_previous3_runs": [], "club_ODI_previous3_wickets": [], "club_ODI_previous3_balls played": [], "club_ODI_previous3_overs": [], "club_ODI_previous3_runs gave": [], "club_ODI_lifetime_runs": 0.0, "club_ODI_lifetime_wickets": 0.0, "club_ODI_lifetime_balls played": 0.0, "club_ODI_lifetime_overs": 0.0, "club_ODI_lifetime_runs gave": 0.0, "club_Test_previous3_runs": [], "club_Test_previous3_wickets": [], "club_Test_previous3_balls played": [], "club_Test_previous3_overs": [], "club_Test_previous3_runs gave": [], "club_Test_lifetime_runs": 0.0, "club_Test_lifetime_wickets": 0.0, "club_Test_lifetime_balls played": 0.0, "club_Test_lifetime_overs": 0.0, "club_Test_lifetime_runs gave": 0.0, "club_T20_previous3_runs": [], "club_T20_previous3_wickets": [], "club_T20_previous3_balls played": [], "club_T20_previous3_overs": [], "club_T20_previous3_runs gave": [], "club_T20_lifetime_runs": 0.0, "club_T20_lifetime_wickets": 0.0, "club_T20_lifetime_balls played": 0.0, "club_T20_lifetime_overs": 0.0, "club_T20_lifetime_runs gave": 0.0, "international_ODI_previous3_runs": [0.0, 19.0, 0.0], "international_ODI_previous3_wickets": [2.0, 2.0, 1.0], "international_ODI_previous3_balls played": [0.0, 23.0, 0.0], "international_ODI_previous3_overs": [8.0, 6.0, 6.0], "international_ODI_previous3_runs gave": [25.0, 30.0, 39.0], "international_ODI_lifetime_runs": 215.0, "international_ODI_lifetime_wickets": 24.0, "international_ODI_lifetime_balls played": 189.0, "international_ODI_lifetime_overs": 123.16666666666666, "international_ODI_lifetime_runs gave": 607.0, "international_Test_previous3_runs": [], "international_Test_previous3_wickets": [], "international_Test_previous3_balls played": [], "international_Test_previous3_overs": [], "international_Test_previous3_runs gave": [], "international_Test_lifetime_runs": 0.0, "international_Test_lifetime_wickets": 0.0, "international_Test_lifetime_balls played": 0.0, "international_Test_lifetime_overs": 0.0, "international_Test_lifetime_runs gave": 0.0, "international_T20_previous3_runs": [13.0, 23.0, 0.0], "international_T20_previous3_wickets": [1.0, 0.0, 2.0], "international_T20_previous3_balls played": [10.0, 12.0, 0.0], "international_T20_previous3_overs": [2.0, 2.0, 3.0], "international_T20_previous3_runs gave": [10.0, 22.0, 20.0], "international_T20_lifetime_runs": 220.0, "international_T20_lifetime_wickets": 33.0, "international_T20_lifetime_balls played": 170.0, "international_T20_lifetime_overs": 96.66666666666666, "international_T20_lifetime_runs gave": 702.0}