{"played_against": {"fb66ce1f": {"runs": 19, "balls": 14, "wickets": 0}, "a316d663": {"runs": 9, "balls": 5, "wickets": 1}, "ca322fd6": {"runs": 3, "balls": 5, "wickets": 1}, "b56dc5f7": {"runs": 8, "balls": 7, "wickets": 0}, "cfe70281": {"runs": 8, "balls": 7, "wickets": 0}, "86dc8f2e": {"runs": 6, "balls": 2, "wickets": 0}, "dec8e038": {"runs": 7, "balls": 4, "wickets": 0}, "ffa15667": {"runs": 0, "balls": 2, "wickets": 0}, "5f419ace": {"runs": 9, "balls": 9, "wickets": 0}, "bbd41817": {"runs": 11, "balls": 7, "wickets": 1}, "97b0e4ff": {"runs": 6, "balls": 9, "wickets": 2}, "9d50c7e1": {"runs": 4, "balls": 11, "wickets": 0}, "647a48da": {"runs": 1, "balls": 3, "wickets": 1}, "aa8d28ae": {"runs": 12, "balls": 7, "wickets": 0}, "c03c6200": {"runs": 7, "balls": 4, "wickets": 0}, "462d7c62": {"runs": 9, "balls": 6, "wickets": 0}, "a03bba42": {"runs": 13, "balls": 14, "wickets": 0}, "1cb14aa4": {"runs": 3, "balls": 7, "wickets": 2}, "3fb19989": {"runs": 39, "balls": 47, "wickets": 6}, "03806cf8": {"runs": 22, "balls": 58, "wickets": 3}, "96a6a7ad": {"runs": 114, "balls": 104, "wickets": 3}, "3d8feaf8": {"runs": 11, "balls": 16, "wickets": 0}, "864c199e": {"runs": 2, "balls": 3, "wickets": 0}, "30a45b23": {"runs": 2, "balls": 3, "wickets": 0}, "f048bb41": {"runs": 1, "balls": 3, "wickets": 0}, "8361e524": {"runs": 14, "balls": 8, "wickets": 0}, "1e182ae2": {"runs": 8, "balls": 4, "wickets": 0}, "1d105638": {"runs": 1, "balls": 3, "wickets": 1}, "2f28dc94": {"runs": 20, "balls": 28, "wickets": 1}, "4751caa3": {"runs": 31, "balls": 27, "wickets": 0}, "d2fcce2f": {"runs": 10, "balls": 19, "wickets": 0}, "896d78ad": {"runs": 5, "balls": 7, "wickets": 0}, "2af838ee": {"runs": 6, "balls": 6, "wickets": 0}, "a818c1be": {"runs": 4, "balls": 8, "wickets": 1}, "f5821615": {"runs": 1, "balls": 1, "wickets": 0}, "78adc879": {"runs": 16, "balls": 17, "wickets": 2}, "9219eff0": {"runs": 3, "balls": 4, "wickets": 0}, "13c35c9e": {"runs": 13, "balls": 12, "wickets": 0}, "e84ac20c": {"runs": 12, "balls": 37, "wickets": 0}, "e4a0deae": {"runs": 9, "balls": 23, "wickets": 0}, "d12143bf": {"runs": 43, "balls": 76, "wickets": 2}, "bb351c23": {"runs": 45, "balls": 61, "wickets": 2}, "4a461c24": {"runs": 6, "balls": 10, "wickets": 0}, "8d92a2c3": {"runs": 11, "balls": 26, "wickets": 0}, "e087956b": {"runs": 15, "balls": 32, "wickets": 2}, "6c6aca89": {"runs": 20, "balls": 20, "wickets": 0}, "de0a3209": {"runs": 5, "balls": 6, "wickets": 0}, "c58b0108": {"runs": 49, "balls": 29, "wickets": 0}, "e62dd25d": {"runs": 13, "balls": 15, "wickets": 2}, "9df3a2f4": {"runs": 20, "balls": 7, "wickets": 0}, "5bb5a915": {"runs": 8, "balls": 12, "wickets": 2}, "9f0270e0": {"runs": 1, "balls": 2, "wickets": 0}, "49691d7a": {"runs": 4, "balls": 3, "wickets": 1}, "2e81a32d": {"runs": 11, "balls": 15, "wickets": 2}, "495d42a5": {"runs": 48, "balls": 94, "wickets": 2}, "8cf9814c": {"runs": 56, "balls": 113, "wickets": 1}, "dbe50b21": {"runs": 15, "balls": 18, "wickets": 0}, "462411b3": {"runs": 28, "balls": 80, "wickets": 5}, "5bb1a1c4": {"runs": 19, "balls": 32, "wickets": 1}, "ded9240e": {"runs": 24, "balls": 33, "wickets": 1}, "81d06fb5": {"runs": 2, "balls": 5, "wickets": 0}, "5531248e": {"runs": 11, "balls": 15, "wickets": 1}, "5b16a806": {"runs": 2, "balls": 8, "wickets": 2}, "0f12f9df": {"runs": 7, "balls": 8, "wickets": 1}, "3a60e0b5": {"runs": 16, "balls": 13, "wickets": 1}, "3987e390": {"runs": 5, "balls": 17, "wickets": 0}, "59559bc2": {"runs": 0, "balls": 1, "wickets": 1}, "e9987a94": {"runs": 17, "balls": 20, "wickets": 0}, "a4b810d0": {"runs": 1, "balls": 4, "wickets": 0}, "58043739": {"runs": 24, "balls": 14, "wickets": 0}, "a37b5c0a": {"runs": 23, "balls": 22, "wickets": 1}, "8bf61e65": {"runs": 16, "balls": 12, "wickets": 1}, "f892fcf9": {"runs": 1, "balls": 2, "wickets": 1}, "9868bc75": {"runs": 1, "balls": 2, "wickets": 0}, "7f8ecc51": {"runs": 1, "balls": 8, "wickets": 0}, "11614d87": {"runs": 1, "balls": 4, "wickets": 0}, "23638956": {"runs": 68, "balls": 53, "wickets": 0}, "2a2e6343": {"runs": 6, "balls": 2, "wickets": 1}, "a0936692": {"runs": 4, "balls": 3, "wickets": 0}, "26d041c4": {"runs": 6, "balls": 3, "wickets": 0}, "2911de16": {"runs": 22, "balls": 30, "wickets": 2}, "45a7e761": {"runs": 1, "balls": 19, "wickets": 2}, "8012d0b8": {"runs": 3, "balls": 14, "wickets": 1}, "b54b66b3": {"runs": 18, "balls": 18, "wickets": 0}, "1d048deb": {"runs": 5, "balls": 2, "wickets": 0}, "5eef2118": {"runs": 28, "balls": 40, "wickets": 3}, "7d608e12": {"runs": 5, "balls": 10, "wickets": 0}, "7bc29ffb": {"runs": 0, "balls": 1, "wickets": 0}, "c96f6ac5": {"runs": 15, "balls": 9, "wickets": 1}, "9a2fc964": {"runs": 4, "balls": 6, "wickets": 0}, "54c2b697": {"runs": 9, "balls": 4, "wickets": 0}, "a1d95bd8": {"runs": 18, "balls": 9, "wickets": 0}, "e94915e6": {"runs": 28, "balls": 33, "wickets": 2}, "5b6d248a": {"runs": 26, "balls": 24, "wickets": 0}, "bd93fea4": {"runs": 15, "balls": 28, "wickets": 1}, "eab74985": {"runs": 3, "balls": 5, "wickets": 0}, "ad46c747": {"runs": 40, "balls": 51, "wickets": 1}, "dddc811c": {"runs": 22, "balls": 25, "wickets": 0}, "782fb776": {"runs": 27, "balls": 26, "wickets": 1}, "d68e7f48": {"runs": 2, "balls": 4, "wickets": 0}, "c5cc48bc": {"runs": 4, "balls": 4, "wickets": 0}, "9789e56e": {"runs": 3, "balls": 3, "wickets": 0}, "d48c0f40": {"runs": 0, "balls": 8, "wickets": 0}, "e423d162": {"runs": 13, "balls": 14, "wickets": 1}, "3d0ed2f9": {"runs": 11, "balls": 8, "wickets": 0}, "71440756": {"runs": 18, "balls": 9, "wickets": 1}, "d3868bd0": {"runs": 0, "balls": 3, "wickets": 0}, "05c2ca46": {"runs": 6, "balls": 8, "wickets": 1}, "fe93fd9d": {"runs": 47, "balls": 82, "wickets": 1}, "cc1e8c68": {"runs": 9, "balls": 28, "wickets": 1}, "740742ef": {"runs": 2, "balls": 4, "wickets": 0}, "b3118300": {"runs": 2, "balls": 3, "wickets": 0}, "5574750c": {"runs": 12, "balls": 18, "wickets": 2}, "eba6a852": {"runs": 22, "balls": 61, "wickets": 3}, "a343262c": {"runs": 37, "balls": 50, "wickets": 0}, "a97c8ec2": {"runs": 13, "balls": 24, "wickets": 0}, "5d1e7582": {"runs": 23, "balls": 27, "wickets": 0}, "3ff033bb": {"runs": 3, "balls": 12, "wickets": 0}, "400e2d4d": {"runs": 16, "balls": 19, "wickets": 0}, "de3d549a": {"runs": 0, "balls": 6, "wickets": 1}, "54c58a5e": {"runs": 0, "balls": 9, "wickets": 0}, "f2800ef3": {"runs": 2, "balls": 8, "wickets": 1}, "1062bebb": {"runs": 1, "balls": 1, "wickets": 0}, "24bb1c2f": {"runs": 1, "balls": 2, "wickets": 0}, "0f721006": {"runs": 9, "balls": 28, "wickets": 1}, "c4d9634c": {"runs": 0, "balls": 6, "wickets": 1}, "78eb4223": {"runs": 4, "balls": 14, "wickets": 0}, "d9609443": {"runs": 4, "balls": 14, "wickets": 0}, "ded9ff1e": {"runs": 5, "balls": 16, "wickets": 2}, "3feda4fa": {"runs": 2, "balls": 16, "wickets": 1}, "e957b38f": {"runs": 0, "balls": 1, "wickets": 0}, "c9945bdf": {"runs": 2, "balls": 4, "wickets": 0}, "bd0a4a7d": {"runs": 2, "balls": 2, "wickets": 0}, "fc55ec67": {"runs": 4, "balls": 6, "wickets": 1}, "9061a703": {"runs": 9, "balls": 5, "wickets": 0}, "327b58d3": {"runs": 0, "balls": 1, "wickets": 0}, "f24c6701": {"runs": 14, "balls": 15, "wickets": 1}, "0dbe27b8": {"runs": 9, "balls": 8, "wickets": 0}, "3a7ea906": {"runs": 6, "balls": 7, "wickets": 0}, "c042b412": {"runs": 4, "balls": 2, "wickets": 0}, "1abb78f8": {"runs": 19, "balls": 20, "wickets": 0}, "2f49c897": {"runs": 4, "balls": 12, "wickets": 1}, "85e0cf10": {"runs": 8, "balls": 7, "wickets": 0}, "68c56d09": {"runs": 0, "balls": 3, "wickets": 2}, "0a8fce53": {"runs": 14, "balls": 24, "wickets": 0}, "bf1d7d3e": {"runs": 7, "balls": 3, "wickets": 0}, "ef18b66e": {"runs": 7, "balls": 12, "wickets": 0}, "7dc35884": {"runs": 3, "balls": 12, "wickets": 0}, "bb34fd31": {"runs": 11, "balls": 7, "wickets": 0}, "5dbdecf1": {"runs": 25, "balls": 25, "wickets": 0}, "cb5100f1": {"runs": 30, "balls": 53, "wickets": 1}, "9d1d34bd": {"runs": 28, "balls": 37, "wickets": 1}, "f986ca1a": {"runs": 11, "balls": 10, "wickets": 1}, "eef2536f": {"runs": 19, "balls": 23, "wickets": 3}, "249d60c9": {"runs": 8, "balls": 12, "wickets": 1}, "402f8494": {"runs": 1, "balls": 1, "wickets": 0}, "ffe699c0": {"runs": 4, "balls": 7, "wickets": 1}, "894b2d25": {"runs": 6, "balls": 12, "wickets": 0}, "0f3ee070": {"runs": 13, "balls": 17, "wickets": 1}, "2e171977": {"runs": 10, "balls": 17, "wickets": 0}, "23eeb873": {"runs": 7, "balls": 4, "wickets": 0}, "244048f6": {"runs": 21, "balls": 15, "wickets": 1}, "fc4375ef": {"runs": 20, "balls": 16, "wickets": 1}, "d167edd3": {"runs": 1, "balls": 2, "wickets": 0}, "eaa76d3c": {"runs": 0, "balls": 1, "wickets": 0}, "a2421394": {"runs": 5, "balls": 16, "wickets": 0}, "12b610c2": {"runs": 11, "balls": 13, "wickets": 0}, "fbfea9c2": {"runs": 5, "balls": 3, "wickets": 1}, "f834dcfc": {"runs": 2, "balls": 3, "wickets": 0}, "f277f531": {"runs": 10, "balls": 4, "wickets": 0}, "7dfb8890": {"runs": 2, "balls": 5, "wickets": 0}, "acdc62f5": {"runs": 1, "balls": 5, "wickets": 1}, "28d6c44d": {"runs": 1, "balls": 1, "wickets": 0}, "f0a0204e": {"runs": 9, "balls": 7, "wickets": 0}, "42172c3c": {"runs": 1, "balls": 1, "wickets": 0}, "73c18486": {"runs": 7, "balls": 11, "wickets": 1}, "b0946605": {"runs": 4, "balls": 11, "wickets": 1}, "d7725664": {"runs": 0, "balls": 5, "wickets": 0}, "1a2676c5": {"runs": 2, "balls": 6, "wickets": 1}, "9eb1455b": {"runs": 7, "balls": 3, "wickets": 0}, "14f96089": {"runs": 1, "balls": 3, "wickets": 1}, "4557dc54": {"runs": 6, "balls": 5, "wickets": 0}, "70d57519": {"runs": 1, "balls": 1, "wickets": 0}, "6dd8b88c": {"runs": 1, "balls": 8, "wickets": 0}, "9e9af5f2": {"runs": 2, "balls": 7, "wickets": 0}, "3086f7a4": {"runs": 4, "balls": 1, "wickets": 0}, "8d2c70ad": {"runs": 2, "balls": 9, "wickets": 1}, "f19ccfad": {"runs": 4, "balls": 7, "wickets": 0}, "2cffab74": {"runs": 5, "balls": 10, "wickets": 1}, "6b9eb501": {"runs": 5, "balls": 6, "wickets": 0}, "3f659464": {"runs": 1, "balls": 2, "wickets": 0}, "7cb2d9d2": {"runs": 0, "balls": 2, "wickets": 1}, "81c36ee9": {"runs": 0, "balls": 3, "wickets": 2}, "2e9fdf9b": {"runs": 1, "balls": 1, "wickets": 0}, "31803fac": {"runs": 1, "balls": 4, "wickets": 0}, "80ad39ac": {"runs": 0, "balls": 2, "wickets": 2}, "547c5509": {"runs": 1, "balls": 1, "wickets": 0}, "6ed11905": {"runs": 3, "balls": 3, "wickets": 0}, "465aa633": {"runs": 2, "balls": 2, "wickets": 0}, "5935d694": {"runs": 3, "balls": 3, "wickets": 0}, "cc23e91e": {"runs": 0, "balls": 1, "wickets": 1}, "97290faf": {"runs": 0, "balls": 2, "wickets": 1}, "3f1066d0": {"runs": 2, "balls": 3, "wickets": 0}, "45a62071": {"runs": 6, "balls": 7, "wickets": 0}, "4d7f517e": {"runs": 7, "balls": 5, "wickets": 0}, "9d430b40": {"runs": 0, "balls": 2, "wickets": 1}, "a61bcb94": {"runs": 1, "balls": 4, "wickets": 0}, "efc04be7": {"runs": 2, "balls": 5, "wickets": 0}, "4ef73fb3": {"runs": 3, "balls": 8, "wickets": 1}, "97bdec3d": {"runs": 0, "balls": 2, "wickets": 1}, "94cdf850": {"runs": 5, "balls": 5, "wickets": 1}, "be8b147b": {"runs": 2, "balls": 2, "wickets": 0}}, "fifties": 1, "thirties": 20, "centuries": 0, "maidens": 429.0, "hattricks": 32, "club_ODI_previous3_runs": [], "club_ODI_previous3_wickets": [], "club_ODI_previous3_balls played": [], "club_ODI_previous3_overs": [], "club_ODI_previous3_runs gave": [], "club_ODI_lifetime_runs": 0.0, "club_ODI_lifetime_wickets": 0.0, "club_ODI_lifetime_balls played": 0.0, "club_ODI_lifetime_overs": 0.0, "club_ODI_lifetime_runs gave": 0.0, "club_Test_previous3_runs": [72.0, 42.0, 4.0], "club_Test_previous3_wickets": [6.0, 6.0, 5.0], "club_Test_previous3_balls played": [81.0, 39.0, 7.0], "club_Test_previous3_overs": [60.16666666666667, 44.83333333333333, 58.83333333333333], "club_Test_previous3_runs gave": [132.0, 149.0, 197.0], "club_Test_lifetime_runs": 305.0, "club_Test_lifetime_wickets": 34.0, "club_Test_lifetime_balls played": 324.0, "club_Test_lifetime_overs": 367.49999999999994, "club_Test_lifetime_runs gave": 1057.0, "club_T20_previous3_runs": [1.0, 2.0, 7.0], "club_T20_previous3_wickets": [1.0, 0.0, 0.0], "club_T20_previous3_balls played": [6.0, 4.0, 7.0], "club_T20_previous3_overs": [3.0, 4.0, 4.0], "club_T20_previous3_runs gave": [48.0, 34.0, 27.0], "club_T20_lifetime_runs": 382.0, "club_T20_lifetime_wickets": 69.0, "club_T20_lifetime_balls played": 383.0, "club_T20_lifetime_overs": 361.66666666666663, "club_T20_lifetime_runs gave": 2548.0, "international_ODI_previous3_runs": [4.0, 0.0, 14.0], "international_ODI_previous3_wickets": [0.0, 1.0, 1.0], "international_ODI_previous3_balls played": [7.0, 0.0, 27.0], "international_ODI_previous3_overs": [3.0, 10.0, 10.0], "international_ODI_previous3_runs gave": [19.0, 51.0, 37.0], "international_ODI_lifetime_runs": 238.0, "international_ODI_lifetime_wickets": 45.0, "international_ODI_lifetime_balls played": 284.0, "international_ODI_lifetime_overs": 359.0, "international_ODI_lifetime_runs gave": 1673.0, "international_Test_previous3_runs": [0.0, 0.0, 0.0], "international_Test_previous3_wickets": [1.0, 2.0, 7.0], "international_Test_previous3_balls played": [4.0, 1.0, 0.0], "international_Test_previous3_overs": [17.0, 53.16666666666667, 32.833333333333336], "international_Test_previous3_runs gave": [45.0, 139.0, 119.0], "international_Test_lifetime_runs": 1135.0, "international_Test_lifetime_wickets": 134.0, "international_Test_lifetime_balls played": 1875.0, "international_Test_lifetime_overs": 1761.0, "international_Test_lifetime_runs gave": 5623.0, "international_T20_previous3_runs": [5.0, 0.0, 0.0], "international_T20_previous3_wickets": [1.0, 0.0, 0.0], "international_T20_previous3_balls played": [9.0, 0.0, 0.0], "international_T20_previous3_overs": [4.0, 4.0, 4.0], "international_T20_previous3_runs gave": [34.0, 25.0, 36.0], "international_T20_lifetime_runs": 97.0, "international_T20_lifetime_wickets": 28.0, "international_T20_lifetime_balls played": 106.0, "international_T20_lifetime_overs": 129.83333333333331, "international_T20_lifetime_runs gave": 943.0}