{"played_against": {"3cfbddce": {"runs": 13, "balls": 40, "wickets": 1}, "ed840f44": {"runs": 25, "balls": 36, "wickets": 0}, "3b770527": {"runs": 19, "balls": 39, "wickets": 1}, "2ea9b32c": {"runs": 6, "balls": 22, "wickets": 0}, "98dfe425": {"runs": 4, "balls": 11, "wickets": 0}, "b287e7b1": {"runs": 25, "balls": 37, "wickets": 0}, "2967df25": {"runs": 3, "balls": 2, "wickets": 0}, "ce057756": {"runs": 10, "balls": 6, "wickets": 1}, "d4f0c300": {"runs": 3, "balls": 10, "wickets": 0}, "dc596fac": {"runs": 5, "balls": 3, "wickets": 0}, "06deb88a": {"runs": 7, "balls": 5, "wickets": 0}, "1b61a9fa": {"runs": 7, "balls": 6, "wickets": 0}, "b4f38f95": {"runs": 10, "balls": 10, "wickets": 0}, "ecbbebf1": {"runs": 5, "balls": 9, "wickets": 0}, "3fd72108": {"runs": 5, "balls": 5, "wickets": 0}, "0475a86b": {"runs": 43, "balls": 44, "wickets": 0}, "4ed7d23f": {"runs": 9, "balls": 15, "wickets": 0}, "17608a6f": {"runs": 40, "balls": 36, "wickets": 3}, "fe731c62": {"runs": 12, "balls": 11, "wickets": 0}, "72166006": {"runs": 15, "balls": 19, "wickets": 0}, "a5f488bc": {"runs": 22, "balls": 25, "wickets": 2}, "2b150c6b": {"runs": 4, "balls": 5, "wickets": 0}, "4eebb3e5": {"runs": 4, "balls": 8, "wickets": 0}, "99c86133": {"runs": 0, "balls": 7, "wickets": 0}, "2dc78362": {"runs": 2, "balls": 5, "wickets": 0}, "f61e2829": {"runs": 4, "balls": 5, "wickets": 0}, "a92763ea": {"runs": 14, "balls": 19, "wickets": 0}, "66078174": {"runs": 2, "balls": 13, "wickets": 1}, "de69af96": {"runs": 8, "balls": 18, "wickets": 2}, "60471339": {"runs": 2, "balls": 4, "wickets": 0}, "9b73d523": {"runs": 1, "balls": 2, "wickets": 0}, "b55fb828": {"runs": 1, "balls": 1, "wickets": 0}, "ac56b5a7": {"runs": 3, "balls": 5, "wickets": 1}, "52d3b7ff": {"runs": 2, "balls": 2, "wickets": 0}, "a61850e6": {"runs": 6, "balls": 4, "wickets": 0}, "6d76bc23": {"runs": 5, "balls": 13, "wickets": 1}, "8c5775f3": {"runs": 4, "balls": 5, "wickets": 0}, "108c4c09": {"runs": 4, "balls": 7, "wickets": 0}, "fa8f9dc3": {"runs": 5, "balls": 10, "wickets": 0}, "bec997fc": {"runs": 10, "balls": 9, "wickets": 0}, "df04fc4f": {"runs": 1, "balls": 2, "wickets": 0}, "72b7ed1e": {"runs": 8, "balls": 4, "wickets": 0}, "2e0b6638": {"runs": 1, "balls": 1, "wickets": 0}, "b5341b28": {"runs": 14, "balls": 14, "wickets": 0}, "a4f1fdd4": {"runs": 7, "balls": 27, "wickets": 0}, "36dfa62e": {"runs": 11, "balls": 18, "wickets": 1}, "2beae660": {"runs": 19, "balls": 36, "wickets": 0}, "94b52754": {"runs": 1, "balls": 1, "wickets": 0}, "f281dd00": {"runs": 11, "balls": 18, "wickets": 0}, "a0fdf513": {"runs": 3, "balls": 6, "wickets": 0}, "5838cb64": {"runs": 1, "balls": 7, "wickets": 0}, "5463cb7a": {"runs": 8, "balls": 15, "wickets": 1}, "47fb8d80": {"runs": 1, "balls": 1, "wickets": 0}, "9c4b58db": {"runs": 8, "balls": 24, "wickets": 1}, "8b6c33d0": {"runs": 4, "balls": 5, "wickets": 0}, "58acb320": {"runs": 20, "balls": 48, "wickets": 0}, "4b15618c": {"runs": 28, "balls": 34, "wickets": 0}, "e1aa1469": {"runs": 41, "balls": 26, "wickets": 0}, "f6ddfe08": {"runs": 21, "balls": 16, "wickets": 1}, "752183c1": {"runs": 5, "balls": 9, "wickets": 2}, "c736a96b": {"runs": 8, "balls": 12, "wickets": 0}, "c981d3c2": {"runs": 4, "balls": 32, "wickets": 0}, "2904b4b6": {"runs": 11, "balls": 17, "wickets": 0}, "63e3b6b3": {"runs": 6, "balls": 10, "wickets": 1}, "6a434bd3": {"runs": 0, "balls": 2, "wickets": 0}, "99812d10": {"runs": 14, "balls": 14, "wickets": 0}, "f3a18a0c": {"runs": 4, "balls": 5, "wickets": 1}, "0816fb1e": {"runs": 0, "balls": 3, "wickets": 0}, "040f11e8": {"runs": 1, "balls": 3, "wickets": 0}, "4f58d65d": {"runs": 16, "balls": 12, "wickets": 0}, "99e23670": {"runs": 9, "balls": 12, "wickets": 0}, "f0b4e47d": {"runs": 1, "balls": 5, "wickets": 0}, "be150fc8": {"runs": 6, "balls": 6, "wickets": 0}, "d693012d": {"runs": 8, "balls": 9, "wickets": 0}, "201fef33": {"runs": 17, "balls": 30, "wickets": 2}, "53cd8da6": {"runs": 6, "balls": 6, "wickets": 0}, "6c3aef71": {"runs": 8, "balls": 11, "wickets": 1}, "7673c908": {"runs": 7, "balls": 8, "wickets": 0}, "7239a365": {"runs": 1, "balls": 2, "wickets": 0}, "2f9a6bd1": {"runs": 22, "balls": 23, "wickets": 0}, "c29ada99": {"runs": 13, "balls": 13, "wickets": 0}, "75820733": {"runs": 9, "balls": 12, "wickets": 0}, "d32cf49a": {"runs": 17, "balls": 28, "wickets": 1}, "42d9dd09": {"runs": 29, "balls": 29, "wickets": 0}, "77851c2d": {"runs": 4, "balls": 11, "wickets": 0}, "321c980e": {"runs": 22, "balls": 20, "wickets": 0}, "639000b6": {"runs": 21, "balls": 15, "wickets": 0}, "92cf79a8": {"runs": 17, "balls": 11, "wickets": 1}, "8e7be59c": {"runs": 12, "balls": 10, "wickets": 0}, "7027d12f": {"runs": 8, "balls": 8, "wickets": 0}, "d5fa2ab3": {"runs": 14, "balls": 13, "wickets": 0}, "bba7558e": {"runs": 9, "balls": 6, "wickets": 0}, "a0a65375": {"runs": 15, "balls": 13, "wickets": 1}, "45c2db15": {"runs": 4, "balls": 4, "wickets": 0}, "35230fa3": {"runs": 2, "balls": 2, "wickets": 0}, "993d93ec": {"runs": 12, "balls": 11, "wickets": 0}, "6d48df01": {"runs": 3, "balls": 1, "wickets": 0}, "c6a019f5": {"runs": 13, "balls": 9, "wickets": 0}, "47b32a5a": {"runs": 11, "balls": 12, "wickets": 0}, "9a58f2c8": {"runs": 9, "balls": 9, "wickets": 0}, "037f2b86": {"runs": 0, "balls": 2, "wickets": 1}, "cebc1351": {"runs": 5, "balls": 2, "wickets": 0}, "df70c3f2": {"runs": 7, "balls": 5, "wickets": 0}, "2daa8e40": {"runs": 1, "balls": 5, "wickets": 0}, "8ce69204": {"runs": 9, "balls": 8, "wickets": 0}, "83cde44d": {"runs": 0, "balls": 2, "wickets": 1}, "dff806f4": {"runs": 21, "balls": 20, "wickets": 1}, "4d4605e6": {"runs": 33, "balls": 40, "wickets": 0}, "06f988b8": {"runs": 2, "balls": 2, "wickets": 0}, "ef70a34b": {"runs": 4, "balls": 5, "wickets": 0}, "b125ce63": {"runs": 22, "balls": 20, "wickets": 0}, "3cd107a7": {"runs": 6, "balls": 8, "wickets": 0}, "bc969efb": {"runs": 20, "balls": 19, "wickets": 2}, "78bec461": {"runs": 16, "balls": 14, "wickets": 0}, "dd883071": {"runs": 13, "balls": 18, "wickets": 0}, "9c515112": {"runs": 2, "balls": 4, "wickets": 0}, "50b558d2": {"runs": 3, "balls": 6, "wickets": 1}, "f57d5dbb": {"runs": 19, "balls": 14, "wickets": 1}, "d7b754d4": {"runs": 1, "balls": 2, "wickets": 0}, "eacd9bb1": {"runs": 14, "balls": 12, "wickets": 0}, "2ec8a400": {"runs": 12, "balls": 6, "wickets": 0}, "be50addf": {"runs": 7, "balls": 4, "wickets": 0}, "abe30ff7": {"runs": 7, "balls": 7, "wickets": 0}, "83558266": {"runs": 24, "balls": 20, "wickets": 0}, "c35a0b8a": {"runs": 11, "balls": 11, "wickets": 0}, "61c22ad0": {"runs": 1, "balls": 1, "wickets": 0}, "7467fe01": {"runs": 0, "balls": 2, "wickets": 0}, "0d518f89": {"runs": 0, "balls": 2, "wickets": 1}, "997fffbe": {"runs": 1, "balls": 1, "wickets": 0}, "9af58032": {"runs": 2, "balls": 2, "wickets": 0}, "275dff85": {"runs": 3, "balls": 4, "wickets": 0}, "507acf2e": {"runs": 1, "balls": 3, "wickets": 2}, "53bee17f": {"runs": 9, "balls": 9, "wickets": 0}, "47bcaf7a": {"runs": 9, "balls": 11, "wickets": 0}, "2e81be88": {"runs": 5, "balls": 5, "wickets": 0}, "9b3bcca4": {"runs": 12, "balls": 14, "wickets": 1}, "36453b99": {"runs": 4, "balls": 6, "wickets": 0}, "cdb82f1c": {"runs": 16, "balls": 45, "wickets": 0}, "5f377534": {"runs": 4, "balls": 3, "wickets": 0}, "27fa592f": {"runs": 5, "balls": 7, "wickets": 1}, "b8cce99f": {"runs": 0, "balls": 1, "wickets": 1}, "795ff893": {"runs": 6, "balls": 5, "wickets": 0}, "ea9c54de": {"runs": 1, "balls": 5, "wickets": 1}, "33946d69": {"runs": 3, "balls": 2, "wickets": 0}, "8ae7bb3e": {"runs": 1, "balls": 1, "wickets": 0}, "8d1ade08": {"runs": 12, "balls": 10, "wickets": 0}, "38b4583c": {"runs": 2, "balls": 11, "wickets": 0}, "1ade138e": {"runs": 4, "balls": 16, "wickets": 1}, "31adb911": {"runs": 2, "balls": 6, "wickets": 0}, "816af623": {"runs": 1, "balls": 1, "wickets": 0}, "d7ff1adc": {"runs": 2, "balls": 2, "wickets": 0}, "c2ac0db5": {"runs": 4, "balls": 5, "wickets": 0}, "b34e0c77": {"runs": 3, "balls": 3, "wickets": 0}, "af8c3a85": {"runs": 18, "balls": 9, "wickets": 0}, "c4c374d9": {"runs": 18, "balls": 27, "wickets": 0}, "8026ea72": {"runs": 7, "balls": 15, "wickets": 0}, "237ec05b": {"runs": 4, "balls": 24, "wickets": 1}, "7298db76": {"runs": 3, "balls": 2, "wickets": 0}, "be592751": {"runs": 8, "balls": 12, "wickets": 0}, "ea544967": {"runs": 26, "balls": 19, "wickets": 0}, "ccaa3434": {"runs": 10, "balls": 5, "wickets": 0}, "ce85fcaf": {"runs": 3, "balls": 4, "wickets": 0}, "686362af": {"runs": 11, "balls": 14, "wickets": 0}, "340202b0": {"runs": 1, "balls": 2, "wickets": 0}, "cd2ad878": {"runs": 1, "balls": 2, "wickets": 0}, "d71e33bb": {"runs": 4, "balls": 4, "wickets": 1}, "910dd54e": {"runs": 1, "balls": 1, "wickets": 0}}, "fifties": 0, "thirties": 20, "centuries": 0, "maidens": 37.0, "hattricks": 11, "club_ODI_previous3_runs": [], "club_ODI_previous3_wickets": [], "club_ODI_previous3_balls played": [], "club_ODI_previous3_overs": [], "club_ODI_previous3_runs gave": [], "club_ODI_lifetime_runs": 0.0, "club_ODI_lifetime_wickets": 0.0, "club_ODI_lifetime_balls played": 0.0, "club_ODI_lifetime_overs": 0.0, "club_ODI_lifetime_runs gave": 0.0, "club_Test_previous3_runs": [], "club_Test_previous3_wickets": [], "club_Test_previous3_balls played": [], "club_Test_previous3_overs": [], "club_Test_previous3_runs gave": [], "club_Test_lifetime_runs": 0.0, "club_Test_lifetime_wickets": 0.0, "club_Test_lifetime_balls played": 0.0, "club_Test_lifetime_overs": 0.0, "club_Test_lifetime_runs gave": 0.0, "club_T20_previous3_runs": [0.0, 1.0, 5.0], "club_T20_previous3_wickets": [2.0, 1.0, 0.0], "club_T20_previous3_balls played": [0.0, 1.0, 6.0], "club_T20_previous3_overs": [3.0, 2.0, 4.0], "club_T20_previous3_runs gave": [21.0, 9.0, 25.0], "club_T20_lifetime_runs": 462.0, "club_T20_lifetime_wickets": 73.0, "club_T20_lifetime_balls played": 482.0, "club_T20_lifetime_overs": 319.83333333333337, "club_T20_lifetime_runs gave": 2140.0, "international_ODI_previous3_runs": [3.0, 0.0, 0.0], "international_ODI_previous3_wickets": [3.0, 2.0, 3.0], "international_ODI_previous3_balls played": [4.0, 0.0, 0.0], "international_ODI_previous3_overs": [5.5, 7.0, 7.0], "international_ODI_previous3_runs gave": [15.0, 26.0, 11.0], "international_ODI_lifetime_runs": 297.0, "international_ODI_lifetime_wickets": 29.0, "international_ODI_lifetime_balls played": 508.0, "international_ODI_lifetime_overs": 171.83333333333334, "international_ODI_lifetime_runs gave": 688.0, "international_Test_previous3_runs": [22.0, 32.0, 49.0], "international_Test_previous3_wickets": [1.0, 3.0, 2.0], "international_Test_previous3_balls played": [76.0, 79.0, 44.0], "international_Test_previous3_overs": [32.0, 18.666666666666668, 23.833333333333336], "international_Test_previous3_runs gave": [96.0, 85.0, 72.0], "international_Test_lifetime_runs": 103.0, "international_Test_lifetime_wickets": 6.0, "international_Test_lifetime_balls played": 199.0, "international_Test_lifetime_overs": 74.5, "international_Test_lifetime_runs gave": 253.0, "international_T20_previous3_runs": [2.0, 0.0, 0.0], "international_T20_previous3_wickets": [2.0, 1.0, 0.0], "international_T20_previous3_balls played": [4.0, 0.0, 0.0], "international_T20_previous3_overs": [4.0, 4.0, 4.0], "international_T20_previous3_runs gave": [24.0, 27.0, 31.0], "international_T20_lifetime_runs": 600.0, "international_T20_lifetime_wickets": 27.0, "international_T20_lifetime_balls played": 704.0, "international_T20_lifetime_overs": 121.83333333333334, "international_T20_lifetime_runs gave": 755.0}