{"played_against": {"1bb0993e": {"runs": 1, "balls": 1, "wickets": 0}, "bbd41817": {"runs": 0, "balls": 1, "wickets": 0}, "f7e9a562": {"runs": 1, "balls": 1, "wickets": 0}, "4948a447": {"runs": 0, "balls": 1, "wickets": 1}, "21b97584": {"runs": 5, "balls": 2, "wickets": 0}, "bb34fd31": {"runs": 0, "balls": 1, "wickets": 0}, "607ed7c2": {"runs": 0, "balls": 1, "wickets": 0}, "0a8fce53": {"runs": 0, "balls": 1, "wickets": 0}, "267be846": {"runs": 1, "balls": 2, "wickets": 0}, "0f12f9df": {"runs": 1, "balls": 1, "wickets": 0}, "fce581b5": {"runs": 0, "balls": 1, "wickets": 0}, "2911de16": {"runs": 10, "balls": 5, "wickets": 0}, "a699488a": {"runs": 3, "balls": 2, "wickets": 0}, "b3118300": {"runs": 0, "balls": 1, "wickets": 1}, "9dad0f2e": {"runs": 0, "balls": 2, "wickets": 0}}, "fifties": 0, "thirties": 0, "centuries": 0, "maidens": 1.0, "hattricks": 5, "club_ODI_previous3_runs": [], "club_ODI_previous3_wickets": [], "club_ODI_previous3_balls played": [], "club_ODI_previous3_overs": [], "club_ODI_previous3_runs gave": [], "club_ODI_lifetime_runs": 0.0, "club_ODI_lifetime_wickets": 0.0, "club_ODI_lifetime_balls played": 0.0, "club_ODI_lifetime_overs": 0.0, "club_ODI_lifetime_runs gave": 0.0, "club_Test_previous3_runs": [], "club_Test_previous3_wickets": [], "club_Test_previous3_balls played": [], "club_Test_previous3_overs": [], "club_Test_previous3_runs gave": [], "club_Test_lifetime_runs": 0.0, "club_Test_lifetime_wickets": 0.0, "club_Test_lifetime_balls played": 0.0, "club_Test_lifetime_overs": 0.0, "club_Test_lifetime_runs gave": 0.0, "club_T20_previous3_runs": [0.0, 0.0, 0.0], "club_T20_previous3_wickets": [0.0, 0.0, 0.0], "club_T20_previous3_balls played": [0.0, 0.0, 0.0], "club_T20_previous3_overs": [3.0, 3.0, 3.0], "club_T20_previous3_runs gave": [33.0, 17.0, 32.0], "club_T20_lifetime_runs": 22.0, "club_T20_lifetime_wickets": 36.0, "club_T20_lifetime_balls played": 24.0, "club_T20_lifetime_overs": 99.16666666666666, "club_T20_lifetime_runs gave": 894.0, "international_ODI_previous3_runs": [], "international_ODI_previous3_wickets": [], "international_ODI_previous3_balls played": [], "international_ODI_previous3_overs": [], "international_ODI_previous3_runs gave": [], "international_ODI_lifetime_runs": 0.0, "international_ODI_lifetime_wickets": 0.0, "international_ODI_lifetime_balls played": 0.0, "international_ODI_lifetime_overs": 0.0, "international_ODI_lifetime_runs gave": 0.0, "international_Test_previous3_runs": [], "international_Test_previous3_wickets": [], "international_Test_previous3_balls played": [], "international_Test_previous3_overs": [], "international_Test_previous3_runs gave": [], "international_Test_lifetime_runs": 0.0, "international_Test_lifetime_wickets": 0.0, "international_Test_lifetime_balls played": 0.0, "international_Test_lifetime_overs": 0.0, "international_Test_lifetime_runs gave": 0.0, "international_T20_previous3_runs": [], "international_T20_previous3_wickets": [], "international_T20_previous3_balls played": [], "international_T20_previous3_overs": [], "international_T20_previous3_runs gave": [], "international_T20_lifetime_runs": 0.0, "international_T20_lifetime_wickets": 0.0, "international_T20_lifetime_balls played": 0.0, "international_T20_lifetime_overs": 0.0, "international_T20_lifetime_runs gave": 0.0}