{"played_against": {"1ade138e": {"runs": 0, "balls": 3, "wickets": 1}, "32497ecd": {"runs": 2, "balls": 6, "wickets": 0}, "b34e0c77": {"runs": 3, "balls": 4, "wickets": 0}, "cdb82f1c": {"runs": 2, "balls": 2, "wickets": 0}, "321c980e": {"runs": 9, "balls": 12, "wickets": 0}, "a49985e6": {"runs": 2, "balls": 2, "wickets": 0}, "c29ada99": {"runs": 2, "balls": 3, "wickets": 0}, "75820733": {"runs": 6, "balls": 4, "wickets": 0}, "2f9a6bd1": {"runs": 4, "balls": 2, "wickets": 0}, "d32cf49a": {"runs": 1, "balls": 2, "wickets": 0}, "42d9dd09": {"runs": 3, "balls": 4, "wickets": 0}, "4b0e3049": {"runs": 12, "balls": 5, "wickets": 0}, "38b4583c": {"runs": 1, "balls": 4, "wickets": 1}}, "fifties": 0, "thirties": 0, "centuries": 0, "maidens": 1.0, "hattricks": 0, "club_ODI_previous3_runs": [], "club_ODI_previous3_wickets": [], "club_ODI_previous3_balls played": [], "club_ODI_previous3_overs": [], "club_ODI_previous3_runs gave": [], "club_ODI_lifetime_runs": 0.0, "club_ODI_lifetime_wickets": 0.0, "club_ODI_lifetime_balls played": 0.0, "club_ODI_lifetime_overs": 0.0, "club_ODI_lifetime_runs gave": 0.0, "club_Test_previous3_runs": [], "club_Test_previous3_wickets": [], "club_Test_previous3_balls played": [], "club_Test_previous3_overs": [], "club_Test_previous3_runs gave": [], "club_Test_lifetime_runs": 0.0, "club_Test_lifetime_wickets": 0.0, "club_Test_lifetime_balls played": 0.0, "club_Test_lifetime_overs": 0.0, "club_Test_lifetime_runs gave": 0.0, "club_T20_previous3_runs": [], "club_T20_previous3_wickets": [], "club_T20_previous3_balls played": [], "club_T20_previous3_overs": [], "club_T20_previous3_runs gave": [], "club_T20_lifetime_runs": 0.0, "club_T20_lifetime_wickets": 0.0, "club_T20_lifetime_balls played": 0.0, "club_T20_lifetime_overs": 0.0, "club_T20_lifetime_runs gave": 0.0, "international_ODI_previous3_runs": [0.0, 6.0, 19.0], "international_ODI_previous3_wickets": [2.0, 0.0, 0.0], "international_ODI_previous3_balls played": [3.0, 11.0, 21.0], "international_ODI_previous3_overs": [10.0, 4.0, 4.0], "international_ODI_previous3_runs gave": [61.0, 46.0, 17.0], "international_ODI_lifetime_runs": 25.0, "international_ODI_lifetime_wickets": 2.0, "international_ODI_lifetime_balls played": 35.0, "international_ODI_lifetime_overs": 18.0, "international_ODI_lifetime_runs gave": 124.0, "international_Test_previous3_runs": [], "international_Test_previous3_wickets": [], "international_Test_previous3_balls played": [], "international_Test_previous3_overs": [], "international_Test_previous3_runs gave": [], "international_Test_lifetime_runs": 0.0, "international_Test_lifetime_wickets": 0.0, "international_Test_lifetime_balls played": 0.0, "international_Test_lifetime_overs": 0.0, "international_Test_lifetime_runs gave": 0.0, "international_T20_previous3_runs": [0.0, 16.0, 2.0], "international_T20_previous3_wickets": [1.0, 0.0, 0.0], "international_T20_previous3_balls played": [0.0, 11.0, 5.0], "international_T20_previous3_overs": [4.0, 4.0, 3.0], "international_T20_previous3_runs gave": [21.0, 22.0, 29.0], "international_T20_lifetime_runs": 22.0, "international_T20_lifetime_wickets": 2.0, "international_T20_lifetime_balls played": 18.0, "international_T20_lifetime_overs": 28.166666666666664, "international_T20_lifetime_runs gave": 195.0}