{"played_against": {"88fccd6c": {"runs": 1, "balls": 3, "wickets": 1}, "bcce309e": {"runs": 8, "balls": 17, "wickets": 1}, "6cc006ef": {"runs": 13, "balls": 17, "wickets": 1}, "2cfa6534": {"runs": 21, "balls": 27, "wickets": 0}, "bb1819fa": {"runs": 2, "balls": 18, "wickets": 0}, "7ff3fcaa": {"runs": 2, "balls": 2, "wickets": 0}, "0c8a1d51": {"runs": 7, "balls": 11, "wickets": 1}, "dd09ff8e": {"runs": 0, "balls": 1, "wickets": 1}, "37f501d7": {"runs": 8, "balls": 17, "wickets": 0}, "80ec5dfd": {"runs": 5, "balls": 4, "wickets": 0}, "7fe5deb8": {"runs": 5, "balls": 14, "wickets": 1}, "717e803a": {"runs": 4, "balls": 5, "wickets": 0}, "68ddabdb": {"runs": 0, "balls": 1, "wickets": 1}, "8b5b6769": {"runs": 3, "balls": 6, "wickets": 0}, "fa463154": {"runs": 1, "balls": 5, "wickets": 0}, "725529bc": {"runs": 10, "balls": 17, "wickets": 0}, "1c914163": {"runs": 8, "balls": 14, "wickets": 0}, "8ba8195d": {"runs": 18, "balls": 30, "wickets": 0}, "0dc00542": {"runs": 0, "balls": 9, "wickets": 1}, "64c34cd0": {"runs": 1, "balls": 4, "wickets": 0}, "e186f49c": {"runs": 1, "balls": 4, "wickets": 1}, "7dc35884": {"runs": 0, "balls": 4, "wickets": 0}}, "fifties": 0, "thirties": 2, "centuries": 0, "maidens": 0.0, "hattricks": 0, "club_ODI_previous3_runs": [], "club_ODI_previous3_wickets": [], "club_ODI_previous3_balls played": [], "club_ODI_previous3_overs": [], "club_ODI_previous3_runs gave": [], "club_ODI_lifetime_runs": 0.0, "club_ODI_lifetime_wickets": 0.0, "club_ODI_lifetime_balls played": 0.0, "club_ODI_lifetime_overs": 0.0, "club_ODI_lifetime_runs gave": 0.0, "club_Test_previous3_runs": [], "club_Test_previous3_wickets": [], "club_Test_previous3_balls played": [], "club_Test_previous3_overs": [], "club_Test_previous3_runs gave": [], "club_Test_lifetime_runs": 0.0, "club_Test_lifetime_wickets": 0.0, "club_Test_lifetime_balls played": 0.0, "club_Test_lifetime_overs": 0.0, "club_Test_lifetime_runs gave": 0.0, "club_T20_previous3_runs": [], "club_T20_previous3_wickets": [], "club_T20_previous3_balls played": [], "club_T20_previous3_overs": [], "club_T20_previous3_runs gave": [], "club_T20_lifetime_runs": 0.0, "club_T20_lifetime_wickets": 0.0, "club_T20_lifetime_balls played": 0.0, "club_T20_lifetime_overs": 0.0, "club_T20_lifetime_runs gave": 0.0, "international_ODI_previous3_runs": [40.0, 1.0, 1.0], "international_ODI_previous3_wickets": [0.0, 0.0, 0.0], "international_ODI_previous3_balls played": [75.0, 14.0, 8.0], "international_ODI_previous3_overs": [3.0, 0.0, 0.0], "international_ODI_previous3_runs gave": [21.0, 0.0, 0.0], "international_ODI_lifetime_runs": 118.0, "international_ODI_lifetime_wickets": 0.0, "international_ODI_lifetime_balls played": 236.0, "international_ODI_lifetime_overs": 3.0, "international_ODI_lifetime_runs gave": 21.0, "international_Test_previous3_runs": [], "international_Test_previous3_wickets": [], "international_Test_previous3_balls played": [], "international_Test_previous3_overs": [], "international_Test_previous3_runs gave": [], "international_Test_lifetime_runs": 0.0, "international_Test_lifetime_wickets": 0.0, "international_Test_lifetime_balls played": 0.0, "international_Test_lifetime_overs": 0.0, "international_Test_lifetime_runs gave": 0.0, "international_T20_previous3_runs": [], "international_T20_previous3_wickets": [], "international_T20_previous3_balls played": [], "international_T20_previous3_overs": [], "international_T20_previous3_runs gave": [], "international_T20_lifetime_runs": 0.0, "international_T20_lifetime_wickets": 0.0, "international_T20_lifetime_balls played": 0.0, "international_T20_lifetime_overs": 0.0, "international_T20_lifetime_runs gave": 0.0}