{"played_against": {"e6b3c3cc": {"runs": 1, "balls": 5, "wickets": 0}, "adbf0400": {"runs": 18, "balls": 32, "wickets": 1}, "8f3c6b8a": {"runs": 7, "balls": 13, "wickets": 0}, "f5715b48": {"runs": 7, "balls": 6, "wickets": 0}, "d2d15439": {"runs": 11, "balls": 20, "wickets": 1}, "5eb51b97": {"runs": 2, "balls": 3, "wickets": 0}, "05c2ca46": {"runs": 13, "balls": 19, "wickets": 1}, "ff1ec94d": {"runs": 4, "balls": 5, "wickets": 0}, "395179e8": {"runs": 2, "balls": 5, "wickets": 0}, "2eece016": {"runs": 1, "balls": 6, "wickets": 0}, "e734d090": {"runs": 16, "balls": 15, "wickets": 0}, "d99cc23a": {"runs": 23, "balls": 11, "wickets": 0}, "4557dc54": {"runs": 5, "balls": 3, "wickets": 0}, "803dbf1d": {"runs": 9, "balls": 6, "wickets": 0}, "fc4375ef": {"runs": 2, "balls": 3, "wickets": 0}}, "fifties": 0, "thirties": 1, "centuries": 0, "maidens": 0.0, "hattricks": 0, "club_ODI_previous3_runs": [], "club_ODI_previous3_wickets": [], "club_ODI_previous3_balls played": [], "club_ODI_previous3_overs": [], "club_ODI_previous3_runs gave": [], "club_ODI_lifetime_runs": 0.0, "club_ODI_lifetime_wickets": 0.0, "club_ODI_lifetime_balls played": 0.0, "club_ODI_lifetime_overs": 0.0, "club_ODI_lifetime_runs gave": 0.0, "club_Test_previous3_runs": [], "club_Test_previous3_wickets": [], "club_Test_previous3_balls played": [], "club_Test_previous3_overs": [], "club_Test_previous3_runs gave": [], "club_Test_lifetime_runs": 0.0, "club_Test_lifetime_wickets": 0.0, "club_Test_lifetime_balls played": 0.0, "club_Test_lifetime_overs": 0.0, "club_Test_lifetime_runs gave": 0.0, "club_T20_previous3_runs": [], "club_T20_previous3_wickets": [], "club_T20_previous3_balls played": [], "club_T20_previous3_overs": [], "club_T20_previous3_runs gave": [], "club_T20_lifetime_runs": 0.0, "club_T20_lifetime_wickets": 0.0, "club_T20_lifetime_balls played": 0.0, "club_T20_lifetime_overs": 0.0, "club_T20_lifetime_runs gave": 0.0, "international_ODI_previous3_runs": [8.0, 20.0, 2.0], "international_ODI_previous3_wickets": [0.0, 0.0, 0.0], "international_ODI_previous3_balls played": [12.0, 34.0, 8.0], "international_ODI_previous3_overs": [0.0, 0.0, 0.0], "international_ODI_previous3_runs gave": [0.0, 0.0, 0.0], "international_ODI_lifetime_runs": 58.0, "international_ODI_lifetime_wickets": 0.0, "international_ODI_lifetime_balls played": 105.0, "international_ODI_lifetime_overs": 0.0, "international_ODI_lifetime_runs gave": 0.0, "international_Test_previous3_runs": [], "international_Test_previous3_wickets": [], "international_Test_previous3_balls played": [], "international_Test_previous3_overs": [], "international_Test_previous3_runs gave": [], "international_Test_lifetime_runs": 0.0, "international_Test_lifetime_wickets": 0.0, "international_Test_lifetime_balls played": 0.0, "international_Test_lifetime_overs": 0.0, "international_Test_lifetime_runs gave": 0.0, "international_T20_previous3_runs": [1.0, 62.0], "international_T20_previous3_wickets": [0.0, 0.0], "international_T20_previous3_balls played": [5.0, 42.0], "international_T20_previous3_overs": [0.0, 0.0], "international_T20_previous3_runs gave": [0.0, 0.0], "international_T20_lifetime_runs": 63.0, "international_T20_lifetime_wickets": 0.0, "international_T20_lifetime_balls played": 47.0, "international_T20_lifetime_overs": 0.0, "international_T20_lifetime_runs gave": 0.0}