{"played_against": {"959b455d": {"runs": 6, "balls": 9, "wickets": 0}, "2cc557f8": {"runs": 10, "balls": 9, "wickets": 0}, "1eb2b096": {"runs": 27, "balls": 21, "wickets": 0}, "5a8ab04a": {"runs": 29, "balls": 20, "wickets": 0}, "c53e6827": {"runs": 2, "balls": 3, "wickets": 1}, "2f22325f": {"runs": 14, "balls": 12, "wickets": 0}, "08df0bd3": {"runs": 10, "balls": 5, "wickets": 0}, "a96b36af": {"runs": 7, "balls": 4, "wickets": 0}, "6047e007": {"runs": 9, "balls": 4, "wickets": 0}, "b7f70e36": {"runs": 8, "balls": 8, "wickets": 0}, "18ae55e4": {"runs": 10, "balls": 4, "wickets": 1}, "990f1424": {"runs": 19, "balls": 9, "wickets": 0}, "b84e3254": {"runs": 11, "balls": 10, "wickets": 1}, "d613f5e1": {"runs": 1, "balls": 3, "wickets": 0}, "496f436d": {"runs": 3, "balls": 5, "wickets": 1}, "5d939369": {"runs": 0, "balls": 1, "wickets": 0}, "e93b6c95": {"runs": 5, "balls": 3, "wickets": 0}, "dd016f9d": {"runs": 3, "balls": 8, "wickets": 0}}, "fifties": 0, "thirties": 2, "centuries": 0, "maidens": 4.0, "hattricks": 1, "club_ODI_previous3_runs": [], "club_ODI_previous3_wickets": [], "club_ODI_previous3_balls played": [], "club_ODI_previous3_overs": [], "club_ODI_previous3_runs gave": [], "club_ODI_lifetime_runs": 0.0, "club_ODI_lifetime_wickets": 0.0, "club_ODI_lifetime_balls played": 0.0, "club_ODI_lifetime_overs": 0.0, "club_ODI_lifetime_runs gave": 0.0, "club_Test_previous3_runs": [], "club_Test_previous3_wickets": [], "club_Test_previous3_balls played": [], "club_Test_previous3_overs": [], "club_Test_previous3_runs gave": [], "club_Test_lifetime_runs": 0.0, "club_Test_lifetime_wickets": 0.0, "club_Test_lifetime_balls played": 0.0, "club_Test_lifetime_overs": 0.0, "club_Test_lifetime_runs gave": 0.0, "club_T20_previous3_runs": [], "club_T20_previous3_wickets": [], "club_T20_previous3_balls played": [], "club_T20_previous3_overs": [], "club_T20_previous3_runs gave": [], "club_T20_lifetime_runs": 0.0, "club_T20_lifetime_wickets": 0.0, "club_T20_lifetime_balls played": 0.0, "club_T20_lifetime_overs": 0.0, "club_T20_lifetime_runs gave": 0.0, "international_ODI_previous3_runs": [21.0, 4.0, 17.0], "international_ODI_previous3_wickets": [1.0, 2.0, 1.0], "international_ODI_previous3_balls played": [10.0, 9.0, 20.0], "international_ODI_previous3_overs": [9.833333333333334, 9.833333333333332, 10.0], "international_ODI_previous3_runs gave": [29.0, 38.0, 57.0], "international_ODI_lifetime_runs": 174.0, "international_ODI_lifetime_wickets": 7.0, "international_ODI_lifetime_balls played": 139.0, "international_ODI_lifetime_overs": 40.5, "international_ODI_lifetime_runs gave": 155.0, "international_Test_previous3_runs": [], "international_Test_previous3_wickets": [], "international_Test_previous3_balls played": [], "international_Test_previous3_overs": [], "international_Test_previous3_runs gave": [], "international_Test_lifetime_runs": 0.0, "international_Test_lifetime_wickets": 0.0, "international_Test_lifetime_balls played": 0.0, "international_Test_lifetime_overs": 0.0, "international_Test_lifetime_runs gave": 0.0, "international_T20_previous3_runs": [], "international_T20_previous3_wickets": [], "international_T20_previous3_balls played": [], "international_T20_previous3_overs": [], "international_T20_previous3_runs gave": [], "international_T20_lifetime_runs": 0.0, "international_T20_lifetime_wickets": 0.0, "international_T20_lifetime_balls played": 0.0, "international_T20_lifetime_overs": 0.0, "international_T20_lifetime_runs gave": 0.0}