{"played_against": {"34b37279": {"runs": 0, "balls": 1, "wickets": 0}, "bd93fea4": {"runs": 1, "balls": 1, "wickets": 0}, "d3868bd0": {"runs": 6, "balls": 3, "wickets": 0}, "eab61ead": {"runs": 2, "balls": 5, "wickets": 0}, "78c12883": {"runs": 2, "balls": 1, "wickets": 0}, "269ff06e": {"runs": 5, "balls": 2, "wickets": 0}, "27e60d6e": {"runs": 7, "balls": 3, "wickets": 1}, "f1eb3c73": {"runs": 3, "balls": 9, "wickets": 1}, "9c643d7b": {"runs": 8, "balls": 5, "wickets": 0}, "a77472dc": {"runs": 0, "balls": 1, "wickets": 1}}, "fifties": 0, "thirties": 0, "centuries": 0, "maidens": 0.0, "hattricks": 1, "club_ODI_previous3_runs": [0.0, 12.0, 11.0], "club_ODI_previous3_wickets": [2.0, 1.0, 3.0], "club_ODI_previous3_balls played": [0.0, 5.0, 14.0], "club_ODI_previous3_overs": [10.0, 10.0, 9.833333333333334], "club_ODI_previous3_runs gave": [53.0, 62.0, 99.0], "club_ODI_lifetime_runs": 27.0, "club_ODI_lifetime_wickets": 7.0, "club_ODI_lifetime_balls played": 25.0, "club_ODI_lifetime_overs": 38.66666666666667, "club_ODI_lifetime_runs gave": 295.0, "club_Test_previous3_runs": [], "club_Test_previous3_wickets": [], "club_Test_previous3_balls played": [], "club_Test_previous3_overs": [], "club_Test_previous3_runs gave": [], "club_Test_lifetime_runs": 0.0, "club_Test_lifetime_wickets": 0.0, "club_Test_lifetime_balls played": 0.0, "club_Test_lifetime_overs": 0.0, "club_Test_lifetime_runs gave": 0.0, "club_T20_previous3_runs": [0.0, 0.0, 0.0], "club_T20_previous3_wickets": [2.0, 1.0, 1.0], "club_T20_previous3_balls played": [0.0, 0.0, 1.0], "club_T20_previous3_overs": [3.0, 3.0, 3.0], "club_T20_previous3_runs gave": [30.0, 38.0, 29.0], "club_T20_lifetime_runs": 7.0, "club_T20_lifetime_wickets": 6.0, "club_T20_lifetime_balls played": 6.0, "club_T20_lifetime_overs": 13.0, "club_T20_lifetime_runs gave": 134.0, "international_ODI_previous3_runs": [], "international_ODI_previous3_wickets": [], "international_ODI_previous3_balls played": [], "international_ODI_previous3_overs": [], "international_ODI_previous3_runs gave": [], "international_ODI_lifetime_runs": 0.0, "international_ODI_lifetime_wickets": 0.0, "international_ODI_lifetime_balls played": 0.0, "international_ODI_lifetime_overs": 0.0, "international_ODI_lifetime_runs gave": 0.0, "international_Test_previous3_runs": [], "international_Test_previous3_wickets": [], "international_Test_previous3_balls played": [], "international_Test_previous3_overs": [], "international_Test_previous3_runs gave": [], "international_Test_lifetime_runs": 0.0, "international_Test_lifetime_wickets": 0.0, "international_Test_lifetime_balls played": 0.0, "international_Test_lifetime_overs": 0.0, "international_Test_lifetime_runs gave": 0.0, "international_T20_previous3_runs": [], "international_T20_previous3_wickets": [], "international_T20_previous3_balls played": [], "international_T20_previous3_overs": [], "international_T20_previous3_runs gave": [], "international_T20_lifetime_runs": 0.0, "international_T20_lifetime_wickets": 0.0, "international_T20_lifetime_balls played": 0.0, "international_T20_lifetime_overs": 0.0, "international_T20_lifetime_runs gave": 0.0}