{"played_against": {"9a2fc964": {"runs": 3, "balls": 5, "wickets": 0}, "b56dc5f7": {"runs": 15, "balls": 8, "wickets": 0}, "11614d87": {"runs": 9, "balls": 10, "wickets": 0}, "c96f6ac5": {"runs": 7, "balls": 9, "wickets": 0}, "7f8ecc51": {"runs": 25, "balls": 17, "wickets": 2}, "cfe70281": {"runs": 2, "balls": 5, "wickets": 0}, "7955eb15": {"runs": 1, "balls": 1, "wickets": 0}, "e5437608": {"runs": 33, "balls": 29, "wickets": 1}, "032e4384": {"runs": 12, "balls": 14, "wickets": 0}, "91cd48e0": {"runs": 4, "balls": 3, "wickets": 0}, "abd541e6": {"runs": 2, "balls": 2, "wickets": 0}, "d92d8446": {"runs": 3, "balls": 4, "wickets": 0}, "c64b1e43": {"runs": 5, "balls": 4, "wickets": 0}, "1cb14aa4": {"runs": 23, "balls": 17, "wickets": 0}, "ffd3fc37": {"runs": 59, "balls": 36, "wickets": 1}, "36ea17c1": {"runs": 8, "balls": 9, "wickets": 0}, "172dff15": {"runs": 8, "balls": 11, "wickets": 0}, "7eb7d5d4": {"runs": 6, "balls": 6, "wickets": 0}, "5ec126fa": {"runs": 17, "balls": 20, "wickets": 0}, "a55e0360": {"runs": 10, "balls": 7, "wickets": 0}, "1062bebb": {"runs": 16, "balls": 12, "wickets": 1}, "8361e524": {"runs": 0, "balls": 1, "wickets": 0}, "42172c3c": {"runs": 23, "balls": 15, "wickets": 1}, "10f42013": {"runs": 18, "balls": 11, "wickets": 0}, "acdc62f5": {"runs": 11, "balls": 11, "wickets": 0}, "81c36ee9": {"runs": 8, "balls": 7, "wickets": 0}, "6ed11905": {"runs": 7, "balls": 8, "wickets": 0}, "deccdffa": {"runs": 21, "balls": 10, "wickets": 0}, "fc60e81a": {"runs": 10, "balls": 8, "wickets": 0}, "6b9eb501": {"runs": 8, "balls": 9, "wickets": 0}, "a8c3019c": {"runs": 15, "balls": 10, "wickets": 0}, "57e1d7e4": {"runs": 1, "balls": 2, "wickets": 0}, "7ec9711d": {"runs": 10, "balls": 19, "wickets": 0}, "1bd69aec": {"runs": 3, "balls": 4, "wickets": 0}, "8dc152d1": {"runs": 1, "balls": 6, "wickets": 1}, "a1d95bd8": {"runs": 7, "balls": 4, "wickets": 0}, "a03bba42": {"runs": 18, "balls": 16, "wickets": 1}, "3a60e0b5": {"runs": 0, "balls": 6, "wickets": 0}, "1e182ae2": {"runs": 1, "balls": 3, "wickets": 1}, "f277f531": {"runs": 1, "balls": 2, "wickets": 0}, "9943b637": {"runs": 4, "balls": 5, "wickets": 0}, "d4d37c31": {"runs": 3, "balls": 4, "wickets": 0}, "6e0a2209": {"runs": 3, "balls": 2, "wickets": 1}, "462d7c62": {"runs": 6, "balls": 6, "wickets": 0}, "a2316f90": {"runs": 15, "balls": 9, "wickets": 0}, "3122c016": {"runs": 3, "balls": 5, "wickets": 0}, "fbfea9c2": {"runs": 7, "balls": 9, "wickets": 1}, "595f565e": {"runs": 9, "balls": 6, "wickets": 0}, "6e6fb538": {"runs": 8, "balls": 3, "wickets": 0}, "94cdf850": {"runs": 4, "balls": 2, "wickets": 1}, "23638956": {"runs": 6, "balls": 9, "wickets": 1}, "1b42a100": {"runs": 3, "balls": 2, "wickets": 0}, "844e79d1": {"runs": 3, "balls": 3, "wickets": 0}, "68790da2": {"runs": 3, "balls": 7, "wickets": 1}, "7dfb8890": {"runs": 6, "balls": 6, "wickets": 0}, "bd25d145": {"runs": 0, "balls": 1, "wickets": 1}, "68c56d09": {"runs": 4, "balls": 13, "wickets": 1}, "13c35c9e": {"runs": 19, "balls": 40, "wickets": 0}, "e84ac20c": {"runs": 17, "balls": 44, "wickets": 0}, "e4a0deae": {"runs": 13, "balls": 27, "wickets": 0}, "9a46c4e5": {"runs": 4, "balls": 12, "wickets": 0}, "cb9b8664": {"runs": 1, "balls": 15, "wickets": 1}, "78adc879": {"runs": 5, "balls": 10, "wickets": 1}, "ba5e1069": {"runs": 1, "balls": 6, "wickets": 0}, "a83c44b8": {"runs": 8, "balls": 3, "wickets": 0}, "f0af99a7": {"runs": 3, "balls": 3, "wickets": 0}, "7cb2d9d2": {"runs": 0, "balls": 1, "wickets": 0}, "6e5840e3": {"runs": 8, "balls": 7, "wickets": 0}, "0b60eb09": {"runs": 10, "balls": 6, "wickets": 0}, "ebb74564": {"runs": 1, "balls": 4, "wickets": 0}}, "fifties": 0, "thirties": 12, "centuries": 0, "maidens": 0.0, "hattricks": 0, "club_ODI_previous3_runs": [], "club_ODI_previous3_wickets": [], "club_ODI_previous3_balls played": [], "club_ODI_previous3_overs": [], "club_ODI_previous3_runs gave": [], "club_ODI_lifetime_runs": 0.0, "club_ODI_lifetime_wickets": 0.0, "club_ODI_lifetime_balls played": 0.0, "club_ODI_lifetime_overs": 0.0, "club_ODI_lifetime_runs gave": 0.0, "club_Test_previous3_runs": [], "club_Test_previous3_wickets": [], "club_Test_previous3_balls played": [], "club_Test_previous3_overs": [], "club_Test_previous3_runs gave": [], "club_Test_lifetime_runs": 0.0, "club_Test_lifetime_wickets": 0.0, "club_Test_lifetime_balls played": 0.0, "club_Test_lifetime_overs": 0.0, "club_Test_lifetime_runs gave": 0.0, "club_T20_previous3_runs": [48.0, 0.0, 23.0], "club_T20_previous3_wickets": [0.0, 0.0, 0.0], "club_T20_previous3_balls played": [33.0, 0.0, 25.0], "club_T20_previous3_overs": [0.8333333333333334, 0.0, 0.0], "club_T20_previous3_runs gave": [9.0, 0.0, 0.0], "club_T20_lifetime_runs": 544.0, "club_T20_lifetime_wickets": 0.0, "club_T20_lifetime_balls played": 488.0, "club_T20_lifetime_overs": 0.8333333333333334, "club_T20_lifetime_runs gave": 9.0, "international_ODI_previous3_runs": [], "international_ODI_previous3_wickets": [], "international_ODI_previous3_balls played": [], "international_ODI_previous3_overs": [], "international_ODI_previous3_runs gave": [], "international_ODI_lifetime_runs": 0.0, "international_ODI_lifetime_wickets": 0.0, "international_ODI_lifetime_balls played": 0.0, "international_ODI_lifetime_overs": 0.0, "international_ODI_lifetime_runs gave": 0.0, "international_Test_previous3_runs": [31.0, 33.0], "international_Test_previous3_wickets": [0.0, 0.0], "international_Test_previous3_balls played": [84.0, 84.0], "international_Test_previous3_overs": [0.0, 0.0], "international_Test_previous3_runs gave": [0.0, 0.0], "international_Test_lifetime_runs": 64.0, "international_Test_lifetime_wickets": 0.0, "international_Test_lifetime_balls played": 168.0, "international_Test_lifetime_overs": 0.0, "international_Test_lifetime_runs gave": 0.0, "international_T20_previous3_runs": [], "international_T20_previous3_wickets": [], "international_T20_previous3_balls played": [], "international_T20_previous3_overs": [], "international_T20_previous3_runs gave": [], "international_T20_lifetime_runs": 0.0, "international_T20_lifetime_wickets": 0.0, "international_T20_lifetime_balls played": 0.0, "international_T20_lifetime_overs": 0.0, "international_T20_lifetime_runs gave": 0.0}