{"played_against": {"8fd1a8f5": {"runs": 186, "balls": 255, "wickets": 2}, "20a941bb": {"runs": 57, "balls": 91, "wickets": 1}, "5bb5a915": {"runs": 138, "balls": 169, "wickets": 1}, "fd093ca9": {"runs": 80, "balls": 170, "wickets": 2}, "86dc8f2e": {"runs": 78, "balls": 113, "wickets": 1}, "2e8994e7": {"runs": 31, "balls": 48, "wickets": 0}, "c3d35165": {"runs": 4, "balls": 19, "wickets": 0}, "d12143bf": {"runs": 105, "balls": 166, "wickets": 1}, "eba6a852": {"runs": 43, "balls": 49, "wickets": 0}, "221ad9d9": {"runs": 18, "balls": 118, "wickets": 0}, "ddc0828d": {"runs": 7, "balls": 32, "wickets": 2}, "68ddabdb": {"runs": 7, "balls": 25, "wickets": 1}, "e03b66ec": {"runs": 6, "balls": 29, "wickets": 0}, "16dfcc19": {"runs": 7, "balls": 16, "wickets": 0}, "0be1b885": {"runs": 16, "balls": 20, "wickets": 1}, "480ed517": {"runs": 1, "balls": 3, "wickets": 0}, "05e0fab5": {"runs": 57, "balls": 80, "wickets": 4}, "13c35c9e": {"runs": 26, "balls": 31, "wickets": 0}, "a5ac694f": {"runs": 25, "balls": 34, "wickets": 1}, "d7c6af50": {"runs": 26, "balls": 24, "wickets": 0}, "a72b14ff": {"runs": 41, "balls": 98, "wickets": 2}, "ccdd8308": {"runs": 12, "balls": 15, "wickets": 1}, "58043739": {"runs": 26, "balls": 54, "wickets": 3}, "dd37da14": {"runs": 68, "balls": 110, "wickets": 1}, "2f28dc94": {"runs": 80, "balls": 147, "wickets": 2}, "d2fcce2f": {"runs": 139, "balls": 251, "wickets": 2}, "f5f18a18": {"runs": 12, "balls": 66, "wickets": 1}, "5bdcdb72": {"runs": 65, "balls": 136, "wickets": 0}, "f78e7113": {"runs": 6, "balls": 21, "wickets": 0}, "8f7a598f": {"runs": 58, "balls": 73, "wickets": 1}, "cfe70281": {"runs": 29, "balls": 57, "wickets": 3}, "acee4cc4": {"runs": 24, "balls": 39, "wickets": 1}, "a818c1be": {"runs": 11, "balls": 23, "wickets": 0}, "2e9fdf9b": {"runs": 3, "balls": 5, "wickets": 0}, "f60dc2a5": {"runs": 16, "balls": 12, "wickets": 0}, "b0b320a0": {"runs": 11, "balls": 8, "wickets": 0}, "56ab442f": {"runs": 10, "balls": 4, "wickets": 0}, "f048bb41": {"runs": 8, "balls": 7, "wickets": 0}, "f708a0bc": {"runs": 39, "balls": 28, "wickets": 1}, "469ea22b": {"runs": 52, "balls": 100, "wickets": 3}, "896d78ad": {"runs": 75, "balls": 93, "wickets": 0}, "9b79b9de": {"runs": 23, "balls": 22, "wickets": 0}, "2af838ee": {"runs": 6, "balls": 11, "wickets": 0}, "a12e1d51": {"runs": 63, "balls": 65, "wickets": 1}, "ea0cdc12": {"runs": 12, "balls": 23, "wickets": 0}, "0f12f9df": {"runs": 37, "balls": 35, "wickets": 0}, "9868bc75": {"runs": 9, "balls": 9, "wickets": 0}, "78eb4223": {"runs": 30, "balls": 37, "wickets": 0}, "0f721006": {"runs": 8, "balls": 6, "wickets": 0}, "87e562a9": {"runs": 19, "balls": 29, "wickets": 1}, "c03c6200": {"runs": 17, "balls": 36, "wickets": 2}, "9d430b40": {"runs": 26, "balls": 53, "wickets": 1}, "db584dad": {"runs": 13, "balls": 12, "wickets": 0}, "a757b0d8": {"runs": 18, "balls": 17, "wickets": 0}, "bbd41817": {"runs": 14, "balls": 8, "wickets": 0}, "caf1b14c": {"runs": 6, "balls": 7, "wickets": 0}, "db767b89": {"runs": 8, "balls": 14, "wickets": 0}, "495d42a5": {"runs": 47, "balls": 205, "wickets": 5}, "8b5b6769": {"runs": 5, "balls": 4, "wickets": 0}, "fe93fd9d": {"runs": 46, "balls": 68, "wickets": 2}, "2e81a32d": {"runs": 86, "balls": 118, "wickets": 1}, "5bb1a1c4": {"runs": 66, "balls": 83, "wickets": 1}, "6c6591ab": {"runs": 10, "balls": 30, "wickets": 1}, "49b6c09f": {"runs": 3, "balls": 11, "wickets": 0}, "a343262c": {"runs": 5, "balls": 12, "wickets": 0}, "7ca5e05d": {"runs": 7, "balls": 6, "wickets": 0}, "51a3c5ef": {"runs": 0, "balls": 2, "wickets": 0}, "7fb32e5b": {"runs": 0, "balls": 1, "wickets": 0}, "29b89ae8": {"runs": 2, "balls": 8, "wickets": 0}, "ffe699c0": {"runs": 0, "balls": 1, "wickets": 1}, "41eb4a4f": {"runs": 42, "balls": 43, "wickets": 1}, "ba607b88": {"runs": 1, "balls": 2, "wickets": 0}, "1c914163": {"runs": 18, "balls": 12, "wickets": 0}, "1e66c162": {"runs": 2, "balls": 7, "wickets": 0}, "8cf9814c": {"runs": 23, "balls": 32, "wickets": 1}, "c404f58a": {"runs": 1, "balls": 1, "wickets": 0}, "1558d83b": {"runs": 4, "balls": 5, "wickets": 0}, "4c5d73db": {"runs": 10, "balls": 8, "wickets": 0}, "b7ccb3c9": {"runs": 1, "balls": 2, "wickets": 1}, "3540beff": {"runs": 4, "balls": 3, "wickets": 0}, "dd09ff8e": {"runs": 1, "balls": 2, "wickets": 0}, "88209c84": {"runs": 4, "balls": 7, "wickets": 0}, "03806cf8": {"runs": 3, "balls": 8, "wickets": 0}, "99464591": {"runs": 0, "balls": 2, "wickets": 1}, "808f425a": {"runs": 0, "balls": 1, "wickets": 1}, "ded9240e": {"runs": 11, "balls": 9, "wickets": 0}, "4933f499": {"runs": 19, "balls": 14, "wickets": 1}, "3cf5ae43": {"runs": 5, "balls": 3, "wickets": 0}, "3d8feaf8": {"runs": 5, "balls": 4, "wickets": 0}, "ff1e12a0": {"runs": 8, "balls": 4, "wickets": 0}, "903560ed": {"runs": 6, "balls": 6, "wickets": 0}, "2498e163": {"runs": 0, "balls": 1, "wickets": 1}, "3a60e0b5": {"runs": 23, "balls": 17, "wickets": 0}, "c654af19": {"runs": 24, "balls": 27, "wickets": 0}, "024a173d": {"runs": 1, "balls": 13, "wickets": 0}, "5bbabe59": {"runs": 1, "balls": 2, "wickets": 0}, "9de271ef": {"runs": 5, "balls": 11, "wickets": 1}, "afe57f7a": {"runs": 3, "balls": 4, "wickets": 0}, "7f8ecc51": {"runs": 9, "balls": 19, "wickets": 1}, "4f7279a4": {"runs": 1, "balls": 2, "wickets": 0}, "0dc00542": {"runs": 7, "balls": 9, "wickets": 0}, "b3118300": {"runs": 0, "balls": 2, "wickets": 1}, "eb2d5fe7": {"runs": 1, "balls": 1, "wickets": 0}, "3a0f6df2": {"runs": 2, "balls": 6, "wickets": 0}, "64d43928": {"runs": 0, "balls": 2, "wickets": 0}}, "fifties": 12, "thirties": 8, "centuries": 7, "maidens": 0.0, "hattricks": 0, "runs": 2534.0, "wickets": 0.0, "club_ODI_previous3_runs": [], "club_ODI_previous3_wickets": [], "club_ODI_previous3_balls played": [], "club_ODI_previous3_overs": [], "club_ODI_previous3_runs gave": [], "club_ODI_lifetime_runs": 0.0, "club_ODI_lifetime_wickets": 0.0, "club_ODI_lifetime_balls played": 0.0, "club_ODI_lifetime_overs": 0.0, "club_ODI_lifetime_runs gave": 0.0, "club_Test_previous3_runs": [], "club_Test_previous3_wickets": [], "club_Test_previous3_balls played": [], "club_Test_previous3_overs": [], "club_Test_previous3_runs gave": [], "club_Test_lifetime_runs": 0.0, "club_Test_lifetime_wickets": 0.0, "club_Test_lifetime_balls played": 0.0, "club_Test_lifetime_overs": 0.0, "club_Test_lifetime_runs gave": 0.0, "club_T20_previous3_runs": [0.0, 58.0, 7.0], "club_T20_previous3_wickets": [0.0, 0.0, 0.0], "club_T20_previous3_balls played": [1.0, 45.0, 10.0], "club_T20_previous3_overs": [0.0, 0.0, 0.0], "club_T20_previous3_runs gave": [0.0, 0.0, 0.0], "club_T20_lifetime_runs": 167.0, "club_T20_lifetime_wickets": 0.0, "club_T20_lifetime_balls played": 143.0, "club_T20_lifetime_overs": 0.0, "club_T20_lifetime_runs gave": 0.0, "international_ODI_previous3_runs": [85.0, 15.0, 5.0], "international_ODI_previous3_wickets": [0.0, 0.0, 0.0], "international_ODI_previous3_balls played": [92.0, 16.0, 14.0], "international_ODI_previous3_overs": [0.0, 0.0, 0.0], "international_ODI_previous3_runs gave": [0.0, 0.0, 0.0], "international_ODI_lifetime_runs": 826.0, "international_ODI_lifetime_wickets": 0.0, "international_ODI_lifetime_balls played": 1098.0, "international_ODI_lifetime_overs": 0.0, "international_ODI_lifetime_runs gave": 0.0, "international_Test_previous3_runs": [51.0, 81.0, 2.0], "international_Test_previous3_wickets": [0.0, 0.0, 0.0], "international_Test_previous3_balls played": [81.0, 139.0, 28.0], "international_Test_previous3_overs": [0.0, 0.0, 0.0], "international_Test_previous3_runs gave": [0.0, 0.0, 0.0], "international_Test_lifetime_runs": 1535.0, "international_Test_lifetime_wickets": 0.0, "international_Test_lifetime_balls played": 2845.0, "international_Test_lifetime_overs": 0.0, "international_Test_lifetime_runs gave": 0.0, "international_T20_previous3_runs": [6.0], "international_T20_previous3_wickets": [0.0], "international_T20_previous3_balls played": [8.0], "international_T20_previous3_overs": [0.0], "international_T20_previous3_runs gave": [0.0], "international_T20_lifetime_runs": 6.0, "international_T20_lifetime_wickets": 0.0, "international_T20_lifetime_balls played": 8.0, "international_T20_lifetime_overs": 0.0, "international_T20_lifetime_runs gave": 0.0}