{"played_against": {"8b552293": {"runs": 1, "balls": 4, "wickets": 0}, "a61850e6": {"runs": 0, "balls": 2, "wickets": 1}, "b287e7b1": {"runs": 3, "balls": 10, "wickets": 0}, "7544bf30": {"runs": 5, "balls": 15, "wickets": 0}, "63e3b6b3": {"runs": 13, "balls": 11, "wickets": 0}, "8c5775f3": {"runs": 5, "balls": 25, "wickets": 1}, "3308d881": {"runs": 1, "balls": 1, "wickets": 0}, "cc3884f9": {"runs": 0, "balls": 2, "wickets": 1}, "dae6fac5": {"runs": 0, "balls": 4, "wickets": 1}, "ff227198": {"runs": 2, "balls": 4, "wickets": 0}, "a0fdf513": {"runs": 0, "balls": 0, "wickets": 0}, "d3b4b8ed": {"runs": 4, "balls": 3, "wickets": 0}, "ed840f44": {"runs": 1, "balls": 2, "wickets": 1}, "98dfe425": {"runs": 1, "balls": 2, "wickets": 0}, "0d518f89": {"runs": 5, "balls": 8, "wickets": 0}, "16443d2f": {"runs": 1, "balls": 7, "wickets": 0}, "ebe27221": {"runs": 2, "balls": 12, "wickets": 0}, "3d689960": {"runs": 4, "balls": 5, "wickets": 0}, "c981d3c2": {"runs": 3, "balls": 7, "wickets": 0}, "d921449d": {"runs": 1, "balls": 1, "wickets": 0}, "4d4605e6": {"runs": 5, "balls": 15, "wickets": 1}, "ce85fcaf": {"runs": 10, "balls": 13, "wickets": 0}, "108c4c09": {"runs": 22, "balls": 18, "wickets": 0}, "7b01ce83": {"runs": 7, "balls": 7, "wickets": 0}, "e219f17a": {"runs": 1, "balls": 4, "wickets": 1}, "94b30fa5": {"runs": 10, "balls": 37, "wickets": 1}, "f0b16e64": {"runs": 6, "balls": 19, "wickets": 0}, "69a9bb78": {"runs": 0, "balls": 1, "wickets": 1}, "9b73d523": {"runs": 4, "balls": 4, "wickets": 0}, "de69af96": {"runs": 1, "balls": 4, "wickets": 0}}, "fifties": 0, "thirties": 0, "centuries": 0, "maidens": 13.0, "hattricks": 4, "runs": 118.0, "wickets": 36.0, "club_ODI_previous3_runs": [], "club_ODI_previous3_wickets": [], "club_ODI_previous3_balls played": [], "club_ODI_previous3_overs": [], "club_ODI_previous3_runs gave": [], "club_ODI_lifetime_runs": 0.0, "club_ODI_lifetime_wickets": 0.0, "club_ODI_lifetime_balls played": 0.0, "club_ODI_lifetime_overs": 0.0, "club_ODI_lifetime_runs gave": 0.0, "club_Test_previous3_runs": [], "club_Test_previous3_wickets": [], "club_Test_previous3_balls played": [], "club_Test_previous3_overs": [], "club_Test_previous3_runs gave": [], "club_Test_lifetime_runs": 0.0, "club_Test_lifetime_wickets": 0.0, "club_Test_lifetime_balls played": 0.0, "club_Test_lifetime_overs": 0.0, "club_Test_lifetime_runs gave": 0.0, "club_T20_previous3_runs": [], "club_T20_previous3_wickets": [], "club_T20_previous3_balls played": [], "club_T20_previous3_overs": [], "club_T20_previous3_runs gave": [], "club_T20_lifetime_runs": 0.0, "club_T20_lifetime_wickets": 0.0, "club_T20_lifetime_balls played": 0.0, "club_T20_lifetime_overs": 0.0, "club_T20_lifetime_runs gave": 0.0, "international_ODI_previous3_runs": [20.0, 12.0, 6.0], "international_ODI_previous3_wickets": [0.0, 0.0, 1.0], "international_ODI_previous3_balls played": [54.0, 41.0, 13.0], "international_ODI_previous3_overs": [2.0, 2.0, 8.0], "international_ODI_previous3_runs gave": [11.0, 11.0, 29.0], "international_ODI_lifetime_runs": 85.0, "international_ODI_lifetime_wickets": 6.0, "international_ODI_lifetime_balls played": 198.0, "international_ODI_lifetime_overs": 73.0, "international_ODI_lifetime_runs gave": 329.0, "international_Test_previous3_runs": [], "international_Test_previous3_wickets": [], "international_Test_previous3_balls played": [], "international_Test_previous3_overs": [], "international_Test_previous3_runs gave": [], "international_Test_lifetime_runs": 0.0, "international_Test_lifetime_wickets": 0.0, "international_Test_lifetime_balls played": 0.0, "international_Test_lifetime_overs": 0.0, "international_Test_lifetime_runs gave": 0.0, "international_T20_previous3_runs": [0.0, 5.0, 0.0], "international_T20_previous3_wickets": [2.0, 0.0, 0.0], "international_T20_previous3_balls played": [0.0, 8.0, 0.0], "international_T20_previous3_overs": [4.0, 3.0, 2.0], "international_T20_previous3_runs gave": [25.0, 16.0, 18.0], "international_T20_lifetime_runs": 33.0, "international_T20_lifetime_wickets": 30.0, "international_T20_lifetime_balls played": 51.0, "international_T20_lifetime_overs": 84.33333333333334, "international_T20_lifetime_runs gave": 429.0}