{"played_against": {"e9987a94": {"runs": 3, "balls": 10, "wickets": 1}, "d3868bd0": {"runs": 0, "balls": 3, "wickets": 2}, "59559bc2": {"runs": 6, "balls": 8, "wickets": 1}, "68c56d09": {"runs": 2, "balls": 4, "wickets": 0}, "6ea2710f": {"runs": 27, "balls": 16, "wickets": 1}, "5ac8f17b": {"runs": 2, "balls": 2, "wickets": 0}, "70d57519": {"runs": 19, "balls": 40, "wickets": 1}, "9a46c4e5": {"runs": 2, "balls": 2, "wickets": 0}, "208f22ea": {"runs": 37, "balls": 50, "wickets": 2}, "b82e3032": {"runs": 18, "balls": 15, "wickets": 0}, "01a95383": {"runs": 17, "balls": 33, "wickets": 0}, "0bec3a6c": {"runs": 27, "balls": 19, "wickets": 1}, "0a12e736": {"runs": 30, "balls": 27, "wickets": 1}, "05c2ca46": {"runs": 28, "balls": 22, "wickets": 1}, "8bf61e65": {"runs": 12, "balls": 14, "wickets": 2}, "ad212f96": {"runs": 21, "balls": 13, "wickets": 0}, "c2b6764d": {"runs": 2, "balls": 18, "wickets": 0}, "dfc3f02d": {"runs": 2, "balls": 3, "wickets": 0}, "98eacfe5": {"runs": 5, "balls": 4, "wickets": 1}, "8f9c5014": {"runs": 5, "balls": 6, "wickets": 1}, "5b6d248a": {"runs": 30, "balls": 60, "wickets": 1}, "a790df98": {"runs": 52, "balls": 55, "wickets": 1}, "27fc5808": {"runs": 11, "balls": 14, "wickets": 1}, "aa8d28ae": {"runs": 14, "balls": 25, "wickets": 0}, "457cab44": {"runs": 8, "balls": 11, "wickets": 0}, "12b610c2": {"runs": 6, "balls": 5, "wickets": 0}, "45ca0dc0": {"runs": 9, "balls": 14, "wickets": 1}, "b9877635": {"runs": 20, "balls": 35, "wickets": 1}, "5db1c288": {"runs": 2, "balls": 3, "wickets": 0}, "cd143bca": {"runs": 39, "balls": 46, "wickets": 0}, "fc63d916": {"runs": 22, "balls": 19, "wickets": 1}, "52c442e4": {"runs": 1, "balls": 3, "wickets": 0}, "d786a8a1": {"runs": 9, "balls": 11, "wickets": 0}, "a77472dc": {"runs": 25, "balls": 28, "wickets": 0}, "b082d112": {"runs": 31, "balls": 15, "wickets": 1}, "e05b2a5b": {"runs": 5, "balls": 5, "wickets": 0}, "e737a5fe": {"runs": 5, "balls": 18, "wickets": 2}, "462d7c62": {"runs": 15, "balls": 16, "wickets": 2}, "e423d162": {"runs": 1, "balls": 1, "wickets": 0}, "f655d740": {"runs": 15, "balls": 11, "wickets": 0}, "1ca7c00f": {"runs": 8, "balls": 8, "wickets": 0}, "18fac429": {"runs": 10, "balls": 6, "wickets": 0}, "0e0d43b4": {"runs": 1, "balls": 2, "wickets": 0}, "8db7f47f": {"runs": 10, "balls": 6, "wickets": 0}, "e94915e6": {"runs": 21, "balls": 13, "wickets": 1}, "7ca5e05d": {"runs": 6, "balls": 7, "wickets": 0}, "d26e0405": {"runs": 7, "balls": 10, "wickets": 0}, "19b9f399": {"runs": 1, "balls": 2, "wickets": 0}, "39e2c0fd": {"runs": 19, "balls": 21, "wickets": 0}, "679cd31e": {"runs": 45, "balls": 54, "wickets": 0}, "e43aa7ed": {"runs": 25, "balls": 23, "wickets": 0}, "23638956": {"runs": 136, "balls": 151, "wickets": 1}, "c5cc48bc": {"runs": 51, "balls": 49, "wickets": 2}, "5da34add": {"runs": 0, "balls": 1, "wickets": 0}, "03df7a25": {"runs": 7, "balls": 20, "wickets": 0}, "dd9de7ad": {"runs": 10, "balls": 6, "wickets": 1}, "c042b412": {"runs": 10, "balls": 5, "wickets": 0}, "e5437608": {"runs": 36, "balls": 20, "wickets": 0}, "8d5d991e": {"runs": 9, "balls": 9, "wickets": 1}, "8f938a32": {"runs": 7, "balls": 4, "wickets": 0}, "73f1f6b0": {"runs": 9, "balls": 6, "wickets": 0}, "bd93fea4": {"runs": 25, "balls": 31, "wickets": 0}, "06c2de82": {"runs": 37, "balls": 31, "wickets": 0}, "34b37279": {"runs": 40, "balls": 30, "wickets": 0}, "e174dadd": {"runs": 6, "balls": 6, "wickets": 1}, "6c79c098": {"runs": 2, "balls": 4, "wickets": 0}, "aed5be04": {"runs": 4, "balls": 3, "wickets": 0}, "5f547c8b": {"runs": 12, "balls": 7, "wickets": 0}, "f1eb3c73": {"runs": 1, "balls": 1, "wickets": 0}, "e342e5fb": {"runs": 1, "balls": 1, "wickets": 0}, "876dbe2d": {"runs": 1, "balls": 3, "wickets": 0}, "ed47cb25": {"runs": 10, "balls": 5, "wickets": 0}, "402f8494": {"runs": 1, "balls": 2, "wickets": 0}, "65b6943c": {"runs": 1, "balls": 5, "wickets": 1}, "0126ff20": {"runs": 5, "balls": 8, "wickets": 0}, "a510bdd3": {"runs": 2, "balls": 3, "wickets": 1}, "93cad673": {"runs": 55, "balls": 47, "wickets": 1}, "00cada13": {"runs": 30, "balls": 26, "wickets": 0}, "eec81780": {"runs": 57, "balls": 50, "wickets": 1}, "ea27a674": {"runs": 3, "balls": 4, "wickets": 0}, "21d4e29b": {"runs": 18, "balls": 17, "wickets": 0}, "5a74e559": {"runs": 22, "balls": 31, "wickets": 1}, "e871a7a1": {"runs": 3, "balls": 6, "wickets": 1}, "5239d782": {"runs": 11, "balls": 16, "wickets": 0}, "a63dfe8a": {"runs": 8, "balls": 7, "wickets": 0}, "a6f2b2ef": {"runs": 13, "balls": 9, "wickets": 1}, "3a3e7d82": {"runs": 0, "balls": 2, "wickets": 1}, "861eed37": {"runs": 18, "balls": 27, "wickets": 0}, "04cd872b": {"runs": 6, "balls": 17, "wickets": 0}, "c2e5539b": {"runs": 17, "balls": 21, "wickets": 1}, "ad46c747": {"runs": 47, "balls": 42, "wickets": 1}, "ec33b21a": {"runs": 9, "balls": 9, "wickets": 0}, "a4b810d0": {"runs": 4, "balls": 6, "wickets": 0}, "a37b5c0a": {"runs": 19, "balls": 40, "wickets": 0}, "28217d89": {"runs": 43, "balls": 37, "wickets": 0}, "4c5d73db": {"runs": 2, "balls": 7, "wickets": 0}, "e0ac7144": {"runs": 0, "balls": 4, "wickets": 0}, "e84ac20c": {"runs": 9, "balls": 5, "wickets": 0}, "01561e94": {"runs": 9, "balls": 10, "wickets": 0}, "bdc0670a": {"runs": 23, "balls": 28, "wickets": 2}, "74a274cc": {"runs": 2, "balls": 1, "wickets": 0}, "1a2676c5": {"runs": 6, "balls": 8, "wickets": 0}, "ffe699c0": {"runs": 7, "balls": 3, "wickets": 0}, "9d430b40": {"runs": 4, "balls": 6, "wickets": 0}, "fe2ac1a8": {"runs": 6, "balls": 11, "wickets": 1}, "6daf5e8c": {"runs": 1, "balls": 2, "wickets": 0}, "7d7233a9": {"runs": 1, "balls": 1, "wickets": 0}, "6f95e5fa": {"runs": 1, "balls": 4, "wickets": 0}, "9fd3a210": {"runs": 4, "balls": 1, "wickets": 0}, "63e1e352": {"runs": 4, "balls": 7, "wickets": 1}, "ba377b40": {"runs": 2, "balls": 2, "wickets": 0}, "1efd12d1": {"runs": 12, "balls": 17, "wickets": 0}, "219cc59e": {"runs": 1, "balls": 2, "wickets": 0}, "e4a0deae": {"runs": 0, "balls": 1, "wickets": 1}, "8cbcff3b": {"runs": 20, "balls": 11, "wickets": 0}, "39180894": {"runs": 0, "balls": 1, "wickets": 0}, "56b93d46": {"runs": 3, "balls": 4, "wickets": 0}, "b3544c5d": {"runs": 7, "balls": 15, "wickets": 0}, "ac3c3cab": {"runs": 10, "balls": 21, "wickets": 0}, "1cc0a83d": {"runs": 34, "balls": 31, "wickets": 1}, "bad83284": {"runs": 18, "balls": 15, "wickets": 1}, "e734d090": {"runs": 38, "balls": 42, "wickets": 0}, "6c908ffc": {"runs": 11, "balls": 20, "wickets": 0}, "c96f6ac5": {"runs": 8, "balls": 12, "wickets": 0}, "23dee937": {"runs": 33, "balls": 47, "wickets": 0}, "7a8a0237": {"runs": 0, "balls": 2, "wickets": 1}, "2413a688": {"runs": 10, "balls": 10, "wickets": 0}, "214f6461": {"runs": 9, "balls": 10, "wickets": 0}, "ed12fcd7": {"runs": 19, "balls": 24, "wickets": 1}, "5899dceb": {"runs": 5, "balls": 6, "wickets": 0}, "5ccdb14f": {"runs": 5, "balls": 3, "wickets": 0}, "a6581d15": {"runs": 4, "balls": 6, "wickets": 0}, "ec178b04": {"runs": 23, "balls": 27, "wickets": 0}, "19708692": {"runs": 68, "balls": 52, "wickets": 0}, "782fb776": {"runs": 6, "balls": 10, "wickets": 1}, "f3abd0c9": {"runs": 10, "balls": 9, "wickets": 0}, "e5218454": {"runs": 21, "balls": 16, "wickets": 0}, "78adc879": {"runs": 6, "balls": 11, "wickets": 1}, "e36e9dd3": {"runs": 23, "balls": 22, "wickets": 0}, "ba9258a7": {"runs": 0, "balls": 9, "wickets": 0}, "7a32c1c1": {"runs": 4, "balls": 5, "wickets": 0}, "cc1e8c68": {"runs": 9, "balls": 21, "wickets": 0}, "4b685e2d": {"runs": 5, "balls": 5, "wickets": 0}, "c672e80e": {"runs": 15, "balls": 32, "wickets": 0}, "9caf69a1": {"runs": 8, "balls": 9, "wickets": 0}, "96a6a7ad": {"runs": 49, "balls": 88, "wickets": 0}, "35c08a29": {"runs": 12, "balls": 18, "wickets": 1}, "1957c6b7": {"runs": 36, "balls": 33, "wickets": 1}, "3e7534f7": {"runs": 8, "balls": 5, "wickets": 0}, "f54dbda7": {"runs": 6, "balls": 4, "wickets": 0}, "2911de16": {"runs": 0, "balls": 3, "wickets": 1}, "78eb4223": {"runs": 7, "balls": 16, "wickets": 0}, "aa1210d8": {"runs": 48, "balls": 41, "wickets": 0}, "cad40f5e": {"runs": 19, "balls": 42, "wickets": 1}, "4c0f3806": {"runs": 15, "balls": 29, "wickets": 0}, "894b2d25": {"runs": 15, "balls": 24, "wickets": 0}, "0f3ee070": {"runs": 1, "balls": 2, "wickets": 0}, "9c643d7b": {"runs": 6, "balls": 3, "wickets": 1}, "d4eef961": {"runs": 2, "balls": 2, "wickets": 0}, "54c2b697": {"runs": 10, "balls": 5, "wickets": 1}, "3987e390": {"runs": 14, "balls": 16, "wickets": 1}, "3d0ed2f9": {"runs": 7, "balls": 4, "wickets": 0}, "64775749": {"runs": 5, "balls": 2, "wickets": 0}, "57a76baa": {"runs": 8, "balls": 6, "wickets": 1}, "57590dbb": {"runs": 32, "balls": 19, "wickets": 1}, "8c9d3000": {"runs": 10, "balls": 6, "wickets": 0}, "660538af": {"runs": 3, "balls": 11, "wickets": 0}, "88211932": {"runs": 12, "balls": 18, "wickets": 1}, "6e0a2209": {"runs": 4, "balls": 9, "wickets": 1}, "7cb2d9d2": {"runs": 0, "balls": 3, "wickets": 0}, "e142c599": {"runs": 7, "balls": 3, "wickets": 0}, "7578b730": {"runs": 1, "balls": 3, "wickets": 1}, "71440756": {"runs": 4, "balls": 10, "wickets": 0}, "88a32fa2": {"runs": 1, "balls": 6, "wickets": 0}, "86781001": {"runs": 2, "balls": 3, "wickets": 0}, "6ce9f3eb": {"runs": 1, "balls": 3, "wickets": 1}, "948beb1f": {"runs": 12, "balls": 9, "wickets": 0}, "6c6aca89": {"runs": 9, "balls": 9, "wickets": 0}, "2085e1fa": {"runs": 9, "balls": 14, "wickets": 0}, "bf26cd81": {"runs": 3, "balls": 6, "wickets": 0}, "b5781ac3": {"runs": 2, "balls": 6, "wickets": 1}, "c78a879c": {"runs": 2, "balls": 2, "wickets": 0}, "00b195ae": {"runs": 0, "balls": 6, "wickets": 1}, "b8701e6d": {"runs": 13, "balls": 26, "wickets": 0}, "f2ab7a69": {"runs": 10, "balls": 6, "wickets": 0}, "098229a5": {"runs": 19, "balls": 19, "wickets": 1}, "867a45a7": {"runs": 8, "balls": 6, "wickets": 1}, "ea3d687a": {"runs": 21, "balls": 23, "wickets": 0}}, "fifties": 11, "thirties": 12, "centuries": 7, "maidens": 3.0, "hattricks": 0, "runs": 2523.0, "wickets": 13.0, "club_ODI_previous3_runs": [4.0, 40.0, 10.0], "club_ODI_previous3_wickets": [1.0, 0.0, 0.0], "club_ODI_previous3_balls played": [12.0, 47.0, 20.0], "club_ODI_previous3_overs": [7.0, 0.0, 0.0], "club_ODI_previous3_runs gave": [29.0, 0.0, 0.0], "club_ODI_lifetime_runs": 1060.0, "club_ODI_lifetime_wickets": 7.0, "club_ODI_lifetime_balls played": 1231.0, "club_ODI_lifetime_overs": 62.833333333333336, "club_ODI_lifetime_runs gave": 337.0, "club_Test_previous3_runs": [102.0, 49.0, 13.0], "club_Test_previous3_wickets": [0.0, 0.0, 0.0], "club_Test_previous3_balls played": [107.0, 51.0, 25.0], "club_Test_previous3_overs": [2.0, 0.0, 0.0], "club_Test_previous3_runs gave": [10.0, 0.0, 0.0], "club_Test_lifetime_runs": 773.0, "club_Test_lifetime_wickets": 4.0, "club_Test_lifetime_balls played": 1124.0, "club_Test_lifetime_overs": 35.83333333333333, "club_Test_lifetime_runs gave": 150.0, "club_T20_previous3_runs": [51.0, 9.0, 41.0], "club_T20_previous3_wickets": [0.0, 0.0, 0.0], "club_T20_previous3_balls played": [32.0, 7.0, 21.0], "club_T20_previous3_overs": [0.0, 0.0, 0.0], "club_T20_previous3_runs gave": [0.0, 0.0, 0.0], "club_T20_lifetime_runs": 690.0, "club_T20_lifetime_wickets": 2.0, "club_T20_lifetime_balls played": 548.0, "club_T20_lifetime_overs": 6.0, "club_T20_lifetime_runs gave": 44.0, "international_ODI_previous3_runs": [], "international_ODI_previous3_wickets": [], "international_ODI_previous3_balls played": [], "international_ODI_previous3_overs": [], "international_ODI_previous3_runs gave": [], "international_ODI_lifetime_runs": 0.0, "international_ODI_lifetime_wickets": 0.0, "international_ODI_lifetime_balls played": 0.0, "international_ODI_lifetime_overs": 0.0, "international_ODI_lifetime_runs gave": 0.0, "international_Test_previous3_runs": [], "international_Test_previous3_wickets": [], "international_Test_previous3_balls played": [], "international_Test_previous3_overs": [], "international_Test_previous3_runs gave": [], "international_Test_lifetime_runs": 0.0, "international_Test_lifetime_wickets": 0.0, "international_Test_lifetime_balls played": 0.0, "international_Test_lifetime_overs": 0.0, "international_Test_lifetime_runs gave": 0.0, "international_T20_previous3_runs": [], "international_T20_previous3_wickets": [], "international_T20_previous3_balls played": [], "international_T20_previous3_overs": [], "international_T20_previous3_runs gave": [], "international_T20_lifetime_runs": 0.0, "international_T20_lifetime_wickets": 0.0, "international_T20_lifetime_balls played": 0.0, "international_T20_lifetime_overs": 0.0, "international_T20_lifetime_runs gave": 0.0}