{"played_against": {"7a787b98": {"runs": 0, "balls": 2, "wickets": 0}, "725c73f2": {"runs": 0, "balls": 2, "wickets": 1}, "26c9b5be": {"runs": 2, "balls": 3, "wickets": 0}, "b38a9f73": {"runs": 11, "balls": 11, "wickets": 0}, "bc3fc527": {"runs": 2, "balls": 3, "wickets": 0}, "5fe3709e": {"runs": 3, "balls": 5, "wickets": 1}, "2dde3e62": {"runs": 7, "balls": 6, "wickets": 0}, "3b52d247": {"runs": 2, "balls": 7, "wickets": 0}, "31f01815": {"runs": 4, "balls": 7, "wickets": 0}, "d816fc1c": {"runs": 0, "balls": 2, "wickets": 1}, "7f929ebe": {"runs": 1, "balls": 1, "wickets": 0}, "b7abb123": {"runs": 3, "balls": 5, "wickets": 0}, "d7e51f87": {"runs": 0, "balls": 1, "wickets": 0}, "dadb9703": {"runs": 5, "balls": 5, "wickets": 0}, "a879b92c": {"runs": 2, "balls": 4, "wickets": 0}, "882fd091": {"runs": 7, "balls": 2, "wickets": 0}, "1439a13c": {"runs": 1, "balls": 3, "wickets": 0}}, "fifties": 0, "thirties": 0, "centuries": 0, "maidens": 0.0, "hattricks": 0, "runs": 50.0, "wickets": 0.0, "club_ODI_previous3_runs": [], "club_ODI_previous3_wickets": [], "club_ODI_previous3_balls played": [], "club_ODI_previous3_overs": [], "club_ODI_previous3_runs gave": [], "club_ODI_lifetime_runs": 0.0, "club_ODI_lifetime_wickets": 0.0, "club_ODI_lifetime_balls played": 0.0, "club_ODI_lifetime_overs": 0.0, "club_ODI_lifetime_runs gave": 0.0, "club_Test_previous3_runs": [], "club_Test_previous3_wickets": [], "club_Test_previous3_balls played": [], "club_Test_previous3_overs": [], "club_Test_previous3_runs gave": [], "club_Test_lifetime_runs": 0.0, "club_Test_lifetime_wickets": 0.0, "club_Test_lifetime_balls played": 0.0, "club_Test_lifetime_overs": 0.0, "club_Test_lifetime_runs gave": 0.0, "club_T20_previous3_runs": [], "club_T20_previous3_wickets": [], "club_T20_previous3_balls played": [], "club_T20_previous3_overs": [], "club_T20_previous3_runs gave": [], "club_T20_lifetime_runs": 0.0, "club_T20_lifetime_wickets": 0.0, "club_T20_lifetime_balls played": 0.0, "club_T20_lifetime_overs": 0.0, "club_T20_lifetime_runs gave": 0.0, "international_ODI_previous3_runs": [], "international_ODI_previous3_wickets": [], "international_ODI_previous3_balls played": [], "international_ODI_previous3_overs": [], "international_ODI_previous3_runs gave": [], "international_ODI_lifetime_runs": 0.0, "international_ODI_lifetime_wickets": 0.0, "international_ODI_lifetime_balls played": 0.0, "international_ODI_lifetime_overs": 0.0, "international_ODI_lifetime_runs gave": 0.0, "international_Test_previous3_runs": [], "international_Test_previous3_wickets": [], "international_Test_previous3_balls played": [], "international_Test_previous3_overs": [], "international_Test_previous3_runs gave": [], "international_Test_lifetime_runs": 0.0, "international_Test_lifetime_wickets": 0.0, "international_Test_lifetime_balls played": 0.0, "international_Test_lifetime_overs": 0.0, "international_Test_lifetime_runs gave": 0.0, "international_T20_previous3_runs": [0.0, 7.0, 9.0], "international_T20_previous3_wickets": [0.0, 0.0, 0.0], "international_T20_previous3_balls played": [1.0, 9.0, 11.0], "international_T20_previous3_overs": [0.0, 0.0, 0.0], "international_T20_previous3_runs gave": [0.0, 0.0, 0.0], "international_T20_lifetime_runs": 50.0, "international_T20_lifetime_wickets": 0.0, "international_T20_lifetime_balls played": 71.0, "international_T20_lifetime_overs": 0.0, "international_T20_lifetime_runs gave": 0.0}