{"played_against": {"b674038f": {"runs": 0, "balls": 3, "wickets": 0}, "bbfdb0c8": {"runs": 0, "balls": 1, "wickets": 1}, "b0f2d3bd": {"runs": 2, "balls": 4, "wickets": 0}, "1e50426a": {"runs": 3, "balls": 4, "wickets": 0}, "66c688a4": {"runs": 0, "balls": 1, "wickets": 1}, "9818cc88": {"runs": 1, "balls": 2, "wickets": 0}, "b971183b": {"runs": 1, "balls": 1, "wickets": 0}, "c9473a95": {"runs": 1, "balls": 2, "wickets": 0}, "2d45d7d2": {"runs": 5, "balls": 2, "wickets": 0}, "353e92b3": {"runs": 3, "balls": 8, "wickets": 0}, "3ff4f76c": {"runs": 1, "balls": 4, "wickets": 0}}, "fifties": 0, "thirties": 0, "centuries": 0, "maidens": 0.0, "hattricks": 0, "runs": 17.0, "wickets": 2.0, "club_ODI_previous3_runs": [], "club_ODI_previous3_wickets": [], "club_ODI_previous3_balls played": [], "club_ODI_previous3_overs": [], "club_ODI_previous3_runs gave": [], "club_ODI_lifetime_runs": 0.0, "club_ODI_lifetime_wickets": 0.0, "club_ODI_lifetime_balls played": 0.0, "club_ODI_lifetime_overs": 0.0, "club_ODI_lifetime_runs gave": 0.0, "club_Test_previous3_runs": [], "club_Test_previous3_wickets": [], "club_Test_previous3_balls played": [], "club_Test_previous3_overs": [], "club_Test_previous3_runs gave": [], "club_Test_lifetime_runs": 0.0, "club_Test_lifetime_wickets": 0.0, "club_Test_lifetime_balls played": 0.0, "club_Test_lifetime_overs": 0.0, "club_Test_lifetime_runs gave": 0.0, "club_T20_previous3_runs": [], "club_T20_previous3_wickets": [], "club_T20_previous3_balls played": [], "club_T20_previous3_overs": [], "club_T20_previous3_runs gave": [], "club_T20_lifetime_runs": 0.0, "club_T20_lifetime_wickets": 0.0, "club_T20_lifetime_balls played": 0.0, "club_T20_lifetime_overs": 0.0, "club_T20_lifetime_runs gave": 0.0, "international_ODI_previous3_runs": [], "international_ODI_previous3_wickets": [], "international_ODI_previous3_balls played": [], "international_ODI_previous3_overs": [], "international_ODI_previous3_runs gave": [], "international_ODI_lifetime_runs": 0.0, "international_ODI_lifetime_wickets": 0.0, "international_ODI_lifetime_balls played": 0.0, "international_ODI_lifetime_overs": 0.0, "international_ODI_lifetime_runs gave": 0.0, "international_Test_previous3_runs": [], "international_Test_previous3_wickets": [], "international_Test_previous3_balls played": [], "international_Test_previous3_overs": [], "international_Test_previous3_runs gave": [], "international_Test_lifetime_runs": 0.0, "international_Test_lifetime_wickets": 0.0, "international_Test_lifetime_balls played": 0.0, "international_Test_lifetime_overs": 0.0, "international_Test_lifetime_runs gave": 0.0, "international_T20_previous3_runs": [0.0, 5.0, 12.0], "international_T20_previous3_wickets": [1.0, 0.0, 1.0], "international_T20_previous3_balls played": [4.0, 9.0, 19.0], "international_T20_previous3_overs": [4.0, 3.0, 4.0], "international_T20_previous3_runs gave": [24.0, 6.0, 20.0], "international_T20_lifetime_runs": 17.0, "international_T20_lifetime_wickets": 2.0, "international_T20_lifetime_balls played": 32.0, "international_T20_lifetime_overs": 11.0, "international_T20_lifetime_runs gave": 50.0}