{"played_against": {"cf73ad76": {"runs": 6, "balls": 10, "wickets": 0}, "a5ac694f": {"runs": 35, "balls": 92, "wickets": 1}, "526a1047": {"runs": 34, "balls": 53, "wickets": 0}, "7d7ab238": {"runs": 20, "balls": 44, "wickets": 0}, "f5821615": {"runs": 64, "balls": 79, "wickets": 1}, "9ba59a3c": {"runs": 13, "balls": 13, "wickets": 0}, "2e9fdf9b": {"runs": 18, "balls": 66, "wickets": 2}, "1ad0b441": {"runs": 3, "balls": 7, "wickets": 0}, "51a36d3e": {"runs": 49, "balls": 45, "wickets": 1}, "fbd4f01f": {"runs": 97, "balls": 140, "wickets": 3}, "69c994e4": {"runs": 53, "balls": 114, "wickets": 1}, "fd8f11e9": {"runs": 1, "balls": 2, "wickets": 0}, "c8574282": {"runs": 26, "balls": 40, "wickets": 0}, "b8a55852": {"runs": 3, "balls": 7, "wickets": 0}, "dadbdb68": {"runs": 118, "balls": 177, "wickets": 1}, "78adc879": {"runs": 116, "balls": 225, "wickets": 2}, "1c06d60a": {"runs": 91, "balls": 129, "wickets": 0}, "48f177f5": {"runs": 1, "balls": 6, "wickets": 0}, "e82dc4c5": {"runs": 48, "balls": 88, "wickets": 0}, "2f9d0389": {"runs": 27, "balls": 43, "wickets": 0}, "6ede8cb6": {"runs": 24, "balls": 34, "wickets": 2}, "1b3acd33": {"runs": 10, "balls": 31, "wickets": 0}, "52d11798": {"runs": 39, "balls": 60, "wickets": 1}, "8d8c24fd": {"runs": 25, "balls": 21, "wickets": 0}, "fef92afc": {"runs": 89, "balls": 128, "wickets": 1}, "641ac5ff": {"runs": 101, "balls": 148, "wickets": 2}, "e4a0deae": {"runs": 32, "balls": 49, "wickets": 1}, "42a05795": {"runs": 39, "balls": 56, "wickets": 1}, "eade4650": {"runs": 24, "balls": 79, "wickets": 0}, "10f7b52b": {"runs": 62, "balls": 94, "wickets": 3}, "ed90abe4": {"runs": 5, "balls": 2, "wickets": 0}, "c661789d": {"runs": 26, "balls": 61, "wickets": 0}, "397f4d3a": {"runs": 27, "balls": 37, "wickets": 0}, "f92c9151": {"runs": 7, "balls": 13, "wickets": 0}, "b826908f": {"runs": 0, "balls": 3, "wickets": 0}, "61c03e7d": {"runs": 5, "balls": 5, "wickets": 0}, "9123301a": {"runs": 25, "balls": 38, "wickets": 0}, "48ad3373": {"runs": 82, "balls": 144, "wickets": 0}, "350bb1b1": {"runs": 5, "balls": 23, "wickets": 1}, "bf7842c9": {"runs": 8, "balls": 8, "wickets": 0}, "5bdcdb72": {"runs": 10, "balls": 19, "wickets": 0}, "ea0cdc12": {"runs": 16, "balls": 12, "wickets": 0}, "aceb7654": {"runs": 12, "balls": 13, "wickets": 0}, "327b58d3": {"runs": 55, "balls": 64, "wickets": 1}, "469ea22b": {"runs": 1, "balls": 4, "wickets": 1}, "e1b9f3a9": {"runs": 2, "balls": 2, "wickets": 0}, "96a6a7ad": {"runs": 44, "balls": 84, "wickets": 2}, "249d60c9": {"runs": 37, "balls": 53, "wickets": 0}, "9f54ae00": {"runs": 12, "balls": 8, "wickets": 0}, "b2a79f17": {"runs": 6, "balls": 5, "wickets": 0}, "0164b064": {"runs": 3, "balls": 3, "wickets": 0}, "70c4f525": {"runs": 2, "balls": 2, "wickets": 0}, "e174dadd": {"runs": 33, "balls": 76, "wickets": 0}, "a8e3170f": {"runs": 15, "balls": 14, "wickets": 0}, "eb2d5fe7": {"runs": 25, "balls": 28, "wickets": 1}, "b3118300": {"runs": 31, "balls": 67, "wickets": 1}, "9cb8d7a6": {"runs": 19, "balls": 29, "wickets": 0}, "211de69f": {"runs": 12, "balls": 20, "wickets": 0}, "03806cf8": {"runs": 30, "balls": 61, "wickets": 2}, "012829ff": {"runs": 13, "balls": 14, "wickets": 0}, "dfc4d8b5": {"runs": 8, "balls": 9, "wickets": 0}, "b681e71e": {"runs": 13, "balls": 15, "wickets": 0}, "808f425a": {"runs": 11, "balls": 14, "wickets": 0}, "3d8feaf8": {"runs": 31, "balls": 34, "wickets": 2}, "14f96089": {"runs": 14, "balls": 16, "wickets": 0}, "d167edd3": {"runs": 1, "balls": 1, "wickets": 0}, "bd93fea4": {"runs": 0, "balls": 7, "wickets": 1}, "bc773eeb": {"runs": 10, "balls": 38, "wickets": 1}, "f752db61": {"runs": 7, "balls": 16, "wickets": 1}, "e186f49c": {"runs": 36, "balls": 59, "wickets": 0}, "bb01f9e0": {"runs": 5, "balls": 5, "wickets": 0}, "0a8fce53": {"runs": 105, "balls": 92, "wickets": 2}, "9f0270e0": {"runs": 17, "balls": 22, "wickets": 0}, "26d041c4": {"runs": 5, "balls": 15, "wickets": 0}, "dbfb8218": {"runs": 9, "balls": 19, "wickets": 1}, "aed55673": {"runs": 2, "balls": 5, "wickets": 0}, "e62dd25d": {"runs": 98, "balls": 187, "wickets": 1}, "8fd1a8f5": {"runs": 21, "balls": 48, "wickets": 1}, "cfe70281": {"runs": 37, "balls": 60, "wickets": 0}, "537f5ab2": {"runs": 36, "balls": 34, "wickets": 0}, "f4dfcbb4": {"runs": 5, "balls": 17, "wickets": 0}, "8cf9814c": {"runs": 70, "balls": 100, "wickets": 2}, "2e81a32d": {"runs": 20, "balls": 44, "wickets": 3}, "495d42a5": {"runs": 27, "balls": 107, "wickets": 2}, "fe93fd9d": {"runs": 48, "balls": 81, "wickets": 2}, "eec5fe00": {"runs": 18, "balls": 33, "wickets": 2}, "19cc9592": {"runs": 58, "balls": 114, "wickets": 0}, "13c35c9e": {"runs": 6, "balls": 46, "wickets": 0}, "a63775d6": {"runs": 10, "balls": 13, "wickets": 0}, "5af743d0": {"runs": 13, "balls": 39, "wickets": 0}, "f2800ef3": {"runs": 148, "balls": 292, "wickets": 3}, "2b0f2af3": {"runs": 1, "balls": 8, "wickets": 1}, "ded9240e": {"runs": 15, "balls": 47, "wickets": 0}, "12b610c2": {"runs": 8, "balls": 18, "wickets": 0}, "3fb19989": {"runs": 32, "balls": 56, "wickets": 2}, "f7e9a562": {"runs": 31, "balls": 60, "wickets": 0}, "c58b0108": {"runs": 143, "balls": 244, "wickets": 5}, "ef18b66e": {"runs": 103, "balls": 139, "wickets": 2}, "7dc35884": {"runs": 24, "balls": 39, "wickets": 1}, "a3a078ba": {"runs": 2, "balls": 23, "wickets": 0}, "f56cd097": {"runs": 28, "balls": 33, "wickets": 0}, "5bb5a915": {"runs": 42, "balls": 62, "wickets": 0}, "0b60eb09": {"runs": 34, "balls": 57, "wickets": 3}, "2e8994e7": {"runs": 7, "balls": 22, "wickets": 1}, "99d63244": {"runs": 32, "balls": 39, "wickets": 1}, "dbe50b21": {"runs": 36, "balls": 56, "wickets": 1}, "2e171977": {"runs": 31, "balls": 49, "wickets": 0}, "57ee1fde": {"runs": 60, "balls": 80, "wickets": 0}, "462411b3": {"runs": 56, "balls": 104, "wickets": 1}, "94238673": {"runs": 5, "balls": 12, "wickets": 0}, "782fb776": {"runs": 33, "balls": 72, "wickets": 5}, "f8e48647": {"runs": 67, "balls": 68, "wickets": 0}, "4e520f6c": {"runs": 10, "balls": 28, "wickets": 0}, "78eb4223": {"runs": 15, "balls": 27, "wickets": 1}, "0f721006": {"runs": 53, "balls": 116, "wickets": 1}, "d9609443": {"runs": 99, "balls": 131, "wickets": 0}, "3feda4fa": {"runs": 41, "balls": 76, "wickets": 1}, "92aa28fe": {"runs": 16, "balls": 35, "wickets": 2}, "7d5af2ea": {"runs": 4, "balls": 15, "wickets": 0}, "d7725664": {"runs": 5, "balls": 9, "wickets": 0}, "4a745f65": {"runs": 17, "balls": 11, "wickets": 0}, "773cec26": {"runs": 9, "balls": 7, "wickets": 0}, "684a56df": {"runs": 17, "balls": 11, "wickets": 0}, "a1d053dd": {"runs": 17, "balls": 13, "wickets": 0}, "650d5e49": {"runs": 7, "balls": 5, "wickets": 0}, "ea3ffd1b": {"runs": 2, "balls": 2, "wickets": 0}, "18fac429": {"runs": 5, "balls": 3, "wickets": 0}, "8e9a5d20": {"runs": 16, "balls": 8, "wickets": 1}, "2e966563": {"runs": 8, "balls": 5, "wickets": 1}, "79f5bc26": {"runs": 22, "balls": 37, "wickets": 0}, "2911de16": {"runs": 82, "balls": 116, "wickets": 4}, "9de62878": {"runs": 35, "balls": 47, "wickets": 1}, "1c790f4f": {"runs": 25, "balls": 23, "wickets": 1}, "bd4ea627": {"runs": 49, "balls": 94, "wickets": 0}, "7cd0a092": {"runs": 18, "balls": 33, "wickets": 0}, "e087956b": {"runs": 20, "balls": 33, "wickets": 2}, "e86754b2": {"runs": 13, "balls": 17, "wickets": 2}, "bb351c23": {"runs": 39, "balls": 62, "wickets": 0}, "4c5d73db": {"runs": 55, "balls": 108, "wickets": 1}, "8d92a2c3": {"runs": 35, "balls": 86, "wickets": 2}, "a343262c": {"runs": 66, "balls": 98, "wickets": 1}, "d12143bf": {"runs": 77, "balls": 136, "wickets": 2}, "e9987a94": {"runs": 38, "balls": 59, "wickets": 0}, "eba6a852": {"runs": 75, "balls": 222, "wickets": 0}, "3987e390": {"runs": 39, "balls": 118, "wickets": 3}, "2a802bfd": {"runs": 9, "balls": 21, "wickets": 0}, "2ef64bd1": {"runs": 5, "balls": 9, "wickets": 1}, "94d7f855": {"runs": 25, "balls": 74, "wickets": 1}, "848487cf": {"runs": 4, "balls": 2, "wickets": 0}, "9ab63e7b": {"runs": 17, "balls": 43, "wickets": 0}, "45a7e761": {"runs": 86, "balls": 144, "wickets": 0}, "f3be8d36": {"runs": 57, "balls": 218, "wickets": 0}, "a089f93f": {"runs": 65, "balls": 206, "wickets": 2}, "4751caa3": {"runs": 143, "balls": 148, "wickets": 1}, "2f28dc94": {"runs": 30, "balls": 59, "wickets": 1}, "5531248e": {"runs": 59, "balls": 123, "wickets": 2}, "8012d0b8": {"runs": 68, "balls": 87, "wickets": 0}, "7d608e12": {"runs": 60, "balls": 94, "wickets": 1}, "509a7ca1": {"runs": 17, "balls": 28, "wickets": 0}, "400e2d4d": {"runs": 4, "balls": 18, "wickets": 0}, "0f12f9df": {"runs": 10, "balls": 8, "wickets": 0}, "a12e1d51": {"runs": 43, "balls": 28, "wickets": 2}, "79aad751": {"runs": 12, "balls": 15, "wickets": 0}, "770494eb": {"runs": 17, "balls": 20, "wickets": 0}, "f78e7113": {"runs": 7, "balls": 10, "wickets": 0}, "3ff033bb": {"runs": 22, "balls": 34, "wickets": 0}, "2af838ee": {"runs": 41, "balls": 14, "wickets": 0}, "a9da7784": {"runs": 7, "balls": 6, "wickets": 0}, "8abdf100": {"runs": 12, "balls": 4, "wickets": 0}, "8d2c70ad": {"runs": 37, "balls": 45, "wickets": 2}, "a2f46292": {"runs": 13, "balls": 16, "wickets": 0}, "b3a28446": {"runs": 27, "balls": 41, "wickets": 1}, "7147f314": {"runs": 7, "balls": 14, "wickets": 0}, "bf1d7d3e": {"runs": 42, "balls": 49, "wickets": 0}, "cb5100f1": {"runs": 36, "balls": 41, "wickets": 2}, "4d9f9686": {"runs": 17, "balls": 33, "wickets": 0}, "5dbdecf1": {"runs": 30, "balls": 45, "wickets": 1}, "9d1d34bd": {"runs": 60, "balls": 85, "wickets": 2}, "1bb0993e": {"runs": 6, "balls": 11, "wickets": 0}, "de0a3209": {"runs": 24, "balls": 36, "wickets": 1}, "4933f499": {"runs": 0, "balls": 7, "wickets": 1}, "5574750c": {"runs": 16, "balls": 62, "wickets": 0}, "9a963804": {"runs": 22, "balls": 22, "wickets": 1}, "5b16a806": {"runs": 29, "balls": 56, "wickets": 0}, "b54b66b3": {"runs": 29, "balls": 61, "wickets": 0}, "a818c1be": {"runs": 19, "balls": 28, "wickets": 0}, "57f520ee": {"runs": 19, "balls": 62, "wickets": 0}, "ac762575": {"runs": 18, "balls": 15, "wickets": 0}, "e38bce7a": {"runs": 59, "balls": 55, "wickets": 2}, "2fef3b0c": {"runs": 62, "balls": 122, "wickets": 5}, "e94915e6": {"runs": 30, "balls": 55, "wickets": 1}, "fa433be6": {"runs": 5, "balls": 11, "wickets": 0}, "90701232": {"runs": 54, "balls": 52, "wickets": 0}, "b03db6fa": {"runs": 72, "balls": 93, "wickets": 1}, "63a1874a": {"runs": 43, "balls": 32, "wickets": 1}, "ed6894af": {"runs": 41, "balls": 81, "wickets": 2}, "1abb78f8": {"runs": 65, "balls": 59, "wickets": 1}, "21d4e29b": {"runs": 38, "balls": 39, "wickets": 0}, "5bb1a1c4": {"runs": 2, "balls": 13, "wickets": 1}, "cc1e8c68": {"runs": 5, "balls": 25, "wickets": 0}, "ba607b88": {"runs": 4, "balls": 6, "wickets": 0}, "05b1aef8": {"runs": 45, "balls": 67, "wickets": 1}, "ebb1f8e8": {"runs": 69, "balls": 94, "wickets": 3}, "b0946605": {"runs": 32, "balls": 43, "wickets": 0}, "f7c3d426": {"runs": 50, "balls": 83, "wickets": 0}, "9c9af282": {"runs": 62, "balls": 96, "wickets": 2}, "6843a783": {"runs": 5, "balls": 16, "wickets": 0}, "9fd3a210": {"runs": 40, "balls": 56, "wickets": 0}, "80ad39ac": {"runs": 45, "balls": 32, "wickets": 0}, "9dad0f2e": {"runs": 46, "balls": 75, "wickets": 2}, "bed90114": {"runs": 28, "balls": 43, "wickets": 0}, "46966c2b": {"runs": 4, "balls": 6, "wickets": 0}, "0f3ee070": {"runs": 27, "balls": 87, "wickets": 2}, "4b685e2d": {"runs": 2, "balls": 4, "wickets": 0}, "3f659464": {"runs": 3, "balls": 7, "wickets": 0}, "37654b75": {"runs": 31, "balls": 47, "wickets": 1}, "711249d1": {"runs": 2, "balls": 2, "wickets": 0}, "37138918": {"runs": 9, "balls": 8, "wickets": 0}, "25dcd237": {"runs": 2, "balls": 6, "wickets": 0}, "236c8ffb": {"runs": 26, "balls": 52, "wickets": 1}, "e1891e00": {"runs": 38, "balls": 53, "wickets": 1}, "ba5e1069": {"runs": 5, "balls": 10, "wickets": 0}, "2f49c897": {"runs": 14, "balls": 34, "wickets": 1}, "81049310": {"runs": 18, "balls": 34, "wickets": 0}, "93f25f4f": {"runs": 29, "balls": 25, "wickets": 2}, "b53136ce": {"runs": 8, "balls": 7, "wickets": 0}, "bb34fd31": {"runs": 40, "balls": 79, "wickets": 3}, "1274d7ab": {"runs": 4, "balls": 7, "wickets": 0}, "a8e56914": {"runs": 45, "balls": 45, "wickets": 1}, "81c36ee9": {"runs": 56, "balls": 82, "wickets": 1}, "d4d37c31": {"runs": 17, "balls": 30, "wickets": 0}, "f892fcf9": {"runs": 2, "balls": 20, "wickets": 0}, "678a8133": {"runs": 1, "balls": 7, "wickets": 0}, "0085a7ce": {"runs": 0, "balls": 5, "wickets": 0}, "4f78497c": {"runs": 0, "balls": 1, "wickets": 1}, "c042b412": {"runs": 22, "balls": 35, "wickets": 1}, "fc4375ef": {"runs": 11, "balls": 7, "wickets": 0}, "0dbe27b8": {"runs": 11, "balls": 10, "wickets": 0}, "abbdca1a": {"runs": 9, "balls": 22, "wickets": 0}, "a300e810": {"runs": 4, "balls": 6, "wickets": 0}, "fd9f43bb": {"runs": 22, "balls": 46, "wickets": 0}, "6fb2d3a2": {"runs": 61, "balls": 72, "wickets": 1}, "74a1c1e3": {"runs": 61, "balls": 94, "wickets": 0}, "2c1438ef": {"runs": 80, "balls": 100, "wickets": 3}, "894b2d25": {"runs": 23, "balls": 61, "wickets": 1}, "59559bc2": {"runs": 3, "balls": 18, "wickets": 0}, "478a63e7": {"runs": 36, "balls": 26, "wickets": 1}, "9061a703": {"runs": 4, "balls": 3, "wickets": 0}, "c9945bdf": {"runs": 6, "balls": 11, "wickets": 0}, "e957b38f": {"runs": 29, "balls": 27, "wickets": 0}, "33b3d2df": {"runs": 11, "balls": 11, "wickets": 0}, "bd0a4a7d": {"runs": 6, "balls": 8, "wickets": 1}, "25550d06": {"runs": 11, "balls": 3, "wickets": 0}, "6be7b49d": {"runs": 32, "balls": 39, "wickets": 0}, "e3aa97a2": {"runs": 40, "balls": 70, "wickets": 0}, "f28c7456": {"runs": 71, "balls": 104, "wickets": 0}, "ac3e5a31": {"runs": 16, "balls": 32, "wickets": 0}, "2742086d": {"runs": 15, "balls": 25, "wickets": 0}, "abb7c76c": {"runs": 13, "balls": 34, "wickets": 0}, "54c58a5e": {"runs": 11, "balls": 14, "wickets": 1}, "89c16049": {"runs": 19, "balls": 35, "wickets": 2}, "f19ccfad": {"runs": 4, "balls": 7, "wickets": 0}, "81c08fa3": {"runs": 6, "balls": 4, "wickets": 0}, "de3d549a": {"runs": 40, "balls": 37, "wickets": 0}, "127bc5ca": {"runs": 33, "balls": 67, "wickets": 1}, "a97c8ec2": {"runs": 10, "balls": 11, "wickets": 0}, "fb3e0d39": {"runs": 10, "balls": 6, "wickets": 0}, "24bb1c2f": {"runs": 14, "balls": 13, "wickets": 0}, "9e9af5f2": {"runs": 5, "balls": 13, "wickets": 0}, "6dd8b88c": {"runs": 11, "balls": 11, "wickets": 1}, "70d57519": {"runs": 11, "balls": 8, "wickets": 0}, "7f048519": {"runs": 5, "balls": 6, "wickets": 1}, "8db7f47f": {"runs": 5, "balls": 11, "wickets": 0}, "cad40f5e": {"runs": 13, "balls": 14, "wickets": 0}, "50c6bc2b": {"runs": 2, "balls": 2, "wickets": 0}, "0b0cc297": {"runs": 21, "balls": 28, "wickets": 1}, "2767c22a": {"runs": 31, "balls": 53, "wickets": 0}, "321be7e3": {"runs": 52, "balls": 108, "wickets": 0}, "8f3f2d61": {"runs": 12, "balls": 20, "wickets": 0}, "dbeb6733": {"runs": 7, "balls": 18, "wickets": 1}, "1670dcfd": {"runs": 3, "balls": 18, "wickets": 0}, "5935d694": {"runs": 26, "balls": 25, "wickets": 0}, "b1b7b7de": {"runs": 9, "balls": 4, "wickets": 1}, "07793daf": {"runs": 5, "balls": 3, "wickets": 0}, "33ad0ad9": {"runs": 10, "balls": 5, "wickets": 0}, "9a46c4e5": {"runs": 8, "balls": 6, "wickets": 0}, "aa8914ad": {"runs": 11, "balls": 5, "wickets": 0}, "8ce2080b": {"runs": 6, "balls": 3, "wickets": 0}, "1e1a8922": {"runs": 18, "balls": 34, "wickets": 0}, "99528b4b": {"runs": 15, "balls": 9, "wickets": 0}, "e6e154e3": {"runs": 12, "balls": 11, "wickets": 0}, "7068c81e": {"runs": 6, "balls": 11, "wickets": 0}, "149d0c18": {"runs": 12, "balls": 9, "wickets": 1}, "a1ad8978": {"runs": 9, "balls": 7, "wickets": 1}, "4de02539": {"runs": 19, "balls": 24, "wickets": 1}, "9b05c1c1": {"runs": 12, "balls": 15, "wickets": 0}, "f24c6701": {"runs": 1, "balls": 2, "wickets": 0}, "732c038e": {"runs": 5, "balls": 4, "wickets": 1}}, "fifties": 43, "thirties": 34, "centuries": 21, "maidens": 0.0, "hattricks": 0, "runs": 8206.0, "wickets": 0.0, "club_ODI_previous3_runs": [], "club_ODI_previous3_wickets": [], "club_ODI_previous3_balls played": [], "club_ODI_previous3_overs": [], "club_ODI_previous3_runs gave": [], "club_ODI_lifetime_runs": 0.0, "club_ODI_lifetime_wickets": 0.0, "club_ODI_lifetime_balls played": 0.0, "club_ODI_lifetime_overs": 0.0, "club_ODI_lifetime_runs gave": 0.0, "club_Test_previous3_runs": [58.0, 33.0, 44.0], "club_Test_previous3_wickets": [0.0, 0.0, 0.0], "club_Test_previous3_balls played": [114.0, 64.0, 68.0], "club_Test_previous3_overs": [0.0, 0.0, 0.0], "club_Test_previous3_runs gave": [0.0, 0.0, 0.0], "club_Test_lifetime_runs": 2498.0, "club_Test_lifetime_wickets": 0.0, "club_Test_lifetime_balls played": 4406.0, "club_Test_lifetime_overs": 3.0, "club_Test_lifetime_runs gave": 10.0, "club_T20_previous3_runs": [52.0, 1.0, 42.0], "club_T20_previous3_wickets": [0.0, 0.0, 0.0], "club_T20_previous3_balls played": [31.0, 6.0, 35.0], "club_T20_previous3_overs": [0.0, 0.0, 0.0], "club_T20_previous3_runs gave": [0.0, 0.0, 0.0], "club_T20_lifetime_runs": 573.0, "club_T20_lifetime_wickets": 0.0, "club_T20_lifetime_balls played": 407.0, "club_T20_lifetime_overs": 0.0, "club_T20_lifetime_runs gave": 0.0, "international_ODI_previous3_runs": [95.0, 1.0, 6.0], "international_ODI_previous3_wickets": [0.0, 0.0, 0.0], "international_ODI_previous3_balls played": [99.0, 12.0, 6.0], "international_ODI_previous3_overs": [0.0, 0.0, 0.0], "international_ODI_previous3_runs gave": [0.0, 0.0, 0.0], "international_ODI_lifetime_runs": 2062.0, "international_ODI_lifetime_wickets": 0.0, "international_ODI_lifetime_balls played": 2532.0, "international_ODI_lifetime_overs": 0.0, "international_ODI_lifetime_runs gave": 0.0, "international_Test_previous3_runs": [200.0, 21.0, 4.0], "international_Test_previous3_wickets": [0.0, 0.0, 0.0], "international_Test_previous3_balls played": [237.0, 49.0, 20.0], "international_Test_previous3_overs": [0.0, 0.0, 0.0], "international_Test_previous3_runs gave": [0.0, 0.0, 0.0], "international_Test_lifetime_runs": 2973.0, "international_Test_lifetime_wickets": 0.0, "international_Test_lifetime_balls played": 5880.0, "international_Test_lifetime_overs": 0.0, "international_Test_lifetime_runs gave": 0.0, "international_T20_previous3_runs": [36.0, 1.0, 20.0], "international_T20_previous3_wickets": [0.0, 0.0, 0.0], "international_T20_previous3_balls played": [29.0, 5.0, 21.0], "international_T20_previous3_overs": [0.0, 0.0, 0.0], "international_T20_previous3_runs gave": [0.0, 0.0, 0.0], "international_T20_lifetime_runs": 100.0, "international_T20_lifetime_wickets": 0.0, "international_T20_lifetime_balls played": 112.0, "international_T20_lifetime_overs": 0.0, "international_T20_lifetime_runs gave": 0.0}