{"played_against": {"085071f2": {"runs": 6, "balls": 7, "wickets": 0}, "ea6ec2d9": {"runs": 4, "balls": 3, "wickets": 0}, "5470418a": {"runs": 4, "balls": 8, "wickets": 0}, "0d38ab25": {"runs": 8, "balls": 11, "wickets": 0}, "57c95c3c": {"runs": 1, "balls": 2, "wickets": 0}, "dcc76384": {"runs": 1, "balls": 4, "wickets": 1}, "6d6f52fc": {"runs": 11, "balls": 8, "wickets": 0}, "034d3c52": {"runs": 9, "balls": 9, "wickets": 0}, "1911dcbc": {"runs": 9, "balls": 6, "wickets": 0}}, "fifties": 0, "thirties": 1, "centuries": 0, "maidens": 0.0, "hattricks": 1, "runs": 53.0, "wickets": 6.0, "club_ODI_previous3_runs": [], "club_ODI_previous3_wickets": [], "club_ODI_previous3_balls played": [], "club_ODI_previous3_overs": [], "club_ODI_previous3_runs gave": [], "club_ODI_lifetime_runs": 0.0, "club_ODI_lifetime_wickets": 0.0, "club_ODI_lifetime_balls played": 0.0, "club_ODI_lifetime_overs": 0.0, "club_ODI_lifetime_runs gave": 0.0, "club_Test_previous3_runs": [], "club_Test_previous3_wickets": [], "club_Test_previous3_balls played": [], "club_Test_previous3_overs": [], "club_Test_previous3_runs gave": [], "club_Test_lifetime_runs": 0.0, "club_Test_lifetime_wickets": 0.0, "club_Test_lifetime_balls played": 0.0, "club_Test_lifetime_overs": 0.0, "club_Test_lifetime_runs gave": 0.0, "club_T20_previous3_runs": [], "club_T20_previous3_wickets": [], "club_T20_previous3_balls played": [], "club_T20_previous3_overs": [], "club_T20_previous3_runs gave": [], "club_T20_lifetime_runs": 0.0, "club_T20_lifetime_wickets": 0.0, "club_T20_lifetime_balls played": 0.0, "club_T20_lifetime_overs": 0.0, "club_T20_lifetime_runs gave": 0.0, "international_ODI_previous3_runs": [], "international_ODI_previous3_wickets": [], "international_ODI_previous3_balls played": [], "international_ODI_previous3_overs": [], "international_ODI_previous3_runs gave": [], "international_ODI_lifetime_runs": 0.0, "international_ODI_lifetime_wickets": 0.0, "international_ODI_lifetime_balls played": 0.0, "international_ODI_lifetime_overs": 0.0, "international_ODI_lifetime_runs gave": 0.0, "international_Test_previous3_runs": [], "international_Test_previous3_wickets": [], "international_Test_previous3_balls played": [], "international_Test_previous3_overs": [], "international_Test_previous3_runs gave": [], "international_Test_lifetime_runs": 0.0, "international_Test_lifetime_wickets": 0.0, "international_Test_lifetime_balls played": 0.0, "international_Test_lifetime_overs": 0.0, "international_Test_lifetime_runs gave": 0.0, "international_T20_previous3_runs": [4.0, 2.0, 37.0], "international_T20_previous3_wickets": [1.0, 4.0, 1.0], "international_T20_previous3_balls played": [14.0, 6.0, 30.0], "international_T20_previous3_overs": [3.0, 3.8333333333333335, 2.0], "international_T20_previous3_runs gave": [21.0, 39.0, 23.0], "international_T20_lifetime_runs": 53.0, "international_T20_lifetime_wickets": 6.0, "international_T20_lifetime_balls played": 60.0, "international_T20_lifetime_overs": 10.833333333333334, "international_T20_lifetime_runs gave": 92.0}