{"played_against": {"97b0e4ff": {"runs": 12, "balls": 14, "wickets": 2}, "9d50c7e1": {"runs": 2, "balls": 3, "wickets": 0}, "aa8d28ae": {"runs": 4, "balls": 5, "wickets": 0}, "c3d35165": {"runs": 7, "balls": 11, "wickets": 1}, "9c9f8dbc": {"runs": 0, "balls": 1, "wickets": 0}, "f834dcfc": {"runs": 16, "balls": 10, "wickets": 2}, "a757b0d8": {"runs": 26, "balls": 11, "wickets": 0}, "3a60e0b5": {"runs": 1, "balls": 3, "wickets": 1}, "462d7c62": {"runs": 8, "balls": 6, "wickets": 0}, "9df3a2f4": {"runs": 9, "balls": 4, "wickets": 0}, "8361e524": {"runs": 2, "balls": 2, "wickets": 1}, "acee4cc4": {"runs": 1, "balls": 2, "wickets": 0}, "a467273e": {"runs": 3, "balls": 3, "wickets": 0}, "d0db2e43": {"runs": 9, "balls": 3, "wickets": 0}, "016e5101": {"runs": 4, "balls": 3, "wickets": 0}, "afa78c3a": {"runs": 1, "balls": 3, "wickets": 1}, "cba5185d": {"runs": 11, "balls": 5, "wickets": 0}, "90d6cdea": {"runs": 2, "balls": 2, "wickets": 0}, "d4eef961": {"runs": 5, "balls": 5, "wickets": 0}, "58f01d47": {"runs": 18, "balls": 8, "wickets": 0}, "a8e56914": {"runs": 18, "balls": 9, "wickets": 0}, "a83c44b8": {"runs": 8, "balls": 6, "wickets": 0}, "c995d726": {"runs": 12, "balls": 10, "wickets": 1}, "e734d090": {"runs": 2, "balls": 8, "wickets": 1}, "a03bba42": {"runs": 11, "balls": 10, "wickets": 0}, "1d105638": {"runs": 1, "balls": 6, "wickets": 1}, "d7a57f75": {"runs": 4, "balls": 5, "wickets": 0}, "7bc29ffb": {"runs": 1, "balls": 2, "wickets": 0}, "42172c3c": {"runs": 4, "balls": 5, "wickets": 0}, "ab6b1c45": {"runs": 14, "balls": 15, "wickets": 0}, "8b248d88": {"runs": 0, "balls": 1, "wickets": 0}, "7955eb15": {"runs": 1, "balls": 1, "wickets": 0}, "f277f531": {"runs": 7, "balls": 6, "wickets": 0}, "8e6827f7": {"runs": 4, "balls": 5, "wickets": 0}, "f2397e48": {"runs": 4, "balls": 5, "wickets": 0}, "9a2fc964": {"runs": 3, "balls": 3, "wickets": 0}, "3204c99f": {"runs": 0, "balls": 3, "wickets": 0}, "1062bebb": {"runs": 1, "balls": 3, "wickets": 0}, "a316d663": {"runs": 14, "balls": 6, "wickets": 0}, "00741bc7": {"runs": 2, "balls": 1, "wickets": 0}, "ffd3fc37": {"runs": 2, "balls": 2, "wickets": 0}, "5ec126fa": {"runs": 3, "balls": 3, "wickets": 1}, "b56dc5f7": {"runs": 2, "balls": 2, "wickets": 0}, "fc60e81a": {"runs": 9, "balls": 6, "wickets": 0}, "7ec9711d": {"runs": 2, "balls": 4, "wickets": 0}, "28d6c44d": {"runs": 5, "balls": 6, "wickets": 1}, "d44569de": {"runs": 22, "balls": 7, "wickets": 0}, "6b9eb501": {"runs": 1, "balls": 1, "wickets": 0}, "7f8ecc51": {"runs": 7, "balls": 4, "wickets": 1}}, "fifties": 2, "thirties": 1, "centuries": 0, "maidens": 0.0, "hattricks": 0, "runs": 305.0, "wickets": 0.0, "club_ODI_previous3_runs": [], "club_ODI_previous3_wickets": [], "club_ODI_previous3_balls played": [], "club_ODI_previous3_overs": [], "club_ODI_previous3_runs gave": [], "club_ODI_lifetime_runs": 0.0, "club_ODI_lifetime_wickets": 0.0, "club_ODI_lifetime_balls played": 0.0, "club_ODI_lifetime_overs": 0.0, "club_ODI_lifetime_runs gave": 0.0, "club_Test_previous3_runs": [], "club_Test_previous3_wickets": [], "club_Test_previous3_balls played": [], "club_Test_previous3_overs": [], "club_Test_previous3_runs gave": [], "club_Test_lifetime_runs": 0.0, "club_Test_lifetime_wickets": 0.0, "club_Test_lifetime_balls played": 0.0, "club_Test_lifetime_overs": 0.0, "club_Test_lifetime_runs gave": 0.0, "club_T20_previous3_runs": [2.0, 52.0, 9.0], "club_T20_previous3_wickets": [0.0, 0.0, 0.0], "club_T20_previous3_balls played": [3.0, 37.0, 6.0], "club_T20_previous3_overs": [0.0, 0.0, 0.0], "club_T20_previous3_runs gave": [0.0, 0.0, 0.0], "club_T20_lifetime_runs": 305.0, "club_T20_lifetime_wickets": 0.0, "club_T20_lifetime_balls played": 252.0, "club_T20_lifetime_overs": 0.0, "club_T20_lifetime_runs gave": 0.0, "international_ODI_previous3_runs": [], "international_ODI_previous3_wickets": [], "international_ODI_previous3_balls played": [], "international_ODI_previous3_overs": [], "international_ODI_previous3_runs gave": [], "international_ODI_lifetime_runs": 0.0, "international_ODI_lifetime_wickets": 0.0, "international_ODI_lifetime_balls played": 0.0, "international_ODI_lifetime_overs": 0.0, "international_ODI_lifetime_runs gave": 0.0, "international_Test_previous3_runs": [], "international_Test_previous3_wickets": [], "international_Test_previous3_balls played": [], "international_Test_previous3_overs": [], "international_Test_previous3_runs gave": [], "international_Test_lifetime_runs": 0.0, "international_Test_lifetime_wickets": 0.0, "international_Test_lifetime_balls played": 0.0, "international_Test_lifetime_overs": 0.0, "international_Test_lifetime_runs gave": 0.0, "international_T20_previous3_runs": [], "international_T20_previous3_wickets": [], "international_T20_previous3_balls played": [], "international_T20_previous3_overs": [], "international_T20_previous3_runs gave": [], "international_T20_lifetime_runs": 0.0, "international_T20_lifetime_wickets": 0.0, "international_T20_lifetime_balls played": 0.0, "international_T20_lifetime_overs": 0.0, "international_T20_lifetime_runs gave": 0.0}