{"played_against": {"c3cbf0fc": {"runs": 0, "balls": 5, "wickets": 0}, "84f1ae7f": {"runs": 6, "balls": 14, "wickets": 0}, "b8b6ae08": {"runs": 0, "balls": 1, "wickets": 0}, "63e3b6b3": {"runs": 0, "balls": 2, "wickets": 0}, "108c4c09": {"runs": 1, "balls": 1, "wickets": 0}, "a4d52e08": {"runs": 0, "balls": 3, "wickets": 0}, "8c5775f3": {"runs": 0, "balls": 5, "wickets": 0}, "cc3884f9": {"runs": 15, "balls": 11, "wickets": 0}, "1f7825dd": {"runs": 0, "balls": 1, "wickets": 0}, "8879d882": {"runs": 7, "balls": 12, "wickets": 0}, "a6aac76b": {"runs": 5, "balls": 7, "wickets": 1}, "180240d4": {"runs": 2, "balls": 2, "wickets": 0}, "b4bbe95c": {"runs": 8, "balls": 10, "wickets": 0}, "705489eb": {"runs": 1, "balls": 2, "wickets": 0}, "57a45277": {"runs": 0, "balls": 3, "wickets": 0}, "752183c1": {"runs": 1, "balls": 2, "wickets": 0}, "005f0561": {"runs": 2, "balls": 10, "wickets": 1}}, "fifties": 0, "thirties": 0, "centuries": 0, "maidens": 0.0, "hattricks": 0, "runs": 48.0, "wickets": 0.0, "club_ODI_previous3_runs": [], "club_ODI_previous3_wickets": [], "club_ODI_previous3_balls played": [], "club_ODI_previous3_overs": [], "club_ODI_previous3_runs gave": [], "club_ODI_lifetime_runs": 0.0, "club_ODI_lifetime_wickets": 0.0, "club_ODI_lifetime_balls played": 0.0, "club_ODI_lifetime_overs": 0.0, "club_ODI_lifetime_runs gave": 0.0, "club_Test_previous3_runs": [], "club_Test_previous3_wickets": [], "club_Test_previous3_balls played": [], "club_Test_previous3_overs": [], "club_Test_previous3_runs gave": [], "club_Test_lifetime_runs": 0.0, "club_Test_lifetime_wickets": 0.0, "club_Test_lifetime_balls played": 0.0, "club_Test_lifetime_overs": 0.0, "club_Test_lifetime_runs gave": 0.0, "club_T20_previous3_runs": [], "club_T20_previous3_wickets": [], "club_T20_previous3_balls played": [], "club_T20_previous3_overs": [], "club_T20_previous3_runs gave": [], "club_T20_lifetime_runs": 0.0, "club_T20_lifetime_wickets": 0.0, "club_T20_lifetime_balls played": 0.0, "club_T20_lifetime_overs": 0.0, "club_T20_lifetime_runs gave": 0.0, "international_ODI_previous3_runs": [0.0, 0.0], "international_ODI_previous3_wickets": [0.0, 0.0], "international_ODI_previous3_balls played": [7.0, 4.0], "international_ODI_previous3_overs": [0.0, 0.0], "international_ODI_previous3_runs gave": [0.0, 0.0], "international_ODI_lifetime_runs": 0.0, "international_ODI_lifetime_wickets": 0.0, "international_ODI_lifetime_balls played": 11.0, "international_ODI_lifetime_overs": 0.0, "international_ODI_lifetime_runs gave": 0.0, "international_Test_previous3_runs": [], "international_Test_previous3_wickets": [], "international_Test_previous3_balls played": [], "international_Test_previous3_overs": [], "international_Test_previous3_runs gave": [], "international_Test_lifetime_runs": 0.0, "international_Test_lifetime_wickets": 0.0, "international_Test_lifetime_balls played": 0.0, "international_Test_lifetime_overs": 0.0, "international_Test_lifetime_runs gave": 0.0, "international_T20_previous3_runs": [14.0, 15.0, 3.0], "international_T20_previous3_wickets": [0.0, 0.0, 0.0], "international_T20_previous3_balls played": [22.0, 24.0, 12.0], "international_T20_previous3_overs": [0.0, 0.0, 0.0], "international_T20_previous3_runs gave": [0.0, 0.0, 0.0], "international_T20_lifetime_runs": 48.0, "international_T20_lifetime_wickets": 0.0, "international_T20_lifetime_balls played": 82.0, "international_T20_lifetime_overs": 0.0, "international_T20_lifetime_runs gave": 0.0}