{"played_against": {"d3a44255": {"runs": 0, "balls": 3, "wickets": 1}, "907c51ab": {"runs": 0, "balls": 4, "wickets": 0}, "287ed3a0": {"runs": 4, "balls": 7, "wickets": 0}, "e149d0ae": {"runs": 3, "balls": 5, "wickets": 0}, "ea8b65ab": {"runs": 2, "balls": 3, "wickets": 0}, "f3a18a0c": {"runs": 2, "balls": 6, "wickets": 0}, "32497ecd": {"runs": 0, "balls": 1, "wickets": 1}}, "fifties": 0, "thirties": 0, "centuries": 0, "maidens": 0.0, "hattricks": 0, "runs": 11.0, "wickets": 1.0, "club_ODI_previous3_runs": [], "club_ODI_previous3_wickets": [], "club_ODI_previous3_balls played": [], "club_ODI_previous3_overs": [], "club_ODI_previous3_runs gave": [], "club_ODI_lifetime_runs": 0.0, "club_ODI_lifetime_wickets": 0.0, "club_ODI_lifetime_balls played": 0.0, "club_ODI_lifetime_overs": 0.0, "club_ODI_lifetime_runs gave": 0.0, "club_Test_previous3_runs": [], "club_Test_previous3_wickets": [], "club_Test_previous3_balls played": [], "club_Test_previous3_overs": [], "club_Test_previous3_runs gave": [], "club_Test_lifetime_runs": 0.0, "club_Test_lifetime_wickets": 0.0, "club_Test_lifetime_balls played": 0.0, "club_Test_lifetime_overs": 0.0, "club_Test_lifetime_runs gave": 0.0, "club_T20_previous3_runs": [], "club_T20_previous3_wickets": [], "club_T20_previous3_balls played": [], "club_T20_previous3_overs": [], "club_T20_previous3_runs gave": [], "club_T20_lifetime_runs": 0.0, "club_T20_lifetime_wickets": 0.0, "club_T20_lifetime_balls played": 0.0, "club_T20_lifetime_overs": 0.0, "club_T20_lifetime_runs gave": 0.0, "international_ODI_previous3_runs": [0.0], "international_ODI_previous3_wickets": [0.0], "international_ODI_previous3_balls played": [3.0], "international_ODI_previous3_overs": [3.0], "international_ODI_previous3_runs gave": [22.0], "international_ODI_lifetime_runs": 0.0, "international_ODI_lifetime_wickets": 0.0, "international_ODI_lifetime_balls played": 3.0, "international_ODI_lifetime_overs": 3.0, "international_ODI_lifetime_runs gave": 22.0, "international_Test_previous3_runs": [], "international_Test_previous3_wickets": [], "international_Test_previous3_balls played": [], "international_Test_previous3_overs": [], "international_Test_previous3_runs gave": [], "international_Test_lifetime_runs": 0.0, "international_Test_lifetime_wickets": 0.0, "international_Test_lifetime_balls played": 0.0, "international_Test_lifetime_overs": 0.0, "international_Test_lifetime_runs gave": 0.0, "international_T20_previous3_runs": [11.0, 0.0, 0.0], "international_T20_previous3_wickets": [0.0, 0.0, 1.0], "international_T20_previous3_balls played": [27.0, 0.0, 0.0], "international_T20_previous3_overs": [1.1666666666666667, 3.0, 4.0], "international_T20_previous3_runs gave": [12.0, 18.0, 13.0], "international_T20_lifetime_runs": 11.0, "international_T20_lifetime_wickets": 1.0, "international_T20_lifetime_balls played": 27.0, "international_T20_lifetime_overs": 8.166666666666668, "international_T20_lifetime_runs gave": 43.0}