{"played_against": {"249d60c9": {"runs": 3, "balls": 4, "wickets": 1}, "9a963804": {"runs": 9, "balls": 6, "wickets": 0}, "bb351c23": {"runs": 12, "balls": 4, "wickets": 0}, "acee4cc4": {"runs": 9, "balls": 18, "wickets": 0}, "a03bba42": {"runs": 36, "balls": 28, "wickets": 0}, "acdc62f5": {"runs": 3, "balls": 17, "wickets": 2}, "ab6b1c45": {"runs": 11, "balls": 14, "wickets": 0}, "8fd1a8f5": {"runs": 10, "balls": 5, "wickets": 0}, "e62dd25d": {"runs": 30, "balls": 17, "wickets": 0}, "f892fcf9": {"runs": 11, "balls": 10, "wickets": 0}, "fb66ce1f": {"runs": 0, "balls": 1, "wickets": 1}, "1cb14aa4": {"runs": 0, "balls": 1, "wickets": 1}, "b529630e": {"runs": 2, "balls": 2, "wickets": 0}, "18fac429": {"runs": 5, "balls": 12, "wickets": 1}, "1be67d37": {"runs": 11, "balls": 16, "wickets": 0}, "de063a39": {"runs": 1, "balls": 2, "wickets": 1}, "79aad751": {"runs": 4, "balls": 5, "wickets": 1}, "0dc00542": {"runs": 2, "balls": 2, "wickets": 0}, "5b16a806": {"runs": 11, "balls": 10, "wickets": 0}, "cdac5a3d": {"runs": 14, "balls": 5, "wickets": 0}, "e174dadd": {"runs": 7, "balls": 3, "wickets": 1}, "a8e56914": {"runs": 5, "balls": 3, "wickets": 0}, "0f12f9df": {"runs": 20, "balls": 12, "wickets": 1}, "a97c8ec2": {"runs": 2, "balls": 3, "wickets": 0}, "eb2d5fe7": {"runs": 2, "balls": 4, "wickets": 0}, "8012d0b8": {"runs": 24, "balls": 19, "wickets": 2}, "b52ffbbd": {"runs": 3, "balls": 8, "wickets": 0}, "c5aef772": {"runs": 17, "balls": 13, "wickets": 1}, "4d7f517e": {"runs": 3, "balls": 7, "wickets": 0}, "773cec26": {"runs": 3, "balls": 4, "wickets": 1}, "0b60eb09": {"runs": 4, "balls": 8, "wickets": 0}, "6a26221c": {"runs": 4, "balls": 8, "wickets": 1}, "e5437608": {"runs": 3, "balls": 10, "wickets": 1}, "11614d87": {"runs": 1, "balls": 2, "wickets": 0}, "ba603555": {"runs": 3, "balls": 3, "wickets": 0}, "fb3e0d39": {"runs": 17, "balls": 9, "wickets": 0}, "0a2184d9": {"runs": 3, "balls": 5, "wickets": 1}, "9ab63e7b": {"runs": 9, "balls": 6, "wickets": 0}, "ee1b6c27": {"runs": 43, "balls": 25, "wickets": 0}, "efc04be7": {"runs": 46, "balls": 44, "wickets": 1}, "213fd5e9": {"runs": 12, "balls": 7, "wickets": 0}, "2f28dc94": {"runs": 16, "balls": 16, "wickets": 0}, "ded9ff1e": {"runs": 20, "balls": 10, "wickets": 1}, "fec50c96": {"runs": 4, "balls": 6, "wickets": 0}, "f78e7113": {"runs": 7, "balls": 6, "wickets": 0}, "7d608e12": {"runs": 28, "balls": 29, "wickets": 0}, "d68e7f48": {"runs": 0, "balls": 2, "wickets": 1}, "6ba6ca1f": {"runs": 2, "balls": 2, "wickets": 0}, "c0c411cb": {"runs": 1, "balls": 2, "wickets": 0}, "aceb7654": {"runs": 13, "balls": 11, "wickets": 1}, "449f4e3c": {"runs": 3, "balls": 10, "wickets": 0}, "6e3f5a5c": {"runs": 21, "balls": 34, "wickets": 2}, "4bc0a378": {"runs": 21, "balls": 31, "wickets": 0}, "5bbabe59": {"runs": 19, "balls": 21, "wickets": 0}, "a879b92c": {"runs": 4, "balls": 9, "wickets": 0}, "afe57f7a": {"runs": 12, "balls": 10, "wickets": 0}, "b08252b8": {"runs": 7, "balls": 12, "wickets": 1}, "26d041c4": {"runs": 19, "balls": 12, "wickets": 1}, "3fb19989": {"runs": 3, "balls": 8, "wickets": 0}, "96a6a7ad": {"runs": 27, "balls": 82, "wickets": 0}, "eaa76d3c": {"runs": 3, "balls": 10, "wickets": 0}, "86b4bf88": {"runs": 18, "balls": 25, "wickets": 1}, "ded9240e": {"runs": 7, "balls": 7, "wickets": 0}, "fa433be6": {"runs": 3, "balls": 5, "wickets": 0}, "2af838ee": {"runs": 9, "balls": 7, "wickets": 0}, "9cb8d7a6": {"runs": 12, "balls": 10, "wickets": 0}, "29e253dd": {"runs": 4, "balls": 4, "wickets": 0}, "28d7f469": {"runs": 6, "balls": 5, "wickets": 1}, "28392e11": {"runs": 9, "balls": 4, "wickets": 0}, "f24c6701": {"runs": 11, "balls": 9, "wickets": 1}, "dda5aae5": {"runs": 8, "balls": 5, "wickets": 2}, "b3118300": {"runs": 4, "balls": 6, "wickets": 0}, "b40ee8a8": {"runs": 2, "balls": 4, "wickets": 0}, "4557dc54": {"runs": 10, "balls": 8, "wickets": 1}, "3ff033bb": {"runs": 11, "balls": 4, "wickets": 0}, "3ee0050f": {"runs": 17, "balls": 15, "wickets": 1}, "3f1066d0": {"runs": 2, "balls": 3, "wickets": 0}, "03a83c50": {"runs": 23, "balls": 19, "wickets": 2}, "0bec3a6c": {"runs": 8, "balls": 12, "wickets": 0}, "4e602f29": {"runs": 4, "balls": 3, "wickets": 0}, "62175638": {"runs": 9, "balls": 6, "wickets": 0}, "7ca5e05d": {"runs": 3, "balls": 5, "wickets": 0}, "106fe7a6": {"runs": 6, "balls": 3, "wickets": 0}, "dabbd0ae": {"runs": 19, "balls": 15, "wickets": 0}, "64c34cd0": {"runs": 3, "balls": 2, "wickets": 0}, "34b332d3": {"runs": 3, "balls": 4, "wickets": 0}, "62af8546": {"runs": 17, "balls": 13, "wickets": 1}, "9c9af282": {"runs": 5, "balls": 5, "wickets": 1}, "f422728b": {"runs": 14, "balls": 13, "wickets": 1}, "7ccbb09f": {"runs": 6, "balls": 5, "wickets": 0}, "770494eb": {"runs": 5, "balls": 4, "wickets": 0}, "736123bb": {"runs": 8, "balls": 8, "wickets": 0}, "de7d833e": {"runs": 24, "balls": 11, "wickets": 0}, "58431ca0": {"runs": 3, "balls": 4, "wickets": 0}, "bb34fd31": {"runs": 35, "balls": 59, "wickets": 0}, "ef18b66e": {"runs": 30, "balls": 20, "wickets": 1}, "9dad0f2e": {"runs": 12, "balls": 13, "wickets": 0}, "0a8fce53": {"runs": 10, "balls": 9, "wickets": 1}, "5935d694": {"runs": 10, "balls": 9, "wickets": 1}, "4d9f9686": {"runs": 3, "balls": 3, "wickets": 0}, "5318ee68": {"runs": 105, "balls": 71, "wickets": 1}, "5dbdecf1": {"runs": 33, "balls": 64, "wickets": 1}, "9d1d34bd": {"runs": 96, "balls": 111, "wickets": 1}, "c58b0108": {"runs": 74, "balls": 161, "wickets": 0}, "de0a3209": {"runs": 0, "balls": 6, "wickets": 0}, "1274d7ab": {"runs": 1, "balls": 1, "wickets": 0}, "7dc35884": {"runs": 23, "balls": 53, "wickets": 0}, "80ad39ac": {"runs": 12, "balls": 25, "wickets": 0}, "6b9eb501": {"runs": 1, "balls": 4, "wickets": 0}, "0b0cc297": {"runs": 0, "balls": 1, "wickets": 0}, "3a7ea906": {"runs": 8, "balls": 11, "wickets": 0}, "803dbf1d": {"runs": 2, "balls": 4, "wickets": 0}, "782fb776": {"runs": 1, "balls": 3, "wickets": 0}, "a5c48ed1": {"runs": 5, "balls": 4, "wickets": 1}, "9de62878": {"runs": 20, "balls": 19, "wickets": 0}, "9a46c4e5": {"runs": 76, "balls": 139, "wickets": 1}, "64839cb3": {"runs": 30, "balls": 13, "wickets": 2}, "40db4769": {"runs": 20, "balls": 5, "wickets": 0}, "ac5ae4af": {"runs": 9, "balls": 8, "wickets": 2}, "f0e293b0": {"runs": 0, "balls": 1, "wickets": 0}, "d86d276e": {"runs": 4, "balls": 3, "wickets": 0}, "8f6dd463": {"runs": 10, "balls": 7, "wickets": 0}, "de3d549a": {"runs": 22, "balls": 12, "wickets": 0}, "732c038e": {"runs": 9, "balls": 4, "wickets": 0}, "127bc5ca": {"runs": 1, "balls": 2, "wickets": 0}, "778b9795": {"runs": 3, "balls": 3, "wickets": 0}, "4bbfddd5": {"runs": 8, "balls": 4, "wickets": 0}, "be620896": {"runs": 1, "balls": 3, "wickets": 0}, "2e171977": {"runs": 4, "balls": 6, "wickets": 0}, "df064e1a": {"runs": 11, "balls": 9, "wickets": 0}, "04a418e8": {"runs": 31, "balls": 25, "wickets": 1}, "dbe50b21": {"runs": 2, "balls": 4, "wickets": 1}, "0a509d6b": {"runs": 1, "balls": 1, "wickets": 0}, "271f83cd": {"runs": 0, "balls": 2, "wickets": 1}, "f19ccfad": {"runs": 1, "balls": 4, "wickets": 0}, "8d2c70ad": {"runs": 15, "balls": 21, "wickets": 0}, "740742ef": {"runs": 4, "balls": 4, "wickets": 0}, "2f49c897": {"runs": 17, "balls": 10, "wickets": 0}, "244048f6": {"runs": 16, "balls": 10, "wickets": 0}, "e36e9dd3": {"runs": 63, "balls": 109, "wickets": 0}, "4c5d73db": {"runs": 24, "balls": 70, "wickets": 2}, "70d57519": {"runs": 57, "balls": 53, "wickets": 3}, "894b2d25": {"runs": 33, "balls": 71, "wickets": 0}, "8d92a2c3": {"runs": 15, "balls": 18, "wickets": 0}, "a343262c": {"runs": 7, "balls": 18, "wickets": 0}, "4b685e2d": {"runs": 9, "balls": 13, "wickets": 0}, "3f659464": {"runs": 47, "balls": 48, "wickets": 0}, "1cc0a83d": {"runs": 12, "balls": 18, "wickets": 0}, "fbd4f01f": {"runs": 67, "balls": 66, "wickets": 1}, "cb9b8664": {"runs": 45, "balls": 47, "wickets": 1}, "e4a0deae": {"runs": 52, "balls": 68, "wickets": 0}, "13c35c9e": {"runs": 35, "balls": 68, "wickets": 0}, "ba5e1069": {"runs": 30, "balls": 38, "wickets": 0}, "eade4650": {"runs": 16, "balls": 11, "wickets": 0}, "97290faf": {"runs": 14, "balls": 12, "wickets": 0}, "b0946605": {"runs": 11, "balls": 6, "wickets": 0}, "3feda4fa": {"runs": 23, "balls": 24, "wickets": 0}, "97bdec3d": {"runs": 23, "balls": 17, "wickets": 0}, "4175d211": {"runs": 0, "balls": 1, "wickets": 1}, "1ac2a995": {"runs": 6, "balls": 3, "wickets": 0}, "58c2fac4": {"runs": 3, "balls": 7, "wickets": 0}, "d014d5ac": {"runs": 0, "balls": 0, "wickets": 0}, "30f92334": {"runs": 5, "balls": 2, "wickets": 0}, "e38bce7a": {"runs": 5, "balls": 4, "wickets": 0}, "641ac5ff": {"runs": 10, "balls": 9, "wickets": 0}, "2f9d0389": {"runs": 0, "balls": 1, "wickets": 0}}, "fifties": 10, "thirties": 9, "centuries": 5, "maidens": 0.0, "hattricks": 0, "runs": 2326.0, "wickets": 11.0, "club_ODI_previous3_runs": [], "club_ODI_previous3_wickets": [], "club_ODI_previous3_balls played": [], "club_ODI_previous3_overs": [], "club_ODI_previous3_runs gave": [], "club_ODI_lifetime_runs": 0.0, "club_ODI_lifetime_wickets": 0.0, "club_ODI_lifetime_balls played": 0.0, "club_ODI_lifetime_overs": 0.0, "club_ODI_lifetime_runs gave": 0.0, "club_Test_previous3_runs": [], "club_Test_previous3_wickets": [], "club_Test_previous3_balls played": [], "club_Test_previous3_overs": [], "club_Test_previous3_runs gave": [], "club_Test_lifetime_runs": 0.0, "club_Test_lifetime_wickets": 0.0, "club_Test_lifetime_balls played": 0.0, "club_Test_lifetime_overs": 0.0, "club_Test_lifetime_runs gave": 0.0, "club_T20_previous3_runs": [51.0, 54.0, 32.0], "club_T20_previous3_wickets": [0.0, 0.0, 0.0], "club_T20_previous3_balls played": [24.0, 36.0, 23.0], "club_T20_previous3_overs": [2.0, 0.0, 1.0], "club_T20_previous3_runs gave": [30.0, 0.0, 9.0], "club_T20_lifetime_runs": 782.0, "club_T20_lifetime_wickets": 6.0, "club_T20_lifetime_balls played": 632.0, "club_T20_lifetime_overs": 55.0, "club_T20_lifetime_runs gave": 492.0, "international_ODI_previous3_runs": [11.0, 0.0, 0.0], "international_ODI_previous3_wickets": [0.0, 0.0, 0.0], "international_ODI_previous3_balls played": [16.0, 1.0, 0.0], "international_ODI_previous3_overs": [2.0, 2.0, 2.0], "international_ODI_previous3_runs gave": [19.0, 14.0, 15.0], "international_ODI_lifetime_runs": 231.0, "international_ODI_lifetime_wickets": 1.0, "international_ODI_lifetime_balls played": 315.0, "international_ODI_lifetime_overs": 34.0, "international_ODI_lifetime_runs gave": 221.0, "international_Test_previous3_runs": [64.0, 127.0, 182.0], "international_Test_previous3_wickets": [0.0, 0.0, 0.0], "international_Test_previous3_balls played": [91.0, 180.0, 248.0], "international_Test_previous3_overs": [0.0, 1.0, 0.0], "international_Test_previous3_runs gave": [0.0, 8.0, 0.0], "international_Test_lifetime_runs": 1004.0, "international_Test_lifetime_wickets": 2.0, "international_Test_lifetime_balls played": 1527.0, "international_Test_lifetime_overs": 15.833333333333334, "international_Test_lifetime_runs gave": 85.0, "international_T20_previous3_runs": [0.0, 23.0, 1.0], "international_T20_previous3_wickets": [1.0, 0.0, 0.0], "international_T20_previous3_balls played": [0.0, 16.0, 4.0], "international_T20_previous3_overs": [3.0, 0.0, 0.0], "international_T20_previous3_runs gave": [21.0, 0.0, 0.0], "international_T20_lifetime_runs": 309.0, "international_T20_lifetime_wickets": 2.0, "international_T20_lifetime_balls played": 262.0, "international_T20_lifetime_overs": 18.0, "international_T20_lifetime_runs gave": 148.0}