{"played_against": {"888e32bf": {"runs": 28, "balls": 29, "wickets": 1}, "5284c884": {"runs": 2, "balls": 4, "wickets": 0}, "5e5eab39": {"runs": 2, "balls": 3, "wickets": 0}, "02e83ac5": {"runs": 5, "balls": 7, "wickets": 0}, "7dc35884": {"runs": 11, "balls": 22, "wickets": 0}, "bf1d7d3e": {"runs": 22, "balls": 42, "wickets": 1}, "26ff4c29": {"runs": 4, "balls": 8, "wickets": 0}, "acee4cc4": {"runs": 22, "balls": 37, "wickets": 3}, "7c503806": {"runs": 10, "balls": 10, "wickets": 0}, "8fd1a8f5": {"runs": 2, "balls": 3, "wickets": 0}, "abbdca1a": {"runs": 1, "balls": 1, "wickets": 0}, "4ec07775": {"runs": 5, "balls": 5, "wickets": 0}, "37312a74": {"runs": 7, "balls": 7, "wickets": 0}, "aae9ce90": {"runs": 1, "balls": 4, "wickets": 0}, "29b89ae8": {"runs": 1, "balls": 4, "wickets": 1}, "a72b14ff": {"runs": 1, "balls": 1, "wickets": 0}, "49b6c09f": {"runs": 5, "balls": 6, "wickets": 0}, "7ca5e05d": {"runs": 1, "balls": 9, "wickets": 1}, "58043739": {"runs": 2, "balls": 3, "wickets": 0}, "8b5b6769": {"runs": 1, "balls": 3, "wickets": 0}, "91a4a398": {"runs": 1, "balls": 3, "wickets": 0}, "1c914163": {"runs": 0, "balls": 2, "wickets": 0}, "0dc00542": {"runs": 0, "balls": 1, "wickets": 0}, "13c35c9e": {"runs": 9, "balls": 9, "wickets": 0}, "8d8c24fd": {"runs": 12, "balls": 24, "wickets": 1}, "a818c1be": {"runs": 5, "balls": 14, "wickets": 0}, "3eac9d95": {"runs": 1, "balls": 1, "wickets": 0}, "2e9fdf9b": {"runs": 13, "balls": 5, "wickets": 0}, "d027ba9f": {"runs": 5, "balls": 9, "wickets": 0}, "9d710afe": {"runs": 3, "balls": 5, "wickets": 0}, "f987245c": {"runs": 4, "balls": 6, "wickets": 1}, "7fb32e5b": {"runs": 6, "balls": 3, "wickets": 0}, "5a4c12ab": {"runs": 2, "balls": 7, "wickets": 1}, "f56cd097": {"runs": 2, "balls": 5, "wickets": 0}, "de0a3209": {"runs": 6, "balls": 15, "wickets": 0}, "e186f49c": {"runs": 5, "balls": 3, "wickets": 0}, "817c1746": {"runs": 5, "balls": 24, "wickets": 0}, "1a8eebbe": {"runs": 5, "balls": 5, "wickets": 1}, "3fb19989": {"runs": 12, "balls": 45, "wickets": 2}, "94eac556": {"runs": 12, "balls": 15, "wickets": 1}, "808f425a": {"runs": 8, "balls": 8, "wickets": 1}, "f5180fe6": {"runs": 10, "balls": 14, "wickets": 0}, "2e11c706": {"runs": 14, "balls": 10, "wickets": 1}, "b681e71e": {"runs": 2, "balls": 3, "wickets": 0}, "502b2c81": {"runs": 1, "balls": 2, "wickets": 0}, "0f721006": {"runs": 21, "balls": 22, "wickets": 1}, "e7de4f6b": {"runs": 24, "balls": 21, "wickets": 1}, "4ba44e19": {"runs": 2, "balls": 2, "wickets": 0}, "db767b89": {"runs": 12, "balls": 7, "wickets": 0}, "c03c6200": {"runs": 31, "balls": 20, "wickets": 2}, "b67bfaae": {"runs": 11, "balls": 6, "wickets": 1}, "d76b0d2d": {"runs": 8, "balls": 13, "wickets": 2}, "364ee2cf": {"runs": 20, "balls": 19, "wickets": 1}, "a757b0d8": {"runs": 3, "balls": 5, "wickets": 1}, "9d430b40": {"runs": 29, "balls": 36, "wickets": 1}, "0d51e658": {"runs": 28, "balls": 14, "wickets": 0}, "531f0278": {"runs": 17, "balls": 8, "wickets": 0}, "78dfe704": {"runs": 16, "balls": 10, "wickets": 1}, "9219eff0": {"runs": 0, "balls": 3, "wickets": 0}, "dec8e038": {"runs": 1, "balls": 1, "wickets": 0}, "ea3ffd1b": {"runs": 6, "balls": 7, "wickets": 1}, "864c199e": {"runs": 4, "balls": 4, "wickets": 0}, "d68e7f48": {"runs": 0, "balls": 2, "wickets": 2}, "76388dc8": {"runs": 3, "balls": 3, "wickets": 0}, "87e562a9": {"runs": 62, "balls": 37, "wickets": 2}, "773cec26": {"runs": 5, "balls": 6, "wickets": 0}, "557153ca": {"runs": 42, "balls": 31, "wickets": 3}, "d7c6af50": {"runs": 2, "balls": 6, "wickets": 0}, "e0557f7f": {"runs": 0, "balls": 2, "wickets": 0}, "4180d897": {"runs": 7, "balls": 10, "wickets": 1}, "64d43928": {"runs": 1, "balls": 2, "wickets": 1}, "e9200997": {"runs": 1, "balls": 2, "wickets": 1}, "243431b5": {"runs": 2, "balls": 3, "wickets": 0}, "d9609443": {"runs": 14, "balls": 12, "wickets": 0}, "78eb4223": {"runs": 5, "balls": 6, "wickets": 0}, "a7bc76a0": {"runs": 4, "balls": 12, "wickets": 0}, "73c18486": {"runs": 18, "balls": 12, "wickets": 0}, "9868bc75": {"runs": 3, "balls": 3, "wickets": 1}, "d4eef961": {"runs": 6, "balls": 6, "wickets": 1}, "684a56df": {"runs": 7, "balls": 8, "wickets": 1}, "7a80ddf2": {"runs": 12, "balls": 8, "wickets": 0}, "e3f143c1": {"runs": 5, "balls": 4, "wickets": 0}, "a7c226e1": {"runs": 21, "balls": 12, "wickets": 0}, "5673a3fc": {"runs": 6, "balls": 4, "wickets": 1}, "99ed60f8": {"runs": 28, "balls": 9, "wickets": 1}, "74b02e0c": {"runs": 6, "balls": 5, "wickets": 1}, "14f96089": {"runs": 12, "balls": 7, "wickets": 1}, "30baaf1f": {"runs": 24, "balls": 6, "wickets": 0}, "5bb5a915": {"runs": 17, "balls": 7, "wickets": 0}, "4329fbb5": {"runs": 16, "balls": 7, "wickets": 1}, "d7725664": {"runs": 17, "balls": 15, "wickets": 2}, "3a60e0b5": {"runs": 7, "balls": 4, "wickets": 0}, "c0babb93": {"runs": 1, "balls": 1, "wickets": 0}, "5f547c8b": {"runs": 1, "balls": 1, "wickets": 0}, "f8cdc4d7": {"runs": 5, "balls": 11, "wickets": 1}, "f846de6a": {"runs": 1, "balls": 1, "wickets": 0}, "78cb83f3": {"runs": 23, "balls": 12, "wickets": 2}, "68ddabdb": {"runs": 0, "balls": 3, "wickets": 1}, "f2800ef3": {"runs": 8, "balls": 4, "wickets": 0}, "b0eaaac6": {"runs": 7, "balls": 11, "wickets": 1}, "22ae3041": {"runs": 20, "balls": 23, "wickets": 0}, "c6097d68": {"runs": 46, "balls": 23, "wickets": 1}, "bbd41817": {"runs": 15, "balls": 12, "wickets": 0}, "51a3c5ef": {"runs": 8, "balls": 8, "wickets": 0}, "529eb9e0": {"runs": 15, "balls": 8, "wickets": 0}, "49dc9cb4": {"runs": 1, "balls": 1, "wickets": 0}, "8d5d991e": {"runs": 7, "balls": 3, "wickets": 0}, "c4d9634c": {"runs": 2, "balls": 2, "wickets": 0}, "a8e3170f": {"runs": 0, "balls": 8, "wickets": 0}, "b3118300": {"runs": 6, "balls": 8, "wickets": 1}, "30a45b23": {"runs": 16, "balls": 7, "wickets": 0}, "75224f22": {"runs": 21, "balls": 11, "wickets": 0}, "f2665768": {"runs": 14, "balls": 6, "wickets": 1}, "c995d726": {"runs": 8, "balls": 4, "wickets": 1}, "a61bcb94": {"runs": 7, "balls": 7, "wickets": 1}, "19b9f399": {"runs": 8, "balls": 18, "wickets": 2}, "9de62878": {"runs": 17, "balls": 14, "wickets": 0}, "c5aef772": {"runs": 9, "balls": 13, "wickets": 0}, "b2a79f17": {"runs": 16, "balls": 8, "wickets": 0}, "a990c9c4": {"runs": 21, "balls": 10, "wickets": 0}, "4175d211": {"runs": 7, "balls": 7, "wickets": 0}, "2e8994e7": {"runs": 1, "balls": 2, "wickets": 0}, "9d450c28": {"runs": 1, "balls": 6, "wickets": 0}, "35205dfc": {"runs": 2, "balls": 4, "wickets": 1}, "a316d663": {"runs": 0, "balls": 2, "wickets": 0}, "44a18ad8": {"runs": 3, "balls": 5, "wickets": 1}, "e412cb64": {"runs": 4, "balls": 7, "wickets": 0}, "1ac2a995": {"runs": 7, "balls": 2, "wickets": 0}, "4d7f517e": {"runs": 4, "balls": 10, "wickets": 0}, "e174dadd": {"runs": 1, "balls": 1, "wickets": 0}, "9ab63e7b": {"runs": 10, "balls": 22, "wickets": 0}, "c0c411cb": {"runs": 20, "balls": 13, "wickets": 0}, "23cca426": {"runs": 17, "balls": 14, "wickets": 1}, "92b7602a": {"runs": 13, "balls": 8, "wickets": 0}, "94f9675c": {"runs": 20, "balls": 13, "wickets": 0}, "54c2b697": {"runs": 0, "balls": 5, "wickets": 1}, "4a745f65": {"runs": 13, "balls": 7, "wickets": 0}, "e5218454": {"runs": 3, "balls": 4, "wickets": 0}, "9cab5daf": {"runs": 2, "balls": 2, "wickets": 0}, "b0946605": {"runs": 14, "balls": 10, "wickets": 1}, "3feda4fa": {"runs": 9, "balls": 6, "wickets": 0}, "18fac429": {"runs": 1, "balls": 2, "wickets": 0}, "9cb8d7a6": {"runs": 8, "balls": 9, "wickets": 0}, "e342e5fb": {"runs": 13, "balls": 7, "wickets": 0}, "fb3e0d39": {"runs": 1, "balls": 1, "wickets": 0}, "2af838ee": {"runs": 1, "balls": 1, "wickets": 0}, "9e9af5f2": {"runs": 0, "balls": 2, "wickets": 0}, "24bb1c2f": {"runs": 2, "balls": 2, "wickets": 0}, "fe93fd9d": {"runs": 6, "balls": 5, "wickets": 0}, "495d42a5": {"runs": 1, "balls": 2, "wickets": 0}, "244048f6": {"runs": 15, "balls": 11, "wickets": 0}, "dbe50b21": {"runs": 9, "balls": 4, "wickets": 0}, "eef2536f": {"runs": 10, "balls": 5, "wickets": 1}, "2e81a32d": {"runs": 1, "balls": 1, "wickets": 0}, "2e171977": {"runs": 0, "balls": 6, "wickets": 1}, "e4a0deae": {"runs": 2, "balls": 8, "wickets": 0}, "2f9d0389": {"runs": 0, "balls": 1, "wickets": 1}, "e38bce7a": {"runs": 0, "balls": 2, "wickets": 0}, "641ac5ff": {"runs": 4, "balls": 3, "wickets": 1}, "97bdec3d": {"runs": 1, "balls": 2, "wickets": 0}, "b52ffbbd": {"runs": 1, "balls": 1, "wickets": 0}, "59377a7f": {"runs": 6, "balls": 2, "wickets": 1}, "96a6a7ad": {"runs": 9, "balls": 9, "wickets": 0}, "d167edd3": {"runs": 3, "balls": 20, "wickets": 0}, "0164b064": {"runs": 3, "balls": 22, "wickets": 0}, "eaa76d3c": {"runs": 5, "balls": 2, "wickets": 1}}, "fifties": 4, "thirties": 15, "centuries": 0, "maidens": 1.0, "hattricks": 0, "runs": 1418.0, "wickets": 7.0, "club_ODI_previous3_runs": [], "club_ODI_previous3_wickets": [], "club_ODI_previous3_balls played": [], "club_ODI_previous3_overs": [], "club_ODI_previous3_runs gave": [], "club_ODI_lifetime_runs": 0.0, "club_ODI_lifetime_wickets": 0.0, "club_ODI_lifetime_balls played": 0.0, "club_ODI_lifetime_overs": 0.0, "club_ODI_lifetime_runs gave": 0.0, "club_Test_previous3_runs": [], "club_Test_previous3_wickets": [], "club_Test_previous3_balls played": [], "club_Test_previous3_overs": [], "club_Test_previous3_runs gave": [], "club_Test_lifetime_runs": 0.0, "club_Test_lifetime_wickets": 0.0, "club_Test_lifetime_balls played": 0.0, "club_Test_lifetime_overs": 0.0, "club_Test_lifetime_runs gave": 0.0, "club_T20_previous3_runs": [6.0, 1.0, 7.0], "club_T20_previous3_wickets": [0.0, 0.0, 0.0], "club_T20_previous3_balls played": [6.0, 1.0, 3.0], "club_T20_previous3_overs": [0.0, 0.0, 0.0], "club_T20_previous3_runs gave": [0.0, 0.0, 0.0], "club_T20_lifetime_runs": 1098.0, "club_T20_lifetime_wickets": 4.0, "club_T20_lifetime_balls played": 921.0, "club_T20_lifetime_overs": 9.0, "club_T20_lifetime_runs gave": 109.0, "international_ODI_previous3_runs": [19.0, 7.0, 19.0], "international_ODI_previous3_wickets": [0.0, 0.0, 0.0], "international_ODI_previous3_balls played": [25.0, 6.0, 18.0], "international_ODI_previous3_overs": [0.0, 0.0, 0.0], "international_ODI_previous3_runs gave": [0.0, 0.0, 0.0], "international_ODI_lifetime_runs": 238.0, "international_ODI_lifetime_wickets": 2.0, "international_ODI_lifetime_balls played": 364.0, "international_ODI_lifetime_overs": 2.0, "international_ODI_lifetime_runs gave": 29.0, "international_Test_previous3_runs": [31.0], "international_Test_previous3_wickets": [1.0], "international_Test_previous3_balls played": [92.0], "international_Test_previous3_overs": [16.0], "international_Test_previous3_runs gave": [66.0], "international_Test_lifetime_runs": 31.0, "international_Test_lifetime_wickets": 1.0, "international_Test_lifetime_balls played": 92.0, "international_Test_lifetime_overs": 16.0, "international_Test_lifetime_runs gave": 66.0, "international_T20_previous3_runs": [1.0, 1.0, 5.0], "international_T20_previous3_wickets": [0.0, 0.0, 0.0], "international_T20_previous3_balls played": [3.0, 8.0, 5.0], "international_T20_previous3_overs": [0.0, 0.0, 0.0], "international_T20_previous3_runs gave": [0.0, 0.0, 0.0], "international_T20_lifetime_runs": 51.0, "international_T20_lifetime_wickets": 0.0, "international_T20_lifetime_balls played": 54.0, "international_T20_lifetime_overs": 0.0, "international_T20_lifetime_runs gave": 0.0}