{"played_against": {"0f3ee070": {"runs": 24, "balls": 88, "wickets": 1}, "344c6d55": {"runs": 40, "balls": 128, "wickets": 1}, "15101f12": {"runs": 19, "balls": 24, "wickets": 0}, "be869ccf": {"runs": 2, "balls": 6, "wickets": 1}, "27fc5808": {"runs": 49, "balls": 65, "wickets": 1}, "c89474d1": {"runs": 3, "balls": 12, "wickets": 1}, "74a274cc": {"runs": 1, "balls": 10, "wickets": 0}, "d26e0405": {"runs": 5, "balls": 17, "wickets": 0}, "f1ba9ed7": {"runs": 38, "balls": 100, "wickets": 0}, "ee0c05c0": {"runs": 0, "balls": 2, "wickets": 0}, "64212089": {"runs": 0, "balls": 6, "wickets": 0}, "ea3d687a": {"runs": 0, "balls": 6, "wickets": 0}, "51e1ed69": {"runs": 15, "balls": 32, "wickets": 0}, "5bb5a915": {"runs": 0, "balls": 8, "wickets": 0}, "57a76baa": {"runs": 2, "balls": 6, "wickets": 0}, "aa1210d8": {"runs": 34, "balls": 61, "wickets": 2}, "e734d090": {"runs": 22, "balls": 21, "wickets": 1}, "c0c411cb": {"runs": 18, "balls": 15, "wickets": 2}, "876dbe2d": {"runs": 1, "balls": 1, "wickets": 0}, "4c5d73db": {"runs": 10, "balls": 6, "wickets": 1}, "f3abd0c9": {"runs": 7, "balls": 5, "wickets": 0}, "e342e5fb": {"runs": 9, "balls": 7, "wickets": 0}, "65b6943c": {"runs": 42, "balls": 28, "wickets": 0}, "b9877635": {"runs": 22, "balls": 22, "wickets": 0}, "27c5a793": {"runs": 4, "balls": 7, "wickets": 1}, "19708692": {"runs": 23, "balls": 24, "wickets": 0}, "22b98d7c": {"runs": 15, "balls": 11, "wickets": 0}, "50c6bc2b": {"runs": 10, "balls": 10, "wickets": 0}, "62af8546": {"runs": 1, "balls": 2, "wickets": 0}, "e871a7a1": {"runs": 21, "balls": 62, "wickets": 4}, "1ca7c00f": {"runs": 4, "balls": 6, "wickets": 0}, "3d0ed2f9": {"runs": 1, "balls": 2, "wickets": 1}, "8f2dfebf": {"runs": 10, "balls": 29, "wickets": 1}, "a343262c": {"runs": 5, "balls": 4, "wickets": 0}, "70b8fd28": {"runs": 1, "balls": 3, "wickets": 0}, "1d2f290a": {"runs": 30, "balls": 43, "wickets": 0}, "2f9d0389": {"runs": 3, "balls": 3, "wickets": 1}, "79c7041c": {"runs": 14, "balls": 8, "wickets": 0}, "de6c2c6e": {"runs": 6, "balls": 7, "wickets": 0}, "58043739": {"runs": 6, "balls": 3, "wickets": 1}, "e423d162": {"runs": 18, "balls": 50, "wickets": 0}, "18fac429": {"runs": 6, "balls": 8, "wickets": 0}, "0e0d43b4": {"runs": 8, "balls": 30, "wickets": 1}, "e1b9f3a9": {"runs": 11, "balls": 10, "wickets": 0}, "219cc59e": {"runs": 44, "balls": 44, "wickets": 0}, "5db1c288": {"runs": 7, "balls": 6, "wickets": 1}, "894b2d25": {"runs": 23, "balls": 48, "wickets": 2}, "4557dc54": {"runs": 4, "balls": 7, "wickets": 1}, "a2500c86": {"runs": 10, "balls": 5, "wickets": 0}, "679cd31e": {"runs": 1, "balls": 17, "wickets": 0}, "9219eff0": {"runs": 5, "balls": 2, "wickets": 0}, "23638956": {"runs": 1, "balls": 5, "wickets": 1}, "5b6d248a": {"runs": 4, "balls": 21, "wickets": 0}, "fd8a9b23": {"runs": 3, "balls": 6, "wickets": 0}, "aeab0d4f": {"runs": 3, "balls": 10, "wickets": 0}, "6c908ffc": {"runs": 13, "balls": 47, "wickets": 1}, "8bf61e65": {"runs": 0, "balls": 2, "wickets": 0}, "78c12883": {"runs": 2, "balls": 9, "wickets": 1}, "b8701e6d": {"runs": 10, "balls": 20, "wickets": 1}, "f7b7450b": {"runs": 11, "balls": 13, "wickets": 0}, "f838b4d1": {"runs": 11, "balls": 10, "wickets": 0}, "d8b24492": {"runs": 12, "balls": 20, "wickets": 1}, "3c55c703": {"runs": 1, "balls": 10, "wickets": 0}, "5a74e559": {"runs": 21, "balls": 27, "wickets": 0}, "b3544c5d": {"runs": 14, "balls": 13, "wickets": 0}, "00cada13": {"runs": 11, "balls": 6, "wickets": 0}, "462d7c62": {"runs": 53, "balls": 72, "wickets": 1}, "d48c0f40": {"runs": 29, "balls": 77, "wickets": 0}, "a37b5c0a": {"runs": 22, "balls": 62, "wickets": 1}, "a4b810d0": {"runs": 14, "balls": 11, "wickets": 0}, "28217d89": {"runs": 18, "balls": 37, "wickets": 0}, "6a2fadd0": {"runs": 11, "balls": 4, "wickets": 0}, "214f6461": {"runs": 28, "balls": 41, "wickets": 0}, "e68572a7": {"runs": 1, "balls": 3, "wickets": 1}, "43205dad": {"runs": 30, "balls": 44, "wickets": 0}, "a77472dc": {"runs": 1, "balls": 3, "wickets": 2}, "7f7f658b": {"runs": 35, "balls": 44, "wickets": 1}, "787b56d6": {"runs": 13, "balls": 9, "wickets": 0}, "457cab44": {"runs": 6, "balls": 10, "wickets": 0}, "2085e1fa": {"runs": 17, "balls": 14, "wickets": 1}, "5fed6272": {"runs": 0, "balls": 1, "wickets": 1}, "c78a879c": {"runs": 0, "balls": 1, "wickets": 0}, "402f8494": {"runs": 8, "balls": 4, "wickets": 0}, "f1f99156": {"runs": 1, "balls": 1, "wickets": 0}, "f752db61": {"runs": 24, "balls": 21, "wickets": 1}, "e9987a94": {"runs": 8, "balls": 5, "wickets": 1}, "c5f1d2a1": {"runs": 5, "balls": 17, "wickets": 1}, "cd143bca": {"runs": 24, "balls": 60, "wickets": 0}, "8596fe80": {"runs": 13, "balls": 28, "wickets": 0}, "a510bdd3": {"runs": 7, "balls": 22, "wickets": 0}, "d99cc23a": {"runs": 79, "balls": 251, "wickets": 2}, "80e44dc5": {"runs": 44, "balls": 101, "wickets": 0}, "a790df98": {"runs": 6, "balls": 6, "wickets": 0}, "e43aa7ed": {"runs": 11, "balls": 9, "wickets": 1}, "25a42048": {"runs": 7, "balls": 10, "wickets": 0}, "45ca0dc0": {"runs": 1, "balls": 3, "wickets": 0}, "861eed37": {"runs": 2, "balls": 4, "wickets": 1}, "2223b920": {"runs": 19, "balls": 33, "wickets": 0}, "c5f40e35": {"runs": 10, "balls": 13, "wickets": 1}, "cdd875d9": {"runs": 8, "balls": 15, "wickets": 0}, "0126ff20": {"runs": 11, "balls": 13, "wickets": 1}, "3b4f3099": {"runs": 7, "balls": 9, "wickets": 0}, "9115974d": {"runs": 3, "balls": 6, "wickets": 1}, "a6f2b2ef": {"runs": 1, "balls": 3, "wickets": 0}, "a63dfe8a": {"runs": 3, "balls": 3, "wickets": 0}, "ab01e323": {"runs": 13, "balls": 6, "wickets": 0}, "867a45a7": {"runs": 13, "balls": 9, "wickets": 0}, "5239d782": {"runs": 11, "balls": 7, "wickets": 0}, "0dbe27b8": {"runs": 7, "balls": 4, "wickets": 0}, "4c0f3806": {"runs": 27, "balls": 82, "wickets": 0}, "fbdec8c0": {"runs": 21, "balls": 43, "wickets": 1}, "71440756": {"runs": 30, "balls": 44, "wickets": 0}, "e737a5fe": {"runs": 3, "balls": 15, "wickets": 0}, "b5781ac3": {"runs": 45, "balls": 108, "wickets": 1}, "fbd4f01f": {"runs": 12, "balls": 64, "wickets": 0}, "1a45b864": {"runs": 25, "balls": 53, "wickets": 0}, "5da34add": {"runs": 18, "balls": 47, "wickets": 0}, "6c7349c4": {"runs": 0, "balls": 5, "wickets": 0}, "0ecb4de6": {"runs": 8, "balls": 15, "wickets": 1}, "1cc0a83d": {"runs": 10, "balls": 22, "wickets": 0}, "c96f6ac5": {"runs": 6, "balls": 23, "wickets": 0}, "8c9d3000": {"runs": 14, "balls": 17, "wickets": 0}, "ac3c3cab": {"runs": 44, "balls": 46, "wickets": 0}, "d4eef961": {"runs": 35, "balls": 40, "wickets": 0}, "269ff06e": {"runs": 29, "balls": 40, "wickets": 0}, "01a95383": {"runs": 12, "balls": 41, "wickets": 0}, "27e60d6e": {"runs": 46, "balls": 69, "wickets": 1}, "9fd3a210": {"runs": 31, "balls": 51, "wickets": 0}, "ba377b40": {"runs": 4, "balls": 14, "wickets": 0}, "3a60e0b5": {"runs": 18, "balls": 6, "wickets": 1}, "fc4375ef": {"runs": 18, "balls": 19, "wickets": 0}, "aa8d28ae": {"runs": 3, "balls": 4, "wickets": 0}, "ad46c747": {"runs": 14, "balls": 40, "wickets": 0}, "ed12fcd7": {"runs": 21, "balls": 21, "wickets": 1}, "7f048519": {"runs": 11, "balls": 11, "wickets": 0}, "56ef4f99": {"runs": 17, "balls": 14, "wickets": 0}, "7c7d63a2": {"runs": 14, "balls": 9, "wickets": 1}, "1957c6b7": {"runs": 13, "balls": 9, "wickets": 0}, "21d4e29b": {"runs": 0, "balls": 1, "wickets": 1}, "fec369cd": {"runs": 14, "balls": 6, "wickets": 0}, "9f812582": {"runs": 3, "balls": 3, "wickets": 0}, "fc63d916": {"runs": 9, "balls": 4, "wickets": 0}, "1efd12d1": {"runs": 21, "balls": 15, "wickets": 1}, "9679838c": {"runs": 2, "balls": 2, "wickets": 0}, "6dd8b88c": {"runs": 1, "balls": 1, "wickets": 0}, "e4a0deae": {"runs": 3, "balls": 5, "wickets": 0}, "5426de63": {"runs": 12, "balls": 8, "wickets": 1}, "a5735bd3": {"runs": 9, "balls": 13, "wickets": 1}, "54c2b697": {"runs": 12, "balls": 21, "wickets": 0}, "cad40f5e": {"runs": 12, "balls": 34, "wickets": 0}, "d12cead8": {"runs": 16, "balls": 43, "wickets": 1}, "7d7233a9": {"runs": 33, "balls": 122, "wickets": 0}, "86b4bf88": {"runs": 51, "balls": 114, "wickets": 0}, "9e707e02": {"runs": 73, "balls": 138, "wickets": 1}, "7e4c8ba3": {"runs": 5, "balls": 19, "wickets": 0}, "0c7f11be": {"runs": 8, "balls": 10, "wickets": 0}, "72898514": {"runs": 5, "balls": 11, "wickets": 0}, "b82e3032": {"runs": 36, "balls": 44, "wickets": 0}, "5a18ed8b": {"runs": 11, "balls": 7, "wickets": 0}, "eafe8a94": {"runs": 17, "balls": 21, "wickets": 1}, "2ecd844a": {"runs": 22, "balls": 14, "wickets": 0}, "932d3cc9": {"runs": 17, "balls": 35, "wickets": 0}, "bdadcca1": {"runs": 2, "balls": 2, "wickets": 0}, "8f9c5014": {"runs": 17, "balls": 13, "wickets": 1}, "9c643d7b": {"runs": 26, "balls": 66, "wickets": 0}, "32ccd79b": {"runs": 17, "balls": 13, "wickets": 1}, "9a089b15": {"runs": 15, "balls": 14, "wickets": 0}, "e0ac7144": {"runs": 9, "balls": 10, "wickets": 0}, "3581a798": {"runs": 1, "balls": 1, "wickets": 0}, "d3868bd0": {"runs": 16, "balls": 22, "wickets": 1}, "660538af": {"runs": 39, "balls": 42, "wickets": 0}, "dbb15645": {"runs": 12, "balls": 10, "wickets": 0}, "cfbce62e": {"runs": 7, "balls": 14, "wickets": 0}, "adaf51be": {"runs": 7, "balls": 14, "wickets": 0}, "dfc3f02d": {"runs": 9, "balls": 17, "wickets": 0}, "1e66c162": {"runs": 10, "balls": 46, "wickets": 1}, "03df7a25": {"runs": 10, "balls": 22, "wickets": 0}, "9e1b7792": {"runs": 14, "balls": 18, "wickets": 0}, "cb1a782a": {"runs": 7, "balls": 30, "wickets": 0}, "f0a0204e": {"runs": 13, "balls": 46, "wickets": 0}, "34b37279": {"runs": 20, "balls": 33, "wickets": 1}, "acb94221": {"runs": 0, "balls": 1, "wickets": 1}, "4167f30b": {"runs": 5, "balls": 3, "wickets": 1}, "19b9f399": {"runs": 6, "balls": 7, "wickets": 0}, "00b195ae": {"runs": 2, "balls": 2, "wickets": 0}, "faa8cfba": {"runs": 7, "balls": 2, "wickets": 0}, "35c08a29": {"runs": 6, "balls": 10, "wickets": 2}, "8f08313a": {"runs": 55, "balls": 62, "wickets": 0}, "39180894": {"runs": 12, "balls": 12, "wickets": 0}, "8cbcff3b": {"runs": 22, "balls": 25, "wickets": 0}, "948beb1f": {"runs": 38, "balls": 69, "wickets": 0}, "bdc0670a": {"runs": 21, "balls": 27, "wickets": 0}, "01561e94": {"runs": 11, "balls": 10, "wickets": 0}, "aae2eb6c": {"runs": 5, "balls": 11, "wickets": 0}, "88a32fa2": {"runs": 16, "balls": 21, "wickets": 0}, "6ce9f3eb": {"runs": 7, "balls": 20, "wickets": 0}, "86781001": {"runs": 17, "balls": 13, "wickets": 0}, "d617bf90": {"runs": 16, "balls": 23, "wickets": 0}, "1d48795b": {"runs": 10, "balls": 13, "wickets": 0}, "2d03c3f8": {"runs": 1, "balls": 1, "wickets": 0}, "f2e28b0c": {"runs": 5, "balls": 13, "wickets": 0}, "78adc879": {"runs": 3, "balls": 10, "wickets": 0}, "56d471f2": {"runs": 27, "balls": 35, "wickets": 0}, "ec5160d7": {"runs": 3, "balls": 16, "wickets": 1}, "6c6aca89": {"runs": 8, "balls": 30, "wickets": 1}, "ad212f96": {"runs": 9, "balls": 25, "wickets": 0}}, "fifties": 14, "thirties": 18, "centuries": 4, "maidens": 4.0, "hattricks": 0, "runs": 2899.0, "wickets": 0.0, "club_ODI_previous3_runs": [19.0, 1.0, 45.0], "club_ODI_previous3_wickets": [0.0, 0.0, 0.0], "club_ODI_previous3_balls played": [33.0, 7.0, 75.0], "club_ODI_previous3_overs": [0.0, 0.0, 0.0], "club_ODI_previous3_runs gave": [0.0, 0.0, 0.0], "club_ODI_lifetime_runs": 884.0, "club_ODI_lifetime_wickets": 0.0, "club_ODI_lifetime_balls played": 1097.0, "club_ODI_lifetime_overs": 0.0, "club_ODI_lifetime_runs gave": 0.0, "club_Test_previous3_runs": [8.0, 66.0, 10.0], "club_Test_previous3_wickets": [0.0, 0.0, 0.0], "club_Test_previous3_balls played": [46.0, 134.0, 31.0], "club_Test_previous3_overs": [0.0, 0.0, 0.0], "club_Test_previous3_runs gave": [0.0, 0.0, 0.0], "club_Test_lifetime_runs": 1448.0, "club_Test_lifetime_wickets": 0.0, "club_Test_lifetime_balls played": 3508.0, "club_Test_lifetime_overs": 21.0, "club_Test_lifetime_runs gave": 69.0, "club_T20_previous3_runs": [5.0, 10.0, 26.0], "club_T20_previous3_wickets": [0.0, 0.0, 0.0], "club_T20_previous3_balls played": [5.0, 11.0, 22.0], "club_T20_previous3_overs": [0.0, 0.0, 0.0], "club_T20_previous3_runs gave": [0.0, 0.0, 0.0], "club_T20_lifetime_runs": 567.0, "club_T20_lifetime_wickets": 0.0, "club_T20_lifetime_balls played": 426.0, "club_T20_lifetime_overs": 0.0, "club_T20_lifetime_runs gave": 0.0, "international_ODI_previous3_runs": [], "international_ODI_previous3_wickets": [], "international_ODI_previous3_balls played": [], "international_ODI_previous3_overs": [], "international_ODI_previous3_runs gave": [], "international_ODI_lifetime_runs": 0.0, "international_ODI_lifetime_wickets": 0.0, "international_ODI_lifetime_balls played": 0.0, "international_ODI_lifetime_overs": 0.0, "international_ODI_lifetime_runs gave": 0.0, "international_Test_previous3_runs": [], "international_Test_previous3_wickets": [], "international_Test_previous3_balls played": [], "international_Test_previous3_overs": [], "international_Test_previous3_runs gave": [], "international_Test_lifetime_runs": 0.0, "international_Test_lifetime_wickets": 0.0, "international_Test_lifetime_balls played": 0.0, "international_Test_lifetime_overs": 0.0, "international_Test_lifetime_runs gave": 0.0, "international_T20_previous3_runs": [], "international_T20_previous3_wickets": [], "international_T20_previous3_balls played": [], "international_T20_previous3_overs": [], "international_T20_previous3_runs gave": [], "international_T20_lifetime_runs": 0.0, "international_T20_lifetime_wickets": 0.0, "international_T20_lifetime_balls played": 0.0, "international_T20_lifetime_overs": 0.0, "international_T20_lifetime_runs gave": 0.0}