{"played_against": {"af19aa66": {"runs": 4, "balls": 15, "wickets": 0}, "e91933cb": {"runs": 4, "balls": 4, "wickets": 0}, "b269b49d": {"runs": 9, "balls": 8, "wickets": 0}, "bd3c364d": {"runs": 15, "balls": 9, "wickets": 0}, "cbd91942": {"runs": 22, "balls": 21, "wickets": 0}, "4a51c045": {"runs": 8, "balls": 15, "wickets": 1}, "d17b73f7": {"runs": 11, "balls": 7, "wickets": 0}, "f681481e": {"runs": 10, "balls": 6, "wickets": 0}, "766e328e": {"runs": 15, "balls": 8, "wickets": 0}, "63f306ac": {"runs": 3, "balls": 3, "wickets": 0}, "cc9b822c": {"runs": 1, "balls": 3, "wickets": 1}, "97da4ec9": {"runs": 9, "balls": 7, "wickets": 0}, "638a14dc": {"runs": 7, "balls": 6, "wickets": 0}, "a89c270b": {"runs": 5, "balls": 6, "wickets": 0}, "4d7c5b56": {"runs": 6, "balls": 9, "wickets": 2}, "72275237": {"runs": 2, "balls": 3, "wickets": 0}, "039f8170": {"runs": 1, "balls": 2, "wickets": 0}, "6cb6215d": {"runs": 3, "balls": 5, "wickets": 0}, "6a685375": {"runs": 5, "balls": 7, "wickets": 1}, "6b4593ee": {"runs": 1, "balls": 1, "wickets": 0}, "f28a60e0": {"runs": 1, "balls": 4, "wickets": 0}, "f8c72766": {"runs": 3, "balls": 3, "wickets": 0}, "b410bd3d": {"runs": 1, "balls": 3, "wickets": 1}, "934b36a6": {"runs": 5, "balls": 5, "wickets": 1}, "7ecb9a14": {"runs": 1, "balls": 6, "wickets": 0}, "e6a7c6e2": {"runs": 5, "balls": 2, "wickets": 0}, "a9a18e3e": {"runs": 1, "balls": 3, "wickets": 1}, "aeab0d4f": {"runs": 4, "balls": 6, "wickets": 0}, "2dfe0612": {"runs": 8, "balls": 5, "wickets": 0}, "cfcf189f": {"runs": 2, "balls": 3, "wickets": 0}, "373954ca": {"runs": 2, "balls": 3, "wickets": 0}, "37d8d19a": {"runs": 5, "balls": 7, "wickets": 0}, "6a63c29c": {"runs": 2, "balls": 4, "wickets": 0}, "f0a45427": {"runs": 65, "balls": 36, "wickets": 1}, "a62f55ba": {"runs": 39, "balls": 20, "wickets": 2}, "190957d2": {"runs": 4, "balls": 5, "wickets": 1}, "3c8faed4": {"runs": 35, "balls": 16, "wickets": 2}, "2af0e3b1": {"runs": 23, "balls": 11, "wickets": 0}, "626af7ff": {"runs": 0, "balls": 3, "wickets": 0}, "dd14abf5": {"runs": 1, "balls": 5, "wickets": 0}, "cab3f89a": {"runs": 5, "balls": 10, "wickets": 1}, "c988daa1": {"runs": 0, "balls": 1, "wickets": 1}}, "fifties": 0, "thirties": 4, "centuries": 0, "maidens": 0.0, "hattricks": 2, "runs": 353.0, "wickets": 11.0, "club_ODI_previous3_runs": [], "club_ODI_previous3_wickets": [], "club_ODI_previous3_balls played": [], "club_ODI_previous3_overs": [], "club_ODI_previous3_runs gave": [], "club_ODI_lifetime_runs": 0.0, "club_ODI_lifetime_wickets": 0.0, "club_ODI_lifetime_balls played": 0.0, "club_ODI_lifetime_overs": 0.0, "club_ODI_lifetime_runs gave": 0.0, "club_Test_previous3_runs": [], "club_Test_previous3_wickets": [], "club_Test_previous3_balls played": [], "club_Test_previous3_overs": [], "club_Test_previous3_runs gave": [], "club_Test_lifetime_runs": 0.0, "club_Test_lifetime_wickets": 0.0, "club_Test_lifetime_balls played": 0.0, "club_Test_lifetime_overs": 0.0, "club_Test_lifetime_runs gave": 0.0, "club_T20_previous3_runs": [], "club_T20_previous3_wickets": [], "club_T20_previous3_balls played": [], "club_T20_previous3_overs": [], "club_T20_previous3_runs gave": [], "club_T20_lifetime_runs": 0.0, "club_T20_lifetime_wickets": 0.0, "club_T20_lifetime_balls played": 0.0, "club_T20_lifetime_overs": 0.0, "club_T20_lifetime_runs gave": 0.0, "international_ODI_previous3_runs": [8.0, 21.0], "international_ODI_previous3_wickets": [0.0, 0.0], "international_ODI_previous3_balls played": [19.0, 20.0], "international_ODI_previous3_overs": [0.0, 3.0], "international_ODI_previous3_runs gave": [0.0, 13.0], "international_ODI_lifetime_runs": 29.0, "international_ODI_lifetime_wickets": 0.0, "international_ODI_lifetime_balls played": 39.0, "international_ODI_lifetime_overs": 3.0, "international_ODI_lifetime_runs gave": 13.0, "international_Test_previous3_runs": [], "international_Test_previous3_wickets": [], "international_Test_previous3_balls played": [], "international_Test_previous3_overs": [], "international_Test_previous3_runs gave": [], "international_Test_lifetime_runs": 0.0, "international_Test_lifetime_wickets": 0.0, "international_Test_lifetime_balls played": 0.0, "international_Test_lifetime_overs": 0.0, "international_Test_lifetime_runs gave": 0.0, "international_T20_previous3_runs": [1.0, 7.0, 0.0], "international_T20_previous3_wickets": [0.0, 0.0, 0.0], "international_T20_previous3_balls played": [5.0, 14.0, 0.0], "international_T20_previous3_overs": [0.0, 0.0, 0.0], "international_T20_previous3_runs gave": [0.0, 0.0, 0.0], "international_T20_lifetime_runs": 324.0, "international_T20_lifetime_wickets": 11.0, "international_T20_lifetime_balls played": 274.0, "international_T20_lifetime_overs": 47.00000000000001, "international_T20_lifetime_runs gave": 441.0}