{"played_against": {"efca38df": {"runs": 1, "balls": 1, "wickets": 0}, "04e145f4": {"runs": 1, "balls": 1, "wickets": 0}, "db873292": {"runs": 1, "balls": 1, "wickets": 0}, "b5341b28": {"runs": 1, "balls": 1, "wickets": 0}, "36dfa62e": {"runs": 5, "balls": 10, "wickets": 0}, "91d9aa26": {"runs": 8, "balls": 8, "wickets": 0}, "8e91ae82": {"runs": 1, "balls": 3, "wickets": 0}, "62fb9336": {"runs": 2, "balls": 3, "wickets": 1}, "7ec52f4a": {"runs": 6, "balls": 2, "wickets": 0}, "d758a366": {"runs": 2, "balls": 2, "wickets": 0}, "16301313": {"runs": 8, "balls": 6, "wickets": 0}, "2e988457": {"runs": 1, "balls": 2, "wickets": 0}, "f5e70dd4": {"runs": 1, "balls": 2, "wickets": 0}, "1c726c76": {"runs": 0, "balls": 2, "wickets": 1}, "cf92d76b": {"runs": 1, "balls": 1, "wickets": 0}, "01c1b96c": {"runs": 5, "balls": 5, "wickets": 0}, "d9e5ecb4": {"runs": 9, "balls": 4, "wickets": 0}, "554a83e5": {"runs": 1, "balls": 1, "wickets": 0}, "38424a4d": {"runs": 1, "balls": 1, "wickets": 0}}, "fifties": 0, "thirties": 0, "centuries": 0, "maidens": 2.0, "hattricks": 1, "runs": 55.0, "wickets": 14.0, "club_ODI_previous3_runs": [], "club_ODI_previous3_wickets": [], "club_ODI_previous3_balls played": [], "club_ODI_previous3_overs": [], "club_ODI_previous3_runs gave": [], "club_ODI_lifetime_runs": 0.0, "club_ODI_lifetime_wickets": 0.0, "club_ODI_lifetime_balls played": 0.0, "club_ODI_lifetime_overs": 0.0, "club_ODI_lifetime_runs gave": 0.0, "club_Test_previous3_runs": [], "club_Test_previous3_wickets": [], "club_Test_previous3_balls played": [], "club_Test_previous3_overs": [], "club_Test_previous3_runs gave": [], "club_Test_lifetime_runs": 0.0, "club_Test_lifetime_wickets": 0.0, "club_Test_lifetime_balls played": 0.0, "club_Test_lifetime_overs": 0.0, "club_Test_lifetime_runs gave": 0.0, "club_T20_previous3_runs": [], "club_T20_previous3_wickets": [], "club_T20_previous3_balls played": [], "club_T20_previous3_overs": [], "club_T20_previous3_runs gave": [], "club_T20_lifetime_runs": 0.0, "club_T20_lifetime_wickets": 0.0, "club_T20_lifetime_balls played": 0.0, "club_T20_lifetime_overs": 0.0, "club_T20_lifetime_runs gave": 0.0, "international_ODI_previous3_runs": [], "international_ODI_previous3_wickets": [], "international_ODI_previous3_balls played": [], "international_ODI_previous3_overs": [], "international_ODI_previous3_runs gave": [], "international_ODI_lifetime_runs": 0.0, "international_ODI_lifetime_wickets": 0.0, "international_ODI_lifetime_balls played": 0.0, "international_ODI_lifetime_overs": 0.0, "international_ODI_lifetime_runs gave": 0.0, "international_Test_previous3_runs": [], "international_Test_previous3_wickets": [], "international_Test_previous3_balls played": [], "international_Test_previous3_overs": [], "international_Test_previous3_runs gave": [], "international_Test_lifetime_runs": 0.0, "international_Test_lifetime_wickets": 0.0, "international_Test_lifetime_balls played": 0.0, "international_Test_lifetime_overs": 0.0, "international_Test_lifetime_runs gave": 0.0, "international_T20_previous3_runs": [0.0, 0.0, 0.0], "international_T20_previous3_wickets": [0.0, 0.0, 1.0], "international_T20_previous3_balls played": [0.0, 0.0, 0.0], "international_T20_previous3_overs": [1.0, 3.8333333333333335, 4.0], "international_T20_previous3_runs gave": [15.0, 13.0, 10.0], "international_T20_lifetime_runs": 55.0, "international_T20_lifetime_wickets": 14.0, "international_T20_lifetime_balls played": 56.0, "international_T20_lifetime_overs": 56.833333333333336, "international_T20_lifetime_runs gave": 270.0}