{"played_against": {"3e06e7ac": {"runs": 0, "balls": 3, "wickets": 0}, "7c885103": {"runs": 3, "balls": 3, "wickets": 0}, "78bbeba1": {"runs": 0, "balls": 2, "wickets": 0}, "09e86895": {"runs": 8, "balls": 2, "wickets": 0}, "2e005bfd": {"runs": 2, "balls": 2, "wickets": 0}, "c343a8c6": {"runs": 1, "balls": 2, "wickets": 0}, "415d30b6": {"runs": 0, "balls": 1, "wickets": 0}, "6dba59e0": {"runs": 1, "balls": 2, "wickets": 1}, "056b433b": {"runs": 0, "balls": 3, "wickets": 1}, "4add4c98": {"runs": 0, "balls": 1, "wickets": 1}, "44e00a4c": {"runs": 7, "balls": 7, "wickets": 0}, "36a0a88c": {"runs": 1, "balls": 3, "wickets": 0}, "f4ccbe6f": {"runs": 0, "balls": 3, "wickets": 0}, "b3540b2a": {"runs": 0, "balls": 2, "wickets": 1}, "2513b4fe": {"runs": 0, "balls": 1, "wickets": 1}, "e553e27f": {"runs": 2, "balls": 2, "wickets": 0}, "3ad06915": {"runs": 0, "balls": 2, "wickets": 1}, "ef6d6883": {"runs": 1, "balls": 0, "wickets": 0}}, "fifties": 0, "thirties": 0, "centuries": 0, "maidens": 1.0, "hattricks": 0, "runs": 26.0, "wickets": 10.0, "club_ODI_previous3_runs": [], "club_ODI_previous3_wickets": [], "club_ODI_previous3_balls played": [], "club_ODI_previous3_overs": [], "club_ODI_previous3_runs gave": [], "club_ODI_lifetime_runs": 0.0, "club_ODI_lifetime_wickets": 0.0, "club_ODI_lifetime_balls played": 0.0, "club_ODI_lifetime_overs": 0.0, "club_ODI_lifetime_runs gave": 0.0, "club_Test_previous3_runs": [], "club_Test_previous3_wickets": [], "club_Test_previous3_balls played": [], "club_Test_previous3_overs": [], "club_Test_previous3_runs gave": [], "club_Test_lifetime_runs": 0.0, "club_Test_lifetime_wickets": 0.0, "club_Test_lifetime_balls played": 0.0, "club_Test_lifetime_overs": 0.0, "club_Test_lifetime_runs gave": 0.0, "club_T20_previous3_runs": [], "club_T20_previous3_wickets": [], "club_T20_previous3_balls played": [], "club_T20_previous3_overs": [], "club_T20_previous3_runs gave": [], "club_T20_lifetime_runs": 0.0, "club_T20_lifetime_wickets": 0.0, "club_T20_lifetime_balls played": 0.0, "club_T20_lifetime_overs": 0.0, "club_T20_lifetime_runs gave": 0.0, "international_ODI_previous3_runs": [], "international_ODI_previous3_wickets": [], "international_ODI_previous3_balls played": [], "international_ODI_previous3_overs": [], "international_ODI_previous3_runs gave": [], "international_ODI_lifetime_runs": 0.0, "international_ODI_lifetime_wickets": 0.0, "international_ODI_lifetime_balls played": 0.0, "international_ODI_lifetime_overs": 0.0, "international_ODI_lifetime_runs gave": 0.0, "international_Test_previous3_runs": [], "international_Test_previous3_wickets": [], "international_Test_previous3_balls played": [], "international_Test_previous3_overs": [], "international_Test_previous3_runs gave": [], "international_Test_lifetime_runs": 0.0, "international_Test_lifetime_wickets": 0.0, "international_Test_lifetime_balls played": 0.0, "international_Test_lifetime_overs": 0.0, "international_Test_lifetime_runs gave": 0.0, "international_T20_previous3_runs": [0.0, 0.0, 1.0], "international_T20_previous3_wickets": [1.0, 1.0, 0.0], "international_T20_previous3_balls played": [0.0, 0.0, 0.0], "international_T20_previous3_overs": [4.0, 4.0, 2.0], "international_T20_previous3_runs gave": [11.0, 23.0, 3.0], "international_T20_lifetime_runs": 26.0, "international_T20_lifetime_wickets": 10.0, "international_T20_lifetime_balls played": 41.0, "international_T20_lifetime_overs": 48.83333333333333, "international_T20_lifetime_runs gave": 295.0}