{"played_against": {"1066a976": {"runs": 12, "balls": 13, "wickets": 0}, "6fe2c1c0": {"runs": 4, "balls": 3, "wickets": 0}, "9219eff0": {"runs": 1, "balls": 2, "wickets": 1}, "fd8a9b23": {"runs": 1, "balls": 2, "wickets": 0}, "cd143bca": {"runs": 24, "balls": 23, "wickets": 1}, "0f21680d": {"runs": 2, "balls": 2, "wickets": 0}, "f78e7113": {"runs": 1, "balls": 3, "wickets": 0}, "10f68de1": {"runs": 58, "balls": 49, "wickets": 0}, "e737a5fe": {"runs": 9, "balls": 7, "wickets": 0}, "a386e91b": {"runs": 10, "balls": 9, "wickets": 0}, "8d92a2c3": {"runs": 4, "balls": 5, "wickets": 1}, "eb1a5b03": {"runs": 1, "balls": 2, "wickets": 0}, "79c7041c": {"runs": 3, "balls": 3, "wickets": 0}, "afa78c3a": {"runs": 3, "balls": 4, "wickets": 1}, "0e0d43b4": {"runs": 20, "balls": 14, "wickets": 0}, "f752db61": {"runs": 4, "balls": 5, "wickets": 0}, "e412cb64": {"runs": 11, "balls": 9, "wickets": 1}, "e423d162": {"runs": 21, "balls": 14, "wickets": 0}, "d12143bf": {"runs": 1, "balls": 1, "wickets": 0}, "fdb8ed0d": {"runs": 2, "balls": 4, "wickets": 0}, "59792462": {"runs": 9, "balls": 7, "wickets": 0}, "50c6bc2b": {"runs": 4, "balls": 7, "wickets": 1}, "9868bc75": {"runs": 5, "balls": 6, "wickets": 0}, "a7e8ff19": {"runs": 2, "balls": 2, "wickets": 0}, "f6c84b9f": {"runs": 5, "balls": 5, "wickets": 1}, "a316d663": {"runs": 3, "balls": 7, "wickets": 0}, "9679838c": {"runs": 23, "balls": 28, "wickets": 2}, "bb351c23": {"runs": 7, "balls": 11, "wickets": 0}, "9a963804": {"runs": 4, "balls": 3, "wickets": 0}, "e871a7a1": {"runs": 29, "balls": 72, "wickets": 5}, "402f8494": {"runs": 6, "balls": 5, "wickets": 0}, "7955eb15": {"runs": 15, "balls": 4, "wickets": 0}, "aa1210d8": {"runs": 0, "balls": 2, "wickets": 0}, "e734d090": {"runs": 2, "balls": 2, "wickets": 0}, "6a2fadd0": {"runs": 1, "balls": 2, "wickets": 0}, "94eac556": {"runs": 1, "balls": 2, "wickets": 1}, "249d60c9": {"runs": 7, "balls": 9, "wickets": 0}, "5fcb6fb1": {"runs": 15, "balls": 11, "wickets": 0}, "a37b5c0a": {"runs": 19, "balls": 59, "wickets": 0}, "b21ed464": {"runs": 31, "balls": 80, "wickets": 0}, "b9877635": {"runs": 15, "balls": 63, "wickets": 1}, "086f5984": {"runs": 6, "balls": 4, "wickets": 0}, "c654af19": {"runs": 0, "balls": 0, "wickets": 0}, "5239d782": {"runs": 5, "balls": 5, "wickets": 0}, "e4a0deae": {"runs": 2, "balls": 2, "wickets": 0}, "8108e2d2": {"runs": 16, "balls": 16, "wickets": 0}, "012829ff": {"runs": 20, "balls": 7, "wickets": 0}, "641ac5ff": {"runs": 8, "balls": 4, "wickets": 1}, "18fac429": {"runs": 19, "balls": 11, "wickets": 0}, "757502b5": {"runs": 0, "balls": 1, "wickets": 0}, "02b93a83": {"runs": 10, "balls": 3, "wickets": 0}, "88a004e9": {"runs": 1, "balls": 2, "wickets": 1}, "d4eef961": {"runs": 8, "balls": 8, "wickets": 0}, "450f6fa6": {"runs": 5, "balls": 2, "wickets": 0}, "5da34add": {"runs": 28, "balls": 66, "wickets": 1}, "2a2e6343": {"runs": 14, "balls": 4, "wickets": 0}, "3d0ed2f9": {"runs": 8, "balls": 6, "wickets": 1}, "9789e56e": {"runs": 3, "balls": 8, "wickets": 1}, "1ca7c00f": {"runs": 1, "balls": 1, "wickets": 0}, "314ed7e6": {"runs": 1, "balls": 1, "wickets": 0}, "6042bf26": {"runs": 7, "balls": 5, "wickets": 0}, "b3118300": {"runs": 0, "balls": 4, "wickets": 1}, "b3544c5d": {"runs": 2, "balls": 17, "wickets": 0}, "808f425a": {"runs": 1, "balls": 1, "wickets": 0}, "27c5a793": {"runs": 15, "balls": 39, "wickets": 1}, "ab474682": {"runs": 0, "balls": 2, "wickets": 1}, "3a60e0b5": {"runs": 16, "balls": 13, "wickets": 0}, "1efd12d1": {"runs": 3, "balls": 3, "wickets": 0}, "5db1c288": {"runs": 12, "balls": 7, "wickets": 0}, "1f1b4c89": {"runs": 3, "balls": 4, "wickets": 0}, "a510bdd3": {"runs": 16, "balls": 36, "wickets": 0}, "d346d939": {"runs": 16, "balls": 22, "wickets": 0}, "fc63d916": {"runs": 30, "balls": 46, "wickets": 0}, "b5781ac3": {"runs": 2, "balls": 4, "wickets": 0}, "cad40f5e": {"runs": 0, "balls": 1, "wickets": 1}, "4c0f3806": {"runs": 6, "balls": 9, "wickets": 1}, "23638956": {"runs": 30, "balls": 90, "wickets": 1}, "eab74985": {"runs": 18, "balls": 40, "wickets": 0}, "b082d112": {"runs": 20, "balls": 37, "wickets": 1}, "5b6d248a": {"runs": 4, "balls": 21, "wickets": 0}, "92aa28fe": {"runs": 7, "balls": 32, "wickets": 0}, "c89474d1": {"runs": 0, "balls": 14, "wickets": 0}, "39180894": {"runs": 4, "balls": 10, "wickets": 0}, "d26e0405": {"runs": 6, "balls": 14, "wickets": 0}, "5ac8f17b": {"runs": 2, "balls": 3, "wickets": 0}, "51e1ed69": {"runs": 3, "balls": 4, "wickets": 0}, "9caf69a1": {"runs": 7, "balls": 5, "wickets": 0}, "59559bc2": {"runs": 19, "balls": 21, "wickets": 0}, "5c86c3c2": {"runs": 5, "balls": 5, "wickets": 0}, "ea3d687a": {"runs": 6, "balls": 28, "wickets": 0}, "6ea2710f": {"runs": 17, "balls": 42, "wickets": 0}, "23f2143b": {"runs": 8, "balls": 11, "wickets": 0}, "679cd31e": {"runs": 6, "balls": 4, "wickets": 0}, "e43aa7ed": {"runs": 9, "balls": 4, "wickets": 0}, "4b685e2d": {"runs": 1, "balls": 2, "wickets": 1}, "8db7f47f": {"runs": 1, "balls": 2, "wickets": 1}, "bdc0670a": {"runs": 1, "balls": 2, "wickets": 0}, "74a274cc": {"runs": 13, "balls": 9, "wickets": 0}, "0f6db197": {"runs": 19, "balls": 84, "wickets": 1}, "22b98d7c": {"runs": 11, "balls": 52, "wickets": 0}, "65b6943c": {"runs": 2, "balls": 16, "wickets": 0}, "d99cc23a": {"runs": 45, "balls": 86, "wickets": 2}, "03df7a25": {"runs": 17, "balls": 25, "wickets": 0}, "0c7f11be": {"runs": 13, "balls": 28, "wickets": 0}, "5a42a396": {"runs": 10, "balls": 22, "wickets": 0}, "7f048519": {"runs": 26, "balls": 80, "wickets": 0}, "a8e56914": {"runs": 3, "balls": 15, "wickets": 0}, "a343262c": {"runs": 1, "balls": 6, "wickets": 0}, "ad46c747": {"runs": 23, "balls": 99, "wickets": 2}, "1d2f290a": {"runs": 23, "balls": 118, "wickets": 2}, "867a45a7": {"runs": 5, "balls": 5, "wickets": 0}, "42151725": {"runs": 5, "balls": 5, "wickets": 0}, "bca21d18": {"runs": 2, "balls": 9, "wickets": 0}, "93cad673": {"runs": 4, "balls": 6, "wickets": 1}, "4ae1755b": {"runs": 11, "balls": 16, "wickets": 0}, "70b8fd28": {"runs": 2, "balls": 8, "wickets": 0}, "7d92277a": {"runs": 0, "balls": 3, "wickets": 0}, "ccdd8308": {"runs": 7, "balls": 3, "wickets": 0}, "ee0c05c0": {"runs": 0, "balls": 1, "wickets": 1}, "c78a879c": {"runs": 5, "balls": 3, "wickets": 1}}, "fifties": 3, "thirties": 7, "centuries": 1, "maidens": 2.0, "hattricks": 3, "runs": 1100.0, "wickets": 35.0, "club_ODI_previous3_runs": [15.0, 0.0, 23.0], "club_ODI_previous3_wickets": [0.0, 2.0, 1.0], "club_ODI_previous3_balls played": [10.0, 0.0, 15.0], "club_ODI_previous3_overs": [6.0, 9.0, 8.0], "club_ODI_previous3_runs gave": [64.0, 45.0, 52.0], "club_ODI_lifetime_runs": 176.0, "club_ODI_lifetime_wickets": 13.0, "club_ODI_lifetime_balls played": 179.0, "club_ODI_lifetime_overs": 64.0, "club_ODI_lifetime_runs gave": 465.0, "club_Test_previous3_runs": [12.0, 92.0, 6.0], "club_Test_previous3_wickets": [0.0, 0.0, 0.0], "club_Test_previous3_balls played": [23.0, 365.0, 30.0], "club_Test_previous3_overs": [0.0, 0.0, 0.0], "club_Test_previous3_runs gave": [0.0, 0.0, 0.0], "club_Test_lifetime_runs": 603.0, "club_Test_lifetime_wickets": 2.0, "club_Test_lifetime_balls played": 1595.0, "club_Test_lifetime_overs": 55.0, "club_Test_lifetime_runs gave": 273.0, "club_T20_previous3_runs": [0.0, 8.0, 8.0], "club_T20_previous3_wickets": [0.0, 0.0, 0.0], "club_T20_previous3_balls played": [0.0, 11.0, 8.0], "club_T20_previous3_overs": [0.0, 0.0, 0.0], "club_T20_previous3_runs gave": [0.0, 0.0, 0.0], "club_T20_lifetime_runs": 321.0, "club_T20_lifetime_wickets": 20.0, "club_T20_lifetime_balls played": 251.0, "club_T20_lifetime_overs": 57.83333333333333, "club_T20_lifetime_runs gave": 646.0, "international_ODI_previous3_runs": [], "international_ODI_previous3_wickets": [], "international_ODI_previous3_balls played": [], "international_ODI_previous3_overs": [], "international_ODI_previous3_runs gave": [], "international_ODI_lifetime_runs": 0.0, "international_ODI_lifetime_wickets": 0.0, "international_ODI_lifetime_balls played": 0.0, "international_ODI_lifetime_overs": 0.0, "international_ODI_lifetime_runs gave": 0.0, "international_Test_previous3_runs": [], "international_Test_previous3_wickets": [], "international_Test_previous3_balls played": [], "international_Test_previous3_overs": [], "international_Test_previous3_runs gave": [], "international_Test_lifetime_runs": 0.0, "international_Test_lifetime_wickets": 0.0, "international_Test_lifetime_balls played": 0.0, "international_Test_lifetime_overs": 0.0, "international_Test_lifetime_runs gave": 0.0, "international_T20_previous3_runs": [], "international_T20_previous3_wickets": [], "international_T20_previous3_balls played": [], "international_T20_previous3_overs": [], "international_T20_previous3_runs gave": [], "international_T20_lifetime_runs": 0.0, "international_T20_lifetime_wickets": 0.0, "international_T20_lifetime_balls played": 0.0, "international_T20_lifetime_overs": 0.0, "international_T20_lifetime_runs gave": 0.0}