{"played_against": {"3dab8f3f": {"runs": 1, "balls": 1, "wickets": 0}, "fa5f2d01": {"runs": 7, "balls": 4, "wickets": 0}, "44e00a4c": {"runs": 0, "balls": 1, "wickets": 0}, "d1d15fc9": {"runs": 0, "balls": 3, "wickets": 0}, "c39ee9e0": {"runs": 0, "balls": 1, "wickets": 1}}, "fifties": 0, "thirties": 0, "centuries": 0, "maidens": 0.0, "hattricks": 0, "runs": 8.0, "wickets": 1.0, "club_ODI_previous3_runs": [], "club_ODI_previous3_wickets": [], "club_ODI_previous3_balls played": [], "club_ODI_previous3_overs": [], "club_ODI_previous3_runs gave": [], "club_ODI_lifetime_runs": 0.0, "club_ODI_lifetime_wickets": 0.0, "club_ODI_lifetime_balls played": 0.0, "club_ODI_lifetime_overs": 0.0, "club_ODI_lifetime_runs gave": 0.0, "club_Test_previous3_runs": [], "club_Test_previous3_wickets": [], "club_Test_previous3_balls played": [], "club_Test_previous3_overs": [], "club_Test_previous3_runs gave": [], "club_Test_lifetime_runs": 0.0, "club_Test_lifetime_wickets": 0.0, "club_Test_lifetime_balls played": 0.0, "club_Test_lifetime_overs": 0.0, "club_Test_lifetime_runs gave": 0.0, "club_T20_previous3_runs": [], "club_T20_previous3_wickets": [], "club_T20_previous3_balls played": [], "club_T20_previous3_overs": [], "club_T20_previous3_runs gave": [], "club_T20_lifetime_runs": 0.0, "club_T20_lifetime_wickets": 0.0, "club_T20_lifetime_balls played": 0.0, "club_T20_lifetime_overs": 0.0, "club_T20_lifetime_runs gave": 0.0, "international_ODI_previous3_runs": [7.0, 0.0], "international_ODI_previous3_wickets": [0.0, 0.0], "international_ODI_previous3_balls played": [5.0, 4.0], "international_ODI_previous3_overs": [1.0, 0.0], "international_ODI_previous3_runs gave": [4.0, 0.0], "international_ODI_lifetime_runs": 7.0, "international_ODI_lifetime_wickets": 0.0, "international_ODI_lifetime_balls played": 9.0, "international_ODI_lifetime_overs": 1.0, "international_ODI_lifetime_runs gave": 4.0, "international_Test_previous3_runs": [], "international_Test_previous3_wickets": [], "international_Test_previous3_balls played": [], "international_Test_previous3_overs": [], "international_Test_previous3_runs gave": [], "international_Test_lifetime_runs": 0.0, "international_Test_lifetime_wickets": 0.0, "international_Test_lifetime_balls played": 0.0, "international_Test_lifetime_overs": 0.0, "international_Test_lifetime_runs gave": 0.0, "international_T20_previous3_runs": [1.0], "international_T20_previous3_wickets": [1.0], "international_T20_previous3_balls played": [1.0], "international_T20_previous3_overs": [3.0], "international_T20_previous3_runs gave": [19.0], "international_T20_lifetime_runs": 1.0, "international_T20_lifetime_wickets": 1.0, "international_T20_lifetime_balls played": 1.0, "international_T20_lifetime_overs": 3.0, "international_T20_lifetime_runs gave": 19.0}