{"played_against": {"8d6b36e3": {"runs": 4, "balls": 2, "wickets": 0}, "89bbc67a": {"runs": 1, "balls": 3, "wickets": 1}, "72b7ed1e": {"runs": 0, "balls": 1, "wickets": 0}, "8ca1f93a": {"runs": 9, "balls": 12, "wickets": 0}, "180240d4": {"runs": 2, "balls": 12, "wickets": 0}, "e2410b5e": {"runs": 0, "balls": 6, "wickets": 0}, "60471339": {"runs": 5, "balls": 5, "wickets": 1}, "72166006": {"runs": 1, "balls": 3, "wickets": 0}, "0475a86b": {"runs": 1, "balls": 1, "wickets": 0}, "17608a6f": {"runs": 2, "balls": 7, "wickets": 0}, "be150fc8": {"runs": 4, "balls": 8, "wickets": 1}, "bec997fc": {"runs": 3, "balls": 2, "wickets": 0}, "b287e7b1": {"runs": 2, "balls": 2, "wickets": 0}, "705489eb": {"runs": 7, "balls": 7, "wickets": 0}, "5463cb7a": {"runs": 2, "balls": 14, "wickets": 2}, "201fef33": {"runs": 3, "balls": 11, "wickets": 1}, "237ec05b": {"runs": 6, "balls": 12, "wickets": 2}, "d0bb40b8": {"runs": 3, "balls": 5, "wickets": 0}, "9d87a319": {"runs": 1, "balls": 1, "wickets": 0}, "84f1ae7f": {"runs": 0, "balls": 8, "wickets": 1}, "4ba0289e": {"runs": 2, "balls": 4, "wickets": 0}, "53d50717": {"runs": 2, "balls": 5, "wickets": 0}, "7c1ba524": {"runs": 1, "balls": 1, "wickets": 0}, "558cdd64": {"runs": 1, "balls": 2, "wickets": 0}, "66078174": {"runs": 0, "balls": 3, "wickets": 0}, "037f2b86": {"runs": 0, "balls": 1, "wickets": 1}, "005f0561": {"runs": 5, "balls": 4, "wickets": 0}, "752183c1": {"runs": 8, "balls": 5, "wickets": 0}, "6a434bd3": {"runs": 1, "balls": 5, "wickets": 2}, "9706e64b": {"runs": 0, "balls": 1, "wickets": 0}, "6c3aef71": {"runs": 1, "balls": 9, "wickets": 0}, "53cd8da6": {"runs": 4, "balls": 3, "wickets": 0}, "8026ea72": {"runs": 1, "balls": 4, "wickets": 0}, "cb08b611": {"runs": 1, "balls": 3, "wickets": 0}, "9b73d523": {"runs": 0, "balls": 2, "wickets": 0}, "7673c908": {"runs": 4, "balls": 4, "wickets": 0}, "b8cce99f": {"runs": 4, "balls": 2, "wickets": 0}, "d5eb8b84": {"runs": 7, "balls": 6, "wickets": 0}, "ae2c396f": {"runs": 1, "balls": 2, "wickets": 0}, "9af58032": {"runs": 2, "balls": 5, "wickets": 1}, "c981d3c2": {"runs": 0, "balls": 7, "wickets": 0}, "ed840f44": {"runs": 9, "balls": 9, "wickets": 0}, "a51e6c6e": {"runs": 3, "balls": 8, "wickets": 0}, "ea9c54de": {"runs": 6, "balls": 4, "wickets": 0}, "06653fcc": {"runs": 1, "balls": 2, "wickets": 0}, "a49985e6": {"runs": 1, "balls": 2, "wickets": 0}, "321c980e": {"runs": 0, "balls": 2, "wickets": 1}, "c29ada99": {"runs": 3, "balls": 3, "wickets": 0}, "d32cf49a": {"runs": 2, "balls": 7, "wickets": 1}, "ad3940a5": {"runs": 2, "balls": 4, "wickets": 0}, "de69af96": {"runs": 1, "balls": 2, "wickets": 0}, "7391f160": {"runs": 1, "balls": 1, "wickets": 0}, "a92763ea": {"runs": 1, "balls": 2, "wickets": 0}, "8ae7bb3e": {"runs": 0, "balls": 6, "wickets": 0}, "f3a18a0c": {"runs": 0, "balls": 1, "wickets": 0}, "38b4583c": {"runs": 2, "balls": 8, "wickets": 0}, "cdb82f1c": {"runs": 3, "balls": 3, "wickets": 0}, "35828bdd": {"runs": 0, "balls": 9, "wickets": 1}, "e5b17517": {"runs": 1, "balls": 1, "wickets": 0}, "a61850e6": {"runs": 0, "balls": 1, "wickets": 0}, "b55fb828": {"runs": 1, "balls": 1, "wickets": 0}, "108c4c09": {"runs": 1, "balls": 2, "wickets": 0}, "2e0b6638": {"runs": 2, "balls": 2, "wickets": 0}, "f13d3eba": {"runs": 1, "balls": 2, "wickets": 0}, "9c4b58db": {"runs": 1, "balls": 2, "wickets": 0}, "792d0178": {"runs": 4, "balls": 1, "wickets": 0}, "fb0c0bcc": {"runs": 0, "balls": 2, "wickets": 0}, "0b69a844": {"runs": 1, "balls": 1, "wickets": 0}, "83558266": {"runs": 2, "balls": 3, "wickets": 1}, "77143581": {"runs": 0, "balls": 2, "wickets": 1}, "7693851c": {"runs": 3, "balls": 3, "wickets": 0}}, "fifties": 0, "thirties": 0, "centuries": 0, "maidens": 76.0, "hattricks": 19, "runs": 153.0, "wickets": 166.0, "club_ODI_previous3_runs": [], "club_ODI_previous3_wickets": [], "club_ODI_previous3_balls played": [], "club_ODI_previous3_overs": [], "club_ODI_previous3_runs gave": [], "club_ODI_lifetime_runs": 0.0, "club_ODI_lifetime_wickets": 0.0, "club_ODI_lifetime_balls played": 0.0, "club_ODI_lifetime_overs": 0.0, "club_ODI_lifetime_runs gave": 0.0, "club_Test_previous3_runs": [], "club_Test_previous3_wickets": [], "club_Test_previous3_balls played": [], "club_Test_previous3_overs": [], "club_Test_previous3_runs gave": [], "club_Test_lifetime_runs": 0.0, "club_Test_lifetime_wickets": 0.0, "club_Test_lifetime_balls played": 0.0, "club_Test_lifetime_overs": 0.0, "club_Test_lifetime_runs gave": 0.0, "club_T20_previous3_runs": [1.0, 0.0, 0.0], "club_T20_previous3_wickets": [0.0, 0.0, 0.0], "club_T20_previous3_balls played": [2.0, 2.0, 0.0], "club_T20_previous3_overs": [3.0, 3.0, 4.0], "club_T20_previous3_runs gave": [41.0, 16.0, 20.0], "club_T20_lifetime_runs": 12.0, "club_T20_lifetime_wickets": 19.0, "club_T20_lifetime_balls played": 22.0, "club_T20_lifetime_overs": 76.0, "club_T20_lifetime_runs gave": 483.0, "international_ODI_previous3_runs": [0.0, 0.0, 0.0], "international_ODI_previous3_wickets": [3.0, 0.0, 1.0], "international_ODI_previous3_balls played": [7.0, 0.0, 0.0], "international_ODI_previous3_overs": [10.0, 10.0, 9.0], "international_ODI_previous3_runs gave": [47.0, 51.0, 38.0], "international_ODI_lifetime_runs": 107.0, "international_ODI_lifetime_wickets": 107.0, "international_ODI_lifetime_balls played": 219.0, "international_ODI_lifetime_overs": 702.0000000000001, "international_ODI_lifetime_runs gave": 2998.0, "international_Test_previous3_runs": [], "international_Test_previous3_wickets": [], "international_Test_previous3_balls played": [], "international_Test_previous3_overs": [], "international_Test_previous3_runs gave": [], "international_Test_lifetime_runs": 0.0, "international_Test_lifetime_wickets": 0.0, "international_Test_lifetime_balls played": 0.0, "international_Test_lifetime_overs": 0.0, "international_Test_lifetime_runs gave": 0.0, "international_T20_previous3_runs": [0.0, 0.0, 4.0], "international_T20_previous3_wickets": [0.0, 2.0, 1.0], "international_T20_previous3_balls played": [0.0, 0.0, 4.0], "international_T20_previous3_overs": [4.0, 4.0, 4.0], "international_T20_previous3_runs gave": [25.0, 24.0, 44.0], "international_T20_lifetime_runs": 34.0, "international_T20_lifetime_wickets": 40.0, "international_T20_lifetime_balls played": 58.0, "international_T20_lifetime_overs": 201.33333333333331, "international_T20_lifetime_runs gave": 1410.0}