{"played_against": {"d12cead8": {"runs": 3, "balls": 11, "wickets": 0}, "86b4bf88": {"runs": 0, "balls": 14, "wickets": 0}, "9e707e02": {"runs": 5, "balls": 10, "wickets": 0}, "d99cc23a": {"runs": 19, "balls": 34, "wickets": 0}, "7d7233a9": {"runs": 23, "balls": 29, "wickets": 2}, "cd143bca": {"runs": 26, "balls": 49, "wickets": 1}, "219cc59e": {"runs": 20, "balls": 42, "wickets": 0}, "a4b810d0": {"runs": 17, "balls": 19, "wickets": 0}, "fc63d916": {"runs": 28, "balls": 20, "wickets": 1}, "52c442e4": {"runs": 15, "balls": 35, "wickets": 0}, "5a74e559": {"runs": 6, "balls": 10, "wickets": 0}, "e871a7a1": {"runs": 5, "balls": 9, "wickets": 1}, "ac3c3cab": {"runs": 4, "balls": 10, "wickets": 0}, "bf26cd81": {"runs": 2, "balls": 6, "wickets": 1}, "b5781ac3": {"runs": 4, "balls": 16, "wickets": 0}, "1e66c162": {"runs": 9, "balls": 14, "wickets": 1}, "0f3ee070": {"runs": 3, "balls": 10, "wickets": 0}, "27fc5808": {"runs": 8, "balls": 12, "wickets": 0}, "344c6d55": {"runs": 1, "balls": 2, "wickets": 0}, "660538af": {"runs": 4, "balls": 14, "wickets": 0}, "f1ba9ed7": {"runs": 17, "balls": 23, "wickets": 0}, "eafe8a94": {"runs": 10, "balls": 19, "wickets": 0}}, "fifties": 1, "thirties": 0, "centuries": 1, "maidens": 0.0, "hattricks": 0, "runs": 229.0, "wickets": 0.0, "club_ODI_previous3_runs": [11.0, 10.0], "club_ODI_previous3_wickets": [0.0, 0.0], "club_ODI_previous3_balls played": [20.0, 32.0], "club_ODI_previous3_overs": [0.0, 0.0], "club_ODI_previous3_runs gave": [0.0, 0.0], "club_ODI_lifetime_runs": 21.0, "club_ODI_lifetime_wickets": 0.0, "club_ODI_lifetime_balls played": 52.0, "club_ODI_lifetime_overs": 0.0, "club_ODI_lifetime_runs gave": 0.0, "club_Test_previous3_runs": [106.0, 21.0, 64.0], "club_Test_previous3_wickets": [0.0, 0.0, 0.0], "club_Test_previous3_balls played": [166.0, 39.0, 113.0], "club_Test_previous3_overs": [0.0, 0.0, 0.0], "club_Test_previous3_runs gave": [0.0, 0.0, 0.0], "club_Test_lifetime_runs": 208.0, "club_Test_lifetime_wickets": 0.0, "club_Test_lifetime_balls played": 360.0, "club_Test_lifetime_overs": 0.0, "club_Test_lifetime_runs gave": 0.0, "club_T20_previous3_runs": [], "club_T20_previous3_wickets": [], "club_T20_previous3_balls played": [], "club_T20_previous3_overs": [], "club_T20_previous3_runs gave": [], "club_T20_lifetime_runs": 0.0, "club_T20_lifetime_wickets": 0.0, "club_T20_lifetime_balls played": 0.0, "club_T20_lifetime_overs": 0.0, "club_T20_lifetime_runs gave": 0.0, "international_ODI_previous3_runs": [], "international_ODI_previous3_wickets": [], "international_ODI_previous3_balls played": [], "international_ODI_previous3_overs": [], "international_ODI_previous3_runs gave": [], "international_ODI_lifetime_runs": 0.0, "international_ODI_lifetime_wickets": 0.0, "international_ODI_lifetime_balls played": 0.0, "international_ODI_lifetime_overs": 0.0, "international_ODI_lifetime_runs gave": 0.0, "international_Test_previous3_runs": [], "international_Test_previous3_wickets": [], "international_Test_previous3_balls played": [], "international_Test_previous3_overs": [], "international_Test_previous3_runs gave": [], "international_Test_lifetime_runs": 0.0, "international_Test_lifetime_wickets": 0.0, "international_Test_lifetime_balls played": 0.0, "international_Test_lifetime_overs": 0.0, "international_Test_lifetime_runs gave": 0.0, "international_T20_previous3_runs": [], "international_T20_previous3_wickets": [], "international_T20_previous3_balls played": [], "international_T20_previous3_overs": [], "international_T20_previous3_runs gave": [], "international_T20_lifetime_runs": 0.0, "international_T20_lifetime_wickets": 0.0, "international_T20_lifetime_balls played": 0.0, "international_T20_lifetime_overs": 0.0, "international_T20_lifetime_runs gave": 0.0}