{"played_against": {"98614193": {"runs": 2, "balls": 2, "wickets": 0}, "65180edd": {"runs": 1, "balls": 3, "wickets": 1}, "69caf2be": {"runs": 1, "balls": 7, "wickets": 1}, "7ae1aad9": {"runs": 1, "balls": 1, "wickets": 0}, "6579788b": {"runs": 4, "balls": 3, "wickets": 0}, "34ab1e6e": {"runs": 4, "balls": 7, "wickets": 1}, "5a970aab": {"runs": 3, "balls": 4, "wickets": 0}, "9238dd92": {"runs": 0, "balls": 3, "wickets": 1}, "b38a9f73": {"runs": 0, "balls": 2, "wickets": 0}, "26c9b5be": {"runs": 0, "balls": 2, "wickets": 0}, "2dde3e62": {"runs": 1, "balls": 2, "wickets": 0}, "3b52d247": {"runs": 0, "balls": 4, "wickets": 0}, "01679383": {"runs": 1, "balls": 3, "wickets": 0}, "75f3aa00": {"runs": 10, "balls": 7, "wickets": 0}, "490f475a": {"runs": 4, "balls": 4, "wickets": 0}, "b7abb123": {"runs": 0, "balls": 1, "wickets": 0}, "d7e51f87": {"runs": 0, "balls": 2, "wickets": 1}, "dadb9703": {"runs": 1, "balls": 8, "wickets": 0}, "a879b92c": {"runs": 1, "balls": 5, "wickets": 0}, "6e3f5a5c": {"runs": 0, "balls": 1, "wickets": 0}, "b08252b8": {"runs": 0, "balls": 1, "wickets": 1}, "31f01815": {"runs": 6, "balls": 6, "wickets": 0}, "882fd091": {"runs": 4, "balls": 4, "wickets": 0}, "1439a13c": {"runs": 7, "balls": 3, "wickets": 0}, "d816fc1c": {"runs": 9, "balls": 8, "wickets": 0}, "2ef6c852": {"runs": 7, "balls": 4, "wickets": 0}, "af4c15c5": {"runs": 0, "balls": 1, "wickets": 0}}, "fifties": 0, "thirties": 1, "centuries": 0, "maidens": 0.0, "hattricks": 0, "runs": 67.0, "wickets": 6.0, "club_ODI_previous3_runs": [], "club_ODI_previous3_wickets": [], "club_ODI_previous3_balls played": [], "club_ODI_previous3_overs": [], "club_ODI_previous3_runs gave": [], "club_ODI_lifetime_runs": 0.0, "club_ODI_lifetime_wickets": 0.0, "club_ODI_lifetime_balls played": 0.0, "club_ODI_lifetime_overs": 0.0, "club_ODI_lifetime_runs gave": 0.0, "club_Test_previous3_runs": [], "club_Test_previous3_wickets": [], "club_Test_previous3_balls played": [], "club_Test_previous3_overs": [], "club_Test_previous3_runs gave": [], "club_Test_lifetime_runs": 0.0, "club_Test_lifetime_wickets": 0.0, "club_Test_lifetime_balls played": 0.0, "club_Test_lifetime_overs": 0.0, "club_Test_lifetime_runs gave": 0.0, "club_T20_previous3_runs": [], "club_T20_previous3_wickets": [], "club_T20_previous3_balls played": [], "club_T20_previous3_overs": [], "club_T20_previous3_runs gave": [], "club_T20_lifetime_runs": 0.0, "club_T20_lifetime_wickets": 0.0, "club_T20_lifetime_balls played": 0.0, "club_T20_lifetime_overs": 0.0, "club_T20_lifetime_runs gave": 0.0, "international_ODI_previous3_runs": [], "international_ODI_previous3_wickets": [], "international_ODI_previous3_balls played": [], "international_ODI_previous3_overs": [], "international_ODI_previous3_runs gave": [], "international_ODI_lifetime_runs": 0.0, "international_ODI_lifetime_wickets": 0.0, "international_ODI_lifetime_balls played": 0.0, "international_ODI_lifetime_overs": 0.0, "international_ODI_lifetime_runs gave": 0.0, "international_Test_previous3_runs": [], "international_Test_previous3_wickets": [], "international_Test_previous3_balls played": [], "international_Test_previous3_overs": [], "international_Test_previous3_runs gave": [], "international_Test_lifetime_runs": 0.0, "international_Test_lifetime_wickets": 0.0, "international_Test_lifetime_balls played": 0.0, "international_Test_lifetime_overs": 0.0, "international_Test_lifetime_runs gave": 0.0, "international_T20_previous3_runs": [0.0, 2.0, 33.0], "international_T20_previous3_wickets": [1.0, 1.0, 1.0], "international_T20_previous3_balls played": [2.0, 15.0, 29.0], "international_T20_previous3_overs": [4.0, 4.0, 3.0], "international_T20_previous3_runs gave": [29.0, 58.0, 16.0], "international_T20_lifetime_runs": 67.0, "international_T20_lifetime_wickets": 6.0, "international_T20_lifetime_balls played": 99.0, "international_T20_lifetime_overs": 31.0, "international_T20_lifetime_runs gave": 250.0}