{"played_against": {"be8b147b": {"runs": 5, "balls": 8, "wickets": 0}, "8dc152d1": {"runs": 2, "balls": 5, "wickets": 0}, "01698fee": {"runs": 8, "balls": 5, "wickets": 1}, "7dfb8890": {"runs": 3, "balls": 3, "wickets": 0}, "57e1d7e4": {"runs": 9, "balls": 7, "wickets": 0}, "91cd48e0": {"runs": 2, "balls": 2, "wickets": 0}, "7cb2d9d2": {"runs": 1, "balls": 2, "wickets": 0}, "7ec9711d": {"runs": 10, "balls": 6, "wickets": 0}, "ab6b1c45": {"runs": 7, "balls": 4, "wickets": 0}, "fc60e81a": {"runs": 2, "balls": 2, "wickets": 0}, "a8c3019c": {"runs": 11, "balls": 4, "wickets": 1}, "b56dc5f7": {"runs": 4, "balls": 2, "wickets": 0}, "3a60e0b5": {"runs": 0, "balls": 1, "wickets": 0}, "1e182ae2": {"runs": 16, "balls": 8, "wickets": 0}, "955e8e86": {"runs": 6, "balls": 3, "wickets": 0}, "a2316f90": {"runs": 1, "balls": 2, "wickets": 1}, "1062bebb": {"runs": 11, "balls": 12, "wickets": 0}, "5ec126fa": {"runs": 13, "balls": 8, "wickets": 0}, "a316d663": {"runs": 5, "balls": 3, "wickets": 0}, "ffd3fc37": {"runs": 0, "balls": 1, "wickets": 1}, "a03bba42": {"runs": 2, "balls": 4, "wickets": 1}, "be3ffb65": {"runs": 0, "balls": 3, "wickets": 0}, "10f42013": {"runs": 1, "balls": 1, "wickets": 0}, "bd36db2c": {"runs": 7, "balls": 3, "wickets": 0}, "deccdffa": {"runs": 1, "balls": 2, "wickets": 1}, "d92d8446": {"runs": 1, "balls": 3, "wickets": 1}, "6a26221c": {"runs": 0, "balls": 1, "wickets": 1}, "81c36ee9": {"runs": 3, "balls": 7, "wickets": 0}, "dda5aae5": {"runs": 1, "balls": 1, "wickets": 0}, "6b9eb501": {"runs": 15, "balls": 8, "wickets": 0}, "8361e524": {"runs": 2, "balls": 2, "wickets": 0}, "7f8ecc51": {"runs": 9, "balls": 11, "wickets": 1}, "c5aef772": {"runs": 12, "balls": 7, "wickets": 0}, "3204c99f": {"runs": 7, "balls": 3, "wickets": 0}, "465aa633": {"runs": 5, "balls": 3, "wickets": 0}, "b0946605": {"runs": 2, "balls": 3, "wickets": 0}, "06c2de82": {"runs": 5, "balls": 8, "wickets": 1}, "f277f531": {"runs": 0, "balls": 1, "wickets": 0}, "fbfea9c2": {"runs": 0, "balls": 1, "wickets": 1}, "5f547c8b": {"runs": 6, "balls": 10, "wickets": 0}, "e94915e6": {"runs": 5, "balls": 6, "wickets": 0}, "23cca426": {"runs": 2, "balls": 4, "wickets": 1}, "e62dd25d": {"runs": 2, "balls": 2, "wickets": 0}, "9cb8d7a6": {"runs": 3, "balls": 3, "wickets": 0}, "acee4cc4": {"runs": 0, "balls": 1, "wickets": 1}, "6e0a2209": {"runs": 2, "balls": 4, "wickets": 0}, "23638956": {"runs": 6, "balls": 7, "wickets": 0}, "39181592": {"runs": 3, "balls": 2, "wickets": 0}, "4a461c24": {"runs": 12, "balls": 8, "wickets": 1}, "ee1b6c27": {"runs": 0, "balls": 1, "wickets": 1}}, "fifties": 0, "thirties": 1, "centuries": 0, "maidens": 0.0, "hattricks": 0, "runs": 230.0, "wickets": 0.0, "club_ODI_previous3_runs": [], "club_ODI_previous3_wickets": [], "club_ODI_previous3_balls played": [], "club_ODI_previous3_overs": [], "club_ODI_previous3_runs gave": [], "club_ODI_lifetime_runs": 0.0, "club_ODI_lifetime_wickets": 0.0, "club_ODI_lifetime_balls played": 0.0, "club_ODI_lifetime_overs": 0.0, "club_ODI_lifetime_runs gave": 0.0, "club_Test_previous3_runs": [], "club_Test_previous3_wickets": [], "club_Test_previous3_balls played": [], "club_Test_previous3_overs": [], "club_Test_previous3_runs gave": [], "club_Test_lifetime_runs": 0.0, "club_Test_lifetime_wickets": 0.0, "club_Test_lifetime_balls played": 0.0, "club_Test_lifetime_overs": 0.0, "club_Test_lifetime_runs gave": 0.0, "club_T20_previous3_runs": [24.0, 0.0, 0.0], "club_T20_previous3_wickets": [0.0, 0.0, 0.0], "club_T20_previous3_balls played": [26.0, 0.0, 1.0], "club_T20_previous3_overs": [0.0, 0.0, 0.0], "club_T20_previous3_runs gave": [0.0, 0.0, 0.0], "club_T20_lifetime_runs": 230.0, "club_T20_lifetime_wickets": 0.0, "club_T20_lifetime_balls played": 211.0, "club_T20_lifetime_overs": 6.0, "club_T20_lifetime_runs gave": 56.0, "international_ODI_previous3_runs": [], "international_ODI_previous3_wickets": [], "international_ODI_previous3_balls played": [], "international_ODI_previous3_overs": [], "international_ODI_previous3_runs gave": [], "international_ODI_lifetime_runs": 0.0, "international_ODI_lifetime_wickets": 0.0, "international_ODI_lifetime_balls played": 0.0, "international_ODI_lifetime_overs": 0.0, "international_ODI_lifetime_runs gave": 0.0, "international_Test_previous3_runs": [], "international_Test_previous3_wickets": [], "international_Test_previous3_balls played": [], "international_Test_previous3_overs": [], "international_Test_previous3_runs gave": [], "international_Test_lifetime_runs": 0.0, "international_Test_lifetime_wickets": 0.0, "international_Test_lifetime_balls played": 0.0, "international_Test_lifetime_overs": 0.0, "international_Test_lifetime_runs gave": 0.0, "international_T20_previous3_runs": [], "international_T20_previous3_wickets": [], "international_T20_previous3_balls played": [], "international_T20_previous3_overs": [], "international_T20_previous3_runs gave": [], "international_T20_lifetime_runs": 0.0, "international_T20_lifetime_wickets": 0.0, "international_T20_lifetime_balls played": 0.0, "international_T20_lifetime_overs": 0.0, "international_T20_lifetime_runs gave": 0.0}