{"played_against": {"91a4a398": {"runs": 81, "balls": 44, "wickets": 0}, "fe93fd9d": {"runs": 28, "balls": 21, "wickets": 0}, "96fd40ae": {"runs": 25, "balls": 13, "wickets": 2}, "6b8eb6e5": {"runs": 1, "balls": 4, "wickets": 0}, "6b19d823": {"runs": 22, "balls": 20, "wickets": 1}, "67af6f81": {"runs": 7, "balls": 8, "wickets": 1}, "d2babdd5": {"runs": 3, "balls": 3, "wickets": 0}, "86421172": {"runs": 13, "balls": 8, "wickets": 1}, "9de271ef": {"runs": 9, "balls": 15, "wickets": 0}, "eba6a852": {"runs": 32, "balls": 27, "wickets": 2}, "9dca07d7": {"runs": 2, "balls": 2, "wickets": 0}, "13c35c9e": {"runs": 100, "balls": 57, "wickets": 1}, "57efa3be": {"runs": 1, "balls": 2, "wickets": 1}, "7fb32e5b": {"runs": 14, "balls": 13, "wickets": 1}, "3eac9d95": {"runs": 1, "balls": 2, "wickets": 0}, "5673a3fc": {"runs": 14, "balls": 27, "wickets": 1}, "d7c6af50": {"runs": 4, "balls": 5, "wickets": 0}, "cc1e8c68": {"runs": 41, "balls": 31, "wickets": 2}, "66b30f71": {"runs": 8, "balls": 9, "wickets": 1}, "6c6591ab": {"runs": 12, "balls": 8, "wickets": 1}, "9f0270e0": {"runs": 39, "balls": 19, "wickets": 0}, "49691d7a": {"runs": 7, "balls": 4, "wickets": 1}, "e938e1bc": {"runs": 25, "balls": 14, "wickets": 0}, "f0f628c7": {"runs": 2, "balls": 4, "wickets": 1}, "30a45b23": {"runs": 18, "balls": 5, "wickets": 0}, "502b2c81": {"runs": 7, "balls": 6, "wickets": 0}, "f5180fe6": {"runs": 17, "balls": 15, "wickets": 4}, "3fb19989": {"runs": 30, "balls": 24, "wickets": 1}, "94eac556": {"runs": 7, "balls": 11, "wickets": 1}, "364ee2cf": {"runs": 12, "balls": 9, "wickets": 0}, "87e562a9": {"runs": 41, "balls": 35, "wickets": 4}, "8fd3b94d": {"runs": 3, "balls": 3, "wickets": 0}, "5471024e": {"runs": 2, "balls": 4, "wickets": 0}, "7839bf3a": {"runs": 6, "balls": 4, "wickets": 0}, "0dc00542": {"runs": 72, "balls": 46, "wickets": 3}, "16dfcc19": {"runs": 68, "balls": 32, "wickets": 0}, "10a91f35": {"runs": 2, "balls": 2, "wickets": 1}, "8b5b6769": {"runs": 5, "balls": 3, "wickets": 0}, "bb18be76": {"runs": 0, "balls": 2, "wickets": 0}, "3d7e087f": {"runs": 1, "balls": 2, "wickets": 1}, "8fd1a8f5": {"runs": 77, "balls": 81, "wickets": 4}, "5bb1a1c4": {"runs": 8, "balls": 13, "wickets": 1}, "2a2e6343": {"runs": 27, "balls": 17, "wickets": 1}, "ae78bc32": {"runs": 8, "balls": 8, "wickets": 1}, "ac7fa28f": {"runs": 1, "balls": 2, "wickets": 0}, "a72b14ff": {"runs": 32, "balls": 27, "wickets": 1}, "221ad9d9": {"runs": 7, "balls": 18, "wickets": 0}, "05d74535": {"runs": 78, "balls": 86, "wickets": 2}, "5441db8c": {"runs": 2, "balls": 4, "wickets": 1}, "9ab63e7b": {"runs": 51, "balls": 98, "wickets": 2}, "64d43928": {"runs": 24, "balls": 27, "wickets": 2}, "cfe70281": {"runs": 4, "balls": 8, "wickets": 0}, "acee4cc4": {"runs": 83, "balls": 82, "wickets": 6}, "5bb5a915": {"runs": 62, "balls": 65, "wickets": 2}, "d4eef961": {"runs": 9, "balls": 17, "wickets": 2}, "3a60e0b5": {"runs": 41, "balls": 24, "wickets": 0}, "26ff4c29": {"runs": 59, "balls": 14, "wickets": 0}, "12bffe91": {"runs": 17, "balls": 14, "wickets": 0}, "2e8994e7": {"runs": 41, "balls": 60, "wickets": 1}, "495d42a5": {"runs": 57, "balls": 63, "wickets": 2}, "41eb4a4f": {"runs": 18, "balls": 9, "wickets": 0}, "1dc12ab9": {"runs": 15, "balls": 23, "wickets": 2}, "12eddf28": {"runs": 6, "balls": 4, "wickets": 0}, "dd09ff8e": {"runs": 4, "balls": 3, "wickets": 0}, "1a0c3177": {"runs": 11, "balls": 8, "wickets": 0}, "2e81a32d": {"runs": 16, "balls": 14, "wickets": 1}, "68ddabdb": {"runs": 30, "balls": 33, "wickets": 1}, "086f5984": {"runs": 48, "balls": 57, "wickets": 4}, "5fa06777": {"runs": 8, "balls": 11, "wickets": 3}, "26e5cabf": {"runs": 2, "balls": 3, "wickets": 1}, "86dc8f2e": {"runs": 2, "balls": 3, "wickets": 1}, "cf73ad76": {"runs": 19, "balls": 12, "wickets": 2}, "ccdd8308": {"runs": 9, "balls": 10, "wickets": 0}, "7be8a0ed": {"runs": 27, "balls": 13, "wickets": 0}, "9d430b40": {"runs": 54, "balls": 48, "wickets": 1}, "f846de6a": {"runs": 16, "balls": 8, "wickets": 0}, "f987245c": {"runs": 9, "balls": 6, "wickets": 2}, "bbce4647": {"runs": 2, "balls": 2, "wickets": 0}, "45c2196c": {"runs": 9, "balls": 3, "wickets": 0}, "b2a79f17": {"runs": 34, "balls": 13, "wickets": 1}, "51a60c16": {"runs": 12, "balls": 3, "wickets": 0}, "a757b0d8": {"runs": 8, "balls": 9, "wickets": 1}, "d29be810": {"runs": 3, "balls": 2, "wickets": 0}, "25d12bb4": {"runs": 2, "balls": 2, "wickets": 0}, "6042bf26": {"runs": 15, "balls": 9, "wickets": 0}, "4ba44e19": {"runs": 16, "balls": 14, "wickets": 0}, "3fe2db87": {"runs": 5, "balls": 3, "wickets": 1}, "96824e68": {"runs": 4, "balls": 5, "wickets": 0}, "14f96089": {"runs": 25, "balls": 19, "wickets": 3}, "32198ae0": {"runs": 34, "balls": 13, "wickets": 1}, "808f425a": {"runs": 34, "balls": 24, "wickets": 2}, "888e32bf": {"runs": 2, "balls": 4, "wickets": 1}, "5a4c12ab": {"runs": 19, "balls": 25, "wickets": 0}, "f56cd097": {"runs": 91, "balls": 62, "wickets": 5}, "090f9211": {"runs": 20, "balls": 4, "wickets": 0}, "5d9a1a73": {"runs": 10, "balls": 6, "wickets": 0}, "1e66c162": {"runs": 25, "balls": 13, "wickets": 1}, "abfeb126": {"runs": 8, "balls": 5, "wickets": 0}, "c3d1402f": {"runs": 4, "balls": 3, "wickets": 1}, "33a364a6": {"runs": 2, "balls": 2, "wickets": 0}, "b2b50355": {"runs": 8, "balls": 7, "wickets": 0}, "4c4fa80b": {"runs": 1, "balls": 1, "wickets": 0}, "3d8feaf8": {"runs": 1, "balls": 2, "wickets": 1}, "9a158001": {"runs": 20, "balls": 7, "wickets": 0}, "99b202b3": {"runs": 4, "balls": 4, "wickets": 1}, "759ac88f": {"runs": 9, "balls": 8, "wickets": 1}, "fb66ce1f": {"runs": 17, "balls": 11, "wickets": 1}, "98ae73b1": {"runs": 15, "balls": 12, "wickets": 1}, "2a72fd4f": {"runs": 3, "balls": 3, "wickets": 0}, "a12e1d51": {"runs": 3, "balls": 3, "wickets": 0}, "d2a989fc": {"runs": 6, "balls": 11, "wickets": 1}, "557153ca": {"runs": 28, "balls": 19, "wickets": 1}, "85aae393": {"runs": 1, "balls": 4, "wickets": 0}, "8cf9814c": {"runs": 7, "balls": 8, "wickets": 1}, "4329fbb5": {"runs": 25, "balls": 13, "wickets": 2}, "51a3c5ef": {"runs": 20, "balls": 15, "wickets": 2}, "7f8ecc51": {"runs": 11, "balls": 11, "wickets": 0}, "c654af19": {"runs": 22, "balls": 13, "wickets": 0}, "dce2019b": {"runs": 3, "balls": 8, "wickets": 1}, "aa8d28ae": {"runs": 3, "balls": 3, "wickets": 0}, "9219eff0": {"runs": 45, "balls": 32, "wickets": 1}, "7662cf7a": {"runs": 5, "balls": 4, "wickets": 1}, "1f7adc8a": {"runs": 29, "balls": 15, "wickets": 0}, "7dc35884": {"runs": 63, "balls": 43, "wickets": 1}, "e186f49c": {"runs": 72, "balls": 48, "wickets": 2}, "bf1d7d3e": {"runs": 36, "balls": 38, "wickets": 0}, "6eea0b32": {"runs": 9, "balls": 13, "wickets": 0}, "4948a447": {"runs": 13, "balls": 12, "wickets": 0}, "3f5f39cd": {"runs": 46, "balls": 25, "wickets": 0}, "ffe699c0": {"runs": 84, "balls": 53, "wickets": 3}, "58043739": {"runs": 10, "balls": 7, "wickets": 1}, "4c5d73db": {"runs": 76, "balls": 43, "wickets": 4}, "e412cb64": {"runs": 24, "balls": 15, "wickets": 0}, "49b6c09f": {"runs": 1, "balls": 2, "wickets": 1}, "b3118300": {"runs": 69, "balls": 41, "wickets": 3}, "a8e3170f": {"runs": 36, "balls": 26, "wickets": 0}, "2e171977": {"runs": 5, "balls": 12, "wickets": 2}, "119678fd": {"runs": 24, "balls": 14, "wickets": 0}, "bb351c23": {"runs": 33, "balls": 38, "wickets": 0}, "a343262c": {"runs": 0, "balls": 2, "wickets": 0}, "e087956b": {"runs": 14, "balls": 10, "wickets": 0}, "8abdf100": {"runs": 11, "balls": 13, "wickets": 1}, "a818c1be": {"runs": 33, "balls": 22, "wickets": 1}, "7fa2ab1f": {"runs": 4, "balls": 4, "wickets": 0}, "8c7d6cbe": {"runs": 2, "balls": 5, "wickets": 0}, "e21bc7f3": {"runs": 1, "balls": 2, "wickets": 1}, "bbd41817": {"runs": 68, "balls": 44, "wickets": 2}, "56ab442f": {"runs": 1, "balls": 4, "wickets": 1}, "64c34cd0": {"runs": 11, "balls": 26, "wickets": 2}, "a63775d6": {"runs": 4, "balls": 11, "wickets": 0}, "eb2d5fe7": {"runs": 16, "balls": 13, "wickets": 2}, "f2800ef3": {"runs": 11, "balls": 17, "wickets": 2}, "9cb8d7a6": {"runs": 12, "balls": 7, "wickets": 1}, "f78e7113": {"runs": 5, "balls": 6, "wickets": 1}, "8eb611d0": {"runs": 6, "balls": 6, "wickets": 1}, "5c756df3": {"runs": 15, "balls": 14, "wickets": 0}, "0a8fce53": {"runs": 105, "balls": 75, "wickets": 4}, "5a22d91c": {"runs": 4, "balls": 7, "wickets": 0}, "7ca5e05d": {"runs": 8, "balls": 13, "wickets": 2}, "ea0cdc12": {"runs": 16, "balls": 5, "wickets": 0}, "9bab2b81": {"runs": 2, "balls": 6, "wickets": 0}, "8c783a97": {"runs": 2, "balls": 2, "wickets": 0}, "31803fac": {"runs": 45, "balls": 20, "wickets": 3}, "e7de4f6b": {"runs": 15, "balls": 16, "wickets": 1}, "f7e9a562": {"runs": 6, "balls": 5, "wickets": 1}, "e84ac20c": {"runs": 52, "balls": 33, "wickets": 2}, "e4a0deae": {"runs": 20, "balls": 18, "wickets": 1}, "d027ba9f": {"runs": 10, "balls": 13, "wickets": 0}, "350bb1b1": {"runs": 0, "balls": 1, "wickets": 1}, "641ac5ff": {"runs": 70, "balls": 48, "wickets": 0}, "af2c687b": {"runs": 14, "balls": 9, "wickets": 0}, "c03449e0": {"runs": 11, "balls": 10, "wickets": 1}, "dbe50b21": {"runs": 8, "balls": 7, "wickets": 0}, "462411b3": {"runs": 27, "balls": 20, "wickets": 1}, "76388dc8": {"runs": 1, "balls": 3, "wickets": 0}, "e342e5fb": {"runs": 43, "balls": 19, "wickets": 2}, "7f048519": {"runs": 2, "balls": 2, "wickets": 0}, "b681e71e": {"runs": 3, "balls": 7, "wickets": 0}, "ce820073": {"runs": 2, "balls": 3, "wickets": 1}, "a03bba42": {"runs": 58, "balls": 53, "wickets": 5}, "f986ca1a": {"runs": 20, "balls": 6, "wickets": 0}, "626c5379": {"runs": 8, "balls": 5, "wickets": 1}, "57ee1fde": {"runs": 25, "balls": 14, "wickets": 2}, "d8b2f218": {"runs": 2, "balls": 2, "wickets": 0}, "26a85969": {"runs": 2, "balls": 2, "wickets": 0}, "a9da7784": {"runs": 20, "balls": 8, "wickets": 0}, "2b85c8e6": {"runs": 2, "balls": 5, "wickets": 0}, "78cb83f3": {"runs": 58, "balls": 31, "wickets": 2}, "c03c6200": {"runs": 11, "balls": 8, "wickets": 0}, "73c18486": {"runs": 9, "balls": 4, "wickets": 0}, "03806cf8": {"runs": 12, "balls": 10, "wickets": 0}, "012829ff": {"runs": 2, "balls": 5, "wickets": 2}, "12b610c2": {"runs": 1, "balls": 1, "wickets": 0}, "d167edd3": {"runs": 1, "balls": 11, "wickets": 0}, "c285c86e": {"runs": 1, "balls": 4, "wickets": 0}, "1ec36a1e": {"runs": 18, "balls": 8, "wickets": 0}, "195fb6db": {"runs": 0, "balls": 1, "wickets": 1}, "1a8eebbe": {"runs": 5, "balls": 6, "wickets": 1}, "1bb0993e": {"runs": 20, "balls": 16, "wickets": 1}, "18fac429": {"runs": 5, "balls": 6, "wickets": 0}, "7c503806": {"runs": 2, "balls": 3, "wickets": 0}, "e1b9f3a9": {"runs": 4, "balls": 3, "wickets": 1}, "a8ad6e80": {"runs": 5, "balls": 2, "wickets": 0}, "fa433be6": {"runs": 1, "balls": 1, "wickets": 0}, "2e11c706": {"runs": 2, "balls": 3, "wickets": 0}, "903560ed": {"runs": 3, "balls": 3, "wickets": 1}, "1c790f4f": {"runs": 61, "balls": 28, "wickets": 1}, "1bf9a8ef": {"runs": 1, "balls": 2, "wickets": 0}, "afa78c3a": {"runs": 0, "balls": 3, "wickets": 1}, "ef18b66e": {"runs": 62, "balls": 36, "wickets": 2}, "c58b0108": {"runs": 21, "balls": 37, "wickets": 2}, "8919756f": {"runs": 28, "balls": 20, "wickets": 0}, "b3a28446": {"runs": 24, "balls": 16, "wickets": 0}, "e174dadd": {"runs": 15, "balls": 11, "wickets": 1}, "15101f12": {"runs": 1, "balls": 1, "wickets": 0}, "450f6fa6": {"runs": 1, "balls": 1, "wickets": 0}, "4a461c24": {"runs": 13, "balls": 12, "wickets": 0}, "1cfac535": {"runs": 10, "balls": 3, "wickets": 0}, "42151725": {"runs": 3, "balls": 2, "wickets": 0}, "5da34add": {"runs": 1, "balls": 2, "wickets": 1}, "8d2c70ad": {"runs": 5, "balls": 7, "wickets": 1}, "9de62878": {"runs": 59, "balls": 44, "wickets": 3}, "5af743d0": {"runs": 28, "balls": 11, "wickets": 0}, "2911de16": {"runs": 48, "balls": 58, "wickets": 3}, "f0e722e0": {"runs": 1, "balls": 3, "wickets": 1}, "bd4ea627": {"runs": 1, "balls": 2, "wickets": 0}, "24104e5c": {"runs": 1, "balls": 4, "wickets": 0}, "9a963804": {"runs": 20, "balls": 8, "wickets": 0}, "f4dfcbb4": {"runs": 7, "balls": 4, "wickets": 0}, "9789e56e": {"runs": 2, "balls": 2, "wickets": 0}, "2f49c897": {"runs": 10, "balls": 5, "wickets": 1}, "59792462": {"runs": 17, "balls": 8, "wickets": 0}, "ec4dada1": {"runs": 4, "balls": 4, "wickets": 0}, "26d041c4": {"runs": 9, "balls": 10, "wickets": 0}, "449f4e3c": {"runs": 13, "balls": 12, "wickets": 0}, "5bbabe59": {"runs": 22, "balls": 11, "wickets": 1}, "37138918": {"runs": 12, "balls": 4, "wickets": 0}, "4d9f9686": {"runs": 43, "balls": 21, "wickets": 0}, "1abb78f8": {"runs": 11, "balls": 8, "wickets": 1}, "0994d0ae": {"runs": 15, "balls": 4, "wickets": 0}, "f69f1d8a": {"runs": 8, "balls": 6, "wickets": 1}, "75224f22": {"runs": 35, "balls": 21, "wickets": 0}, "4a745f65": {"runs": 3, "balls": 3, "wickets": 0}, "06c2de82": {"runs": 22, "balls": 16, "wickets": 1}, "05c2ca46": {"runs": 2, "balls": 4, "wickets": 0}, "59559bc2": {"runs": 0, "balls": 1, "wickets": 0}, "e62dd25d": {"runs": 23, "balls": 21, "wickets": 1}, "c96f6ac5": {"runs": 38, "balls": 29, "wickets": 1}, "ab6b1c45": {"runs": 46, "balls": 46, "wickets": 3}, "f834dcfc": {"runs": 28, "balls": 16, "wickets": 1}, "1cb14aa4": {"runs": 17, "balls": 16, "wickets": 0}, "3f659464": {"runs": 20, "balls": 17, "wickets": 0}, "249d60c9": {"runs": 23, "balls": 18, "wickets": 1}, "e86754b2": {"runs": 34, "balls": 23, "wickets": 1}, "8d92a2c3": {"runs": 4, "balls": 6, "wickets": 0}, "bdadf7da": {"runs": 6, "balls": 3, "wickets": 1}, "2f9d0389": {"runs": 10, "balls": 14, "wickets": 3}, "2e9fdf9b": {"runs": 12, "balls": 6, "wickets": 0}, "fef92afc": {"runs": 8, "balls": 6, "wickets": 0}, "5dbdecf1": {"runs": 32, "balls": 15, "wickets": 0}, "0f348f58": {"runs": 19, "balls": 4, "wickets": 0}, "1670dcfd": {"runs": 9, "balls": 4, "wickets": 0}, "8b248d88": {"runs": 44, "balls": 13, "wickets": 0}, "8d5d991e": {"runs": 1, "balls": 2, "wickets": 1}, "bb01f9e0": {"runs": 13, "balls": 4, "wickets": 0}, "bb34fd31": {"runs": 6, "balls": 3, "wickets": 0}, "607ed7c2": {"runs": 1, "balls": 3, "wickets": 0}, "acdc62f5": {"runs": 6, "balls": 12, "wickets": 1}, "f892fcf9": {"runs": 1, "balls": 3, "wickets": 0}, "11614d87": {"runs": 8, "balls": 8, "wickets": 1}, "3f61a062": {"runs": 0, "balls": 1, "wickets": 1}, "94d7f855": {"runs": 10, "balls": 4, "wickets": 0}, "5574750c": {"runs": 1, "balls": 3, "wickets": 1}, "c5aef772": {"runs": 1, "balls": 3, "wickets": 1}, "19b9f399": {"runs": 1, "balls": 2, "wickets": 0}, "4180d897": {"runs": 11, "balls": 3, "wickets": 0}, "6dd8b88c": {"runs": 4, "balls": 4, "wickets": 0}, "9d1d34bd": {"runs": 1, "balls": 3, "wickets": 1}, "3ff033bb": {"runs": 7, "balls": 8, "wickets": 1}, "cb5100f1": {"runs": 18, "balls": 9, "wickets": 0}, "531f0278": {"runs": 2, "balls": 2, "wickets": 0}, "4a491652": {"runs": 25, "balls": 11, "wickets": 1}, "0b7363da": {"runs": 16, "balls": 19, "wickets": 1}, "62af8546": {"runs": 16, "balls": 18, "wickets": 1}, "c27518d2": {"runs": 6, "balls": 3, "wickets": 0}, "1ac2a995": {"runs": 18, "balls": 12, "wickets": 0}, "a1d053dd": {"runs": 25, "balls": 23, "wickets": 1}, "b0946605": {"runs": 31, "balls": 34, "wickets": 3}, "0f721006": {"runs": 26, "balls": 19, "wickets": 0}, "650d5e49": {"runs": 34, "balls": 13, "wickets": 1}, "1be67d37": {"runs": 19, "balls": 14, "wickets": 1}, "4751caa3": {"runs": 57, "balls": 15, "wickets": 0}, "de063a39": {"runs": 22, "balls": 9, "wickets": 1}, "2a3a3786": {"runs": 10, "balls": 7, "wickets": 0}, "770494eb": {"runs": 5, "balls": 5, "wickets": 1}, "08548b13": {"runs": 52, "balls": 22, "wickets": 0}, "2af838ee": {"runs": 50, "balls": 28, "wickets": 4}, "c0c411cb": {"runs": 42, "balls": 19, "wickets": 2}, "5531248e": {"runs": 1, "balls": 1, "wickets": 0}, "b58b7db6": {"runs": 3, "balls": 6, "wickets": 0}, "de3d549a": {"runs": 6, "balls": 3, "wickets": 1}, "ef6aea67": {"runs": 7, "balls": 4, "wickets": 0}, "327b58d3": {"runs": 81, "balls": 32, "wickets": 1}, "ac5ae4af": {"runs": 42, "balls": 25, "wickets": 2}, "ee1b6c27": {"runs": 33, "balls": 22, "wickets": 0}, "0a2184d9": {"runs": 28, "balls": 7, "wickets": 0}, "529eb9e0": {"runs": 2, "balls": 4, "wickets": 1}, "773cec26": {"runs": 2, "balls": 5, "wickets": 0}, "4d7f517e": {"runs": 1, "balls": 1, "wickets": 0}, "b52ffbbd": {"runs": 2, "balls": 3, "wickets": 0}, "2b0f2af3": {"runs": 0, "balls": 2, "wickets": 1}, "b0eaaac6": {"runs": 0, "balls": 1, "wickets": 1}, "687e20b3": {"runs": 0, "balls": 2, "wickets": 0}, "e9ea5eb5": {"runs": 22, "balls": 7, "wickets": 0}, "34b332d3": {"runs": 23, "balls": 10, "wickets": 1}, "3feda4fa": {"runs": 3, "balls": 3, "wickets": 0}, "efc04be7": {"runs": 8, "balls": 11, "wickets": 2}, "dc002962": {"runs": 1, "balls": 1, "wickets": 0}, "101dcc31": {"runs": 13, "balls": 9, "wickets": 1}, "fec50c96": {"runs": 6, "balls": 6, "wickets": 0}, "4b6f6b73": {"runs": 5, "balls": 3, "wickets": 0}, "dabbd0ae": {"runs": 5, "balls": 2, "wickets": 0}, "c05f9d20": {"runs": 9, "balls": 11, "wickets": 2}, "28d7f469": {"runs": 11, "balls": 7, "wickets": 0}, "fb3e0d39": {"runs": 15, "balls": 8, "wickets": 0}, "d28f4d1c": {"runs": 1, "balls": 1, "wickets": 0}, "267be846": {"runs": 0, "balls": 1, "wickets": 1}, "7d92277a": {"runs": 24, "balls": 10, "wickets": 0}, "390c914c": {"runs": 6, "balls": 2, "wickets": 1}, "6575e3bc": {"runs": 10, "balls": 3, "wickets": 0}, "902d916b": {"runs": 6, "balls": 3, "wickets": 0}, "e9c7f0d0": {"runs": 8, "balls": 5, "wickets": 0}, "8f6dd463": {"runs": 1, "balls": 4, "wickets": 1}, "aa467af0": {"runs": 20, "balls": 10, "wickets": 0}, "f0e293b0": {"runs": 8, "balls": 6, "wickets": 0}, "3ee0050f": {"runs": 3, "balls": 4, "wickets": 0}, "a97c8ec2": {"runs": 18, "balls": 12, "wickets": 1}, "29e253dd": {"runs": 1, "balls": 1, "wickets": 0}, "2f28dc94": {"runs": 1, "balls": 1, "wickets": 0}, "8012d0b8": {"runs": 9, "balls": 4, "wickets": 1}, "b40ee8a8": {"runs": 1, "balls": 4, "wickets": 0}, "fce581b5": {"runs": 1, "balls": 2, "wickets": 0}, "30afc92b": {"runs": 13, "balls": 6, "wickets": 0}, "a699488a": {"runs": 4, "balls": 5, "wickets": 0}, "9e9af5f2": {"runs": 9, "balls": 3, "wickets": 0}, "62175638": {"runs": 5, "balls": 3, "wickets": 0}, "9dad0f2e": {"runs": 2, "balls": 5, "wickets": 0}, "24bb1c2f": {"runs": 0, "balls": 1, "wickets": 1}, "7183799b": {"runs": 11, "balls": 3, "wickets": 0}, "80ad39ac": {"runs": 13, "balls": 8, "wickets": 0}, "64839cb3": {"runs": 9, "balls": 3, "wickets": 0}, "7ccbb09f": {"runs": 4, "balls": 2, "wickets": 0}, "79aad751": {"runs": 7, "balls": 2, "wickets": 0}, "9c9af282": {"runs": 0, "balls": 1, "wickets": 1}, "89c16049": {"runs": 3, "balls": 5, "wickets": 0}, "a5c48ed1": {"runs": 2, "balls": 1, "wickets": 0}, "5b16a806": {"runs": 9, "balls": 13, "wickets": 0}, "ba603555": {"runs": 7, "balls": 2, "wickets": 0}, "8596fe80": {"runs": 0, "balls": 0, "wickets": 0}}, "fifties": 19, "thirties": 40, "centuries": 1, "maidens": 47.0, "hattricks": 32, "runs": 6115.0, "wickets": 352.0, "club_ODI_previous3_runs": [], "club_ODI_previous3_wickets": [], "club_ODI_previous3_balls played": [], "club_ODI_previous3_overs": [], "club_ODI_previous3_runs gave": [], "club_ODI_lifetime_runs": 0.0, "club_ODI_lifetime_wickets": 0.0, "club_ODI_lifetime_balls played": 0.0, "club_ODI_lifetime_overs": 0.0, "club_ODI_lifetime_runs gave": 0.0, "club_Test_previous3_runs": [], "club_Test_previous3_wickets": [], "club_Test_previous3_balls played": [], "club_Test_previous3_overs": [], "club_Test_previous3_runs gave": [], "club_Test_lifetime_runs": 0.0, "club_Test_lifetime_wickets": 0.0, "club_Test_lifetime_balls played": 0.0, "club_Test_lifetime_overs": 0.0, "club_Test_lifetime_runs gave": 0.0, "club_T20_previous3_runs": [0.0, 30.0, 0.0], "club_T20_previous3_wickets": [0.0, 0.0, 0.0], "club_T20_previous3_balls played": [0.0, 31.0, 0.0], "club_T20_previous3_overs": [2.0, 2.0, 1.0], "club_T20_previous3_runs gave": [19.0, 14.0, 10.0], "club_T20_lifetime_runs": 2480.0, "club_T20_lifetime_wickets": 148.0, "club_T20_lifetime_balls played": 1635.0, "club_T20_lifetime_overs": 486.49999999999994, "club_T20_lifetime_runs gave": 4235.0, "international_ODI_previous3_runs": [38.0, 19.0, 3.0], "international_ODI_previous3_wickets": [0.0, 2.0, 1.0], "international_ODI_previous3_balls played": [31.0, 25.0, 4.0], "international_ODI_previous3_overs": [8.0, 7.0, 5.0], "international_ODI_previous3_runs gave": [56.0, 49.0, 27.0], "international_ODI_lifetime_runs": 2233.0, "international_ODI_lifetime_wickets": 150.0, "international_ODI_lifetime_balls played": 1969.0, "international_ODI_lifetime_overs": 944.1666666666666, "international_ODI_lifetime_runs gave": 5627.0, "international_Test_previous3_runs": [24.0, 35.0, 75.0], "international_Test_previous3_wickets": [2.0, 0.0, 3.0], "international_Test_previous3_balls played": [45.0, 55.0, 86.0], "international_Test_previous3_overs": [22.0, 22.0, 42.833333333333336], "international_Test_previous3_runs gave": [75.0, 132.0, 155.0], "international_Test_lifetime_runs": 203.0, "international_Test_lifetime_wickets": 10.0, "international_Test_lifetime_balls played": 278.0, "international_Test_lifetime_overs": 158.83333333333334, "international_Test_lifetime_runs gave": 660.0, "international_T20_previous3_runs": [1.0, 2.0, 0.0], "international_T20_previous3_wickets": [0.0, 0.0, 0.0], "international_T20_previous3_balls played": [4.0, 3.0, 0.0], "international_T20_previous3_overs": [0.0, 2.0, 0.0], "international_T20_previous3_runs gave": [0.0, 43.0, 0.0], "international_T20_lifetime_runs": 1199.0, "international_T20_lifetime_wickets": 44.0, "international_T20_lifetime_balls played": 786.0, "international_T20_lifetime_overs": 179.16666666666666, "international_T20_lifetime_runs gave": 1702.0}