{"played_against": {"7dc35884": {"runs": 2, "balls": 6, "wickets": 0}, "9d430b40": {"runs": 1, "balls": 4, "wickets": 0}, "0dc00542": {"runs": 1, "balls": 2, "wickets": 0}, "31803fac": {"runs": 2, "balls": 5, "wickets": 0}, "7bd03d63": {"runs": 1, "balls": 1, "wickets": 0}, "ef18b66e": {"runs": 2, "balls": 5, "wickets": 0}, "26d041c4": {"runs": 1, "balls": 1, "wickets": 0}, "b3a28446": {"runs": 1, "balls": 2, "wickets": 0}}, "fifties": 0, "thirties": 0, "centuries": 0, "maidens": 0.0, "hattricks": 1, "runs": 11.0, "wickets": 10.0, "club_ODI_previous3_runs": [], "club_ODI_previous3_wickets": [], "club_ODI_previous3_balls played": [], "club_ODI_previous3_overs": [], "club_ODI_previous3_runs gave": [], "club_ODI_lifetime_runs": 0.0, "club_ODI_lifetime_wickets": 0.0, "club_ODI_lifetime_balls played": 0.0, "club_ODI_lifetime_overs": 0.0, "club_ODI_lifetime_runs gave": 0.0, "club_Test_previous3_runs": [], "club_Test_previous3_wickets": [], "club_Test_previous3_balls played": [], "club_Test_previous3_overs": [], "club_Test_previous3_runs gave": [], "club_Test_lifetime_runs": 0.0, "club_Test_lifetime_wickets": 0.0, "club_Test_lifetime_balls played": 0.0, "club_Test_lifetime_overs": 0.0, "club_Test_lifetime_runs gave": 0.0, "club_T20_previous3_runs": [0.0, 1.0, 0.0], "club_T20_previous3_wickets": [2.0, 0.0, 0.0], "club_T20_previous3_balls played": [0.0, 2.0, 0.0], "club_T20_previous3_overs": [3.0, 2.0, 2.0], "club_T20_previous3_runs gave": [21.0, 20.0, 22.0], "club_T20_lifetime_runs": 11.0, "club_T20_lifetime_wickets": 10.0, "club_T20_lifetime_balls played": 26.0, "club_T20_lifetime_overs": 24.666666666666668, "club_T20_lifetime_runs gave": 234.0, "international_ODI_previous3_runs": [], "international_ODI_previous3_wickets": [], "international_ODI_previous3_balls played": [], "international_ODI_previous3_overs": [], "international_ODI_previous3_runs gave": [], "international_ODI_lifetime_runs": 0.0, "international_ODI_lifetime_wickets": 0.0, "international_ODI_lifetime_balls played": 0.0, "international_ODI_lifetime_overs": 0.0, "international_ODI_lifetime_runs gave": 0.0, "international_Test_previous3_runs": [], "international_Test_previous3_wickets": [], "international_Test_previous3_balls played": [], "international_Test_previous3_overs": [], "international_Test_previous3_runs gave": [], "international_Test_lifetime_runs": 0.0, "international_Test_lifetime_wickets": 0.0, "international_Test_lifetime_balls played": 0.0, "international_Test_lifetime_overs": 0.0, "international_Test_lifetime_runs gave": 0.0, "international_T20_previous3_runs": [], "international_T20_previous3_wickets": [], "international_T20_previous3_balls played": [], "international_T20_previous3_overs": [], "international_T20_previous3_runs gave": [], "international_T20_lifetime_runs": 0.0, "international_T20_lifetime_wickets": 0.0, "international_T20_lifetime_balls played": 0.0, "international_T20_lifetime_overs": 0.0, "international_T20_lifetime_runs gave": 0.0}