{"played_against": {"017faef2": {"runs": 0, "balls": 1, "wickets": 1}, "16ddd36b": {"runs": 4, "balls": 5, "wickets": 0}, "f15d17c7": {"runs": 4, "balls": 2, "wickets": 1}, "792805ee": {"runs": 0, "balls": 4, "wickets": 0}, "602ebd4c": {"runs": 10, "balls": 8, "wickets": 0}, "89394502": {"runs": 7, "balls": 5, "wickets": 1}, "e88b6660": {"runs": 2, "balls": 3, "wickets": 0}, "45ca12a7": {"runs": 3, "balls": 8, "wickets": 1}, "059ec7a5": {"runs": 10, "balls": 12, "wickets": 0}, "08df0bd3": {"runs": 1, "balls": 7, "wickets": 0}, "4833efb4": {"runs": 8, "balls": 3, "wickets": 1}, "46a7ac78": {"runs": 5, "balls": 4, "wickets": 0}, "2b7609f1": {"runs": 5, "balls": 5, "wickets": 0}, "732ce0c2": {"runs": 11, "balls": 4, "wickets": 0}, "1a9e9efe": {"runs": 2, "balls": 4, "wickets": 0}, "269cc4ff": {"runs": 2, "balls": 2, "wickets": 0}, "b38a9f73": {"runs": 0, "balls": 2, "wickets": 0}, "bc3fc527": {"runs": 2, "balls": 2, "wickets": 1}, "29663fda": {"runs": 2, "balls": 2, "wickets": 0}, "d6b4e3e2": {"runs": 2, "balls": 3, "wickets": 1}, "3a82673c": {"runs": 1, "balls": 3, "wickets": 0}, "1f3b9f8d": {"runs": 0, "balls": 3, "wickets": 1}}, "fifties": 0, "thirties": 0, "centuries": 0, "maidens": 0.0, "hattricks": 0, "runs": 81.0, "wickets": 0.0, "club_ODI_previous3_runs": [], "club_ODI_previous3_wickets": [], "club_ODI_previous3_balls played": [], "club_ODI_previous3_overs": [], "club_ODI_previous3_runs gave": [], "club_ODI_lifetime_runs": 0.0, "club_ODI_lifetime_wickets": 0.0, "club_ODI_lifetime_balls played": 0.0, "club_ODI_lifetime_overs": 0.0, "club_ODI_lifetime_runs gave": 0.0, "club_Test_previous3_runs": [], "club_Test_previous3_wickets": [], "club_Test_previous3_balls played": [], "club_Test_previous3_overs": [], "club_Test_previous3_runs gave": [], "club_Test_lifetime_runs": 0.0, "club_Test_lifetime_wickets": 0.0, "club_Test_lifetime_balls played": 0.0, "club_Test_lifetime_overs": 0.0, "club_Test_lifetime_runs gave": 0.0, "club_T20_previous3_runs": [], "club_T20_previous3_wickets": [], "club_T20_previous3_balls played": [], "club_T20_previous3_overs": [], "club_T20_previous3_runs gave": [], "club_T20_lifetime_runs": 0.0, "club_T20_lifetime_wickets": 0.0, "club_T20_lifetime_balls played": 0.0, "club_T20_lifetime_overs": 0.0, "club_T20_lifetime_runs gave": 0.0, "international_ODI_previous3_runs": [], "international_ODI_previous3_wickets": [], "international_ODI_previous3_balls played": [], "international_ODI_previous3_overs": [], "international_ODI_previous3_runs gave": [], "international_ODI_lifetime_runs": 0.0, "international_ODI_lifetime_wickets": 0.0, "international_ODI_lifetime_balls played": 0.0, "international_ODI_lifetime_overs": 0.0, "international_ODI_lifetime_runs gave": 0.0, "international_Test_previous3_runs": [], "international_Test_previous3_wickets": [], "international_Test_previous3_balls played": [], "international_Test_previous3_overs": [], "international_Test_previous3_runs gave": [], "international_Test_lifetime_runs": 0.0, "international_Test_lifetime_wickets": 0.0, "international_Test_lifetime_balls played": 0.0, "international_Test_lifetime_overs": 0.0, "international_Test_lifetime_runs gave": 0.0, "international_T20_previous3_runs": [2.0, 4.0, 1.0], "international_T20_previous3_wickets": [0.0, 0.0, 0.0], "international_T20_previous3_balls played": [4.0, 5.0, 6.0], "international_T20_previous3_overs": [0.0, 0.0, 0.0], "international_T20_previous3_runs gave": [0.0, 0.0, 0.0], "international_T20_lifetime_runs": 81.0, "international_T20_lifetime_wickets": 0.0, "international_T20_lifetime_balls played": 94.0, "international_T20_lifetime_overs": 0.0, "international_T20_lifetime_runs gave": 0.0}