{"played_against": {"ad962377": {"runs": 2, "balls": 4, "wickets": 1}, "1cfac535": {"runs": 18, "balls": 16, "wickets": 0}, "42151725": {"runs": 23, "balls": 40, "wickets": 1}, "3cf5ae43": {"runs": 0, "balls": 1, "wickets": 1}, "1427277f": {"runs": 3, "balls": 3, "wickets": 0}, "a7e8ff19": {"runs": 4, "balls": 3, "wickets": 1}, "141a340d": {"runs": 12, "balls": 18, "wickets": 0}, "e737a5fe": {"runs": 34, "balls": 80, "wickets": 0}, "02b93a83": {"runs": 11, "balls": 9, "wickets": 1}, "51e1ed69": {"runs": 17, "balls": 12, "wickets": 1}, "5db1c288": {"runs": 21, "balls": 23, "wickets": 1}, "70fdd428": {"runs": 23, "balls": 15, "wickets": 0}, "05d74535": {"runs": 5, "balls": 7, "wickets": 0}, "a510bdd3": {"runs": 77, "balls": 73, "wickets": 8}, "6c79c098": {"runs": 24, "balls": 23, "wickets": 2}, "dda5aae5": {"runs": 23, "balls": 35, "wickets": 2}, "5fed6272": {"runs": 1, "balls": 1, "wickets": 0}, "7955eb15": {"runs": 19, "balls": 22, "wickets": 1}, "3f659464": {"runs": 27, "balls": 21, "wickets": 0}, "58043739": {"runs": 40, "balls": 66, "wickets": 2}, "8bf61e65": {"runs": 12, "balls": 19, "wickets": 1}, "7be8a0ed": {"runs": 9, "balls": 17, "wickets": 1}, "e94915e6": {"runs": 28, "balls": 30, "wickets": 0}, "ce24059d": {"runs": 0, "balls": 4, "wickets": 0}, "e86754b2": {"runs": 7, "balls": 8, "wickets": 1}, "b2dbe638": {"runs": 0, "balls": 8, "wickets": 1}, "fe5b4367": {"runs": 30, "balls": 21, "wickets": 0}, "01a95383": {"runs": 23, "balls": 19, "wickets": 2}, "b082d112": {"runs": 20, "balls": 34, "wickets": 0}, "61a9ce31": {"runs": 6, "balls": 16, "wickets": 0}, "611926bc": {"runs": 15, "balls": 17, "wickets": 1}, "7ca5e05d": {"runs": 38, "balls": 37, "wickets": 0}, "9bab2b81": {"runs": 16, "balls": 23, "wickets": 0}, "4ec07775": {"runs": 23, "balls": 16, "wickets": 0}, "15101f12": {"runs": 22, "balls": 27, "wickets": 1}, "d66edc9a": {"runs": 12, "balls": 29, "wickets": 0}, "bca21d18": {"runs": 35, "balls": 70, "wickets": 0}, "3dd30077": {"runs": 2, "balls": 2, "wickets": 0}, "c654af19": {"runs": 17, "balls": 16, "wickets": 1}, "f3abd0c9": {"runs": 59, "balls": 66, "wickets": 2}, "aa8d28ae": {"runs": 17, "balls": 34, "wickets": 0}, "be869ccf": {"runs": 23, "balls": 15, "wickets": 1}, "98eacfe5": {"runs": 16, "balls": 9, "wickets": 0}, "5574750c": {"runs": 6, "balls": 4, "wickets": 0}, "49b6c09f": {"runs": 5, "balls": 8, "wickets": 0}, "f1ba9ed7": {"runs": 42, "balls": 48, "wickets": 3}, "f0a0204e": {"runs": 20, "balls": 21, "wickets": 1}, "4a461c24": {"runs": 35, "balls": 89, "wickets": 2}, "a7c226e1": {"runs": 13, "balls": 26, "wickets": 1}, "a9da7784": {"runs": 21, "balls": 39, "wickets": 1}, "5b3acc53": {"runs": 33, "balls": 19, "wickets": 0}, "0bec3a6c": {"runs": 48, "balls": 43, "wickets": 0}, "0a12e736": {"runs": 16, "balls": 19, "wickets": 0}, "aed5be04": {"runs": 8, "balls": 15, "wickets": 0}, "85ebf2be": {"runs": 2, "balls": 2, "wickets": 0}, "78adc879": {"runs": 11, "balls": 11, "wickets": 0}, "23638956": {"runs": 21, "balls": 44, "wickets": 3}, "f752db61": {"runs": 35, "balls": 54, "wickets": 0}, "eba6a852": {"runs": 32, "balls": 52, "wickets": 0}, "0e0d43b4": {"runs": 71, "balls": 59, "wickets": 0}, "18fac429": {"runs": 65, "balls": 61, "wickets": 4}, "3f61a062": {"runs": 22, "balls": 20, "wickets": 0}, "4167f30b": {"runs": 7, "balls": 9, "wickets": 0}, "9a963804": {"runs": 34, "balls": 38, "wickets": 1}, "a37b5c0a": {"runs": 41, "balls": 56, "wickets": 1}, "249d60c9": {"runs": 27, "balls": 35, "wickets": 1}, "4ae1755b": {"runs": 7, "balls": 22, "wickets": 0}, "d68e7f48": {"runs": 11, "balls": 12, "wickets": 3}, "e174dadd": {"runs": 1, "balls": 2, "wickets": 1}, "ccdd8308": {"runs": 32, "balls": 12, "wickets": 1}, "13c35c9e": {"runs": 5, "balls": 9, "wickets": 0}, "6c6aca89": {"runs": 5, "balls": 2, "wickets": 0}, "cf73ad76": {"runs": 17, "balls": 5, "wickets": 0}, "ee0c05c0": {"runs": 47, "balls": 31, "wickets": 2}, "ad212f96": {"runs": 2, "balls": 2, "wickets": 0}, "74a274cc": {"runs": 16, "balls": 10, "wickets": 0}, "086f5984": {"runs": 32, "balls": 15, "wickets": 0}, "b9877635": {"runs": 21, "balls": 44, "wickets": 0}, "fdb8ed0d": {"runs": 32, "balls": 19, "wickets": 0}, "19708692": {"runs": 123, "balls": 120, "wickets": 0}, "88a004e9": {"runs": 29, "balls": 10, "wickets": 0}, "e22d3b5c": {"runs": 13, "balls": 10, "wickets": 1}, "5239d782": {"runs": 47, "balls": 33, "wickets": 1}, "e4a0deae": {"runs": 7, "balls": 5, "wickets": 0}, "9679838c": {"runs": 31, "balls": 15, "wickets": 1}, "2a2e6343": {"runs": 52, "balls": 17, "wickets": 0}, "e412cb64": {"runs": 13, "balls": 10, "wickets": 1}, "3d0ed2f9": {"runs": 21, "balls": 23, "wickets": 3}, "8728a058": {"runs": 34, "balls": 41, "wickets": 0}, "5ac8f17b": {"runs": 32, "balls": 35, "wickets": 1}, "eb9cb105": {"runs": 0, "balls": 1, "wickets": 1}, "d4eef961": {"runs": 2, "balls": 6, "wickets": 1}, "eddf25bd": {"runs": 1, "balls": 3, "wickets": 1}, "2d4465da": {"runs": 4, "balls": 5, "wickets": 0}, "5bb1a1c4": {"runs": 1, "balls": 20, "wickets": 0}, "0f3ee070": {"runs": 22, "balls": 58, "wickets": 0}, "1957c6b7": {"runs": 49, "balls": 45, "wickets": 2}, "c5cc48bc": {"runs": 53, "balls": 48, "wickets": 1}, "a316d663": {"runs": 5, "balls": 5, "wickets": 0}, "f43dd8c2": {"runs": 7, "balls": 7, "wickets": 0}, "1066a976": {"runs": 2, "balls": 3, "wickets": 0}, "11ec0b58": {"runs": 11, "balls": 12, "wickets": 0}, "b21ed464": {"runs": 35, "balls": 30, "wickets": 0}, "1ca7c00f": {"runs": 68, "balls": 80, "wickets": 3}, "e423d162": {"runs": 50, "balls": 71, "wickets": 0}, "a386e91b": {"runs": 1, "balls": 2, "wickets": 0}, "757502b5": {"runs": 3, "balls": 11, "wickets": 0}, "314ed7e6": {"runs": 6, "balls": 6, "wickets": 1}, "6042bf26": {"runs": 7, "balls": 18, "wickets": 0}, "e84ac20c": {"runs": 18, "balls": 35, "wickets": 0}, "43205dad": {"runs": 49, "balls": 82, "wickets": 0}, "bdadf7da": {"runs": 18, "balls": 32, "wickets": 0}, "e05b2a5b": {"runs": 15, "balls": 30, "wickets": 1}, "67954d19": {"runs": 1, "balls": 5, "wickets": 0}, "641ac5ff": {"runs": 14, "balls": 10, "wickets": 1}, "1efd12d1": {"runs": 59, "balls": 34, "wickets": 1}, "8f2dfebf": {"runs": 50, "balls": 45, "wickets": 1}, "5fcb6fb1": {"runs": 19, "balls": 11, "wickets": 0}, "4c0f3806": {"runs": 25, "balls": 23, "wickets": 1}, "a089f93f": {"runs": 15, "balls": 20, "wickets": 1}, "10f68de1": {"runs": 1, "balls": 2, "wickets": 0}, "f78e7113": {"runs": 12, "balls": 8, "wickets": 0}, "07c8a2f4": {"runs": 25, "balls": 20, "wickets": 0}, "58c481c6": {"runs": 25, "balls": 11, "wickets": 0}, "0f21680d": {"runs": 115, "balls": 64, "wickets": 3}, "62af8546": {"runs": 12, "balls": 20, "wickets": 1}, "aa1210d8": {"runs": 30, "balls": 25, "wickets": 1}, "dc670143": {"runs": 13, "balls": 5, "wickets": 0}, "8d1dad51": {"runs": 12, "balls": 5, "wickets": 0}, "b3118300": {"runs": 1, "balls": 2, "wickets": 0}, "402f8494": {"runs": 25, "balls": 24, "wickets": 1}, "ab474682": {"runs": 16, "balls": 6, "wickets": 0}, "808f425a": {"runs": 20, "balls": 9, "wickets": 0}, "1252f71a": {"runs": 52, "balls": 33, "wickets": 0}, "786b7fe8": {"runs": 13, "balls": 16, "wickets": 0}, "27c5a793": {"runs": 13, "balls": 10, "wickets": 1}, "3a60e0b5": {"runs": 3, "balls": 1, "wickets": 0}, "8108e2d2": {"runs": 23, "balls": 18, "wickets": 0}, "65b6943c": {"runs": 48, "balls": 29, "wickets": 0}, "bb351c23": {"runs": 41, "balls": 23, "wickets": 0}, "dbeb6733": {"runs": 9, "balls": 6, "wickets": 0}, "fef92afc": {"runs": 19, "balls": 12, "wickets": 1}, "f7b2cbe8": {"runs": 1, "balls": 2, "wickets": 1}, "ed6894af": {"runs": 1, "balls": 2, "wickets": 0}, "397f4d3a": {"runs": 5, "balls": 2, "wickets": 0}, "48ad3373": {"runs": 1, "balls": 2, "wickets": 0}, "69c994e4": {"runs": 1, "balls": 2, "wickets": 0}, "1ad0b441": {"runs": 6, "balls": 3, "wickets": 0}, "68c56d09": {"runs": 3, "balls": 3, "wickets": 0}, "d285acaf": {"runs": 8, "balls": 4, "wickets": 0}, "5426de63": {"runs": 17, "balls": 24, "wickets": 0}, "f987245c": {"runs": 10, "balls": 5, "wickets": 0}, "05d4c10d": {"runs": 17, "balls": 9, "wickets": 0}, "c9bb898a": {"runs": 14, "balls": 8, "wickets": 0}, "8abdf100": {"runs": 12, "balls": 8, "wickets": 0}, "eec5fe00": {"runs": 10, "balls": 7, "wickets": 0}, "e82dc4c5": {"runs": 18, "balls": 16, "wickets": 0}, "eade4650": {"runs": 6, "balls": 4, "wickets": 0}, "52d11798": {"runs": 10, "balls": 8, "wickets": 0}, "2e966563": {"runs": 9, "balls": 10, "wickets": 0}, "af2c687b": {"runs": 9, "balls": 8, "wickets": 0}, "51a3c5ef": {"runs": 9, "balls": 3, "wickets": 0}, "3dcd1e8d": {"runs": 14, "balls": 49, "wickets": 1}, "eaa4cfc2": {"runs": 10, "balls": 15, "wickets": 0}, "218d4d78": {"runs": 1, "balls": 3, "wickets": 0}, "2223b920": {"runs": 0, "balls": 6, "wickets": 0}, "e9987a94": {"runs": 10, "balls": 14, "wickets": 0}, "57a76baa": {"runs": 24, "balls": 38, "wickets": 1}, "5bb5a915": {"runs": 1, "balls": 24, "wickets": 1}, "97905e64": {"runs": 4, "balls": 13, "wickets": 0}, "9835bd79": {"runs": 7, "balls": 11, "wickets": 1}, "1d2f290a": {"runs": 58, "balls": 31, "wickets": 2}, "c672e80e": {"runs": 46, "balls": 54, "wickets": 1}, "e91de70e": {"runs": 2, "balls": 28, "wickets": 0}, "a77472dc": {"runs": 17, "balls": 40, "wickets": 0}, "bd93fea4": {"runs": 12, "balls": 40, "wickets": 1}, "eab74985": {"runs": 12, "balls": 19, "wickets": 1}, "ed12fcd7": {"runs": 12, "balls": 10, "wickets": 0}, "aeab0d4f": {"runs": 3, "balls": 3, "wickets": 0}, "932d3cc9": {"runs": 53, "balls": 57, "wickets": 1}, "9789e56e": {"runs": 6, "balls": 27, "wickets": 0}, "782fb776": {"runs": 12, "balls": 6, "wickets": 1}, "11614d87": {"runs": 23, "balls": 17, "wickets": 0}, "e871a7a1": {"runs": 31, "balls": 34, "wickets": 1}, "bd4ea627": {"runs": 28, "balls": 14, "wickets": 1}, "9cb8d7a6": {"runs": 26, "balls": 27, "wickets": 0}, "ec33b21a": {"runs": 4, "balls": 4, "wickets": 1}, "a8e56914": {"runs": 10, "balls": 5, "wickets": 0}, "79c7041c": {"runs": 2, "balls": 5, "wickets": 0}, "078ffbf2": {"runs": 17, "balls": 14, "wickets": 1}, "e734d090": {"runs": 3, "balls": 4, "wickets": 0}, "b681e71e": {"runs": 15, "balls": 14, "wickets": 1}, "50c6bc2b": {"runs": 41, "balls": 17, "wickets": 0}, "0f6db197": {"runs": 11, "balls": 8, "wickets": 1}, "05c2ca46": {"runs": 2, "balls": 7, "wickets": 0}, "ba9258a7": {"runs": 7, "balls": 20, "wickets": 0}, "ad46c747": {"runs": 21, "balls": 22, "wickets": 0}, "219cc59e": {"runs": 40, "balls": 40, "wickets": 2}, "dd9de7ad": {"runs": 7, "balls": 6, "wickets": 0}, "1a45b864": {"runs": 28, "balls": 17, "wickets": 1}, "d99cc23a": {"runs": 28, "balls": 32, "wickets": 0}, "03df7a25": {"runs": 4, "balls": 1, "wickets": 0}, "ba377b40": {"runs": 13, "balls": 4, "wickets": 0}, "06c2de82": {"runs": 8, "balls": 6, "wickets": 1}, "6daf5e8c": {"runs": 5, "balls": 3, "wickets": 0}, "fc63d916": {"runs": 15, "balls": 8, "wickets": 0}, "867a45a7": {"runs": 74, "balls": 39, "wickets": 0}, "7f048519": {"runs": 38, "balls": 27, "wickets": 0}, "a4b810d0": {"runs": 30, "balls": 16, "wickets": 1}, "462d7c62": {"runs": 8, "balls": 4, "wickets": 0}, "b5781ac3": {"runs": 32, "balls": 29, "wickets": 1}, "894b2d25": {"runs": 12, "balls": 30, "wickets": 0}, "e087956b": {"runs": 29, "balls": 41, "wickets": 0}, "cad40f5e": {"runs": 1, "balls": 3, "wickets": 0}, "5ccdb14f": {"runs": 20, "balls": 11, "wickets": 1}, "2f9d0389": {"runs": 17, "balls": 9, "wickets": 0}, "e1b9f3a9": {"runs": 23, "balls": 12, "wickets": 0}, "0dbe27b8": {"runs": 9, "balls": 3, "wickets": 0}, "56ef4f99": {"runs": 25, "balls": 19, "wickets": 1}, "95a06106": {"runs": 16, "balls": 11, "wickets": 0}, "9f701298": {"runs": 15, "balls": 12, "wickets": 1}, "067bda18": {"runs": 10, "balls": 16, "wickets": 1}, "f422728b": {"runs": 36, "balls": 14, "wickets": 0}, "0ecb4de6": {"runs": 29, "balls": 25, "wickets": 2}, "de6c2c6e": {"runs": 2, "balls": 2, "wickets": 0}, "87e562a9": {"runs": 30, "balls": 20, "wickets": 1}, "52c442e4": {"runs": 0, "balls": 2, "wickets": 1}, "7c7d63a2": {"runs": 43, "balls": 26, "wickets": 1}, "71440756": {"runs": 20, "balls": 17, "wickets": 1}, "28217d89": {"runs": 23, "balls": 15, "wickets": 0}, "2413a688": {"runs": 4, "balls": 7, "wickets": 1}, "34b332d3": {"runs": 15, "balls": 15, "wickets": 0}, "f655d740": {"runs": 55, "balls": 65, "wickets": 1}, "9219eff0": {"runs": 13, "balls": 11, "wickets": 0}, "faa8cfba": {"runs": 24, "balls": 10, "wickets": 0}, "9de62878": {"runs": 1, "balls": 3, "wickets": 0}, "22b98d7c": {"runs": 43, "balls": 34, "wickets": 0}, "a03bba42": {"runs": 3, "balls": 4, "wickets": 0}, "9d430b40": {"runs": 31, "balls": 26, "wickets": 1}, "9eb1455b": {"runs": 39, "balls": 22, "wickets": 1}, "2085e1fa": {"runs": 3, "balls": 3, "wickets": 0}, "acee4cc4": {"runs": 12, "balls": 9, "wickets": 0}, "dfc4d8b5": {"runs": 17, "balls": 9, "wickets": 1}, "57590dbb": {"runs": 45, "balls": 33, "wickets": 1}, "bbd41817": {"runs": 30, "balls": 13, "wickets": 0}, "9061a703": {"runs": 23, "balls": 13, "wickets": 0}, "78c12883": {"runs": 2, "balls": 2, "wickets": 0}, "e5218454": {"runs": 18, "balls": 18, "wickets": 0}, "c8d45843": {"runs": 1, "balls": 3, "wickets": 0}, "5b16a806": {"runs": 1, "balls": 4, "wickets": 0}, "a61bcb94": {"runs": 4, "balls": 5, "wickets": 0}, "4d7f517e": {"runs": 7, "balls": 10, "wickets": 0}, "7dc35884": {"runs": 0, "balls": 2, "wickets": 0}, "b52ffbbd": {"runs": 7, "balls": 7, "wickets": 0}, "2cbdd22f": {"runs": 2, "balls": 2, "wickets": 0}, "3540beff": {"runs": 6, "balls": 6, "wickets": 0}, "1a2676c5": {"runs": 10, "balls": 42, "wickets": 1}, "1558d83b": {"runs": 10, "balls": 4, "wickets": 0}, "19b9f399": {"runs": 29, "balls": 17, "wickets": 1}, "caf69bf7": {"runs": 0, "balls": 2, "wickets": 1}, "38c276e1": {"runs": 47, "balls": 37, "wickets": 0}, "898e628d": {"runs": 3, "balls": 4, "wickets": 0}, "e9c7f0d0": {"runs": 5, "balls": 6, "wickets": 1}, "903560ed": {"runs": 5, "balls": 21, "wickets": 1}, "0164b064": {"runs": 9, "balls": 18, "wickets": 0}, "a2421394": {"runs": 7, "balls": 8, "wickets": 0}, "6f95e5fa": {"runs": 6, "balls": 8, "wickets": 0}, "1ee08e9a": {"runs": 5, "balls": 2, "wickets": 0}, "14f96089": {"runs": 19, "balls": 26, "wickets": 0}, "8f3fde65": {"runs": 5, "balls": 5, "wickets": 0}, "d9273ee7": {"runs": 12, "balls": 6, "wickets": 0}, "a818c1be": {"runs": 4, "balls": 4, "wickets": 0}, "56b93d46": {"runs": 5, "balls": 3, "wickets": 0}, "5e3054d0": {"runs": 5, "balls": 7, "wickets": 1}, "64775749": {"runs": 9, "balls": 7, "wickets": 0}, "f1f99156": {"runs": 10, "balls": 9, "wickets": 0}, "d13d1dd0": {"runs": 7, "balls": 6, "wickets": 0}, "bc2d4f2e": {"runs": 3, "balls": 6, "wickets": 0}, "e1a867df": {"runs": 16, "balls": 8, "wickets": 0}, "1b04e02b": {"runs": 3, "balls": 4, "wickets": 0}, "56ab442f": {"runs": 7, "balls": 10, "wickets": 1}, "8891669e": {"runs": 6, "balls": 4, "wickets": 0}, "86b4bf88": {"runs": 11, "balls": 11, "wickets": 0}, "003d49e6": {"runs": 2, "balls": 5, "wickets": 1}, "7b953689": {"runs": 5, "balls": 4, "wickets": 0}, "ac2e7ec0": {"runs": 1, "balls": 4, "wickets": 1}, "b08e58e2": {"runs": 23, "balls": 16, "wickets": 1}, "22ae3041": {"runs": 1, "balls": 2, "wickets": 0}, "aa3c7a7a": {"runs": 15, "balls": 9, "wickets": 1}, "7d608e12": {"runs": 13, "balls": 6, "wickets": 0}, "4751caa3": {"runs": 1, "balls": 3, "wickets": 0}, "a1d053dd": {"runs": 0, "balls": 1, "wickets": 0}, "a97c8ec2": {"runs": 3, "balls": 5, "wickets": 1}, "e142c599": {"runs": 13, "balls": 32, "wickets": 0}, "2f28dc94": {"runs": 8, "balls": 12, "wickets": 0}, "7f7f658b": {"runs": 46, "balls": 51, "wickets": 0}, "27fc5808": {"runs": 21, "balls": 40, "wickets": 1}, "9c643d7b": {"runs": 3, "balls": 12, "wickets": 0}, "80e44dc5": {"runs": 16, "balls": 22, "wickets": 2}, "0c7f11be": {"runs": 28, "balls": 19, "wickets": 0}, "6c908ffc": {"runs": 25, "balls": 34, "wickets": 2}, "d3868bd0": {"runs": 21, "balls": 27, "wickets": 0}, "c96f6ac5": {"runs": 32, "balls": 53, "wickets": 1}, "ac3c3cab": {"runs": 19, "balls": 34, "wickets": 0}, "a63dfe8a": {"runs": 11, "balls": 11, "wickets": 0}, "58be5e46": {"runs": 13, "balls": 7, "wickets": 0}, "45a7e761": {"runs": 19, "balls": 9, "wickets": 0}, "94d7f855": {"runs": 2, "balls": 4, "wickets": 0}, "35c08a29": {"runs": 12, "balls": 8, "wickets": 0}, "344c6d55": {"runs": 37, "balls": 22, "wickets": 0}, "457cab44": {"runs": 12, "balls": 23, "wickets": 1}, "a5735bd3": {"runs": 11, "balls": 8, "wickets": 0}, "bdadcca1": {"runs": 6, "balls": 6, "wickets": 0}, "876dbe2d": {"runs": 10, "balls": 11, "wickets": 0}, "2911de16": {"runs": 9, "balls": 3, "wickets": 0}, "3a3e7d82": {"runs": 9, "balls": 16, "wickets": 0}, "ad286dcc": {"runs": 3, "balls": 9, "wickets": 1}, "37b12633": {"runs": 0, "balls": 9, "wickets": 1}, "ff1e12a0": {"runs": 6, "balls": 3, "wickets": 0}, "28392e11": {"runs": 23, "balls": 9, "wickets": 0}, "884f72a1": {"runs": 8, "balls": 4, "wickets": 0}, "cdd875d9": {"runs": 0, "balls": 3, "wickets": 1}, "214f6461": {"runs": 17, "balls": 20, "wickets": 0}, "269ff06e": {"runs": 15, "balls": 24, "wickets": 0}, "63e1e352": {"runs": 17, "balls": 15, "wickets": 1}, "4557dc54": {"runs": 8, "balls": 17, "wickets": 0}, "9fd3a210": {"runs": 8, "balls": 25, "wickets": 1}, "dfc3f02d": {"runs": 3, "balls": 5, "wickets": 0}, "10435ca2": {"runs": 2, "balls": 5, "wickets": 0}, "245c97cb": {"runs": 0, "balls": 1, "wickets": 0}, "679cd31e": {"runs": 18, "balls": 18, "wickets": 0}, "a343262c": {"runs": 2, "balls": 3, "wickets": 1}, "83c3e8e3": {"runs": 14, "balls": 5, "wickets": 0}, "6dd8b88c": {"runs": 21, "balls": 13, "wickets": 2}, "208f22ea": {"runs": 15, "balls": 22, "wickets": 1}, "1f1b4c89": {"runs": 10, "balls": 4, "wickets": 1}, "d12cead8": {"runs": 5, "balls": 19, "wickets": 0}, "eafe8a94": {"runs": 1, "balls": 2, "wickets": 0}, "9e707e02": {"runs": 4, "balls": 5, "wickets": 0}, "32198ae0": {"runs": 2, "balls": 2, "wickets": 1}, "1f84183a": {"runs": 6, "balls": 6, "wickets": 0}, "ffe699c0": {"runs": 14, "balls": 10, "wickets": 0}, "b0eaaac6": {"runs": 1, "balls": 2, "wickets": 1}, "449f4e3c": {"runs": 6, "balls": 6, "wickets": 0}, "d2d15439": {"runs": 2, "balls": 2, "wickets": 0}, "7d92277a": {"runs": 3, "balls": 2, "wickets": 0}, "4c5d73db": {"runs": 3, "balls": 5, "wickets": 0}, "098a757c": {"runs": 4, "balls": 4, "wickets": 1}, "9103ecdb": {"runs": 0, "balls": 2, "wickets": 1}, "26d041c4": {"runs": 7, "balls": 11, "wickets": 0}, "9d0344f3": {"runs": 5, "balls": 4, "wickets": 0}, "327b58d3": {"runs": 16, "balls": 6, "wickets": 0}, "0f721006": {"runs": 7, "balls": 2, "wickets": 0}, "dd572696": {"runs": 4, "balls": 2, "wickets": 0}, "e0ac7144": {"runs": 20, "balls": 41, "wickets": 0}, "2baad3bd": {"runs": 30, "balls": 41, "wickets": 0}, "d48c0f40": {"runs": 15, "balls": 13, "wickets": 0}, "54c2b697": {"runs": 16, "balls": 20, "wickets": 0}, "e36e9dd3": {"runs": 12, "balls": 16, "wickets": 0}, "31b01074": {"runs": 9, "balls": 5, "wickets": 0}, "6e0a2209": {"runs": 17, "balls": 21, "wickets": 0}, "93cad673": {"runs": 18, "balls": 32, "wickets": 0}, "f2ab7a69": {"runs": 5, "balls": 8, "wickets": 0}, "00cada13": {"runs": 19, "balls": 37, "wickets": 0}, "15de1f5d": {"runs": 2, "balls": 20, "wickets": 0}, "78eb4223": {"runs": 1, "balls": 1, "wickets": 0}, "6ea2710f": {"runs": 5, "balls": 3, "wickets": 0}, "79f5bc26": {"runs": 1, "balls": 6, "wickets": 2}, "7671203a": {"runs": 3, "balls": 4, "wickets": 0}, "ab01e323": {"runs": 2, "balls": 3, "wickets": 1}, "c5f40e35": {"runs": 56, "balls": 23, "wickets": 0}, "ed47cb25": {"runs": 8, "balls": 12, "wickets": 0}, "3c55c703": {"runs": 1, "balls": 1, "wickets": 0}, "5c86c3c2": {"runs": 8, "balls": 39, "wickets": 1}, "4b685e2d": {"runs": 16, "balls": 23, "wickets": 0}, "70d57519": {"runs": 1, "balls": 17, "wickets": 0}, "fc4375ef": {"runs": 10, "balls": 14, "wickets": 0}, "00b195ae": {"runs": 3, "balls": 3, "wickets": 0}, "1cc0a83d": {"runs": 5, "balls": 3, "wickets": 1}, "9caf69a1": {"runs": 3, "balls": 3, "wickets": 0}, "24bb1c2f": {"runs": 0, "balls": 1, "wickets": 1}, "1c06d60a": {"runs": 5, "balls": 13, "wickets": 0}, "92205bc7": {"runs": 1, "balls": 7, "wickets": 1}, "77bf0483": {"runs": 0, "balls": 11, "wickets": 1}, "b8701e6d": {"runs": 9, "balls": 9, "wickets": 0}, "88211932": {"runs": 8, "balls": 11, "wickets": 0}, "5b6d248a": {"runs": 0, "balls": 8, "wickets": 1}, "f54dbda7": {"runs": 1, "balls": 12, "wickets": 0}, "23dee937": {"runs": 13, "balls": 29, "wickets": 0}, "f2665768": {"runs": 14, "balls": 42, "wickets": 1}, "861eed37": {"runs": 15, "balls": 23, "wickets": 0}}, "fifties": 33, "thirties": 51, "centuries": 6, "maidens": 0.0, "hattricks": 0, "runs": 6342.0, "wickets": 0.0, "club_ODI_previous3_runs": [11.0, 0.0, 13.0], "club_ODI_previous3_wickets": [0.0, 0.0, 0.0], "club_ODI_previous3_balls played": [12.0, 0.0, 23.0], "club_ODI_previous3_overs": [0.0, 0.0, 0.0], "club_ODI_previous3_runs gave": [0.0, 0.0, 0.0], "club_ODI_lifetime_runs": 745.0, "club_ODI_lifetime_wickets": 0.0, "club_ODI_lifetime_balls played": 811.0, "club_ODI_lifetime_overs": 0.0, "club_ODI_lifetime_runs gave": 0.0, "club_Test_previous3_runs": [33.0, 7.0, 56.0], "club_Test_previous3_wickets": [0.0, 0.0, 0.0], "club_Test_previous3_balls played": [88.0, 22.0, 136.0], "club_Test_previous3_overs": [0.0, 0.0, 0.0], "club_Test_previous3_runs gave": [0.0, 0.0, 0.0], "club_Test_lifetime_runs": 1668.0, "club_Test_lifetime_wickets": 0.0, "club_Test_lifetime_balls played": 3263.0, "club_Test_lifetime_overs": 0.0, "club_Test_lifetime_runs gave": 0.0, "club_T20_previous3_runs": [0.0, 27.0, 0.0], "club_T20_previous3_wickets": [0.0, 0.0, 0.0], "club_T20_previous3_balls played": [1.0, 14.0, 0.0], "club_T20_previous3_overs": [0.0, 0.0, 0.0], "club_T20_previous3_runs gave": [0.0, 0.0, 0.0], "club_T20_lifetime_runs": 3929.0, "club_T20_lifetime_wickets": 0.0, "club_T20_lifetime_balls played": 2769.0, "club_T20_lifetime_overs": 0.0, "club_T20_lifetime_runs gave": 0.0, "international_ODI_previous3_runs": [], "international_ODI_previous3_wickets": [], "international_ODI_previous3_balls played": [], "international_ODI_previous3_overs": [], "international_ODI_previous3_runs gave": [], "international_ODI_lifetime_runs": 0.0, "international_ODI_lifetime_wickets": 0.0, "international_ODI_lifetime_balls played": 0.0, "international_ODI_lifetime_overs": 0.0, "international_ODI_lifetime_runs gave": 0.0, "international_Test_previous3_runs": [], "international_Test_previous3_wickets": [], "international_Test_previous3_balls played": [], "international_Test_previous3_overs": [], "international_Test_previous3_runs gave": [], "international_Test_lifetime_runs": 0.0, "international_Test_lifetime_wickets": 0.0, "international_Test_lifetime_balls played": 0.0, "international_Test_lifetime_overs": 0.0, "international_Test_lifetime_runs gave": 0.0, "international_T20_previous3_runs": [], "international_T20_previous3_wickets": [], "international_T20_previous3_balls played": [], "international_T20_previous3_overs": [], "international_T20_previous3_runs gave": [], "international_T20_lifetime_runs": 0.0, "international_T20_lifetime_wickets": 0.0, "international_T20_lifetime_balls played": 0.0, "international_T20_lifetime_overs": 0.0, "international_T20_lifetime_runs gave": 0.0}