{"played_against": {"1ff39d69": {"runs": 2, "balls": 6, "wickets": 0}, "789944c9": {"runs": 0, "balls": 4, "wickets": 0}, "a139c379": {"runs": 4, "balls": 2, "wickets": 0}, "907c51ab": {"runs": 15, "balls": 15, "wickets": 1}, "ea8b65ab": {"runs": 9, "balls": 20, "wickets": 0}, "9706e64b": {"runs": 4, "balls": 20, "wickets": 2}, "287ed3a0": {"runs": 6, "balls": 13, "wickets": 0}, "053dc208": {"runs": 5, "balls": 5, "wickets": 0}, "f46500c3": {"runs": 0, "balls": 2, "wickets": 0}, "e2410b5e": {"runs": 0, "balls": 3, "wickets": 0}, "7391f160": {"runs": 4, "balls": 5, "wickets": 0}, "de69af96": {"runs": 4, "balls": 6, "wickets": 3}, "3308d881": {"runs": 10, "balls": 20, "wickets": 1}, "a7cd72b2": {"runs": 2, "balls": 8, "wickets": 0}, "a49985e6": {"runs": 17, "balls": 24, "wickets": 0}, "1f7825dd": {"runs": 1, "balls": 1, "wickets": 0}, "92cf79a8": {"runs": 7, "balls": 13, "wickets": 1}, "ec1c4b4d": {"runs": 0, "balls": 1, "wickets": 0}, "a0fdf513": {"runs": 7, "balls": 9, "wickets": 0}, "bff0535a": {"runs": 2, "balls": 4, "wickets": 1}, "ed840f44": {"runs": 5, "balls": 23, "wickets": 0}, "e5be2427": {"runs": 1, "balls": 2, "wickets": 1}, "d4188b60": {"runs": 0, "balls": 1, "wickets": 0}, "32497ecd": {"runs": 12, "balls": 15, "wickets": 2}, "8b552293": {"runs": 6, "balls": 6, "wickets": 0}, "4ac6664d": {"runs": 6, "balls": 3, "wickets": 1}, "98dfe425": {"runs": 8, "balls": 11, "wickets": 1}, "b287e7b1": {"runs": 17, "balls": 22, "wickets": 0}, "d4f0c300": {"runs": 2, "balls": 2, "wickets": 0}, "4ba0289e": {"runs": 0, "balls": 5, "wickets": 1}, "e149d0ae": {"runs": 1, "balls": 3, "wickets": 1}, "53bee17f": {"runs": 3, "balls": 7, "wickets": 0}, "c29ada99": {"runs": 6, "balls": 6, "wickets": 1}, "d32cf49a": {"runs": 24, "balls": 37, "wickets": 3}, "42d9dd09": {"runs": 3, "balls": 8, "wickets": 0}, "cc3884f9": {"runs": 1, "balls": 1, "wickets": 0}, "be150fc8": {"runs": 17, "balls": 16, "wickets": 0}, "3a9b3866": {"runs": 1, "balls": 3, "wickets": 0}, "3d689960": {"runs": 7, "balls": 5, "wickets": 0}, "5463cb7a": {"runs": 7, "balls": 11, "wickets": 0}, "237ec05b": {"runs": 13, "balls": 24, "wickets": 1}, "201fef33": {"runs": 17, "balls": 40, "wickets": 1}, "705489eb": {"runs": 5, "balls": 36, "wickets": 1}, "d0bb40b8": {"runs": 4, "balls": 23, "wickets": 2}, "9d87a319": {"runs": 5, "balls": 3, "wickets": 0}, "d284ef29": {"runs": 1, "balls": 3, "wickets": 1}, "3cfbddce": {"runs": 1, "balls": 3, "wickets": 0}, "9714e764": {"runs": 15, "balls": 5, "wickets": 0}, "0475a86b": {"runs": 3, "balls": 10, "wickets": 0}, "bc969efb": {"runs": 2, "balls": 10, "wickets": 0}, "fa8f9dc3": {"runs": 6, "balls": 6, "wickets": 0}, "17608a6f": {"runs": 1, "balls": 4, "wickets": 1}, "7c1ba524": {"runs": 15, "balls": 6, "wickets": 0}, "53cd8da6": {"runs": 6, "balls": 26, "wickets": 1}, "752183c1": {"runs": 10, "balls": 14, "wickets": 0}, "558cdd64": {"runs": 1, "balls": 6, "wickets": 1}, "a92763ea": {"runs": 11, "balls": 12, "wickets": 0}, "bec997fc": {"runs": 0, "balls": 3, "wickets": 0}, "005f0561": {"runs": 1, "balls": 2, "wickets": 0}, "cdb82f1c": {"runs": 10, "balls": 12, "wickets": 1}, "6a434bd3": {"runs": 4, "balls": 3, "wickets": 0}, "2f9a6bd1": {"runs": 2, "balls": 10, "wickets": 0}, "52d3b7ff": {"runs": 0, "balls": 2, "wickets": 0}, "550373ea": {"runs": 1, "balls": 1, "wickets": 0}, "c981d3c2": {"runs": 12, "balls": 15, "wickets": 0}, "ea9c54de": {"runs": 21, "balls": 17, "wickets": 2}, "2904b4b6": {"runs": 5, "balls": 3, "wickets": 0}, "0b78b7c1": {"runs": 4, "balls": 1, "wickets": 0}, "6c3aef71": {"runs": 7, "balls": 6, "wickets": 1}, "9c515112": {"runs": 1, "balls": 1, "wickets": 0}, "99812d10": {"runs": 1, "balls": 5, "wickets": 1}, "5be043df": {"runs": 2, "balls": 2, "wickets": 0}, "d693012d": {"runs": 0, "balls": 1, "wickets": 1}, "89bbc67a": {"runs": 0, "balls": 0, "wickets": 0}, "7673c908": {"runs": 2, "balls": 10, "wickets": 0}, "9b73d523": {"runs": 0, "balls": 1, "wickets": 1}, "b8cce99f": {"runs": 2, "balls": 5, "wickets": 0}, "c2ac0db5": {"runs": 0, "balls": 1, "wickets": 1}, "dd883071": {"runs": 0, "balls": 1, "wickets": 0}, "b34e0c77": {"runs": 0, "balls": 2, "wickets": 1}, "a51e6c6e": {"runs": 1, "balls": 4, "wickets": 1}, "53bb50f0": {"runs": 7, "balls": 4, "wickets": 0}, "06653fcc": {"runs": 0, "balls": 2, "wickets": 0}, "84f1ae7f": {"runs": 0, "balls": 2, "wickets": 1}, "38b4583c": {"runs": 5, "balls": 5, "wickets": 1}, "7b51bfa4": {"runs": 1, "balls": 4, "wickets": 1}, "c6625a26": {"runs": 9, "balls": 17, "wickets": 0}, "6d76bc23": {"runs": 1, "balls": 2, "wickets": 0}, "77b26349": {"runs": 6, "balls": 3, "wickets": 0}, "58acb320": {"runs": 0, "balls": 1, "wickets": 1}, "24ed1f75": {"runs": 2, "balls": 3, "wickets": 0}, "ac56b5a7": {"runs": 23, "balls": 9, "wickets": 1}, "1b1c23bb": {"runs": 1, "balls": 1, "wickets": 0}, "35828bdd": {"runs": 6, "balls": 5, "wickets": 0}, "e5b17517": {"runs": 4, "balls": 9, "wickets": 1}, "d7ff1adc": {"runs": 1, "balls": 2, "wickets": 0}, "9b3bcca4": {"runs": 2, "balls": 6, "wickets": 1}, "65d9b6b6": {"runs": 0, "balls": 3, "wickets": 0}, "275dff85": {"runs": 6, "balls": 4, "wickets": 0}, "795ff893": {"runs": 0, "balls": 1, "wickets": 0}, "a61850e6": {"runs": 4, "balls": 2, "wickets": 0}, "b55fb828": {"runs": 3, "balls": 2, "wickets": 0}, "9af58032": {"runs": 2, "balls": 2, "wickets": 0}, "f13d3eba": {"runs": 0, "balls": 2, "wickets": 1}, "0d518f89": {"runs": 1, "balls": 1, "wickets": 0}, "dff806f4": {"runs": 1, "balls": 2, "wickets": 1}, "9c4b58db": {"runs": 2, "balls": 4, "wickets": 0}, "6b4817d9": {"runs": 2, "balls": 2, "wickets": 0}, "bf5e7711": {"runs": 5, "balls": 2, "wickets": 0}, "61c22ad0": {"runs": 1, "balls": 1, "wickets": 0}, "7467fe01": {"runs": 0, "balls": 2, "wickets": 0}, "2f485713": {"runs": 0, "balls": 1, "wickets": 0}, "1ade138e": {"runs": 3, "balls": 4, "wickets": 0}, "ebf683f9": {"runs": 0, "balls": 2, "wickets": 1}, "83558266": {"runs": 0, "balls": 2, "wickets": 0}, "5c30d455": {"runs": 1, "balls": 1, "wickets": 0}, "db873292": {"runs": 2, "balls": 4, "wickets": 0}, "47bcaf7a": {"runs": 1, "balls": 6, "wickets": 0}, "7b1f2542": {"runs": 4, "balls": 3, "wickets": 0}, "77143581": {"runs": 6, "balls": 3, "wickets": 0}, "99e23670": {"runs": 2, "balls": 3, "wickets": 0}, "33946d69": {"runs": 0, "balls": 2, "wickets": 0}, "d6164dc0": {"runs": 2, "balls": 2, "wickets": 1}, "c35a0b8a": {"runs": 0, "balls": 2, "wickets": 1}}, "fifties": 0, "thirties": 1, "centuries": 0, "maidens": 98.0, "hattricks": 40, "runs": 534.0, "wickets": 325.0, "club_ODI_previous3_runs": [], "club_ODI_previous3_wickets": [], "club_ODI_previous3_balls played": [], "club_ODI_previous3_overs": [], "club_ODI_previous3_runs gave": [], "club_ODI_lifetime_runs": 0.0, "club_ODI_lifetime_wickets": 0.0, "club_ODI_lifetime_balls played": 0.0, "club_ODI_lifetime_overs": 0.0, "club_ODI_lifetime_runs gave": 0.0, "club_Test_previous3_runs": [], "club_Test_previous3_wickets": [], "club_Test_previous3_balls played": [], "club_Test_previous3_overs": [], "club_Test_previous3_runs gave": [], "club_Test_lifetime_runs": 0.0, "club_Test_lifetime_wickets": 0.0, "club_Test_lifetime_balls played": 0.0, "club_Test_lifetime_overs": 0.0, "club_Test_lifetime_runs gave": 0.0, "club_T20_previous3_runs": [0.0, 0.0, 2.0], "club_T20_previous3_wickets": [1.0, 0.0, 2.0], "club_T20_previous3_balls played": [0.0, 0.0, 4.0], "club_T20_previous3_overs": [3.1666666666666665, 4.0, 4.0], "club_T20_previous3_runs gave": [22.0, 20.0, 32.0], "club_T20_lifetime_runs": 120.0, "club_T20_lifetime_wickets": 107.0, "club_T20_lifetime_balls played": 148.0, "club_T20_lifetime_overs": 429.5, "club_T20_lifetime_runs gave": 2665.0, "international_ODI_previous3_runs": [0.0, 6.0, 6.0], "international_ODI_previous3_wickets": [5.0, 1.0, 1.0], "international_ODI_previous3_balls played": [0.0, 8.0, 15.0], "international_ODI_previous3_overs": [8.666666666666668, 9.833333333333334, 6.833333333333334], "international_ODI_previous3_runs gave": [12.0, 71.0, 58.0], "international_ODI_lifetime_runs": 273.0, "international_ODI_lifetime_wickets": 134.0, "international_ODI_lifetime_balls played": 531.0, "international_ODI_lifetime_overs": 718.1666666666666, "international_ODI_lifetime_runs gave": 2904.0, "international_Test_previous3_runs": [], "international_Test_previous3_wickets": [], "international_Test_previous3_balls played": [], "international_Test_previous3_overs": [], "international_Test_previous3_runs gave": [], "international_Test_lifetime_runs": 0.0, "international_Test_lifetime_wickets": 0.0, "international_Test_lifetime_balls played": 0.0, "international_Test_lifetime_overs": 0.0, "international_Test_lifetime_runs gave": 0.0, "international_T20_previous3_runs": [0.0, 0.0, 0.0], "international_T20_previous3_wickets": [1.0, 3.0, 2.0], "international_T20_previous3_balls played": [0.0, 0.0, 0.0], "international_T20_previous3_overs": [4.0, 3.666666666666667, 4.0], "international_T20_previous3_runs gave": [22.0, 32.0, 27.0], "international_T20_lifetime_runs": 141.0, "international_T20_lifetime_wickets": 84.0, "international_T20_lifetime_balls played": 174.0, "international_T20_lifetime_overs": 294.6666666666667, "international_T20_lifetime_runs gave": 1824.0}