{"played_against": {"7eb7b47b": {"runs": 1, "balls": 1, "wickets": 0}, "d77ddc9f": {"runs": 3, "balls": 5, "wickets": 0}, "62708dce": {"runs": 2, "balls": 5, "wickets": 0}, "d88f9163": {"runs": 5, "balls": 5, "wickets": 1}, "5485c999": {"runs": 19, "balls": 5, "wickets": 0}, "26b59073": {"runs": 9, "balls": 3, "wickets": 0}, "11b37b2a": {"runs": 10, "balls": 12, "wickets": 0}, "9a28e6e1": {"runs": 9, "balls": 4, "wickets": 0}, "24a93558": {"runs": 13, "balls": 8, "wickets": 1}, "e112732d": {"runs": 14, "balls": 6, "wickets": 0}, "9585854d": {"runs": 5, "balls": 5, "wickets": 0}, "384fa385": {"runs": 15, "balls": 7, "wickets": 0}, "1021b6e5": {"runs": 1, "balls": 2, "wickets": 0}, "49f6d023": {"runs": 0, "balls": 2, "wickets": 1}}, "fifties": 1, "thirties": 0, "centuries": 0, "maidens": 0.0, "hattricks": 1, "runs": 106.0, "wickets": 3.0, "club_ODI_previous3_runs": [], "club_ODI_previous3_wickets": [], "club_ODI_previous3_balls played": [], "club_ODI_previous3_overs": [], "club_ODI_previous3_runs gave": [], "club_ODI_lifetime_runs": 0.0, "club_ODI_lifetime_wickets": 0.0, "club_ODI_lifetime_balls played": 0.0, "club_ODI_lifetime_overs": 0.0, "club_ODI_lifetime_runs gave": 0.0, "club_Test_previous3_runs": [], "club_Test_previous3_wickets": [], "club_Test_previous3_balls played": [], "club_Test_previous3_overs": [], "club_Test_previous3_runs gave": [], "club_Test_lifetime_runs": 0.0, "club_Test_lifetime_wickets": 0.0, "club_Test_lifetime_balls played": 0.0, "club_Test_lifetime_overs": 0.0, "club_Test_lifetime_runs gave": 0.0, "club_T20_previous3_runs": [], "club_T20_previous3_wickets": [], "club_T20_previous3_balls played": [], "club_T20_previous3_overs": [], "club_T20_previous3_runs gave": [], "club_T20_lifetime_runs": 0.0, "club_T20_lifetime_wickets": 0.0, "club_T20_lifetime_balls played": 0.0, "club_T20_lifetime_overs": 0.0, "club_T20_lifetime_runs gave": 0.0, "international_ODI_previous3_runs": [], "international_ODI_previous3_wickets": [], "international_ODI_previous3_balls played": [], "international_ODI_previous3_overs": [], "international_ODI_previous3_runs gave": [], "international_ODI_lifetime_runs": 0.0, "international_ODI_lifetime_wickets": 0.0, "international_ODI_lifetime_balls played": 0.0, "international_ODI_lifetime_overs": 0.0, "international_ODI_lifetime_runs gave": 0.0, "international_Test_previous3_runs": [], "international_Test_previous3_wickets": [], "international_Test_previous3_balls played": [], "international_Test_previous3_overs": [], "international_Test_previous3_runs gave": [], "international_Test_lifetime_runs": 0.0, "international_Test_lifetime_wickets": 0.0, "international_Test_lifetime_balls played": 0.0, "international_Test_lifetime_overs": 0.0, "international_Test_lifetime_runs gave": 0.0, "international_T20_previous3_runs": [29.0, 55.0, 21.0], "international_T20_previous3_wickets": [0.0, 0.0, 0.0], "international_T20_previous3_balls played": [20.0, 34.0, 17.0], "international_T20_previous3_overs": [0.0, 0.0, 0.0], "international_T20_previous3_runs gave": [0.0, 0.0, 0.0], "international_T20_lifetime_runs": 106.0, "international_T20_lifetime_wickets": 3.0, "international_T20_lifetime_balls played": 72.0, "international_T20_lifetime_overs": 3.0, "international_T20_lifetime_runs gave": 23.0}