{"played_against": {"26f98ea3": {"runs": 21, "balls": 8, "wickets": 0}, "c122fe73": {"runs": 24, "balls": 15, "wickets": 0}, "a9ee404e": {"runs": 24, "balls": 12, "wickets": 0}, "13bf1d91": {"runs": 10, "balls": 5, "wickets": 0}, "7f46e127": {"runs": 26, "balls": 14, "wickets": 0}, "3fa5672e": {"runs": 24, "balls": 19, "wickets": 1}, "e0febd97": {"runs": 11, "balls": 5, "wickets": 0}, "88251c6c": {"runs": 38, "balls": 15, "wickets": 0}, "67ae5a56": {"runs": 9, "balls": 4, "wickets": 0}, "db218528": {"runs": 9, "balls": 5, "wickets": 0}, "4612619b": {"runs": 9, "balls": 3, "wickets": 0}, "11174f6d": {"runs": 0, "balls": 1, "wickets": 1}, "87a6f411": {"runs": 37, "balls": 22, "wickets": 0}, "a4a53adf": {"runs": 2, "balls": 2, "wickets": 0}, "b0358c6d": {"runs": 14, "balls": 5, "wickets": 0}, "7f784eb8": {"runs": 15, "balls": 10, "wickets": 0}, "638f451b": {"runs": 9, "balls": 4, "wickets": 1}, "f5ba4611": {"runs": 22, "balls": 10, "wickets": 0}, "677c18f9": {"runs": 11, "balls": 3, "wickets": 0}, "3924b2ee": {"runs": 11, "balls": 10, "wickets": 0}, "87609cbb": {"runs": 5, "balls": 6, "wickets": 1}, "c2fd51b1": {"runs": 16, "balls": 8, "wickets": 0}, "747209e0": {"runs": 10, "balls": 6, "wickets": 0}, "11f56b14": {"runs": 20, "balls": 14, "wickets": 0}, "1339f52a": {"runs": 7, "balls": 2, "wickets": 0}, "5d6a1f76": {"runs": 10, "balls": 5, "wickets": 0}, "2deb4082": {"runs": 18, "balls": 14, "wickets": 0}, "026e1314": {"runs": 29, "balls": 11, "wickets": 0}, "eb5aa5b9": {"runs": 31, "balls": 18, "wickets": 1}, "14e1fdab": {"runs": 13, "balls": 4, "wickets": 0}, "6de4e430": {"runs": 69, "balls": 45, "wickets": 1}, "fb34b0ec": {"runs": 0, "balls": 1, "wickets": 1}, "d8bee9a1": {"runs": 6, "balls": 4, "wickets": 1}, "8b0b3bba": {"runs": 2, "balls": 5, "wickets": 0}, "e5464794": {"runs": 22, "balls": 9, "wickets": 0}, "6de51a8e": {"runs": 8, "balls": 5, "wickets": 0}, "da39f141": {"runs": 19, "balls": 12, "wickets": 0}, "5787be00": {"runs": 1, "balls": 1, "wickets": 0}, "4c72b407": {"runs": 20, "balls": 8, "wickets": 0}, "6ceec40d": {"runs": 14, "balls": 4, "wickets": 0}, "514628bd": {"runs": 17, "balls": 6, "wickets": 0}, "716bf559": {"runs": 1, "balls": 1, "wickets": 0}, "2a03bd2f": {"runs": 22, "balls": 12, "wickets": 1}, "fd2b8c06": {"runs": 1, "balls": 1, "wickets": 0}, "00467a76": {"runs": 1, "balls": 1, "wickets": 0}, "01c05b6c": {"runs": 17, "balls": 4, "wickets": 0}, "e56f4180": {"runs": 0, "balls": 2, "wickets": 1}, "ad37baac": {"runs": 2, "balls": 4, "wickets": 0}, "97f44626": {"runs": 10, "balls": 5, "wickets": 0}, "2a13e6b1": {"runs": 0, "balls": 5, "wickets": 0}, "6e60a792": {"runs": 2, "balls": 6, "wickets": 0}, "3967b66f": {"runs": 6, "balls": 5, "wickets": 0}, "dba54d8e": {"runs": 7, "balls": 4, "wickets": 0}, "c90346a0": {"runs": 14, "balls": 10, "wickets": 0}, "efcb778e": {"runs": 0, "balls": 1, "wickets": 1}, "e4f13acd": {"runs": 11, "balls": 7, "wickets": 0}, "2809b390": {"runs": 7, "balls": 11, "wickets": 0}, "a768a762": {"runs": 1, "balls": 2, "wickets": 1}, "90a41671": {"runs": 2, "balls": 4, "wickets": 0}, "06b45b20": {"runs": 5, "balls": 3, "wickets": 0}, "ff1e08eb": {"runs": 6, "balls": 8, "wickets": 0}, "d7074ddc": {"runs": 3, "balls": 4, "wickets": 0}, "8a99caa9": {"runs": 11, "balls": 10, "wickets": 0}, "4ec0443d": {"runs": 17, "balls": 11, "wickets": 0}, "443d1fd8": {"runs": 1, "balls": 3, "wickets": 0}, "c079c66a": {"runs": 4, "balls": 4, "wickets": 1}, "e85bb4b3": {"runs": 78, "balls": 53, "wickets": 0}, "376557f7": {"runs": 10, "balls": 3, "wickets": 0}, "82623a3a": {"runs": 45, "balls": 30, "wickets": 1}, "e00acf74": {"runs": 23, "balls": 21, "wickets": 1}, "39e9f0c9": {"runs": 25, "balls": 24, "wickets": 2}, "704e0160": {"runs": 11, "balls": 10, "wickets": 0}, "21526a38": {"runs": 3, "balls": 4, "wickets": 0}, "d85d52c2": {"runs": 0, "balls": 3, "wickets": 2}, "b8e65260": {"runs": 39, "balls": 27, "wickets": 1}, "eb40ed89": {"runs": 11, "balls": 5, "wickets": 0}}, "fifties": 8, "thirties": 7, "centuries": 0, "maidens": 0.0, "hattricks": 1, "runs": 1059.0, "wickets": 5.0, "club_ODI_previous3_runs": [], "club_ODI_previous3_wickets": [], "club_ODI_previous3_balls played": [], "club_ODI_previous3_overs": [], "club_ODI_previous3_runs gave": [], "club_ODI_lifetime_runs": 0.0, "club_ODI_lifetime_wickets": 0.0, "club_ODI_lifetime_balls played": 0.0, "club_ODI_lifetime_overs": 0.0, "club_ODI_lifetime_runs gave": 0.0, "club_Test_previous3_runs": [], "club_Test_previous3_wickets": [], "club_Test_previous3_balls played": [], "club_Test_previous3_overs": [], "club_Test_previous3_runs gave": [], "club_Test_lifetime_runs": 0.0, "club_Test_lifetime_wickets": 0.0, "club_Test_lifetime_balls played": 0.0, "club_Test_lifetime_overs": 0.0, "club_Test_lifetime_runs gave": 0.0, "club_T20_previous3_runs": [], "club_T20_previous3_wickets": [], "club_T20_previous3_balls played": [], "club_T20_previous3_overs": [], "club_T20_previous3_runs gave": [], "club_T20_lifetime_runs": 0.0, "club_T20_lifetime_wickets": 0.0, "club_T20_lifetime_balls played": 0.0, "club_T20_lifetime_overs": 0.0, "club_T20_lifetime_runs gave": 0.0, "international_ODI_previous3_runs": [], "international_ODI_previous3_wickets": [], "international_ODI_previous3_balls played": [], "international_ODI_previous3_overs": [], "international_ODI_previous3_runs gave": [], "international_ODI_lifetime_runs": 0.0, "international_ODI_lifetime_wickets": 0.0, "international_ODI_lifetime_balls played": 0.0, "international_ODI_lifetime_overs": 0.0, "international_ODI_lifetime_runs gave": 0.0, "international_Test_previous3_runs": [], "international_Test_previous3_wickets": [], "international_Test_previous3_balls played": [], "international_Test_previous3_overs": [], "international_Test_previous3_runs gave": [], "international_Test_lifetime_runs": 0.0, "international_Test_lifetime_wickets": 0.0, "international_Test_lifetime_balls played": 0.0, "international_Test_lifetime_overs": 0.0, "international_Test_lifetime_runs gave": 0.0, "international_T20_previous3_runs": [16.0, 99.0, 66.0], "international_T20_previous3_wickets": [0.0, 0.0, 0.0], "international_T20_previous3_balls played": [7.0, 68.0, 54.0], "international_T20_previous3_overs": [0.0, 0.0, 0.0], "international_T20_previous3_runs gave": [0.0, 0.0, 0.0], "international_T20_lifetime_runs": 1059.0, "international_T20_lifetime_wickets": 5.0, "international_T20_lifetime_balls played": 673.0, "international_T20_lifetime_overs": 20.166666666666668, "international_T20_lifetime_runs gave": 178.0}