{"played_against": {"f737ab44": {"runs": 3, "balls": 9, "wickets": 1}, "dc60abdc": {"runs": 3, "balls": 5, "wickets": 0}, "415d30b6": {"runs": 7, "balls": 11, "wickets": 0}, "78bbeba1": {"runs": 9, "balls": 9, "wickets": 1}, "57fcfd3b": {"runs": 13, "balls": 9, "wickets": 0}, "60bec5c3": {"runs": 7, "balls": 5, "wickets": 0}, "cde067e1": {"runs": 1, "balls": 3, "wickets": 0}, "4631be71": {"runs": 7, "balls": 4, "wickets": 0}, "4d84ad05": {"runs": 3, "balls": 3, "wickets": 0}, "f2e8b37c": {"runs": 1, "balls": 1, "wickets": 0}, "a8e54ef4": {"runs": 1, "balls": 4, "wickets": 0}, "4277234d": {"runs": 2, "balls": 8, "wickets": 1}, "fce581b5": {"runs": 6, "balls": 3, "wickets": 0}, "847b4bdd": {"runs": 1, "balls": 5, "wickets": 1}}, "fifties": 0, "thirties": 1, "centuries": 0, "maidens": 0.0, "hattricks": 0, "runs": 64.0, "wickets": 0.0, "club_ODI_previous3_runs": [], "club_ODI_previous3_wickets": [], "club_ODI_previous3_balls played": [], "club_ODI_previous3_overs": [], "club_ODI_previous3_runs gave": [], "club_ODI_lifetime_runs": 0.0, "club_ODI_lifetime_wickets": 0.0, "club_ODI_lifetime_balls played": 0.0, "club_ODI_lifetime_overs": 0.0, "club_ODI_lifetime_runs gave": 0.0, "club_Test_previous3_runs": [], "club_Test_previous3_wickets": [], "club_Test_previous3_balls played": [], "club_Test_previous3_overs": [], "club_Test_previous3_runs gave": [], "club_Test_lifetime_runs": 0.0, "club_Test_lifetime_wickets": 0.0, "club_Test_lifetime_balls played": 0.0, "club_Test_lifetime_overs": 0.0, "club_Test_lifetime_runs gave": 0.0, "club_T20_previous3_runs": [], "club_T20_previous3_wickets": [], "club_T20_previous3_balls played": [], "club_T20_previous3_overs": [], "club_T20_previous3_runs gave": [], "club_T20_lifetime_runs": 0.0, "club_T20_lifetime_wickets": 0.0, "club_T20_lifetime_balls played": 0.0, "club_T20_lifetime_overs": 0.0, "club_T20_lifetime_runs gave": 0.0, "international_ODI_previous3_runs": [1.0], "international_ODI_previous3_wickets": [0.0], "international_ODI_previous3_balls played": [5.0], "international_ODI_previous3_overs": [0.0], "international_ODI_previous3_runs gave": [0.0], "international_ODI_lifetime_runs": 1.0, "international_ODI_lifetime_wickets": 0.0, "international_ODI_lifetime_balls played": 5.0, "international_ODI_lifetime_overs": 0.0, "international_ODI_lifetime_runs gave": 0.0, "international_Test_previous3_runs": [], "international_Test_previous3_wickets": [], "international_Test_previous3_balls played": [], "international_Test_previous3_overs": [], "international_Test_previous3_runs gave": [], "international_Test_lifetime_runs": 0.0, "international_Test_lifetime_wickets": 0.0, "international_Test_lifetime_balls played": 0.0, "international_Test_lifetime_overs": 0.0, "international_Test_lifetime_runs gave": 0.0, "international_T20_previous3_runs": [39.0, 11.0, 10.0], "international_T20_previous3_wickets": [0.0, 0.0, 0.0], "international_T20_previous3_balls played": [41.0, 10.0, 16.0], "international_T20_previous3_overs": [0.0, 0.0, 0.0], "international_T20_previous3_runs gave": [0.0, 0.0, 0.0], "international_T20_lifetime_runs": 63.0, "international_T20_lifetime_wickets": 0.0, "international_T20_lifetime_balls played": 74.0, "international_T20_lifetime_overs": 0.0, "international_T20_lifetime_runs gave": 0.0}