{"played_against": {"c01d1c0a": {"runs": 12, "balls": 7, "wickets": 0}, "f2957511": {"runs": 15, "balls": 8, "wickets": 0}, "d7f1fe76": {"runs": 11, "balls": 8, "wickets": 0}, "90fed21f": {"runs": 17, "balls": 9, "wickets": 0}, "bbd5af55": {"runs": 3, "balls": 3, "wickets": 0}, "c702bc6e": {"runs": 0, "balls": 4, "wickets": 0}, "3b9f0224": {"runs": 0, "balls": 2, "wickets": 0}, "f380525a": {"runs": 0, "balls": 2, "wickets": 1}, "d01849a2": {"runs": 9, "balls": 6, "wickets": 0}, "ad4622c0": {"runs": 1, "balls": 1, "wickets": 0}, "cc3ebe28": {"runs": 0, "balls": 1, "wickets": 1}, "288ea226": {"runs": 5, "balls": 5, "wickets": 0}, "78bbeba1": {"runs": 1, "balls": 1, "wickets": 0}, "ea9a0642": {"runs": 24, "balls": 9, "wickets": 0}, "c07a1f41": {"runs": 0, "balls": 1, "wickets": 1}, "b9fd3959": {"runs": 1, "balls": 2, "wickets": 0}, "7bb926a7": {"runs": 0, "balls": 1, "wickets": 1}, "04f0d409": {"runs": 24, "balls": 17, "wickets": 0}, "72a7dcb5": {"runs": 4, "balls": 11, "wickets": 0}, "de896b79": {"runs": 0, "balls": 1, "wickets": 1}, "d1988788": {"runs": 0, "balls": 1, "wickets": 1}, "6adabee6": {"runs": 1, "balls": 1, "wickets": 0}}, "fifties": 0, "thirties": 3, "centuries": 0, "maidens": 6.0, "hattricks": 3, "runs": 128.0, "wickets": 17.0, "club_ODI_previous3_runs": [], "club_ODI_previous3_wickets": [], "club_ODI_previous3_balls played": [], "club_ODI_previous3_overs": [], "club_ODI_previous3_runs gave": [], "club_ODI_lifetime_runs": 0.0, "club_ODI_lifetime_wickets": 0.0, "club_ODI_lifetime_balls played": 0.0, "club_ODI_lifetime_overs": 0.0, "club_ODI_lifetime_runs gave": 0.0, "club_Test_previous3_runs": [], "club_Test_previous3_wickets": [], "club_Test_previous3_balls played": [], "club_Test_previous3_overs": [], "club_Test_previous3_runs gave": [], "club_Test_lifetime_runs": 0.0, "club_Test_lifetime_wickets": 0.0, "club_Test_lifetime_balls played": 0.0, "club_Test_lifetime_overs": 0.0, "club_Test_lifetime_runs gave": 0.0, "club_T20_previous3_runs": [], "club_T20_previous3_wickets": [], "club_T20_previous3_balls played": [], "club_T20_previous3_overs": [], "club_T20_previous3_runs gave": [], "club_T20_lifetime_runs": 0.0, "club_T20_lifetime_wickets": 0.0, "club_T20_lifetime_balls played": 0.0, "club_T20_lifetime_overs": 0.0, "club_T20_lifetime_runs gave": 0.0, "international_ODI_previous3_runs": [0.0, 34.0, 0.0], "international_ODI_previous3_wickets": [4.0, 0.0, 1.0], "international_ODI_previous3_balls played": [0.0, 30.0, 1.0], "international_ODI_previous3_overs": [7.0, 4.0, 8.0], "international_ODI_previous3_runs gave": [36.0, 10.0, 32.0], "international_ODI_lifetime_runs": 86.0, "international_ODI_lifetime_wickets": 10.0, "international_ODI_lifetime_balls played": 72.0, "international_ODI_lifetime_overs": 41.83333333333333, "international_ODI_lifetime_runs gave": 188.0, "international_Test_previous3_runs": [], "international_Test_previous3_wickets": [], "international_Test_previous3_balls played": [], "international_Test_previous3_overs": [], "international_Test_previous3_runs gave": [], "international_Test_lifetime_runs": 0.0, "international_Test_lifetime_wickets": 0.0, "international_Test_lifetime_balls played": 0.0, "international_Test_lifetime_overs": 0.0, "international_Test_lifetime_runs gave": 0.0, "international_T20_previous3_runs": [0.0, 1.0, 0.0], "international_T20_previous3_wickets": [0.0, 0.0, 2.0], "international_T20_previous3_balls played": [0.0, 2.0, 0.0], "international_T20_previous3_overs": [4.0, 2.8333333333333335, 4.0], "international_T20_previous3_runs gave": [10.0, 27.0, 19.0], "international_T20_lifetime_runs": 42.0, "international_T20_lifetime_wickets": 7.0, "international_T20_lifetime_balls played": 30.0, "international_T20_lifetime_overs": 29.333333333333332, "international_T20_lifetime_runs gave": 186.0}