{"played_against": {"0cc343b0": {"runs": 12, "balls": 17, "wickets": 0}, "a7c7802a": {"runs": 13, "balls": 11, "wickets": 0}, "21bf71ab": {"runs": 11, "balls": 11, "wickets": 0}, "65a05fe6": {"runs": 0, "balls": 3, "wickets": 0}, "9de271ef": {"runs": 12, "balls": 28, "wickets": 0}, "df08c69e": {"runs": 6, "balls": 8, "wickets": 0}, "fa463154": {"runs": 0, "balls": 1, "wickets": 1}, "8fd1a8f5": {"runs": 27, "balls": 38, "wickets": 0}, "88fccd6c": {"runs": 31, "balls": 53, "wickets": 1}, "d1c94b25": {"runs": 43, "balls": 49, "wickets": 1}, "5bb5a915": {"runs": 9, "balls": 26, "wickets": 0}, "7c503806": {"runs": 3, "balls": 10, "wickets": 1}, "20a941bb": {"runs": 9, "balls": 11, "wickets": 0}, "2503e881": {"runs": 12, "balls": 16, "wickets": 0}, "bcce309e": {"runs": 40, "balls": 53, "wickets": 2}, "11ce1151": {"runs": 20, "balls": 23, "wickets": 0}, "b2ae53f5": {"runs": 12, "balls": 34, "wickets": 0}, "4ba44e19": {"runs": 9, "balls": 22, "wickets": 0}, "469ea22b": {"runs": 22, "balls": 21, "wickets": 0}, "a3bfec5d": {"runs": 7, "balls": 11, "wickets": 0}, "dd09ff8e": {"runs": 8, "balls": 8, "wickets": 2}, "f5180fe6": {"runs": 3, "balls": 4, "wickets": 0}, "fc14c2bb": {"runs": 1, "balls": 1, "wickets": 0}, "64d43928": {"runs": 11, "balls": 25, "wickets": 1}, "43b375d4": {"runs": 14, "balls": 17, "wickets": 0}, "16dfcc19": {"runs": 7, "balls": 16, "wickets": 0}, "64c34cd0": {"runs": 1, "balls": 4, "wickets": 1}, "7fb32e5b": {"runs": 5, "balls": 14, "wickets": 0}, "7d7ab238": {"runs": 9, "balls": 21, "wickets": 1}}, "fifties": 3, "thirties": 4, "centuries": 0, "maidens": 0.0, "hattricks": 0, "runs": 357.0, "wickets": 0.0, "club_ODI_previous3_runs": [], "club_ODI_previous3_wickets": [], "club_ODI_previous3_balls played": [], "club_ODI_previous3_overs": [], "club_ODI_previous3_runs gave": [], "club_ODI_lifetime_runs": 0.0, "club_ODI_lifetime_wickets": 0.0, "club_ODI_lifetime_balls played": 0.0, "club_ODI_lifetime_overs": 0.0, "club_ODI_lifetime_runs gave": 0.0, "club_Test_previous3_runs": [], "club_Test_previous3_wickets": [], "club_Test_previous3_balls played": [], "club_Test_previous3_overs": [], "club_Test_previous3_runs gave": [], "club_Test_lifetime_runs": 0.0, "club_Test_lifetime_wickets": 0.0, "club_Test_lifetime_balls played": 0.0, "club_Test_lifetime_overs": 0.0, "club_Test_lifetime_runs gave": 0.0, "club_T20_previous3_runs": [], "club_T20_previous3_wickets": [], "club_T20_previous3_balls played": [], "club_T20_previous3_overs": [], "club_T20_previous3_runs gave": [], "club_T20_lifetime_runs": 0.0, "club_T20_lifetime_wickets": 0.0, "club_T20_lifetime_balls played": 0.0, "club_T20_lifetime_overs": 0.0, "club_T20_lifetime_runs gave": 0.0, "international_ODI_previous3_runs": [33.0, 0.0, 14.0], "international_ODI_previous3_wickets": [0.0, 0.0, 0.0], "international_ODI_previous3_balls played": [54.0, 11.0, 35.0], "international_ODI_previous3_overs": [0.0, 0.0, 0.0], "international_ODI_previous3_runs gave": [0.0, 0.0, 0.0], "international_ODI_lifetime_runs": 281.0, "international_ODI_lifetime_wickets": 0.0, "international_ODI_lifetime_balls played": 436.0, "international_ODI_lifetime_overs": 7.0, "international_ODI_lifetime_runs gave": 30.0, "international_Test_previous3_runs": [57.0, 19.0], "international_Test_previous3_wickets": [0.0, 0.0], "international_Test_previous3_balls played": [101.0, 24.0], "international_Test_previous3_overs": [0.0, 0.0], "international_Test_previous3_runs gave": [0.0, 0.0], "international_Test_lifetime_runs": 76.0, "international_Test_lifetime_wickets": 0.0, "international_Test_lifetime_balls played": 125.0, "international_Test_lifetime_overs": 0.0, "international_Test_lifetime_runs gave": 0.0, "international_T20_previous3_runs": [], "international_T20_previous3_wickets": [], "international_T20_previous3_balls played": [], "international_T20_previous3_overs": [], "international_T20_previous3_runs gave": [], "international_T20_lifetime_runs": 0.0, "international_T20_lifetime_wickets": 0.0, "international_T20_lifetime_balls played": 0.0, "international_T20_lifetime_overs": 0.0, "international_T20_lifetime_runs gave": 0.0}