{"played_against": {"cfe70281": {"runs": 12, "balls": 20, "wickets": 2}, "b56dc5f7": {"runs": 0, "balls": 1, "wickets": 0}, "4aad78d3": {"runs": 4, "balls": 3, "wickets": 0}, "a9da7784": {"runs": 3, "balls": 5, "wickets": 0}, "26d9937d": {"runs": 1, "balls": 1, "wickets": 0}, "8b248d88": {"runs": 9, "balls": 6, "wickets": 0}, "7ec9711d": {"runs": 3, "balls": 4, "wickets": 1}, "4bb02ef1": {"runs": 2, "balls": 3, "wickets": 0}, "d12143bf": {"runs": 34, "balls": 85, "wickets": 2}, "eba6a852": {"runs": 40, "balls": 64, "wickets": 0}, "4c5d73db": {"runs": 28, "balls": 47, "wickets": 1}, "bb351c23": {"runs": 13, "balls": 37, "wickets": 0}, "e087956b": {"runs": 28, "balls": 61, "wickets": 0}, "13c35c9e": {"runs": 44, "balls": 84, "wickets": 2}, "a818c1be": {"runs": 17, "balls": 77, "wickets": 2}, "2e9fdf9b": {"runs": 18, "balls": 40, "wickets": 1}, "e4a0deae": {"runs": 4, "balls": 10, "wickets": 0}, "78adc879": {"runs": 11, "balls": 38, "wickets": 0}, "3fb19989": {"runs": 43, "balls": 129, "wickets": 4}, "03806cf8": {"runs": 45, "balls": 124, "wickets": 0}, "bd93fea4": {"runs": 1, "balls": 24, "wickets": 1}, "f048bb41": {"runs": 8, "balls": 19, "wickets": 0}, "bc773eeb": {"runs": 49, "balls": 90, "wickets": 0}, "96a6a7ad": {"runs": 28, "balls": 48, "wickets": 0}, "dcce6f09": {"runs": 5, "balls": 4, "wickets": 0}, "2f28dc94": {"runs": 47, "balls": 120, "wickets": 3}, "2af838ee": {"runs": 46, "balls": 93, "wickets": 0}, "896d78ad": {"runs": 12, "balls": 37, "wickets": 0}, "327b58d3": {"runs": 49, "balls": 51, "wickets": 1}, "d2fcce2f": {"runs": 39, "balls": 71, "wickets": 0}, "7d608e12": {"runs": 11, "balls": 14, "wickets": 0}, "4751caa3": {"runs": 12, "balls": 9, "wickets": 0}, "f5821615": {"runs": 12, "balls": 23, "wickets": 0}, "94d7f855": {"runs": 3, "balls": 11, "wickets": 0}, "6c79c098": {"runs": 33, "balls": 86, "wickets": 0}, "85ebf2be": {"runs": 11, "balls": 27, "wickets": 0}, "5fed6272": {"runs": 37, "balls": 44, "wickets": 2}, "5b3acc53": {"runs": 14, "balls": 17, "wickets": 1}, "b2fe023a": {"runs": 8, "balls": 12, "wickets": 0}, "a7e8ff19": {"runs": 10, "balls": 14, "wickets": 0}, "6c908ffc": {"runs": 17, "balls": 8, "wickets": 0}, "8728a058": {"runs": 13, "balls": 19, "wickets": 0}, "fb396280": {"runs": 9, "balls": 6, "wickets": 0}, "e0ac7144": {"runs": 8, "balls": 7, "wickets": 0}, "0c5bb005": {"runs": 1, "balls": 2, "wickets": 1}, "58043739": {"runs": 22, "balls": 27, "wickets": 0}, "8f2dfebf": {"runs": 23, "balls": 21, "wickets": 0}, "249d60c9": {"runs": 14, "balls": 16, "wickets": 0}, "b21ed464": {"runs": 5, "balls": 5, "wickets": 0}, "a4b810d0": {"runs": 22, "balls": 29, "wickets": 0}, "5fcb6fb1": {"runs": 20, "balls": 16, "wickets": 1}, "aeab0d4f": {"runs": 17, "balls": 35, "wickets": 0}, "fe5b4367": {"runs": 11, "balls": 12, "wickets": 0}, "79c7041c": {"runs": 21, "balls": 40, "wickets": 0}, "eb1a5b03": {"runs": 13, "balls": 18, "wickets": 1}, "14373322": {"runs": 17, "balls": 17, "wickets": 0}, "e871a7a1": {"runs": 24, "balls": 48, "wickets": 1}, "402f8494": {"runs": 4, "balls": 5, "wickets": 0}, "59792462": {"runs": 5, "balls": 5, "wickets": 0}, "5574750c": {"runs": 30, "balls": 38, "wickets": 0}, "aa8d28ae": {"runs": 5, "balls": 13, "wickets": 0}, "ffe699c0": {"runs": 4, "balls": 16, "wickets": 0}, "d4eef961": {"runs": 26, "balls": 61, "wickets": 2}, "d99cc23a": {"runs": 0, "balls": 9, "wickets": 0}, "7955eb15": {"runs": 18, "balls": 28, "wickets": 1}, "5239d782": {"runs": 9, "balls": 23, "wickets": 0}, "2a0d5d4a": {"runs": 7, "balls": 5, "wickets": 0}, "e22d3b5c": {"runs": 11, "balls": 6, "wickets": 0}, "e9d5218e": {"runs": 30, "balls": 73, "wickets": 0}, "bca21d18": {"runs": 26, "balls": 39, "wickets": 0}, "15101f12": {"runs": 8, "balls": 15, "wickets": 1}, "cd882d22": {"runs": 5, "balls": 7, "wickets": 0}, "5e6d1a54": {"runs": 22, "balls": 28, "wickets": 0}, "5da34add": {"runs": 17, "balls": 12, "wickets": 0}, "1a45b864": {"runs": 28, "balls": 17, "wickets": 0}, "450f6fa6": {"runs": 17, "balls": 12, "wickets": 0}, "2f9d0389": {"runs": 9, "balls": 28, "wickets": 0}, "d68e7f48": {"runs": 3, "balls": 24, "wickets": 1}, "b16cf2ec": {"runs": 2, "balls": 9, "wickets": 1}, "867a45a7": {"runs": 20, "balls": 24, "wickets": 0}, "ed12fcd7": {"runs": 2, "balls": 9, "wickets": 0}, "aa1210d8": {"runs": 7, "balls": 7, "wickets": 0}}, "fifties": 6, "thirties": 4, "centuries": 5, "maidens": 0.0, "hattricks": 0, "runs": 1366.0, "wickets": 0.0, "club_ODI_previous3_runs": [67.0, 15.0, 8.0], "club_ODI_previous3_wickets": [0.0, 0.0, 0.0], "club_ODI_previous3_balls played": [81.0, 21.0, 14.0], "club_ODI_previous3_overs": [0.0, 0.0, 0.0], "club_ODI_previous3_runs gave": [0.0, 0.0, 0.0], "club_ODI_lifetime_runs": 274.0, "club_ODI_lifetime_wickets": 0.0, "club_ODI_lifetime_balls played": 313.0, "club_ODI_lifetime_overs": 0.0, "club_ODI_lifetime_runs gave": 0.0, "club_Test_previous3_runs": [14.0, 31.0, 41.0], "club_Test_previous3_wickets": [0.0, 0.0, 0.0], "club_Test_previous3_balls played": [62.0, 62.0, 82.0], "club_Test_previous3_overs": [0.0, 0.0, 0.0], "club_Test_previous3_runs gave": [0.0, 0.0, 0.0], "club_Test_lifetime_runs": 432.0, "club_Test_lifetime_wickets": 0.0, "club_Test_lifetime_balls played": 766.0, "club_Test_lifetime_overs": 1.0, "club_Test_lifetime_runs gave": 16.0, "club_T20_previous3_runs": [6.0, 22.0], "club_T20_previous3_wickets": [0.0, 0.0], "club_T20_previous3_balls played": [9.0, 22.0], "club_T20_previous3_overs": [0.0, 0.0], "club_T20_previous3_runs gave": [0.0, 0.0], "club_T20_lifetime_runs": 28.0, "club_T20_lifetime_wickets": 0.0, "club_T20_lifetime_balls played": 31.0, "club_T20_lifetime_overs": 0.0, "club_T20_lifetime_runs gave": 0.0, "international_ODI_previous3_runs": [], "international_ODI_previous3_wickets": [], "international_ODI_previous3_balls played": [], "international_ODI_previous3_overs": [], "international_ODI_previous3_runs gave": [], "international_ODI_lifetime_runs": 0.0, "international_ODI_lifetime_wickets": 0.0, "international_ODI_lifetime_balls played": 0.0, "international_ODI_lifetime_overs": 0.0, "international_ODI_lifetime_runs gave": 0.0, "international_Test_previous3_runs": [10.0, 3.0, 14.0], "international_Test_previous3_wickets": [0.0, 0.0, 0.0], "international_Test_previous3_balls played": [41.0, 33.0, 32.0], "international_Test_previous3_overs": [0.0, 0.0, 0.0], "international_Test_previous3_runs gave": [0.0, 0.0, 0.0], "international_Test_lifetime_runs": 632.0, "international_Test_lifetime_wickets": 0.0, "international_Test_lifetime_balls played": 1396.0, "international_Test_lifetime_overs": 2.0, "international_Test_lifetime_runs gave": 16.0, "international_T20_previous3_runs": [], "international_T20_previous3_wickets": [], "international_T20_previous3_balls played": [], "international_T20_previous3_overs": [], "international_T20_previous3_runs gave": [], "international_T20_lifetime_runs": 0.0, "international_T20_lifetime_wickets": 0.0, "international_T20_lifetime_balls played": 0.0, "international_T20_lifetime_overs": 0.0, "international_T20_lifetime_runs gave": 0.0}