{"played_against": {"1a2676c5": {"runs": 2, "balls": 14, "wickets": 0}, "96824e68": {"runs": 6, "balls": 25, "wickets": 0}, "83c3e8e3": {"runs": 3, "balls": 6, "wickets": 0}, "ab21795b": {"runs": 3, "balls": 13, "wickets": 0}, "38c276e1": {"runs": 0, "balls": 1, "wickets": 0}, "82a50491": {"runs": 8, "balls": 13, "wickets": 0}, "56b93d46": {"runs": 10, "balls": 13, "wickets": 0}, "912f472c": {"runs": 11, "balls": 16, "wickets": 1}}, "fifties": 0, "thirties": 0, "centuries": 0, "maidens": 5.0, "hattricks": 1, "runs": 43.0, "wickets": 5.0, "club_ODI_previous3_runs": [], "club_ODI_previous3_wickets": [], "club_ODI_previous3_balls played": [], "club_ODI_previous3_overs": [], "club_ODI_previous3_runs gave": [], "club_ODI_lifetime_runs": 0.0, "club_ODI_lifetime_wickets": 0.0, "club_ODI_lifetime_balls played": 0.0, "club_ODI_lifetime_overs": 0.0, "club_ODI_lifetime_runs gave": 0.0, "club_Test_previous3_runs": [8.0, 6.0, 29.0], "club_Test_previous3_wickets": [4.0, 1.0, 0.0], "club_Test_previous3_balls played": [39.0, 20.0, 42.0], "club_Test_previous3_overs": [26.666666666666668, 16.0, 40.0], "club_Test_previous3_runs gave": [120.0, 57.0, 130.0], "club_Test_lifetime_runs": 43.0, "club_Test_lifetime_wickets": 5.0, "club_Test_lifetime_balls played": 101.0, "club_Test_lifetime_overs": 82.66666666666667, "club_Test_lifetime_runs gave": 307.0, "club_T20_previous3_runs": [], "club_T20_previous3_wickets": [], "club_T20_previous3_balls played": [], "club_T20_previous3_overs": [], "club_T20_previous3_runs gave": [], "club_T20_lifetime_runs": 0.0, "club_T20_lifetime_wickets": 0.0, "club_T20_lifetime_balls played": 0.0, "club_T20_lifetime_overs": 0.0, "club_T20_lifetime_runs gave": 0.0, "international_ODI_previous3_runs": [], "international_ODI_previous3_wickets": [], "international_ODI_previous3_balls played": [], "international_ODI_previous3_overs": [], "international_ODI_previous3_runs gave": [], "international_ODI_lifetime_runs": 0.0, "international_ODI_lifetime_wickets": 0.0, "international_ODI_lifetime_balls played": 0.0, "international_ODI_lifetime_overs": 0.0, "international_ODI_lifetime_runs gave": 0.0, "international_Test_previous3_runs": [], "international_Test_previous3_wickets": [], "international_Test_previous3_balls played": [], "international_Test_previous3_overs": [], "international_Test_previous3_runs gave": [], "international_Test_lifetime_runs": 0.0, "international_Test_lifetime_wickets": 0.0, "international_Test_lifetime_balls played": 0.0, "international_Test_lifetime_overs": 0.0, "international_Test_lifetime_runs gave": 0.0, "international_T20_previous3_runs": [], "international_T20_previous3_wickets": [], "international_T20_previous3_balls played": [], "international_T20_previous3_overs": [], "international_T20_previous3_runs gave": [], "international_T20_lifetime_runs": 0.0, "international_T20_lifetime_wickets": 0.0, "international_T20_lifetime_balls played": 0.0, "international_T20_lifetime_overs": 0.0, "international_T20_lifetime_runs gave": 0.0}