{"played_against": {"734062e6": {"runs": 10, "balls": 2, "wickets": 0}, "93fefdfa": {"runs": 2, "balls": 2, "wickets": 0}, "7c3c0337": {"runs": 6, "balls": 4, "wickets": 0}, "01ada0ed": {"runs": 4, "balls": 3, "wickets": 0}, "98ae73b1": {"runs": 2, "balls": 4, "wickets": 1}, "0af3426f": {"runs": 4, "balls": 3, "wickets": 0}, "bd17b45f": {"runs": 0, "balls": 1, "wickets": 1}, "2cffab74": {"runs": 3, "balls": 7, "wickets": 0}, "cee8a83d": {"runs": 14, "balls": 15, "wickets": 0}, "f9e6e7ef": {"runs": 7, "balls": 8, "wickets": 0}, "fdf7491e": {"runs": 5, "balls": 3, "wickets": 0}, "0a67aec0": {"runs": 3, "balls": 4, "wickets": 1}, "c7a995d3": {"runs": 2, "balls": 3, "wickets": 0}, "b9671119": {"runs": 1, "balls": 2, "wickets": 0}, "e2db2409": {"runs": 1, "balls": 2, "wickets": 1}, "35dee2d1": {"runs": 0, "balls": 2, "wickets": 0}, "9d80c5e1": {"runs": 2, "balls": 3, "wickets": 0}}, "fifties": 0, "thirties": 1, "centuries": 0, "maidens": 0.0, "hattricks": 0, "runs": 66.0, "wickets": 3.0, "club_ODI_previous3_runs": [], "club_ODI_previous3_wickets": [], "club_ODI_previous3_balls played": [], "club_ODI_previous3_overs": [], "club_ODI_previous3_runs gave": [], "club_ODI_lifetime_runs": 0.0, "club_ODI_lifetime_wickets": 0.0, "club_ODI_lifetime_balls played": 0.0, "club_ODI_lifetime_overs": 0.0, "club_ODI_lifetime_runs gave": 0.0, "club_Test_previous3_runs": [], "club_Test_previous3_wickets": [], "club_Test_previous3_balls played": [], "club_Test_previous3_overs": [], "club_Test_previous3_runs gave": [], "club_Test_lifetime_runs": 0.0, "club_Test_lifetime_wickets": 0.0, "club_Test_lifetime_balls played": 0.0, "club_Test_lifetime_overs": 0.0, "club_Test_lifetime_runs gave": 0.0, "club_T20_previous3_runs": [32.0, 4.0, 2.0], "club_T20_previous3_wickets": [0.0, 1.0, 0.0], "club_T20_previous3_balls played": [39.0, 7.0, 5.0], "club_T20_previous3_overs": [0.0, 2.0, 2.0], "club_T20_previous3_runs gave": [0.0, 17.0, 24.0], "club_T20_lifetime_runs": 66.0, "club_T20_lifetime_wickets": 3.0, "club_T20_lifetime_balls played": 70.0, "club_T20_lifetime_overs": 14.0, "club_T20_lifetime_runs gave": 123.0, "international_ODI_previous3_runs": [], "international_ODI_previous3_wickets": [], "international_ODI_previous3_balls played": [], "international_ODI_previous3_overs": [], "international_ODI_previous3_runs gave": [], "international_ODI_lifetime_runs": 0.0, "international_ODI_lifetime_wickets": 0.0, "international_ODI_lifetime_balls played": 0.0, "international_ODI_lifetime_overs": 0.0, "international_ODI_lifetime_runs gave": 0.0, "international_Test_previous3_runs": [], "international_Test_previous3_wickets": [], "international_Test_previous3_balls played": [], "international_Test_previous3_overs": [], "international_Test_previous3_runs gave": [], "international_Test_lifetime_runs": 0.0, "international_Test_lifetime_wickets": 0.0, "international_Test_lifetime_balls played": 0.0, "international_Test_lifetime_overs": 0.0, "international_Test_lifetime_runs gave": 0.0, "international_T20_previous3_runs": [], "international_T20_previous3_wickets": [], "international_T20_previous3_balls played": [], "international_T20_previous3_overs": [], "international_T20_previous3_runs gave": [], "international_T20_lifetime_runs": 0.0, "international_T20_lifetime_wickets": 0.0, "international_T20_lifetime_balls played": 0.0, "international_T20_lifetime_overs": 0.0, "international_T20_lifetime_runs gave": 0.0}