{"played_against": {"06c2de82": {"runs": 9, "balls": 14, "wickets": 1}, "e9987a94": {"runs": 3, "balls": 15, "wickets": 0}, "b552a935": {"runs": 2, "balls": 18, "wickets": 0}, "808f425a": {"runs": 7, "balls": 3, "wickets": 1}, "94eac556": {"runs": 0, "balls": 2, "wickets": 0}, "4c0f3806": {"runs": 4, "balls": 3, "wickets": 0}, "f54dbda7": {"runs": 7, "balls": 4, "wickets": 1}, "a4b810d0": {"runs": 11, "balls": 3, "wickets": 0}, "2a2e6343": {"runs": 0, "balls": 5, "wickets": 0}, "e423d162": {"runs": 1, "balls": 6, "wickets": 0}, "e412cb64": {"runs": 8, "balls": 4, "wickets": 0}, "58043739": {"runs": 0, "balls": 1, "wickets": 1}, "fd8a9b23": {"runs": 1, "balls": 1, "wickets": 0}, "cd143bca": {"runs": 6, "balls": 5, "wickets": 0}, "e84ac20c": {"runs": 0, "balls": 1, "wickets": 1}, "02b93a83": {"runs": 1, "balls": 1, "wickets": 0}, "5239d782": {"runs": 3, "balls": 3, "wickets": 0}, "0f6db197": {"runs": 0, "balls": 1, "wickets": 1}}, "fifties": 0, "thirties": 0, "centuries": 0, "maidens": 2.0, "hattricks": 6, "runs": 63.0, "wickets": 54.0, "club_ODI_previous3_runs": [0.0, 1.0, 0.0], "club_ODI_previous3_wickets": [2.0, 2.0, 0.0], "club_ODI_previous3_balls played": [0.0, 1.0, 0.0], "club_ODI_previous3_overs": [9.0, 8.666666666666666, 8.0], "club_ODI_previous3_runs gave": [59.0, 49.0, 37.0], "club_ODI_lifetime_runs": 10.0, "club_ODI_lifetime_wickets": 13.0, "club_ODI_lifetime_balls played": 19.0, "club_ODI_lifetime_overs": 71.66666666666666, "club_ODI_lifetime_runs gave": 414.0, "club_Test_previous3_runs": [14.0, 0.0], "club_Test_previous3_wickets": [4.0, 2.0], "club_Test_previous3_balls played": [46.0, 0.0], "club_Test_previous3_overs": [23.333333333333336, 15.0], "club_Test_previous3_runs gave": [85.0, 45.0], "club_Test_lifetime_runs": 14.0, "club_Test_lifetime_wickets": 6.0, "club_Test_lifetime_balls played": 46.0, "club_Test_lifetime_overs": 38.333333333333336, "club_Test_lifetime_runs gave": 130.0, "club_T20_previous3_runs": [0.0, 7.0, 3.0], "club_T20_previous3_wickets": [1.0, 1.0, 1.0], "club_T20_previous3_balls played": [1.0, 7.0, 4.0], "club_T20_previous3_overs": [3.8333333333333335, 4.0, 2.8333333333333335], "club_T20_previous3_runs gave": [29.0, 38.0, 21.0], "club_T20_lifetime_runs": 39.0, "club_T20_lifetime_wickets": 35.0, "club_T20_lifetime_balls played": 28.0, "club_T20_lifetime_overs": 88.49999999999999, "club_T20_lifetime_runs gave": 778.0, "international_ODI_previous3_runs": [], "international_ODI_previous3_wickets": [], "international_ODI_previous3_balls played": [], "international_ODI_previous3_overs": [], "international_ODI_previous3_runs gave": [], "international_ODI_lifetime_runs": 0.0, "international_ODI_lifetime_wickets": 0.0, "international_ODI_lifetime_balls played": 0.0, "international_ODI_lifetime_overs": 0.0, "international_ODI_lifetime_runs gave": 0.0, "international_Test_previous3_runs": [], "international_Test_previous3_wickets": [], "international_Test_previous3_balls played": [], "international_Test_previous3_overs": [], "international_Test_previous3_runs gave": [], "international_Test_lifetime_runs": 0.0, "international_Test_lifetime_wickets": 0.0, "international_Test_lifetime_balls played": 0.0, "international_Test_lifetime_overs": 0.0, "international_Test_lifetime_runs gave": 0.0, "international_T20_previous3_runs": [], "international_T20_previous3_wickets": [], "international_T20_previous3_balls played": [], "international_T20_previous3_overs": [], "international_T20_previous3_runs gave": [], "international_T20_lifetime_runs": 0.0, "international_T20_lifetime_wickets": 0.0, "international_T20_lifetime_balls played": 0.0, "international_T20_lifetime_overs": 0.0, "international_T20_lifetime_runs gave": 0.0}