{"played_against": {"d7c6af50": {"runs": 23, "balls": 87, "wickets": 0}, "3eac9d95": {"runs": 14, "balls": 35, "wickets": 3}, "7ff3fcaa": {"runs": 4, "balls": 32, "wickets": 1}, "0c8a1d51": {"runs": 3, "balls": 22, "wickets": 0}, "2cfa6534": {"runs": 2, "balls": 8, "wickets": 0}, "bb1819fa": {"runs": 1, "balls": 3, "wickets": 0}, "fa463154": {"runs": 12, "balls": 9, "wickets": 0}, "91a4a398": {"runs": 14, "balls": 12, "wickets": 0}, "469ea22b": {"runs": 44, "balls": 67, "wickets": 4}, "dc0f5506": {"runs": 0, "balls": 2, "wickets": 1}, "c16d2e28": {"runs": 3, "balls": 11, "wickets": 1}, "5a37ec26": {"runs": 31, "balls": 78, "wickets": 0}, "e97aefe2": {"runs": 13, "balls": 26, "wickets": 2}, "cf73ad76": {"runs": 9, "balls": 12, "wickets": 0}, "7fb32e5b": {"runs": 18, "balls": 18, "wickets": 2}, "d1c94b25": {"runs": 16, "balls": 28, "wickets": 1}, "2503e881": {"runs": 6, "balls": 10, "wickets": 0}, "db584dad": {"runs": 0, "balls": 4, "wickets": 0}, "77079be1": {"runs": 9, "balls": 6, "wickets": 0}, "4180d897": {"runs": 15, "balls": 20, "wickets": 1}, "87b177e8": {"runs": 2, "balls": 12, "wickets": 0}, "87e562a9": {"runs": 0, "balls": 1, "wickets": 1}, "c942a53b": {"runs": 1, "balls": 7, "wickets": 1}, "e01895bb": {"runs": 0, "balls": 6, "wickets": 0}, "da785bf8": {"runs": 4, "balls": 1, "wickets": 0}, "49691d7a": {"runs": 5, "balls": 3, "wickets": 0}, "d2babdd5": {"runs": 1, "balls": 2, "wickets": 1}, "c3d1402f": {"runs": 0, "balls": 1, "wickets": 1}, "fd093ca9": {"runs": 13, "balls": 42, "wickets": 0}, "86dc8f2e": {"runs": 14, "balls": 17, "wickets": 0}, "8fd1a8f5": {"runs": 35, "balls": 55, "wickets": 3}, "20a941bb": {"runs": 0, "balls": 1, "wickets": 0}, "c3d35165": {"runs": 13, "balls": 5, "wickets": 0}, "7c503806": {"runs": 14, "balls": 14, "wickets": 1}, "8b5b6769": {"runs": 1, "balls": 1, "wickets": 0}, "090f9211": {"runs": 9, "balls": 8, "wickets": 0}, "3d7e087f": {"runs": 1, "balls": 1, "wickets": 0}, "64d43928": {"runs": 7, "balls": 4, "wickets": 1}, "e938e1bc": {"runs": 6, "balls": 1, "wickets": 0}, "4329fbb5": {"runs": 7, "balls": 23, "wickets": 2}, "2498e163": {"runs": 18, "balls": 8, "wickets": 0}, "98ae73b1": {"runs": 8, "balls": 6, "wickets": 0}, "6b8eb6e5": {"runs": 11, "balls": 4, "wickets": 0}, "034b4b7d": {"runs": 0, "balls": 1, "wickets": 1}, "888e32bf": {"runs": 2, "balls": 5, "wickets": 0}, "1c914163": {"runs": 0, "balls": 5, "wickets": 1}, "b3b4dc7d": {"runs": 3, "balls": 5, "wickets": 0}, "5c124657": {"runs": 5, "balls": 4, "wickets": 1}, "ea0cdc12": {"runs": 7, "balls": 23, "wickets": 2}, "441b1b20": {"runs": 3, "balls": 5, "wickets": 0}, "83904270": {"runs": 7, "balls": 3, "wickets": 1}, "4ba44e19": {"runs": 17, "balls": 26, "wickets": 0}, "b2ae53f5": {"runs": 26, "balls": 36, "wickets": 0}, "ab89348d": {"runs": 1, "balls": 1, "wickets": 0}, "bd77eb62": {"runs": 6, "balls": 9, "wickets": 1}, "4c61a0f9": {"runs": 5, "balls": 7, "wickets": 0}, "b2a79f17": {"runs": 1, "balls": 5, "wickets": 0}, "a3bfec5d": {"runs": 0, "balls": 1, "wickets": 1}, "d12143bf": {"runs": 57, "balls": 85, "wickets": 4}, "d2fcce2f": {"runs": 35, "balls": 84, "wickets": 3}, "bcce309e": {"runs": 12, "balls": 12, "wickets": 0}, "f233bbb4": {"runs": 4, "balls": 7, "wickets": 0}, "a12e1d51": {"runs": 28, "balls": 30, "wickets": 4}, "896d78ad": {"runs": 15, "balls": 18, "wickets": 1}, "5bb1a1c4": {"runs": 10, "balls": 11, "wickets": 4}, "b68a30f0": {"runs": 5, "balls": 6, "wickets": 1}, "13c35c9e": {"runs": 29, "balls": 44, "wickets": 0}, "4f629497": {"runs": 6, "balls": 7, "wickets": 0}, "78f34e15": {"runs": 8, "balls": 26, "wickets": 3}, "05e0fab5": {"runs": 19, "balls": 26, "wickets": 1}, "43936951": {"runs": 22, "balls": 32, "wickets": 2}, "45c2196c": {"runs": 18, "balls": 38, "wickets": 1}, "f5180fe6": {"runs": 3, "balls": 13, "wickets": 0}, "8ea6e670": {"runs": 23, "balls": 26, "wickets": 2}, "fdedb37c": {"runs": 9, "balls": 10, "wickets": 0}, "bd93fea4": {"runs": 5, "balls": 12, "wickets": 0}, "f842c2cf": {"runs": 0, "balls": 3, "wickets": 0}, "94eac556": {"runs": 1, "balls": 2, "wickets": 0}, "12eddf28": {"runs": 0, "balls": 2, "wickets": 1}, "30a45b23": {"runs": 8, "balls": 11, "wickets": 1}, "c404f58a": {"runs": 10, "balls": 10, "wickets": 1}, "9dca07d7": {"runs": 7, "balls": 8, "wickets": 1}, "addfb70e": {"runs": 2, "balls": 2, "wickets": 0}, "3540beff": {"runs": 0, "balls": 1, "wickets": 1}, "99464591": {"runs": 1, "balls": 2, "wickets": 0}, "eba6a852": {"runs": 52, "balls": 71, "wickets": 1}, "ccdd8308": {"runs": 49, "balls": 22, "wickets": 1}, "221ad9d9": {"runs": 21, "balls": 60, "wickets": 0}, "58043739": {"runs": 14, "balls": 15, "wickets": 2}, "a386e91b": {"runs": 4, "balls": 3, "wickets": 0}, "5bb5a915": {"runs": 8, "balls": 21, "wickets": 1}, "12bffe91": {"runs": 2, "balls": 3, "wickets": 1}, "dec8e038": {"runs": 0, "balls": 1, "wickets": 1}, "57efa3be": {"runs": 6, "balls": 10, "wickets": 0}, "350bb1b1": {"runs": 5, "balls": 4, "wickets": 0}, "5673a3fc": {"runs": 19, "balls": 16, "wickets": 1}, "a5ac694f": {"runs": 11, "balls": 4, "wickets": 0}, "94238673": {"runs": 0, "balls": 1, "wickets": 1}, "3a026eb4": {"runs": 0, "balls": 1, "wickets": 0}, "7839bf3a": {"runs": 2, "balls": 3, "wickets": 0}, "96fd40ae": {"runs": 0, "balls": 1, "wickets": 0}, "7a80ddf2": {"runs": 5, "balls": 5, "wickets": 0}, "d68e7f48": {"runs": 0, "balls": 2, "wickets": 1}, "c03c6200": {"runs": 1, "balls": 3, "wickets": 0}, "dd37da14": {"runs": 3, "balls": 11, "wickets": 0}, "0f12f9df": {"runs": 9, "balls": 13, "wickets": 0}, "342d8ade": {"runs": 3, "balls": 12, "wickets": 0}, "1a8eebbe": {"runs": 10, "balls": 4, "wickets": 0}, "bf1d7d3e": {"runs": 0, "balls": 1, "wickets": 1}, "7dc35884": {"runs": 8, "balls": 19, "wickets": 1}, "6eea0b32": {"runs": 2, "balls": 4, "wickets": 0}, "817c1746": {"runs": 2, "balls": 8, "wickets": 0}, "d876610c": {"runs": 1, "balls": 3, "wickets": 0}, "18fac429": {"runs": 12, "balls": 9, "wickets": 0}, "7ca5e05d": {"runs": 0, "balls": 1, "wickets": 0}, "e186f49c": {"runs": 25, "balls": 12, "wickets": 2}, "66b30f71": {"runs": 1, "balls": 3, "wickets": 0}, "4c4fa80b": {"runs": 3, "balls": 6, "wickets": 0}, "f5f18a18": {"runs": 4, "balls": 21, "wickets": 2}, "f708a0bc": {"runs": 1, "balls": 3, "wickets": 0}, "b681e71e": {"runs": 2, "balls": 3, "wickets": 0}, "495d42a5": {"runs": 3, "balls": 9, "wickets": 0}, "b2b50355": {"runs": 6, "balls": 3, "wickets": 1}, "fe93fd9d": {"runs": 8, "balls": 18, "wickets": 0}, "2e81a32d": {"runs": 13, "balls": 9, "wickets": 1}, "8cf9814c": {"runs": 10, "balls": 14, "wickets": 0}, "cfe70281": {"runs": 9, "balls": 21, "wickets": 2}, "7955eb15": {"runs": 1, "balls": 4, "wickets": 1}, "a9da7784": {"runs": 0, "balls": 1, "wickets": 1}, "2f28dc94": {"runs": 5, "balls": 3, "wickets": 0}, "6b19d823": {"runs": 0, "balls": 2, "wickets": 0}, "9d430b40": {"runs": 1, "balls": 2, "wickets": 0}, "bbd41817": {"runs": 2, "balls": 3, "wickets": 0}, "531f0278": {"runs": 1, "balls": 2, "wickets": 1}, "1f7adc8a": {"runs": 0, "balls": 2, "wickets": 0}, "e84ac20c": {"runs": 1, "balls": 1, "wickets": 0}, "9fd3a210": {"runs": 0, "balls": 1, "wickets": 1}, "0dc00542": {"runs": 0, "balls": 1, "wickets": 0}, "574665e2": {"runs": 0, "balls": 1, "wickets": 1}, "ffe699c0": {"runs": 0, "balls": 1, "wickets": 0}, "9a963804": {"runs": 6, "balls": 2, "wickets": 0}, "2911de16": {"runs": 1, "balls": 1, "wickets": 0}, "b3118300": {"runs": 1, "balls": 2, "wickets": 1}, "c6a1b1bb": {"runs": 6, "balls": 1, "wickets": 0}, "68ddabdb": {"runs": 2, "balls": 2, "wickets": 0}, "bd4ea627": {"runs": 2, "balls": 3, "wickets": 1}}, "fifties": 1, "thirties": 8, "centuries": 0, "maidens": 262.0, "hattricks": 49, "runs": 1190.0, "wickets": 342.0, "club_ODI_previous3_runs": [], "club_ODI_previous3_wickets": [], "club_ODI_previous3_balls played": [], "club_ODI_previous3_overs": [], "club_ODI_previous3_runs gave": [], "club_ODI_lifetime_runs": 0.0, "club_ODI_lifetime_wickets": 0.0, "club_ODI_lifetime_balls played": 0.0, "club_ODI_lifetime_overs": 0.0, "club_ODI_lifetime_runs gave": 0.0, "club_Test_previous3_runs": [], "club_Test_previous3_wickets": [], "club_Test_previous3_balls played": [], "club_Test_previous3_overs": [], "club_Test_previous3_runs gave": [], "club_Test_lifetime_runs": 0.0, "club_Test_lifetime_wickets": 0.0, "club_Test_lifetime_balls played": 0.0, "club_Test_lifetime_overs": 0.0, "club_Test_lifetime_runs gave": 0.0, "club_T20_previous3_runs": [2.0, 0.0, 10.0], "club_T20_previous3_wickets": [0.0, 6.0, 2.0], "club_T20_previous3_balls played": [3.0, 0.0, 6.0], "club_T20_previous3_overs": [0.0, 4.0, 4.0], "club_T20_previous3_runs gave": [0.0, 24.0, 28.0], "club_T20_lifetime_runs": 51.0, "club_T20_lifetime_wickets": 22.0, "club_T20_lifetime_balls played": 31.0, "club_T20_lifetime_overs": 55.166666666666664, "club_T20_lifetime_runs gave": 470.0, "international_ODI_previous3_runs": [0.0, 6.0, 0.0], "international_ODI_previous3_wickets": [1.0, 1.0, 1.0], "international_ODI_previous3_balls played": [0.0, 3.0, 0.0], "international_ODI_previous3_overs": [6.0, 10.0, 10.0], "international_ODI_previous3_runs gave": [46.0, 40.0, 77.0], "international_ODI_lifetime_runs": 442.0, "international_ODI_lifetime_wickets": 138.0, "international_ODI_lifetime_balls played": 626.0, "international_ODI_lifetime_overs": 917.6666666666664, "international_ODI_lifetime_runs gave": 4957.0, "international_Test_previous3_runs": [7.0, 23.0, 0.0], "international_Test_previous3_wickets": [0.0, 4.0, 0.0], "international_Test_previous3_balls played": [25.0, 45.0, 10.0], "international_Test_previous3_overs": [30.833333333333332, 33.0, 28.0], "international_Test_previous3_runs gave": [138.0, 118.0, 124.0], "international_Test_lifetime_runs": 532.0, "international_Test_lifetime_wickets": 109.0, "international_Test_lifetime_balls played": 1078.0, "international_Test_lifetime_overs": 1386.1666666666663, "international_Test_lifetime_runs gave": 4964.0, "international_T20_previous3_runs": [0.0, 1.0, 0.0], "international_T20_previous3_wickets": [1.0, 2.0, 0.0], "international_T20_previous3_balls played": [0.0, 1.0, 0.0], "international_T20_previous3_overs": [2.0, 4.0, 2.0], "international_T20_previous3_runs gave": [23.0, 38.0, 19.0], "international_T20_lifetime_runs": 165.0, "international_T20_lifetime_wickets": 73.0, "international_T20_lifetime_balls played": 154.0, "international_T20_lifetime_overs": 192.50000000000003, "international_T20_lifetime_runs gave": 1477.0}