{"played_against": {"8c712051": {"runs": 6, "balls": 5, "wickets": 0}, "781f1a40": {"runs": 1, "balls": 8, "wickets": 0}, "40d1b7bd": {"runs": 0, "balls": 10, "wickets": 1}, "1b3f7dbb": {"runs": 0, "balls": 1, "wickets": 0}, "4cf05de9": {"runs": 5, "balls": 8, "wickets": 1}, "fa9fdefa": {"runs": 0, "balls": 0, "wickets": 0}, "cca8bdca": {"runs": 5, "balls": 9, "wickets": 0}, "a4f1fdd4": {"runs": 2, "balls": 9, "wickets": 0}, "bc44071a": {"runs": 0, "balls": 7, "wickets": 0}, "abba64cd": {"runs": 3, "balls": 7, "wickets": 0}, "7ec52f4a": {"runs": 0, "balls": 3, "wickets": 1}, "c1a0cebe": {"runs": 0, "balls": 1, "wickets": 0}}, "fifties": 0, "thirties": 0, "centuries": 0, "maidens": 0.0, "hattricks": 0, "runs": 22.0, "wickets": 2.0, "club_ODI_previous3_runs": [], "club_ODI_previous3_wickets": [], "club_ODI_previous3_balls played": [], "club_ODI_previous3_overs": [], "club_ODI_previous3_runs gave": [], "club_ODI_lifetime_runs": 0.0, "club_ODI_lifetime_wickets": 0.0, "club_ODI_lifetime_balls played": 0.0, "club_ODI_lifetime_overs": 0.0, "club_ODI_lifetime_runs gave": 0.0, "club_Test_previous3_runs": [], "club_Test_previous3_wickets": [], "club_Test_previous3_balls played": [], "club_Test_previous3_overs": [], "club_Test_previous3_runs gave": [], "club_Test_lifetime_runs": 0.0, "club_Test_lifetime_wickets": 0.0, "club_Test_lifetime_balls played": 0.0, "club_Test_lifetime_overs": 0.0, "club_Test_lifetime_runs gave": 0.0, "club_T20_previous3_runs": [], "club_T20_previous3_wickets": [], "club_T20_previous3_balls played": [], "club_T20_previous3_overs": [], "club_T20_previous3_runs gave": [], "club_T20_lifetime_runs": 0.0, "club_T20_lifetime_wickets": 0.0, "club_T20_lifetime_balls played": 0.0, "club_T20_lifetime_overs": 0.0, "club_T20_lifetime_runs gave": 0.0, "international_ODI_previous3_runs": [], "international_ODI_previous3_wickets": [], "international_ODI_previous3_balls played": [], "international_ODI_previous3_overs": [], "international_ODI_previous3_runs gave": [], "international_ODI_lifetime_runs": 0.0, "international_ODI_lifetime_wickets": 0.0, "international_ODI_lifetime_balls played": 0.0, "international_ODI_lifetime_overs": 0.0, "international_ODI_lifetime_runs gave": 0.0, "international_Test_previous3_runs": [], "international_Test_previous3_wickets": [], "international_Test_previous3_balls played": [], "international_Test_previous3_overs": [], "international_Test_previous3_runs gave": [], "international_Test_lifetime_runs": 0.0, "international_Test_lifetime_wickets": 0.0, "international_Test_lifetime_balls played": 0.0, "international_Test_lifetime_overs": 0.0, "international_Test_lifetime_runs gave": 0.0, "international_T20_previous3_runs": [7.0, 3.0, 0.0], "international_T20_previous3_wickets": [0.0, 1.0, 1.0], "international_T20_previous3_balls played": [18.0, 17.0, 1.0], "international_T20_previous3_overs": [4.0, 4.0, 3.8333333333333335], "international_T20_previous3_runs gave": [39.0, 9.0, 21.0], "international_T20_lifetime_runs": 22.0, "international_T20_lifetime_wickets": 2.0, "international_T20_lifetime_balls played": 69.0, "international_T20_lifetime_overs": 11.833333333333334, "international_T20_lifetime_runs gave": 69.0}