{"played_against": {"72b7ed1e": {"runs": 28, "balls": 26, "wickets": 2}, "60471339": {"runs": 4, "balls": 17, "wickets": 2}, "93a583c3": {"runs": 2, "balls": 3, "wickets": 0}, "8879d882": {"runs": 0, "balls": 1, "wickets": 0}, "d3a44255": {"runs": 4, "balls": 8, "wickets": 0}, "32497ecd": {"runs": 13, "balls": 12, "wickets": 0}, "053dc208": {"runs": 0, "balls": 5, "wickets": 1}, "907c51ab": {"runs": 2, "balls": 7, "wickets": 0}, "6a434bd3": {"runs": 9, "balls": 5, "wickets": 0}, "f3a18a0c": {"runs": 15, "balls": 13, "wickets": 0}, "9706e64b": {"runs": 8, "balls": 18, "wickets": 0}, "1ade138e": {"runs": 8, "balls": 15, "wickets": 0}, "e149d0ae": {"runs": 1, "balls": 2, "wickets": 1}, "47bcaf7a": {"runs": 6, "balls": 9, "wickets": 1}, "0475a86b": {"runs": 13, "balls": 15, "wickets": 1}, "180240d4": {"runs": 2, "balls": 8, "wickets": 0}, "de69af96": {"runs": 1, "balls": 7, "wickets": 0}, "0d518f89": {"runs": 2, "balls": 6, "wickets": 0}, "6d76bc23": {"runs": 3, "balls": 6, "wickets": 0}, "63e3b6b3": {"runs": 14, "balls": 17, "wickets": 2}, "8c5775f3": {"runs": 11, "balls": 13, "wickets": 0}, "16443d2f": {"runs": 1, "balls": 2, "wickets": 0}, "a139c379": {"runs": 9, "balls": 4, "wickets": 0}, "f57d5dbb": {"runs": 7, "balls": 7, "wickets": 1}, "99812d10": {"runs": 12, "balls": 8, "wickets": 1}, "6bb7a785": {"runs": 7, "balls": 4, "wickets": 1}, "9c515112": {"runs": 5, "balls": 3, "wickets": 0}, "207ba61e": {"runs": 20, "balls": 12, "wickets": 0}, "fa8f9dc3": {"runs": 8, "balls": 7, "wickets": 0}, "507acf2e": {"runs": 3, "balls": 3, "wickets": 1}, "ae2c396f": {"runs": 1, "balls": 4, "wickets": 2}, "89bbc67a": {"runs": 2, "balls": 3, "wickets": 0}, "8d6b36e3": {"runs": 1, "balls": 2, "wickets": 1}, "84f1ae7f": {"runs": 1, "balls": 1, "wickets": 0}, "237ec05b": {"runs": 1, "balls": 2, "wickets": 0}, "201fef33": {"runs": 5, "balls": 9, "wickets": 1}, "cdb82f1c": {"runs": 6, "balls": 7, "wickets": 0}, "ac56b5a7": {"runs": 8, "balls": 4, "wickets": 0}, "852820e3": {"runs": 3, "balls": 3, "wickets": 0}, "fe731c62": {"runs": 2, "balls": 2, "wickets": 0}, "287ed3a0": {"runs": 9, "balls": 6, "wickets": 1}, "65d9b6b6": {"runs": 14, "balls": 9, "wickets": 0}, "72e3d89d": {"runs": 8, "balls": 3, "wickets": 1}, "2708b41c": {"runs": 1, "balls": 1, "wickets": 0}, "a5f488bc": {"runs": 13, "balls": 12, "wickets": 1}, "be150fc8": {"runs": 7, "balls": 6, "wickets": 0}, "5be043df": {"runs": 4, "balls": 3, "wickets": 0}, "0b69a844": {"runs": 2, "balls": 4, "wickets": 0}, "bc969efb": {"runs": 3, "balls": 5, "wickets": 1}, "2e0b6638": {"runs": 5, "balls": 6, "wickets": 0}, "6c3aef71": {"runs": 2, "balls": 1, "wickets": 0}, "7c1ba524": {"runs": 0, "balls": 1, "wickets": 1}, "99e23670": {"runs": 4, "balls": 3, "wickets": 0}, "0816fb1e": {"runs": 5, "balls": 3, "wickets": 0}, "27fa592f": {"runs": 3, "balls": 1, "wickets": 0}, "92cf79a8": {"runs": 0, "balls": 2, "wickets": 1}, "83558266": {"runs": 6, "balls": 4, "wickets": 0}, "2bfc7199": {"runs": 1, "balls": 2, "wickets": 0}, "275dff85": {"runs": 3, "balls": 4, "wickets": 1}, "d693012d": {"runs": 3, "balls": 2, "wickets": 0}, "a0bc8dc1": {"runs": 0, "balls": 1, "wickets": 1}, "df04fc4f": {"runs": 0, "balls": 1, "wickets": 0}, "b8cce99f": {"runs": 5, "balls": 4, "wickets": 2}, "7673c908": {"runs": 18, "balls": 14, "wickets": 1}, "9b73d523": {"runs": 2, "balls": 3, "wickets": 0}, "5463cb7a": {"runs": 15, "balls": 7, "wickets": 0}, "d7b754d4": {"runs": 10, "balls": 8, "wickets": 0}, "58717de2": {"runs": 1, "balls": 4, "wickets": 1}, "108c4c09": {"runs": 1, "balls": 1, "wickets": 0}, "910dd54e": {"runs": 1, "balls": 2, "wickets": 0}, "c2ac0db5": {"runs": 5, "balls": 3, "wickets": 0}, "af8c3a85": {"runs": 5, "balls": 2, "wickets": 0}, "ea9c54de": {"runs": 2, "balls": 2, "wickets": 0}, "9af58032": {"runs": 1, "balls": 1, "wickets": 0}, "8ae7bb3e": {"runs": 7, "balls": 5, "wickets": 0}, "d32cf49a": {"runs": 8, "balls": 5, "wickets": 0}, "f2c1f0e5": {"runs": 1, "balls": 4, "wickets": 0}, "38b4583c": {"runs": 0, "balls": 2, "wickets": 0}, "c6625a26": {"runs": 1, "balls": 1, "wickets": 0}, "2f9a6bd1": {"runs": 0, "balls": 1, "wickets": 1}, "53cd8da6": {"runs": 1, "balls": 2, "wickets": 1}, "be592751": {"runs": 1, "balls": 2, "wickets": 0}, "4d4605e6": {"runs": 0, "balls": 3, "wickets": 0}, "f5e8e3d2": {"runs": 0, "balls": 1, "wickets": 0}}, "fifties": 0, "thirties": 1, "centuries": 0, "maidens": 110.0, "hattricks": 26, "runs": 426.0, "wickets": 331.0, "club_ODI_previous3_runs": [], "club_ODI_previous3_wickets": [], "club_ODI_previous3_balls played": [], "club_ODI_previous3_overs": [], "club_ODI_previous3_runs gave": [], "club_ODI_lifetime_runs": 0.0, "club_ODI_lifetime_wickets": 0.0, "club_ODI_lifetime_balls played": 0.0, "club_ODI_lifetime_overs": 0.0, "club_ODI_lifetime_runs gave": 0.0, "club_Test_previous3_runs": [], "club_Test_previous3_wickets": [], "club_Test_previous3_balls played": [], "club_Test_previous3_overs": [], "club_Test_previous3_runs gave": [], "club_Test_lifetime_runs": 0.0, "club_Test_lifetime_wickets": 0.0, "club_Test_lifetime_balls played": 0.0, "club_Test_lifetime_overs": 0.0, "club_Test_lifetime_runs gave": 0.0, "club_T20_previous3_runs": [0.0, 0.0, 0.0], "club_T20_previous3_wickets": [1.0, 0.0, 1.0], "club_T20_previous3_balls played": [0.0, 0.0, 0.0], "club_T20_previous3_overs": [4.0, 3.0, 4.0], "club_T20_previous3_runs gave": [41.0, 21.0, 21.0], "club_T20_lifetime_runs": 313.0, "club_T20_lifetime_wickets": 126.0, "club_T20_lifetime_balls played": 264.0, "club_T20_lifetime_overs": 474.9666666666667, "club_T20_lifetime_runs gave": 3018.0, "international_ODI_previous3_runs": [1.0, 0.0, 0.0], "international_ODI_previous3_wickets": [2.0, 1.0, 1.0], "international_ODI_previous3_balls played": [5.0, 0.0, 0.0], "international_ODI_previous3_overs": [8.0, 6.0, 6.0], "international_ODI_previous3_runs gave": [35.0, 6.0, 7.0], "international_ODI_lifetime_runs": 78.0, "international_ODI_lifetime_wickets": 83.0, "international_ODI_lifetime_balls played": 142.0, "international_ODI_lifetime_overs": 575.8333333333333, "international_ODI_lifetime_runs gave": 2468.0, "international_Test_previous3_runs": [11.0, 1.0, 0.0], "international_Test_previous3_wickets": [3.0, 2.0, 0.0], "international_Test_previous3_balls played": [25.0, 6.0, 0.0], "international_Test_previous3_overs": [25.666666666666668, 36.833333333333336, 7.0], "international_Test_previous3_runs gave": [41.0, 87.0, 7.0], "international_Test_lifetime_runs": 12.0, "international_Test_lifetime_wickets": 6.0, "international_Test_lifetime_balls played": 31.0, "international_Test_lifetime_overs": 88.5, "international_Test_lifetime_runs gave": 196.0, "international_T20_previous3_runs": [0.0, 0.0, 0.0], "international_T20_previous3_wickets": [1.0, 1.0, 0.0], "international_T20_previous3_balls played": [0.0, 0.0, 0.0], "international_T20_previous3_overs": [3.0, 4.0, 3.3333333333333335], "international_T20_previous3_runs gave": [7.0, 25.0, 25.0], "international_T20_lifetime_runs": 23.0, "international_T20_lifetime_wickets": 116.0, "international_T20_lifetime_balls played": 31.0, "international_T20_lifetime_overs": 370.3333333333332, "international_T20_lifetime_runs gave": 2455.0}