{"played_against": {"fb66ce1f": {"runs": 3, "balls": 4, "wickets": 0}, "495d42a5": {"runs": 1, "balls": 3, "wickets": 0}, "0f721006": {"runs": 3, "balls": 4, "wickets": 0}, "87e562a9": {"runs": 3, "balls": 6, "wickets": 1}, "2f49c897": {"runs": 1, "balls": 1, "wickets": 0}, "5876c626": {"runs": 4, "balls": 7, "wickets": 1}, "bc67cc22": {"runs": 2, "balls": 2, "wickets": 0}, "7b5b6311": {"runs": 1, "balls": 2, "wickets": 0}, "a584021c": {"runs": 6, "balls": 12, "wickets": 0}, "09a71776": {"runs": 13, "balls": 12, "wickets": 1}, "cb461421": {"runs": 3, "balls": 3, "wickets": 0}, "ccae927b": {"runs": 7, "balls": 11, "wickets": 0}, "73d49fe6": {"runs": 4, "balls": 6, "wickets": 0}, "00852db7": {"runs": 9, "balls": 5, "wickets": 0}, "33a364a6": {"runs": 4, "balls": 6, "wickets": 0}, "24d163d7": {"runs": 9, "balls": 8, "wickets": 0}, "2a6afc6f": {"runs": 4, "balls": 6, "wickets": 1}, "7210d461": {"runs": 0, "balls": 2, "wickets": 0}, "c0e59e39": {"runs": 10, "balls": 9, "wickets": 0}, "a671ad8b": {"runs": 1, "balls": 1, "wickets": 0}, "3b63b5cc": {"runs": 2, "balls": 10, "wickets": 0}, "4312e8f9": {"runs": 1, "balls": 5, "wickets": 0}, "50455929": {"runs": 8, "balls": 2, "wickets": 0}, "dc4686e6": {"runs": 5, "balls": 10, "wickets": 0}, "d3611425": {"runs": 3, "balls": 6, "wickets": 0}, "983f2f61": {"runs": 0, "balls": 2, "wickets": 1}, "52cb36a0": {"runs": 5, "balls": 4, "wickets": 0}, "6d981899": {"runs": 1, "balls": 2, "wickets": 0}, "1d09dda7": {"runs": 0, "balls": 3, "wickets": 0}}, "fifties": 0, "thirties": 0, "centuries": 0, "maidens": 0.0, "hattricks": 0, "runs": 113.0, "wickets": 0.0, "club_ODI_previous3_runs": [], "club_ODI_previous3_wickets": [], "club_ODI_previous3_balls played": [], "club_ODI_previous3_overs": [], "club_ODI_previous3_runs gave": [], "club_ODI_lifetime_runs": 0.0, "club_ODI_lifetime_wickets": 0.0, "club_ODI_lifetime_balls played": 0.0, "club_ODI_lifetime_overs": 0.0, "club_ODI_lifetime_runs gave": 0.0, "club_Test_previous3_runs": [], "club_Test_previous3_wickets": [], "club_Test_previous3_balls played": [], "club_Test_previous3_overs": [], "club_Test_previous3_runs gave": [], "club_Test_lifetime_runs": 0.0, "club_Test_lifetime_wickets": 0.0, "club_Test_lifetime_balls played": 0.0, "club_Test_lifetime_overs": 0.0, "club_Test_lifetime_runs gave": 0.0, "club_T20_previous3_runs": [17.0, 6.0, 0.0], "club_T20_previous3_wickets": [0.0, 0.0, 0.0], "club_T20_previous3_balls played": [25.0, 9.0, 0.0], "club_T20_previous3_overs": [0.0, 0.0, 0.0], "club_T20_previous3_runs gave": [0.0, 0.0, 0.0], "club_T20_lifetime_runs": 113.0, "club_T20_lifetime_wickets": 0.0, "club_T20_lifetime_balls played": 156.0, "club_T20_lifetime_overs": 0.0, "club_T20_lifetime_runs gave": 0.0, "international_ODI_previous3_runs": [], "international_ODI_previous3_wickets": [], "international_ODI_previous3_balls played": [], "international_ODI_previous3_overs": [], "international_ODI_previous3_runs gave": [], "international_ODI_lifetime_runs": 0.0, "international_ODI_lifetime_wickets": 0.0, "international_ODI_lifetime_balls played": 0.0, "international_ODI_lifetime_overs": 0.0, "international_ODI_lifetime_runs gave": 0.0, "international_Test_previous3_runs": [], "international_Test_previous3_wickets": [], "international_Test_previous3_balls played": [], "international_Test_previous3_overs": [], "international_Test_previous3_runs gave": [], "international_Test_lifetime_runs": 0.0, "international_Test_lifetime_wickets": 0.0, "international_Test_lifetime_balls played": 0.0, "international_Test_lifetime_overs": 0.0, "international_Test_lifetime_runs gave": 0.0, "international_T20_previous3_runs": [], "international_T20_previous3_wickets": [], "international_T20_previous3_balls played": [], "international_T20_previous3_overs": [], "international_T20_previous3_runs gave": [], "international_T20_lifetime_runs": 0.0, "international_T20_lifetime_wickets": 0.0, "international_T20_lifetime_balls played": 0.0, "international_T20_lifetime_overs": 0.0, "international_T20_lifetime_runs gave": 0.0}