{"played_against": {"a139c379": {"runs": 0, "balls": 2, "wickets": 0}, "38b4583c": {"runs": 8, "balls": 6, "wickets": 0}, "c6625a26": {"runs": 26, "balls": 35, "wickets": 1}, "588360ee": {"runs": 15, "balls": 21, "wickets": 2}, "3a9e9cb2": {"runs": 5, "balls": 6, "wickets": 0}, "c7bf22fa": {"runs": 15, "balls": 21, "wickets": 0}, "15f609ed": {"runs": 15, "balls": 11, "wickets": 0}, "c64b7c5b": {"runs": 31, "balls": 26, "wickets": 1}, "910dd54e": {"runs": 11, "balls": 31, "wickets": 1}, "8d742853": {"runs": 18, "balls": 22, "wickets": 0}, "3a9b3866": {"runs": 41, "balls": 51, "wickets": 2}, "2406424c": {"runs": 7, "balls": 27, "wickets": 0}, "2891f50a": {"runs": 26, "balls": 26, "wickets": 0}, "efc40724": {"runs": 11, "balls": 12, "wickets": 0}, "26bc61b4": {"runs": 8, "balls": 13, "wickets": 0}, "d23c808d": {"runs": 25, "balls": 18, "wickets": 0}, "7b1f2542": {"runs": 79, "balls": 67, "wickets": 0}, "b3ccffff": {"runs": 33, "balls": 54, "wickets": 1}, "992acb49": {"runs": 1, "balls": 2, "wickets": 0}, "aefd0567": {"runs": 28, "balls": 29, "wickets": 0}, "e19307f3": {"runs": 5, "balls": 5, "wickets": 0}, "2479daa6": {"runs": 42, "balls": 51, "wickets": 2}, "02181d9a": {"runs": 13, "balls": 18, "wickets": 1}, "53d50717": {"runs": 17, "balls": 13, "wickets": 1}, "cdb82f1c": {"runs": 4, "balls": 10, "wickets": 1}, "1ade138e": {"runs": 10, "balls": 16, "wickets": 1}, "907c51ab": {"runs": 8, "balls": 11, "wickets": 2}, "f285b7ff": {"runs": 0, "balls": 1, "wickets": 0}, "e893fef7": {"runs": 8, "balls": 8, "wickets": 2}, "8f30d191": {"runs": 43, "balls": 55, "wickets": 0}, "340202b0": {"runs": 36, "balls": 48, "wickets": 1}, "f05167d2": {"runs": 16, "balls": 17, "wickets": 0}, "b5c83d22": {"runs": 31, "balls": 33, "wickets": 0}, "53bee17f": {"runs": 4, "balls": 1, "wickets": 0}, "d32cf49a": {"runs": 4, "balls": 2, "wickets": 1}, "9b3bcca4": {"runs": 4, "balls": 7, "wickets": 1}, "00823a96": {"runs": 10, "balls": 30, "wickets": 1}, "287ed3a0": {"runs": 16, "balls": 19, "wickets": 0}, "32497ecd": {"runs": 2, "balls": 2, "wickets": 0}, "fb192f98": {"runs": 14, "balls": 17, "wickets": 1}, "a156f06e": {"runs": 4, "balls": 8, "wickets": 1}, "68ac12a0": {"runs": 1, "balls": 3, "wickets": 0}, "507acf2e": {"runs": 2, "balls": 4, "wickets": 0}, "f7b74efa": {"runs": 16, "balls": 19, "wickets": 0}, "b074cd46": {"runs": 9, "balls": 8, "wickets": 0}, "971cb321": {"runs": 2, "balls": 3, "wickets": 0}, "e5b17517": {"runs": 18, "balls": 15, "wickets": 1}, "8ae7bb3e": {"runs": 3, "balls": 11, "wickets": 1}, "d2763568": {"runs": 46, "balls": 33, "wickets": 1}, "4cf60e73": {"runs": 12, "balls": 10, "wickets": 0}, "35828bdd": {"runs": 15, "balls": 13, "wickets": 0}, "4ba0289e": {"runs": 3, "balls": 4, "wickets": 0}, "c296dba1": {"runs": 32, "balls": 42, "wickets": 0}, "091001f8": {"runs": 12, "balls": 8, "wickets": 0}, "b34e0c77": {"runs": 21, "balls": 31, "wickets": 0}, "78fd864b": {"runs": 15, "balls": 23, "wickets": 3}, "e69dbbef": {"runs": 10, "balls": 9, "wickets": 0}, "cefad9fd": {"runs": 28, "balls": 18, "wickets": 1}, "708584cf": {"runs": 0, "balls": 1, "wickets": 1}, "04381402": {"runs": 0, "balls": 2, "wickets": 0}, "9b73d523": {"runs": 3, "balls": 1, "wickets": 0}, "ebf683f9": {"runs": 6, "balls": 8, "wickets": 0}, "bfa0fa33": {"runs": 4, "balls": 3, "wickets": 1}, "014cfac4": {"runs": 35, "balls": 36, "wickets": 1}, "0c694738": {"runs": 5, "balls": 5, "wickets": 0}, "b4e026de": {"runs": 2, "balls": 5, "wickets": 0}, "9da0d1e5": {"runs": 10, "balls": 23, "wickets": 0}, "a0a65375": {"runs": 12, "balls": 12, "wickets": 0}, "4d4605e6": {"runs": 11, "balls": 20, "wickets": 1}, "ab6573dc": {"runs": 21, "balls": 20, "wickets": 0}, "d6a9af83": {"runs": 17, "balls": 26, "wickets": 1}, "54719239": {"runs": 20, "balls": 16, "wickets": 0}, "20af5f5f": {"runs": 7, "balls": 3, "wickets": 0}, "026135b1": {"runs": 26, "balls": 13, "wickets": 2}, "db362015": {"runs": 7, "balls": 14, "wickets": 0}, "d8f20ba5": {"runs": 19, "balls": 9, "wickets": 0}, "ea544967": {"runs": 0, "balls": 2, "wickets": 0}, "f0b4e47d": {"runs": 1, "balls": 4, "wickets": 0}, "7306c48d": {"runs": 11, "balls": 3, "wickets": 0}, "de69af96": {"runs": 1, "balls": 1, "wickets": 0}, "a6aea235": {"runs": 8, "balls": 13, "wickets": 0}, "f929cd04": {"runs": 4, "balls": 1, "wickets": 0}, "e3a93585": {"runs": 13, "balls": 15, "wickets": 0}, "fbd79b9b": {"runs": 8, "balls": 11, "wickets": 0}, "53e25aa3": {"runs": 1, "balls": 3, "wickets": 0}, "7442f8dd": {"runs": 9, "balls": 4, "wickets": 0}, "ffdfa9ad": {"runs": 3, "balls": 2, "wickets": 0}, "d7ff1adc": {"runs": 28, "balls": 19, "wickets": 0}, "31adb911": {"runs": 1, "balls": 2, "wickets": 0}, "5f86ce69": {"runs": 4, "balls": 16, "wickets": 2}, "8a452195": {"runs": 14, "balls": 22, "wickets": 1}, "2e0b6638": {"runs": 15, "balls": 32, "wickets": 0}, "c9366237": {"runs": 2, "balls": 3, "wickets": 1}, "459a7b0a": {"runs": 5, "balls": 13, "wickets": 0}, "9049ab63": {"runs": 12, "balls": 27, "wickets": 0}, "99812d10": {"runs": 6, "balls": 7, "wickets": 0}, "2f485713": {"runs": 9, "balls": 17, "wickets": 1}, "13c19f32": {"runs": 8, "balls": 18, "wickets": 1}, "76419733": {"runs": 4, "balls": 7, "wickets": 0}, "d12c8445": {"runs": 4, "balls": 5, "wickets": 0}, "201fef33": {"runs": 5, "balls": 4, "wickets": 0}, "58717de2": {"runs": 1, "balls": 1, "wickets": 0}, "f13d3eba": {"runs": 6, "balls": 7, "wickets": 0}, "5c9d5093": {"runs": 2, "balls": 9, "wickets": 0}}, "fifties": 3, "thirties": 13, "centuries": 0, "maidens": 0.0, "hattricks": 0, "runs": 1329.0, "wickets": 18.0, "club_ODI_previous3_runs": [27.0, 19.0, 0.0], "club_ODI_previous3_wickets": [0.0, 0.0, 0.0], "club_ODI_previous3_balls played": [44.0, 29.0, 1.0], "club_ODI_previous3_overs": [0.0, 2.0, 0.0], "club_ODI_previous3_runs gave": [0.0, 21.0, 0.0], "club_ODI_lifetime_runs": 701.0, "club_ODI_lifetime_wickets": 13.0, "club_ODI_lifetime_balls played": 1023.0, "club_ODI_lifetime_overs": 120.16666666666667, "club_ODI_lifetime_runs gave": 702.0, "club_Test_previous3_runs": [], "club_Test_previous3_wickets": [], "club_Test_previous3_balls played": [], "club_Test_previous3_overs": [], "club_Test_previous3_runs gave": [], "club_Test_lifetime_runs": 0.0, "club_Test_lifetime_wickets": 0.0, "club_Test_lifetime_balls played": 0.0, "club_Test_lifetime_overs": 0.0, "club_Test_lifetime_runs gave": 0.0, "club_T20_previous3_runs": [0.0, 0.0, 1.0], "club_T20_previous3_wickets": [0.0, 0.0, 0.0], "club_T20_previous3_balls played": [0.0, 0.0, 2.0], "club_T20_previous3_overs": [0.0, 0.0, 0.0], "club_T20_previous3_runs gave": [0.0, 0.0, 0.0], "club_T20_lifetime_runs": 628.0, "club_T20_lifetime_wickets": 5.0, "club_T20_lifetime_balls played": 584.0, "club_T20_lifetime_overs": 45.0, "club_T20_lifetime_runs gave": 368.0, "international_ODI_previous3_runs": [], "international_ODI_previous3_wickets": [], "international_ODI_previous3_balls played": [], "international_ODI_previous3_overs": [], "international_ODI_previous3_runs gave": [], "international_ODI_lifetime_runs": 0.0, "international_ODI_lifetime_wickets": 0.0, "international_ODI_lifetime_balls played": 0.0, "international_ODI_lifetime_overs": 0.0, "international_ODI_lifetime_runs gave": 0.0, "international_Test_previous3_runs": [], "international_Test_previous3_wickets": [], "international_Test_previous3_balls played": [], "international_Test_previous3_overs": [], "international_Test_previous3_runs gave": [], "international_Test_lifetime_runs": 0.0, "international_Test_lifetime_wickets": 0.0, "international_Test_lifetime_balls played": 0.0, "international_Test_lifetime_overs": 0.0, "international_Test_lifetime_runs gave": 0.0, "international_T20_previous3_runs": [], "international_T20_previous3_wickets": [], "international_T20_previous3_balls played": [], "international_T20_previous3_overs": [], "international_T20_previous3_runs gave": [], "international_T20_lifetime_runs": 0.0, "international_T20_lifetime_wickets": 0.0, "international_T20_lifetime_balls played": 0.0, "international_T20_lifetime_overs": 0.0, "international_T20_lifetime_runs gave": 0.0}