{"played_against": {"02b93a83": {"runs": 0, "balls": 18, "wickets": 0}, "141a340d": {"runs": 8, "balls": 4, "wickets": 0}, "51e1ed69": {"runs": 0, "balls": 1, "wickets": 1}, "9a963804": {"runs": 14, "balls": 22, "wickets": 1}, "8bf61e65": {"runs": 15, "balls": 37, "wickets": 1}, "9dca07d7": {"runs": 1, "balls": 11, "wickets": 1}, "b21ed464": {"runs": 4, "balls": 10, "wickets": 0}, "6fe2c1c0": {"runs": 3, "balls": 6, "wickets": 1}, "a73321d3": {"runs": 5, "balls": 27, "wickets": 0}, "18fac429": {"runs": 2, "balls": 9, "wickets": 0}, "525c3f54": {"runs": 5, "balls": 12, "wickets": 0}, "bd93fea4": {"runs": 1, "balls": 11, "wickets": 0}, "6c6aca89": {"runs": 5, "balls": 35, "wickets": 0}, "025a092b": {"runs": 12, "balls": 50, "wickets": 2}, "c89474d1": {"runs": 7, "balls": 19, "wickets": 0}, "58043739": {"runs": 4, "balls": 17, "wickets": 0}, "249d60c9": {"runs": 0, "balls": 9, "wickets": 1}, "4c5d73db": {"runs": 2, "balls": 6, "wickets": 0}, "6c908ffc": {"runs": 1, "balls": 8, "wickets": 0}, "8728a058": {"runs": 0, "balls": 3, "wickets": 0}, "ccdd8308": {"runs": 9, "balls": 15, "wickets": 0}, "dc670143": {"runs": 5, "balls": 20, "wickets": 0}, "a7e8ff19": {"runs": 1, "balls": 2, "wickets": 1}, "07c8a2f4": {"runs": 0, "balls": 2, "wickets": 0}, "79c7041c": {"runs": 1, "balls": 1, "wickets": 0}, "6355d428": {"runs": 0, "balls": 1, "wickets": 1}, "25a42048": {"runs": 1, "balls": 2, "wickets": 0}, "e087956b": {"runs": 0, "balls": 8, "wickets": 1}, "e737a5fe": {"runs": 4, "balls": 2, "wickets": 0}, "0a3d54b9": {"runs": 0, "balls": 2, "wickets": 1}, "1a45b864": {"runs": 7, "balls": 13, "wickets": 1}, "6daf5e8c": {"runs": 3, "balls": 11, "wickets": 0}, "c995d726": {"runs": 0, "balls": 1, "wickets": 0}, "5da34add": {"runs": 4, "balls": 8, "wickets": 1}, "1427277f": {"runs": 4, "balls": 10, "wickets": 2}, "f6c84b9f": {"runs": 1, "balls": 3, "wickets": 0}, "3c77ca9d": {"runs": 0, "balls": 2, "wickets": 0}, "1066a976": {"runs": 1, "balls": 3, "wickets": 0}, "9395f98e": {"runs": 1, "balls": 9, "wickets": 0}, "49b6c09f": {"runs": 1, "balls": 12, "wickets": 1}, "91ffa6c6": {"runs": 0, "balls": 3, "wickets": 0}, "e94915e6": {"runs": 0, "balls": 3, "wickets": 0}, "57a76baa": {"runs": 0, "balls": 1, "wickets": 1}}, "fifties": 0, "thirties": 0, "centuries": 0, "maidens": 52.0, "hattricks": 5, "runs": 132.0, "wickets": 28.0, "club_ODI_previous3_runs": [1.0, 1.0, 1.0], "club_ODI_previous3_wickets": [1.0, 3.0, 0.0], "club_ODI_previous3_balls played": [2.0, 5.0, 2.0], "club_ODI_previous3_overs": [2.6666666666666665, 5.0, 9.5], "club_ODI_previous3_runs gave": [32.0, 29.0, 81.0], "club_ODI_lifetime_runs": 3.0, "club_ODI_lifetime_wickets": 7.0, "club_ODI_lifetime_balls played": 9.0, "club_ODI_lifetime_overs": 30.833333333333332, "club_ODI_lifetime_runs gave": 216.0, "club_Test_previous3_runs": [2.0, 0.0, 0.0], "club_Test_previous3_wickets": [3.0, 2.0, 3.0], "club_Test_previous3_balls played": [21.0, 3.0, 4.0], "club_Test_previous3_overs": [21.0, 33.0, 13.0], "club_Test_previous3_runs gave": [48.0, 111.0, 58.0], "club_Test_lifetime_runs": 129.0, "club_Test_lifetime_wickets": 21.0, "club_Test_lifetime_balls played": 450.0, "club_Test_lifetime_overs": 316.33333333333337, "club_Test_lifetime_runs gave": 1224.0, "club_T20_previous3_runs": [0.0], "club_T20_previous3_wickets": [0.0], "club_T20_previous3_balls played": [0.0], "club_T20_previous3_overs": [2.0], "club_T20_previous3_runs gave": [26.0], "club_T20_lifetime_runs": 0.0, "club_T20_lifetime_wickets": 0.0, "club_T20_lifetime_balls played": 0.0, "club_T20_lifetime_overs": 2.0, "club_T20_lifetime_runs gave": 26.0, "international_ODI_previous3_runs": [], "international_ODI_previous3_wickets": [], "international_ODI_previous3_balls played": [], "international_ODI_previous3_overs": [], "international_ODI_previous3_runs gave": [], "international_ODI_lifetime_runs": 0.0, "international_ODI_lifetime_wickets": 0.0, "international_ODI_lifetime_balls played": 0.0, "international_ODI_lifetime_overs": 0.0, "international_ODI_lifetime_runs gave": 0.0, "international_Test_previous3_runs": [], "international_Test_previous3_wickets": [], "international_Test_previous3_balls played": [], "international_Test_previous3_overs": [], "international_Test_previous3_runs gave": [], "international_Test_lifetime_runs": 0.0, "international_Test_lifetime_wickets": 0.0, "international_Test_lifetime_balls played": 0.0, "international_Test_lifetime_overs": 0.0, "international_Test_lifetime_runs gave": 0.0, "international_T20_previous3_runs": [], "international_T20_previous3_wickets": [], "international_T20_previous3_balls played": [], "international_T20_previous3_overs": [], "international_T20_previous3_runs gave": [], "international_T20_lifetime_runs": 0.0, "international_T20_lifetime_wickets": 0.0, "international_T20_lifetime_balls played": 0.0, "international_T20_lifetime_overs": 0.0, "international_T20_lifetime_runs gave": 0.0}