{"played_against": {"c988daa1": {"runs": 0, "balls": 1, "wickets": 1}, "ef503cfe": {"runs": 1, "balls": 3, "wickets": 0}, "dd14abf5": {"runs": 1, "balls": 6, "wickets": 0}, "90830f8d": {"runs": 0, "balls": 1, "wickets": 1}, "7a6decc8": {"runs": 2, "balls": 2, "wickets": 0}, "fbb8cf87": {"runs": 0, "balls": 1, "wickets": 0}, "0ba9de33": {"runs": 27, "balls": 11, "wickets": 0}, "65a29a30": {"runs": 12, "balls": 13, "wickets": 2}, "14af45c4": {"runs": 2, "balls": 3, "wickets": 1}, "06bcade5": {"runs": 4, "balls": 6, "wickets": 0}, "3f9d95f9": {"runs": 3, "balls": 4, "wickets": 0}, "39799e49": {"runs": 8, "balls": 7, "wickets": 1}, "cc62ec8a": {"runs": 5, "balls": 2, "wickets": 0}, "befef38f": {"runs": 5, "balls": 4, "wickets": 0}, "8e38d470": {"runs": 1, "balls": 1, "wickets": 0}, "3ad06915": {"runs": 3, "balls": 8, "wickets": 3}, "44e00a4c": {"runs": 2, "balls": 3, "wickets": 1}, "2d9451cc": {"runs": 7, "balls": 7, "wickets": 0}, "8930a2a6": {"runs": 9, "balls": 11, "wickets": 1}, "9e3575ce": {"runs": 1, "balls": 1, "wickets": 0}, "68f24545": {"runs": 4, "balls": 3, "wickets": 0}, "4551ed03": {"runs": 3, "balls": 3, "wickets": 0}, "cbd91942": {"runs": 2, "balls": 5, "wickets": 0}, "626af7ff": {"runs": 0, "balls": 1, "wickets": 1}, "96275259": {"runs": 1, "balls": 3, "wickets": 0}, "9f2be73d": {"runs": 4, "balls": 5, "wickets": 1}, "ed82d9a5": {"runs": 5, "balls": 3, "wickets": 0}, "4add4c98": {"runs": 1, "balls": 3, "wickets": 0}, "1579d497": {"runs": 2, "balls": 3, "wickets": 0}, "98514dce": {"runs": 2, "balls": 2, "wickets": 0}, "9c333e40": {"runs": 20, "balls": 22, "wickets": 0}, "04f0d409": {"runs": 24, "balls": 9, "wickets": 0}, "36a0a88c": {"runs": 5, "balls": 8, "wickets": 0}, "e553e27f": {"runs": 5, "balls": 3, "wickets": 0}, "676aeb1b": {"runs": 1, "balls": 2, "wickets": 0}, "3d7f02d4": {"runs": 0, "balls": 5, "wickets": 1}, "28574428": {"runs": 5, "balls": 8, "wickets": 0}, "0c24fb7b": {"runs": 2, "balls": 7, "wickets": 0}, "c01d1c0a": {"runs": 4, "balls": 4, "wickets": 0}}, "fifties": 0, "thirties": 1, "centuries": 0, "maidens": 0.0, "hattricks": 3, "runs": 183.0, "wickets": 35.0, "club_ODI_previous3_runs": [], "club_ODI_previous3_wickets": [], "club_ODI_previous3_balls played": [], "club_ODI_previous3_overs": [], "club_ODI_previous3_runs gave": [], "club_ODI_lifetime_runs": 0.0, "club_ODI_lifetime_wickets": 0.0, "club_ODI_lifetime_balls played": 0.0, "club_ODI_lifetime_overs": 0.0, "club_ODI_lifetime_runs gave": 0.0, "club_Test_previous3_runs": [], "club_Test_previous3_wickets": [], "club_Test_previous3_balls played": [], "club_Test_previous3_overs": [], "club_Test_previous3_runs gave": [], "club_Test_lifetime_runs": 0.0, "club_Test_lifetime_wickets": 0.0, "club_Test_lifetime_balls played": 0.0, "club_Test_lifetime_overs": 0.0, "club_Test_lifetime_runs gave": 0.0, "club_T20_previous3_runs": [], "club_T20_previous3_wickets": [], "club_T20_previous3_balls played": [], "club_T20_previous3_overs": [], "club_T20_previous3_runs gave": [], "club_T20_lifetime_runs": 0.0, "club_T20_lifetime_wickets": 0.0, "club_T20_lifetime_balls played": 0.0, "club_T20_lifetime_overs": 0.0, "club_T20_lifetime_runs gave": 0.0, "international_ODI_previous3_runs": [], "international_ODI_previous3_wickets": [], "international_ODI_previous3_balls played": [], "international_ODI_previous3_overs": [], "international_ODI_previous3_runs gave": [], "international_ODI_lifetime_runs": 0.0, "international_ODI_lifetime_wickets": 0.0, "international_ODI_lifetime_balls played": 0.0, "international_ODI_lifetime_overs": 0.0, "international_ODI_lifetime_runs gave": 0.0, "international_Test_previous3_runs": [], "international_Test_previous3_wickets": [], "international_Test_previous3_balls played": [], "international_Test_previous3_overs": [], "international_Test_previous3_runs gave": [], "international_Test_lifetime_runs": 0.0, "international_Test_lifetime_wickets": 0.0, "international_Test_lifetime_balls played": 0.0, "international_Test_lifetime_overs": 0.0, "international_Test_lifetime_runs gave": 0.0, "international_T20_previous3_runs": [41.0, 0.0, 0.0], "international_T20_previous3_wickets": [1.0, 2.0, 1.0], "international_T20_previous3_balls played": [44.0, 0.0, 0.0], "international_T20_previous3_overs": [4.0, 3.0, 4.0], "international_T20_previous3_runs gave": [11.0, 5.0, 16.0], "international_T20_lifetime_runs": 183.0, "international_T20_lifetime_wickets": 35.0, "international_T20_lifetime_balls played": 195.0, "international_T20_lifetime_overs": 102.33333333333333, "international_T20_lifetime_runs gave": 610.0}