{"played_against": {"5bb1a1c4": {"runs": 3, "balls": 15, "wickets": 0}, "495d42a5": {"runs": 29, "balls": 49, "wickets": 1}, "fe93fd9d": {"runs": 32, "balls": 66, "wickets": 0}, "8cf9814c": {"runs": 7, "balls": 19, "wickets": 0}, "4b57e452": {"runs": 2, "balls": 4, "wickets": 0}, "ba607b88": {"runs": 1, "balls": 3, "wickets": 0}, "0a8fce53": {"runs": 57, "balls": 110, "wickets": 0}, "c58b0108": {"runs": 41, "balls": 109, "wickets": 1}, "9d1d34bd": {"runs": 92, "balls": 188, "wickets": 1}, "8919756f": {"runs": 2, "balls": 3, "wickets": 0}, "0f348f58": {"runs": 19, "balls": 38, "wickets": 0}, "888e32bf": {"runs": 24, "balls": 47, "wickets": 0}, "0f721006": {"runs": 19, "balls": 64, "wickets": 1}, "78eb4223": {"runs": 19, "balls": 52, "wickets": 1}, "7a80ddf2": {"runs": 16, "balls": 29, "wickets": 1}, "d9609443": {"runs": 15, "balls": 41, "wickets": 3}, "92aa28fe": {"runs": 7, "balls": 25, "wickets": 0}, "3feda4fa": {"runs": 5, "balls": 11, "wickets": 0}, "7d5af2ea": {"runs": 4, "balls": 6, "wickets": 0}, "e62dd25d": {"runs": 7, "balls": 24, "wickets": 2}, "0b60eb09": {"runs": 33, "balls": 65, "wickets": 0}, "a03bba42": {"runs": 5, "balls": 2, "wickets": 0}, "8fd1a8f5": {"runs": 9, "balls": 31, "wickets": 0}, "33085ffb": {"runs": 3, "balls": 9, "wickets": 0}, "f834dcfc": {"runs": 2, "balls": 22, "wickets": 0}, "6a26221c": {"runs": 4, "balls": 13, "wickets": 0}, "90d6cdea": {"runs": 4, "balls": 5, "wickets": 0}, "249d60c9": {"runs": 63, "balls": 164, "wickets": 2}, "3987e390": {"runs": 48, "balls": 127, "wickets": 0}, "bb351c23": {"runs": 51, "balls": 81, "wickets": 1}, "a343262c": {"runs": 11, "balls": 13, "wickets": 0}, "d12143bf": {"runs": 9, "balls": 21, "wickets": 0}, "e94915e6": {"runs": 1, "balls": 1, "wickets": 0}, "e087956b": {"runs": 7, "balls": 29, "wickets": 0}, "94d7f855": {"runs": 7, "balls": 24, "wickets": 0}, "a818c1be": {"runs": 18, "balls": 38, "wickets": 1}, "78adc879": {"runs": 7, "balls": 47, "wickets": 1}, "13c35c9e": {"runs": 7, "balls": 19, "wickets": 0}, "fbd4f01f": {"runs": 0, "balls": 6, "wickets": 0}, "3fb19989": {"runs": 0, "balls": 9, "wickets": 0}, "96a6a7ad": {"runs": 9, "balls": 37, "wickets": 0}, "1ee08e9a": {"runs": 0, "balls": 4, "wickets": 0}, "ded9240e": {"runs": 3, "balls": 27, "wickets": 2}}, "fifties": 4, "thirties": 1, "centuries": 3, "maidens": 0.0, "hattricks": 0, "runs": 702.0, "wickets": 0.0, "club_ODI_previous3_runs": [], "club_ODI_previous3_wickets": [], "club_ODI_previous3_balls played": [], "club_ODI_previous3_overs": [], "club_ODI_previous3_runs gave": [], "club_ODI_lifetime_runs": 0.0, "club_ODI_lifetime_wickets": 0.0, "club_ODI_lifetime_balls played": 0.0, "club_ODI_lifetime_overs": 0.0, "club_ODI_lifetime_runs gave": 0.0, "club_Test_previous3_runs": [], "club_Test_previous3_wickets": [], "club_Test_previous3_balls played": [], "club_Test_previous3_overs": [], "club_Test_previous3_runs gave": [], "club_Test_lifetime_runs": 0.0, "club_Test_lifetime_wickets": 0.0, "club_Test_lifetime_balls played": 0.0, "club_Test_lifetime_overs": 0.0, "club_Test_lifetime_runs gave": 0.0, "club_T20_previous3_runs": [], "club_T20_previous3_wickets": [], "club_T20_previous3_balls played": [], "club_T20_previous3_overs": [], "club_T20_previous3_runs gave": [], "club_T20_lifetime_runs": 0.0, "club_T20_lifetime_wickets": 0.0, "club_T20_lifetime_balls played": 0.0, "club_T20_lifetime_overs": 0.0, "club_T20_lifetime_runs gave": 0.0, "international_ODI_previous3_runs": [], "international_ODI_previous3_wickets": [], "international_ODI_previous3_balls played": [], "international_ODI_previous3_overs": [], "international_ODI_previous3_runs gave": [], "international_ODI_lifetime_runs": 0.0, "international_ODI_lifetime_wickets": 0.0, "international_ODI_lifetime_balls played": 0.0, "international_ODI_lifetime_overs": 0.0, "international_ODI_lifetime_runs gave": 0.0, "international_Test_previous3_runs": [68.0, 39.0, 12.0], "international_Test_previous3_wickets": [0.0, 0.0, 0.0], "international_Test_previous3_balls played": [169.0, 136.0, 78.0], "international_Test_previous3_overs": [0.0, 0.0, 0.0], "international_Test_previous3_runs gave": [0.0, 0.0, 0.0], "international_Test_lifetime_runs": 702.0, "international_Test_lifetime_wickets": 0.0, "international_Test_lifetime_balls played": 1704.0, "international_Test_lifetime_overs": 0.0, "international_Test_lifetime_runs gave": 0.0, "international_T20_previous3_runs": [], "international_T20_previous3_wickets": [], "international_T20_previous3_balls played": [], "international_T20_previous3_overs": [], "international_T20_previous3_runs gave": [], "international_T20_lifetime_runs": 0.0, "international_T20_lifetime_wickets": 0.0, "international_T20_lifetime_balls played": 0.0, "international_T20_lifetime_overs": 0.0, "international_T20_lifetime_runs gave": 0.0}