{"played_against": {"8c2aa0f9": {"runs": 1, "balls": 1, "wickets": 0}, "c9945bdf": {"runs": 6, "balls": 6, "wickets": 1}, "bd0a4a7d": {"runs": 16, "balls": 15, "wickets": 1}, "25550d06": {"runs": 12, "balls": 10, "wickets": 0}, "7afc806f": {"runs": 1, "balls": 2, "wickets": 1}, "af28816c": {"runs": 4, "balls": 8, "wickets": 1}, "05f85159": {"runs": 0, "balls": 1, "wickets": 1}, "20f9e6b1": {"runs": 3, "balls": 5, "wickets": 0}, "99cddc5e": {"runs": 1, "balls": 4, "wickets": 2}, "b56dc5f7": {"runs": 2, "balls": 4, "wickets": 0}, "b0eaaac6": {"runs": 1, "balls": 1, "wickets": 0}, "c8a3f688": {"runs": 1, "balls": 1, "wickets": 0}, "e3fe4b49": {"runs": 17, "balls": 14, "wickets": 0}, "b4402d8a": {"runs": 2, "balls": 3, "wickets": 0}, "e957b38f": {"runs": 1, "balls": 2, "wickets": 0}, "478a63e7": {"runs": 7, "balls": 7, "wickets": 0}, "0f9c9d1d": {"runs": 4, "balls": 7, "wickets": 0}, "3766056b": {"runs": 2, "balls": 2, "wickets": 0}, "b8704508": {"runs": 1, "balls": 1, "wickets": 0}, "0a8fce53": {"runs": 1, "balls": 1, "wickets": 0}, "ef18b66e": {"runs": 1, "balls": 1, "wickets": 0}, "9d1d34bd": {"runs": 0, "balls": 9, "wickets": 0}, "cb5100f1": {"runs": 0, "balls": 4, "wickets": 0}, "127bc5ca": {"runs": 0, "balls": 7, "wickets": 0}, "1be67d37": {"runs": 1, "balls": 3, "wickets": 0}, "5eef2118": {"runs": 0, "balls": 5, "wickets": 0}, "de3d549a": {"runs": 0, "balls": 1, "wickets": 1}, "704af8eb": {"runs": 3, "balls": 7, "wickets": 0}, "b85fa1d4": {"runs": 3, "balls": 4, "wickets": 1}, "2052d6f4": {"runs": 3, "balls": 5, "wickets": 0}, "2ecd844a": {"runs": 0, "balls": 2, "wickets": 0}, "f43dd8c2": {"runs": 7, "balls": 4, "wickets": 0}, "2c54c49b": {"runs": 6, "balls": 4, "wickets": 0}, "9aedf23b": {"runs": 4, "balls": 5, "wickets": 0}, "70f2f922": {"runs": 7, "balls": 4, "wickets": 0}, "14e801aa": {"runs": 1, "balls": 3, "wickets": 0}, "462411b3": {"runs": 1, "balls": 2, "wickets": 0}, "244048f6": {"runs": 1, "balls": 1, "wickets": 0}, "24bb1c2f": {"runs": 1, "balls": 4, "wickets": 0}, "9cb8d7a6": {"runs": 2, "balls": 5, "wickets": 0}, "e174dadd": {"runs": 0, "balls": 6, "wickets": 0}, "45a7e761": {"runs": 1, "balls": 3, "wickets": 0}, "2cec2a92": {"runs": 1, "balls": 2, "wickets": 0}, "8614ffef": {"runs": 4, "balls": 3, "wickets": 0}, "ccc17282": {"runs": 4, "balls": 4, "wickets": 0}, "19d0a172": {"runs": 0, "balls": 3, "wickets": 0}, "f3b158d9": {"runs": 0, "balls": 1, "wickets": 1}, "5d4338a2": {"runs": 2, "balls": 3, "wickets": 1}}, "fifties": 0, "thirties": 0, "centuries": 0, "maidens": 4.0, "hattricks": 2, "runs": 136.0, "wickets": 67.0, "club_ODI_previous3_runs": [10.0, 0.0, 3.0], "club_ODI_previous3_wickets": [0.0, 1.0, 0.0], "club_ODI_previous3_balls played": [7.0, 0.0, 4.0], "club_ODI_previous3_overs": [10.0, 5.0, 10.0], "club_ODI_previous3_runs gave": [51.0, 36.0, 61.0], "club_ODI_lifetime_runs": 74.0, "club_ODI_lifetime_wickets": 12.0, "club_ODI_lifetime_balls played": 90.0, "club_ODI_lifetime_overs": 109.5, "club_ODI_lifetime_runs gave": 669.0, "club_Test_previous3_runs": [], "club_Test_previous3_wickets": [], "club_Test_previous3_balls played": [], "club_Test_previous3_overs": [], "club_Test_previous3_runs gave": [], "club_Test_lifetime_runs": 0.0, "club_Test_lifetime_wickets": 0.0, "club_Test_lifetime_balls played": 0.0, "club_Test_lifetime_overs": 0.0, "club_Test_lifetime_runs gave": 0.0, "club_T20_previous3_runs": [9.0, 0.0, 0.0], "club_T20_previous3_wickets": [2.0, 1.0, 1.0], "club_T20_previous3_balls played": [11.0, 1.0, 0.0], "club_T20_previous3_overs": [4.0, 3.0, 2.0], "club_T20_previous3_runs gave": [29.0, 25.0, 23.0], "club_T20_lifetime_runs": 40.0, "club_T20_lifetime_wickets": 29.0, "club_T20_lifetime_balls played": 46.0, "club_T20_lifetime_overs": 67.83333333333334, "club_T20_lifetime_runs gave": 521.0, "international_ODI_previous3_runs": [0.0, 0.0], "international_ODI_previous3_wickets": [0.0, 1.0], "international_ODI_previous3_balls played": [0.0, 0.0], "international_ODI_previous3_overs": [8.0, 10.0], "international_ODI_previous3_runs gave": [59.0, 60.0], "international_ODI_lifetime_runs": 0.0, "international_ODI_lifetime_wickets": 1.0, "international_ODI_lifetime_balls played": 0.0, "international_ODI_lifetime_overs": 18.0, "international_ODI_lifetime_runs gave": 119.0, "international_Test_previous3_runs": [0.0, 1.0, 0.0], "international_Test_previous3_wickets": [2.0, 1.0, 0.0], "international_Test_previous3_balls played": [13.0, 5.0, 12.0], "international_Test_previous3_overs": [20.5, 21.833333333333336, 34.0], "international_Test_previous3_runs gave": [114.0, 123.0, 203.0], "international_Test_lifetime_runs": 1.0, "international_Test_lifetime_wickets": 3.0, "international_Test_lifetime_balls played": 30.0, "international_Test_lifetime_overs": 76.33333333333334, "international_Test_lifetime_runs gave": 440.0, "international_T20_previous3_runs": [5.0, 0.0, 0.0], "international_T20_previous3_wickets": [1.0, 0.0, 1.0], "international_T20_previous3_balls played": [20.0, 0.0, 0.0], "international_T20_previous3_overs": [2.0, 3.0, 4.0], "international_T20_previous3_runs gave": [11.0, 35.0, 45.0], "international_T20_lifetime_runs": 21.0, "international_T20_lifetime_wickets": 22.0, "international_T20_lifetime_balls played": 39.0, "international_T20_lifetime_overs": 93.33333333333333, "international_T20_lifetime_runs gave": 793.0}