{"played_against": {"87e33d07": {"runs": 0, "balls": 1, "wickets": 0}, "46a7ac78": {"runs": 0, "balls": 2, "wickets": 1}, "5fe3709e": {"runs": 1, "balls": 1, "wickets": 0}, "895ae8b6": {"runs": 0, "balls": 2, "wickets": 1}, "9ccb6e52": {"runs": 1, "balls": 1, "wickets": 0}, "3a82673c": {"runs": 0, "balls": 3, "wickets": 1}, "2e392afa": {"runs": 2, "balls": 2, "wickets": 0}, "29ee9bf9": {"runs": 9, "balls": 4, "wickets": 0}, "0848ac5f": {"runs": 3, "balls": 5, "wickets": 0}, "b43f7a6a": {"runs": 2, "balls": 4, "wickets": 1}}, "fifties": 0, "thirties": 0, "centuries": 0, "maidens": 0.0, "hattricks": 0, "runs": 18.0, "wickets": 5.0, "club_ODI_previous3_runs": [], "club_ODI_previous3_wickets": [], "club_ODI_previous3_balls played": [], "club_ODI_previous3_overs": [], "club_ODI_previous3_runs gave": [], "club_ODI_lifetime_runs": 0.0, "club_ODI_lifetime_wickets": 0.0, "club_ODI_lifetime_balls played": 0.0, "club_ODI_lifetime_overs": 0.0, "club_ODI_lifetime_runs gave": 0.0, "club_Test_previous3_runs": [], "club_Test_previous3_wickets": [], "club_Test_previous3_balls played": [], "club_Test_previous3_overs": [], "club_Test_previous3_runs gave": [], "club_Test_lifetime_runs": 0.0, "club_Test_lifetime_wickets": 0.0, "club_Test_lifetime_balls played": 0.0, "club_Test_lifetime_overs": 0.0, "club_Test_lifetime_runs gave": 0.0, "club_T20_previous3_runs": [], "club_T20_previous3_wickets": [], "club_T20_previous3_balls played": [], "club_T20_previous3_overs": [], "club_T20_previous3_runs gave": [], "club_T20_lifetime_runs": 0.0, "club_T20_lifetime_wickets": 0.0, "club_T20_lifetime_balls played": 0.0, "club_T20_lifetime_overs": 0.0, "club_T20_lifetime_runs gave": 0.0, "international_ODI_previous3_runs": [], "international_ODI_previous3_wickets": [], "international_ODI_previous3_balls played": [], "international_ODI_previous3_overs": [], "international_ODI_previous3_runs gave": [], "international_ODI_lifetime_runs": 0.0, "international_ODI_lifetime_wickets": 0.0, "international_ODI_lifetime_balls played": 0.0, "international_ODI_lifetime_overs": 0.0, "international_ODI_lifetime_runs gave": 0.0, "international_Test_previous3_runs": [], "international_Test_previous3_wickets": [], "international_Test_previous3_balls played": [], "international_Test_previous3_overs": [], "international_Test_previous3_runs gave": [], "international_Test_lifetime_runs": 0.0, "international_Test_lifetime_wickets": 0.0, "international_Test_lifetime_balls played": 0.0, "international_Test_lifetime_overs": 0.0, "international_Test_lifetime_runs gave": 0.0, "international_T20_previous3_runs": [2.0, 0.0, 14.0], "international_T20_previous3_wickets": [0.0, 0.0, 0.0], "international_T20_previous3_balls played": [2.0, 0.0, 13.0], "international_T20_previous3_overs": [0.0, 0.0, 2.0], "international_T20_previous3_runs gave": [0.0, 0.0, 29.0], "international_T20_lifetime_runs": 18.0, "international_T20_lifetime_wickets": 5.0, "international_T20_lifetime_balls played": 25.0, "international_T20_lifetime_overs": 15.833333333333332, "international_T20_lifetime_runs gave": 141.0}