{"played_against": {"c8574282": {"runs": 16, "balls": 43, "wickets": 0}, "78adc879": {"runs": 10, "balls": 22, "wickets": 1}, "1cbd881f": {"runs": 5, "balls": 7, "wickets": 0}, "8fdfa195": {"runs": 2, "balls": 13, "wickets": 0}, "ca097df5": {"runs": 4, "balls": 3, "wickets": 0}, "94238673": {"runs": 35, "balls": 45, "wickets": 2}, "19cc9592": {"runs": 14, "balls": 12, "wickets": 0}, "782fb776": {"runs": 31, "balls": 35, "wickets": 2}, "f987245c": {"runs": 16, "balls": 24, "wickets": 1}, "383dd431": {"runs": 17, "balls": 22, "wickets": 0}, "52d11798": {"runs": 7, "balls": 8, "wickets": 0}, "b082d112": {"runs": 3, "balls": 8, "wickets": 0}, "6ede8cb6": {"runs": 4, "balls": 3, "wickets": 1}, "7112662b": {"runs": 9, "balls": 10, "wickets": 0}, "e82dc4c5": {"runs": 1, "balls": 6, "wickets": 1}, "10f7b52b": {"runs": 14, "balls": 30, "wickets": 0}, "e4a0deae": {"runs": 48, "balls": 96, "wickets": 2}, "3b298ff2": {"runs": 5, "balls": 14, "wickets": 0}, "fef92afc": {"runs": 47, "balls": 55, "wickets": 2}, "2a0d5d4a": {"runs": 10, "balls": 11, "wickets": 0}, "3f659464": {"runs": 6, "balls": 13, "wickets": 1}, "867a45a7": {"runs": 20, "balls": 39, "wickets": 0}, "b16cf2ec": {"runs": 5, "balls": 19, "wickets": 0}, "1066a976": {"runs": 10, "balls": 28, "wickets": 0}, "3c77ca9d": {"runs": 41, "balls": 47, "wickets": 1}, "1427277f": {"runs": 7, "balls": 22, "wickets": 2}, "f6c84b9f": {"runs": 4, "balls": 12, "wickets": 0}, "91ffa6c6": {"runs": 11, "balls": 45, "wickets": 1}, "611926bc": {"runs": 5, "balls": 20, "wickets": 0}, "59792462": {"runs": 38, "balls": 44, "wickets": 1}, "bd93fea4": {"runs": 9, "balls": 24, "wickets": 0}, "b20f423b": {"runs": 31, "balls": 52, "wickets": 0}, "9395f98e": {"runs": 22, "balls": 48, "wickets": 0}, "bca21d18": {"runs": 20, "balls": 64, "wickets": 2}, "e9d5218e": {"runs": 1, "balls": 15, "wickets": 1}, "d66edc9a": {"runs": 5, "balls": 36, "wickets": 0}, "7ca5e05d": {"runs": 13, "balls": 18, "wickets": 1}, "addfb70e": {"runs": 0, "balls": 1, "wickets": 0}, "25a42048": {"runs": 3, "balls": 7, "wickets": 0}, "5da34add": {"runs": 34, "balls": 76, "wickets": 1}, "450f6fa6": {"runs": 22, "balls": 16, "wickets": 2}, "a9da7784": {"runs": 3, "balls": 2, "wickets": 0}, "d74d1090": {"runs": 26, "balls": 19, "wickets": 0}, "06c2de82": {"runs": 12, "balls": 10, "wickets": 1}, "d094e7d1": {"runs": 4, "balls": 3, "wickets": 1}, "0f3ee070": {"runs": 29, "balls": 20, "wickets": 1}, "e86754b2": {"runs": 4, "balls": 13, "wickets": 0}, "9a158001": {"runs": 2, "balls": 4, "wickets": 0}, "a15618fe": {"runs": 2, "balls": 3, "wickets": 0}, "1cfac535": {"runs": 2, "balls": 3, "wickets": 1}, "3cf5ae43": {"runs": 0, "balls": 0, "wickets": 0}, "4c0f3806": {"runs": 14, "balls": 44, "wickets": 1}, "94eac556": {"runs": 42, "balls": 70, "wickets": 0}, "be768595": {"runs": 10, "balls": 17, "wickets": 0}, "f7177fd6": {"runs": 12, "balls": 31, "wickets": 1}, "9c7d7cda": {"runs": 19, "balls": 25, "wickets": 0}, "93e06301": {"runs": 1, "balls": 2, "wickets": 0}, "dddc811c": {"runs": 6, "balls": 7, "wickets": 1}, "3987e390": {"runs": 10, "balls": 4, "wickets": 0}, "51e1ed69": {"runs": 18, "balls": 12, "wickets": 1}, "012829ff": {"runs": 2, "balls": 3, "wickets": 0}, "cd143bca": {"runs": 25, "balls": 54, "wickets": 0}, "05d74535": {"runs": 1, "balls": 3, "wickets": 0}, "d346d939": {"runs": 0, "balls": 1, "wickets": 0}, "a510bdd3": {"runs": 20, "balls": 25, "wickets": 0}, "5db1c288": {"runs": 5, "balls": 3, "wickets": 0}, "1a45b864": {"runs": 29, "balls": 67, "wickets": 0}, "eddf25bd": {"runs": 6, "balls": 16, "wickets": 2}, "e22d3b5c": {"runs": 19, "balls": 26, "wickets": 0}, "c4450a69": {"runs": 5, "balls": 12, "wickets": 1}, "ce24059d": {"runs": 12, "balls": 18, "wickets": 0}, "5ac8f17b": {"runs": 22, "balls": 25, "wickets": 1}, "7be8a0ed": {"runs": 15, "balls": 22, "wickets": 1}, "7fa2ab1f": {"runs": 1, "balls": 4, "wickets": 0}, "6355d428": {"runs": 18, "balls": 27, "wickets": 0}, "14373322": {"runs": 15, "balls": 14, "wickets": 0}, "5b6d248a": {"runs": 4, "balls": 12, "wickets": 1}, "7f3f108f": {"runs": 23, "balls": 24, "wickets": 0}, "e84ac20c": {"runs": 32, "balls": 75, "wickets": 1}, "bb351c23": {"runs": 23, "balls": 25, "wickets": 0}, "70fdd428": {"runs": 12, "balls": 15, "wickets": 1}, "9679838c": {"runs": 5, "balls": 10, "wickets": 0}, "069c55b1": {"runs": 16, "balls": 23, "wickets": 1}, "15101f12": {"runs": 4, "balls": 12, "wickets": 2}, "e871a7a1": {"runs": 9, "balls": 26, "wickets": 0}, "402f8494": {"runs": 5, "balls": 32, "wickets": 0}, "f78e7113": {"runs": 7, "balls": 9, "wickets": 1}, "6c6aca89": {"runs": 1, "balls": 5, "wickets": 0}, "cf73ad76": {"runs": 2, "balls": 6, "wickets": 0}, "dda5aae5": {"runs": 2, "balls": 3, "wickets": 0}, "e91de70e": {"runs": 9, "balls": 7, "wickets": 0}, "aac9f784": {"runs": 10, "balls": 5, "wickets": 0}, "8fd1a8f5": {"runs": 3, "balls": 3, "wickets": 0}, "d99cc23a": {"runs": 23, "balls": 14, "wickets": 1}, "fac298ff": {"runs": 1, "balls": 1, "wickets": 0}, "05c2ca46": {"runs": 20, "balls": 8, "wickets": 2}, "fb66ce1f": {"runs": 1, "balls": 2, "wickets": 0}, "1f572ee8": {"runs": 1, "balls": 2, "wickets": 0}, "a73321d3": {"runs": 6, "balls": 6, "wickets": 0}, "98eacfe5": {"runs": 1, "balls": 3, "wickets": 0}, "ffe699c0": {"runs": 9, "balls": 23, "wickets": 0}, "f3abd0c9": {"runs": 49, "balls": 64, "wickets": 3}, "5574750c": {"runs": 19, "balls": 53, "wickets": 1}, "8479a24a": {"runs": 2, "balls": 3, "wickets": 0}, "b3544c5d": {"runs": 7, "balls": 40, "wickets": 2}, "e423d162": {"runs": 3, "balls": 20, "wickets": 0}, "eba6a852": {"runs": 5, "balls": 19, "wickets": 0}, "0e0d43b4": {"runs": 8, "balls": 10, "wickets": 1}, "e412cb64": {"runs": 29, "balls": 38, "wickets": 1}, "65b6943c": {"runs": 19, "balls": 21, "wickets": 0}, "18fac429": {"runs": 12, "balls": 11, "wickets": 0}, "d8256633": {"runs": 1, "balls": 13, "wickets": 0}, "f1eb3c73": {"runs": 22, "balls": 23, "wickets": 0}, "d4eef961": {"runs": 20, "balls": 34, "wickets": 1}, "ad212f96": {"runs": 10, "balls": 4, "wickets": 0}, "1f1b4c89": {"runs": 0, "balls": 2, "wickets": 1}, "4a461c24": {"runs": 2, "balls": 3, "wickets": 0}, "c995d726": {"runs": 15, "balls": 5, "wickets": 0}, "4557dc54": {"runs": 12, "balls": 5, "wickets": 0}, "b2dbe638": {"runs": 14, "balls": 11, "wickets": 0}, "be869ccf": {"runs": 2, "balls": 4, "wickets": 1}, "23638956": {"runs": 2, "balls": 4, "wickets": 0}, "74a274cc": {"runs": 0, "balls": 1, "wickets": 1}, "e94915e6": {"runs": 0, "balls": 2, "wickets": 0}, "8728a058": {"runs": 2, "balls": 2, "wickets": 0}, "495d42a5": {"runs": 6, "balls": 29, "wickets": 1}, "fd8a9b23": {"runs": 14, "balls": 17, "wickets": 0}, "1efd12d1": {"runs": 14, "balls": 25, "wickets": 0}, "6a2fadd0": {"runs": 14, "balls": 12, "wickets": 1}, "350bb1b1": {"runs": 0, "balls": 9, "wickets": 0}, "acee4cc4": {"runs": 13, "balls": 8, "wickets": 0}, "a316d663": {"runs": 13, "balls": 8, "wickets": 0}, "86e0f3f0": {"runs": 4, "balls": 4, "wickets": 1}, "a77472dc": {"runs": 10, "balls": 11, "wickets": 0}, "cd882d22": {"runs": 2, "balls": 7, "wickets": 0}, "5e6d1a54": {"runs": 20, "balls": 15, "wickets": 1}, "0c7f11be": {"runs": 11, "balls": 33, "wickets": 0}, "aa8d28ae": {"runs": 8, "balls": 15, "wickets": 0}, "f4dfcbb4": {"runs": 0, "balls": 4, "wickets": 0}, "1957c6b7": {"runs": 4, "balls": 5, "wickets": 0}, "43205dad": {"runs": 26, "balls": 41, "wickets": 0}, "eaa4cfc2": {"runs": 26, "balls": 107, "wickets": 0}, "bdadf7da": {"runs": 52, "balls": 54, "wickets": 0}, "8f938a32": {"runs": 0, "balls": 13, "wickets": 0}, "7955eb15": {"runs": 4, "balls": 14, "wickets": 0}, "e342e5fb": {"runs": 4, "balls": 2, "wickets": 1}, "59559bc2": {"runs": 7, "balls": 3, "wickets": 0}, "e737a5fe": {"runs": 9, "balls": 22, "wickets": 1}, "e05b2a5b": {"runs": 22, "balls": 33, "wickets": 0}, "e087956b": {"runs": 22, "balls": 43, "wickets": 0}, "4e66ae69": {"runs": 9, "balls": 10, "wickets": 0}, "ad962377": {"runs": 4, "balls": 12, "wickets": 0}, "4fd09cfc": {"runs": 10, "balls": 12, "wickets": 0}, "6daf5e8c": {"runs": 4, "balls": 2, "wickets": 1}, "025a092b": {"runs": 1, "balls": 2, "wickets": 0}, "7cdecc31": {"runs": 19, "balls": 5, "wickets": 0}, "cf494ffe": {"runs": 11, "balls": 4, "wickets": 0}, "ccdd8308": {"runs": 0, "balls": 1, "wickets": 1}, "5bb5a915": {"runs": 8, "balls": 7, "wickets": 0}, "3d65556f": {"runs": 14, "balls": 4, "wickets": 0}, "5f547c8b": {"runs": 8, "balls": 7, "wickets": 1}, "245c97cb": {"runs": 0, "balls": 1, "wickets": 0}, "ac3c3cab": {"runs": 2, "balls": 3, "wickets": 0}, "05b1aef8": {"runs": 14, "balls": 32, "wickets": 0}, "1ccf9e7e": {"runs": 35, "balls": 81, "wickets": 0}, "dadbdb68": {"runs": 26, "balls": 57, "wickets": 1}, "f7b2cbe8": {"runs": 6, "balls": 20, "wickets": 0}, "aa8914ad": {"runs": 30, "balls": 30, "wickets": 1}, "5ca4a6ff": {"runs": 7, "balls": 4, "wickets": 0}, "f8e48647": {"runs": 13, "balls": 57, "wickets": 0}, "9219eff0": {"runs": 14, "balls": 25, "wickets": 1}, "4e520f6c": {"runs": 34, "balls": 33, "wickets": 0}, "f5821615": {"runs": 27, "balls": 73, "wickets": 0}, "ba5e1069": {"runs": 24, "balls": 23, "wickets": 1}, "9ba59a3c": {"runs": 17, "balls": 41, "wickets": 0}, "ac762575": {"runs": 8, "balls": 8, "wickets": 1}, "641ac5ff": {"runs": 68, "balls": 80, "wickets": 2}, "ed90abe4": {"runs": 16, "balls": 8, "wickets": 0}, "dbeb6733": {"runs": 1, "balls": 3, "wickets": 1}, "2e966563": {"runs": 9, "balls": 10, "wickets": 1}, "74a1c1e3": {"runs": 13, "balls": 5, "wickets": 1}, "2f9d0389": {"runs": 4, "balls": 3, "wickets": 0}, "e1891e00": {"runs": 0, "balls": 1, "wickets": 0}, "b03db6fa": {"runs": 46, "balls": 34, "wickets": 2}, "a066c01a": {"runs": 2, "balls": 2, "wickets": 0}, "eade4650": {"runs": 20, "balls": 26, "wickets": 1}, "99528b4b": {"runs": 11, "balls": 12, "wickets": 0}, "7068c81e": {"runs": 15, "balls": 6, "wickets": 0}, "8e9a5d20": {"runs": 2, "balls": 7, "wickets": 0}, "ff4ff5f5": {"runs": 4, "balls": 5, "wickets": 1}, "d285acaf": {"runs": 2, "balls": 8, "wickets": 0}, "ebb1f8e8": {"runs": 16, "balls": 9, "wickets": 0}, "1c06d60a": {"runs": 9, "balls": 6, "wickets": 0}, "63a1874a": {"runs": 11, "balls": 6, "wickets": 0}, "af2c687b": {"runs": 2, "balls": 4, "wickets": 0}, "51a3c5ef": {"runs": 2, "balls": 3, "wickets": 0}, "7fa12533": {"runs": 8, "balls": 6, "wickets": 0}, "ac3e5a31": {"runs": 3, "balls": 3, "wickets": 0}, "79f5bc26": {"runs": 2, "balls": 7, "wickets": 2}, "90701232": {"runs": 2, "balls": 3, "wickets": 0}, "eec5fe00": {"runs": 3, "balls": 3, "wickets": 0}, "f28c7456": {"runs": 5, "balls": 2, "wickets": 0}, "93f25f4f": {"runs": 2, "balls": 5, "wickets": 1}, "94734e80": {"runs": 2, "balls": 3, "wickets": 0}, "861eed37": {"runs": 2, "balls": 2, "wickets": 0}, "2c1438ef": {"runs": 8, "balls": 4, "wickets": 0}}, "fifties": 14, "thirties": 17, "centuries": 3, "maidens": 181.0, "hattricks": 7, "runs": 2440.0, "wickets": 73.0, "club_ODI_previous3_runs": [1.0, 29.0, 0.0], "club_ODI_previous3_wickets": [2.0, 0.0, 0.0], "club_ODI_previous3_balls played": [1.0, 41.0, 7.0], "club_ODI_previous3_overs": [9.0, 6.0, 2.0], "club_ODI_previous3_runs gave": [56.0, 20.0, 15.0], "club_ODI_lifetime_runs": 120.0, "club_ODI_lifetime_wickets": 4.0, "club_ODI_lifetime_balls played": 157.0, "club_ODI_lifetime_overs": 38.0, "club_ODI_lifetime_runs gave": 200.0, "club_Test_previous3_runs": [34.0, 22.0, 101.0], "club_Test_previous3_wickets": [0.0, 0.0, 1.0], "club_Test_previous3_balls played": [40.0, 34.0, 182.0], "club_Test_previous3_overs": [3.0, 0.0, 13.0], "club_Test_previous3_runs gave": [16.0, 0.0, 73.0], "club_Test_lifetime_runs": 1626.0, "club_Test_lifetime_wickets": 45.0, "club_Test_lifetime_balls played": 3199.0, "club_Test_lifetime_overs": 817.5, "club_Test_lifetime_runs gave": 2539.0, "club_T20_previous3_runs": [4.0, 0.0, 9.0], "club_T20_previous3_wickets": [0.0, 0.0, 0.0], "club_T20_previous3_balls played": [4.0, 0.0, 6.0], "club_T20_previous3_overs": [3.0, 0.0, 1.0], "club_T20_previous3_runs gave": [30.0, 0.0, 14.0], "club_T20_lifetime_runs": 694.0, "club_T20_lifetime_wickets": 24.0, "club_T20_lifetime_balls played": 508.0, "club_T20_lifetime_overs": 106.5, "club_T20_lifetime_runs gave": 970.0, "international_ODI_previous3_runs": [], "international_ODI_previous3_wickets": [], "international_ODI_previous3_balls played": [], "international_ODI_previous3_overs": [], "international_ODI_previous3_runs gave": [], "international_ODI_lifetime_runs": 0.0, "international_ODI_lifetime_wickets": 0.0, "international_ODI_lifetime_balls played": 0.0, "international_ODI_lifetime_overs": 0.0, "international_ODI_lifetime_runs gave": 0.0, "international_Test_previous3_runs": [], "international_Test_previous3_wickets": [], "international_Test_previous3_balls played": [], "international_Test_previous3_overs": [], "international_Test_previous3_runs gave": [], "international_Test_lifetime_runs": 0.0, "international_Test_lifetime_wickets": 0.0, "international_Test_lifetime_balls played": 0.0, "international_Test_lifetime_overs": 0.0, "international_Test_lifetime_runs gave": 0.0, "international_T20_previous3_runs": [], "international_T20_previous3_wickets": [], "international_T20_previous3_balls played": [], "international_T20_previous3_overs": [], "international_T20_previous3_runs gave": [], "international_T20_lifetime_runs": 0.0, "international_T20_lifetime_wickets": 0.0, "international_T20_lifetime_balls played": 0.0, "international_T20_lifetime_overs": 0.0, "international_T20_lifetime_runs gave": 0.0}