{"played_against": {"84f1ae7f": {"runs": 2, "balls": 9, "wickets": 0}, "b4bbe95c": {"runs": 5, "balls": 2, "wickets": 0}, "6a434bd3": {"runs": 12, "balls": 16, "wickets": 1}, "287ed3a0": {"runs": 0, "balls": 2, "wickets": 1}, "81c29317": {"runs": 15, "balls": 32, "wickets": 0}, "c29ada99": {"runs": 6, "balls": 29, "wickets": 0}, "cc3884f9": {"runs": 21, "balls": 27, "wickets": 0}, "1f7825dd": {"runs": 1, "balls": 4, "wickets": 1}, "3308d881": {"runs": 3, "balls": 6, "wickets": 1}, "108c4c09": {"runs": 52, "balls": 75, "wickets": 3}, "16443d2f": {"runs": 8, "balls": 13, "wickets": 0}, "63e3b6b3": {"runs": 53, "balls": 75, "wickets": 5}, "0d518f89": {"runs": 15, "balls": 18, "wickets": 0}, "ebe27221": {"runs": 4, "balls": 7, "wickets": 1}, "8c5775f3": {"runs": 17, "balls": 32, "wickets": 1}, "4d4605e6": {"runs": 11, "balls": 9, "wickets": 0}, "7544bf30": {"runs": 11, "balls": 17, "wickets": 0}, "98dfe425": {"runs": 6, "balls": 17, "wickets": 0}, "d4f0c300": {"runs": 5, "balls": 20, "wickets": 0}, "b287e7b1": {"runs": 21, "balls": 59, "wickets": 3}, "2ea9b32c": {"runs": 6, "balls": 6, "wickets": 0}, "3cfbddce": {"runs": 16, "balls": 20, "wickets": 1}, "9714e764": {"runs": 15, "balls": 26, "wickets": 0}, "ed840f44": {"runs": 16, "balls": 40, "wickets": 1}, "60471339": {"runs": 14, "balls": 29, "wickets": 0}, "de69af96": {"runs": 11, "balls": 18, "wickets": 0}, "89bbc67a": {"runs": 4, "balls": 17, "wickets": 1}, "e2410b5e": {"runs": 1, "balls": 2, "wickets": 0}, "8ca1f93a": {"runs": 5, "balls": 2, "wickets": 0}, "72b7ed1e": {"runs": 2, "balls": 2, "wickets": 0}, "9b73d523": {"runs": 3, "balls": 2, "wickets": 0}, "d58fdb42": {"runs": 32, "balls": 31, "wickets": 0}, "d3b4b8ed": {"runs": 9, "balls": 19, "wickets": 0}, "b4f73b44": {"runs": 10, "balls": 7, "wickets": 0}, "0b69a844": {"runs": 17, "balls": 27, "wickets": 0}, "69a9bb78": {"runs": 1, "balls": 3, "wickets": 1}, "17608a6f": {"runs": 4, "balls": 6, "wickets": 2}, "4ed7d23f": {"runs": 7, "balls": 6, "wickets": 0}, "6d76bc23": {"runs": 12, "balls": 20, "wickets": 2}, "a594a6e0": {"runs": 7, "balls": 9, "wickets": 0}, "fe731c62": {"runs": 8, "balls": 17, "wickets": 0}, "0475a86b": {"runs": 10, "balls": 21, "wickets": 0}, "fa8f9dc3": {"runs": 12, "balls": 19, "wickets": 2}, "53d50717": {"runs": 30, "balls": 40, "wickets": 1}, "fb192f98": {"runs": 3, "balls": 3, "wickets": 0}, "ea8b65ab": {"runs": 15, "balls": 23, "wickets": 0}, "9706e64b": {"runs": 19, "balls": 46, "wickets": 1}, "201fef33": {"runs": 12, "balls": 17, "wickets": 0}, "705489eb": {"runs": 4, "balls": 6, "wickets": 0}, "77c88f05": {"runs": 8, "balls": 16, "wickets": 0}, "1b9d1579": {"runs": 11, "balls": 13, "wickets": 1}, "be85b12d": {"runs": 5, "balls": 5, "wickets": 0}, "a4f1fdd4": {"runs": 9, "balls": 10, "wickets": 0}, "f281dd00": {"runs": 7, "balls": 17, "wickets": 0}, "2beae660": {"runs": 13, "balls": 17, "wickets": 0}, "b5341b28": {"runs": 0, "balls": 3, "wickets": 0}, "36dfa62e": {"runs": 4, "balls": 3, "wickets": 0}, "3d689960": {"runs": 20, "balls": 38, "wickets": 0}, "d921449d": {"runs": 7, "balls": 14, "wickets": 0}, "2904b4b6": {"runs": 8, "balls": 10, "wickets": 0}, "c981d3c2": {"runs": 12, "balls": 17, "wickets": 0}, "3b770527": {"runs": 7, "balls": 20, "wickets": 0}, "a92763ea": {"runs": 0, "balls": 2, "wickets": 0}, "005f0561": {"runs": 7, "balls": 13, "wickets": 0}, "752183c1": {"runs": 3, "balls": 5, "wickets": 0}, "bec997fc": {"runs": 0, "balls": 5, "wickets": 0}, "b76fd014": {"runs": 0, "balls": 1, "wickets": 1}, "8d6b36e3": {"runs": 0, "balls": 1, "wickets": 1}, "cde96d97": {"runs": 0, "balls": 4, "wickets": 1}, "53cd8da6": {"runs": 7, "balls": 4, "wickets": 0}, "a49985e6": {"runs": 16, "balls": 15, "wickets": 0}, "42d9dd09": {"runs": 7, "balls": 10, "wickets": 0}, "d32cf49a": {"runs": 6, "balls": 7, "wickets": 0}, "ce85fcaf": {"runs": 13, "balls": 15, "wickets": 1}, "47fb8d80": {"runs": 10, "balls": 17, "wickets": 2}, "5463cb7a": {"runs": 2, "balls": 2, "wickets": 0}, "6e28e586": {"runs": 6, "balls": 14, "wickets": 0}, "32497ecd": {"runs": 8, "balls": 25, "wickets": 0}, "1ade138e": {"runs": 0, "balls": 2, "wickets": 0}, "f3a18a0c": {"runs": 6, "balls": 8, "wickets": 0}, "c6a019f5": {"runs": 6, "balls": 7, "wickets": 0}, "4d35d0b3": {"runs": 0, "balls": 4, "wickets": 0}, "53bb50f0": {"runs": 8, "balls": 16, "wickets": 0}, "821d7d46": {"runs": 18, "balls": 19, "wickets": 0}, "ea9c54de": {"runs": 7, "balls": 5, "wickets": 0}, "66078174": {"runs": 5, "balls": 9, "wickets": 0}, "ad3940a5": {"runs": 4, "balls": 8, "wickets": 0}, "558cdd64": {"runs": 11, "balls": 19, "wickets": 0}, "fb0c0bcc": {"runs": 4, "balls": 11, "wickets": 1}, "2b425403": {"runs": 0, "balls": 2, "wickets": 0}, "ea544967": {"runs": 4, "balls": 4, "wickets": 1}}, "fifties": 1, "thirties": 11, "centuries": 0, "maidens": 0.0, "hattricks": 0, "runs": 842.0, "wickets": 0.0, "club_ODI_previous3_runs": [], "club_ODI_previous3_wickets": [], "club_ODI_previous3_balls played": [], "club_ODI_previous3_overs": [], "club_ODI_previous3_runs gave": [], "club_ODI_lifetime_runs": 0.0, "club_ODI_lifetime_wickets": 0.0, "club_ODI_lifetime_balls played": 0.0, "club_ODI_lifetime_overs": 0.0, "club_ODI_lifetime_runs gave": 0.0, "club_Test_previous3_runs": [], "club_Test_previous3_wickets": [], "club_Test_previous3_balls played": [], "club_Test_previous3_overs": [], "club_Test_previous3_runs gave": [], "club_Test_lifetime_runs": 0.0, "club_Test_lifetime_wickets": 0.0, "club_Test_lifetime_balls played": 0.0, "club_Test_lifetime_overs": 0.0, "club_Test_lifetime_runs gave": 0.0, "club_T20_previous3_runs": [], "club_T20_previous3_wickets": [], "club_T20_previous3_balls played": [], "club_T20_previous3_overs": [], "club_T20_previous3_runs gave": [], "club_T20_lifetime_runs": 0.0, "club_T20_lifetime_wickets": 0.0, "club_T20_lifetime_balls played": 0.0, "club_T20_lifetime_overs": 0.0, "club_T20_lifetime_runs gave": 0.0, "international_ODI_previous3_runs": [20.0, 24.0, 4.0], "international_ODI_previous3_wickets": [0.0, 0.0, 0.0], "international_ODI_previous3_balls played": [42.0, 47.0, 6.0], "international_ODI_previous3_overs": [0.0, 0.0, 0.0], "international_ODI_previous3_runs gave": [0.0, 0.0, 0.0], "international_ODI_lifetime_runs": 677.0, "international_ODI_lifetime_wickets": 0.0, "international_ODI_lifetime_balls played": 1200.0, "international_ODI_lifetime_overs": 0.0, "international_ODI_lifetime_runs gave": 0.0, "international_Test_previous3_runs": [], "international_Test_previous3_wickets": [], "international_Test_previous3_balls played": [], "international_Test_previous3_overs": [], "international_Test_previous3_runs gave": [], "international_Test_lifetime_runs": 0.0, "international_Test_lifetime_wickets": 0.0, "international_Test_lifetime_balls played": 0.0, "international_Test_lifetime_overs": 0.0, "international_Test_lifetime_runs gave": 0.0, "international_T20_previous3_runs": [15.0, 7.0, 0.0], "international_T20_previous3_wickets": [0.0, 0.0, 0.0], "international_T20_previous3_balls played": [15.0, 13.0, 2.0], "international_T20_previous3_overs": [0.0, 0.0, 0.0], "international_T20_previous3_runs gave": [0.0, 0.0, 0.0], "international_T20_lifetime_runs": 165.0, "international_T20_lifetime_wickets": 0.0, "international_T20_lifetime_balls played": 206.0, "international_T20_lifetime_overs": 0.0, "international_T20_lifetime_runs gave": 0.0}