{"played_against": {"cf73ad76": {"runs": 54, "balls": 84, "wickets": 2}, "4f629497": {"runs": 31, "balls": 42, "wickets": 1}, "3eac9d95": {"runs": 23, "balls": 33, "wickets": 0}, "d7c6af50": {"runs": 105, "balls": 127, "wickets": 1}, "05e0fab5": {"runs": 52, "balls": 77, "wickets": 0}, "99639abf": {"runs": 6, "balls": 11, "wickets": 0}, "525c3f54": {"runs": 5, "balls": 9, "wickets": 1}, "7d7ab238": {"runs": 12, "balls": 24, "wickets": 0}, "aab3e7be": {"runs": 4, "balls": 7, "wickets": 1}, "91a4a398": {"runs": 27, "balls": 27, "wickets": 1}, "fa463154": {"runs": 16, "balls": 18, "wickets": 0}, "6b8eb6e5": {"runs": 32, "balls": 21, "wickets": 0}, "8b5b6769": {"runs": 52, "balls": 52, "wickets": 1}, "725529bc": {"runs": 18, "balls": 23, "wickets": 0}, "8ba8195d": {"runs": 18, "balls": 21, "wickets": 0}, "fbc5c0c6": {"runs": 30, "balls": 20, "wickets": 0}, "54725e8b": {"runs": 8, "balls": 7, "wickets": 0}, "4487cc09": {"runs": 4, "balls": 5, "wickets": 0}, "543d3e69": {"runs": 4, "balls": 5, "wickets": 0}, "da045dea": {"runs": 9, "balls": 7, "wickets": 0}, "7dc35884": {"runs": 41, "balls": 32, "wickets": 0}, "b743f01b": {"runs": 19, "balls": 48, "wickets": 0}, "7ff3fcaa": {"runs": 16, "balls": 10, "wickets": 0}, "888e32bf": {"runs": 41, "balls": 50, "wickets": 1}, "e186f49c": {"runs": 39, "balls": 32, "wickets": 0}, "f0f628c7": {"runs": 11, "balls": 15, "wickets": 0}, "d2c2b2d5": {"runs": 19, "balls": 25, "wickets": 0}, "d1c94b25": {"runs": 1, "balls": 6, "wickets": 0}, "6b0c3a20": {"runs": 4, "balls": 13, "wickets": 0}, "86dc8f2e": {"runs": 4, "balls": 7, "wickets": 0}, "83904270": {"runs": 35, "balls": 52, "wickets": 1}, "db584dad": {"runs": 12, "balls": 14, "wickets": 1}, "36d33dd0": {"runs": 2, "balls": 8, "wickets": 1}, "87e562a9": {"runs": 38, "balls": 31, "wickets": 2}, "a7489342": {"runs": 5, "balls": 3, "wickets": 0}, "ddc0828d": {"runs": 1, "balls": 3, "wickets": 1}, "5a37ec26": {"runs": 48, "balls": 77, "wickets": 0}, "a386e91b": {"runs": 27, "balls": 40, "wickets": 1}, "e97aefe2": {"runs": 5, "balls": 4, "wickets": 0}, "d12143bf": {"runs": 21, "balls": 28, "wickets": 0}, "4c61a0f9": {"runs": 24, "balls": 49, "wickets": 2}, "ee7d0c82": {"runs": 10, "balls": 25, "wickets": 0}, "addfb70e": {"runs": 21, "balls": 25, "wickets": 0}, "f708a0bc": {"runs": 31, "balls": 65, "wickets": 2}, "bd77eb62": {"runs": 10, "balls": 10, "wickets": 0}, "f842c2cf": {"runs": 29, "balls": 28, "wickets": 1}, "f5821615": {"runs": 4, "balls": 6, "wickets": 0}, "57efa3be": {"runs": 8, "balls": 18, "wickets": 0}, "4329fbb5": {"runs": 16, "balls": 32, "wickets": 0}, "2bb09eb2": {"runs": 2, "balls": 9, "wickets": 1}, "090f9211": {"runs": 13, "balls": 30, "wickets": 0}, "1ec36a1e": {"runs": 5, "balls": 7, "wickets": 0}, "86cd782f": {"runs": 9, "balls": 10, "wickets": 1}, "4948a447": {"runs": 33, "balls": 45, "wickets": 0}, "53bc7b84": {"runs": 7, "balls": 3, "wickets": 0}, "753b5a2d": {"runs": 0, "balls": 1, "wickets": 0}, "68c3f79d": {"runs": 5, "balls": 3, "wickets": 0}, "e03b66ec": {"runs": 15, "balls": 4, "wickets": 0}, "64d43928": {"runs": 3, "balls": 9, "wickets": 1}, "9ab63e7b": {"runs": 13, "balls": 12, "wickets": 0}, "0dc00542": {"runs": 37, "balls": 50, "wickets": 1}, "bf1d7d3e": {"runs": 18, "balls": 25, "wickets": 0}, "dd09ff8e": {"runs": 26, "balls": 36, "wickets": 3}, "f5180fe6": {"runs": 48, "balls": 71, "wickets": 1}, "a3bfec5d": {"runs": 29, "balls": 50, "wickets": 2}, "221ad9d9": {"runs": 38, "balls": 44, "wickets": 0}, "eba6a852": {"runs": 43, "balls": 72, "wickets": 3}, "9dca07d7": {"runs": 33, "balls": 59, "wickets": 0}, "7ca5e05d": {"runs": 35, "balls": 60, "wickets": 0}, "7bf96684": {"runs": 8, "balls": 9, "wickets": 0}, "60dac349": {"runs": 24, "balls": 44, "wickets": 1}, "dc0f5506": {"runs": 9, "balls": 21, "wickets": 1}, "c16d2e28": {"runs": 13, "balls": 40, "wickets": 2}, "39f01cdb": {"runs": 4, "balls": 3, "wickets": 0}, "2498e163": {"runs": 12, "balls": 32, "wickets": 0}, "5bb1a1c4": {"runs": 16, "balls": 19, "wickets": 1}, "5fa06777": {"runs": 25, "balls": 25, "wickets": 0}, "e938e1bc": {"runs": 22, "balls": 26, "wickets": 2}, "4180d897": {"runs": 34, "balls": 76, "wickets": 2}, "a7c226e1": {"runs": 37, "balls": 37, "wickets": 0}, "c03c6200": {"runs": 26, "balls": 31, "wickets": 0}, "364ee2cf": {"runs": 15, "balls": 22, "wickets": 1}, "342d8ade": {"runs": 6, "balls": 3, "wickets": 0}, "5f4e9e8f": {"runs": 8, "balls": 6, "wickets": 0}, "a45a5e8d": {"runs": 1, "balls": 2, "wickets": 1}, "7d3937ed": {"runs": 2, "balls": 2, "wickets": 0}, "034b4b7d": {"runs": 16, "balls": 6, "wickets": 0}, "ba607b88": {"runs": 0, "balls": 2, "wickets": 1}, "54279e23": {"runs": 7, "balls": 8, "wickets": 1}, "eb7af112": {"runs": 3, "balls": 6, "wickets": 1}, "ae6746e0": {"runs": 3, "balls": 3, "wickets": 0}, "9018bf65": {"runs": 23, "balls": 24, "wickets": 0}, "64c34cd0": {"runs": 12, "balls": 7, "wickets": 0}, "b3118300": {"runs": 4, "balls": 4, "wickets": 0}, "6c6591ab": {"runs": 24, "balls": 22, "wickets": 0}, "740742ef": {"runs": 3, "balls": 4, "wickets": 0}, "c3d1402f": {"runs": 1, "balls": 3, "wickets": 0}, "3c6ffae8": {"runs": 0, "balls": 0, "wickets": 0}, "fe93fd9d": {"runs": 1, "balls": 5, "wickets": 0}, "8ea6e670": {"runs": 1, "balls": 1, "wickets": 0}, "89f64c19": {"runs": 1, "balls": 1, "wickets": 0}, "16dfcc19": {"runs": 19, "balls": 24, "wickets": 2}, "05d74535": {"runs": 8, "balls": 12, "wickets": 0}, "c942a53b": {"runs": 4, "balls": 4, "wickets": 1}, "243431b5": {"runs": 0, "balls": 2, "wickets": 0}, "5673a3fc": {"runs": 12, "balls": 10, "wickets": 1}, "7fb32e5b": {"runs": 5, "balls": 5, "wickets": 1}, "a757b0d8": {"runs": 0, "balls": 3, "wickets": 0}, "390ff45b": {"runs": 1, "balls": 2, "wickets": 0}, "02e83ac5": {"runs": 2, "balls": 3, "wickets": 0}, "66b30f71": {"runs": 5, "balls": 3, "wickets": 0}, "43936951": {"runs": 14, "balls": 13, "wickets": 0}, "d027ba9f": {"runs": 6, "balls": 13, "wickets": 0}, "96fd40ae": {"runs": 7, "balls": 6, "wickets": 0}, "502b2c81": {"runs": 39, "balls": 42, "wickets": 2}, "94eac556": {"runs": 11, "balls": 15, "wickets": 0}, "3fb19989": {"runs": 9, "balls": 21, "wickets": 1}, "10a91f35": {"runs": 8, "balls": 5, "wickets": 0}, "d094e7d1": {"runs": 23, "balls": 27, "wickets": 0}, "49691d7a": {"runs": 4, "balls": 2, "wickets": 1}, "de3acffe": {"runs": 2, "balls": 10, "wickets": 0}, "91ffa6c6": {"runs": 9, "balls": 6, "wickets": 0}, "13c35c9e": {"runs": 0, "balls": 2, "wickets": 1}, "45c2196c": {"runs": 6, "balls": 8, "wickets": 0}, "f752db61": {"runs": 4, "balls": 10, "wickets": 0}, "012829ff": {"runs": 3, "balls": 15, "wickets": 0}, "fd835ab3": {"runs": 3, "balls": 3, "wickets": 0}, "086f5984": {"runs": 0, "balls": 1, "wickets": 1}, "5441db8c": {"runs": 2, "balls": 2, "wickets": 0}}, "fifties": 13, "thirties": 10, "centuries": 2, "maidens": 3.0, "hattricks": 0, "runs": 2031.0, "wickets": 2.0, "club_ODI_previous3_runs": [], "club_ODI_previous3_wickets": [], "club_ODI_previous3_balls played": [], "club_ODI_previous3_overs": [], "club_ODI_previous3_runs gave": [], "club_ODI_lifetime_runs": 0.0, "club_ODI_lifetime_wickets": 0.0, "club_ODI_lifetime_balls played": 0.0, "club_ODI_lifetime_overs": 0.0, "club_ODI_lifetime_runs gave": 0.0, "club_Test_previous3_runs": [], "club_Test_previous3_wickets": [], "club_Test_previous3_balls played": [], "club_Test_previous3_overs": [], "club_Test_previous3_runs gave": [], "club_Test_lifetime_runs": 0.0, "club_Test_lifetime_wickets": 0.0, "club_Test_lifetime_balls played": 0.0, "club_Test_lifetime_overs": 0.0, "club_Test_lifetime_runs gave": 0.0, "club_T20_previous3_runs": [17.0, 23.0, 0.0], "club_T20_previous3_wickets": [0.0, 0.0, 0.0], "club_T20_previous3_balls played": [13.0, 10.0, 2.0], "club_T20_previous3_overs": [0.0, 0.0, 1.0], "club_T20_previous3_runs gave": [0.0, 0.0, 21.0], "club_T20_lifetime_runs": 40.0, "club_T20_lifetime_wickets": 0.0, "club_T20_lifetime_balls played": 25.0, "club_T20_lifetime_overs": 1.0, "club_T20_lifetime_runs gave": 21.0, "international_ODI_previous3_runs": [0.0, 63.0, 1.0], "international_ODI_previous3_wickets": [0.0, 0.0, 0.0], "international_ODI_previous3_balls played": [2.0, 71.0, 6.0], "international_ODI_previous3_overs": [0.0, 0.0, 0.0], "international_ODI_previous3_runs gave": [0.0, 0.0, 0.0], "international_ODI_lifetime_runs": 1279.0, "international_ODI_lifetime_wickets": 1.0, "international_ODI_lifetime_balls played": 1742.0, "international_ODI_lifetime_overs": 7.0, "international_ODI_lifetime_runs gave": 34.0, "international_Test_previous3_runs": [49.0, 1.0, 89.0], "international_Test_previous3_wickets": [1.0, 0.0, 0.0], "international_Test_previous3_balls played": [105.0, 26.0, 132.0], "international_Test_previous3_overs": [13.0, 2.0, 2.0], "international_Test_previous3_runs gave": [57.0, 3.0, 5.0], "international_Test_lifetime_runs": 537.0, "international_Test_lifetime_wickets": 1.0, "international_Test_lifetime_balls played": 841.0, "international_Test_lifetime_overs": 17.0, "international_Test_lifetime_runs gave": 65.0, "international_T20_previous3_runs": [11.0, 14.0, 4.0], "international_T20_previous3_wickets": [0.0, 0.0, 0.0], "international_T20_previous3_balls played": [12.0, 19.0, 8.0], "international_T20_previous3_overs": [0.0, 0.0, 0.0], "international_T20_previous3_runs gave": [0.0, 0.0, 0.0], "international_T20_lifetime_runs": 175.0, "international_T20_lifetime_wickets": 0.0, "international_T20_lifetime_balls played": 175.0, "international_T20_lifetime_overs": 3.0, "international_T20_lifetime_runs gave": 16.0}