{"played_against": {"26ff4c29": {"runs": 7, "balls": 5, "wickets": 0}, "cf73ad76": {"runs": 3, "balls": 3, "wickets": 0}, "f0f628c7": {"runs": 0, "balls": 2, "wickets": 1}, "87e562a9": {"runs": 24, "balls": 13, "wickets": 1}, "f3171936": {"runs": 2, "balls": 2, "wickets": 1}, "98ae73b1": {"runs": 2, "balls": 2, "wickets": 0}, "e938e1bc": {"runs": 6, "balls": 4, "wickets": 0}, "1a0c3177": {"runs": 0, "balls": 1, "wickets": 1}, "addfb70e": {"runs": 10, "balls": 4, "wickets": 0}, "41eb4a4f": {"runs": 17, "balls": 13, "wickets": 2}, "2e81a32d": {"runs": 1, "balls": 1, "wickets": 0}, "66b30f71": {"runs": 9, "balls": 7, "wickets": 0}, "abfeb126": {"runs": 6, "balls": 8, "wickets": 0}, "c3d1402f": {"runs": 1, "balls": 4, "wickets": 2}, "5bb5a915": {"runs": 5, "balls": 5, "wickets": 1}, "cc1e8c68": {"runs": 20, "balls": 9, "wickets": 0}, "9d430b40": {"runs": 1, "balls": 1, "wickets": 0}, "4c4fa80b": {"runs": 3, "balls": 4, "wickets": 1}, "3d8feaf8": {"runs": 3, "balls": 3, "wickets": 0}, "896d78ad": {"runs": 25, "balls": 12, "wickets": 0}, "9a158001": {"runs": 2, "balls": 3, "wickets": 0}, "ae78bc32": {"runs": 5, "balls": 4, "wickets": 0}, "fb66ce1f": {"runs": 11, "balls": 5, "wickets": 0}, "759ac88f": {"runs": 7, "balls": 2, "wickets": 0}, "808f425a": {"runs": 2, "balls": 2, "wickets": 0}, "bd17b45f": {"runs": 4, "balls": 4, "wickets": 1}, "557153ca": {"runs": 8, "balls": 5, "wickets": 0}, "7c503806": {"runs": 0, "balls": 2, "wickets": 0}, "96fd40ae": {"runs": 7, "balls": 8, "wickets": 1}, "6aed7e79": {"runs": 3, "balls": 4, "wickets": 0}, "13c35c9e": {"runs": 9, "balls": 3, "wickets": 0}, "2e8994e7": {"runs": 1, "balls": 1, "wickets": 0}, "acee4cc4": {"runs": 2, "balls": 2, "wickets": 0}, "56ab442f": {"runs": 0, "balls": 1, "wickets": 0}, "f5180fe6": {"runs": 7, "balls": 3, "wickets": 0}, "69be866a": {"runs": 2, "balls": 2, "wickets": 0}, "ce820073": {"runs": 13, "balls": 3, "wickets": 0}, "8b5b6769": {"runs": 11, "balls": 8, "wickets": 0}, "a12e1d51": {"runs": 3, "balls": 4, "wickets": 0}, "a757b0d8": {"runs": 3, "balls": 3, "wickets": 1}, "6c6591ab": {"runs": 4, "balls": 5, "wickets": 0}, "c14721ab": {"runs": 5, "balls": 6, "wickets": 1}, "c18496e1": {"runs": 6, "balls": 6, "wickets": 0}, "0d64d81c": {"runs": 7, "balls": 7, "wickets": 0}, "8812869d": {"runs": 3, "balls": 4, "wickets": 0}, "b2b23612": {"runs": 8, "balls": 3, "wickets": 0}, "3bc10d5b": {"runs": 11, "balls": 6, "wickets": 0}, "b40d4f63": {"runs": 2, "balls": 3, "wickets": 1}, "8254ea06": {"runs": 1, "balls": 4, "wickets": 0}, "1ea4fbd5": {"runs": 6, "balls": 5, "wickets": 1}, "ec9fc54b": {"runs": 2, "balls": 2, "wickets": 0}, "fe5f2e48": {"runs": 3, "balls": 4, "wickets": 0}, "e1e7f950": {"runs": 1, "balls": 3, "wickets": 0}, "57ee1fde": {"runs": 13, "balls": 7, "wickets": 0}, "9170ff49": {"runs": 18, "balls": 9, "wickets": 0}, "4329fbb5": {"runs": 3, "balls": 5, "wickets": 1}, "bbd41817": {"runs": 4, "balls": 3, "wickets": 0}, "249abedf": {"runs": 5, "balls": 3, "wickets": 0}, "ddb00822": {"runs": 10, "balls": 7, "wickets": 1}, "8f77af6b": {"runs": 6, "balls": 4, "wickets": 0}, "2d209101": {"runs": 0, "balls": 1, "wickets": 1}, "957532de": {"runs": 5, "balls": 5, "wickets": 0}, "66cf56a5": {"runs": 3, "balls": 3, "wickets": 0}, "cb4f31e2": {"runs": 8, "balls": 6, "wickets": 0}, "5d3d423a": {"runs": 3, "balls": 3, "wickets": 0}, "791c088d": {"runs": 7, "balls": 3, "wickets": 1}, "f19ccfad": {"runs": 1, "balls": 2, "wickets": 0}, "33ffc3dd": {"runs": 2, "balls": 4, "wickets": 1}, "f705d984": {"runs": 1, "balls": 3, "wickets": 0}, "df72675b": {"runs": 0, "balls": 1, "wickets": 1}, "db31895a": {"runs": 0, "balls": 2, "wickets": 0}, "7210d461": {"runs": 1, "balls": 1, "wickets": 0}, "3b63b5cc": {"runs": 5, "balls": 4, "wickets": 0}, "a671ad8b": {"runs": 2, "balls": 2, "wickets": 0}, "2a6afc6f": {"runs": 8, "balls": 6, "wickets": 0}, "f10e94c4": {"runs": 0, "balls": 1, "wickets": 1}, "c8f697bd": {"runs": 4, "balls": 3, "wickets": 0}, "c15706c8": {"runs": 2, "balls": 2, "wickets": 1}}, "fifties": 0, "thirties": 3, "centuries": 0, "maidens": 0.0, "hattricks": 1, "runs": 415.0, "wickets": 17.0, "club_ODI_previous3_runs": [], "club_ODI_previous3_wickets": [], "club_ODI_previous3_balls played": [], "club_ODI_previous3_overs": [], "club_ODI_previous3_runs gave": [], "club_ODI_lifetime_runs": 0.0, "club_ODI_lifetime_wickets": 0.0, "club_ODI_lifetime_balls played": 0.0, "club_ODI_lifetime_overs": 0.0, "club_ODI_lifetime_runs gave": 0.0, "club_Test_previous3_runs": [], "club_Test_previous3_wickets": [], "club_Test_previous3_balls played": [], "club_Test_previous3_overs": [], "club_Test_previous3_runs gave": [], "club_Test_lifetime_runs": 0.0, "club_Test_lifetime_wickets": 0.0, "club_Test_lifetime_balls played": 0.0, "club_Test_lifetime_overs": 0.0, "club_Test_lifetime_runs gave": 0.0, "club_T20_previous3_runs": [1.0, 16.0, 6.0], "club_T20_previous3_wickets": [0.0, 1.0, 0.0], "club_T20_previous3_balls played": [4.0, 16.0, 5.0], "club_T20_previous3_overs": [2.0, 4.0, 2.0], "club_T20_previous3_runs gave": [16.0, 33.0, 21.0], "club_T20_lifetime_runs": 415.0, "club_T20_lifetime_wickets": 17.0, "club_T20_lifetime_balls played": 320.0, "club_T20_lifetime_overs": 64.33333333333334, "club_T20_lifetime_runs gave": 594.0, "international_ODI_previous3_runs": [], "international_ODI_previous3_wickets": [], "international_ODI_previous3_balls played": [], "international_ODI_previous3_overs": [], "international_ODI_previous3_runs gave": [], "international_ODI_lifetime_runs": 0.0, "international_ODI_lifetime_wickets": 0.0, "international_ODI_lifetime_balls played": 0.0, "international_ODI_lifetime_overs": 0.0, "international_ODI_lifetime_runs gave": 0.0, "international_Test_previous3_runs": [], "international_Test_previous3_wickets": [], "international_Test_previous3_balls played": [], "international_Test_previous3_overs": [], "international_Test_previous3_runs gave": [], "international_Test_lifetime_runs": 0.0, "international_Test_lifetime_wickets": 0.0, "international_Test_lifetime_balls played": 0.0, "international_Test_lifetime_overs": 0.0, "international_Test_lifetime_runs gave": 0.0, "international_T20_previous3_runs": [], "international_T20_previous3_wickets": [], "international_T20_previous3_balls played": [], "international_T20_previous3_overs": [], "international_T20_previous3_runs gave": [], "international_T20_lifetime_runs": 0.0, "international_T20_lifetime_wickets": 0.0, "international_T20_lifetime_balls played": 0.0, "international_T20_lifetime_overs": 0.0, "international_T20_lifetime_runs gave": 0.0}