{"played_against": {"b858be20": {"runs": 0, "balls": 3, "wickets": 0}, "c024db94": {"runs": 1, "balls": 4, "wickets": 0}, "34464143": {"runs": 3, "balls": 16, "wickets": 1}, "80089b3a": {"runs": 0, "balls": 2, "wickets": 0}, "b7db83eb": {"runs": 1, "balls": 2, "wickets": 1}, "847b4bdd": {"runs": 6, "balls": 7, "wickets": 0}, "c6614fc0": {"runs": 0, "balls": 1, "wickets": 0}, "65a60be7": {"runs": 3, "balls": 9, "wickets": 0}, "5fe3709e": {"runs": 7, "balls": 6, "wickets": 1}, "13501ff4": {"runs": 2, "balls": 5, "wickets": 0}, "5a970aab": {"runs": 7, "balls": 8, "wickets": 0}, "69caf2be": {"runs": 13, "balls": 16, "wickets": 0}, "38702fb5": {"runs": 14, "balls": 10, "wickets": 0}, "34ab1e6e": {"runs": 38, "balls": 27, "wickets": 3}, "745a474b": {"runs": 1, "balls": 1, "wickets": 0}, "4393e047": {"runs": 4, "balls": 6, "wickets": 0}, "008a024c": {"runs": 5, "balls": 7, "wickets": 0}, "6579788b": {"runs": 5, "balls": 5, "wickets": 1}, "7ae1aad9": {"runs": 3, "balls": 3, "wickets": 0}, "18ae55e4": {"runs": 4, "balls": 5, "wickets": 0}, "a96b36af": {"runs": 4, "balls": 7, "wickets": 0}, "98614193": {"runs": 5, "balls": 5, "wickets": 1}, "9e0bd203": {"runs": 1, "balls": 6, "wickets": 0}, "f8035c2a": {"runs": 2, "balls": 5, "wickets": 1}, "6b46ce43": {"runs": 4, "balls": 4, "wickets": 0}, "f28a60e0": {"runs": 3, "balls": 6, "wickets": 1}, "cbabd6ad": {"runs": 2, "balls": 3, "wickets": 0}, "7ecb9a14": {"runs": 1, "balls": 2, "wickets": 1}, "934b36a6": {"runs": 8, "balls": 15, "wickets": 0}, "bd0a4a7d": {"runs": 3, "balls": 4, "wickets": 1}, "33b3d2df": {"runs": 2, "balls": 6, "wickets": 0}, "29b89ae8": {"runs": 5, "balls": 6, "wickets": 0}, "99cddc5e": {"runs": 4, "balls": 4, "wickets": 0}, "d3851cd8": {"runs": 0, "balls": 2, "wickets": 0}, "a2eac9df": {"runs": 4, "balls": 6, "wickets": 1}, "65122d56": {"runs": 8, "balls": 6, "wickets": 0}, "8f70fff7": {"runs": 25, "balls": 28, "wickets": 0}, "809ab8d4": {"runs": 18, "balls": 11, "wickets": 0}, "c556b9d2": {"runs": 19, "balls": 14, "wickets": 0}, "3951be49": {"runs": 1, "balls": 2, "wickets": 1}, "4a2159dc": {"runs": 5, "balls": 2, "wickets": 0}, "29ee9bf9": {"runs": 11, "balls": 12, "wickets": 0}, "0848ac5f": {"runs": 14, "balls": 21, "wickets": 0}, "91056862": {"runs": 3, "balls": 5, "wickets": 1}, "34e36b65": {"runs": 10, "balls": 9, "wickets": 2}, "49118dc7": {"runs": 16, "balls": 5, "wickets": 0}, "7fa6bd8e": {"runs": 2, "balls": 2, "wickets": 0}, "753b5a2d": {"runs": 3, "balls": 4, "wickets": 0}, "6cedad99": {"runs": 4, "balls": 3, "wickets": 1}, "2b7609f1": {"runs": 5, "balls": 3, "wickets": 1}, "0d0f0385": {"runs": 2, "balls": 3, "wickets": 0}, "f33cfd25": {"runs": 2, "balls": 3, "wickets": 0}, "2af28253": {"runs": 0, "balls": 2, "wickets": 1}, "6d5983d4": {"runs": 1, "balls": 6, "wickets": 1}, "7a787b98": {"runs": 22, "balls": 7, "wickets": 0}, "725c73f2": {"runs": 9, "balls": 3, "wickets": 0}, "fde53ec1": {"runs": 22, "balls": 7, "wickets": 1}, "9238dd92": {"runs": 5, "balls": 7, "wickets": 0}, "26c9b5be": {"runs": 2, "balls": 2, "wickets": 0}, "b38a9f73": {"runs": 13, "balls": 8, "wickets": 0}, "bc3fc527": {"runs": 8, "balls": 6, "wickets": 1}, "f99a219a": {"runs": 1, "balls": 2, "wickets": 0}, "3ac13a94": {"runs": 3, "balls": 4, "wickets": 1}, "3239c8a9": {"runs": 3, "balls": 7, "wickets": 0}, "7213d757": {"runs": 4, "balls": 5, "wickets": 1}, "a1448a10": {"runs": 5, "balls": 7, "wickets": 0}, "afe8ff08": {"runs": 7, "balls": 7, "wickets": 1}, "4286e899": {"runs": 1, "balls": 1, "wickets": 0}, "c74c583b": {"runs": 4, "balls": 2, "wickets": 1}, "11a22126": {"runs": 7, "balls": 9, "wickets": 0}, "c381cec5": {"runs": 2, "balls": 3, "wickets": 0}, "090f96e4": {"runs": 2, "balls": 2, "wickets": 0}, "ba57fb08": {"runs": 4, "balls": 3, "wickets": 1}, "d047f983": {"runs": 5, "balls": 10, "wickets": 0}, "3df8f9d5": {"runs": 3, "balls": 5, "wickets": 1}, "46a7ac78": {"runs": 2, "balls": 2, "wickets": 0}, "269cc4ff": {"runs": 1, "balls": 1, "wickets": 0}, "26d041c4": {"runs": 3, "balls": 7, "wickets": 0}, "b08252b8": {"runs": 1, "balls": 1, "wickets": 0}, "6e3f5a5c": {"runs": 6, "balls": 5, "wickets": 1}, "f468293b": {"runs": 3, "balls": 5, "wickets": 0}, "bb134e5c": {"runs": 2, "balls": 3, "wickets": 0}, "1688f2dc": {"runs": 9, "balls": 6, "wickets": 0}, "aa8d28ae": {"runs": 3, "balls": 7, "wickets": 0}, "4043e3b0": {"runs": 10, "balls": 7, "wickets": 0}, "75be3b2a": {"runs": 0, "balls": 2, "wickets": 0}, "d1d83db3": {"runs": 0, "balls": 3, "wickets": 0}, "2343b4bf": {"runs": 4, "balls": 7, "wickets": 0}, "2e4d5f94": {"runs": 1, "balls": 2, "wickets": 0}, "ffc308ee": {"runs": 1, "balls": 2, "wickets": 0}, "06fc82b8": {"runs": 2, "balls": 5, "wickets": 1}, "21b67523": {"runs": 8, "balls": 7, "wickets": 2}, "d7e51f87": {"runs": 3, "balls": 2, "wickets": 0}, "eb4f9c61": {"runs": 8, "balls": 5, "wickets": 0}}, "fifties": 1, "thirties": 1, "centuries": 0, "maidens": 6.0, "hattricks": 3, "runs": 513.0, "wickets": 52.0, "club_ODI_previous3_runs": [], "club_ODI_previous3_wickets": [], "club_ODI_previous3_balls played": [], "club_ODI_previous3_overs": [], "club_ODI_previous3_runs gave": [], "club_ODI_lifetime_runs": 0.0, "club_ODI_lifetime_wickets": 0.0, "club_ODI_lifetime_balls played": 0.0, "club_ODI_lifetime_overs": 0.0, "club_ODI_lifetime_runs gave": 0.0, "club_Test_previous3_runs": [], "club_Test_previous3_wickets": [], "club_Test_previous3_balls played": [], "club_Test_previous3_overs": [], "club_Test_previous3_runs gave": [], "club_Test_lifetime_runs": 0.0, "club_Test_lifetime_wickets": 0.0, "club_Test_lifetime_balls played": 0.0, "club_Test_lifetime_overs": 0.0, "club_Test_lifetime_runs gave": 0.0, "club_T20_previous3_runs": [], "club_T20_previous3_wickets": [], "club_T20_previous3_balls played": [], "club_T20_previous3_overs": [], "club_T20_previous3_runs gave": [], "club_T20_lifetime_runs": 0.0, "club_T20_lifetime_wickets": 0.0, "club_T20_lifetime_balls played": 0.0, "club_T20_lifetime_overs": 0.0, "club_T20_lifetime_runs gave": 0.0, "international_ODI_previous3_runs": [15.0, 1.0, 9.0], "international_ODI_previous3_wickets": [2.0, 1.0, 0.0], "international_ODI_previous3_balls played": [21.0, 1.0, 13.0], "international_ODI_previous3_overs": [8.0, 4.0, 5.833333333333334], "international_ODI_previous3_runs gave": [12.0, 15.0, 20.0], "international_ODI_lifetime_runs": 34.0, "international_ODI_lifetime_wickets": 7.0, "international_ODI_lifetime_balls played": 70.0, "international_ODI_lifetime_overs": 43.666666666666664, "international_ODI_lifetime_runs gave": 161.0, "international_Test_previous3_runs": [], "international_Test_previous3_wickets": [], "international_Test_previous3_balls played": [], "international_Test_previous3_overs": [], "international_Test_previous3_runs gave": [], "international_Test_lifetime_runs": 0.0, "international_Test_lifetime_wickets": 0.0, "international_Test_lifetime_balls played": 0.0, "international_Test_lifetime_overs": 0.0, "international_Test_lifetime_runs gave": 0.0, "international_T20_previous3_runs": [0.0, 11.0, 8.0], "international_T20_previous3_wickets": [2.0, 1.0, 0.0], "international_T20_previous3_balls played": [1.0, 7.0, 6.0], "international_T20_previous3_overs": [3.0, 4.0, 2.1666666666666665], "international_T20_previous3_runs gave": [19.0, 28.0, 17.0], "international_T20_lifetime_runs": 479.0, "international_T20_lifetime_wickets": 45.0, "international_T20_lifetime_balls played": 485.0, "international_T20_lifetime_overs": 128.5, "international_T20_lifetime_runs gave": 832.0}