{"played_against": {"d7c6af50": {"runs": 139, "balls": 212, "wickets": 3}, "7fb32e5b": {"runs": 34, "balls": 78, "wickets": 3}, "43936951": {"runs": 24, "balls": 46, "wickets": 2}, "3eac9d95": {"runs": 52, "balls": 69, "wickets": 0}, "99639abf": {"runs": 12, "balls": 30, "wickets": 0}, "27d1cc51": {"runs": 2, "balls": 7, "wickets": 0}, "525c3f54": {"runs": 26, "balls": 36, "wickets": 0}, "57efa3be": {"runs": 67, "balls": 111, "wickets": 2}, "4f629497": {"runs": 7, "balls": 15, "wickets": 0}, "d2f72b19": {"runs": 2, "balls": 6, "wickets": 0}, "51080a1f": {"runs": 6, "balls": 11, "wickets": 0}, "79004151": {"runs": 22, "balls": 24, "wickets": 1}, "12b59324": {"runs": 2, "balls": 7, "wickets": 0}, "cefe0886": {"runs": 5, "balls": 7, "wickets": 0}, "74234d66": {"runs": 20, "balls": 30, "wickets": 0}, "ee7d0c82": {"runs": 33, "balls": 35, "wickets": 1}, "31ce61ab": {"runs": 1, "balls": 5, "wickets": 1}, "0882b3f1": {"runs": 6, "balls": 6, "wickets": 0}, "047945ae": {"runs": 1, "balls": 1, "wickets": 0}, "a386e91b": {"runs": 102, "balls": 111, "wickets": 1}, "f011dfa3": {"runs": 11, "balls": 10, "wickets": 0}, "d12143bf": {"runs": 132, "balls": 150, "wickets": 3}, "25020f9d": {"runs": 13, "balls": 11, "wickets": 0}, "f44af07f": {"runs": 11, "balls": 5, "wickets": 0}, "10a91f35": {"runs": 86, "balls": 105, "wickets": 1}, "126e56a1": {"runs": 5, "balls": 16, "wickets": 0}, "d8906a73": {"runs": 14, "balls": 12, "wickets": 0}, "0dc00542": {"runs": 219, "balls": 201, "wickets": 2}, "390ff45b": {"runs": 190, "balls": 224, "wickets": 3}, "5680f1ad": {"runs": 25, "balls": 32, "wickets": 0}, "b15eaf77": {"runs": 2, "balls": 4, "wickets": 0}, "45477249": {"runs": 15, "balls": 13, "wickets": 0}, "00d69fa4": {"runs": 20, "balls": 17, "wickets": 0}, "bcce309e": {"runs": 39, "balls": 77, "wickets": 5}, "34ff9e07": {"runs": 4, "balls": 4, "wickets": 0}, "331bd689": {"runs": 12, "balls": 9, "wickets": 0}, "2c13defe": {"runs": 14, "balls": 11, "wickets": 2}, "f708a0bc": {"runs": 88, "balls": 111, "wickets": 3}, "3cf83487": {"runs": 52, "balls": 45, "wickets": 0}, "20a941bb": {"runs": 34, "balls": 56, "wickets": 0}, "62decd8e": {"runs": 1, "balls": 3, "wickets": 0}, "6b0c3a20": {"runs": 49, "balls": 60, "wickets": 1}, "f39866f1": {"runs": 4, "balls": 20, "wickets": 0}, "b68a30f0": {"runs": 30, "balls": 33, "wickets": 0}, "582e9baa": {"runs": 4, "balls": 8, "wickets": 0}, "4c61a0f9": {"runs": 30, "balls": 44, "wickets": 1}, "953e3931": {"runs": 45, "balls": 39, "wickets": 1}, "3227beb4": {"runs": 71, "balls": 61, "wickets": 2}, "f842c2cf": {"runs": 56, "balls": 63, "wickets": 2}, "bd77eb62": {"runs": 123, "balls": 114, "wickets": 3}, "dd09ff8e": {"runs": 77, "balls": 88, "wickets": 3}, "556302a7": {"runs": 9, "balls": 11, "wickets": 0}, "7fe5deb8": {"runs": 1, "balls": 1, "wickets": 0}, "67af6f81": {"runs": 27, "balls": 33, "wickets": 1}, "348195ea": {"runs": 11, "balls": 15, "wickets": 0}, "80ec5dfd": {"runs": 59, "balls": 52, "wickets": 1}, "37f501d7": {"runs": 16, "balls": 15, "wickets": 0}, "48fd7349": {"runs": 6, "balls": 11, "wickets": 0}, "68ddabdb": {"runs": 119, "balls": 143, "wickets": 4}, "64c34cd0": {"runs": 188, "balls": 171, "wickets": 0}, "3d189742": {"runs": 4, "balls": 16, "wickets": 1}, "0be1b885": {"runs": 100, "balls": 184, "wickets": 0}, "480ed517": {"runs": 8, "balls": 8, "wickets": 0}, "905181c0": {"runs": 17, "balls": 31, "wickets": 0}, "f144d99b": {"runs": 11, "balls": 12, "wickets": 0}, "ab89348d": {"runs": 167, "balls": 134, "wickets": 2}, "f233bbb4": {"runs": 43, "balls": 64, "wickets": 0}, "5bdcdb72": {"runs": 101, "balls": 128, "wickets": 0}, "434e36b1": {"runs": 41, "balls": 37, "wickets": 1}, "a12e1d51": {"runs": 153, "balls": 157, "wickets": 5}, "858b6611": {"runs": 10, "balls": 8, "wickets": 0}, "2e0fcc58": {"runs": 12, "balls": 15, "wickets": 1}, "ddc0828d": {"runs": 151, "balls": 208, "wickets": 3}, "a4af4849": {"runs": 8, "balls": 18, "wickets": 0}, "6e1b1ec0": {"runs": 14, "balls": 13, "wickets": 0}, "fcbf5a30": {"runs": 0, "balls": 1, "wickets": 1}, "c16d2e28": {"runs": 77, "balls": 81, "wickets": 1}, "bb18be76": {"runs": 69, "balls": 49, "wickets": 1}, "8d0ea930": {"runs": 0, "balls": 3, "wickets": 0}, "bb1819fa": {"runs": 10, "balls": 14, "wickets": 0}, "3fc3b204": {"runs": 7, "balls": 7, "wickets": 0}, "5e5eab39": {"runs": 4, "balls": 12, "wickets": 0}, "7ff3fcaa": {"runs": 64, "balls": 48, "wickets": 1}, "acc321aa": {"runs": 8, "balls": 5, "wickets": 0}, "e186f49c": {"runs": 26, "balls": 20, "wickets": 0}, "0c8a1d51": {"runs": 11, "balls": 4, "wickets": 1}, "9ab63e7b": {"runs": 58, "balls": 36, "wickets": 1}, "33f28243": {"runs": 48, "balls": 51, "wickets": 2}, "0a4c6dfd": {"runs": 28, "balls": 36, "wickets": 0}, "6adf9347": {"runs": 110, "balls": 115, "wickets": 2}, "db767b89": {"runs": 0, "balls": 2, "wickets": 0}, "35205dfc": {"runs": 50, "balls": 74, "wickets": 1}, "83904270": {"runs": 10, "balls": 21, "wickets": 0}, "1417ba2f": {"runs": 1, "balls": 9, "wickets": 1}, "2f8a9682": {"runs": 1, "balls": 3, "wickets": 0}, "36fc8d18": {"runs": 24, "balls": 43, "wickets": 0}, "9de271ef": {"runs": 23, "balls": 37, "wickets": 0}, "a7c7802a": {"runs": 43, "balls": 31, "wickets": 0}, "0cc343b0": {"runs": 16, "balls": 26, "wickets": 0}, "afe57f7a": {"runs": 7, "balls": 9, "wickets": 0}, "df08c69e": {"runs": 18, "balls": 15, "wickets": 1}, "4ba44e19": {"runs": 224, "balls": 280, "wickets": 7}, "342d8ade": {"runs": 104, "balls": 80, "wickets": 1}, "e0351c86": {"runs": 5, "balls": 4, "wickets": 2}, "88fccd6c": {"runs": 27, "balls": 27, "wickets": 1}, "2503e881": {"runs": 56, "balls": 85, "wickets": 1}, "d1c94b25": {"runs": 38, "balls": 34, "wickets": 0}, "7c503806": {"runs": 81, "balls": 105, "wickets": 1}, "86dc8f2e": {"runs": 125, "balls": 92, "wickets": 3}, "4fc516bd": {"runs": 47, "balls": 39, "wickets": 1}, "e03b66ec": {"runs": 93, "balls": 97, "wickets": 2}, "16dfcc19": {"runs": 55, "balls": 73, "wickets": 6}, "33cb3411": {"runs": 20, "balls": 14, "wickets": 0}, "3cf5ae43": {"runs": 110, "balls": 120, "wickets": 0}, "5a37ec26": {"runs": 158, "balls": 175, "wickets": 2}, "dc0f5506": {"runs": 0, "balls": 2, "wickets": 1}, "60dd8960": {"runs": 16, "balls": 17, "wickets": 1}, "9a963804": {"runs": 57, "balls": 59, "wickets": 3}, "818e8bf2": {"runs": 30, "balls": 40, "wickets": 1}, "e97aefe2": {"runs": 54, "balls": 50, "wickets": 0}, "7ee2ce62": {"runs": 12, "balls": 12, "wickets": 0}, "a7489342": {"runs": 52, "balls": 124, "wickets": 1}, "4180d897": {"runs": 82, "balls": 68, "wickets": 2}, "a7c226e1": {"runs": 28, "balls": 58, "wickets": 2}, "87e562a9": {"runs": 133, "balls": 156, "wickets": 5}, "db584dad": {"runs": 82, "balls": 117, "wickets": 1}, "f846de6a": {"runs": 54, "balls": 97, "wickets": 1}, "87b177e8": {"runs": 12, "balls": 35, "wickets": 1}, "77079be1": {"runs": 21, "balls": 27, "wickets": 2}, "36d33dd0": {"runs": 2, "balls": 3, "wickets": 0}, "f1cb042f": {"runs": 14, "balls": 17, "wickets": 1}, "f5180fe6": {"runs": 102, "balls": 146, "wickets": 6}, "3812d56b": {"runs": 21, "balls": 25, "wickets": 1}, "1afdbdbf": {"runs": 2, "balls": 6, "wickets": 0}, "469ea22b": {"runs": 152, "balls": 156, "wickets": 3}, "cccdde80": {"runs": 4, "balls": 6, "wickets": 0}, "7dc35884": {"runs": 40, "balls": 63, "wickets": 3}, "888e32bf": {"runs": 31, "balls": 39, "wickets": 1}, "359e430a": {"runs": 3, "balls": 5, "wickets": 0}, "4487cc09": {"runs": 16, "balls": 16, "wickets": 0}, "fbc5c0c6": {"runs": 43, "balls": 17, "wickets": 1}, "bceb1b07": {"runs": 21, "balls": 7, "wickets": 0}, "090f9211": {"runs": 16, "balls": 21, "wickets": 3}, "b743f01b": {"runs": 1, "balls": 5, "wickets": 1}, "d2babdd5": {"runs": 52, "balls": 40, "wickets": 1}, "c3d35165": {"runs": 48, "balls": 25, "wickets": 2}, "5bb5a915": {"runs": 75, "balls": 76, "wickets": 3}, "27cc4361": {"runs": 8, "balls": 7, "wickets": 0}, "6581d753": {"runs": 8, "balls": 12, "wickets": 0}, "e9c14262": {"runs": 7, "balls": 9, "wickets": 0}, "8fd1a8f5": {"runs": 78, "balls": 79, "wickets": 3}, "27159c6a": {"runs": 11, "balls": 8, "wickets": 0}, "008589a4": {"runs": 15, "balls": 8, "wickets": 0}, "e662b18f": {"runs": 11, "balls": 7, "wickets": 1}, "7157a72f": {"runs": 1, "balls": 5, "wickets": 0}, "3edb58fc": {"runs": 25, "balls": 37, "wickets": 2}, "a72b14ff": {"runs": 33, "balls": 32, "wickets": 0}, "7ca5e05d": {"runs": 25, "balls": 25, "wickets": 1}, "eba6a852": {"runs": 158, "balls": 129, "wickets": 4}, "39f01cdb": {"runs": 52, "balls": 70, "wickets": 0}, "6c75310b": {"runs": 7, "balls": 3, "wickets": 0}, "7bf96684": {"runs": 3, "balls": 9, "wickets": 0}, "cca50cd6": {"runs": 13, "balls": 10, "wickets": 2}, "f5821615": {"runs": 13, "balls": 20, "wickets": 1}, "a3bfec5d": {"runs": 88, "balls": 74, "wickets": 3}, "64d43928": {"runs": 68, "balls": 80, "wickets": 2}, "2498e163": {"runs": 47, "balls": 64, "wickets": 2}, "b57f8a9a": {"runs": 22, "balls": 17, "wickets": 1}, "f3171936": {"runs": 9, "balls": 14, "wickets": 1}, "d094e7d1": {"runs": 53, "balls": 46, "wickets": 2}, "4d6d6280": {"runs": 13, "balls": 15, "wickets": 0}, "61f05b05": {"runs": 48, "balls": 47, "wickets": 0}, "11ce1151": {"runs": 22, "balls": 21, "wickets": 0}, "5531248e": {"runs": 11, "balls": 12, "wickets": 1}, "fd093ca9": {"runs": 11, "balls": 18, "wickets": 1}, "e798611a": {"runs": 5, "balls": 10, "wickets": 0}, "6ad3a659": {"runs": 14, "balls": 7, "wickets": 1}, "9f961c14": {"runs": 1, "balls": 2, "wickets": 1}, "0264c10e": {"runs": 20, "balls": 8, "wickets": 0}, "4329fbb5": {"runs": 87, "balls": 66, "wickets": 3}, "e32d22f6": {"runs": 22, "balls": 8, "wickets": 0}, "3d7e087f": {"runs": 47, "balls": 39, "wickets": 2}, "3c6ffae8": {"runs": 39, "balls": 22, "wickets": 0}, "8b5b6769": {"runs": 45, "balls": 58, "wickets": 0}, "33a364a6": {"runs": 41, "balls": 28, "wickets": 1}, "93a17209": {"runs": 9, "balls": 7, "wickets": 0}, "94bc776b": {"runs": 0, "balls": 1, "wickets": 0}, "fe763256": {"runs": 18, "balls": 13, "wickets": 1}, "0604ef16": {"runs": 1, "balls": 1, "wickets": 0}, "66b30f71": {"runs": 39, "balls": 13, "wickets": 0}, "e938e1bc": {"runs": 21, "balls": 26, "wickets": 1}, "b2b50355": {"runs": 34, "balls": 30, "wickets": 2}, "9fc0ef64": {"runs": 24, "balls": 20, "wickets": 1}, "facb9086": {"runs": 2, "balls": 3, "wickets": 1}, "740742ef": {"runs": 25, "balls": 17, "wickets": 0}, "6c6591ab": {"runs": 28, "balls": 20, "wickets": 1}, "ea0cdc12": {"runs": 86, "balls": 107, "wickets": 4}, "fd835ab3": {"runs": 25, "balls": 19, "wickets": 0}, "5bb1a1c4": {"runs": 20, "balls": 15, "wickets": 1}, "f0f628c7": {"runs": 6, "balls": 4, "wickets": 2}, "ae78bc32": {"runs": 6, "balls": 12, "wickets": 1}, "b3118300": {"runs": 38, "balls": 39, "wickets": 2}, "bf1d7d3e": {"runs": 25, "balls": 25, "wickets": 1}, "54279e23": {"runs": 4, "balls": 5, "wickets": 0}, "4948a447": {"runs": 15, "balls": 17, "wickets": 1}, "43b375d4": {"runs": 10, "balls": 10, "wickets": 0}, "b2ae53f5": {"runs": 96, "balls": 94, "wickets": 1}, "18fac429": {"runs": 72, "balls": 73, "wickets": 1}, "221ad9d9": {"runs": 214, "balls": 278, "wickets": 2}, "7e38d2de": {"runs": 26, "balls": 7, "wickets": 0}, "a9520ac2": {"runs": 0, "balls": 1, "wickets": 1}, "78f34e15": {"runs": 47, "balls": 52, "wickets": 1}, "91ffa6c6": {"runs": 58, "balls": 50, "wickets": 1}, "13c35c9e": {"runs": 61, "balls": 45, "wickets": 0}, "c03449e0": {"runs": 26, "balls": 25, "wickets": 1}, "05e0fab5": {"runs": 34, "balls": 54, "wickets": 3}, "cf73ad76": {"runs": 15, "balls": 26, "wickets": 1}, "fd8f11e9": {"runs": 0, "balls": 6, "wickets": 0}, "c404f58a": {"runs": 9, "balls": 9, "wickets": 1}, "725529bc": {"runs": 11, "balls": 13, "wickets": 0}, "32198ae0": {"runs": 62, "balls": 38, "wickets": 1}, "b1451597": {"runs": 11, "balls": 5, "wickets": 0}, "0c2730df": {"runs": 31, "balls": 17, "wickets": 1}, "6ef60d3a": {"runs": 1, "balls": 1, "wickets": 0}, "2e8994e7": {"runs": 42, "balls": 63, "wickets": 2}, "05c2ca46": {"runs": 26, "balls": 14, "wickets": 0}, "abfeb126": {"runs": 19, "balls": 13, "wickets": 0}, "63bff7f9": {"runs": 5, "balls": 9, "wickets": 0}, "5b040b81": {"runs": 1, "balls": 2, "wickets": 1}, "fe93fd9d": {"runs": 17, "balls": 24, "wickets": 1}, "c8179c68": {"runs": 12, "balls": 13, "wickets": 0}, "1dc12ab9": {"runs": 55, "balls": 54, "wickets": 1}, "aaa1b522": {"runs": 2, "balls": 6, "wickets": 0}, "8a668774": {"runs": 1, "balls": 2, "wickets": 1}, "5f4e9e8f": {"runs": 4, "balls": 5, "wickets": 0}, "d2a989fc": {"runs": 29, "balls": 27, "wickets": 1}, "96fd40ae": {"runs": 2, "balls": 8, "wickets": 0}, "c3d1402f": {"runs": 2, "balls": 3, "wickets": 1}, "12eddf28": {"runs": 14, "balls": 9, "wickets": 0}, "495d42a5": {"runs": 45, "balls": 45, "wickets": 0}, "02e83ac5": {"runs": 28, "balls": 25, "wickets": 0}, "f56cd097": {"runs": 29, "balls": 22, "wickets": 0}, "d1761087": {"runs": 2, "balls": 3, "wickets": 0}, "c942a53b": {"runs": 1, "balls": 1, "wickets": 0}, "a757b0d8": {"runs": 61, "balls": 55, "wickets": 3}, "364ee2cf": {"runs": 57, "balls": 45, "wickets": 1}, "441b1b20": {"runs": 19, "balls": 10, "wickets": 0}, "e0557f7f": {"runs": 21, "balls": 24, "wickets": 1}, "d68e7f48": {"runs": 59, "balls": 60, "wickets": 0}, "8ea6e670": {"runs": 53, "balls": 63, "wickets": 0}, "45c2196c": {"runs": 33, "balls": 47, "wickets": 1}, "bd93fea4": {"runs": 5, "balls": 9, "wickets": 0}, "864c199e": {"runs": 12, "balls": 5, "wickets": 0}, "94eac556": {"runs": 28, "balls": 19, "wickets": 1}, "9b79b9de": {"runs": 23, "balls": 18, "wickets": 0}, "dd37da14": {"runs": 22, "balls": 58, "wickets": 2}, "896d78ad": {"runs": 63, "balls": 81, "wickets": 1}, "d2fcce2f": {"runs": 63, "balls": 76, "wickets": 1}, "f5f18a18": {"runs": 36, "balls": 54, "wickets": 0}, "2f28dc94": {"runs": 14, "balls": 14, "wickets": 0}, "488b7e1b": {"runs": 16, "balls": 11, "wickets": 0}, "2008fc75": {"runs": 9, "balls": 9, "wickets": 0}, "0f12f9df": {"runs": 56, "balls": 41, "wickets": 4}, "1a8eebbe": {"runs": 10, "balls": 14, "wickets": 0}, "fa463154": {"runs": 21, "balls": 8, "wickets": 1}, "dbc50253": {"runs": 0, "balls": 1, "wickets": 1}, "8ba8195d": {"runs": 2, "balls": 5, "wickets": 0}, "6b19d823": {"runs": 31, "balls": 39, "wickets": 1}, "5d9a1a73": {"runs": 19, "balls": 15, "wickets": 0}, "3d8feaf8": {"runs": 8, "balls": 7, "wickets": 0}, "7955eb15": {"runs": 4, "balls": 7, "wickets": 1}, "de3acffe": {"runs": 15, "balls": 45, "wickets": 2}, "012829ff": {"runs": 9, "balls": 16, "wickets": 0}, "3fb19989": {"runs": 21, "balls": 27, "wickets": 0}, "30a45b23": {"runs": 5, "balls": 5, "wickets": 0}, "5673a3fc": {"runs": 56, "balls": 54, "wickets": 2}, "d027ba9f": {"runs": 8, "balls": 7, "wickets": 0}, "26ff4c29": {"runs": 13, "balls": 9, "wickets": 0}, "3a60e0b5": {"runs": 4, "balls": 9, "wickets": 0}, "12bffe91": {"runs": 8, "balls": 10, "wickets": 1}, "58043739": {"runs": 38, "balls": 87, "wickets": 1}, "a73321d3": {"runs": 14, "balls": 6, "wickets": 0}, "99cddc5e": {"runs": 11, "balls": 14, "wickets": 0}, "cf494ffe": {"runs": 15, "balls": 22, "wickets": 0}, "f27f89e8": {"runs": 4, "balls": 9, "wickets": 0}, "29b89ae8": {"runs": 6, "balls": 19, "wickets": 0}, "568e5a4a": {"runs": 8, "balls": 6, "wickets": 0}, "aae9ce90": {"runs": 6, "balls": 3, "wickets": 0}, "91052c96": {"runs": 12, "balls": 21, "wickets": 0}, "abbdca1a": {"runs": 9, "balls": 11, "wickets": 0}, "2318ba22": {"runs": 5, "balls": 8, "wickets": 0}, "4ec07775": {"runs": 12, "balls": 19, "wickets": 0}, "37312a74": {"runs": 1, "balls": 4, "wickets": 0}, "ed70ac05": {"runs": 12, "balls": 10, "wickets": 0}, "bbd41817": {"runs": 22, "balls": 30, "wickets": 0}, "c03c6200": {"runs": 47, "balls": 47, "wickets": 3}, "7a80ddf2": {"runs": 59, "balls": 83, "wickets": 0}, "047d9032": {"runs": 10, "balls": 9, "wickets": 0}, "addfb70e": {"runs": 8, "balls": 7, "wickets": 0}, "c654af19": {"runs": 1, "balls": 3, "wickets": 1}, "a45a5e8d": {"runs": 7, "balls": 6, "wickets": 0}, "6042bf26": {"runs": 5, "balls": 5, "wickets": 0}, "6b8eb6e5": {"runs": 11, "balls": 8, "wickets": 0}, "cc1e8c68": {"runs": 55, "balls": 34, "wickets": 4}, "9d80c5e1": {"runs": 31, "balls": 16, "wickets": 0}, "5fa06777": {"runs": 23, "balls": 16, "wickets": 1}, "91a4a398": {"runs": 12, "balls": 12, "wickets": 1}, "66cf56a5": {"runs": 3, "balls": 4, "wickets": 0}, "c64c2443": {"runs": 18, "balls": 5, "wickets": 0}, "25eeb281": {"runs": 10, "balls": 4, "wickets": 0}, "dc4686e6": {"runs": 20, "balls": 4, "wickets": 0}, "2049f3a0": {"runs": 0, "balls": 1, "wickets": 1}, "2a2e6343": {"runs": 15, "balls": 25, "wickets": 2}, "7d5af2ea": {"runs": 1, "balls": 2, "wickets": 0}, "78eb4223": {"runs": 13, "balls": 17, "wickets": 0}, "350bb1b1": {"runs": 10, "balls": 4, "wickets": 0}, "ded9240e": {"runs": 1, "balls": 2, "wickets": 0}, "b681e71e": {"runs": 27, "balls": 32, "wickets": 1}, "05d74535": {"runs": 33, "balls": 19, "wickets": 0}, "ccdd8308": {"runs": 10, "balls": 22, "wickets": 1}, "eb9cb105": {"runs": 6, "balls": 6, "wickets": 0}, "49b6c09f": {"runs": 28, "balls": 43, "wickets": 2}, "f3abd0c9": {"runs": 17, "balls": 4, "wickets": 0}, "a8e3170f": {"runs": 21, "balls": 29, "wickets": 0}, "086f5984": {"runs": 5, "balls": 27, "wickets": 1}, "a343262c": {"runs": 16, "balls": 16, "wickets": 0}, "7be8a0ed": {"runs": 46, "balls": 30, "wickets": 0}, "4c5d73db": {"runs": 34, "balls": 33, "wickets": 2}, "808f425a": {"runs": 50, "balls": 35, "wickets": 3}, "557153ca": {"runs": 8, "balls": 9, "wickets": 0}, "26a85969": {"runs": 24, "balls": 24, "wickets": 1}, "1a0c3177": {"runs": 13, "balls": 8, "wickets": 0}, "98ae73b1": {"runs": 37, "balls": 26, "wickets": 1}, "9a158001": {"runs": 0, "balls": 1, "wickets": 1}, "1e66c162": {"runs": 19, "balls": 13, "wickets": 3}, "fb66ce1f": {"runs": 25, "balls": 18, "wickets": 2}, "759ac88f": {"runs": 43, "balls": 24, "wickets": 1}, "41eb4a4f": {"runs": 10, "balls": 11, "wickets": 1}, "bd17b45f": {"runs": 14, "balls": 8, "wickets": 0}, "9d430b40": {"runs": 71, "balls": 119, "wickets": 2}, "dcf81436": {"runs": 9, "balls": 7, "wickets": 0}, "502b2c81": {"runs": 8, "balls": 10, "wickets": 0}, "56ab442f": {"runs": 49, "balls": 30, "wickets": 0}, "0f721006": {"runs": 17, "balls": 26, "wickets": 3}, "78dfe704": {"runs": 16, "balls": 25, "wickets": 0}, "89f64c19": {"runs": 3, "balls": 6, "wickets": 0}, "7662cf7a": {"runs": 0, "balls": 1, "wickets": 1}, "531f0278": {"runs": 2, "balls": 2, "wickets": 0}, "52f08be8": {"runs": 16, "balls": 6, "wickets": 0}, "acee4cc4": {"runs": 65, "balls": 53, "wickets": 2}, "b56dc5f7": {"runs": 1, "balls": 1, "wickets": 0}, "4c4fa80b": {"runs": 12, "balls": 16, "wickets": 0}, "8cf9814c": {"runs": 44, "balls": 33, "wickets": 0}, "9219eff0": {"runs": 12, "balls": 6, "wickets": 0}, "dfc4d8b5": {"runs": 24, "balls": 8, "wickets": 1}, "ce820073": {"runs": 19, "balls": 15, "wickets": 0}, "2e171977": {"runs": 63, "balls": 31, "wickets": 1}, "119678fd": {"runs": 9, "balls": 14, "wickets": 1}, "462411b3": {"runs": 5, "balls": 14, "wickets": 1}, "cedc1d9a": {"runs": 1, "balls": 4, "wickets": 0}, "6f49cc6e": {"runs": 1, "balls": 7, "wickets": 1}, "39a2dfa8": {"runs": 18, "balls": 16, "wickets": 1}, "6aed7e79": {"runs": 16, "balls": 6, "wickets": 0}, "de4b0555": {"runs": 25, "balls": 7, "wickets": 0}, "9170ff49": {"runs": 16, "balls": 17, "wickets": 2}, "73ad96ed": {"runs": 6, "balls": 7, "wickets": 0}, "69be866a": {"runs": 11, "balls": 5, "wickets": 1}, "1c2a64cd": {"runs": 0, "balls": 1, "wickets": 1}, "aa8d28ae": {"runs": 6, "balls": 7, "wickets": 0}, "0a3d54b9": {"runs": 0, "balls": 1, "wickets": 1}, "4125d931": {"runs": 7, "balls": 4, "wickets": 0}, "dbe50b21": {"runs": 12, "balls": 13, "wickets": 1}, "51a3c5ef": {"runs": 38, "balls": 22, "wickets": 1}, "e0407c01": {"runs": 9, "balls": 8, "wickets": 0}, "f62772e5": {"runs": 7, "balls": 6, "wickets": 1}, "57ee1fde": {"runs": 41, "balls": 19, "wickets": 2}, "b822e99c": {"runs": 1, "balls": 3, "wickets": 0}, "871e9faf": {"runs": 10, "balls": 9, "wickets": 0}, "8d83e97a": {"runs": 7, "balls": 10, "wickets": 0}, "ddb00822": {"runs": 6, "balls": 4, "wickets": 0}, "92d07362": {"runs": 5, "balls": 7, "wickets": 0}, "b2570b38": {"runs": 2, "balls": 2, "wickets": 0}, "39dd4d6d": {"runs": 5, "balls": 3, "wickets": 0}, "cdc6bdba": {"runs": 19, "balls": 8, "wickets": 0}, "51a60c16": {"runs": 0, "balls": 1, "wickets": 0}, "7c7d63a2": {"runs": 19, "balls": 6, "wickets": 0}, "327b58d3": {"runs": 8, "balls": 15, "wickets": 1}, "0a8fce53": {"runs": 6, "balls": 3, "wickets": 0}, "e174dadd": {"runs": 9, "balls": 11, "wickets": 0}, "3ff033bb": {"runs": 5, "balls": 3, "wickets": 0}, "9ac1dc9f": {"runs": 6, "balls": 4, "wickets": 0}, "4c7df2c8": {"runs": 14, "balls": 7, "wickets": 0}, "d1988788": {"runs": 5, "balls": 3, "wickets": 0}, "e4a0deae": {"runs": 0, "balls": 1, "wickets": 0}, "8abdf100": {"runs": 0, "balls": 1, "wickets": 0}, "3f5f39cd": {"runs": 2, "balls": 4, "wickets": 0}, "14f96089": {"runs": 8, "balls": 7, "wickets": 1}, "1da489ff": {"runs": 2, "balls": 8, "wickets": 1}, "d9273ee7": {"runs": 2, "balls": 3, "wickets": 0}, "81049310": {"runs": 10, "balls": 11, "wickets": 1}, "e342e5fb": {"runs": 0, "balls": 1, "wickets": 1}, "8d2c70ad": {"runs": 39, "balls": 16, "wickets": 0}, "626c5379": {"runs": 5, "balls": 2, "wickets": 0}, "ffe699c0": {"runs": 34, "balls": 9, "wickets": 1}, "957532de": {"runs": 29, "balls": 14, "wickets": 1}, "7f048519": {"runs": 23, "balls": 22, "wickets": 0}, "3d0ed2f9": {"runs": 51, "balls": 48, "wickets": 0}, "e087956b": {"runs": 83, "balls": 58, "wickets": 1}, "bb351c23": {"runs": 40, "balls": 50, "wickets": 0}, "249d60c9": {"runs": 2, "balls": 5, "wickets": 0}, "245c97cb": {"runs": 17, "balls": 9, "wickets": 2}, "18e6906e": {"runs": 22, "balls": 8, "wickets": 0}, "edb3d4f8": {"runs": 10, "balls": 5, "wickets": 0}, "e62dd25d": {"runs": 30, "balls": 12, "wickets": 1}, "1abb78f8": {"runs": 12, "balls": 13, "wickets": 1}, "9de62878": {"runs": 4, "balls": 8, "wickets": 0}, "2911de16": {"runs": 28, "balls": 14, "wickets": 0}, "2af838ee": {"runs": 1, "balls": 2, "wickets": 0}, "509a7ca1": {"runs": 3, "balls": 12, "wickets": 0}, "770494eb": {"runs": 0, "balls": 1, "wickets": 1}, "92aa28fe": {"runs": 7, "balls": 7, "wickets": 0}, "b0946605": {"runs": 8, "balls": 4, "wickets": 0}, "78cb83f3": {"runs": 17, "balls": 12, "wickets": 0}, "4a745f65": {"runs": 16, "balls": 28, "wickets": 0}, "fa2f1dde": {"runs": 5, "balls": 6, "wickets": 0}, "ad427b5c": {"runs": 9, "balls": 11, "wickets": 0}, "c28e9f12": {"runs": 12, "balls": 6, "wickets": 0}, "21d4e29b": {"runs": 13, "balls": 8, "wickets": 0}, "a63563c0": {"runs": 3, "balls": 4, "wickets": 0}, "6a58e069": {"runs": 9, "balls": 13, "wickets": 0}, "a92a9292": {"runs": 16, "balls": 9, "wickets": 0}, "ed3fdd1a": {"runs": 5, "balls": 5, "wickets": 0}, "9fc68dcb": {"runs": 2, "balls": 4, "wickets": 0}, "f986ca1a": {"runs": 1, "balls": 2, "wickets": 0}, "c32087fc": {"runs": 2, "balls": 5, "wickets": 1}, "7c2e7c17": {"runs": 1, "balls": 2, "wickets": 0}, "3bc10d5b": {"runs": 6, "balls": 4, "wickets": 0}, "c18496e1": {"runs": 7, "balls": 4, "wickets": 0}, "a457cfb5": {"runs": 7, "balls": 3, "wickets": 1}, "ed5a5510": {"runs": 2, "balls": 5, "wickets": 0}, "90de905a": {"runs": 20, "balls": 15, "wickets": 0}, "85e0cf10": {"runs": 1, "balls": 1, "wickets": 0}, "8da6dbf1": {"runs": 10, "balls": 5, "wickets": 0}, "84ba2fbc": {"runs": 17, "balls": 8, "wickets": 0}, "a4e37e47": {"runs": 4, "balls": 6, "wickets": 0}, "f079e8fe": {"runs": 4, "balls": 10, "wickets": 0}, "a2f46292": {"runs": 1, "balls": 1, "wickets": 0}, "2ed569a0": {"runs": 2, "balls": 8, "wickets": 0}, "f9d99806": {"runs": 1, "balls": 2, "wickets": 0}, "a818c1be": {"runs": 7, "balls": 13, "wickets": 0}, "eef2536f": {"runs": 4, "balls": 2, "wickets": 1}, "a9fd84fb": {"runs": 1, "balls": 4, "wickets": 0}, "2e11c706": {"runs": 2, "balls": 3, "wickets": 0}, "5b8c830e": {"runs": 7, "balls": 2, "wickets": 0}, "46a9bea1": {"runs": 1, "balls": 3, "wickets": 0}, "6c7a68d0": {"runs": 0, "balls": 1, "wickets": 1}, "2cdce1be": {"runs": 0, "balls": 4, "wickets": 0}, "663b5e34": {"runs": 10, "balls": 4, "wickets": 0}, "783e6111": {"runs": 7, "balls": 11, "wickets": 0}, "d330f9b9": {"runs": 3, "balls": 5, "wickets": 0}, "c2468df1": {"runs": 0, "balls": 1, "wickets": 1}, "1d8388eb": {"runs": 8, "balls": 6, "wickets": 0}, "27e71d47": {"runs": 12, "balls": 5, "wickets": 0}, "bbbc7d28": {"runs": 2, "balls": 2, "wickets": 0}, "4a15018a": {"runs": 0, "balls": 1, "wickets": 1}, "75224f22": {"runs": 12, "balls": 13, "wickets": 0}, "2f49c897": {"runs": 2, "balls": 4, "wickets": 0}, "e2db2409": {"runs": 3, "balls": 8, "wickets": 1}}, "fifties": 73, "thirties": 76, "centuries": 15, "maidens": 24.0, "hattricks": 10, "runs": 12611.0, "wickets": 123.0, "club_ODI_previous3_runs": [], "club_ODI_previous3_wickets": [], "club_ODI_previous3_balls played": [], "club_ODI_previous3_overs": [], "club_ODI_previous3_runs gave": [], "club_ODI_lifetime_runs": 0.0, "club_ODI_lifetime_wickets": 0.0, "club_ODI_lifetime_balls played": 0.0, "club_ODI_lifetime_overs": 0.0, "club_ODI_lifetime_runs gave": 0.0, "club_Test_previous3_runs": [], "club_Test_previous3_wickets": [], "club_Test_previous3_balls played": [], "club_Test_previous3_overs": [], "club_Test_previous3_runs gave": [], "club_Test_lifetime_runs": 0.0, "club_Test_lifetime_wickets": 0.0, "club_Test_lifetime_balls played": 0.0, "club_Test_lifetime_overs": 0.0, "club_Test_lifetime_runs gave": 0.0, "club_T20_previous3_runs": [23.0, 18.0, 4.0], "club_T20_previous3_wickets": [0.0, 0.0, 0.0], "club_T20_previous3_balls played": [12.0, 22.0, 6.0], "club_T20_previous3_overs": [0.0, 0.0, 0.0], "club_T20_previous3_runs gave": [0.0, 0.0, 0.0], "club_T20_lifetime_runs": 3073.0, "club_T20_lifetime_wickets": 32.0, "club_T20_lifetime_balls played": 2407.0, "club_T20_lifetime_overs": 160.33333333333331, "club_T20_lifetime_runs gave": 1253.0, "international_ODI_previous3_runs": [4.0, 14.0, 39.0], "international_ODI_previous3_wickets": [0.0, 0.0, 0.0], "international_ODI_previous3_balls played": [10.0, 10.0, 55.0], "international_ODI_previous3_overs": [0.0, 5.0, 0.0], "international_ODI_previous3_runs gave": [0.0, 25.0, 0.0], "international_ODI_lifetime_runs": 6868.0, "international_ODI_lifetime_wickets": 68.0, "international_ODI_lifetime_balls played": 7780.0, "international_ODI_lifetime_overs": 662.3333333333334, "international_ODI_lifetime_runs gave": 3438.0, "international_Test_previous3_runs": [74.0, 8.0, 43.0], "international_Test_previous3_wickets": [0.0, 0.0, 0.0], "international_Test_previous3_balls played": [151.0, 12.0, 69.0], "international_Test_previous3_overs": [7.0, 3.0, 3.0], "international_Test_previous3_runs gave": [29.0, 8.0, 9.0], "international_Test_lifetime_runs": 1534.0, "international_Test_lifetime_wickets": 6.0, "international_Test_lifetime_balls played": 2601.0, "international_Test_lifetime_overs": 144.0, "international_Test_lifetime_runs gave": 524.0, "international_T20_previous3_runs": [12.0, 4.0, 27.0], "international_T20_previous3_wickets": [0.0, 0.0, 0.0], "international_T20_previous3_balls played": [13.0, 12.0, 10.0], "international_T20_previous3_overs": [0.0, 0.0, 0.0], "international_T20_previous3_runs gave": [0.0, 0.0, 0.0], "international_T20_lifetime_runs": 1136.0, "international_T20_lifetime_wickets": 17.0, "international_T20_lifetime_balls played": 819.0, "international_T20_lifetime_overs": 65.66666666666667, "international_T20_lifetime_runs gave": 475.0}