{"played_against": {"0b130202": {"runs": 4, "balls": 19, "wickets": 0}, "3eac9d95": {"runs": 5, "balls": 11, "wickets": 0}, "43936951": {"runs": 1, "balls": 3, "wickets": 0}, "582e9baa": {"runs": 24, "balls": 35, "wickets": 0}, "d7c6af50": {"runs": 5, "balls": 16, "wickets": 1}}, "fifties": 0, "thirties": 1, "centuries": 0, "maidens": 0.0, "hattricks": 0, "runs": 39.0, "wickets": 0.0, "club_ODI_previous3_runs": [], "club_ODI_previous3_wickets": [], "club_ODI_previous3_balls played": [], "club_ODI_previous3_overs": [], "club_ODI_previous3_runs gave": [], "club_ODI_lifetime_runs": 0.0, "club_ODI_lifetime_wickets": 0.0, "club_ODI_lifetime_balls played": 0.0, "club_ODI_lifetime_overs": 0.0, "club_ODI_lifetime_runs gave": 0.0, "club_Test_previous3_runs": [], "club_Test_previous3_wickets": [], "club_Test_previous3_balls played": [], "club_Test_previous3_overs": [], "club_Test_previous3_runs gave": [], "club_Test_lifetime_runs": 0.0, "club_Test_lifetime_wickets": 0.0, "club_Test_lifetime_balls played": 0.0, "club_Test_lifetime_overs": 0.0, "club_Test_lifetime_runs gave": 0.0, "club_T20_previous3_runs": [], "club_T20_previous3_wickets": [], "club_T20_previous3_balls played": [], "club_T20_previous3_overs": [], "club_T20_previous3_runs gave": [], "club_T20_lifetime_runs": 0.0, "club_T20_lifetime_wickets": 0.0, "club_T20_lifetime_balls played": 0.0, "club_T20_lifetime_overs": 0.0, "club_T20_lifetime_runs gave": 0.0, "international_ODI_previous3_runs": [39.0], "international_ODI_previous3_wickets": [0.0], "international_ODI_previous3_balls played": [84.0], "international_ODI_previous3_overs": [10.0], "international_ODI_previous3_runs gave": [66.0], "international_ODI_lifetime_runs": 39.0, "international_ODI_lifetime_wickets": 0.0, "international_ODI_lifetime_balls played": 84.0, "international_ODI_lifetime_overs": 10.0, "international_ODI_lifetime_runs gave": 66.0, "international_Test_previous3_runs": [], "international_Test_previous3_wickets": [], "international_Test_previous3_balls played": [], "international_Test_previous3_overs": [], "international_Test_previous3_runs gave": [], "international_Test_lifetime_runs": 0.0, "international_Test_lifetime_wickets": 0.0, "international_Test_lifetime_balls played": 0.0, "international_Test_lifetime_overs": 0.0, "international_Test_lifetime_runs gave": 0.0, "international_T20_previous3_runs": [], "international_T20_previous3_wickets": [], "international_T20_previous3_balls played": [], "international_T20_previous3_overs": [], "international_T20_previous3_runs gave": [], "international_T20_lifetime_runs": 0.0, "international_T20_lifetime_wickets": 0.0, "international_T20_lifetime_balls played": 0.0, "international_T20_lifetime_overs": 0.0, "international_T20_lifetime_runs gave": 0.0}