{"played_against": {"72a7dcb5": {"runs": 7, "balls": 5, "wickets": 0}, "04f0d409": {"runs": 18, "balls": 13, "wickets": 0}, "e553e27f": {"runs": 15, "balls": 10, "wickets": 0}, "25bc2d36": {"runs": 12, "balls": 12, "wickets": 0}, "dfa6db1a": {"runs": 1, "balls": 7, "wickets": 0}, "44e00a4c": {"runs": 8, "balls": 6, "wickets": 0}, "fa5f2d01": {"runs": 6, "balls": 5, "wickets": 0}, "a7d6c101": {"runs": 5, "balls": 6, "wickets": 0}, "aa76333b": {"runs": 0, "balls": 2, "wickets": 1}, "5faa30f7": {"runs": 1, "balls": 3, "wickets": 0}, "39713d08": {"runs": 3, "balls": 4, "wickets": 0}, "0226b73a": {"runs": 4, "balls": 13, "wickets": 1}, "d1988788": {"runs": 12, "balls": 9, "wickets": 0}, "f0e293b0": {"runs": 1, "balls": 2, "wickets": 0}, "6adabee6": {"runs": 2, "balls": 2, "wickets": 0}, "34b8b1b5": {"runs": 1, "balls": 3, "wickets": 0}, "c426da8b": {"runs": 8, "balls": 6, "wickets": 1}, "4add4c98": {"runs": 3, "balls": 3, "wickets": 0}, "b426ff49": {"runs": 1, "balls": 4, "wickets": 0}, "3e06e7ac": {"runs": 1, "balls": 1, "wickets": 0}}, "fifties": 0, "thirties": 1, "centuries": 0, "maidens": 0.0, "hattricks": 0, "runs": 109.0, "wickets": 0.0, "club_ODI_previous3_runs": [], "club_ODI_previous3_wickets": [], "club_ODI_previous3_balls played": [], "club_ODI_previous3_overs": [], "club_ODI_previous3_runs gave": [], "club_ODI_lifetime_runs": 0.0, "club_ODI_lifetime_wickets": 0.0, "club_ODI_lifetime_balls played": 0.0, "club_ODI_lifetime_overs": 0.0, "club_ODI_lifetime_runs gave": 0.0, "club_Test_previous3_runs": [], "club_Test_previous3_wickets": [], "club_Test_previous3_balls played": [], "club_Test_previous3_overs": [], "club_Test_previous3_runs gave": [], "club_Test_lifetime_runs": 0.0, "club_Test_lifetime_wickets": 0.0, "club_Test_lifetime_balls played": 0.0, "club_Test_lifetime_overs": 0.0, "club_Test_lifetime_runs gave": 0.0, "club_T20_previous3_runs": [], "club_T20_previous3_wickets": [], "club_T20_previous3_balls played": [], "club_T20_previous3_overs": [], "club_T20_previous3_runs gave": [], "club_T20_lifetime_runs": 0.0, "club_T20_lifetime_wickets": 0.0, "club_T20_lifetime_balls played": 0.0, "club_T20_lifetime_overs": 0.0, "club_T20_lifetime_runs gave": 0.0, "international_ODI_previous3_runs": [25.0, 42.0], "international_ODI_previous3_wickets": [0.0, 0.0], "international_ODI_previous3_balls played": [18.0, 41.0], "international_ODI_previous3_overs": [0.0, 0.0], "international_ODI_previous3_runs gave": [0.0, 0.0], "international_ODI_lifetime_runs": 67.0, "international_ODI_lifetime_wickets": 0.0, "international_ODI_lifetime_balls played": 59.0, "international_ODI_lifetime_overs": 0.0, "international_ODI_lifetime_runs gave": 0.0, "international_Test_previous3_runs": [], "international_Test_previous3_wickets": [], "international_Test_previous3_balls played": [], "international_Test_previous3_overs": [], "international_Test_previous3_runs gave": [], "international_Test_lifetime_runs": 0.0, "international_Test_lifetime_wickets": 0.0, "international_Test_lifetime_balls played": 0.0, "international_Test_lifetime_overs": 0.0, "international_Test_lifetime_runs gave": 0.0, "international_T20_previous3_runs": [3.0, 13.0, 0.0], "international_T20_previous3_wickets": [0.0, 0.0, 0.0], "international_T20_previous3_balls played": [5.0, 14.0, 0.0], "international_T20_previous3_overs": [0.0, 0.0, 0.0], "international_T20_previous3_runs gave": [0.0, 0.0, 0.0], "international_T20_lifetime_runs": 42.0, "international_T20_lifetime_wickets": 0.0, "international_T20_lifetime_balls played": 58.0, "international_T20_lifetime_overs": 0.0, "international_T20_lifetime_runs gave": 0.0}