{"played_against": {"63d556ae": {"runs": 0, "balls": 5, "wickets": 1}, "6d5bdc43": {"runs": 1, "balls": 3, "wickets": 0}, "7e061aeb": {"runs": 3, "balls": 5, "wickets": 0}, "5940df22": {"runs": 0, "balls": 3, "wickets": 0}, "da569a0d": {"runs": 10, "balls": 9, "wickets": 0}, "687e9b96": {"runs": 9, "balls": 3, "wickets": 0}, "715dbf27": {"runs": 11, "balls": 5, "wickets": 0}, "958d9f30": {"runs": 0, "balls": 3, "wickets": 1}, "80089b3a": {"runs": 0, "balls": 1, "wickets": 0}, "2fbb8902": {"runs": 1, "balls": 5, "wickets": 0}, "49f6d023": {"runs": 0, "balls": 2, "wickets": 1}, "d754fde8": {"runs": 2, "balls": 8, "wickets": 0}, "85b0ccd1": {"runs": 2, "balls": 7, "wickets": 0}, "eff8b730": {"runs": 1, "balls": 3, "wickets": 0}, "b75b7b09": {"runs": 5, "balls": 5, "wickets": 0}, "b7ccb3c9": {"runs": 0, "balls": 1, "wickets": 1}, "f8c72766": {"runs": 9, "balls": 13, "wickets": 0}, "f28a60e0": {"runs": 5, "balls": 7, "wickets": 0}, "e258a603": {"runs": 13, "balls": 7, "wickets": 0}, "95c434f7": {"runs": 3, "balls": 9, "wickets": 0}, "cbabd6ad": {"runs": 0, "balls": 5, "wickets": 0}, "17aa4f1d": {"runs": 3, "balls": 8, "wickets": 0}, "c6e10e5c": {"runs": 4, "balls": 7, "wickets": 0}, "94a1827c": {"runs": 5, "balls": 7, "wickets": 1}, "f1eb3c73": {"runs": 4, "balls": 6, "wickets": 0}, "a6bab2a9": {"runs": 6, "balls": 7, "wickets": 0}, "95fcbfb7": {"runs": 8, "balls": 10, "wickets": 0}, "7f6c2dae": {"runs": 1, "balls": 2, "wickets": 0}, "f86ce673": {"runs": 12, "balls": 3, "wickets": 1}, "dab18aa5": {"runs": 1, "balls": 3, "wickets": 1}, "0e0afd8b": {"runs": 1, "balls": 5, "wickets": 0}, "e1592949": {"runs": 7, "balls": 6, "wickets": 1}, "a268c07b": {"runs": 2, "balls": 2, "wickets": 1}, "0d38ab25": {"runs": 0, "balls": 0, "wickets": 0}, "1911dcbc": {"runs": 2, "balls": 2, "wickets": 0}, "04bc296f": {"runs": 1, "balls": 3, "wickets": 0}}, "fifties": 0, "thirties": 1, "centuries": 0, "maidens": 1.0, "hattricks": 1, "runs": 132.0, "wickets": 17.0, "club_ODI_previous3_runs": [], "club_ODI_previous3_wickets": [], "club_ODI_previous3_balls played": [], "club_ODI_previous3_overs": [], "club_ODI_previous3_runs gave": [], "club_ODI_lifetime_runs": 0.0, "club_ODI_lifetime_wickets": 0.0, "club_ODI_lifetime_balls played": 0.0, "club_ODI_lifetime_overs": 0.0, "club_ODI_lifetime_runs gave": 0.0, "club_Test_previous3_runs": [], "club_Test_previous3_wickets": [], "club_Test_previous3_balls played": [], "club_Test_previous3_overs": [], "club_Test_previous3_runs gave": [], "club_Test_lifetime_runs": 0.0, "club_Test_lifetime_wickets": 0.0, "club_Test_lifetime_balls played": 0.0, "club_Test_lifetime_overs": 0.0, "club_Test_lifetime_runs gave": 0.0, "club_T20_previous3_runs": [], "club_T20_previous3_wickets": [], "club_T20_previous3_balls played": [], "club_T20_previous3_overs": [], "club_T20_previous3_runs gave": [], "club_T20_lifetime_runs": 0.0, "club_T20_lifetime_wickets": 0.0, "club_T20_lifetime_balls played": 0.0, "club_T20_lifetime_overs": 0.0, "club_T20_lifetime_runs gave": 0.0, "international_ODI_previous3_runs": [1.0, 4.0, 6.0], "international_ODI_previous3_wickets": [2.0, 1.0, 1.0], "international_ODI_previous3_balls played": [7.0, 15.0, 9.0], "international_ODI_previous3_overs": [5.0, 8.833333333333334, 7.0], "international_ODI_previous3_runs gave": [24.0, 62.0, 64.0], "international_ODI_lifetime_runs": 45.0, "international_ODI_lifetime_wickets": 10.0, "international_ODI_lifetime_balls played": 68.0, "international_ODI_lifetime_overs": 47.5, "international_ODI_lifetime_runs gave": 306.0, "international_Test_previous3_runs": [], "international_Test_previous3_wickets": [], "international_Test_previous3_balls played": [], "international_Test_previous3_overs": [], "international_Test_previous3_runs gave": [], "international_Test_lifetime_runs": 0.0, "international_Test_lifetime_wickets": 0.0, "international_Test_lifetime_balls played": 0.0, "international_Test_lifetime_overs": 0.0, "international_Test_lifetime_runs gave": 0.0, "international_T20_previous3_runs": [2.0, 0.0, 1.0], "international_T20_previous3_wickets": [2.0, 1.0, 1.0], "international_T20_previous3_balls played": [3.0, 0.0, 4.0], "international_T20_previous3_overs": [3.8333333333333335, 4.0, 4.0], "international_T20_previous3_runs gave": [24.0, 24.0, 38.0], "international_T20_lifetime_runs": 87.0, "international_T20_lifetime_wickets": 7.0, "international_T20_lifetime_balls played": 114.0, "international_T20_lifetime_overs": 26.833333333333332, "international_T20_lifetime_runs gave": 192.0}