{"played_against": {"eec81780": {"runs": 20, "balls": 20, "wickets": 0}, "00cada13": {"runs": 5, "balls": 4, "wickets": 0}, "bdadf7da": {"runs": 16, "balls": 25, "wickets": 1}, "93cad673": {"runs": 13, "balls": 5, "wickets": 0}, "43205dad": {"runs": 7, "balls": 4, "wickets": 0}, "067bda18": {"runs": 24, "balls": 65, "wickets": 0}, "3a3e7d82": {"runs": 16, "balls": 18, "wickets": 1}, "4167f30b": {"runs": 10, "balls": 42, "wickets": 2}, "cdd875d9": {"runs": 5, "balls": 6, "wickets": 1}, "861eed37": {"runs": 23, "balls": 76, "wickets": 0}, "b9877635": {"runs": 9, "balls": 43, "wickets": 0}, "23dee937": {"runs": 8, "balls": 29, "wickets": 0}, "19708692": {"runs": 25, "balls": 40, "wickets": 0}, "22b98d7c": {"runs": 2, "balls": 8, "wickets": 1}, "679cd31e": {"runs": 10, "balls": 42, "wickets": 1}, "5b6d248a": {"runs": 17, "balls": 18, "wickets": 0}, "a790df98": {"runs": 29, "balls": 46, "wickets": 1}, "39e2c0fd": {"runs": 1, "balls": 28, "wickets": 0}, "c5cc48bc": {"runs": 3, "balls": 8, "wickets": 0}, "4b685e2d": {"runs": 0, "balls": 3, "wickets": 0}, "208f22ea": {"runs": 5, "balls": 34, "wickets": 1}, "78eb4223": {"runs": 7, "balls": 10, "wickets": 0}, "59559bc2": {"runs": 4, "balls": 14, "wickets": 0}, "c672e80e": {"runs": 2, "balls": 8, "wickets": 0}, "fe2ac1a8": {"runs": 0, "balls": 1, "wickets": 1}, "8c9d3000": {"runs": 34, "balls": 39, "wickets": 1}, "6c908ffc": {"runs": 65, "balls": 109, "wickets": 2}, "1cc0a83d": {"runs": 11, "balls": 31, "wickets": 0}, "e05b2a5b": {"runs": 24, "balls": 39, "wickets": 0}, "0ecb4de6": {"runs": 20, "balls": 6, "wickets": 0}, "e734d090": {"runs": 11, "balls": 12, "wickets": 0}, "0f3ee070": {"runs": 9, "balls": 34, "wickets": 0}, "38c276e1": {"runs": 32, "balls": 58, "wickets": 2}, "932d3cc9": {"runs": 26, "balls": 54, "wickets": 0}, "27fc5808": {"runs": 6, "balls": 18, "wickets": 0}, "bdadcca1": {"runs": 8, "balls": 17, "wickets": 0}, "344c6d55": {"runs": 5, "balls": 15, "wickets": 1}, "0164b064": {"runs": 3, "balls": 31, "wickets": 0}, "d99cc23a": {"runs": 24, "balls": 46, "wickets": 1}, "f1ba9ed7": {"runs": 95, "balls": 138, "wickets": 0}, "80e44dc5": {"runs": 46, "balls": 94, "wickets": 0}, "0c7f11be": {"runs": 4, "balls": 14, "wickets": 0}, "4c0f3806": {"runs": 26, "balls": 61, "wickets": 0}, "894b2d25": {"runs": 12, "balls": 43, "wickets": 0}, "fc4375ef": {"runs": 21, "balls": 25, "wickets": 0}, "cad40f5e": {"runs": 3, "balls": 4, "wickets": 1}, "2f28dc94": {"runs": 1, "balls": 1, "wickets": 0}, "9789e56e": {"runs": 24, "balls": 32, "wickets": 1}, "ad286dcc": {"runs": 10, "balls": 38, "wickets": 1}, "1252f71a": {"runs": 11, "balls": 23, "wickets": 0}, "fe5b4367": {"runs": 31, "balls": 51, "wickets": 0}, "01a95383": {"runs": 15, "balls": 56, "wickets": 1}, "269ff06e": {"runs": 37, "balls": 48, "wickets": 0}, "63e1e352": {"runs": 74, "balls": 92, "wickets": 1}, "9fd3a210": {"runs": 36, "balls": 49, "wickets": 1}, "ffdba4e2": {"runs": 18, "balls": 11, "wickets": 0}, "dfc3f02d": {"runs": 68, "balls": 66, "wickets": 0}, "ba377b40": {"runs": 21, "balls": 24, "wickets": 1}, "0126ff20": {"runs": 68, "balls": 83, "wickets": 1}, "cd143bca": {"runs": 22, "balls": 54, "wickets": 0}, "a4b810d0": {"runs": 9, "balls": 27, "wickets": 0}, "fc63d916": {"runs": 32, "balls": 34, "wickets": 0}, "0d61d8f0": {"runs": 2, "balls": 3, "wickets": 0}, "52c442e4": {"runs": 26, "balls": 21, "wickets": 0}, "a5735bd3": {"runs": 28, "balls": 32, "wickets": 1}, "54c2b697": {"runs": 6, "balls": 5, "wickets": 0}, "003d49e6": {"runs": 2, "balls": 5, "wickets": 1}, "04cd872b": {"runs": 10, "balls": 14, "wickets": 0}, "eab74985": {"runs": 5, "balls": 2, "wickets": 0}, "e43aa7ed": {"runs": 5, "balls": 7, "wickets": 0}, "23638956": {"runs": 11, "balls": 10, "wickets": 0}, "56b93d46": {"runs": 36, "balls": 58, "wickets": 1}, "25a42048": {"runs": 1, "balls": 2, "wickets": 0}, "ea3d687a": {"runs": 6, "balls": 6, "wickets": 0}, "5ccdb14f": {"runs": 4, "balls": 4, "wickets": 1}, "5f031dc9": {"runs": 3, "balls": 4, "wickets": 0}, "c96f6ac5": {"runs": 8, "balls": 18, "wickets": 0}, "c78a879c": {"runs": 10, "balls": 8, "wickets": 0}, "948beb1f": {"runs": 18, "balls": 49, "wickets": 0}, "39180894": {"runs": 4, "balls": 6, "wickets": 1}, "95a06106": {"runs": 29, "balls": 35, "wickets": 0}, "e142c599": {"runs": 42, "balls": 63, "wickets": 0}, "eafe8a94": {"runs": 8, "balls": 12, "wickets": 0}, "d12cead8": {"runs": 15, "balls": 20, "wickets": 0}, "7d7233a9": {"runs": 25, "balls": 47, "wickets": 0}, "9e707e02": {"runs": 42, "balls": 50, "wickets": 1}, "ac3c3cab": {"runs": 52, "balls": 62, "wickets": 1}, "078ffbf2": {"runs": 12, "balls": 17, "wickets": 1}, "c5f40e35": {"runs": 12, "balls": 20, "wickets": 0}, "219cc59e": {"runs": 18, "balls": 38, "wickets": 1}, "ed12fcd7": {"runs": 0, "balls": 3, "wickets": 1}, "b82e3032": {"runs": 16, "balls": 27, "wickets": 1}, "27e60d6e": {"runs": 16, "balls": 51, "wickets": 0}, "d4eef961": {"runs": 22, "balls": 24, "wickets": 0}, "6c6aca89": {"runs": 29, "balls": 47, "wickets": 1}, "74a274cc": {"runs": 39, "balls": 54, "wickets": 0}, "ad212f96": {"runs": 1, "balls": 9, "wickets": 0}, "48ad3373": {"runs": 16, "balls": 27, "wickets": 0}, "0a7c6649": {"runs": 12, "balls": 26, "wickets": 0}, "1efd12d1": {"runs": 11, "balls": 8, "wickets": 0}, "cb1a782a": {"runs": 22, "balls": 33, "wickets": 0}, "f0a0204e": {"runs": 54, "balls": 28, "wickets": 1}, "6c7349c4": {"runs": 21, "balls": 22, "wickets": 0}, "7f7f658b": {"runs": 7, "balls": 18, "wickets": 2}, "5a74e559": {"runs": 10, "balls": 16, "wickets": 0}, "e871a7a1": {"runs": 6, "balls": 37, "wickets": 2}, "dcf81436": {"runs": 9, "balls": 11, "wickets": 0}, "07c8a2f4": {"runs": 2, "balls": 20, "wickets": 0}, "ec5160d7": {"runs": 2, "balls": 10, "wickets": 1}, "dbb15645": {"runs": 4, "balls": 34, "wickets": 0}, "adaf51be": {"runs": 33, "balls": 31, "wickets": 0}, "7cb2d9d2": {"runs": 8, "balls": 5, "wickets": 0}, "5c86c3c2": {"runs": 2, "balls": 5, "wickets": 1}, "57a76baa": {"runs": 1, "balls": 4, "wickets": 0}, "b3544c5d": {"runs": 7, "balls": 10, "wickets": 0}, "e423d162": {"runs": 11, "balls": 14, "wickets": 0}, "56c80c90": {"runs": 24, "balls": 16, "wickets": 0}, "e5218454": {"runs": 5, "balls": 6, "wickets": 0}, "634749ad": {"runs": 0, "balls": 1, "wickets": 1}, "1e66c162": {"runs": 6, "balls": 21, "wickets": 2}, "8f08313a": {"runs": 9, "balls": 12, "wickets": 0}, "2085e1fa": {"runs": 11, "balls": 19, "wickets": 1}, "bdc0670a": {"runs": 11, "balls": 19, "wickets": 0}, "5a18ed8b": {"runs": 19, "balls": 33, "wickets": 0}}, "fifties": 11, "thirties": 7, "centuries": 6, "maidens": 0.0, "hattricks": 0, "runs": 2087.0, "wickets": 0.0, "club_ODI_previous3_runs": [7.0, 8.0, 5.0], "club_ODI_previous3_wickets": [0.0, 0.0, 0.0], "club_ODI_previous3_balls played": [16.0, 22.0, 7.0], "club_ODI_previous3_overs": [0.0, 0.0, 0.0], "club_ODI_previous3_runs gave": [0.0, 0.0, 0.0], "club_ODI_lifetime_runs": 242.0, "club_ODI_lifetime_wickets": 0.0, "club_ODI_lifetime_balls played": 330.0, "club_ODI_lifetime_overs": 0.0, "club_ODI_lifetime_runs gave": 0.0, "club_Test_previous3_runs": [5.0, 80.0, 11.0], "club_Test_previous3_wickets": [0.0, 0.0, 0.0], "club_Test_previous3_balls played": [25.0, 148.0, 17.0], "club_Test_previous3_overs": [0.0, 0.0, 0.0], "club_Test_previous3_runs gave": [0.0, 0.0, 0.0], "club_Test_lifetime_runs": 1845.0, "club_Test_lifetime_wickets": 0.0, "club_Test_lifetime_balls played": 3158.0, "club_Test_lifetime_overs": 11.0, "club_Test_lifetime_runs gave": 105.0, "club_T20_previous3_runs": [], "club_T20_previous3_wickets": [], "club_T20_previous3_balls played": [], "club_T20_previous3_overs": [], "club_T20_previous3_runs gave": [], "club_T20_lifetime_runs": 0.0, "club_T20_lifetime_wickets": 0.0, "club_T20_lifetime_balls played": 0.0, "club_T20_lifetime_overs": 0.0, "club_T20_lifetime_runs gave": 0.0, "international_ODI_previous3_runs": [], "international_ODI_previous3_wickets": [], "international_ODI_previous3_balls played": [], "international_ODI_previous3_overs": [], "international_ODI_previous3_runs gave": [], "international_ODI_lifetime_runs": 0.0, "international_ODI_lifetime_wickets": 0.0, "international_ODI_lifetime_balls played": 0.0, "international_ODI_lifetime_overs": 0.0, "international_ODI_lifetime_runs gave": 0.0, "international_Test_previous3_runs": [], "international_Test_previous3_wickets": [], "international_Test_previous3_balls played": [], "international_Test_previous3_overs": [], "international_Test_previous3_runs gave": [], "international_Test_lifetime_runs": 0.0, "international_Test_lifetime_wickets": 0.0, "international_Test_lifetime_balls played": 0.0, "international_Test_lifetime_overs": 0.0, "international_Test_lifetime_runs gave": 0.0, "international_T20_previous3_runs": [], "international_T20_previous3_wickets": [], "international_T20_previous3_balls played": [], "international_T20_previous3_overs": [], "international_T20_previous3_runs gave": [], "international_T20_lifetime_runs": 0.0, "international_T20_lifetime_wickets": 0.0, "international_T20_lifetime_balls played": 0.0, "international_T20_lifetime_overs": 0.0, "international_T20_lifetime_runs gave": 0.0}