{"played_against": {"57f520ee": {"runs": 2, "balls": 5, "wickets": 0}, "ba5e1069": {"runs": 25, "balls": 28, "wickets": 0}, "149d0c18": {"runs": 36, "balls": 68, "wickets": 0}, "9219eff0": {"runs": 18, "balls": 20, "wickets": 0}, "e38bce7a": {"runs": 3, "balls": 10, "wickets": 0}, "e1891e00": {"runs": 10, "balls": 27, "wickets": 0}, "782fb776": {"runs": 11, "balls": 14, "wickets": 0}, "2fef3b0c": {"runs": 20, "balls": 25, "wickets": 1}, "2e9fdf9b": {"runs": 11, "balls": 35, "wickets": 2}, "48ad3373": {"runs": 22, "balls": 34, "wickets": 0}, "fbd4f01f": {"runs": 16, "balls": 22, "wickets": 0}, "9f395b45": {"runs": 14, "balls": 25, "wickets": 1}, "05b1aef8": {"runs": 5, "balls": 18, "wickets": 0}, "f8e48647": {"runs": 8, "balls": 10, "wickets": 1}, "33b13a3c": {"runs": 17, "balls": 20, "wickets": 0}, "6be7b49d": {"runs": 0, "balls": 8, "wickets": 1}, "236c8ffb": {"runs": 4, "balls": 9, "wickets": 2}, "dadbdb68": {"runs": 13, "balls": 51, "wickets": 1}, "ebb1f8e8": {"runs": 30, "balls": 15, "wickets": 0}, "1c06d60a": {"runs": 16, "balls": 30, "wickets": 2}, "2767c22a": {"runs": 20, "balls": 11, "wickets": 1}, "b03db6fa": {"runs": 39, "balls": 45, "wickets": 3}, "dbeb6733": {"runs": 17, "balls": 16, "wickets": 0}, "ed6894af": {"runs": 1, "balls": 4, "wickets": 0}, "e3aa97a2": {"runs": 2, "balls": 5, "wickets": 0}, "f92c9151": {"runs": 0, "balls": 1, "wickets": 0}, "5426de63": {"runs": 6, "balls": 18, "wickets": 0}, "641ac5ff": {"runs": 19, "balls": 10, "wickets": 0}, "56d471f2": {"runs": 7, "balls": 6, "wickets": 0}, "30f92334": {"runs": 15, "balls": 15, "wickets": 1}, "25dcd237": {"runs": 1, "balls": 6, "wickets": 1}, "350bb1b1": {"runs": 1, "balls": 2, "wickets": 0}, "f28c7456": {"runs": 14, "balls": 49, "wickets": 1}, "321be7e3": {"runs": 20, "balls": 37, "wickets": 0}, "74a1c1e3": {"runs": 4, "balls": 11, "wickets": 1}, "90701232": {"runs": 15, "balls": 15, "wickets": 1}, "750d906e": {"runs": 7, "balls": 5, "wickets": 0}, "b53136ce": {"runs": 6, "balls": 5, "wickets": 0}, "2f9d0389": {"runs": 0, "balls": 2, "wickets": 1}, "cb9b8664": {"runs": 1, "balls": 1, "wickets": 0}, "fd9f43bb": {"runs": 9, "balls": 8, "wickets": 0}, "07793daf": {"runs": 2, "balls": 7, "wickets": 0}, "79f5bc26": {"runs": 1, "balls": 9, "wickets": 0}, "2c1438ef": {"runs": 3, "balls": 15, "wickets": 0}, "a1ad8978": {"runs": 1, "balls": 15, "wickets": 1}, "f45cd5c8": {"runs": 1, "balls": 16, "wickets": 0}}, "fifties": 2, "thirties": 3, "centuries": 0, "maidens": 82.0, "hattricks": 8, "runs": 493.0, "wickets": 53.0, "club_ODI_previous3_runs": [], "club_ODI_previous3_wickets": [], "club_ODI_previous3_balls played": [], "club_ODI_previous3_overs": [], "club_ODI_previous3_runs gave": [], "club_ODI_lifetime_runs": 0.0, "club_ODI_lifetime_wickets": 0.0, "club_ODI_lifetime_balls played": 0.0, "club_ODI_lifetime_overs": 0.0, "club_ODI_lifetime_runs gave": 0.0, "club_Test_previous3_runs": [8.0, 10.0, 16.0], "club_Test_previous3_wickets": [1.0, 5.0, 2.0], "club_Test_previous3_balls played": [20.0, 64.0, 36.0], "club_Test_previous3_overs": [35.0, 40.0, 33.0], "club_Test_previous3_runs gave": [89.0, 152.0, 119.0], "club_Test_lifetime_runs": 461.0, "club_Test_lifetime_wickets": 45.0, "club_Test_lifetime_balls played": 790.0, "club_Test_lifetime_overs": 439.0, "club_Test_lifetime_runs gave": 1524.0, "club_T20_previous3_runs": [0.0, 5.0, 8.0], "club_T20_previous3_wickets": [1.0, 1.0, 0.0], "club_T20_previous3_balls played": [0.0, 5.0, 4.0], "club_T20_previous3_overs": [3.5, 4.0, 4.0], "club_T20_previous3_runs gave": [25.0, 27.0, 34.0], "club_T20_lifetime_runs": 32.0, "club_T20_lifetime_wickets": 8.0, "club_T20_lifetime_balls played": 23.0, "club_T20_lifetime_overs": 35.16666666666667, "club_T20_lifetime_runs gave": 310.0, "international_ODI_previous3_runs": [], "international_ODI_previous3_wickets": [], "international_ODI_previous3_balls played": [], "international_ODI_previous3_overs": [], "international_ODI_previous3_runs gave": [], "international_ODI_lifetime_runs": 0.0, "international_ODI_lifetime_wickets": 0.0, "international_ODI_lifetime_balls played": 0.0, "international_ODI_lifetime_overs": 0.0, "international_ODI_lifetime_runs gave": 0.0, "international_Test_previous3_runs": [], "international_Test_previous3_wickets": [], "international_Test_previous3_balls played": [], "international_Test_previous3_overs": [], "international_Test_previous3_runs gave": [], "international_Test_lifetime_runs": 0.0, "international_Test_lifetime_wickets": 0.0, "international_Test_lifetime_balls played": 0.0, "international_Test_lifetime_overs": 0.0, "international_Test_lifetime_runs gave": 0.0, "international_T20_previous3_runs": [], "international_T20_previous3_wickets": [], "international_T20_previous3_balls played": [], "international_T20_previous3_overs": [], "international_T20_previous3_runs gave": [], "international_T20_lifetime_runs": 0.0, "international_T20_lifetime_wickets": 0.0, "international_T20_lifetime_balls played": 0.0, "international_T20_lifetime_overs": 0.0, "international_T20_lifetime_runs gave": 0.0}