{"played_against": {"531aef3b": {"runs": 1, "balls": 6, "wickets": 0}, "0e283b75": {"runs": 1, "balls": 4, "wickets": 0}, "5596d5bf": {"runs": 1, "balls": 1, "wickets": 0}, "e7068bfd": {"runs": 0, "balls": 3, "wickets": 1}, "fa9fdefa": {"runs": 2, "balls": 5, "wickets": 0}, "44c3cb6d": {"runs": 0, "balls": 12, "wickets": 1}, "16301313": {"runs": 0, "balls": 1, "wickets": 1}, "1b3f7dbb": {"runs": 1, "balls": 3, "wickets": 0}, "11d0079f": {"runs": 0, "balls": 2, "wickets": 0}, "f5e70dd4": {"runs": 10, "balls": 13, "wickets": 0}, "2e988457": {"runs": 0, "balls": 10, "wickets": 1}, "7f7dc2ee": {"runs": 0, "balls": 5, "wickets": 0}, "7a81836e": {"runs": 5, "balls": 11, "wickets": 0}, "8ffa1b3c": {"runs": 2, "balls": 6, "wickets": 0}, "23917bf0": {"runs": 1, "balls": 3, "wickets": 0}, "eda9895d": {"runs": 0, "balls": 0, "wickets": 0}, "db32d60a": {"runs": 1, "balls": 2, "wickets": 0}, "6e60bbe2": {"runs": 1, "balls": 2, "wickets": 0}, "f4270fc7": {"runs": 2, "balls": 3, "wickets": 0}, "26b3df21": {"runs": 0, "balls": 4, "wickets": 1}, "36dfa62e": {"runs": 1, "balls": 3, "wickets": 0}, "edf62a25": {"runs": 0, "balls": 4, "wickets": 0}, "a4f1fdd4": {"runs": 2, "balls": 5, "wickets": 0}, "8d25271a": {"runs": 5, "balls": 14, "wickets": 0}}, "fifties": 0, "thirties": 0, "centuries": 0, "maidens": 0.0, "hattricks": 0, "runs": 36.0, "wickets": 0.0, "club_ODI_previous3_runs": [], "club_ODI_previous3_wickets": [], "club_ODI_previous3_balls played": [], "club_ODI_previous3_overs": [], "club_ODI_previous3_runs gave": [], "club_ODI_lifetime_runs": 0.0, "club_ODI_lifetime_wickets": 0.0, "club_ODI_lifetime_balls played": 0.0, "club_ODI_lifetime_overs": 0.0, "club_ODI_lifetime_runs gave": 0.0, "club_Test_previous3_runs": [], "club_Test_previous3_wickets": [], "club_Test_previous3_balls played": [], "club_Test_previous3_overs": [], "club_Test_previous3_runs gave": [], "club_Test_lifetime_runs": 0.0, "club_Test_lifetime_wickets": 0.0, "club_Test_lifetime_balls played": 0.0, "club_Test_lifetime_overs": 0.0, "club_Test_lifetime_runs gave": 0.0, "club_T20_previous3_runs": [], "club_T20_previous3_wickets": [], "club_T20_previous3_balls played": [], "club_T20_previous3_overs": [], "club_T20_previous3_runs gave": [], "club_T20_lifetime_runs": 0.0, "club_T20_lifetime_wickets": 0.0, "club_T20_lifetime_balls played": 0.0, "club_T20_lifetime_overs": 0.0, "club_T20_lifetime_runs gave": 0.0, "international_ODI_previous3_runs": [], "international_ODI_previous3_wickets": [], "international_ODI_previous3_balls played": [], "international_ODI_previous3_overs": [], "international_ODI_previous3_runs gave": [], "international_ODI_lifetime_runs": 0.0, "international_ODI_lifetime_wickets": 0.0, "international_ODI_lifetime_balls played": 0.0, "international_ODI_lifetime_overs": 0.0, "international_ODI_lifetime_runs gave": 0.0, "international_Test_previous3_runs": [], "international_Test_previous3_wickets": [], "international_Test_previous3_balls played": [], "international_Test_previous3_overs": [], "international_Test_previous3_runs gave": [], "international_Test_lifetime_runs": 0.0, "international_Test_lifetime_wickets": 0.0, "international_Test_lifetime_balls played": 0.0, "international_Test_lifetime_overs": 0.0, "international_Test_lifetime_runs gave": 0.0, "international_T20_previous3_runs": [0.0, 3.0, 8.0], "international_T20_previous3_wickets": [0.0, 0.0, 0.0], "international_T20_previous3_balls played": [2.0, 9.0, 27.0], "international_T20_previous3_overs": [0.0, 0.0, 0.0], "international_T20_previous3_runs gave": [0.0, 0.0, 0.0], "international_T20_lifetime_runs": 36.0, "international_T20_lifetime_wickets": 0.0, "international_T20_lifetime_balls played": 125.0, "international_T20_lifetime_overs": 0.0, "international_T20_lifetime_runs gave": 0.0}