{"played_against": {"01d5f279": {"runs": 12, "balls": 13, "wickets": 1}, "dd0ecb8b": {"runs": 5, "balls": 9, "wickets": 0}, "f416b534": {"runs": 3, "balls": 10, "wickets": 0}, "bceb1b07": {"runs": 5, "balls": 6, "wickets": 0}, "52f96571": {"runs": 1, "balls": 2, "wickets": 1}, "db3f0650": {"runs": 1, "balls": 3, "wickets": 0}, "2c2013a9": {"runs": 1, "balls": 7, "wickets": 1}, "8ecc7c4e": {"runs": 10, "balls": 10, "wickets": 0}, "2f0fa698": {"runs": 21, "balls": 15, "wickets": 0}, "a796e302": {"runs": 19, "balls": 8, "wickets": 0}, "924ab6c4": {"runs": 10, "balls": 16, "wickets": 0}, "6be8fb20": {"runs": 10, "balls": 17, "wickets": 0}, "6d5bdc43": {"runs": 13, "balls": 6, "wickets": 1}, "78fcc740": {"runs": 1, "balls": 5, "wickets": 0}, "da569a0d": {"runs": 13, "balls": 19, "wickets": 0}, "715dbf27": {"runs": 9, "balls": 15, "wickets": 0}, "5940df22": {"runs": 13, "balls": 13, "wickets": 0}, "7e061aeb": {"runs": 7, "balls": 14, "wickets": 0}, "6e5bad11": {"runs": 12, "balls": 6, "wickets": 0}, "03d70cd8": {"runs": 4, "balls": 9, "wickets": 0}, "687e9b96": {"runs": 0, "balls": 1, "wickets": 1}, "8160713d": {"runs": 1, "balls": 3, "wickets": 0}, "f8035c2a": {"runs": 8, "balls": 11, "wickets": 0}, "2fbb8902": {"runs": 20, "balls": 9, "wickets": 0}, "49f6d023": {"runs": 1, "balls": 3, "wickets": 1}, "e95eb01b": {"runs": 0, "balls": 1, "wickets": 1}, "eff8b730": {"runs": 21, "balls": 15, "wickets": 0}, "1f1f93b5": {"runs": 14, "balls": 13, "wickets": 0}, "b7ccb3c9": {"runs": 9, "balls": 10, "wickets": 0}, "658c2e71": {"runs": 13, "balls": 18, "wickets": 0}, "9b0a0f12": {"runs": 20, "balls": 17, "wickets": 0}, "b75b7b09": {"runs": 12, "balls": 19, "wickets": 0}, "baa7dd37": {"runs": 1, "balls": 5, "wickets": 1}, "89b7e368": {"runs": 5, "balls": 4, "wickets": 0}, "d0042e16": {"runs": 8, "balls": 11, "wickets": 0}, "f1eb3c73": {"runs": 6, "balls": 10, "wickets": 0}, "e1592949": {"runs": 8, "balls": 6, "wickets": 0}, "dab18aa5": {"runs": 19, "balls": 11, "wickets": 1}, "0e0afd8b": {"runs": 7, "balls": 4, "wickets": 0}, "92075cdc": {"runs": 1, "balls": 1, "wickets": 0}, "de6b3760": {"runs": 3, "balls": 4, "wickets": 1}, "214cf493": {"runs": 11, "balls": 10, "wickets": 0}, "5a42db78": {"runs": 11, "balls": 7, "wickets": 1}, "2f6f44bb": {"runs": 10, "balls": 6, "wickets": 0}, "244009ae": {"runs": 5, "balls": 7, "wickets": 1}, "9ac70727": {"runs": 8, "balls": 3, "wickets": 0}, "0bb68705": {"runs": 7, "balls": 5, "wickets": 0}, "1911dcbc": {"runs": 1, "balls": 1, "wickets": 0}, "56544f81": {"runs": 0, "balls": 1, "wickets": 1}, "14810ee7": {"runs": 6, "balls": 10, "wickets": 1}, "bb9b51f4": {"runs": 2, "balls": 2, "wickets": 0}, "ff722bc8": {"runs": 9, "balls": 4, "wickets": 0}, "04bc296f": {"runs": 13, "balls": 6, "wickets": 1}, "f86ce673": {"runs": 8, "balls": 3, "wickets": 0}, "c01d7726": {"runs": 4, "balls": 6, "wickets": 1}}, "fifties": 4, "thirties": 1, "centuries": 0, "maidens": 0.0, "hattricks": 0, "runs": 442.0, "wickets": 0.0, "club_ODI_previous3_runs": [], "club_ODI_previous3_wickets": [], "club_ODI_previous3_balls played": [], "club_ODI_previous3_overs": [], "club_ODI_previous3_runs gave": [], "club_ODI_lifetime_runs": 0.0, "club_ODI_lifetime_wickets": 0.0, "club_ODI_lifetime_balls played": 0.0, "club_ODI_lifetime_overs": 0.0, "club_ODI_lifetime_runs gave": 0.0, "club_Test_previous3_runs": [], "club_Test_previous3_wickets": [], "club_Test_previous3_balls played": [], "club_Test_previous3_overs": [], "club_Test_previous3_runs gave": [], "club_Test_lifetime_runs": 0.0, "club_Test_lifetime_wickets": 0.0, "club_Test_lifetime_balls played": 0.0, "club_Test_lifetime_overs": 0.0, "club_Test_lifetime_runs gave": 0.0, "club_T20_previous3_runs": [], "club_T20_previous3_wickets": [], "club_T20_previous3_balls played": [], "club_T20_previous3_overs": [], "club_T20_previous3_runs gave": [], "club_T20_lifetime_runs": 0.0, "club_T20_lifetime_wickets": 0.0, "club_T20_lifetime_balls played": 0.0, "club_T20_lifetime_overs": 0.0, "club_T20_lifetime_runs gave": 0.0, "international_ODI_previous3_runs": [0.0, 89.0, 6.0], "international_ODI_previous3_wickets": [0.0, 0.0, 0.0], "international_ODI_previous3_balls played": [1.0, 92.0, 9.0], "international_ODI_previous3_overs": [0.0, 0.0, 0.0], "international_ODI_previous3_runs gave": [0.0, 0.0, 0.0], "international_ODI_lifetime_runs": 274.0, "international_ODI_lifetime_wickets": 0.0, "international_ODI_lifetime_balls played": 307.0, "international_ODI_lifetime_overs": 0.0, "international_ODI_lifetime_runs gave": 0.0, "international_Test_previous3_runs": [], "international_Test_previous3_wickets": [], "international_Test_previous3_balls played": [], "international_Test_previous3_overs": [], "international_Test_previous3_runs gave": [], "international_Test_lifetime_runs": 0.0, "international_Test_lifetime_wickets": 0.0, "international_Test_lifetime_balls played": 0.0, "international_Test_lifetime_overs": 0.0, "international_Test_lifetime_runs gave": 0.0, "international_T20_previous3_runs": [7.0, 64.0, 5.0], "international_T20_previous3_wickets": [0.0, 0.0, 0.0], "international_T20_previous3_balls played": [9.0, 38.0, 9.0], "international_T20_previous3_overs": [0.0, 0.0, 0.0], "international_T20_previous3_runs gave": [0.0, 0.0, 0.0], "international_T20_lifetime_runs": 168.0, "international_T20_lifetime_wickets": 0.0, "international_T20_lifetime_balls played": 145.0, "international_T20_lifetime_overs": 0.0, "international_T20_lifetime_runs gave": 0.0}