{"played_against": {"e0407c01": {"runs": 0, "balls": 1, "wickets": 1}, "96fd40ae": {"runs": 9, "balls": 5, "wickets": 0}, "9fc0ef64": {"runs": 5, "balls": 11, "wickets": 1}, "69be866a": {"runs": 1, "balls": 5, "wickets": 0}, "27e71d47": {"runs": 5, "balls": 5, "wickets": 0}, "7d4a4371": {"runs": 6, "balls": 6, "wickets": 1}, "2009e01b": {"runs": 2, "balls": 4, "wickets": 0}, "64959652": {"runs": 1, "balls": 3, "wickets": 0}, "5fa06777": {"runs": 2, "balls": 4, "wickets": 0}, "dbe50b21": {"runs": 0, "balls": 1, "wickets": 1}, "031b389c": {"runs": 1, "balls": 6, "wickets": 0}, "4fbb35dd": {"runs": 1, "balls": 5, "wickets": 0}, "4af886ed": {"runs": 5, "balls": 5, "wickets": 0}, "d3c1f849": {"runs": 6, "balls": 4, "wickets": 1}, "529fbf1b": {"runs": 4, "balls": 4, "wickets": 0}, "33ffc3dd": {"runs": 6, "balls": 7, "wickets": 0}, "1b7c4d69": {"runs": 9, "balls": 6, "wickets": 1}, "cdc4604c": {"runs": 1, "balls": 1, "wickets": 0}, "96513a65": {"runs": 3, "balls": 4, "wickets": 0}, "cdc6bdba": {"runs": 16, "balls": 8, "wickets": 0}, "92d07362": {"runs": 2, "balls": 2, "wickets": 0}, "ade90de7": {"runs": 9, "balls": 7, "wickets": 0}, "a0d832c0": {"runs": 17, "balls": 11, "wickets": 1}, "871e9faf": {"runs": 10, "balls": 4, "wickets": 0}, "f5c9b42c": {"runs": 2, "balls": 3, "wickets": 0}, "9170ff49": {"runs": 0, "balls": 1, "wickets": 0}, "5bb1a1c4": {"runs": 2, "balls": 10, "wickets": 1}, "21d4e29b": {"runs": 9, "balls": 4, "wickets": 0}, "d3611425": {"runs": 2, "balls": 3, "wickets": 0}, "8f607eea": {"runs": 3, "balls": 4, "wickets": 0}, "50455929": {"runs": 10, "balls": 7, "wickets": 1}, "983f2f61": {"runs": 6, "balls": 4, "wickets": 0}, "73ad96ed": {"runs": 9, "balls": 4, "wickets": 0}, "4312e8f9": {"runs": 15, "balls": 10, "wickets": 0}, "4bd09374": {"runs": 4, "balls": 3, "wickets": 1}, "134bead2": {"runs": 4, "balls": 2, "wickets": 0}, "a63563c0": {"runs": 0, "balls": 1, "wickets": 0}, "caabc8e4": {"runs": 2, "balls": 3, "wickets": 0}, "fa73f373": {"runs": 10, "balls": 10, "wickets": 1}, "7cc7fe19": {"runs": 7, "balls": 6, "wickets": 0}, "759ac88f": {"runs": 10, "balls": 8, "wickets": 0}, "81049310": {"runs": 2, "balls": 6, "wickets": 1}, "8998a68f": {"runs": 3, "balls": 4, "wickets": 0}, "57ee1fde": {"runs": 3, "balls": 8, "wickets": 0}, "39a2dfa8": {"runs": 3, "balls": 7, "wickets": 0}, "30df8c66": {"runs": 3, "balls": 5, "wickets": 0}, "f62772e5": {"runs": 4, "balls": 4, "wickets": 0}, "ad427b5c": {"runs": 2, "balls": 4, "wickets": 1}, "8db0c0e1": {"runs": 1, "balls": 3, "wickets": 0}, "502056e3": {"runs": 15, "balls": 5, "wickets": 0}, "e32d22f6": {"runs": 2, "balls": 2, "wickets": 0}, "8da6dbf1": {"runs": 14, "balls": 6, "wickets": 1}, "6b8eb6e5": {"runs": 7, "balls": 5, "wickets": 0}, "0494fa6e": {"runs": 2, "balls": 3, "wickets": 0}, "e06f7116": {"runs": 2, "balls": 6, "wickets": 1}, "f992200b": {"runs": 2, "balls": 2, "wickets": 0}}, "fifties": 1, "thirties": 2, "centuries": 0, "maidens": 0.0, "hattricks": 0, "runs": 281.0, "wickets": 1.0, "club_ODI_previous3_runs": [], "club_ODI_previous3_wickets": [], "club_ODI_previous3_balls played": [], "club_ODI_previous3_overs": [], "club_ODI_previous3_runs gave": [], "club_ODI_lifetime_runs": 0.0, "club_ODI_lifetime_wickets": 0.0, "club_ODI_lifetime_balls played": 0.0, "club_ODI_lifetime_overs": 0.0, "club_ODI_lifetime_runs gave": 0.0, "club_Test_previous3_runs": [], "club_Test_previous3_wickets": [], "club_Test_previous3_balls played": [], "club_Test_previous3_overs": [], "club_Test_previous3_runs gave": [], "club_Test_lifetime_runs": 0.0, "club_Test_lifetime_wickets": 0.0, "club_Test_lifetime_balls played": 0.0, "club_Test_lifetime_overs": 0.0, "club_Test_lifetime_runs gave": 0.0, "club_T20_previous3_runs": [32.0, 9.0, 4.0], "club_T20_previous3_wickets": [0.0, 0.0, 0.0], "club_T20_previous3_balls played": [16.0, 8.0, 8.0], "club_T20_previous3_overs": [0.0, 1.0, 0.0], "club_T20_previous3_runs gave": [0.0, 1.0, 0.0], "club_T20_lifetime_runs": 281.0, "club_T20_lifetime_wickets": 1.0, "club_T20_lifetime_balls played": 273.0, "club_T20_lifetime_overs": 6.0, "club_T20_lifetime_runs gave": 45.0, "international_ODI_previous3_runs": [], "international_ODI_previous3_wickets": [], "international_ODI_previous3_balls played": [], "international_ODI_previous3_overs": [], "international_ODI_previous3_runs gave": [], "international_ODI_lifetime_runs": 0.0, "international_ODI_lifetime_wickets": 0.0, "international_ODI_lifetime_balls played": 0.0, "international_ODI_lifetime_overs": 0.0, "international_ODI_lifetime_runs gave": 0.0, "international_Test_previous3_runs": [], "international_Test_previous3_wickets": [], "international_Test_previous3_balls played": [], "international_Test_previous3_overs": [], "international_Test_previous3_runs gave": [], "international_Test_lifetime_runs": 0.0, "international_Test_lifetime_wickets": 0.0, "international_Test_lifetime_balls played": 0.0, "international_Test_lifetime_overs": 0.0, "international_Test_lifetime_runs gave": 0.0, "international_T20_previous3_runs": [], "international_T20_previous3_wickets": [], "international_T20_previous3_balls played": [], "international_T20_previous3_overs": [], "international_T20_previous3_runs gave": [], "international_T20_lifetime_runs": 0.0, "international_T20_lifetime_wickets": 0.0, "international_T20_lifetime_balls played": 0.0, "international_T20_lifetime_overs": 0.0, "international_T20_lifetime_runs gave": 0.0}