{"played_against": {"766e328e": {"runs": 8, "balls": 9, "wickets": 0}, "63f306ac": {"runs": 5, "balls": 7, "wickets": 0}, "97da4ec9": {"runs": 10, "balls": 8, "wickets": 0}, "72275237": {"runs": 18, "balls": 8, "wickets": 1}, "4d7c5b56": {"runs": 12, "balls": 20, "wickets": 1}, "d17b73f7": {"runs": 1, "balls": 1, "wickets": 0}, "4a51c045": {"runs": 1, "balls": 5, "wickets": 0}, "f681481e": {"runs": 1, "balls": 1, "wickets": 0}, "4d84ad05": {"runs": 5, "balls": 6, "wickets": 0}, "6b4593ee": {"runs": 2, "balls": 2, "wickets": 0}, "f49c401e": {"runs": 4, "balls": 10, "wickets": 0}, "673be48f": {"runs": 9, "balls": 8, "wickets": 0}, "479da8f9": {"runs": 3, "balls": 4, "wickets": 0}, "a22b4f3f": {"runs": 2, "balls": 3, "wickets": 0}, "c498c510": {"runs": 6, "balls": 5, "wickets": 1}, "7e9f1cde": {"runs": 0, "balls": 1, "wickets": 0}, "1747ea18": {"runs": 0, "balls": 1, "wickets": 1}, "c39ee9e0": {"runs": 10, "balls": 7, "wickets": 0}, "14fd10b5": {"runs": 5, "balls": 7, "wickets": 1}, "373954ca": {"runs": 5, "balls": 3, "wickets": 0}, "af19aa66": {"runs": 0, "balls": 2, "wickets": 0}, "1021b6e5": {"runs": 10, "balls": 15, "wickets": 1}, "dd14abf5": {"runs": 9, "balls": 9, "wickets": 0}, "ef503cfe": {"runs": 4, "balls": 10, "wickets": 0}, "9f2be73d": {"runs": 6, "balls": 12, "wickets": 0}, "57b3c398": {"runs": 3, "balls": 3, "wickets": 0}, "c988daa1": {"runs": 9, "balls": 9, "wickets": 0}, "64c81abf": {"runs": 12, "balls": 9, "wickets": 0}, "270bf7e2": {"runs": 0, "balls": 1, "wickets": 1}, "9585854d": {"runs": 2, "balls": 4, "wickets": 0}, "3c8faed4": {"runs": 15, "balls": 17, "wickets": 1}, "a62f55ba": {"runs": 0, "balls": 3, "wickets": 1}, "f0a45427": {"runs": 5, "balls": 6, "wickets": 0}, "190957d2": {"runs": 5, "balls": 9, "wickets": 0}, "2327fdc7": {"runs": 1, "balls": 3, "wickets": 0}}, "fifties": 0, "thirties": 1, "centuries": 0, "maidens": 0.0, "hattricks": 1, "runs": 188.0, "wickets": 5.0, "club_ODI_previous3_runs": [], "club_ODI_previous3_wickets": [], "club_ODI_previous3_balls played": [], "club_ODI_previous3_overs": [], "club_ODI_previous3_runs gave": [], "club_ODI_lifetime_runs": 0.0, "club_ODI_lifetime_wickets": 0.0, "club_ODI_lifetime_balls played": 0.0, "club_ODI_lifetime_overs": 0.0, "club_ODI_lifetime_runs gave": 0.0, "club_Test_previous3_runs": [], "club_Test_previous3_wickets": [], "club_Test_previous3_balls played": [], "club_Test_previous3_overs": [], "club_Test_previous3_runs gave": [], "club_Test_lifetime_runs": 0.0, "club_Test_lifetime_wickets": 0.0, "club_Test_lifetime_balls played": 0.0, "club_Test_lifetime_overs": 0.0, "club_Test_lifetime_runs gave": 0.0, "club_T20_previous3_runs": [], "club_T20_previous3_wickets": [], "club_T20_previous3_balls played": [], "club_T20_previous3_overs": [], "club_T20_previous3_runs gave": [], "club_T20_lifetime_runs": 0.0, "club_T20_lifetime_wickets": 0.0, "club_T20_lifetime_balls played": 0.0, "club_T20_lifetime_overs": 0.0, "club_T20_lifetime_runs gave": 0.0, "international_ODI_previous3_runs": [], "international_ODI_previous3_wickets": [], "international_ODI_previous3_balls played": [], "international_ODI_previous3_overs": [], "international_ODI_previous3_runs gave": [], "international_ODI_lifetime_runs": 0.0, "international_ODI_lifetime_wickets": 0.0, "international_ODI_lifetime_balls played": 0.0, "international_ODI_lifetime_overs": 0.0, "international_ODI_lifetime_runs gave": 0.0, "international_Test_previous3_runs": [], "international_Test_previous3_wickets": [], "international_Test_previous3_balls played": [], "international_Test_previous3_overs": [], "international_Test_previous3_runs gave": [], "international_Test_lifetime_runs": 0.0, "international_Test_lifetime_wickets": 0.0, "international_Test_lifetime_balls played": 0.0, "international_Test_lifetime_overs": 0.0, "international_Test_lifetime_runs gave": 0.0, "international_T20_previous3_runs": [0.0, 5.0, 9.0], "international_T20_previous3_wickets": [0.0, 0.0, 0.0], "international_T20_previous3_balls played": [0.0, 11.0, 17.0], "international_T20_previous3_overs": [0.0, 0.0, 0.0], "international_T20_previous3_runs gave": [0.0, 0.0, 0.0], "international_T20_lifetime_runs": 188.0, "international_T20_lifetime_wickets": 5.0, "international_T20_lifetime_balls played": 228.0, "international_T20_lifetime_overs": 18.833333333333336, "international_T20_lifetime_runs gave": 166.0}