{"played_against": {"4a370769": {"runs": 0, "balls": 1, "wickets": 0}, "995fd3b2": {"runs": 14, "balls": 9, "wickets": 0}, "261d591a": {"runs": 7, "balls": 3, "wickets": 0}, "9c3a8776": {"runs": 2, "balls": 2, "wickets": 0}, "2a03bd2f": {"runs": 2, "balls": 3, "wickets": 0}, "fd2b8c06": {"runs": 10, "balls": 10, "wickets": 1}, "00467a76": {"runs": 7, "balls": 9, "wickets": 0}, "441006af": {"runs": 18, "balls": 15, "wickets": 0}, "018f6488": {"runs": 6, "balls": 1, "wickets": 0}, "d613f046": {"runs": 7, "balls": 4, "wickets": 0}, "324e00a9": {"runs": 7, "balls": 11, "wickets": 0}, "f9d26872": {"runs": 1, "balls": 1, "wickets": 0}, "3fa5672e": {"runs": 2, "balls": 3, "wickets": 0}, "9822fb85": {"runs": 0, "balls": 1, "wickets": 1}, "74571ec4": {"runs": 2, "balls": 4, "wickets": 0}, "14157abf": {"runs": 0, "balls": 1, "wickets": 0}, "b17d629e": {"runs": 1, "balls": 1, "wickets": 0}, "33b67317": {"runs": 2, "balls": 5, "wickets": 0}, "6a97c7a4": {"runs": 1, "balls": 4, "wickets": 1}, "973006cc": {"runs": 4, "balls": 2, "wickets": 0}, "e2abcf16": {"runs": 7, "balls": 6, "wickets": 0}, "bb939fa3": {"runs": 5, "balls": 2, "wickets": 0}, "027662be": {"runs": 1, "balls": 3, "wickets": 0}, "20988564": {"runs": 0, "balls": 2, "wickets": 0}, "138e30ab": {"runs": 0, "balls": 2, "wickets": 1}, "823a57a9": {"runs": 0, "balls": 4, "wickets": 1}}, "fifties": 1, "thirties": 0, "centuries": 0, "maidens": 0.0, "hattricks": 0, "runs": 106.0, "wickets": 0.0, "club_ODI_previous3_runs": [], "club_ODI_previous3_wickets": [], "club_ODI_previous3_balls played": [], "club_ODI_previous3_overs": [], "club_ODI_previous3_runs gave": [], "club_ODI_lifetime_runs": 0.0, "club_ODI_lifetime_wickets": 0.0, "club_ODI_lifetime_balls played": 0.0, "club_ODI_lifetime_overs": 0.0, "club_ODI_lifetime_runs gave": 0.0, "club_Test_previous3_runs": [], "club_Test_previous3_wickets": [], "club_Test_previous3_balls played": [], "club_Test_previous3_overs": [], "club_Test_previous3_runs gave": [], "club_Test_lifetime_runs": 0.0, "club_Test_lifetime_wickets": 0.0, "club_Test_lifetime_balls played": 0.0, "club_Test_lifetime_overs": 0.0, "club_Test_lifetime_runs gave": 0.0, "club_T20_previous3_runs": [], "club_T20_previous3_wickets": [], "club_T20_previous3_balls played": [], "club_T20_previous3_overs": [], "club_T20_previous3_runs gave": [], "club_T20_lifetime_runs": 0.0, "club_T20_lifetime_wickets": 0.0, "club_T20_lifetime_balls played": 0.0, "club_T20_lifetime_overs": 0.0, "club_T20_lifetime_runs gave": 0.0, "international_ODI_previous3_runs": [], "international_ODI_previous3_wickets": [], "international_ODI_previous3_balls played": [], "international_ODI_previous3_overs": [], "international_ODI_previous3_runs gave": [], "international_ODI_lifetime_runs": 0.0, "international_ODI_lifetime_wickets": 0.0, "international_ODI_lifetime_balls played": 0.0, "international_ODI_lifetime_overs": 0.0, "international_ODI_lifetime_runs gave": 0.0, "international_Test_previous3_runs": [], "international_Test_previous3_wickets": [], "international_Test_previous3_balls played": [], "international_Test_previous3_overs": [], "international_Test_previous3_runs gave": [], "international_Test_lifetime_runs": 0.0, "international_Test_lifetime_wickets": 0.0, "international_Test_lifetime_balls played": 0.0, "international_Test_lifetime_overs": 0.0, "international_Test_lifetime_runs gave": 0.0, "international_T20_previous3_runs": [0.0, 13.0, 0.0], "international_T20_previous3_wickets": [0.0, 0.0, 0.0], "international_T20_previous3_balls played": [0.0, 15.0, 4.0], "international_T20_previous3_overs": [0.0, 0.0, 0.0], "international_T20_previous3_runs gave": [0.0, 0.0, 0.0], "international_T20_lifetime_runs": 106.0, "international_T20_lifetime_wickets": 0.0, "international_T20_lifetime_balls played": 109.0, "international_T20_lifetime_overs": 0.0, "international_T20_lifetime_runs gave": 0.0}