{"played_against": {"54a3d69f": {"runs": 2, "balls": 3, "wickets": 0}, "9235396c": {"runs": 0, "balls": 4, "wickets": 1}, "72a025a0": {"runs": 2, "balls": 4, "wickets": 1}, "cd7134f5": {"runs": 4, "balls": 8, "wickets": 0}, "fe7ba5cf": {"runs": 1, "balls": 2, "wickets": 0}, "78670115": {"runs": 4, "balls": 7, "wickets": 0}, "74eecff4": {"runs": 0, "balls": 2, "wickets": 0}, "1119a645": {"runs": 1, "balls": 7, "wickets": 0}, "c84a3e06": {"runs": 7, "balls": 11, "wickets": 0}, "80d30c5f": {"runs": 0, "balls": 5, "wickets": 0}}, "fifties": 0, "thirties": 0, "centuries": 0, "maidens": 0.0, "hattricks": 0, "runs": 21.0, "wickets": 2.0, "club_ODI_previous3_runs": [], "club_ODI_previous3_wickets": [], "club_ODI_previous3_balls played": [], "club_ODI_previous3_overs": [], "club_ODI_previous3_runs gave": [], "club_ODI_lifetime_runs": 0.0, "club_ODI_lifetime_wickets": 0.0, "club_ODI_lifetime_balls played": 0.0, "club_ODI_lifetime_overs": 0.0, "club_ODI_lifetime_runs gave": 0.0, "club_Test_previous3_runs": [], "club_Test_previous3_wickets": [], "club_Test_previous3_balls played": [], "club_Test_previous3_overs": [], "club_Test_previous3_runs gave": [], "club_Test_lifetime_runs": 0.0, "club_Test_lifetime_wickets": 0.0, "club_Test_lifetime_balls played": 0.0, "club_Test_lifetime_overs": 0.0, "club_Test_lifetime_runs gave": 0.0, "club_T20_previous3_runs": [], "club_T20_previous3_wickets": [], "club_T20_previous3_balls played": [], "club_T20_previous3_overs": [], "club_T20_previous3_runs gave": [], "club_T20_lifetime_runs": 0.0, "club_T20_lifetime_wickets": 0.0, "club_T20_lifetime_balls played": 0.0, "club_T20_lifetime_overs": 0.0, "club_T20_lifetime_runs gave": 0.0, "international_ODI_previous3_runs": [], "international_ODI_previous3_wickets": [], "international_ODI_previous3_balls played": [], "international_ODI_previous3_overs": [], "international_ODI_previous3_runs gave": [], "international_ODI_lifetime_runs": 0.0, "international_ODI_lifetime_wickets": 0.0, "international_ODI_lifetime_balls played": 0.0, "international_ODI_lifetime_overs": 0.0, "international_ODI_lifetime_runs gave": 0.0, "international_Test_previous3_runs": [], "international_Test_previous3_wickets": [], "international_Test_previous3_balls played": [], "international_Test_previous3_overs": [], "international_Test_previous3_runs gave": [], "international_Test_lifetime_runs": 0.0, "international_Test_lifetime_wickets": 0.0, "international_Test_lifetime_balls played": 0.0, "international_Test_lifetime_overs": 0.0, "international_Test_lifetime_runs gave": 0.0, "international_T20_previous3_runs": [11.0, 0.0, 8.0], "international_T20_previous3_wickets": [1.0, 0.0, 0.0], "international_T20_previous3_balls played": [21.0, 2.0, 23.0], "international_T20_previous3_overs": [4.0, 4.0, 3.0], "international_T20_previous3_runs gave": [30.0, 29.0, 15.0], "international_T20_lifetime_runs": 21.0, "international_T20_lifetime_wickets": 2.0, "international_T20_lifetime_balls played": 53.0, "international_T20_lifetime_overs": 15.0, "international_T20_lifetime_runs gave": 92.0}