{"played_against": {"4add4c98": {"runs": 11, "balls": 16, "wickets": 2}, "5d77a96a": {"runs": 18, "balls": 24, "wickets": 1}, "7c885103": {"runs": 0, "balls": 2, "wickets": 1}, "b3540b2a": {"runs": 3, "balls": 6, "wickets": 0}, "e553e27f": {"runs": 5, "balls": 7, "wickets": 1}, "dfa6db1a": {"runs": 7, "balls": 6, "wickets": 0}, "1f74f675": {"runs": 12, "balls": 5, "wickets": 0}, "78fcc740": {"runs": 5, "balls": 14, "wickets": 0}, "6dba59e0": {"runs": 11, "balls": 10, "wickets": 1}, "1eb5affb": {"runs": 3, "balls": 6, "wickets": 0}, "c343a8c6": {"runs": 7, "balls": 11, "wickets": 0}, "2e092d2c": {"runs": 2, "balls": 5, "wickets": 1}, "dc60abdc": {"runs": 3, "balls": 2, "wickets": 0}, "78bbeba1": {"runs": 1, "balls": 4, "wickets": 1}, "3883402f": {"runs": 9, "balls": 9, "wickets": 0}, "12c9c558": {"runs": 10, "balls": 8, "wickets": 0}, "47b33198": {"runs": 7, "balls": 7, "wickets": 0}, "871cf744": {"runs": 8, "balls": 5, "wickets": 0}, "c251b048": {"runs": 6, "balls": 7, "wickets": 0}, "91cc319d": {"runs": 10, "balls": 10, "wickets": 0}, "3ad06915": {"runs": 4, "balls": 7, "wickets": 0}, "85c56be8": {"runs": 7, "balls": 9, "wickets": 0}, "44e00a4c": {"runs": 12, "balls": 10, "wickets": 0}, "8e38d470": {"runs": 5, "balls": 6, "wickets": 1}, "f0a45427": {"runs": 22, "balls": 30, "wickets": 0}, "a62f55ba": {"runs": 18, "balls": 20, "wickets": 0}, "3c8faed4": {"runs": 14, "balls": 14, "wickets": 1}, "206efeb1": {"runs": 3, "balls": 3, "wickets": 0}, "056b433b": {"runs": 2, "balls": 2, "wickets": 0}, "615688b6": {"runs": 9, "balls": 5, "wickets": 0}, "6892f9c3": {"runs": 4, "balls": 11, "wickets": 0}, "c4441675": {"runs": 5, "balls": 13, "wickets": 1}, "2d9451cc": {"runs": 0, "balls": 2, "wickets": 0}, "314f0889": {"runs": 0, "balls": 4, "wickets": 0}, "ed82d9a5": {"runs": 3, "balls": 3, "wickets": 0}, "e969e580": {"runs": 11, "balls": 16, "wickets": 0}, "190957d2": {"runs": 14, "balls": 14, "wickets": 1}, "d3d096f5": {"runs": 5, "balls": 2, "wickets": 0}, "72275237": {"runs": 1, "balls": 1, "wickets": 0}, "98514dce": {"runs": 3, "balls": 8, "wickets": 1}, "2327fdc7": {"runs": 8, "balls": 3, "wickets": 0}}, "fifties": 2, "thirties": 1, "centuries": 0, "maidens": 0.0, "hattricks": 0, "runs": 288.0, "wickets": 1.0, "club_ODI_previous3_runs": [], "club_ODI_previous3_wickets": [], "club_ODI_previous3_balls played": [], "club_ODI_previous3_overs": [], "club_ODI_previous3_runs gave": [], "club_ODI_lifetime_runs": 0.0, "club_ODI_lifetime_wickets": 0.0, "club_ODI_lifetime_balls played": 0.0, "club_ODI_lifetime_overs": 0.0, "club_ODI_lifetime_runs gave": 0.0, "club_Test_previous3_runs": [], "club_Test_previous3_wickets": [], "club_Test_previous3_balls played": [], "club_Test_previous3_overs": [], "club_Test_previous3_runs gave": [], "club_Test_lifetime_runs": 0.0, "club_Test_lifetime_wickets": 0.0, "club_Test_lifetime_balls played": 0.0, "club_Test_lifetime_overs": 0.0, "club_Test_lifetime_runs gave": 0.0, "club_T20_previous3_runs": [], "club_T20_previous3_wickets": [], "club_T20_previous3_balls played": [], "club_T20_previous3_overs": [], "club_T20_previous3_runs gave": [], "club_T20_lifetime_runs": 0.0, "club_T20_lifetime_wickets": 0.0, "club_T20_lifetime_balls played": 0.0, "club_T20_lifetime_overs": 0.0, "club_T20_lifetime_runs gave": 0.0, "international_ODI_previous3_runs": [], "international_ODI_previous3_wickets": [], "international_ODI_previous3_balls played": [], "international_ODI_previous3_overs": [], "international_ODI_previous3_runs gave": [], "international_ODI_lifetime_runs": 0.0, "international_ODI_lifetime_wickets": 0.0, "international_ODI_lifetime_balls played": 0.0, "international_ODI_lifetime_overs": 0.0, "international_ODI_lifetime_runs gave": 0.0, "international_Test_previous3_runs": [], "international_Test_previous3_wickets": [], "international_Test_previous3_balls played": [], "international_Test_previous3_overs": [], "international_Test_previous3_runs gave": [], "international_Test_lifetime_runs": 0.0, "international_Test_lifetime_wickets": 0.0, "international_Test_lifetime_balls played": 0.0, "international_Test_lifetime_overs": 0.0, "international_Test_lifetime_runs gave": 0.0, "international_T20_previous3_runs": [57.0, 23.0, 31.0], "international_T20_previous3_wickets": [0.0, 0.0, 0.0], "international_T20_previous3_balls played": [55.0, 21.0, 28.0], "international_T20_previous3_overs": [0.0, 0.0, 0.0], "international_T20_previous3_runs gave": [0.0, 0.0, 0.0], "international_T20_lifetime_runs": 288.0, "international_T20_lifetime_wickets": 1.0, "international_T20_lifetime_balls played": 350.0, "international_T20_lifetime_overs": 3.0, "international_T20_lifetime_runs gave": 10.0}