{"played_against": {"9a5668db": {"runs": 5, "balls": 3, "wickets": 0}, "25bc2d36": {"runs": 2, "balls": 4, "wickets": 0}, "dfa6db1a": {"runs": 2, "balls": 10, "wickets": 0}, "44e00a4c": {"runs": 5, "balls": 17, "wickets": 0}, "e553e27f": {"runs": 1, "balls": 3, "wickets": 1}, "d754fde8": {"runs": 1, "balls": 4, "wickets": 0}, "aef39fe4": {"runs": 1, "balls": 6, "wickets": 0}, "856cbb1e": {"runs": 1, "balls": 8, "wickets": 0}, "5cbeb83d": {"runs": 1, "balls": 9, "wickets": 0}, "c65e0275": {"runs": 3, "balls": 16, "wickets": 0}, "d1d15fc9": {"runs": 3, "balls": 7, "wickets": 1}, "c39ee9e0": {"runs": 3, "balls": 6, "wickets": 0}}, "fifties": 0, "thirties": 0, "centuries": 0, "maidens": 1.0, "hattricks": 0, "runs": 28.0, "wickets": 2.0, "club_ODI_previous3_runs": [], "club_ODI_previous3_wickets": [], "club_ODI_previous3_balls played": [], "club_ODI_previous3_overs": [], "club_ODI_previous3_runs gave": [], "club_ODI_lifetime_runs": 0.0, "club_ODI_lifetime_wickets": 0.0, "club_ODI_lifetime_balls played": 0.0, "club_ODI_lifetime_overs": 0.0, "club_ODI_lifetime_runs gave": 0.0, "club_Test_previous3_runs": [], "club_Test_previous3_wickets": [], "club_Test_previous3_balls played": [], "club_Test_previous3_overs": [], "club_Test_previous3_runs gave": [], "club_Test_lifetime_runs": 0.0, "club_Test_lifetime_wickets": 0.0, "club_Test_lifetime_balls played": 0.0, "club_Test_lifetime_overs": 0.0, "club_Test_lifetime_runs gave": 0.0, "club_T20_previous3_runs": [], "club_T20_previous3_wickets": [], "club_T20_previous3_balls played": [], "club_T20_previous3_overs": [], "club_T20_previous3_runs gave": [], "club_T20_lifetime_runs": 0.0, "club_T20_lifetime_wickets": 0.0, "club_T20_lifetime_balls played": 0.0, "club_T20_lifetime_overs": 0.0, "club_T20_lifetime_runs gave": 0.0, "international_ODI_previous3_runs": [10.0, 3.0, 10.0], "international_ODI_previous3_wickets": [0.0, 1.0, 1.0], "international_ODI_previous3_balls played": [34.0, 20.0, 38.0], "international_ODI_previous3_overs": [0.0, 10.0, 2.0], "international_ODI_previous3_runs gave": [0.0, 50.0, 25.0], "international_ODI_lifetime_runs": 23.0, "international_ODI_lifetime_wickets": 2.0, "international_ODI_lifetime_balls played": 92.0, "international_ODI_lifetime_overs": 12.0, "international_ODI_lifetime_runs gave": 75.0, "international_Test_previous3_runs": [], "international_Test_previous3_wickets": [], "international_Test_previous3_balls played": [], "international_Test_previous3_overs": [], "international_Test_previous3_runs gave": [], "international_Test_lifetime_runs": 0.0, "international_Test_lifetime_wickets": 0.0, "international_Test_lifetime_balls played": 0.0, "international_Test_lifetime_overs": 0.0, "international_Test_lifetime_runs gave": 0.0, "international_T20_previous3_runs": [0.0, 5.0], "international_T20_previous3_wickets": [0.0, 0.0], "international_T20_previous3_balls played": [0.0, 3.0], "international_T20_previous3_overs": [1.0, 1.0], "international_T20_previous3_runs gave": [7.0, 13.0], "international_T20_lifetime_runs": 5.0, "international_T20_lifetime_wickets": 0.0, "international_T20_lifetime_balls played": 3.0, "international_T20_lifetime_overs": 2.0, "international_T20_lifetime_runs gave": 20.0}