{"played_against": {"8d742853": {"runs": 9, "balls": 10, "wickets": 0}, "3a9b3866": {"runs": 3, "balls": 4, "wickets": 0}, "26bc61b4": {"runs": 6, "balls": 6, "wickets": 1}, "0c694738": {"runs": 5, "balls": 5, "wickets": 0}}, "fifties": 0, "thirties": 0, "centuries": 0, "maidens": 0.0, "hattricks": 0, "runs": 23.0, "wickets": 2.0, "club_ODI_previous3_runs": [11.0, 0.0, 0.0], "club_ODI_previous3_wickets": [0.0, 0.0, 0.0], "club_ODI_previous3_balls played": [11.0, 0.0, 0.0], "club_ODI_previous3_overs": [3.0, 3.0, 7.0], "club_ODI_previous3_runs gave": [13.0, 22.0, 55.0], "club_ODI_lifetime_runs": 23.0, "club_ODI_lifetime_wickets": 0.0, "club_ODI_lifetime_balls played": 25.0, "club_ODI_lifetime_overs": 15.0, "club_ODI_lifetime_runs gave": 109.0, "club_Test_previous3_runs": [], "club_Test_previous3_wickets": [], "club_Test_previous3_balls played": [], "club_Test_previous3_overs": [], "club_Test_previous3_runs gave": [], "club_Test_lifetime_runs": 0.0, "club_Test_lifetime_wickets": 0.0, "club_Test_lifetime_balls played": 0.0, "club_Test_lifetime_overs": 0.0, "club_Test_lifetime_runs gave": 0.0, "club_T20_previous3_runs": [0.0], "club_T20_previous3_wickets": [2.0], "club_T20_previous3_balls played": [0.0], "club_T20_previous3_overs": [4.0], "club_T20_previous3_runs gave": [17.0], "club_T20_lifetime_runs": 0.0, "club_T20_lifetime_wickets": 2.0, "club_T20_lifetime_balls played": 0.0, "club_T20_lifetime_overs": 4.0, "club_T20_lifetime_runs gave": 17.0, "international_ODI_previous3_runs": [], "international_ODI_previous3_wickets": [], "international_ODI_previous3_balls played": [], "international_ODI_previous3_overs": [], "international_ODI_previous3_runs gave": [], "international_ODI_lifetime_runs": 0.0, "international_ODI_lifetime_wickets": 0.0, "international_ODI_lifetime_balls played": 0.0, "international_ODI_lifetime_overs": 0.0, "international_ODI_lifetime_runs gave": 0.0, "international_Test_previous3_runs": [], "international_Test_previous3_wickets": [], "international_Test_previous3_balls played": [], "international_Test_previous3_overs": [], "international_Test_previous3_runs gave": [], "international_Test_lifetime_runs": 0.0, "international_Test_lifetime_wickets": 0.0, "international_Test_lifetime_balls played": 0.0, "international_Test_lifetime_overs": 0.0, "international_Test_lifetime_runs gave": 0.0, "international_T20_previous3_runs": [], "international_T20_previous3_wickets": [], "international_T20_previous3_balls played": [], "international_T20_previous3_overs": [], "international_T20_previous3_runs gave": [], "international_T20_lifetime_runs": 0.0, "international_T20_lifetime_wickets": 0.0, "international_T20_lifetime_balls played": 0.0, "international_T20_lifetime_overs": 0.0, "international_T20_lifetime_runs gave": 0.0}