{"played_against": {"33b3d2df": {"runs": 0, "balls": 1, "wickets": 0}, "8eb2e2e6": {"runs": 0, "balls": 3, "wickets": 1}, "19d0a172": {"runs": 1, "balls": 1, "wickets": 0}, "c9945bdf": {"runs": 14, "balls": 5, "wickets": 1}, "9aedf23b": {"runs": 0, "balls": 1, "wickets": 1}, "05f85159": {"runs": 1, "balls": 3, "wickets": 0}}, "fifties": 0, "thirties": 0, "centuries": 0, "maidens": 0.0, "hattricks": 2, "runs": 16.0, "wickets": 13.0, "club_ODI_previous3_runs": [15.0, 0.0, 1.0], "club_ODI_previous3_wickets": [0.0, 0.0, 2.0], "club_ODI_previous3_balls played": [6.0, 0.0, 4.0], "club_ODI_previous3_overs": [7.0, 5.0, 5.833333333333334], "club_ODI_previous3_runs gave": [105.0, 44.0, 28.0], "club_ODI_lifetime_runs": 16.0, "club_ODI_lifetime_wickets": 2.0, "club_ODI_lifetime_balls played": 10.0, "club_ODI_lifetime_overs": 24.833333333333336, "club_ODI_lifetime_runs gave": 219.0, "club_Test_previous3_runs": [], "club_Test_previous3_wickets": [], "club_Test_previous3_balls played": [], "club_Test_previous3_overs": [], "club_Test_previous3_runs gave": [], "club_Test_lifetime_runs": 0.0, "club_Test_lifetime_wickets": 0.0, "club_Test_lifetime_balls played": 0.0, "club_Test_lifetime_overs": 0.0, "club_Test_lifetime_runs gave": 0.0, "club_T20_previous3_runs": [0.0, 0.0, 0.0], "club_T20_previous3_wickets": [0.0, 0.0, 0.0], "club_T20_previous3_balls played": [0.0, 0.0, 0.0], "club_T20_previous3_overs": [2.0, 0.0, 2.0], "club_T20_previous3_runs gave": [23.0, 0.0, 17.0], "club_T20_lifetime_runs": 0.0, "club_T20_lifetime_wickets": 11.0, "club_T20_lifetime_balls played": 4.0, "club_T20_lifetime_overs": 26.833333333333336, "club_T20_lifetime_runs gave": 219.0, "international_ODI_previous3_runs": [], "international_ODI_previous3_wickets": [], "international_ODI_previous3_balls played": [], "international_ODI_previous3_overs": [], "international_ODI_previous3_runs gave": [], "international_ODI_lifetime_runs": 0.0, "international_ODI_lifetime_wickets": 0.0, "international_ODI_lifetime_balls played": 0.0, "international_ODI_lifetime_overs": 0.0, "international_ODI_lifetime_runs gave": 0.0, "international_Test_previous3_runs": [], "international_Test_previous3_wickets": [], "international_Test_previous3_balls played": [], "international_Test_previous3_overs": [], "international_Test_previous3_runs gave": [], "international_Test_lifetime_runs": 0.0, "international_Test_lifetime_wickets": 0.0, "international_Test_lifetime_balls played": 0.0, "international_Test_lifetime_overs": 0.0, "international_Test_lifetime_runs gave": 0.0, "international_T20_previous3_runs": [], "international_T20_previous3_wickets": [], "international_T20_previous3_balls played": [], "international_T20_previous3_overs": [], "international_T20_previous3_runs gave": [], "international_T20_lifetime_runs": 0.0, "international_T20_lifetime_wickets": 0.0, "international_T20_lifetime_balls played": 0.0, "international_T20_lifetime_overs": 0.0, "international_T20_lifetime_runs gave": 0.0}