{"played_against": {"172dff15": {"runs": 2, "balls": 3, "wickets": 0}, "a316d663": {"runs": 0, "balls": 1, "wickets": 0}, "7f8ecc51": {"runs": 7, "balls": 2, "wickets": 0}, "1cb14aa4": {"runs": 6, "balls": 4, "wickets": 0}, "54c2b697": {"runs": 4, "balls": 2, "wickets": 0}, "6e0a2209": {"runs": 8, "balls": 6, "wickets": 0}, "7dfb8890": {"runs": 1, "balls": 1, "wickets": 0}, "acdc62f5": {"runs": 2, "balls": 3, "wickets": 0}, "39181592": {"runs": 0, "balls": 1, "wickets": 1}, "60fbf53a": {"runs": 5, "balls": 6, "wickets": 0}, "a2316f90": {"runs": 8, "balls": 11, "wickets": 1}, "fbfea9c2": {"runs": 0, "balls": 0, "wickets": 0}, "36ea17c1": {"runs": 8, "balls": 3, "wickets": 0}, "3204c99f": {"runs": 5, "balls": 6, "wickets": 1}, "47c449c5": {"runs": 7, "balls": 2, "wickets": 0}, "91cd48e0": {"runs": 5, "balls": 5, "wickets": 0}, "6b9eb501": {"runs": 1, "balls": 2, "wickets": 0}, "f29dfbc0": {"runs": 2, "balls": 3, "wickets": 0}, "b56dc5f7": {"runs": 13, "balls": 7, "wickets": 0}}, "fifties": 0, "thirties": 0, "centuries": 0, "maidens": 0.0, "hattricks": 0, "runs": 84.0, "wickets": 2.0, "club_ODI_previous3_runs": [], "club_ODI_previous3_wickets": [], "club_ODI_previous3_balls played": [], "club_ODI_previous3_overs": [], "club_ODI_previous3_runs gave": [], "club_ODI_lifetime_runs": 0.0, "club_ODI_lifetime_wickets": 0.0, "club_ODI_lifetime_balls played": 0.0, "club_ODI_lifetime_overs": 0.0, "club_ODI_lifetime_runs gave": 0.0, "club_Test_previous3_runs": [], "club_Test_previous3_wickets": [], "club_Test_previous3_balls played": [], "club_Test_previous3_overs": [], "club_Test_previous3_runs gave": [], "club_Test_lifetime_runs": 0.0, "club_Test_lifetime_wickets": 0.0, "club_Test_lifetime_balls played": 0.0, "club_Test_lifetime_overs": 0.0, "club_Test_lifetime_runs gave": 0.0, "club_T20_previous3_runs": [14.0, 6.0, 15.0], "club_T20_previous3_wickets": [1.0, 0.0, 0.0], "club_T20_previous3_balls played": [10.0, 7.0, 10.0], "club_T20_previous3_overs": [4.0, 3.0, 1.0], "club_T20_previous3_runs gave": [28.0, 32.0, 14.0], "club_T20_lifetime_runs": 84.0, "club_T20_lifetime_wickets": 2.0, "club_T20_lifetime_balls played": 71.0, "club_T20_lifetime_overs": 30.833333333333332, "club_T20_lifetime_runs gave": 285.0, "international_ODI_previous3_runs": [], "international_ODI_previous3_wickets": [], "international_ODI_previous3_balls played": [], "international_ODI_previous3_overs": [], "international_ODI_previous3_runs gave": [], "international_ODI_lifetime_runs": 0.0, "international_ODI_lifetime_wickets": 0.0, "international_ODI_lifetime_balls played": 0.0, "international_ODI_lifetime_overs": 0.0, "international_ODI_lifetime_runs gave": 0.0, "international_Test_previous3_runs": [], "international_Test_previous3_wickets": [], "international_Test_previous3_balls played": [], "international_Test_previous3_overs": [], "international_Test_previous3_runs gave": [], "international_Test_lifetime_runs": 0.0, "international_Test_lifetime_wickets": 0.0, "international_Test_lifetime_balls played": 0.0, "international_Test_lifetime_overs": 0.0, "international_Test_lifetime_runs gave": 0.0, "international_T20_previous3_runs": [], "international_T20_previous3_wickets": [], "international_T20_previous3_balls played": [], "international_T20_previous3_overs": [], "international_T20_previous3_runs gave": [], "international_T20_lifetime_runs": 0.0, "international_T20_lifetime_wickets": 0.0, "international_T20_lifetime_balls played": 0.0, "international_T20_lifetime_overs": 0.0, "international_T20_lifetime_runs gave": 0.0}