{"played_against": {"eb40ed89": {"runs": 6, "balls": 6, "wickets": 0}, "b8e65260": {"runs": 6, "balls": 4, "wickets": 0}, "82623a3a": {"runs": 1, "balls": 2, "wickets": 1}, "ec106638": {"runs": 4, "balls": 10, "wickets": 1}, "e8a552ef": {"runs": 2, "balls": 4, "wickets": 1}, "6de4e430": {"runs": 15, "balls": 6, "wickets": 0}, "e00acf74": {"runs": 1, "balls": 1, "wickets": 0}, "c4ab9b94": {"runs": 2, "balls": 2, "wickets": 0}, "443d1fd8": {"runs": 1, "balls": 2, "wickets": 0}, "c079c66a": {"runs": 1, "balls": 1, "wickets": 0}, "ea2c0aff": {"runs": 2, "balls": 3, "wickets": 0}, "951686f5": {"runs": 0, "balls": 1, "wickets": 1}}, "fifties": 0, "thirties": 0, "centuries": 0, "maidens": 1.0, "hattricks": 0, "runs": 41.0, "wickets": 5.0, "club_ODI_previous3_runs": [], "club_ODI_previous3_wickets": [], "club_ODI_previous3_balls played": [], "club_ODI_previous3_overs": [], "club_ODI_previous3_runs gave": [], "club_ODI_lifetime_runs": 0.0, "club_ODI_lifetime_wickets": 0.0, "club_ODI_lifetime_balls played": 0.0, "club_ODI_lifetime_overs": 0.0, "club_ODI_lifetime_runs gave": 0.0, "club_Test_previous3_runs": [], "club_Test_previous3_wickets": [], "club_Test_previous3_balls played": [], "club_Test_previous3_overs": [], "club_Test_previous3_runs gave": [], "club_Test_lifetime_runs": 0.0, "club_Test_lifetime_wickets": 0.0, "club_Test_lifetime_balls played": 0.0, "club_Test_lifetime_overs": 0.0, "club_Test_lifetime_runs gave": 0.0, "club_T20_previous3_runs": [], "club_T20_previous3_wickets": [], "club_T20_previous3_balls played": [], "club_T20_previous3_overs": [], "club_T20_previous3_runs gave": [], "club_T20_lifetime_runs": 0.0, "club_T20_lifetime_wickets": 0.0, "club_T20_lifetime_balls played": 0.0, "club_T20_lifetime_overs": 0.0, "club_T20_lifetime_runs gave": 0.0, "international_ODI_previous3_runs": [], "international_ODI_previous3_wickets": [], "international_ODI_previous3_balls played": [], "international_ODI_previous3_overs": [], "international_ODI_previous3_runs gave": [], "international_ODI_lifetime_runs": 0.0, "international_ODI_lifetime_wickets": 0.0, "international_ODI_lifetime_balls played": 0.0, "international_ODI_lifetime_overs": 0.0, "international_ODI_lifetime_runs gave": 0.0, "international_Test_previous3_runs": [], "international_Test_previous3_wickets": [], "international_Test_previous3_balls played": [], "international_Test_previous3_overs": [], "international_Test_previous3_runs gave": [], "international_Test_lifetime_runs": 0.0, "international_Test_lifetime_wickets": 0.0, "international_Test_lifetime_balls played": 0.0, "international_Test_lifetime_overs": 0.0, "international_Test_lifetime_runs gave": 0.0, "international_T20_previous3_runs": [3.0, 0.0, 3.0], "international_T20_previous3_wickets": [0.0, 1.0, 1.0], "international_T20_previous3_balls played": [4.0, 0.0, 5.0], "international_T20_previous3_overs": [4.0, 3.8333333333333335, 3.0], "international_T20_previous3_runs gave": [22.0, 40.0, 15.0], "international_T20_lifetime_runs": 41.0, "international_T20_lifetime_wickets": 5.0, "international_T20_lifetime_balls played": 43.0, "international_T20_lifetime_overs": 29.666666666666668, "international_T20_lifetime_runs gave": 247.0}