{"played_against": {"aa467af0": {"runs": 7, "balls": 5, "wickets": 0}, "62175638": {"runs": 6, "balls": 6, "wickets": 0}, "0a8fce53": {"runs": 2, "balls": 6, "wickets": 1}, "7dc35884": {"runs": 2, "balls": 3, "wickets": 0}, "87e562a9": {"runs": 3, "balls": 3, "wickets": 0}, "0b7363da": {"runs": 4, "balls": 3, "wickets": 0}, "9d430b40": {"runs": 1, "balls": 1, "wickets": 0}, "607ed7c2": {"runs": 13, "balls": 4, "wickets": 1}, "267be846": {"runs": 2, "balls": 2, "wickets": 0}, "e186f49c": {"runs": 6, "balls": 6, "wickets": 1}, "fce581b5": {"runs": 2, "balls": 3, "wickets": 1}, "a699488a": {"runs": 5, "balls": 5, "wickets": 0}, "24bb1c2f": {"runs": 2, "balls": 6, "wickets": 0}, "80ad39ac": {"runs": 16, "balls": 11, "wickets": 0}, "9dad0f2e": {"runs": 1, "balls": 1, "wickets": 0}, "e174dadd": {"runs": 4, "balls": 5, "wickets": 0}, "0b0cc297": {"runs": 6, "balls": 3, "wickets": 0}, "2911de16": {"runs": 1, "balls": 1, "wickets": 0}, "dca1ac2e": {"runs": 2, "balls": 2, "wickets": 0}, "bb34fd31": {"runs": 1, "balls": 4, "wickets": 0}, "3f5f39cd": {"runs": 1, "balls": 1, "wickets": 0}, "77768f72": {"runs": 1, "balls": 2, "wickets": 0}, "492ff0c2": {"runs": 3, "balls": 5, "wickets": 0}, "8f6dd463": {"runs": 1, "balls": 2, "wickets": 0}, "e957b38f": {"runs": 1, "balls": 2, "wickets": 0}, "fc55ec67": {"runs": 2, "balls": 3, "wickets": 1}, "9061a703": {"runs": 5, "balls": 6, "wickets": 0}, "c7a995d3": {"runs": 0, "balls": 2, "wickets": 0}, "f19ccfad": {"runs": 1, "balls": 2, "wickets": 0}, "f9e6e7ef": {"runs": 2, "balls": 3, "wickets": 0}, "df064e1a": {"runs": 1, "balls": 4, "wickets": 1}}, "fifties": 0, "thirties": 0, "centuries": 0, "maidens": 0.0, "hattricks": 3, "runs": 104.0, "wickets": 22.0, "club_ODI_previous3_runs": [], "club_ODI_previous3_wickets": [], "club_ODI_previous3_balls played": [], "club_ODI_previous3_overs": [], "club_ODI_previous3_runs gave": [], "club_ODI_lifetime_runs": 0.0, "club_ODI_lifetime_wickets": 0.0, "club_ODI_lifetime_balls played": 0.0, "club_ODI_lifetime_overs": 0.0, "club_ODI_lifetime_runs gave": 0.0, "club_Test_previous3_runs": [], "club_Test_previous3_wickets": [], "club_Test_previous3_balls played": [], "club_Test_previous3_overs": [], "club_Test_previous3_runs gave": [], "club_Test_lifetime_runs": 0.0, "club_Test_lifetime_wickets": 0.0, "club_Test_lifetime_balls played": 0.0, "club_Test_lifetime_overs": 0.0, "club_Test_lifetime_runs gave": 0.0, "club_T20_previous3_runs": [1.0, 4.0, 17.0], "club_T20_previous3_wickets": [2.0, 1.0, 0.0], "club_T20_previous3_balls played": [1.0, 7.0, 20.0], "club_T20_previous3_overs": [4.0, 4.0, 3.0], "club_T20_previous3_runs gave": [35.0, 29.0, 25.0], "club_T20_lifetime_runs": 92.0, "club_T20_lifetime_wickets": 22.0, "club_T20_lifetime_balls played": 92.0, "club_T20_lifetime_overs": 66.16666666666667, "club_T20_lifetime_runs gave": 571.0, "international_ODI_previous3_runs": [8.0], "international_ODI_previous3_wickets": [0.0], "international_ODI_previous3_balls played": [11.0], "international_ODI_previous3_overs": [7.833333333333333], "international_ODI_previous3_runs gave": [68.0], "international_ODI_lifetime_runs": 8.0, "international_ODI_lifetime_wickets": 0.0, "international_ODI_lifetime_balls played": 11.0, "international_ODI_lifetime_overs": 7.833333333333333, "international_ODI_lifetime_runs gave": 68.0, "international_Test_previous3_runs": [], "international_Test_previous3_wickets": [], "international_Test_previous3_balls played": [], "international_Test_previous3_overs": [], "international_Test_previous3_runs gave": [], "international_Test_lifetime_runs": 0.0, "international_Test_lifetime_wickets": 0.0, "international_Test_lifetime_balls played": 0.0, "international_Test_lifetime_overs": 0.0, "international_Test_lifetime_runs gave": 0.0, "international_T20_previous3_runs": [4.0], "international_T20_previous3_wickets": [0.0], "international_T20_previous3_balls played": [11.0], "international_T20_previous3_overs": [1.0], "international_T20_previous3_runs gave": [14.0], "international_T20_lifetime_runs": 4.0, "international_T20_lifetime_wickets": 0.0, "international_T20_lifetime_balls played": 11.0, "international_T20_lifetime_overs": 1.0, "international_T20_lifetime_runs gave": 14.0}