{"played_against": {"3dab8f3f": {"runs": 0, "balls": 2, "wickets": 0}, "44e00a4c": {"runs": 6, "balls": 7, "wickets": 1}, "e553e27f": {"runs": 0, "balls": 4, "wickets": 0}, "856cbb1e": {"runs": 1, "balls": 2, "wickets": 0}, "aef39fe4": {"runs": 4, "balls": 6, "wickets": 0}, "d1d15fc9": {"runs": 4, "balls": 4, "wickets": 1}}, "fifties": 0, "thirties": 0, "centuries": 0, "maidens": 0.0, "hattricks": 1, "runs": 15.0, "wickets": 6.0, "club_ODI_previous3_runs": [], "club_ODI_previous3_wickets": [], "club_ODI_previous3_balls played": [], "club_ODI_previous3_overs": [], "club_ODI_previous3_runs gave": [], "club_ODI_lifetime_runs": 0.0, "club_ODI_lifetime_wickets": 0.0, "club_ODI_lifetime_balls played": 0.0, "club_ODI_lifetime_overs": 0.0, "club_ODI_lifetime_runs gave": 0.0, "club_Test_previous3_runs": [], "club_Test_previous3_wickets": [], "club_Test_previous3_balls played": [], "club_Test_previous3_overs": [], "club_Test_previous3_runs gave": [], "club_Test_lifetime_runs": 0.0, "club_Test_lifetime_wickets": 0.0, "club_Test_lifetime_balls played": 0.0, "club_Test_lifetime_overs": 0.0, "club_Test_lifetime_runs gave": 0.0, "club_T20_previous3_runs": [], "club_T20_previous3_wickets": [], "club_T20_previous3_balls played": [], "club_T20_previous3_overs": [], "club_T20_previous3_runs gave": [], "club_T20_lifetime_runs": 0.0, "club_T20_lifetime_wickets": 0.0, "club_T20_lifetime_balls played": 0.0, "club_T20_lifetime_overs": 0.0, "club_T20_lifetime_runs gave": 0.0, "international_ODI_previous3_runs": [6.0, 5.0, 4.0], "international_ODI_previous3_wickets": [0.0, 6.0, 0.0], "international_ODI_previous3_balls played": [11.0, 8.0, 4.0], "international_ODI_previous3_overs": [3.0, 9.833333333333332, 2.0], "international_ODI_previous3_runs gave": [20.0, 80.0, 18.0], "international_ODI_lifetime_runs": 15.0, "international_ODI_lifetime_wickets": 6.0, "international_ODI_lifetime_balls played": 23.0, "international_ODI_lifetime_overs": 14.833333333333332, "international_ODI_lifetime_runs gave": 118.0, "international_Test_previous3_runs": [], "international_Test_previous3_wickets": [], "international_Test_previous3_balls played": [], "international_Test_previous3_overs": [], "international_Test_previous3_runs gave": [], "international_Test_lifetime_runs": 0.0, "international_Test_lifetime_wickets": 0.0, "international_Test_lifetime_balls played": 0.0, "international_Test_lifetime_overs": 0.0, "international_Test_lifetime_runs gave": 0.0, "international_T20_previous3_runs": [0.0], "international_T20_previous3_wickets": [0.0], "international_T20_previous3_balls played": [2.0], "international_T20_previous3_overs": [1.0], "international_T20_previous3_runs gave": [12.0], "international_T20_lifetime_runs": 0.0, "international_T20_lifetime_wickets": 0.0, "international_T20_lifetime_balls played": 2.0, "international_T20_lifetime_overs": 1.0, "international_T20_lifetime_runs gave": 12.0}