{"played_against": {"dddc811c": {"runs": 5, "balls": 5, "wickets": 0}, "1427277f": {"runs": 7, "balls": 4, "wickets": 0}, "75223da4": {"runs": 2, "balls": 7, "wickets": 0}, "3c77ca9d": {"runs": 0, "balls": 4, "wickets": 1}, "eaa4cfc2": {"runs": 21, "balls": 10, "wickets": 0}, "45c2196c": {"runs": 9, "balls": 9, "wickets": 0}, "15101f12": {"runs": 0, "balls": 2, "wickets": 0}, "58822938": {"runs": 1, "balls": 11, "wickets": 0}, "e9d5218e": {"runs": 4, "balls": 9, "wickets": 0}, "556302a7": {"runs": 5, "balls": 22, "wickets": 0}, "a9da7784": {"runs": 1, "balls": 8, "wickets": 1}, "ad962377": {"runs": 0, "balls": 7, "wickets": 1}, "43205dad": {"runs": 0, "balls": 1, "wickets": 0}, "137b58de": {"runs": 0, "balls": 0, "wickets": 0}, "1cfac535": {"runs": 0, "balls": 1, "wickets": 1}, "f3abd0c9": {"runs": 0, "balls": 5, "wickets": 1}, "4a461c24": {"runs": 4, "balls": 8, "wickets": 2}, "4c4fa80b": {"runs": 4, "balls": 23, "wickets": 1}, "5db1c288": {"runs": 1, "balls": 9, "wickets": 0}, "fac298ff": {"runs": 8, "balls": 10, "wickets": 1}, "7ca5e05d": {"runs": 1, "balls": 1, "wickets": 0}, "e423d162": {"runs": 1, "balls": 1, "wickets": 0}, "3d0ed2f9": {"runs": 2, "balls": 2, "wickets": 0}, "7c7d63a2": {"runs": 7, "balls": 2, "wickets": 0}, "addfb70e": {"runs": 0, "balls": 0, "wickets": 0}, "450f6fa6": {"runs": 1, "balls": 2, "wickets": 0}, "f56cd097": {"runs": 5, "balls": 3, "wickets": 0}, "87e562a9": {"runs": 4, "balls": 2, "wickets": 0}, "462411b3": {"runs": 0, "balls": 2, "wickets": 1}, "1bf9a8ef": {"runs": 0, "balls": 1, "wickets": 0}, "b3118300": {"runs": 1, "balls": 1, "wickets": 0}, "2e81a32d": {"runs": 6, "balls": 2, "wickets": 1}, "fb66ce1f": {"runs": 0, "balls": 3, "wickets": 1}, "94d7f855": {"runs": 1, "balls": 4, "wickets": 1}, "4c5d73db": {"runs": 1, "balls": 1, "wickets": 0}, "51a3c5ef": {"runs": 1, "balls": 4, "wickets": 0}, "1558d83b": {"runs": 0, "balls": 3, "wickets": 1}, "4329fbb5": {"runs": 5, "balls": 2, "wickets": 0}, "2911de16": {"runs": 2, "balls": 3, "wickets": 0}, "06c2de82": {"runs": 2, "balls": 2, "wickets": 0}, "50c6bc2b": {"runs": 9, "balls": 6, "wickets": 0}, "0f6db197": {"runs": 2, "balls": 5, "wickets": 0}, "0a12e736": {"runs": 5, "balls": 2, "wickets": 0}, "6c79c098": {"runs": 12, "balls": 6, "wickets": 1}, "b82e3032": {"runs": 5, "balls": 4, "wickets": 0}, "208f22ea": {"runs": 6, "balls": 5, "wickets": 0}, "ad212f96": {"runs": 4, "balls": 3, "wickets": 1}, "ee0c05c0": {"runs": 1, "balls": 3, "wickets": 0}, "39180894": {"runs": 0, "balls": 4, "wickets": 0}, "74a274cc": {"runs": 4, "balls": 5, "wickets": 0}, "ccdd8308": {"runs": 6, "balls": 7, "wickets": 1}, "c042b412": {"runs": 1, "balls": 1, "wickets": 0}, "3dcd1e8d": {"runs": 5, "balls": 3, "wickets": 1}, "c5aef772": {"runs": 1, "balls": 1, "wickets": 0}, "23cca426": {"runs": 0, "balls": 2, "wickets": 1}, "327b58d3": {"runs": 0, "balls": 1, "wickets": 0}, "d4eef961": {"runs": 0, "balls": 0, "wickets": 0}, "ffe699c0": {"runs": 5, "balls": 2, "wickets": 0}, "9a46c4e5": {"runs": 2, "balls": 3, "wickets": 0}, "0bec3a6c": {"runs": 1, "balls": 2, "wickets": 1}, "10f68de1": {"runs": 2, "balls": 3, "wickets": 0}, "03df7a25": {"runs": 1, "balls": 3, "wickets": 0}, "0164b064": {"runs": 3, "balls": 3, "wickets": 0}, "dbe50b21": {"runs": 0, "balls": 1, "wickets": 0}, "57ee1fde": {"runs": 7, "balls": 4, "wickets": 0}, "f986ca1a": {"runs": 0, "balls": 3, "wickets": 1}, "dfc4d8b5": {"runs": 0, "balls": 2, "wickets": 1}, "c5cc48bc": {"runs": 1, "balls": 2, "wickets": 1}, "caf69bf7": {"runs": 5, "balls": 4, "wickets": 1}, "80e44dc5": {"runs": 1, "balls": 1, "wickets": 0}, "679cd31e": {"runs": 1, "balls": 2, "wickets": 0}, "5899dceb": {"runs": 4, "balls": 2, "wickets": 0}, "b0946605": {"runs": 0, "balls": 1, "wickets": 1}, "a86a37ab": {"runs": 0, "balls": 0, "wickets": 0}, "30afc92b": {"runs": 1, "balls": 1, "wickets": 0}, "e86754b2": {"runs": 1, "balls": 1, "wickets": 0}, "34b37279": {"runs": 1, "balls": 1, "wickets": 0}}, "fifties": 0, "thirties": 1, "centuries": 0, "maidens": 23.0, "hattricks": 32, "runs": 209.0, "wickets": 280.0, "club_ODI_previous3_runs": [0.0, 0.0, 3.0], "club_ODI_previous3_wickets": [0.0, 1.0, 2.0], "club_ODI_previous3_balls played": [2.0, 2.0, 3.0], "club_ODI_previous3_overs": [2.0, 7.0, 10.0], "club_ODI_previous3_runs gave": [8.0, 62.0, 82.0], "club_ODI_lifetime_runs": 3.0, "club_ODI_lifetime_wickets": 3.0, "club_ODI_lifetime_balls played": 7.0, "club_ODI_lifetime_overs": 19.0, "club_ODI_lifetime_runs gave": 152.0, "club_Test_previous3_runs": [10.0, 5.0, 13.0], "club_Test_previous3_wickets": [2.0, 3.0, 0.0], "club_Test_previous3_balls played": [52.0, 15.0, 42.0], "club_Test_previous3_overs": [20.0, 19.0, 17.833333333333336], "club_Test_previous3_runs gave": [136.0, 84.0, 71.0], "club_Test_lifetime_runs": 72.0, "club_Test_lifetime_wickets": 10.0, "club_Test_lifetime_balls played": 150.0, "club_Test_lifetime_overs": 145.0, "club_Test_lifetime_runs gave": 570.0, "club_T20_previous3_runs": [0.0, 0.0, 0.0], "club_T20_previous3_wickets": [3.0, 0.0, 0.0], "club_T20_previous3_balls played": [0.0, 0.0, 0.0], "club_T20_previous3_overs": [4.0, 3.0, 3.0], "club_T20_previous3_runs gave": [33.0, 37.0, 39.0], "club_T20_lifetime_runs": 126.0, "club_T20_lifetime_wickets": 253.0, "club_T20_lifetime_balls played": 130.0, "club_T20_lifetime_overs": 693.8999999999999, "club_T20_lifetime_runs gave": 5762.0, "international_ODI_previous3_runs": [], "international_ODI_previous3_wickets": [], "international_ODI_previous3_balls played": [], "international_ODI_previous3_overs": [], "international_ODI_previous3_runs gave": [], "international_ODI_lifetime_runs": 0.0, "international_ODI_lifetime_wickets": 0.0, "international_ODI_lifetime_balls played": 0.0, "international_ODI_lifetime_overs": 0.0, "international_ODI_lifetime_runs gave": 0.0, "international_Test_previous3_runs": [], "international_Test_previous3_wickets": [], "international_Test_previous3_balls played": [], "international_Test_previous3_overs": [], "international_Test_previous3_runs gave": [], "international_Test_lifetime_runs": 0.0, "international_Test_lifetime_wickets": 0.0, "international_Test_lifetime_balls played": 0.0, "international_Test_lifetime_overs": 0.0, "international_Test_lifetime_runs gave": 0.0, "international_T20_previous3_runs": [0.0, 0.0, 0.0], "international_T20_previous3_wickets": [0.0, 2.0, 0.0], "international_T20_previous3_balls played": [1.0, 0.0, 0.0], "international_T20_previous3_overs": [3.0, 4.0, 2.0], "international_T20_previous3_runs gave": [35.0, 31.0, 36.0], "international_T20_lifetime_runs": 8.0, "international_T20_lifetime_wickets": 14.0, "international_T20_lifetime_balls played": 12.0, "international_T20_lifetime_overs": 53.166666666666664, "international_T20_lifetime_runs gave": 475.0}