{"played_against": {"f0a45427": {"runs": 14, "balls": 10, "wickets": 1}, "c988daa1": {"runs": 29, "balls": 15, "wickets": 2}, "dd14abf5": {"runs": 13, "balls": 6, "wickets": 0}, "3c8faed4": {"runs": 3, "balls": 8, "wickets": 1}, "a62f55ba": {"runs": 1, "balls": 3, "wickets": 0}, "9f2be73d": {"runs": 6, "balls": 14, "wickets": 0}, "96275259": {"runs": 9, "balls": 7, "wickets": 0}, "626af7ff": {"runs": 2, "balls": 3, "wickets": 0}, "cbd91942": {"runs": 7, "balls": 7, "wickets": 0}, "64c81abf": {"runs": 1, "balls": 1, "wickets": 0}, "65a29a30": {"runs": 4, "balls": 7, "wickets": 0}, "14af45c4": {"runs": 25, "balls": 15, "wickets": 0}, "3f9d95f9": {"runs": 23, "balls": 8, "wickets": 0}, "a968d39b": {"runs": 1, "balls": 2, "wickets": 1}, "cab3f89a": {"runs": 0, "balls": 1, "wickets": 1}, "02888f23": {"runs": 1, "balls": 2, "wickets": 0}, "06bcade5": {"runs": 5, "balls": 9, "wickets": 0}, "5f5efae1": {"runs": 1, "balls": 1, "wickets": 0}, "a6cbe67b": {"runs": 4, "balls": 6, "wickets": 1}}, "fifties": 0, "thirties": 2, "centuries": 0, "maidens": 0.0, "hattricks": 1, "runs": 149.0, "wickets": 9.0, "club_ODI_previous3_runs": [], "club_ODI_previous3_wickets": [], "club_ODI_previous3_balls played": [], "club_ODI_previous3_overs": [], "club_ODI_previous3_runs gave": [], "club_ODI_lifetime_runs": 0.0, "club_ODI_lifetime_wickets": 0.0, "club_ODI_lifetime_balls played": 0.0, "club_ODI_lifetime_overs": 0.0, "club_ODI_lifetime_runs gave": 0.0, "club_Test_previous3_runs": [], "club_Test_previous3_wickets": [], "club_Test_previous3_balls played": [], "club_Test_previous3_overs": [], "club_Test_previous3_runs gave": [], "club_Test_lifetime_runs": 0.0, "club_Test_lifetime_wickets": 0.0, "club_Test_lifetime_balls played": 0.0, "club_Test_lifetime_overs": 0.0, "club_Test_lifetime_runs gave": 0.0, "club_T20_previous3_runs": [], "club_T20_previous3_wickets": [], "club_T20_previous3_balls played": [], "club_T20_previous3_overs": [], "club_T20_previous3_runs gave": [], "club_T20_lifetime_runs": 0.0, "club_T20_lifetime_wickets": 0.0, "club_T20_lifetime_balls played": 0.0, "club_T20_lifetime_overs": 0.0, "club_T20_lifetime_runs gave": 0.0, "international_ODI_previous3_runs": [], "international_ODI_previous3_wickets": [], "international_ODI_previous3_balls played": [], "international_ODI_previous3_overs": [], "international_ODI_previous3_runs gave": [], "international_ODI_lifetime_runs": 0.0, "international_ODI_lifetime_wickets": 0.0, "international_ODI_lifetime_balls played": 0.0, "international_ODI_lifetime_overs": 0.0, "international_ODI_lifetime_runs gave": 0.0, "international_Test_previous3_runs": [], "international_Test_previous3_wickets": [], "international_Test_previous3_balls played": [], "international_Test_previous3_overs": [], "international_Test_previous3_runs gave": [], "international_Test_lifetime_runs": 0.0, "international_Test_lifetime_wickets": 0.0, "international_Test_lifetime_balls played": 0.0, "international_Test_lifetime_overs": 0.0, "international_Test_lifetime_runs gave": 0.0, "international_T20_previous3_runs": [6.0, 4.0, 16.0], "international_T20_previous3_wickets": [1.0, 0.0, 1.0], "international_T20_previous3_balls played": [5.0, 7.0, 27.0], "international_T20_previous3_overs": [4.0, 3.0, 2.0], "international_T20_previous3_runs gave": [17.0, 26.0, 15.0], "international_T20_lifetime_runs": 149.0, "international_T20_lifetime_wickets": 9.0, "international_T20_lifetime_balls played": 125.0, "international_T20_lifetime_overs": 31.833333333333336, "international_T20_lifetime_runs gave": 208.0}