{"played_against": {"f43dd8c2": {"runs": 0, "balls": 1, "wickets": 1}, "795df06c": {"runs": 0, "balls": 8, "wickets": 0}, "c4ff0618": {"runs": 1, "balls": 5, "wickets": 1}, "3a026eb4": {"runs": 0, "balls": 1, "wickets": 0}, "2b8b75a0": {"runs": 0, "balls": 2, "wickets": 0}, "a9a4df9f": {"runs": 3, "balls": 9, "wickets": 0}, "c07a1f41": {"runs": 22, "balls": 21, "wickets": 0}, "753b5a2d": {"runs": 3, "balls": 6, "wickets": 0}, "96503059": {"runs": 9, "balls": 11, "wickets": 0}, "d99cc23a": {"runs": 3, "balls": 5, "wickets": 1}, "7572bf45": {"runs": 1, "balls": 1, "wickets": 0}, "d1988788": {"runs": 2, "balls": 2, "wickets": 0}, "26534b48": {"runs": 1, "balls": 1, "wickets": 0}, "ae6746e0": {"runs": 2, "balls": 2, "wickets": 0}, "b7ccb3c9": {"runs": 1, "balls": 3, "wickets": 0}, "eff8b730": {"runs": 6, "balls": 3, "wickets": 0}, "42151725": {"runs": 0, "balls": 1, "wickets": 1}, "37312a74": {"runs": 2, "balls": 2, "wickets": 0}, "4557dc54": {"runs": 1, "balls": 1, "wickets": 0}, "2d8aae2f": {"runs": 2, "balls": 11, "wickets": 0}, "3c4007d3": {"runs": 2, "balls": 5, "wickets": 0}, "1adb8ee8": {"runs": 12, "balls": 13, "wickets": 0}, "98d05440": {"runs": 8, "balls": 4, "wickets": 0}, "f53b3e1d": {"runs": 0, "balls": 1, "wickets": 1}, "b03db6fa": {"runs": 0, "balls": 1, "wickets": 1}, "568e5a4a": {"runs": 2, "balls": 3, "wickets": 0}, "af28816c": {"runs": 7, "balls": 3, "wickets": 0}}, "fifties": 0, "thirties": 0, "centuries": 0, "maidens": 14.0, "hattricks": 2, "runs": 90.0, "wickets": 19.0, "club_ODI_previous3_runs": [], "club_ODI_previous3_wickets": [], "club_ODI_previous3_balls played": [], "club_ODI_previous3_overs": [], "club_ODI_previous3_runs gave": [], "club_ODI_lifetime_runs": 0.0, "club_ODI_lifetime_wickets": 0.0, "club_ODI_lifetime_balls played": 0.0, "club_ODI_lifetime_overs": 0.0, "club_ODI_lifetime_runs gave": 0.0, "club_Test_previous3_runs": [], "club_Test_previous3_wickets": [], "club_Test_previous3_balls played": [], "club_Test_previous3_overs": [], "club_Test_previous3_runs gave": [], "club_Test_lifetime_runs": 0.0, "club_Test_lifetime_wickets": 0.0, "club_Test_lifetime_balls played": 0.0, "club_Test_lifetime_overs": 0.0, "club_Test_lifetime_runs gave": 0.0, "club_T20_previous3_runs": [], "club_T20_previous3_wickets": [], "club_T20_previous3_balls played": [], "club_T20_previous3_overs": [], "club_T20_previous3_runs gave": [], "club_T20_lifetime_runs": 0.0, "club_T20_lifetime_wickets": 0.0, "club_T20_lifetime_balls played": 0.0, "club_T20_lifetime_overs": 0.0, "club_T20_lifetime_runs gave": 0.0, "international_ODI_previous3_runs": [7.0, 24.0, 0.0], "international_ODI_previous3_wickets": [2.0, 1.0, 0.0], "international_ODI_previous3_balls played": [8.0, 34.0, 4.0], "international_ODI_previous3_overs": [4.0, 5.0, 4.833333333333334], "international_ODI_previous3_runs gave": [19.0, 24.0, 35.0], "international_ODI_lifetime_runs": 46.0, "international_ODI_lifetime_wickets": 11.0, "international_ODI_lifetime_balls played": 94.0, "international_ODI_lifetime_overs": 73.99999999999999, "international_ODI_lifetime_runs gave": 356.0, "international_Test_previous3_runs": [22.0], "international_Test_previous3_wickets": [6.0], "international_Test_previous3_balls played": [16.0], "international_Test_previous3_overs": [38.66666666666667], "international_Test_previous3_runs gave": [145.0], "international_Test_lifetime_runs": 22.0, "international_Test_lifetime_wickets": 6.0, "international_Test_lifetime_balls played": 16.0, "international_Test_lifetime_overs": 38.66666666666667, "international_Test_lifetime_runs gave": 145.0, "international_T20_previous3_runs": [0.0, 0.0, 0.0], "international_T20_previous3_wickets": [0.0, 0.0, 0.0], "international_T20_previous3_balls played": [0.0, 0.0, 0.0], "international_T20_previous3_overs": [0.0, 4.0, 1.0], "international_T20_previous3_runs gave": [0.0, 42.0, 11.0], "international_T20_lifetime_runs": 22.0, "international_T20_lifetime_wickets": 2.0, "international_T20_lifetime_balls played": 19.0, "international_T20_lifetime_overs": 17.333333333333336, "international_T20_lifetime_runs gave": 174.0}