{"played_against": {"0a2184d9": {"runs": 0, "balls": 1, "wickets": 1}, "213fd5e9": {"runs": 3, "balls": 2, "wickets": 0}, "de7d833e": {"runs": 5, "balls": 3, "wickets": 0}, "dabbd0ae": {"runs": 8, "balls": 6, "wickets": 0}, "f24c6701": {"runs": 3, "balls": 2, "wickets": 0}, "c6097d68": {"runs": 0, "balls": 1, "wickets": 0}, "a97c8ec2": {"runs": 0, "balls": 1, "wickets": 1}, "7dc35884": {"runs": 2, "balls": 2, "wickets": 0}, "a03bba42": {"runs": 9, "balls": 4, "wickets": 0}, "3ff033bb": {"runs": 2, "balls": 2, "wickets": 1}}, "fifties": 0, "thirties": 0, "centuries": 0, "maidens": 0.0, "hattricks": 0, "runs": 32.0, "wickets": 0.0, "club_ODI_previous3_runs": [], "club_ODI_previous3_wickets": [], "club_ODI_previous3_balls played": [], "club_ODI_previous3_overs": [], "club_ODI_previous3_runs gave": [], "club_ODI_lifetime_runs": 0.0, "club_ODI_lifetime_wickets": 0.0, "club_ODI_lifetime_balls played": 0.0, "club_ODI_lifetime_overs": 0.0, "club_ODI_lifetime_runs gave": 0.0, "club_Test_previous3_runs": [], "club_Test_previous3_wickets": [], "club_Test_previous3_balls played": [], "club_Test_previous3_overs": [], "club_Test_previous3_runs gave": [], "club_Test_lifetime_runs": 0.0, "club_Test_lifetime_wickets": 0.0, "club_Test_lifetime_balls played": 0.0, "club_Test_lifetime_overs": 0.0, "club_Test_lifetime_runs gave": 0.0, "club_T20_previous3_runs": [13.0, 0.0, 0.0], "club_T20_previous3_wickets": [0.0, 0.0, 0.0], "club_T20_previous3_balls played": [8.0, 0.0, 0.0], "club_T20_previous3_overs": [1.0, 1.0, 1.0], "club_T20_previous3_runs gave": [12.0, 5.0, 17.0], "club_T20_lifetime_runs": 32.0, "club_T20_lifetime_wickets": 0.0, "club_T20_lifetime_balls played": 24.0, "club_T20_lifetime_overs": 3.0, "club_T20_lifetime_runs gave": 34.0, "international_ODI_previous3_runs": [], "international_ODI_previous3_wickets": [], "international_ODI_previous3_balls played": [], "international_ODI_previous3_overs": [], "international_ODI_previous3_runs gave": [], "international_ODI_lifetime_runs": 0.0, "international_ODI_lifetime_wickets": 0.0, "international_ODI_lifetime_balls played": 0.0, "international_ODI_lifetime_overs": 0.0, "international_ODI_lifetime_runs gave": 0.0, "international_Test_previous3_runs": [], "international_Test_previous3_wickets": [], "international_Test_previous3_balls played": [], "international_Test_previous3_overs": [], "international_Test_previous3_runs gave": [], "international_Test_lifetime_runs": 0.0, "international_Test_lifetime_wickets": 0.0, "international_Test_lifetime_balls played": 0.0, "international_Test_lifetime_overs": 0.0, "international_Test_lifetime_runs gave": 0.0, "international_T20_previous3_runs": [], "international_T20_previous3_wickets": [], "international_T20_previous3_balls played": [], "international_T20_previous3_overs": [], "international_T20_previous3_runs gave": [], "international_T20_lifetime_runs": 0.0, "international_T20_lifetime_wickets": 0.0, "international_T20_lifetime_balls played": 0.0, "international_T20_lifetime_overs": 0.0, "international_T20_lifetime_runs gave": 0.0}