{"played_against": {"33f28243": {"runs": 3, "balls": 2, "wickets": 0}, "b2a79f17": {"runs": 2, "balls": 3, "wickets": 0}, "9a158001": {"runs": 1, "balls": 3, "wickets": 0}, "96824e68": {"runs": 8, "balls": 8, "wickets": 0}, "f201593c": {"runs": 2, "balls": 4, "wickets": 0}, "1a2676c5": {"runs": 1, "balls": 1, "wickets": 0}, "78eb4223": {"runs": 5, "balls": 2, "wickets": 0}, "0f12f9df": {"runs": 6, "balls": 3, "wickets": 0}, "4933f499": {"runs": 0, "balls": 1, "wickets": 1}, "7c503806": {"runs": 2, "balls": 3, "wickets": 0}, "0164b064": {"runs": 4, "balls": 3, "wickets": 0}, "9f54ae00": {"runs": 8, "balls": 3, "wickets": 0}, "dfc4d8b5": {"runs": 1, "balls": 1, "wickets": 0}, "45eda7c8": {"runs": 1, "balls": 1, "wickets": 0}, "956887b2": {"runs": 5, "balls": 3, "wickets": 1}, "bc773eeb": {"runs": 1, "balls": 1, "wickets": 0}, "7517d134": {"runs": 3, "balls": 4, "wickets": 0}, "94eac556": {"runs": 1, "balls": 1, "wickets": 0}, "012829ff": {"runs": 0, "balls": 2, "wickets": 1}, "3cf5ae43": {"runs": 6, "balls": 6, "wickets": 1}, "3d8feaf8": {"runs": 5, "balls": 5, "wickets": 0}, "f708a0bc": {"runs": 1, "balls": 3, "wickets": 0}}, "fifties": 0, "thirties": 0, "centuries": 0, "maidens": 0.0, "hattricks": 1, "runs": 66.0, "wickets": 8.0, "club_ODI_previous3_runs": [], "club_ODI_previous3_wickets": [], "club_ODI_previous3_balls played": [], "club_ODI_previous3_overs": [], "club_ODI_previous3_runs gave": [], "club_ODI_lifetime_runs": 0.0, "club_ODI_lifetime_wickets": 0.0, "club_ODI_lifetime_balls played": 0.0, "club_ODI_lifetime_overs": 0.0, "club_ODI_lifetime_runs gave": 0.0, "club_Test_previous3_runs": [], "club_Test_previous3_wickets": [], "club_Test_previous3_balls played": [], "club_Test_previous3_overs": [], "club_Test_previous3_runs gave": [], "club_Test_lifetime_runs": 0.0, "club_Test_lifetime_wickets": 0.0, "club_Test_lifetime_balls played": 0.0, "club_Test_lifetime_overs": 0.0, "club_Test_lifetime_runs gave": 0.0, "club_T20_previous3_runs": [6.0, 5.0, 12.0], "club_T20_previous3_wickets": [0.0, 1.0, 1.0], "club_T20_previous3_balls played": [4.0, 8.0, 14.0], "club_T20_previous3_overs": [3.8333333333333335, 2.8333333333333335, 4.0], "club_T20_previous3_runs gave": [42.0, 60.0, 24.0], "club_T20_lifetime_runs": 66.0, "club_T20_lifetime_wickets": 8.0, "club_T20_lifetime_balls played": 64.0, "club_T20_lifetime_overs": 28.0, "club_T20_lifetime_runs gave": 251.0, "international_ODI_previous3_runs": [], "international_ODI_previous3_wickets": [], "international_ODI_previous3_balls played": [], "international_ODI_previous3_overs": [], "international_ODI_previous3_runs gave": [], "international_ODI_lifetime_runs": 0.0, "international_ODI_lifetime_wickets": 0.0, "international_ODI_lifetime_balls played": 0.0, "international_ODI_lifetime_overs": 0.0, "international_ODI_lifetime_runs gave": 0.0, "international_Test_previous3_runs": [], "international_Test_previous3_wickets": [], "international_Test_previous3_balls played": [], "international_Test_previous3_overs": [], "international_Test_previous3_runs gave": [], "international_Test_lifetime_runs": 0.0, "international_Test_lifetime_wickets": 0.0, "international_Test_lifetime_balls played": 0.0, "international_Test_lifetime_overs": 0.0, "international_Test_lifetime_runs gave": 0.0, "international_T20_previous3_runs": [], "international_T20_previous3_wickets": [], "international_T20_previous3_balls played": [], "international_T20_previous3_overs": [], "international_T20_previous3_runs gave": [], "international_T20_lifetime_runs": 0.0, "international_T20_lifetime_wickets": 0.0, "international_T20_lifetime_balls played": 0.0, "international_T20_lifetime_overs": 0.0, "international_T20_lifetime_runs gave": 0.0}