{"played_against": {"924ab6c4": {"runs": 0, "balls": 5, "wickets": 0}, "75a8844e": {"runs": 1, "balls": 1, "wickets": 0}, "66c898ab": {"runs": 18, "balls": 9, "wickets": 0}, "94c0131e": {"runs": 8, "balls": 8, "wickets": 1}, "895faea3": {"runs": 1, "balls": 3, "wickets": 0}, "29ee9bf9": {"runs": 0, "balls": 1, "wickets": 1}, "898b09e8": {"runs": 0, "balls": 6, "wickets": 0}, "1676b2d6": {"runs": 6, "balls": 7, "wickets": 0}, "92173bfb": {"runs": 2, "balls": 3, "wickets": 0}, "6d2dac56": {"runs": 8, "balls": 4, "wickets": 0}}, "fifties": 0, "thirties": 0, "centuries": 0, "maidens": 0.0, "hattricks": 1, "runs": 44.0, "wickets": 4.0, "club_ODI_previous3_runs": [], "club_ODI_previous3_wickets": [], "club_ODI_previous3_balls played": [], "club_ODI_previous3_overs": [], "club_ODI_previous3_runs gave": [], "club_ODI_lifetime_runs": 0.0, "club_ODI_lifetime_wickets": 0.0, "club_ODI_lifetime_balls played": 0.0, "club_ODI_lifetime_overs": 0.0, "club_ODI_lifetime_runs gave": 0.0, "club_Test_previous3_runs": [], "club_Test_previous3_wickets": [], "club_Test_previous3_balls played": [], "club_Test_previous3_overs": [], "club_Test_previous3_runs gave": [], "club_Test_lifetime_runs": 0.0, "club_Test_lifetime_wickets": 0.0, "club_Test_lifetime_balls played": 0.0, "club_Test_lifetime_overs": 0.0, "club_Test_lifetime_runs gave": 0.0, "club_T20_previous3_runs": [], "club_T20_previous3_wickets": [], "club_T20_previous3_balls played": [], "club_T20_previous3_overs": [], "club_T20_previous3_runs gave": [], "club_T20_lifetime_runs": 0.0, "club_T20_lifetime_wickets": 0.0, "club_T20_lifetime_balls played": 0.0, "club_T20_lifetime_overs": 0.0, "club_T20_lifetime_runs gave": 0.0, "international_ODI_previous3_runs": [27.0, 1.0, 16.0], "international_ODI_previous3_wickets": [4.0, 0.0, 0.0], "international_ODI_previous3_balls played": [23.0, 4.0, 20.0], "international_ODI_previous3_overs": [10.0, 3.0, 4.0], "international_ODI_previous3_runs gave": [50.0, 8.0, 37.0], "international_ODI_lifetime_runs": 44.0, "international_ODI_lifetime_wickets": 4.0, "international_ODI_lifetime_balls played": 47.0, "international_ODI_lifetime_overs": 17.0, "international_ODI_lifetime_runs gave": 95.0, "international_Test_previous3_runs": [], "international_Test_previous3_wickets": [], "international_Test_previous3_balls played": [], "international_Test_previous3_overs": [], "international_Test_previous3_runs gave": [], "international_Test_lifetime_runs": 0.0, "international_Test_lifetime_wickets": 0.0, "international_Test_lifetime_balls played": 0.0, "international_Test_lifetime_overs": 0.0, "international_Test_lifetime_runs gave": 0.0, "international_T20_previous3_runs": [], "international_T20_previous3_wickets": [], "international_T20_previous3_balls played": [], "international_T20_previous3_overs": [], "international_T20_previous3_runs gave": [], "international_T20_lifetime_runs": 0.0, "international_T20_lifetime_wickets": 0.0, "international_T20_lifetime_balls played": 0.0, "international_T20_lifetime_overs": 0.0, "international_T20_lifetime_runs gave": 0.0}