{"played_against": {"c53cfae5": {"runs": 2, "balls": 10, "wickets": 0}, "0fc748f4": {"runs": 2, "balls": 12, "wickets": 1}, "33e72826": {"runs": 7, "balls": 16, "wickets": 0}, "119007ef": {"runs": 0, "balls": 5, "wickets": 0}, "c997e906": {"runs": 11, "balls": 8, "wickets": 0}, "76903be1": {"runs": 3, "balls": 24, "wickets": 1}, "32e9794a": {"runs": 3, "balls": 1, "wickets": 0}, "48f25627": {"runs": 6, "balls": 21, "wickets": 0}, "a7d4a5e9": {"runs": 2, "balls": 13, "wickets": 1}, "8a3756a0": {"runs": 5, "balls": 5, "wickets": 0}, "aaf124ab": {"runs": 5, "balls": 26, "wickets": 0}, "3b9f0224": {"runs": 1, "balls": 8, "wickets": 0}, "f380525a": {"runs": 12, "balls": 23, "wickets": 0}, "dc9d2e3c": {"runs": 10, "balls": 26, "wickets": 0}, "04ed04d2": {"runs": 4, "balls": 25, "wickets": 0}, "25d642b2": {"runs": 6, "balls": 8, "wickets": 0}, "01b45044": {"runs": 1, "balls": 2, "wickets": 0}, "bbd5af55": {"runs": 3, "balls": 5, "wickets": 0}, "396100de": {"runs": 1, "balls": 4, "wickets": 0}, "b410bd3d": {"runs": 0, "balls": 1, "wickets": 0}, "6ad2d5f7": {"runs": 0, "balls": 7, "wickets": 1}, "e9d6a2ce": {"runs": 1, "balls": 5, "wickets": 0}, "1f3e6df4": {"runs": 0, "balls": 3, "wickets": 0}, "78bbeba1": {"runs": 2, "balls": 10, "wickets": 0}, "d2ec068c": {"runs": 3, "balls": 6, "wickets": 0}, "5efa8af3": {"runs": 5, "balls": 9, "wickets": 0}, "415d30b6": {"runs": 0, "balls": 6, "wickets": 0}, "3e06e7ac": {"runs": 2, "balls": 2, "wickets": 0}, "7c885103": {"runs": 2, "balls": 3, "wickets": 0}, "57fcfd3b": {"runs": 4, "balls": 6, "wickets": 0}, "314f0889": {"runs": 1, "balls": 1, "wickets": 0}, "615688b6": {"runs": 5, "balls": 3, "wickets": 0}, "056b433b": {"runs": 0, "balls": 1, "wickets": 1}, "5d77a96a": {"runs": 6, "balls": 3, "wickets": 0}, "4add4c98": {"runs": 0, "balls": 1, "wickets": 1}, "c8e5012c": {"runs": 4, "balls": 1, "wickets": 0}}, "fifties": 0, "thirties": 1, "centuries": 0, "maidens": 0.0, "hattricks": 0, "runs": 119.0, "wickets": 0.0, "club_ODI_previous3_runs": [], "club_ODI_previous3_wickets": [], "club_ODI_previous3_balls played": [], "club_ODI_previous3_overs": [], "club_ODI_previous3_runs gave": [], "club_ODI_lifetime_runs": 0.0, "club_ODI_lifetime_wickets": 0.0, "club_ODI_lifetime_balls played": 0.0, "club_ODI_lifetime_overs": 0.0, "club_ODI_lifetime_runs gave": 0.0, "club_Test_previous3_runs": [], "club_Test_previous3_wickets": [], "club_Test_previous3_balls played": [], "club_Test_previous3_overs": [], "club_Test_previous3_runs gave": [], "club_Test_lifetime_runs": 0.0, "club_Test_lifetime_wickets": 0.0, "club_Test_lifetime_balls played": 0.0, "club_Test_lifetime_overs": 0.0, "club_Test_lifetime_runs gave": 0.0, "club_T20_previous3_runs": [], "club_T20_previous3_wickets": [], "club_T20_previous3_balls played": [], "club_T20_previous3_overs": [], "club_T20_previous3_runs gave": [], "club_T20_lifetime_runs": 0.0, "club_T20_lifetime_wickets": 0.0, "club_T20_lifetime_balls played": 0.0, "club_T20_lifetime_overs": 0.0, "club_T20_lifetime_runs gave": 0.0, "international_ODI_previous3_runs": [13.0, 39.0, 4.0], "international_ODI_previous3_wickets": [0.0, 0.0, 0.0], "international_ODI_previous3_balls played": [39.0, 119.0, 10.0], "international_ODI_previous3_overs": [0.0, 0.0, 0.0], "international_ODI_previous3_runs gave": [0.0, 0.0, 0.0], "international_ODI_lifetime_runs": 84.0, "international_ODI_lifetime_wickets": 0.0, "international_ODI_lifetime_balls played": 244.0, "international_ODI_lifetime_overs": 0.0, "international_ODI_lifetime_runs gave": 0.0, "international_Test_previous3_runs": [], "international_Test_previous3_wickets": [], "international_Test_previous3_balls played": [], "international_Test_previous3_overs": [], "international_Test_previous3_runs gave": [], "international_Test_lifetime_runs": 0.0, "international_Test_lifetime_wickets": 0.0, "international_Test_lifetime_balls played": 0.0, "international_Test_lifetime_overs": 0.0, "international_Test_lifetime_runs gave": 0.0, "international_T20_previous3_runs": [6.0, 7.0, 4.0], "international_T20_previous3_wickets": [0.0, 0.0, 0.0], "international_T20_previous3_balls played": [5.0, 5.0, 1.0], "international_T20_previous3_overs": [0.0, 0.0, 0.0], "international_T20_previous3_runs gave": [0.0, 0.0, 0.0], "international_T20_lifetime_runs": 35.0, "international_T20_lifetime_wickets": 0.0, "international_T20_lifetime_balls played": 68.0, "international_T20_lifetime_overs": 0.0, "international_T20_lifetime_runs gave": 0.0}