{"played_against": {"5db1c288": {"runs": 0, "balls": 5, "wickets": 1}, "cd143bca": {"runs": 22, "balls": 29, "wickets": 0}, "eade4650": {"runs": 4, "balls": 15, "wickets": 0}, "ee0c05c0": {"runs": 6, "balls": 25, "wickets": 0}, "c89474d1": {"runs": 8, "balls": 21, "wickets": 1}, "948beb1f": {"runs": 24, "balls": 37, "wickets": 0}, "39180894": {"runs": 6, "balls": 6, "wickets": 0}, "a9da7784": {"runs": 6, "balls": 20, "wickets": 0}, "94d7f855": {"runs": 5, "balls": 8, "wickets": 0}, "a05d0552": {"runs": 3, "balls": 5, "wickets": 0}, "f0a0204e": {"runs": 8, "balls": 42, "wickets": 0}, "3f61a062": {"runs": 2, "balls": 16, "wickets": 0}, "5899dceb": {"runs": 1, "balls": 1, "wickets": 0}, "6ea2710f": {"runs": 8, "balls": 43, "wickets": 0}, "07c8a2f4": {"runs": 12, "balls": 17, "wickets": 1}, "e871a7a1": {"runs": 12, "balls": 25, "wickets": 0}, "867a45a7": {"runs": 11, "balls": 32, "wickets": 1}, "5a74e559": {"runs": 14, "balls": 30, "wickets": 0}, "b20f423b": {"runs": 4, "balls": 21, "wickets": 1}, "23638956": {"runs": 28, "balls": 34, "wickets": 3}, "679cd31e": {"runs": 1, "balls": 6, "wickets": 0}, "5da34add": {"runs": 12, "balls": 32, "wickets": 0}, "d99cc23a": {"runs": 29, "balls": 44, "wickets": 0}, "1a45b864": {"runs": 17, "balls": 56, "wickets": 0}, "6daf5e8c": {"runs": 16, "balls": 41, "wickets": 1}, "03df7a25": {"runs": 33, "balls": 50, "wickets": 0}, "b5781ac3": {"runs": 5, "balls": 21, "wickets": 0}, "e737a5fe": {"runs": 6, "balls": 13, "wickets": 0}, "4c0f3806": {"runs": 5, "balls": 5, "wickets": 0}, "a77472dc": {"runs": 3, "balls": 5, "wickets": 1}, "e5437608": {"runs": 11, "balls": 22, "wickets": 0}, "8f938a32": {"runs": 7, "balls": 9, "wickets": 0}, "f2ab7a69": {"runs": 13, "balls": 8, "wickets": 0}, "b082d112": {"runs": 5, "balls": 6, "wickets": 0}, "3dcd1e8d": {"runs": 8, "balls": 9, "wickets": 0}, "dadbdb68": {"runs": 0, "balls": 5, "wickets": 2}, "7a8a0237": {"runs": 1, "balls": 7, "wickets": 0}, "65b6943c": {"runs": 0, "balls": 3, "wickets": 1}, "a790df98": {"runs": 0, "balls": 9, "wickets": 0}, "5b6d248a": {"runs": 2, "balls": 7, "wickets": 0}, "4a461c24": {"runs": 0, "balls": 1, "wickets": 0}, "e22d3b5c": {"runs": 22, "balls": 13, "wickets": 1}, "f54dbda7": {"runs": 3, "balls": 7, "wickets": 1}, "5b8c830e": {"runs": 1, "balls": 2, "wickets": 0}, "85ebf2be": {"runs": 7, "balls": 5, "wickets": 0}, "5fed6272": {"runs": 1, "balls": 4, "wickets": 0}, "a5735bd3": {"runs": 1, "balls": 1, "wickets": 0}, "8f9c5014": {"runs": 13, "balls": 13, "wickets": 0}, "0f3ee070": {"runs": 26, "balls": 54, "wickets": 1}, "f1eb3c73": {"runs": 9, "balls": 6, "wickets": 0}, "fbdec8c0": {"runs": 0, "balls": 2, "wickets": 1}, "6c908ffc": {"runs": 16, "balls": 28, "wickets": 0}, "fec369cd": {"runs": 11, "balls": 8, "wickets": 1}, "9f812582": {"runs": 5, "balls": 3, "wickets": 0}, "c96f6ac5": {"runs": 20, "balls": 15, "wickets": 0}, "b56dc5f7": {"runs": 11, "balls": 5, "wickets": 0}, "8ecb0241": {"runs": 12, "balls": 8, "wickets": 0}, "5ccdb14f": {"runs": 15, "balls": 17, "wickets": 0}, "fe2ac1a8": {"runs": 5, "balls": 5, "wickets": 0}, "57a76baa": {"runs": 6, "balls": 4, "wickets": 0}, "8bf61e65": {"runs": 5, "balls": 7, "wickets": 0}, "31b01074": {"runs": 3, "balls": 2, "wickets": 0}, "06c2de82": {"runs": 4, "balls": 8, "wickets": 1}, "d3868bd0": {"runs": 4, "balls": 4, "wickets": 0}, "f3abd0c9": {"runs": 10, "balls": 20, "wickets": 1}, "81049310": {"runs": 1, "balls": 15, "wickets": 0}, "a37b5c0a": {"runs": 4, "balls": 23, "wickets": 0}, "b21ed464": {"runs": 1, "balls": 18, "wickets": 0}, "1d2f290a": {"runs": 16, "balls": 10, "wickets": 0}, "ad46c747": {"runs": 22, "balls": 18, "wickets": 1}, "214f6461": {"runs": 19, "balls": 19, "wickets": 1}, "f1ba9ed7": {"runs": 23, "balls": 50, "wickets": 0}, "43205dad": {"runs": 8, "balls": 19, "wickets": 0}, "9e707e02": {"runs": 47, "balls": 46, "wickets": 0}, "219cc59e": {"runs": 33, "balls": 48, "wickets": 2}, "1f1b4c89": {"runs": 27, "balls": 20, "wickets": 0}, "0126ff20": {"runs": 31, "balls": 28, "wickets": 0}, "9679838c": {"runs": 14, "balls": 11, "wickets": 0}, "a4b810d0": {"runs": 11, "balls": 16, "wickets": 0}, "27fc5808": {"runs": 15, "balls": 40, "wickets": 1}, "9c643d7b": {"runs": 4, "balls": 18, "wickets": 0}, "932d3cc9": {"runs": 36, "balls": 48, "wickets": 1}, "7f7f658b": {"runs": 7, "balls": 8, "wickets": 0}, "2085e1fa": {"runs": 14, "balls": 25, "wickets": 0}, "067bda18": {"runs": 4, "balls": 15, "wickets": 0}, "ad286dcc": {"runs": 8, "balls": 9, "wickets": 1}, "2f28dc94": {"runs": 12, "balls": 15, "wickets": 0}, "ac3c3cab": {"runs": 11, "balls": 32, "wickets": 2}, "aa1210d8": {"runs": 23, "balls": 33, "wickets": 1}, "1cc0a83d": {"runs": 6, "balls": 9, "wickets": 0}, "c042b412": {"runs": 2, "balls": 2, "wickets": 0}, "6f95e5fa": {"runs": 0, "balls": 1, "wickets": 0}, "9de62878": {"runs": 2, "balls": 3, "wickets": 1}, "8f2dfebf": {"runs": 18, "balls": 20, "wickets": 0}, "70b8fd28": {"runs": 9, "balls": 10, "wickets": 0}, "903560ed": {"runs": 6, "balls": 6, "wickets": 0}, "86b4bf88": {"runs": 10, "balls": 9, "wickets": 0}, "52c442e4": {"runs": 40, "balls": 51, "wickets": 0}, "fc63d916": {"runs": 7, "balls": 18, "wickets": 0}, "f3b26fe4": {"runs": 1, "balls": 1, "wickets": 0}, "56ef4f99": {"runs": 1, "balls": 3, "wickets": 0}, "a510bdd3": {"runs": 0, "balls": 2, "wickets": 1}, "1efd12d1": {"runs": 2, "balls": 7, "wickets": 0}, "782fb776": {"runs": 10, "balls": 7, "wickets": 1}, "eafe8a94": {"runs": 15, "balls": 19, "wickets": 0}, "e05b2a5b": {"runs": 9, "balls": 10, "wickets": 0}, "344c6d55": {"runs": 14, "balls": 42, "wickets": 1}, "95a06106": {"runs": 5, "balls": 5, "wickets": 0}, "d48c0f40": {"runs": 1, "balls": 12, "wickets": 0}, "dcf81436": {"runs": 8, "balls": 18, "wickets": 0}, "ec5160d7": {"runs": 4, "balls": 4, "wickets": 0}, "bb351c23": {"runs": 2, "balls": 2, "wickets": 0}, "876dbe2d": {"runs": 5, "balls": 4, "wickets": 0}, "e5218454": {"runs": 11, "balls": 5, "wickets": 0}, "402f8494": {"runs": 1, "balls": 2, "wickets": 0}, "30f92334": {"runs": 0, "balls": 1, "wickets": 1}, "ad212f96": {"runs": 1, "balls": 7, "wickets": 0}, "bdc0670a": {"runs": 13, "balls": 23, "wickets": 0}, "74a274cc": {"runs": 2, "balls": 3, "wickets": 0}, "6c6aca89": {"runs": 9, "balls": 16, "wickets": 1}, "8cbcff3b": {"runs": 17, "balls": 34, "wickets": 0}, "ed8faea2": {"runs": 11, "balls": 15, "wickets": 1}, "1e66c162": {"runs": 5, "balls": 13, "wickets": 0}, "bf659c0f": {"runs": 2, "balls": 7, "wickets": 0}, "7d7233a9": {"runs": 0, "balls": 10, "wickets": 0}, "660538af": {"runs": 8, "balls": 5, "wickets": 0}}, "fifties": 4, "thirties": 13, "centuries": 1, "maidens": 129.0, "hattricks": 11, "runs": 1216.0, "wickets": 79.0, "club_ODI_previous3_runs": [13.0, 0.0, 19.0], "club_ODI_previous3_wickets": [1.0, 1.0, 1.0], "club_ODI_previous3_balls played": [6.0, 0.0, 29.0], "club_ODI_previous3_overs": [6.0, 8.0, 10.0], "club_ODI_previous3_runs gave": [39.0, 46.0, 27.0], "club_ODI_lifetime_runs": 229.0, "club_ODI_lifetime_wickets": 18.0, "club_ODI_lifetime_balls played": 231.0, "club_ODI_lifetime_overs": 117.83333333333333, "club_ODI_lifetime_runs gave": 660.0, "club_Test_previous3_runs": [48.0, 48.0, 10.0], "club_Test_previous3_wickets": [6.0, 0.0, 1.0], "club_Test_previous3_balls played": [93.0, 97.0, 27.0], "club_Test_previous3_overs": [29.333333333333332, 18.0, 8.0], "club_Test_previous3_runs gave": [127.0, 82.0, 34.0], "club_Test_lifetime_runs": 949.0, "club_Test_lifetime_wickets": 59.0, "club_Test_lifetime_balls played": 1768.0, "club_Test_lifetime_overs": 645.6666666666667, "club_Test_lifetime_runs gave": 2331.0, "club_T20_previous3_runs": [19.0, 0.0, 0.0], "club_T20_previous3_wickets": [0.0, 0.0, 1.0], "club_T20_previous3_balls played": [14.0, 0.0, 0.0], "club_T20_previous3_overs": [0.0, 1.0, 4.0], "club_T20_previous3_runs gave": [0.0, 8.0, 22.0], "club_T20_lifetime_runs": 38.0, "club_T20_lifetime_wickets": 2.0, "club_T20_lifetime_balls played": 35.0, "club_T20_lifetime_overs": 16.0, "club_T20_lifetime_runs gave": 153.0, "international_ODI_previous3_runs": [], "international_ODI_previous3_wickets": [], "international_ODI_previous3_balls played": [], "international_ODI_previous3_overs": [], "international_ODI_previous3_runs gave": [], "international_ODI_lifetime_runs": 0.0, "international_ODI_lifetime_wickets": 0.0, "international_ODI_lifetime_balls played": 0.0, "international_ODI_lifetime_overs": 0.0, "international_ODI_lifetime_runs gave": 0.0, "international_Test_previous3_runs": [], "international_Test_previous3_wickets": [], "international_Test_previous3_balls played": [], "international_Test_previous3_overs": [], "international_Test_previous3_runs gave": [], "international_Test_lifetime_runs": 0.0, "international_Test_lifetime_wickets": 0.0, "international_Test_lifetime_balls played": 0.0, "international_Test_lifetime_overs": 0.0, "international_Test_lifetime_runs gave": 0.0, "international_T20_previous3_runs": [], "international_T20_previous3_wickets": [], "international_T20_previous3_balls played": [], "international_T20_previous3_overs": [], "international_T20_previous3_runs gave": [], "international_T20_lifetime_runs": 0.0, "international_T20_lifetime_wickets": 0.0, "international_T20_lifetime_balls played": 0.0, "international_T20_lifetime_overs": 0.0, "international_T20_lifetime_runs gave": 0.0}