{"played_against": {"1eb2b096": {"runs": 7, "balls": 11, "wickets": 0}, "ce7936a5": {"runs": 4, "balls": 3, "wickets": 0}, "a02b9f81": {"runs": 4, "balls": 6, "wickets": 0}, "039cabd9": {"runs": 6, "balls": 7, "wickets": 1}, "af19aa66": {"runs": 0, "balls": 1, "wickets": 0}, "f49c401e": {"runs": 2, "balls": 3, "wickets": 0}, "1021b6e5": {"runs": 11, "balls": 11, "wickets": 1}, "9815de17": {"runs": 2, "balls": 4, "wickets": 1}, "bf19d427": {"runs": 7, "balls": 10, "wickets": 0}, "9585854d": {"runs": 13, "balls": 6, "wickets": 0}, "a843d7a8": {"runs": 6, "balls": 3, "wickets": 0}, "c498c510": {"runs": 1, "balls": 2, "wickets": 1}, "bb4da4d3": {"runs": 14, "balls": 10, "wickets": 0}, "63772ee4": {"runs": 5, "balls": 4, "wickets": 0}, "7bf39e5c": {"runs": 7, "balls": 6, "wickets": 0}, "0095a0e3": {"runs": 1, "balls": 2, "wickets": 0}, "62708dce": {"runs": 1, "balls": 2, "wickets": 0}, "d77ddc9f": {"runs": 5, "balls": 6, "wickets": 2}, "384fa385": {"runs": 2, "balls": 6, "wickets": 0}, "673be48f": {"runs": 6, "balls": 4, "wickets": 0}, "6b25ef46": {"runs": 1, "balls": 1, "wickets": 0}}, "fifties": 0, "thirties": 1, "centuries": 0, "maidens": 0.0, "hattricks": 1, "runs": 105.0, "wickets": 8.0, "club_ODI_previous3_runs": [], "club_ODI_previous3_wickets": [], "club_ODI_previous3_balls played": [], "club_ODI_previous3_overs": [], "club_ODI_previous3_runs gave": [], "club_ODI_lifetime_runs": 0.0, "club_ODI_lifetime_wickets": 0.0, "club_ODI_lifetime_balls played": 0.0, "club_ODI_lifetime_overs": 0.0, "club_ODI_lifetime_runs gave": 0.0, "club_Test_previous3_runs": [], "club_Test_previous3_wickets": [], "club_Test_previous3_balls played": [], "club_Test_previous3_overs": [], "club_Test_previous3_runs gave": [], "club_Test_lifetime_runs": 0.0, "club_Test_lifetime_wickets": 0.0, "club_Test_lifetime_balls played": 0.0, "club_Test_lifetime_overs": 0.0, "club_Test_lifetime_runs gave": 0.0, "club_T20_previous3_runs": [], "club_T20_previous3_wickets": [], "club_T20_previous3_balls played": [], "club_T20_previous3_overs": [], "club_T20_previous3_runs gave": [], "club_T20_lifetime_runs": 0.0, "club_T20_lifetime_wickets": 0.0, "club_T20_lifetime_balls played": 0.0, "club_T20_lifetime_overs": 0.0, "club_T20_lifetime_runs gave": 0.0, "international_ODI_previous3_runs": [], "international_ODI_previous3_wickets": [], "international_ODI_previous3_balls played": [], "international_ODI_previous3_overs": [], "international_ODI_previous3_runs gave": [], "international_ODI_lifetime_runs": 0.0, "international_ODI_lifetime_wickets": 0.0, "international_ODI_lifetime_balls played": 0.0, "international_ODI_lifetime_overs": 0.0, "international_ODI_lifetime_runs gave": 0.0, "international_Test_previous3_runs": [], "international_Test_previous3_wickets": [], "international_Test_previous3_balls played": [], "international_Test_previous3_overs": [], "international_Test_previous3_runs gave": [], "international_Test_lifetime_runs": 0.0, "international_Test_lifetime_wickets": 0.0, "international_Test_lifetime_balls played": 0.0, "international_Test_lifetime_overs": 0.0, "international_Test_lifetime_runs gave": 0.0, "international_T20_previous3_runs": [11.0, 0.0, 4.0], "international_T20_previous3_wickets": [0.0, 0.0, 3.0], "international_T20_previous3_balls played": [13.0, 0.0, 2.0], "international_T20_previous3_overs": [4.0, 4.0, 4.0], "international_T20_previous3_runs gave": [24.0, 24.0, 21.0], "international_T20_lifetime_runs": 105.0, "international_T20_lifetime_wickets": 8.0, "international_T20_lifetime_balls played": 108.0, "international_T20_lifetime_overs": 40.66666666666667, "international_T20_lifetime_runs gave": 293.0}