{"played_against": {"6b19d823": {"runs": 8, "balls": 5, "wickets": 0}, "1501688a": {"runs": 1, "balls": 2, "wickets": 0}, "39a2dfa8": {"runs": 1, "balls": 2, "wickets": 1}, "7549ecb0": {"runs": 8, "balls": 7, "wickets": 0}, "93fefdfa": {"runs": 13, "balls": 5, "wickets": 0}, "c32087fc": {"runs": 0, "balls": 1, "wickets": 0}, "a63563c0": {"runs": 0, "balls": 1, "wickets": 0}, "f62772e5": {"runs": 2, "balls": 1, "wickets": 0}, "fa2f1dde": {"runs": 0, "balls": 2, "wickets": 1}, "258fa633": {"runs": 9, "balls": 4, "wickets": 0}, "4948a916": {"runs": 3, "balls": 2, "wickets": 0}, "c8ded7bc": {"runs": 2, "balls": 3, "wickets": 1}, "f19ccfad": {"runs": 1, "balls": 3, "wickets": 0}, "df064e1a": {"runs": 1, "balls": 2, "wickets": 0}, "2ed569a0": {"runs": 0, "balls": 1, "wickets": 0}, "783e6111": {"runs": 0, "balls": 1, "wickets": 1}, "8f607eea": {"runs": 4, "balls": 4, "wickets": 0}, "0a3d54b9": {"runs": 5, "balls": 2, "wickets": 0}, "d3611425": {"runs": 11, "balls": 6, "wickets": 0}, "c5eff91b": {"runs": 5, "balls": 3, "wickets": 0}, "ba86aae4": {"runs": 0, "balls": 1, "wickets": 1}, "0c0ef3fb": {"runs": 4, "balls": 3, "wickets": 0}, "f29185a1": {"runs": 8, "balls": 6, "wickets": 0}, "c05edf8e": {"runs": 18, "balls": 7, "wickets": 0}, "a9fd84fb": {"runs": 18, "balls": 5, "wickets": 0}, "be24ead0": {"runs": 3, "balls": 3, "wickets": 0}, "b0f2baf4": {"runs": 0, "balls": 1, "wickets": 1}, "7e83cef2": {"runs": 1, "balls": 3, "wickets": 1}, "46a9bea1": {"runs": 7, "balls": 4, "wickets": 0}}, "fifties": 1, "thirties": 0, "centuries": 0, "maidens": 0.0, "hattricks": 0, "runs": 133.0, "wickets": 2.0, "club_ODI_previous3_runs": [], "club_ODI_previous3_wickets": [], "club_ODI_previous3_balls played": [], "club_ODI_previous3_overs": [], "club_ODI_previous3_runs gave": [], "club_ODI_lifetime_runs": 0.0, "club_ODI_lifetime_wickets": 0.0, "club_ODI_lifetime_balls played": 0.0, "club_ODI_lifetime_overs": 0.0, "club_ODI_lifetime_runs gave": 0.0, "club_Test_previous3_runs": [], "club_Test_previous3_wickets": [], "club_Test_previous3_balls played": [], "club_Test_previous3_overs": [], "club_Test_previous3_runs gave": [], "club_Test_lifetime_runs": 0.0, "club_Test_lifetime_wickets": 0.0, "club_Test_lifetime_balls played": 0.0, "club_Test_lifetime_overs": 0.0, "club_Test_lifetime_runs gave": 0.0, "club_T20_previous3_runs": [0.0, 51.0, 8.0], "club_T20_previous3_wickets": [0.0, 0.0, 0.0], "club_T20_previous3_balls played": [0.0, 25.0, 7.0], "club_T20_previous3_overs": [2.0, 0.0, 0.0], "club_T20_previous3_runs gave": [14.0, 0.0, 0.0], "club_T20_lifetime_runs": 133.0, "club_T20_lifetime_wickets": 2.0, "club_T20_lifetime_balls played": 92.0, "club_T20_lifetime_overs": 5.0, "club_T20_lifetime_runs gave": 29.0, "international_ODI_previous3_runs": [], "international_ODI_previous3_wickets": [], "international_ODI_previous3_balls played": [], "international_ODI_previous3_overs": [], "international_ODI_previous3_runs gave": [], "international_ODI_lifetime_runs": 0.0, "international_ODI_lifetime_wickets": 0.0, "international_ODI_lifetime_balls played": 0.0, "international_ODI_lifetime_overs": 0.0, "international_ODI_lifetime_runs gave": 0.0, "international_Test_previous3_runs": [], "international_Test_previous3_wickets": [], "international_Test_previous3_balls played": [], "international_Test_previous3_overs": [], "international_Test_previous3_runs gave": [], "international_Test_lifetime_runs": 0.0, "international_Test_lifetime_wickets": 0.0, "international_Test_lifetime_balls played": 0.0, "international_Test_lifetime_overs": 0.0, "international_Test_lifetime_runs gave": 0.0, "international_T20_previous3_runs": [], "international_T20_previous3_wickets": [], "international_T20_previous3_balls played": [], "international_T20_previous3_overs": [], "international_T20_previous3_runs gave": [], "international_T20_lifetime_runs": 0.0, "international_T20_lifetime_wickets": 0.0, "international_T20_lifetime_balls played": 0.0, "international_T20_lifetime_overs": 0.0, "international_T20_lifetime_runs gave": 0.0}