{"played_against": {"8c8a3f08": {"runs": 1, "balls": 8, "wickets": 1}, "2c535f08": {"runs": 1, "balls": 1, "wickets": 0}, "3b52d247": {"runs": 6, "balls": 7, "wickets": 0}, "16084b50": {"runs": 0, "balls": 3, "wickets": 0}, "a96b36af": {"runs": 1, "balls": 2, "wickets": 1}, "31f01815": {"runs": 3, "balls": 4, "wickets": 0}, "2dde3e62": {"runs": 2, "balls": 4, "wickets": 0}, "d816fc1c": {"runs": 0, "balls": 2, "wickets": 0}, "9238dd92": {"runs": 2, "balls": 8, "wickets": 0}, "0848ac5f": {"runs": 2, "balls": 3, "wickets": 0}, "34e36b65": {"runs": 8, "balls": 6, "wickets": 0}, "29ee9bf9": {"runs": 6, "balls": 7, "wickets": 0}, "91056862": {"runs": 3, "balls": 5, "wickets": 0}, "7213d757": {"runs": 7, "balls": 4, "wickets": 0}, "8f70fff7": {"runs": 2, "balls": 8, "wickets": 0}, "bf896894": {"runs": 3, "balls": 3, "wickets": 0}, "69caf2be": {"runs": 6, "balls": 9, "wickets": 0}, "3239c8a9": {"runs": 2, "balls": 8, "wickets": 0}, "13501ff4": {"runs": 4, "balls": 6, "wickets": 1}, "71fa64d6": {"runs": 7, "balls": 4, "wickets": 0}, "2e392afa": {"runs": 1, "balls": 4, "wickets": 0}, "74a578d0": {"runs": 1, "balls": 1, "wickets": 0}, "1c5c3dce": {"runs": 2, "balls": 2, "wickets": 0}, "333cbc00": {"runs": 1, "balls": 1, "wickets": 0}, "5260d30c": {"runs": 7, "balls": 5, "wickets": 0}, "45be80ed": {"runs": 0, "balls": 3, "wickets": 0}, "60285d55": {"runs": 1, "balls": 2, "wickets": 1}, "30d8136b": {"runs": 2, "balls": 5, "wickets": 0}, "395695ce": {"runs": 0, "balls": 3, "wickets": 0}, "46a7ac78": {"runs": 4, "balls": 6, "wickets": 0}, "414d8a10": {"runs": 5, "balls": 8, "wickets": 0}, "2b7609f1": {"runs": 16, "balls": 10, "wickets": 0}, "a3a275ec": {"runs": 0, "balls": 1, "wickets": 0}, "eb4f9c61": {"runs": 11, "balls": 11, "wickets": 0}, "d7e51f87": {"runs": 2, "balls": 2, "wickets": 0}, "49118dc7": {"runs": 5, "balls": 2, "wickets": 0}, "6cedad99": {"runs": 1, "balls": 2, "wickets": 0}, "b66201dd": {"runs": 0, "balls": 1, "wickets": 1}, "75f3aa00": {"runs": 1, "balls": 1, "wickets": 0}, "01679383": {"runs": 0, "balls": 2, "wickets": 1}, "8b7ce771": {"runs": 3, "balls": 7, "wickets": 0}, "e5117568": {"runs": 4, "balls": 6, "wickets": 1}, "16ddd36b": {"runs": 13, "balls": 12, "wickets": 0}, "06b387f1": {"runs": 6, "balls": 13, "wickets": 0}, "dad64776": {"runs": 5, "balls": 4, "wickets": 0}, "07e5bda2": {"runs": 5, "balls": 5, "wickets": 0}, "88a5adcf": {"runs": 1, "balls": 1, "wickets": 0}, "456884dd": {"runs": 8, "balls": 9, "wickets": 0}, "6bd0d89e": {"runs": 13, "balls": 11, "wickets": 0}, "847b4bdd": {"runs": 2, "balls": 4, "wickets": 0}, "089ebf89": {"runs": 4, "balls": 5, "wickets": 0}, "073126d6": {"runs": 4, "balls": 4, "wickets": 1}, "5b9b8d98": {"runs": 5, "balls": 3, "wickets": 0}, "8a9320a1": {"runs": 4, "balls": 2, "wickets": 0}}, "fifties": 1, "thirties": 0, "centuries": 0, "maidens": 1.0, "hattricks": 3, "runs": 203.0, "wickets": 15.0, "club_ODI_previous3_runs": [], "club_ODI_previous3_wickets": [], "club_ODI_previous3_balls played": [], "club_ODI_previous3_overs": [], "club_ODI_previous3_runs gave": [], "club_ODI_lifetime_runs": 0.0, "club_ODI_lifetime_wickets": 0.0, "club_ODI_lifetime_balls played": 0.0, "club_ODI_lifetime_overs": 0.0, "club_ODI_lifetime_runs gave": 0.0, "club_Test_previous3_runs": [], "club_Test_previous3_wickets": [], "club_Test_previous3_balls played": [], "club_Test_previous3_overs": [], "club_Test_previous3_runs gave": [], "club_Test_lifetime_runs": 0.0, "club_Test_lifetime_wickets": 0.0, "club_Test_lifetime_balls played": 0.0, "club_Test_lifetime_overs": 0.0, "club_Test_lifetime_runs gave": 0.0, "club_T20_previous3_runs": [], "club_T20_previous3_wickets": [], "club_T20_previous3_balls played": [], "club_T20_previous3_overs": [], "club_T20_previous3_runs gave": [], "club_T20_lifetime_runs": 0.0, "club_T20_lifetime_wickets": 0.0, "club_T20_lifetime_balls played": 0.0, "club_T20_lifetime_overs": 0.0, "club_T20_lifetime_runs gave": 0.0, "international_ODI_previous3_runs": [], "international_ODI_previous3_wickets": [], "international_ODI_previous3_balls played": [], "international_ODI_previous3_overs": [], "international_ODI_previous3_runs gave": [], "international_ODI_lifetime_runs": 0.0, "international_ODI_lifetime_wickets": 0.0, "international_ODI_lifetime_balls played": 0.0, "international_ODI_lifetime_overs": 0.0, "international_ODI_lifetime_runs gave": 0.0, "international_Test_previous3_runs": [], "international_Test_previous3_wickets": [], "international_Test_previous3_balls played": [], "international_Test_previous3_overs": [], "international_Test_previous3_runs gave": [], "international_Test_lifetime_runs": 0.0, "international_Test_lifetime_wickets": 0.0, "international_Test_lifetime_balls played": 0.0, "international_Test_lifetime_overs": 0.0, "international_Test_lifetime_runs gave": 0.0, "international_T20_previous3_runs": [51.0, 10.0, 9.0], "international_T20_previous3_wickets": [0.0, 0.0, 0.0], "international_T20_previous3_balls played": [55.0, 14.0, 5.0], "international_T20_previous3_overs": [3.0, 1.6666666666666665, 0.0], "international_T20_previous3_runs gave": [17.0, 11.0, 0.0], "international_T20_lifetime_runs": 203.0, "international_T20_lifetime_wickets": 15.0, "international_T20_lifetime_balls played": 263.0, "international_T20_lifetime_overs": 36.333333333333336, "international_T20_lifetime_runs gave": 263.0}