{"played_against": {"808f425a": {"runs": 25, "balls": 22, "wickets": 1}, "94eac556": {"runs": 10, "balls": 8, "wickets": 1}, "7be8a0ed": {"runs": 3, "balls": 3, "wickets": 0}, "cca50cd6": {"runs": 9, "balls": 9, "wickets": 0}, "fd835ab3": {"runs": 12, "balls": 9, "wickets": 0}, "d29be810": {"runs": 1, "balls": 3, "wickets": 0}, "dfc4d8b5": {"runs": 38, "balls": 36, "wickets": 1}, "7c503806": {"runs": 31, "balls": 31, "wickets": 1}, "0dc00542": {"runs": 5, "balls": 9, "wickets": 1}, "addfb70e": {"runs": 0, "balls": 2, "wickets": 1}, "33f28243": {"runs": 3, "balls": 2, "wickets": 0}, "b2a79f17": {"runs": 29, "balls": 22, "wickets": 1}, "502b2c81": {"runs": 16, "balls": 8, "wickets": 1}, "3fb19989": {"runs": 4, "balls": 7, "wickets": 1}, "956887b2": {"runs": 8, "balls": 5, "wickets": 0}, "2a236847": {"runs": 4, "balls": 12, "wickets": 1}, "2a2e6343": {"runs": 82, "balls": 51, "wickets": 0}, "519c30cb": {"runs": 24, "balls": 20, "wickets": 2}, "2e11c706": {"runs": 82, "balls": 43, "wickets": 2}, "8ea6e670": {"runs": 5, "balls": 4, "wickets": 0}, "d7c6af50": {"runs": 62, "balls": 39, "wickets": 1}, "f752db61": {"runs": 15, "balls": 10, "wickets": 0}, "9ef8ebb9": {"runs": 0, "balls": 1, "wickets": 1}, "56ab442f": {"runs": 26, "balls": 21, "wickets": 1}, "4933f499": {"runs": 25, "balls": 23, "wickets": 2}, "3cf5ae43": {"runs": 7, "balls": 6, "wickets": 0}, "f708a0bc": {"runs": 25, "balls": 17, "wickets": 0}, "3d8feaf8": {"runs": 0, "balls": 4, "wickets": 1}, "79765f6f": {"runs": 60, "balls": 33, "wickets": 1}, "c404f58a": {"runs": 18, "balls": 8, "wickets": 0}, "ea0cdc12": {"runs": 6, "balls": 9, "wickets": 0}, "1558d83b": {"runs": 32, "balls": 23, "wickets": 1}, "7c7d63a2": {"runs": 27, "balls": 15, "wickets": 0}, "dd09ff8e": {"runs": 9, "balls": 11, "wickets": 0}, "3540beff": {"runs": 38, "balls": 26, "wickets": 2}, "03806cf8": {"runs": 4, "balls": 4, "wickets": 0}, "96a6a7ad": {"runs": 6, "balls": 9, "wickets": 1}, "32198ae0": {"runs": 6, "balls": 6, "wickets": 1}, "bc773eeb": {"runs": 13, "balls": 14, "wickets": 0}, "012829ff": {"runs": 20, "balls": 22, "wickets": 1}, "d167edd3": {"runs": 14, "balls": 13, "wickets": 0}, "d9273ee7": {"runs": 7, "balls": 9, "wickets": 1}, "12eddf28": {"runs": 17, "balls": 8, "wickets": 0}, "903560ed": {"runs": 22, "balls": 20, "wickets": 1}, "2498e163": {"runs": 22, "balls": 19, "wickets": 0}, "a12e1d51": {"runs": 11, "balls": 8, "wickets": 0}, "208f22ea": {"runs": 23, "balls": 13, "wickets": 0}, "b552a935": {"runs": 7, "balls": 4, "wickets": 0}, "8fd1a8f5": {"runs": 16, "balls": 8, "wickets": 0}, "2e81a32d": {"runs": 0, "balls": 6, "wickets": 0}, "119678fd": {"runs": 10, "balls": 5, "wickets": 0}, "c03c6200": {"runs": 5, "balls": 3, "wickets": 1}, "ce820073": {"runs": 5, "balls": 4, "wickets": 1}, "66b30f71": {"runs": 11, "balls": 5, "wickets": 0}, "f986ca1a": {"runs": 0, "balls": 1, "wickets": 1}, "531f0278": {"runs": 12, "balls": 10, "wickets": 1}, "9ab63e7b": {"runs": 23, "balls": 15, "wickets": 0}, "684a56df": {"runs": 6, "balls": 2, "wickets": 1}, "4180d897": {"runs": 7, "balls": 13, "wickets": 1}, "dec8e038": {"runs": 9, "balls": 12, "wickets": 0}, "ea3ffd1b": {"runs": 2, "balls": 3, "wickets": 0}, "4d7f517e": {"runs": 4, "balls": 6, "wickets": 0}, "d68e7f48": {"runs": 7, "balls": 4, "wickets": 0}, "0f721006": {"runs": 21, "balls": 20, "wickets": 1}, "4a745f65": {"runs": 14, "balls": 9, "wickets": 0}, "e7de4f6b": {"runs": 3, "balls": 4, "wickets": 0}, "a757b0d8": {"runs": 10, "balls": 8, "wickets": 0}, "76388dc8": {"runs": 38, "balls": 31, "wickets": 1}, "a7c226e1": {"runs": 9, "balls": 4, "wickets": 0}, "364ee2cf": {"runs": 1, "balls": 1, "wickets": 0}, "557153ca": {"runs": 3, "balls": 3, "wickets": 0}, "e0557f7f": {"runs": 5, "balls": 4, "wickets": 0}, "64d43928": {"runs": 20, "balls": 13, "wickets": 1}, "d9609443": {"runs": 6, "balls": 7, "wickets": 1}, "3a60e0b5": {"runs": 20, "balls": 10, "wickets": 1}, "2e8994e7": {"runs": 2, "balls": 6, "wickets": 0}, "acee4cc4": {"runs": 11, "balls": 10, "wickets": 1}, "a9da7784": {"runs": 14, "balls": 14, "wickets": 0}, "e62dd25d": {"runs": 19, "balls": 12, "wickets": 0}, "d4eef961": {"runs": 4, "balls": 3, "wickets": 0}, "26ff4c29": {"runs": 6, "balls": 2, "wickets": 1}, "f60dc2a5": {"runs": 15, "balls": 10, "wickets": 0}, "b681e71e": {"runs": 16, "balls": 10, "wickets": 0}, "1a2676c5": {"runs": 6, "balls": 17, "wickets": 2}, "e1b9f3a9": {"runs": 25, "balls": 24, "wickets": 1}, "7da44536": {"runs": 1, "balls": 3, "wickets": 0}, "ddc0828d": {"runs": 17, "balls": 5, "wickets": 0}, "7dc35884": {"runs": 7, "balls": 3, "wickets": 0}, "6c87f1df": {"runs": 1, "balls": 6, "wickets": 0}, "bd93fea4": {"runs": 15, "balls": 14, "wickets": 2}, "45c2196c": {"runs": 16, "balls": 6, "wickets": 1}, "88209c84": {"runs": 10, "balls": 14, "wickets": 1}, "da13a0fc": {"runs": 6, "balls": 5, "wickets": 0}, "19b9f399": {"runs": 61, "balls": 35, "wickets": 2}, "2318ba22": {"runs": 14, "balls": 15, "wickets": 1}, "96824e68": {"runs": 23, "balls": 28, "wickets": 0}, "6042bf26": {"runs": 10, "balls": 8, "wickets": 0}, "87e562a9": {"runs": 20, "balls": 15, "wickets": 0}, "a2421394": {"runs": 16, "balls": 9, "wickets": 0}, "7f048519": {"runs": 16, "balls": 18, "wickets": 3}, "0164b064": {"runs": 38, "balls": 31, "wickets": 1}, "12b610c2": {"runs": 6, "balls": 4, "wickets": 0}, "9dfd54a5": {"runs": 0, "balls": 1, "wickets": 1}, "f1c61793": {"runs": 25, "balls": 16, "wickets": 1}, "86b4bf88": {"runs": 18, "balls": 14, "wickets": 2}, "74a1c1e3": {"runs": 12, "balls": 8, "wickets": 0}, "eba6a852": {"runs": 19, "balls": 13, "wickets": 0}, "56b93d46": {"runs": 15, "balls": 7, "wickets": 0}, "479f9b04": {"runs": 21, "balls": 7, "wickets": 1}, "c89e4c9f": {"runs": 8, "balls": 7, "wickets": 0}, "51a60c16": {"runs": 40, "balls": 27, "wickets": 1}, "7517d134": {"runs": 25, "balls": 15, "wickets": 0}, "1a156c88": {"runs": 18, "balls": 11, "wickets": 2}, "f3171936": {"runs": 9, "balls": 3, "wickets": 0}, "a5b71472": {"runs": 3, "balls": 3, "wickets": 1}, "9d430b40": {"runs": 3, "balls": 3, "wickets": 0}, "4329fbb5": {"runs": 16, "balls": 10, "wickets": 2}, "4ba2c04d": {"runs": 3, "balls": 3, "wickets": 0}, "22ae3041": {"runs": 68, "balls": 41, "wickets": 2}, "e342e5fb": {"runs": 9, "balls": 13, "wickets": 2}, "530b20e3": {"runs": 24, "balls": 14, "wickets": 0}, "469ea22b": {"runs": 4, "balls": 2, "wickets": 0}, "5a22d91c": {"runs": 22, "balls": 6, "wickets": 0}, "770494eb": {"runs": 3, "balls": 4, "wickets": 1}, "f78e7113": {"runs": 10, "balls": 5, "wickets": 0}, "3ff033bb": {"runs": 6, "balls": 8, "wickets": 1}, "f5180fe6": {"runs": 5, "balls": 7, "wickets": 1}, "f2800ef3": {"runs": 3, "balls": 3, "wickets": 0}, "62af8546": {"runs": 25, "balls": 24, "wickets": 1}, "6834d1f2": {"runs": 17, "balls": 10, "wickets": 0}, "51a3c5ef": {"runs": 9, "balls": 4, "wickets": 0}, "5574750c": {"runs": 18, "balls": 18, "wickets": 2}, "245c97cb": {"runs": 12, "balls": 7, "wickets": 0}, "e7dd5eca": {"runs": 6, "balls": 7, "wickets": 0}, "38c276e1": {"runs": 2, "balls": 4, "wickets": 1}, "f0e722e0": {"runs": 7, "balls": 7, "wickets": 0}, "caf69bf7": {"runs": 6, "balls": 4, "wickets": 3}, "d405c0d5": {"runs": 9, "balls": 4, "wickets": 0}, "33742f04": {"runs": 12, "balls": 15, "wickets": 1}, "5f547c8b": {"runs": 14, "balls": 19, "wickets": 0}, "15de1f5d": {"runs": 7, "balls": 5, "wickets": 0}, "64775749": {"runs": 8, "balls": 6, "wickets": 0}, "a90e53ec": {"runs": 1, "balls": 1, "wickets": 0}, "5456bd0c": {"runs": 11, "balls": 7, "wickets": 0}, "218d4d78": {"runs": 12, "balls": 12, "wickets": 1}, "7d92277a": {"runs": 4, "balls": 7, "wickets": 0}, "898e628d": {"runs": 1, "balls": 4, "wickets": 0}, "7b953689": {"runs": 12, "balls": 6, "wickets": 0}, "5f317fd4": {"runs": 2, "balls": 2, "wickets": 0}, "e412cb64": {"runs": 5, "balls": 6, "wickets": 0}, "2911de16": {"runs": 7, "balls": 12, "wickets": 1}, "f69f1d8a": {"runs": 9, "balls": 13, "wickets": 1}, "b3118300": {"runs": 34, "balls": 36, "wickets": 3}, "9de62878": {"runs": 12, "balls": 13, "wickets": 1}, "18fac429": {"runs": 12, "balls": 9, "wickets": 0}, "bd4ea627": {"runs": 22, "balls": 17, "wickets": 1}, "1c790f4f": {"runs": 20, "balls": 12, "wickets": 0}, "9b8a3c39": {"runs": 7, "balls": 9, "wickets": 1}, "667f678b": {"runs": 5, "balls": 3, "wickets": 0}, "eb2d5fe7": {"runs": 20, "balls": 5, "wickets": 0}, "c6a1b1bb": {"runs": 20, "balls": 9, "wickets": 0}, "8596fe80": {"runs": 12, "balls": 7, "wickets": 0}, "7f8ecc51": {"runs": 16, "balls": 7, "wickets": 0}, "23638956": {"runs": 18, "balls": 13, "wickets": 1}, "a8e56914": {"runs": 13, "balls": 9, "wickets": 0}, "3204c99f": {"runs": 4, "balls": 2, "wickets": 0}, "acdc62f5": {"runs": 17, "balls": 12, "wickets": 0}, "e5437608": {"runs": 14, "balls": 6, "wickets": 1}, "7ca5e05d": {"runs": 6, "balls": 3, "wickets": 0}, "ffd3fc37": {"runs": 1, "balls": 3, "wickets": 0}, "0b60eb09": {"runs": 7, "balls": 6, "wickets": 2}, "a316d663": {"runs": 14, "balls": 13, "wickets": 0}, "ac5ae4af": {"runs": 19, "balls": 15, "wickets": 0}, "f277f531": {"runs": 6, "balls": 8, "wickets": 0}, "a03bba42": {"runs": 14, "balls": 13, "wickets": 1}, "9a2fc964": {"runs": 17, "balls": 10, "wickets": 0}, "81c36ee9": {"runs": 10, "balls": 4, "wickets": 0}, "ab6b1c45": {"runs": 15, "balls": 4, "wickets": 0}, "172dff15": {"runs": 41, "balls": 17, "wickets": 0}, "5bb5a915": {"runs": 19, "balls": 18, "wickets": 0}, "e86754b2": {"runs": 18, "balls": 8, "wickets": 0}, "f834dcfc": {"runs": 12, "balls": 7, "wickets": 0}, "05c2ca46": {"runs": 12, "balls": 6, "wickets": 0}, "3f1066d0": {"runs": 18, "balls": 6, "wickets": 0}, "3086f7a4": {"runs": 43, "balls": 20, "wickets": 1}, "8361e524": {"runs": 8, "balls": 11, "wickets": 1}, "a83c44b8": {"runs": 20, "balls": 7, "wickets": 0}, "cfe70281": {"runs": 9, "balls": 7, "wickets": 0}, "56feceb0": {"runs": 5, "balls": 2, "wickets": 0}, "5ec126fa": {"runs": 12, "balls": 7, "wickets": 0}, "aa8d28ae": {"runs": 15, "balls": 11, "wickets": 0}, "786b7fe8": {"runs": 13, "balls": 12, "wickets": 0}, "8d5d991e": {"runs": 6, "balls": 2, "wickets": 1}, "137e7065": {"runs": 1, "balls": 1, "wickets": 0}, "bc2d4f2e": {"runs": 4, "balls": 3, "wickets": 0}, "402f8494": {"runs": 2, "balls": 5, "wickets": 3}, "f048bb41": {"runs": 3, "balls": 3, "wickets": 0}, "bb351c23": {"runs": 2, "balls": 3, "wickets": 0}, "9c9af282": {"runs": 15, "balls": 6, "wickets": 0}, "99d7d5b7": {"runs": 5, "balls": 4, "wickets": 0}, "9fd3a210": {"runs": 9, "balls": 4, "wickets": 0}, "ba158afd": {"runs": 8, "balls": 8, "wickets": 0}, "db3643f3": {"runs": 27, "balls": 8, "wickets": 0}, "afa78c3a": {"runs": 22, "balls": 11, "wickets": 0}, "ffe699c0": {"runs": 19, "balls": 16, "wickets": 0}, "e174dadd": {"runs": 32, "balls": 20, "wickets": 1}, "9cb8d7a6": {"runs": 29, "balls": 10, "wickets": 0}, "6dd8b88c": {"runs": 5, "balls": 5, "wickets": 0}, "ed031922": {"runs": 12, "balls": 16, "wickets": 1}, "1ac2a995": {"runs": 7, "balls": 4, "wickets": 0}, "d7725664": {"runs": 12, "balls": 5, "wickets": 0}, "e4a0deae": {"runs": 2, "balls": 2, "wickets": 1}, "75224f22": {"runs": 7, "balls": 6, "wickets": 0}, "c5aef772": {"runs": 9, "balls": 5, "wickets": 0}, "c0c411cb": {"runs": 4, "balls": 4, "wickets": 0}, "3feda4fa": {"runs": 15, "balls": 20, "wickets": 1}, "529eb9e0": {"runs": 4, "balls": 5, "wickets": 0}, "73c18486": {"runs": 10, "balls": 5, "wickets": 0}, "9cab5daf": {"runs": 12, "balls": 5, "wickets": 0}, "c4d9634c": {"runs": 6, "balls": 10, "wickets": 1}, "78dfe704": {"runs": 2, "balls": 4, "wickets": 0}, "314642ed": {"runs": 3, "balls": 10, "wickets": 0}, "6aed7e79": {"runs": 1, "balls": 2, "wickets": 0}, "26d041c4": {"runs": 5, "balls": 3, "wickets": 1}, "a63775d6": {"runs": 1, "balls": 1, "wickets": 0}, "65a2fff5": {"runs": 0, "balls": 1, "wickets": 1}, "70b8fd28": {"runs": 2, "balls": 1, "wickets": 0}, "29e253dd": {"runs": 3, "balls": 3, "wickets": 0}, "f59b3bd1": {"runs": 25, "balls": 13, "wickets": 0}, "3b53243a": {"runs": 2, "balls": 3, "wickets": 0}, "3c3adfce": {"runs": 0, "balls": 1, "wickets": 1}, "52c952d9": {"runs": 3, "balls": 4, "wickets": 1}, "45f56920": {"runs": 9, "balls": 4, "wickets": 0}, "b410bd3d": {"runs": 0, "balls": 1, "wickets": 1}, "687e20b3": {"runs": 22, "balls": 14, "wickets": 0}, "9e9af5f2": {"runs": 2, "balls": 4, "wickets": 0}, "a8e3170f": {"runs": 5, "balls": 6, "wickets": 0}, "64c34cd0": {"runs": 2, "balls": 2, "wickets": 0}, "b52ffbbd": {"runs": 19, "balls": 8, "wickets": 1}, "27c5715d": {"runs": 1, "balls": 1, "wickets": 0}, "efc04be7": {"runs": 1, "balls": 3, "wickets": 1}, "2b0f2af3": {"runs": 4, "balls": 4, "wickets": 1}, "f24c6701": {"runs": 2, "balls": 3, "wickets": 0}, "ded9ff1e": {"runs": 1, "balls": 2, "wickets": 0}, "981b9303": {"runs": 3, "balls": 3, "wickets": 0}, "0f12f9df": {"runs": 7, "balls": 4, "wickets": 0}, "a97c8ec2": {"runs": 16, "balls": 11, "wickets": 2}, "7d608e12": {"runs": 8, "balls": 3, "wickets": 0}, "5b16a806": {"runs": 8, "balls": 9, "wickets": 0}, "4b6f6b73": {"runs": 1, "balls": 2, "wickets": 0}, "732c038e": {"runs": 2, "balls": 3, "wickets": 0}, "b215a7be": {"runs": 0, "balls": 2, "wickets": 0}, "101dcc31": {"runs": 4, "balls": 5, "wickets": 0}, "08548b13": {"runs": 1, "balls": 2, "wickets": 1}, "3f5f39cd": {"runs": 7, "balls": 5, "wickets": 0}, "fce581b5": {"runs": 1, "balls": 1, "wickets": 0}, "7ccbb09f": {"runs": 2, "balls": 3, "wickets": 1}, "34b332d3": {"runs": 0, "balls": 4, "wickets": 0}, "4c5d73db": {"runs": 1, "balls": 4, "wickets": 0}, "1252f71a": {"runs": 1, "balls": 3, "wickets": 0}, "45a7e761": {"runs": 10, "balls": 4, "wickets": 0}, "65b6943c": {"runs": 16, "balls": 7, "wickets": 0}, "64839cb3": {"runs": 10, "balls": 6, "wickets": 0}, "d1988788": {"runs": 0, "balls": 2, "wickets": 1}, "9061a703": {"runs": 4, "balls": 5, "wickets": 1}, "59559bc2": {"runs": 1, "balls": 3, "wickets": 0}, "449f4e3c": {"runs": 1, "balls": 1, "wickets": 0}, "95a5e066": {"runs": 6, "balls": 9, "wickets": 0}, "9124aa4c": {"runs": 1, "balls": 1, "wickets": 0}, "e94915e6": {"runs": 1, "balls": 1, "wickets": 0}, "03a83c50": {"runs": 3, "balls": 4, "wickets": 1}, "876dbe2d": {"runs": 1, "balls": 1, "wickets": 0}}, "fifties": 17, "thirties": 24, "centuries": 0, "maidens": 0.0, "hattricks": 0, "runs": 3300.0, "wickets": 2.0, "club_ODI_previous3_runs": [], "club_ODI_previous3_wickets": [], "club_ODI_previous3_balls played": [], "club_ODI_previous3_overs": [], "club_ODI_previous3_runs gave": [], "club_ODI_lifetime_runs": 0.0, "club_ODI_lifetime_wickets": 0.0, "club_ODI_lifetime_balls played": 0.0, "club_ODI_lifetime_overs": 0.0, "club_ODI_lifetime_runs gave": 0.0, "club_Test_previous3_runs": [], "club_Test_previous3_wickets": [], "club_Test_previous3_balls played": [], "club_Test_previous3_overs": [], "club_Test_previous3_runs gave": [], "club_Test_lifetime_runs": 0.0, "club_Test_lifetime_wickets": 0.0, "club_Test_lifetime_balls played": 0.0, "club_Test_lifetime_overs": 0.0, "club_Test_lifetime_runs gave": 0.0, "club_T20_previous3_runs": [13.0, 1.0, 4.0], "club_T20_previous3_wickets": [0.0, 0.0, 0.0], "club_T20_previous3_balls played": [18.0, 3.0, 5.0], "club_T20_previous3_overs": [0.0, 0.0, 0.0], "club_T20_previous3_runs gave": [0.0, 0.0, 0.0], "club_T20_lifetime_runs": 3201.0, "club_T20_lifetime_wickets": 2.0, "club_T20_lifetime_balls played": 2460.0, "club_T20_lifetime_overs": 12.666666666666666, "club_T20_lifetime_runs gave": 118.0, "international_ODI_previous3_runs": [], "international_ODI_previous3_wickets": [], "international_ODI_previous3_balls played": [], "international_ODI_previous3_overs": [], "international_ODI_previous3_runs gave": [], "international_ODI_lifetime_runs": 0.0, "international_ODI_lifetime_wickets": 0.0, "international_ODI_lifetime_balls played": 0.0, "international_ODI_lifetime_overs": 0.0, "international_ODI_lifetime_runs gave": 0.0, "international_Test_previous3_runs": [], "international_Test_previous3_wickets": [], "international_Test_previous3_balls played": [], "international_Test_previous3_overs": [], "international_Test_previous3_runs gave": [], "international_Test_lifetime_runs": 0.0, "international_Test_lifetime_wickets": 0.0, "international_Test_lifetime_balls played": 0.0, "international_Test_lifetime_overs": 0.0, "international_Test_lifetime_runs gave": 0.0, "international_T20_previous3_runs": [14.0, 32.0, 28.0], "international_T20_previous3_wickets": [0.0, 0.0, 0.0], "international_T20_previous3_balls played": [8.0, 14.0, 21.0], "international_T20_previous3_overs": [0.0, 0.0, 0.0], "international_T20_previous3_runs gave": [0.0, 0.0, 0.0], "international_T20_lifetime_runs": 99.0, "international_T20_lifetime_wickets": 0.0, "international_T20_lifetime_balls played": 68.0, "international_T20_lifetime_overs": 0.0, "international_T20_lifetime_runs gave": 0.0}