{"played_against": {"98ae73b1": {"runs": 15, "balls": 7, "wickets": 0}, "db31895a": {"runs": 2, "balls": 2, "wickets": 1}, "9fc68dcb": {"runs": 4, "balls": 7, "wickets": 0}, "549fdc26": {"runs": 4, "balls": 5, "wickets": 0}, "9ad3a550": {"runs": 5, "balls": 3, "wickets": 1}, "47f75983": {"runs": 0, "balls": 2, "wickets": 0}, "bca46fdb": {"runs": 14, "balls": 6, "wickets": 0}, "4432aa36": {"runs": 10, "balls": 8, "wickets": 0}, "145c2a1f": {"runs": 2, "balls": 3, "wickets": 0}, "53f27a35": {"runs": 10, "balls": 7, "wickets": 0}, "ccc4756d": {"runs": 3, "balls": 3, "wickets": 0}, "09cb47d4": {"runs": 5, "balls": 2, "wickets": 0}, "41eb4a4f": {"runs": 5, "balls": 2, "wickets": 0}, "66cf56a5": {"runs": 8, "balls": 8, "wickets": 0}, "957532de": {"runs": 2, "balls": 3, "wickets": 0}, "4125d931": {"runs": 15, "balls": 12, "wickets": 1}, "bd17b45f": {"runs": 6, "balls": 3, "wickets": 0}, "7a8bd078": {"runs": 3, "balls": 3, "wickets": 0}, "a45a5e8d": {"runs": 10, "balls": 7, "wickets": 0}, "9601c534": {"runs": 10, "balls": 4, "wickets": 0}, "1abb78f8": {"runs": 8, "balls": 5, "wickets": 0}, "6aed7e79": {"runs": 1, "balls": 1, "wickets": 0}, "8da6dbf1": {"runs": 5, "balls": 5, "wickets": 0}, "d2a989fc": {"runs": 2, "balls": 4, "wickets": 1}, "2e171977": {"runs": 3, "balls": 4, "wickets": 0}, "fc8c6088": {"runs": 6, "balls": 3, "wickets": 0}, "e57ded95": {"runs": 3, "balls": 6, "wickets": 1}, "7cf7139e": {"runs": 4, "balls": 3, "wickets": 0}, "1e66c162": {"runs": 1, "balls": 1, "wickets": 0}, "4c7543cf": {"runs": 1, "balls": 2, "wickets": 0}}, "fifties": 0, "thirties": 3, "centuries": 0, "maidens": 0.0, "hattricks": 0, "runs": 167.0, "wickets": 0.0, "club_ODI_previous3_runs": [], "club_ODI_previous3_wickets": [], "club_ODI_previous3_balls played": [], "club_ODI_previous3_overs": [], "club_ODI_previous3_runs gave": [], "club_ODI_lifetime_runs": 0.0, "club_ODI_lifetime_wickets": 0.0, "club_ODI_lifetime_balls played": 0.0, "club_ODI_lifetime_overs": 0.0, "club_ODI_lifetime_runs gave": 0.0, "club_Test_previous3_runs": [], "club_Test_previous3_wickets": [], "club_Test_previous3_balls played": [], "club_Test_previous3_overs": [], "club_Test_previous3_runs gave": [], "club_Test_lifetime_runs": 0.0, "club_Test_lifetime_wickets": 0.0, "club_Test_lifetime_balls played": 0.0, "club_Test_lifetime_overs": 0.0, "club_Test_lifetime_runs gave": 0.0, "club_T20_previous3_runs": [36.0, 23.0, 2.0], "club_T20_previous3_wickets": [0.0, 0.0, 0.0], "club_T20_previous3_balls played": [26.0, 20.0, 3.0], "club_T20_previous3_overs": [0.0, 0.0, 0.0], "club_T20_previous3_runs gave": [0.0, 0.0, 0.0], "club_T20_lifetime_runs": 167.0, "club_T20_lifetime_wickets": 0.0, "club_T20_lifetime_balls played": 133.0, "club_T20_lifetime_overs": 0.0, "club_T20_lifetime_runs gave": 0.0, "international_ODI_previous3_runs": [], "international_ODI_previous3_wickets": [], "international_ODI_previous3_balls played": [], "international_ODI_previous3_overs": [], "international_ODI_previous3_runs gave": [], "international_ODI_lifetime_runs": 0.0, "international_ODI_lifetime_wickets": 0.0, "international_ODI_lifetime_balls played": 0.0, "international_ODI_lifetime_overs": 0.0, "international_ODI_lifetime_runs gave": 0.0, "international_Test_previous3_runs": [], "international_Test_previous3_wickets": [], "international_Test_previous3_balls played": [], "international_Test_previous3_overs": [], "international_Test_previous3_runs gave": [], "international_Test_lifetime_runs": 0.0, "international_Test_lifetime_wickets": 0.0, "international_Test_lifetime_balls played": 0.0, "international_Test_lifetime_overs": 0.0, "international_Test_lifetime_runs gave": 0.0, "international_T20_previous3_runs": [], "international_T20_previous3_wickets": [], "international_T20_previous3_balls played": [], "international_T20_previous3_overs": [], "international_T20_previous3_runs gave": [], "international_T20_lifetime_runs": 0.0, "international_T20_lifetime_wickets": 0.0, "international_T20_lifetime_balls played": 0.0, "international_T20_lifetime_overs": 0.0, "international_T20_lifetime_runs gave": 0.0}