{"played_against": {"79b4839e": {"runs": 7, "balls": 11, "wickets": 0}, "d1988788": {"runs": 16, "balls": 34, "wickets": 0}, "9ac1dc9f": {"runs": 11, "balls": 11, "wickets": 0}, "4861d29b": {"runs": 3, "balls": 5, "wickets": 0}, "0226b73a": {"runs": 0, "balls": 1, "wickets": 1}, "053f3ce3": {"runs": 2, "balls": 7, "wickets": 0}, "4d84ad05": {"runs": 10, "balls": 12, "wickets": 0}, "a36915ce": {"runs": 2, "balls": 12, "wickets": 0}, "9920dd86": {"runs": 1, "balls": 1, "wickets": 0}, "72e60730": {"runs": 2, "balls": 7, "wickets": 0}, "b0eaaac6": {"runs": 3, "balls": 2, "wickets": 0}, "c8a3f688": {"runs": 6, "balls": 9, "wickets": 0}, "72253b87": {"runs": 19, "balls": 25, "wickets": 0}, "dcdb87f2": {"runs": 13, "balls": 22, "wickets": 1}, "bd9fbd51": {"runs": 0, "balls": 11, "wickets": 0}, "34464143": {"runs": 14, "balls": 23, "wickets": 2}, "b3b39bed": {"runs": 15, "balls": 27, "wickets": 0}, "934b36a6": {"runs": 17, "balls": 21, "wickets": 0}, "46a7ac78": {"runs": 23, "balls": 28, "wickets": 1}, "87e33d07": {"runs": 13, "balls": 5, "wickets": 0}, "7636b587": {"runs": 8, "balls": 4, "wickets": 0}, "2b7609f1": {"runs": 17, "balls": 26, "wickets": 0}, "ab591e7d": {"runs": 1, "balls": 2, "wickets": 0}, "269cc4ff": {"runs": 16, "balls": 20, "wickets": 1}, "18db3f22": {"runs": 15, "balls": 4, "wickets": 0}, "3676b91f": {"runs": 1, "balls": 1, "wickets": 0}, "a96b36af": {"runs": 4, "balls": 4, "wickets": 1}, "5ec41cd7": {"runs": 1, "balls": 11, "wickets": 0}, "e6ddab51": {"runs": 9, "balls": 18, "wickets": 0}, "a9231c3f": {"runs": 6, "balls": 6, "wickets": 0}, "95fcbfb7": {"runs": 11, "balls": 10, "wickets": 0}, "a6bab2a9": {"runs": 0, "balls": 2, "wickets": 0}, "87a92b6b": {"runs": 7, "balls": 13, "wickets": 1}, "9dc3ea7e": {"runs": 0, "balls": 1, "wickets": 1}, "b91f2a31": {"runs": 6, "balls": 8, "wickets": 0}, "84dc72db": {"runs": 22, "balls": 30, "wickets": 1}, "c5d7b244": {"runs": 12, "balls": 7, "wickets": 0}, "07b6f54c": {"runs": 2, "balls": 14, "wickets": 0}, "395695ce": {"runs": 9, "balls": 5, "wickets": 0}, "a3a275ec": {"runs": 9, "balls": 8, "wickets": 1}, "ae5a7eb5": {"runs": 3, "balls": 4, "wickets": 0}, "f0e293b0": {"runs": 11, "balls": 12, "wickets": 1}, "24fcd95d": {"runs": 1, "balls": 6, "wickets": 0}, "1adb8ee8": {"runs": 3, "balls": 25, "wickets": 0}, "f53b3e1d": {"runs": 5, "balls": 7, "wickets": 0}, "1747ea18": {"runs": 8, "balls": 7, "wickets": 0}, "b410bd3d": {"runs": 8, "balls": 12, "wickets": 2}, "436c763a": {"runs": 6, "balls": 21, "wickets": 0}, "1252f71a": {"runs": 0, "balls": 7, "wickets": 1}, "9811e35e": {"runs": 4, "balls": 5, "wickets": 0}, "7e9f1cde": {"runs": 5, "balls": 10, "wickets": 0}, "28131839": {"runs": 4, "balls": 6, "wickets": 0}, "f43dd8c2": {"runs": 1, "balls": 1, "wickets": 0}, "bfaf461d": {"runs": 0, "balls": 7, "wickets": 1}, "d2d15439": {"runs": 2, "balls": 4, "wickets": 0}}, "fifties": 2, "thirties": 3, "centuries": 0, "maidens": 0.0, "hattricks": 0, "runs": 394.0, "wickets": 4.0, "club_ODI_previous3_runs": [], "club_ODI_previous3_wickets": [], "club_ODI_previous3_balls played": [], "club_ODI_previous3_overs": [], "club_ODI_previous3_runs gave": [], "club_ODI_lifetime_runs": 0.0, "club_ODI_lifetime_wickets": 0.0, "club_ODI_lifetime_balls played": 0.0, "club_ODI_lifetime_overs": 0.0, "club_ODI_lifetime_runs gave": 0.0, "club_Test_previous3_runs": [], "club_Test_previous3_wickets": [], "club_Test_previous3_balls played": [], "club_Test_previous3_overs": [], "club_Test_previous3_runs gave": [], "club_Test_lifetime_runs": 0.0, "club_Test_lifetime_wickets": 0.0, "club_Test_lifetime_balls played": 0.0, "club_Test_lifetime_overs": 0.0, "club_Test_lifetime_runs gave": 0.0, "club_T20_previous3_runs": [], "club_T20_previous3_wickets": [], "club_T20_previous3_balls played": [], "club_T20_previous3_overs": [], "club_T20_previous3_runs gave": [], "club_T20_lifetime_runs": 0.0, "club_T20_lifetime_wickets": 0.0, "club_T20_lifetime_balls played": 0.0, "club_T20_lifetime_overs": 0.0, "club_T20_lifetime_runs gave": 0.0, "international_ODI_previous3_runs": [0.0, 0.0, 31.0], "international_ODI_previous3_wickets": [0.0, 1.0, 0.0], "international_ODI_previous3_balls played": [7.0, 0.0, 39.0], "international_ODI_previous3_overs": [0.0, 6.833333333333334, 10.0], "international_ODI_previous3_runs gave": [0.0, 34.0, 68.0], "international_ODI_lifetime_runs": 290.0, "international_ODI_lifetime_wickets": 4.0, "international_ODI_lifetime_balls played": 522.0, "international_ODI_lifetime_overs": 46.833333333333336, "international_ODI_lifetime_runs gave": 272.0, "international_Test_previous3_runs": [24.0], "international_Test_previous3_wickets": [0.0], "international_Test_previous3_balls played": [42.0], "international_Test_previous3_overs": [0.0], "international_Test_previous3_runs gave": [0.0], "international_Test_lifetime_runs": 24.0, "international_Test_lifetime_wickets": 0.0, "international_Test_lifetime_balls played": 42.0, "international_Test_lifetime_overs": 0.0, "international_Test_lifetime_runs gave": 0.0, "international_T20_previous3_runs": [16.0, 0.0, 0.0], "international_T20_previous3_wickets": [0.0, 0.0, 0.0], "international_T20_previous3_balls played": [11.0, 0.0, 0.0], "international_T20_previous3_overs": [1.0, 1.0, 2.0], "international_T20_previous3_runs gave": [9.0, 15.0, 9.0], "international_T20_lifetime_runs": 80.0, "international_T20_lifetime_wickets": 0.0, "international_T20_lifetime_balls played": 44.0, "international_T20_lifetime_overs": 4.0, "international_T20_lifetime_runs gave": 33.0}