{"played_against": {"2af0e3b1": {"runs": 13, "balls": 7, "wickets": 2}, "e969e580": {"runs": 2, "balls": 2, "wickets": 0}, "2472ad2c": {"runs": 8, "balls": 3, "wickets": 0}, "63f306ac": {"runs": 1, "balls": 3, "wickets": 0}, "bc02b37a": {"runs": 9, "balls": 7, "wickets": 0}, "90830f8d": {"runs": 3, "balls": 4, "wickets": 0}, "4a51c045": {"runs": 0, "balls": 1, "wickets": 1}, "f0a45427": {"runs": 1, "balls": 1, "wickets": 0}, "06bcade5": {"runs": 0, "balls": 2, "wickets": 1}, "1021b6e5": {"runs": 1, "balls": 2, "wickets": 0}, "af19aa66": {"runs": 2, "balls": 3, "wickets": 0}, "9a95bebb": {"runs": 0, "balls": 4, "wickets": 0}, "270bf7e2": {"runs": 0, "balls": 2, "wickets": 1}}, "fifties": 0, "thirties": 0, "centuries": 0, "maidens": 0.0, "hattricks": 0, "runs": 40.0, "wickets": 0.0, "club_ODI_previous3_runs": [], "club_ODI_previous3_wickets": [], "club_ODI_previous3_balls played": [], "club_ODI_previous3_overs": [], "club_ODI_previous3_runs gave": [], "club_ODI_lifetime_runs": 0.0, "club_ODI_lifetime_wickets": 0.0, "club_ODI_lifetime_balls played": 0.0, "club_ODI_lifetime_overs": 0.0, "club_ODI_lifetime_runs gave": 0.0, "club_Test_previous3_runs": [], "club_Test_previous3_wickets": [], "club_Test_previous3_balls played": [], "club_Test_previous3_overs": [], "club_Test_previous3_runs gave": [], "club_Test_lifetime_runs": 0.0, "club_Test_lifetime_wickets": 0.0, "club_Test_lifetime_balls played": 0.0, "club_Test_lifetime_overs": 0.0, "club_Test_lifetime_runs gave": 0.0, "club_T20_previous3_runs": [], "club_T20_previous3_wickets": [], "club_T20_previous3_balls played": [], "club_T20_previous3_overs": [], "club_T20_previous3_runs gave": [], "club_T20_lifetime_runs": 0.0, "club_T20_lifetime_wickets": 0.0, "club_T20_lifetime_balls played": 0.0, "club_T20_lifetime_overs": 0.0, "club_T20_lifetime_runs gave": 0.0, "international_ODI_previous3_runs": [], "international_ODI_previous3_wickets": [], "international_ODI_previous3_balls played": [], "international_ODI_previous3_overs": [], "international_ODI_previous3_runs gave": [], "international_ODI_lifetime_runs": 0.0, "international_ODI_lifetime_wickets": 0.0, "international_ODI_lifetime_balls played": 0.0, "international_ODI_lifetime_overs": 0.0, "international_ODI_lifetime_runs gave": 0.0, "international_Test_previous3_runs": [], "international_Test_previous3_wickets": [], "international_Test_previous3_balls played": [], "international_Test_previous3_overs": [], "international_Test_previous3_runs gave": [], "international_Test_lifetime_runs": 0.0, "international_Test_lifetime_wickets": 0.0, "international_Test_lifetime_balls played": 0.0, "international_Test_lifetime_overs": 0.0, "international_Test_lifetime_runs gave": 0.0, "international_T20_previous3_runs": [0.0, 3.0, 0.0], "international_T20_previous3_wickets": [0.0, 0.0, 0.0], "international_T20_previous3_balls played": [2.0, 6.0, 6.0], "international_T20_previous3_overs": [0.0, 0.0, 0.0], "international_T20_previous3_runs gave": [0.0, 0.0, 0.0], "international_T20_lifetime_runs": 40.0, "international_T20_lifetime_wickets": 0.0, "international_T20_lifetime_balls played": 43.0, "international_T20_lifetime_overs": 0.0, "international_T20_lifetime_runs gave": 0.0}