{"played_against": {"141a340d": {"runs": 5, "balls": 29, "wickets": 0}, "02b93a83": {"runs": 0, "balls": 1, "wickets": 1}, "51e1ed69": {"runs": 15, "balls": 19, "wickets": 0}, "c1f6c27e": {"runs": 5, "balls": 5, "wickets": 0}, "9dca07d7": {"runs": 0, "balls": 1, "wickets": 1}, "b21ed464": {"runs": 10, "balls": 12, "wickets": 0}, "9a963804": {"runs": 3, "balls": 7, "wickets": 0}, "249d60c9": {"runs": 14, "balls": 24, "wickets": 1}, "8bf61e65": {"runs": 1, "balls": 2, "wickets": 0}, "d027ba9f": {"runs": 0, "balls": 2, "wickets": 0}, "c163432a": {"runs": 3, "balls": 9, "wickets": 0}, "d12143bf": {"runs": 2, "balls": 14, "wickets": 0}, "60dd8960": {"runs": 2, "balls": 6, "wickets": 1}, "6fe2c1c0": {"runs": 1, "balls": 6, "wickets": 1}, "525c3f54": {"runs": 0, "balls": 4, "wickets": 0}, "18fac429": {"runs": 5, "balls": 10, "wickets": 1}, "a73321d3": {"runs": 0, "balls": 2, "wickets": 0}, "6c6aca89": {"runs": 0, "balls": 5, "wickets": 1}, "c89474d1": {"runs": 0, "balls": 1, "wickets": 0}, "58043739": {"runs": 8, "balls": 6, "wickets": 0}, "086f5984": {"runs": 1, "balls": 1, "wickets": 0}, "6355d428": {"runs": 22, "balls": 19, "wickets": 2}, "85afed77": {"runs": 4, "balls": 7, "wickets": 1}, "b20f423b": {"runs": 30, "balls": 31, "wickets": 1}, "025a092b": {"runs": 0, "balls": 5, "wickets": 0}, "ccdd8308": {"runs": 4, "balls": 5, "wickets": 0}, "4c0f3806": {"runs": 2, "balls": 7, "wickets": 0}, "57efa3be": {"runs": 1, "balls": 5, "wickets": 0}, "06c2de82": {"runs": 0, "balls": 13, "wickets": 0}, "e9987a94": {"runs": 0, "balls": 1, "wickets": 0}, "b552a935": {"runs": 1, "balls": 6, "wickets": 0}, "8108e2d2": {"runs": 4, "balls": 1, "wickets": 0}, "cd143bca": {"runs": 16, "balls": 29, "wickets": 1}, "e412cb64": {"runs": 2, "balls": 13, "wickets": 0}, "25a42048": {"runs": 0, "balls": 1, "wickets": 0}, "2223b920": {"runs": 5, "balls": 5, "wickets": 0}, "4c5d73db": {"runs": 6, "balls": 6, "wickets": 0}, "e087956b": {"runs": 0, "balls": 1, "wickets": 0}, "e737a5fe": {"runs": 3, "balls": 6, "wickets": 1}, "fea7a34c": {"runs": 4, "balls": 16, "wickets": 0}, "dd17e4bc": {"runs": 0, "balls": 5, "wickets": 0}, "9bab2b81": {"runs": 0, "balls": 4, "wickets": 0}, "5fed6272": {"runs": 13, "balls": 20, "wickets": 3}, "1ad0b441": {"runs": 1, "balls": 8, "wickets": 0}, "eb1a5b03": {"runs": 0, "balls": 6, "wickets": 0}, "f7177fd6": {"runs": 8, "balls": 21, "wickets": 0}, "4900d2bf": {"runs": 0, "balls": 11, "wickets": 0}, "8e510697": {"runs": 4, "balls": 1, "wickets": 0}, "59792462": {"runs": 19, "balls": 16, "wickets": 0}, "b9877635": {"runs": 3, "balls": 11, "wickets": 0}, "c672e80e": {"runs": 0, "balls": 1, "wickets": 0}, "1427277f": {"runs": 10, "balls": 18, "wickets": 1}, "867a45a7": {"runs": 5, "balls": 6, "wickets": 1}, "f64eed39": {"runs": 4, "balls": 6, "wickets": 0}, "5ac8f17b": {"runs": 1, "balls": 7, "wickets": 0}, "5da34add": {"runs": 8, "balls": 18, "wickets": 0}, "450f6fa6": {"runs": 20, "balls": 22, "wickets": 1}, "eddf25bd": {"runs": 7, "balls": 28, "wickets": 1}, "6daf5e8c": {"runs": 5, "balls": 9, "wickets": 0}, "1a45b864": {"runs": 14, "balls": 38, "wickets": 0}, "c995d726": {"runs": 1, "balls": 5, "wickets": 0}, "8db7f47f": {"runs": 2, "balls": 5, "wickets": 0}, "611926bc": {"runs": 11, "balls": 32, "wickets": 0}, "7ca5e05d": {"runs": 0, "balls": 6, "wickets": 0}, "bca21d18": {"runs": 12, "balls": 23, "wickets": 1}, "e9d5218e": {"runs": 19, "balls": 33, "wickets": 0}, "808f425a": {"runs": 0, "balls": 2, "wickets": 0}, "012829ff": {"runs": 4, "balls": 19, "wickets": 1}, "7b1e20ea": {"runs": 1, "balls": 3, "wickets": 0}, "e94915e6": {"runs": 0, "balls": 1, "wickets": 0}, "a7e8ff19": {"runs": 0, "balls": 1, "wickets": 1}, "05d74535": {"runs": 3, "balls": 11, "wickets": 1}, "70fdd428": {"runs": 0, "balls": 0, "wickets": 0}, "069c55b1": {"runs": 15, "balls": 17, "wickets": 0}, "9395f98e": {"runs": 14, "balls": 16, "wickets": 0}, "49b6c09f": {"runs": 6, "balls": 12, "wickets": 0}, "94eac556": {"runs": 4, "balls": 21, "wickets": 1}, "be768595": {"runs": 1, "balls": 11, "wickets": 0}, "91ffa6c6": {"runs": 6, "balls": 13, "wickets": 0}, "e86754b2": {"runs": 1, "balls": 7, "wickets": 1}, "57a76baa": {"runs": 0, "balls": 6, "wickets": 1}, "5b6d248a": {"runs": 0, "balls": 26, "wickets": 1}, "4ec07775": {"runs": 0, "balls": 17, "wickets": 0}, "61a9ce31": {"runs": 1, "balls": 10, "wickets": 0}, "b16cf2ec": {"runs": 6, "balls": 9, "wickets": 0}, "dc670143": {"runs": 0, "balls": 16, "wickets": 0}, "e5652e3d": {"runs": 0, "balls": 3, "wickets": 1}, "b82e3032": {"runs": 3, "balls": 10, "wickets": 0}, "ba377b40": {"runs": 4, "balls": 10, "wickets": 0}, "acee4cc4": {"runs": 1, "balls": 1, "wickets": 0}, "0e0d43b4": {"runs": 5, "balls": 4, "wickets": 0}, "e84ac20c": {"runs": 6, "balls": 20, "wickets": 0}, "a510bdd3": {"runs": 5, "balls": 7, "wickets": 0}, "9679838c": {"runs": 6, "balls": 10, "wickets": 0}, "fd8a9b23": {"runs": 3, "balls": 5, "wickets": 0}, "8728a058": {"runs": 1, "balls": 1, "wickets": 0}, "e0ac7144": {"runs": 6, "balls": 11, "wickets": 1}, "151d88b3": {"runs": 1, "balls": 4, "wickets": 0}, "14373322": {"runs": 4, "balls": 5, "wickets": 1}, "eb9cb105": {"runs": 0, "balls": 4, "wickets": 0}, "7be8a0ed": {"runs": 0, "balls": 3, "wickets": 1}, "a316d663": {"runs": 0, "balls": 0, "wickets": 0}, "6c79c098": {"runs": 3, "balls": 8, "wickets": 1}, "1f1b4c89": {"runs": 7, "balls": 11, "wickets": 0}, "6c908ffc": {"runs": 2, "balls": 3, "wickets": 0}, "9868bc75": {"runs": 4, "balls": 2, "wickets": 0}, "6a2fadd0": {"runs": 2, "balls": 2, "wickets": 0}, "aeab0d4f": {"runs": 8, "balls": 13, "wickets": 1}, "b3544c5d": {"runs": 12, "balls": 15, "wickets": 0}, "65b6943c": {"runs": 0, "balls": 3, "wickets": 1}, "3d0ed2f9": {"runs": 11, "balls": 8, "wickets": 0}, "aa8d28ae": {"runs": 0, "balls": 1, "wickets": 1}, "d4eef961": {"runs": 4, "balls": 5, "wickets": 0}}, "fifties": 2, "thirties": 0, "centuries": 0, "maidens": 223.0, "hattricks": 29, "runs": 506.0, "wickets": 175.0, "club_ODI_previous3_runs": [0.0, 0.0, 0.0], "club_ODI_previous3_wickets": [0.0, 0.0, 0.0], "club_ODI_previous3_balls played": [2.0, 0.0, 0.0], "club_ODI_previous3_overs": [10.0, 0.0, 0.0], "club_ODI_previous3_runs gave": [59.0, 0.0, 0.0], "club_ODI_lifetime_runs": 29.0, "club_ODI_lifetime_wickets": 30.0, "club_ODI_lifetime_balls played": 77.0, "club_ODI_lifetime_overs": 216.3333333333333, "club_ODI_lifetime_runs gave": 1348.0, "club_Test_previous3_runs": [23.0, 0.0, 10.0], "club_Test_previous3_wickets": [7.0, 4.0, 3.0], "club_Test_previous3_balls played": [28.0, 1.0, 13.0], "club_Test_previous3_overs": [31.833333333333332, 27.500000000000004, 28.833333333333332], "club_Test_previous3_runs gave": [154.0, 86.0, 100.0], "club_Test_lifetime_runs": 460.0, "club_Test_lifetime_wickets": 107.0, "club_Test_lifetime_balls played": 1011.0, "club_Test_lifetime_overs": 1285.9999999999998, "club_Test_lifetime_runs gave": 4646.0, "club_T20_previous3_runs": [0.0, 2.0, 0.0], "club_T20_previous3_wickets": [1.0, 1.0, 0.0], "club_T20_previous3_balls played": [0.0, 3.0, 0.0], "club_T20_previous3_overs": [4.0, 4.0, 4.0], "club_T20_previous3_runs gave": [38.0, 41.0, 39.0], "club_T20_lifetime_runs": 17.0, "club_T20_lifetime_wickets": 38.0, "club_T20_lifetime_balls played": 24.0, "club_T20_lifetime_overs": 137.33333333333334, "club_T20_lifetime_runs gave": 1259.0, "international_ODI_previous3_runs": [], "international_ODI_previous3_wickets": [], "international_ODI_previous3_balls played": [], "international_ODI_previous3_overs": [], "international_ODI_previous3_runs gave": [], "international_ODI_lifetime_runs": 0.0, "international_ODI_lifetime_wickets": 0.0, "international_ODI_lifetime_balls played": 0.0, "international_ODI_lifetime_overs": 0.0, "international_ODI_lifetime_runs gave": 0.0, "international_Test_previous3_runs": [], "international_Test_previous3_wickets": [], "international_Test_previous3_balls played": [], "international_Test_previous3_overs": [], "international_Test_previous3_runs gave": [], "international_Test_lifetime_runs": 0.0, "international_Test_lifetime_wickets": 0.0, "international_Test_lifetime_balls played": 0.0, "international_Test_lifetime_overs": 0.0, "international_Test_lifetime_runs gave": 0.0, "international_T20_previous3_runs": [], "international_T20_previous3_wickets": [], "international_T20_previous3_balls played": [], "international_T20_previous3_overs": [], "international_T20_previous3_runs gave": [], "international_T20_lifetime_runs": 0.0, "international_T20_lifetime_wickets": 0.0, "international_T20_lifetime_balls played": 0.0, "international_T20_lifetime_overs": 0.0, "international_T20_lifetime_runs gave": 0.0}