{"played_against": {"ea3ffd1b": {"runs": 4, "balls": 2, "wickets": 0}, "bb18be76": {"runs": 10, "balls": 9, "wickets": 0}, "7c503806": {"runs": 22, "balls": 16, "wickets": 0}, "3d7e087f": {"runs": 3, "balls": 6, "wickets": 1}, "8291f939": {"runs": 2, "balls": 2, "wickets": 0}, "5b040b81": {"runs": 12, "balls": 6, "wickets": 0}, "85aae393": {"runs": 11, "balls": 5, "wickets": 1}, "33a364a6": {"runs": 3, "balls": 6, "wickets": 0}, "b2b50355": {"runs": 8, "balls": 3, "wickets": 0}, "1e66c162": {"runs": 4, "balls": 2, "wickets": 0}, "91a4a398": {"runs": 13, "balls": 16, "wickets": 0}, "12eddf28": {"runs": 4, "balls": 4, "wickets": 0}, "25eeb281": {"runs": 15, "balls": 8, "wickets": 1}, "c654af19": {"runs": 20, "balls": 46, "wickets": 0}, "5fa06777": {"runs": 18, "balls": 18, "wickets": 0}, "2498e163": {"runs": 5, "balls": 6, "wickets": 1}, "5bb5a915": {"runs": 12, "balls": 10, "wickets": 1}, "a757b0d8": {"runs": 28, "balls": 22, "wickets": 0}, "626c5379": {"runs": 2, "balls": 3, "wickets": 0}, "8b5b6769": {"runs": 15, "balls": 20, "wickets": 1}, "2af1b6d2": {"runs": 9, "balls": 5, "wickets": 0}, "a12e1d51": {"runs": 37, "balls": 51, "wickets": 0}, "f0f628c7": {"runs": 10, "balls": 12, "wickets": 1}, "fe93fd9d": {"runs": 14, "balls": 23, "wickets": 0}, "c3d1402f": {"runs": 4, "balls": 4, "wickets": 0}, "0f12f9df": {"runs": 6, "balls": 7, "wickets": 1}, "c3d35165": {"runs": 2, "balls": 4, "wickets": 0}, "260fd380": {"runs": 7, "balls": 7, "wickets": 0}, "662c47a6": {"runs": 6, "balls": 2, "wickets": 0}, "fa463154": {"runs": 7, "balls": 6, "wickets": 0}, "1c914163": {"runs": 13, "balls": 14, "wickets": 0}, "5d9a1a73": {"runs": 11, "balls": 10, "wickets": 0}, "2e81a32d": {"runs": 10, "balls": 9, "wickets": 0}, "d2a989fc": {"runs": 2, "balls": 3, "wickets": 1}, "3a60e0b5": {"runs": 16, "balls": 12, "wickets": 0}, "03806cf8": {"runs": 3, "balls": 5, "wickets": 0}, "60dac349": {"runs": 2, "balls": 4, "wickets": 0}, "30a45b23": {"runs": 8, "balls": 3, "wickets": 0}, "87e562a9": {"runs": 66, "balls": 53, "wickets": 2}, "3fb19989": {"runs": 8, "balls": 5, "wickets": 1}, "dd09ff8e": {"runs": 3, "balls": 7, "wickets": 1}, "7be8a0ed": {"runs": 13, "balls": 8, "wickets": 0}, "808f425a": {"runs": 50, "balls": 47, "wickets": 3}, "6042bf26": {"runs": 56, "balls": 42, "wickets": 3}, "b0b320a0": {"runs": 1, "balls": 2, "wickets": 1}, "0dc00542": {"runs": 4, "balls": 5, "wickets": 0}, "78ba5d1b": {"runs": 2, "balls": 5, "wickets": 0}, "c9078a9a": {"runs": 19, "balls": 10, "wickets": 0}, "aba0412a": {"runs": 8, "balls": 5, "wickets": 0}, "f201593c": {"runs": 13, "balls": 9, "wickets": 0}, "1a2676c5": {"runs": 44, "balls": 23, "wickets": 2}, "db584dad": {"runs": 7, "balls": 7, "wickets": 0}, "36769c31": {"runs": 13, "balls": 6, "wickets": 0}, "41eb4a4f": {"runs": 34, "balls": 20, "wickets": 0}, "e938e1bc": {"runs": 6, "balls": 5, "wickets": 0}, "9b79b9de": {"runs": 12, "balls": 7, "wickets": 1}, "4c4fa80b": {"runs": 17, "balls": 16, "wickets": 1}, "5bdcdb72": {"runs": 1, "balls": 6, "wickets": 0}, "469ea22b": {"runs": 1, "balls": 5, "wickets": 0}, "cc1e8c68": {"runs": 34, "balls": 36, "wickets": 2}, "495d42a5": {"runs": 9, "balls": 11, "wickets": 0}, "ab89348d": {"runs": 15, "balls": 22, "wickets": 1}, "d2fcce2f": {"runs": 18, "balls": 22, "wickets": 0}, "8ba8195d": {"runs": 6, "balls": 6, "wickets": 1}, "9d430b40": {"runs": 17, "balls": 18, "wickets": 0}, "78eb4223": {"runs": 3, "balls": 8, "wickets": 0}, "f846de6a": {"runs": 5, "balls": 8, "wickets": 0}, "bbd41817": {"runs": 8, "balls": 10, "wickets": 0}, "a7c226e1": {"runs": 16, "balls": 18, "wickets": 1}, "c8179c68": {"runs": 2, "balls": 3, "wickets": 1}, "6c6591ab": {"runs": 14, "balls": 11, "wickets": 0}, "b57f8a9a": {"runs": 1, "balls": 1, "wickets": 0}, "f708a0bc": {"runs": 43, "balls": 27, "wickets": 1}, "e32d22f6": {"runs": 5, "balls": 2, "wickets": 0}, "9d80c5e1": {"runs": 9, "balls": 10, "wickets": 0}, "cf73ad76": {"runs": 0, "balls": 1, "wickets": 1}, "f3171936": {"runs": 18, "balls": 13, "wickets": 0}, "1a0c3177": {"runs": 17, "balls": 5, "wickets": 0}, "9a158001": {"runs": 6, "balls": 4, "wickets": 1}, "05d74535": {"runs": 7, "balls": 19, "wickets": 1}, "5441db8c": {"runs": 1, "balls": 2, "wickets": 0}, "64d43928": {"runs": 10, "balls": 5, "wickets": 0}, "086f5984": {"runs": 8, "balls": 8, "wickets": 2}, "16dfcc19": {"runs": 2, "balls": 3, "wickets": 1}, "390ff45b": {"runs": 2, "balls": 2, "wickets": 0}, "bbce4647": {"runs": 46, "balls": 25, "wickets": 0}, "b2a79f17": {"runs": 57, "balls": 32, "wickets": 2}, "502b2c81": {"runs": 29, "balls": 20, "wickets": 1}, "57efa3be": {"runs": 7, "balls": 6, "wickets": 0}, "45c2196c": {"runs": 44, "balls": 21, "wickets": 0}, "51a60c16": {"runs": 17, "balls": 14, "wickets": 0}, "9f54ae00": {"runs": 2, "balls": 2, "wickets": 0}, "dfc4d8b5": {"runs": 36, "balls": 23, "wickets": 3}, "b552a935": {"runs": 25, "balls": 22, "wickets": 0}, "f60dc2a5": {"runs": 8, "balls": 15, "wickets": 0}, "56ab442f": {"runs": 60, "balls": 34, "wickets": 2}, "ab965cad": {"runs": 5, "balls": 2, "wickets": 0}, "25d12bb4": {"runs": 2, "balls": 3, "wickets": 0}, "d29be810": {"runs": 12, "balls": 9, "wickets": 1}, "c404f58a": {"runs": 13, "balls": 8, "wickets": 1}, "96824e68": {"runs": 18, "balls": 14, "wickets": 1}, "da13a0fc": {"runs": 22, "balls": 6, "wickets": 0}, "3540beff": {"runs": 3, "balls": 7, "wickets": 1}, "3fe2db87": {"runs": 2, "balls": 2, "wickets": 0}, "4ba44e19": {"runs": 3, "balls": 5, "wickets": 1}, "4933f499": {"runs": 17, "balls": 13, "wickets": 0}, "462411b3": {"runs": 7, "balls": 11, "wickets": 1}, "3eac9d95": {"runs": 1, "balls": 3, "wickets": 0}, "fb66ce1f": {"runs": 6, "balls": 8, "wickets": 2}, "3d8feaf8": {"runs": 4, "balls": 8, "wickets": 0}, "8bdac857": {"runs": 2, "balls": 3, "wickets": 0}, "64c34cd0": {"runs": 17, "balls": 9, "wickets": 1}, "b8d490fd": {"runs": 4, "balls": 3, "wickets": 0}, "32198ae0": {"runs": 1, "balls": 4, "wickets": 2}, "79765f6f": {"runs": 3, "balls": 4, "wickets": 0}, "1558d83b": {"runs": 4, "balls": 7, "wickets": 0}, "ea0cdc12": {"runs": 8, "balls": 6, "wickets": 0}, "bc773eeb": {"runs": 26, "balls": 20, "wickets": 0}, "012829ff": {"runs": 43, "balls": 31, "wickets": 2}, "52f08be8": {"runs": 15, "balls": 12, "wickets": 0}, "cca50cd6": {"runs": 15, "balls": 7, "wickets": 0}, "58043739": {"runs": 37, "balls": 26, "wickets": 0}, "ffe699c0": {"runs": 11, "balls": 6, "wickets": 0}, "eba6a852": {"runs": 7, "balls": 8, "wickets": 2}, "e087956b": {"runs": 5, "balls": 4, "wickets": 0}, "8db7f47f": {"runs": 14, "balls": 11, "wickets": 2}, "3812d56b": {"runs": 6, "balls": 6, "wickets": 0}, "2c86c8f2": {"runs": 5, "balls": 4, "wickets": 0}, "c6a9148d": {"runs": 2, "balls": 3, "wickets": 0}, "3cf5ae43": {"runs": 12, "balls": 10, "wickets": 1}, "dda5aae5": {"runs": 0, "balls": 1, "wickets": 0}, "85ebf2be": {"runs": 5, "balls": 5, "wickets": 1}, "6232e1ed": {"runs": 1, "balls": 4, "wickets": 0}, "0bec3a6c": {"runs": 11, "balls": 9, "wickets": 0}, "0a12e736": {"runs": 1, "balls": 5, "wickets": 0}, "e9d5218e": {"runs": 17, "balls": 23, "wickets": 1}, "f3abd0c9": {"runs": 22, "balls": 17, "wickets": 1}, "5ac8f17b": {"runs": 20, "balls": 36, "wickets": 0}, "e86754b2": {"runs": 29, "balls": 17, "wickets": 0}, "bca21d18": {"runs": 21, "balls": 8, "wickets": 0}, "49299473": {"runs": 41, "balls": 16, "wickets": 0}, "49b6c09f": {"runs": 40, "balls": 18, "wickets": 0}, "1f572ee8": {"runs": 9, "balls": 6, "wickets": 1}, "eaa4cfc2": {"runs": 5, "balls": 6, "wickets": 0}, "245c97cb": {"runs": 22, "balls": 14, "wickets": 0}, "98eacfe5": {"runs": 6, "balls": 7, "wickets": 1}, "aac9f784": {"runs": 23, "balls": 10, "wickets": 0}, "7d5e0b78": {"runs": 3, "balls": 4, "wickets": 0}, "75e476d4": {"runs": 3, "balls": 5, "wickets": 0}, "1a45b864": {"runs": 1, "balls": 3, "wickets": 0}, "42537f07": {"runs": 2, "balls": 2, "wickets": 0}, "5da34add": {"runs": 16, "balls": 5, "wickets": 1}, "ad962377": {"runs": 3, "balls": 3, "wickets": 0}, "1cfac535": {"runs": 18, "balls": 10, "wickets": 0}, "eb9cb105": {"runs": 11, "balls": 13, "wickets": 2}, "57a76baa": {"runs": 3, "balls": 4, "wickets": 0}, "93e06301": {"runs": 4, "balls": 4, "wickets": 0}, "99cddc5e": {"runs": 0, "balls": 1, "wickets": 1}, "ded9240e": {"runs": 2, "balls": 2, "wickets": 0}, "86dc8f2e": {"runs": 6, "balls": 2, "wickets": 1}, "a8ad6e80": {"runs": 10, "balls": 2, "wickets": 0}, "c03c6200": {"runs": 17, "balls": 4, "wickets": 0}, "f048bb41": {"runs": 16, "balls": 43, "wickets": 1}, "0095ce38": {"runs": 2, "balls": 4, "wickets": 1}, "14f96089": {"runs": 43, "balls": 69, "wickets": 1}, "f752db61": {"runs": 13, "balls": 10, "wickets": 0}, "bd93fea4": {"runs": 23, "balls": 22, "wickets": 1}, "7dc35884": {"runs": 34, "balls": 13, "wickets": 0}, "903c1d37": {"runs": 6, "balls": 3, "wickets": 0}, "ddcd1520": {"runs": 0, "balls": 1, "wickets": 1}, "f6c84b9f": {"runs": 4, "balls": 5, "wickets": 0}, "3c77ca9d": {"runs": 15, "balls": 16, "wickets": 0}, "9679838c": {"runs": 46, "balls": 34, "wickets": 0}, "8108e2d2": {"runs": 27, "balls": 30, "wickets": 0}, "d4c9b75a": {"runs": 3, "balls": 3, "wickets": 0}, "c672e80e": {"runs": 6, "balls": 9, "wickets": 0}, "fdb8ed0d": {"runs": 2, "balls": 2, "wickets": 0}, "02b93a83": {"runs": 18, "balls": 14, "wickets": 0}, "5b3acc53": {"runs": 1, "balls": 4, "wickets": 0}, "069c55b1": {"runs": 15, "balls": 10, "wickets": 0}, "1179469b": {"runs": 3, "balls": 3, "wickets": 0}, "15101f12": {"runs": 18, "balls": 8, "wickets": 0}, "4a461c24": {"runs": 28, "balls": 16, "wickets": 0}, "c1f6c27e": {"runs": 30, "balls": 13, "wickets": 0}, "51e1ed69": {"runs": 25, "balls": 17, "wickets": 0}, "a386e91b": {"runs": 31, "balls": 21, "wickets": 0}, "e737a5fe": {"runs": 7, "balls": 7, "wickets": 0}, "7b1e20ea": {"runs": 35, "balls": 33, "wickets": 0}, "90255fab": {"runs": 12, "balls": 11, "wickets": 1}, "e94915e6": {"runs": 11, "balls": 6, "wickets": 0}, "029c4618": {"runs": 0, "balls": 1, "wickets": 0}, "2e11c706": {"runs": 39, "balls": 17, "wickets": 1}, "76388dc8": {"runs": 8, "balls": 8, "wickets": 0}, "903560ed": {"runs": 61, "balls": 30, "wickets": 0}, "88209c84": {"runs": 28, "balls": 13, "wickets": 0}, "94eac556": {"runs": 39, "balls": 16, "wickets": 1}, "22ae3041": {"runs": 38, "balls": 35, "wickets": 2}, "519c30cb": {"runs": 27, "balls": 13, "wickets": 0}, "d167edd3": {"runs": 7, "balls": 8, "wickets": 1}, "a2421394": {"runs": 56, "balls": 48, "wickets": 3}, "7c7d63a2": {"runs": 52, "balls": 45, "wickets": 4}, "7f048519": {"runs": 48, "balls": 19, "wickets": 2}, "ff1e12a0": {"runs": 3, "balls": 4, "wickets": 0}, "9dfd54a5": {"runs": 0, "balls": 1, "wickets": 0}, "70c4f525": {"runs": 1, "balls": 2, "wickets": 0}, "0164b064": {"runs": 41, "balls": 23, "wickets": 2}, "249d60c9": {"runs": 38, "balls": 37, "wickets": 0}, "f5821615": {"runs": 16, "balls": 24, "wickets": 1}, "6c908ffc": {"runs": 2, "balls": 2, "wickets": 0}, "151d88b3": {"runs": 23, "balls": 5, "wickets": 0}, "e0ac7144": {"runs": 48, "balls": 23, "wickets": 3}, "4c5d73db": {"runs": 15, "balls": 6, "wickets": 0}, "db767b89": {"runs": 2, "balls": 9, "wickets": 1}, "58822938": {"runs": 11, "balls": 20, "wickets": 0}, "556302a7": {"runs": 1, "balls": 4, "wickets": 0}, "f0a0204e": {"runs": 25, "balls": 32, "wickets": 1}, "8479a24a": {"runs": 2, "balls": 3, "wickets": 1}, "3766056b": {"runs": 1, "balls": 2, "wickets": 0}, "78adc879": {"runs": 9, "balls": 4, "wickets": 1}, "c4450a69": {"runs": 11, "balls": 5, "wickets": 0}, "0f21680d": {"runs": 54, "balls": 24, "wickets": 0}, "2a0d5d4a": {"runs": 19, "balls": 11, "wickets": 1}, "e871a7a1": {"runs": 27, "balls": 15, "wickets": 0}, "58c481c6": {"runs": 13, "balls": 4, "wickets": 1}, "8728a058": {"runs": 16, "balls": 28, "wickets": 1}, "561f3a34": {"runs": 36, "balls": 15, "wickets": 0}, "8d1dad51": {"runs": 34, "balls": 17, "wickets": 0}, "71440756": {"runs": 20, "balls": 15, "wickets": 0}, "a510bdd3": {"runs": 17, "balls": 20, "wickets": 0}, "e84ac20c": {"runs": 29, "balls": 12, "wickets": 0}, "bb351c23": {"runs": 29, "balls": 20, "wickets": 1}, "cd143bca": {"runs": 26, "balls": 18, "wickets": 0}, "d68e7f48": {"runs": 8, "balls": 11, "wickets": 1}, "a7e8ff19": {"runs": 9, "balls": 12, "wickets": 0}, "1066a976": {"runs": 35, "balls": 25, "wickets": 0}, "c5cc48bc": {"runs": 69, "balls": 46, "wickets": 1}, "9219eff0": {"runs": 12, "balls": 3, "wickets": 0}, "29b89ae8": {"runs": 10, "balls": 18, "wickets": 0}, "fc55ec67": {"runs": 10, "balls": 8, "wickets": 0}, "2223b920": {"runs": 6, "balls": 17, "wickets": 0}, "402f8494": {"runs": 6, "balls": 10, "wickets": 0}, "f78e7113": {"runs": 28, "balls": 18, "wickets": 0}, "65d39793": {"runs": 2, "balls": 2, "wickets": 1}, "b21ed464": {"runs": 17, "balls": 25, "wickets": 2}, "9a963804": {"runs": 28, "balls": 31, "wickets": 0}, "0c5bb005": {"runs": 4, "balls": 4, "wickets": 0}, "5fcb6fb1": {"runs": 22, "balls": 12, "wickets": 0}, "14373322": {"runs": 30, "balls": 7, "wickets": 0}, "afa78c3a": {"runs": 23, "balls": 14, "wickets": 0}, "dc670143": {"runs": 1, "balls": 2, "wickets": 0}, "243431b5": {"runs": 7, "balls": 11, "wickets": 1}, "5147c792": {"runs": 2, "balls": 2, "wickets": 0}, "fd8a9b23": {"runs": 10, "balls": 12, "wickets": 1}, "a9da7784": {"runs": 49, "balls": 22, "wickets": 2}, "4ec07775": {"runs": 2, "balls": 4, "wickets": 1}, "611926bc": {"runs": 2, "balls": 4, "wickets": 0}, "7ca5e05d": {"runs": 7, "balls": 6, "wickets": 0}, "61a9ce31": {"runs": 10, "balls": 4, "wickets": 0}, "7955eb15": {"runs": 29, "balls": 12, "wickets": 0}, "e1b9f3a9": {"runs": 42, "balls": 20, "wickets": 0}, "f1c61793": {"runs": 5, "balls": 9, "wickets": 1}, "86b4bf88": {"runs": 15, "balls": 17, "wickets": 0}, "6834d1f2": {"runs": 33, "balls": 15, "wickets": 1}, "19b9f399": {"runs": 5, "balls": 7, "wickets": 1}, "4329fbb5": {"runs": 2, "balls": 4, "wickets": 0}, "e342e5fb": {"runs": 14, "balls": 11, "wickets": 2}, "864c199e": {"runs": 1, "balls": 2, "wickets": 1}, "81d06fb5": {"runs": 8, "balls": 43, "wickets": 0}, "208f22ea": {"runs": 24, "balls": 44, "wickets": 1}, "12b610c2": {"runs": 1, "balls": 4, "wickets": 0}, "edc7ddb6": {"runs": 7, "balls": 13, "wickets": 0}, "5dcd864f": {"runs": 1, "balls": 3, "wickets": 0}, "c96a215f": {"runs": 18, "balls": 30, "wickets": 0}, "2e171977": {"runs": 1, "balls": 2, "wickets": 0}, "759ac88f": {"runs": 5, "balls": 6, "wickets": 1}, "ce820073": {"runs": 14, "balls": 4, "wickets": 1}, "957532de": {"runs": 1, "balls": 3, "wickets": 1}, "51a3c5ef": {"runs": 4, "balls": 3, "wickets": 0}, "8d2c70ad": {"runs": 6, "balls": 9, "wickets": 0}, "871e9faf": {"runs": 3, "balls": 3, "wickets": 0}, "9fc0ef64": {"runs": 7, "balls": 3, "wickets": 0}, "94d7f855": {"runs": 13, "balls": 9, "wickets": 0}, "dcf81436": {"runs": 6, "balls": 6, "wickets": 2}, "8cf9814c": {"runs": 2, "balls": 2, "wickets": 0}, "f5180fe6": {"runs": 4, "balls": 4, "wickets": 0}, "c03449e0": {"runs": 13, "balls": 16, "wickets": 1}, "a316d663": {"runs": 22, "balls": 10, "wickets": 0}, "acee4cc4": {"runs": 36, "balls": 29, "wickets": 0}, "aa1210d8": {"runs": 37, "balls": 38, "wickets": 1}, "aeab0d4f": {"runs": 15, "balls": 10, "wickets": 0}, "6a2fadd0": {"runs": 27, "balls": 12, "wickets": 1}, "10f68de1": {"runs": 17, "balls": 7, "wickets": 1}, "5899dceb": {"runs": 1, "balls": 2, "wickets": 1}, "21764a38": {"runs": 6, "balls": 4, "wickets": 1}, "95a06106": {"runs": 6, "balls": 4, "wickets": 0}, "e4a0deae": {"runs": 3, "balls": 4, "wickets": 0}, "1f1b4c89": {"runs": 1, "balls": 2, "wickets": 0}, "79c7041c": {"runs": 39, "balls": 21, "wickets": 0}, "eb1a5b03": {"runs": 3, "balls": 3, "wickets": 0}, "dddc811c": {"runs": 4, "balls": 5, "wickets": 0}, "d74d1090": {"runs": 15, "balls": 8, "wickets": 0}, "4557dc54": {"runs": 1, "balls": 1, "wickets": 0}, "05c2ca46": {"runs": 10, "balls": 10, "wickets": 0}, "06c2de82": {"runs": 11, "balls": 12, "wickets": 1}, "e9987a94": {"runs": 7, "balls": 2, "wickets": 0}, "3f659464": {"runs": 34, "balls": 15, "wickets": 0}, "9ab63e7b": {"runs": 9, "balls": 13, "wickets": 0}, "a03bba42": {"runs": 5, "balls": 8, "wickets": 0}, "dbe50b21": {"runs": 2, "balls": 3, "wickets": 0}, "57ee1fde": {"runs": 1, "balls": 1, "wickets": 0}, "770ae773": {"runs": 9, "balls": 24, "wickets": 0}, "e7dd5eca": {"runs": 23, "balls": 49, "wickets": 0}, "1b04e02b": {"runs": 9, "balls": 20, "wickets": 1}, "64775749": {"runs": 32, "balls": 37, "wickets": 4}, "62af8546": {"runs": 16, "balls": 13, "wickets": 0}, "4ba2c04d": {"runs": 14, "balls": 13, "wickets": 0}, "caf69bf7": {"runs": 33, "balls": 19, "wickets": 3}, "898e628d": {"runs": 35, "balls": 14, "wickets": 1}, "a5b71472": {"runs": 22, "balls": 14, "wickets": 0}, "68e26ec9": {"runs": 30, "balls": 17, "wickets": 0}, "1ee08e9a": {"runs": 15, "balls": 6, "wickets": 1}, "c995d726": {"runs": 2, "balls": 3, "wickets": 1}, "7d92277a": {"runs": 12, "balls": 30, "wickets": 1}, "5f547c8b": {"runs": 22, "balls": 19, "wickets": 0}, "f54dbda7": {"runs": 2, "balls": 3, "wickets": 0}, "5239d782": {"runs": 35, "balls": 11, "wickets": 0}, "a089f93f": {"runs": 12, "balls": 11, "wickets": 1}, "fe5b4367": {"runs": 18, "balls": 10, "wickets": 1}, "4c0f3806": {"runs": 8, "balls": 4, "wickets": 0}, "2f9d0389": {"runs": 12, "balls": 17, "wickets": 0}, "86e0f3f0": {"runs": 18, "balls": 6, "wickets": 1}, "b3118300": {"runs": 25, "balls": 14, "wickets": 0}, "19708692": {"runs": 34, "balls": 32, "wickets": 0}, "d83a3bdc": {"runs": 12, "balls": 7, "wickets": 0}, "bbbb7f1e": {"runs": 2, "balls": 2, "wickets": 0}, "1d2f290a": {"runs": 27, "balls": 16, "wickets": 1}, "8f2dfebf": {"runs": 18, "balls": 5, "wickets": 1}, "1efd12d1": {"runs": 2, "balls": 4, "wickets": 1}, "6fe2c1c0": {"runs": 18, "balls": 5, "wickets": 0}, "42172c3c": {"runs": 5, "balls": 9, "wickets": 2}, "7f8ecc51": {"runs": 3, "balls": 4, "wickets": 0}, "aa8d28ae": {"runs": 16, "balls": 8, "wickets": 0}, "28d6c44d": {"runs": 14, "balls": 4, "wickets": 0}, "462d7c62": {"runs": 18, "balls": 6, "wickets": 1}, "ab6b1c45": {"runs": 1, "balls": 2, "wickets": 0}, "8fd1a8f5": {"runs": 14, "balls": 12, "wickets": 0}, "acdc62f5": {"runs": 20, "balls": 7, "wickets": 0}, "e5437608": {"runs": 5, "balls": 8, "wickets": 0}, "9d50c7e1": {"runs": 8, "balls": 3, "wickets": 0}, "f892fcf9": {"runs": 12, "balls": 5, "wickets": 0}, "9868bc75": {"runs": 3, "balls": 4, "wickets": 0}, "172dff15": {"runs": 7, "balls": 3, "wickets": 1}, "032e4384": {"runs": 10, "balls": 6, "wickets": 0}, "8361e524": {"runs": 11, "balls": 9, "wickets": 0}, "465aa633": {"runs": 8, "balls": 3, "wickets": 1}, "0b60eb09": {"runs": 10, "balls": 6, "wickets": 0}, "56feceb0": {"runs": 3, "balls": 7, "wickets": 0}, "33085ffb": {"runs": 0, "balls": 1, "wickets": 0}, "ffd3fc37": {"runs": 21, "balls": 7, "wickets": 0}, "8b248d88": {"runs": 19, "balls": 5, "wickets": 0}, "33742f04": {"runs": 3, "balls": 6, "wickets": 0}, "a90e53ec": {"runs": 7, "balls": 2, "wickets": 0}, "137e7065": {"runs": 1, "balls": 1, "wickets": 0}, "ab21795b": {"runs": 1, "balls": 5, "wickets": 0}, "b410bd3d": {"runs": 20, "balls": 26, "wickets": 2}, "d9273ee7": {"runs": 11, "balls": 8, "wickets": 0}, "5456bd0c": {"runs": 2, "balls": 2, "wickets": 0}, "5574750c": {"runs": 9, "balls": 5, "wickets": 0}, "1a156c88": {"runs": 5, "balls": 11, "wickets": 0}, "8d5d991e": {"runs": 3, "balls": 3, "wickets": 0}, "7517d134": {"runs": 3, "balls": 3, "wickets": 0}, "e1a867df": {"runs": 2, "balls": 2, "wickets": 0}, "5f222a64": {"runs": 1, "balls": 1, "wickets": 0}, "3086f7a4": {"runs": 4, "balls": 5, "wickets": 0}, "1bf9a8ef": {"runs": 7, "balls": 4, "wickets": 1}, "667f678b": {"runs": 3, "balls": 3, "wickets": 0}, "24bb1c2f": {"runs": 11, "balls": 7, "wickets": 1}, "45a7e761": {"runs": 16, "balls": 5, "wickets": 0}, "f69f1d8a": {"runs": 16, "balls": 10, "wickets": 0}, "3be224b0": {"runs": 2, "balls": 3, "wickets": 1}, "2911de16": {"runs": 21, "balls": 10, "wickets": 1}, "9b8a3c39": {"runs": 11, "balls": 4, "wickets": 0}, "1c790f4f": {"runs": 3, "balls": 3, "wickets": 0}, "bd4ea627": {"runs": 14, "balls": 10, "wickets": 0}, "db3643f3": {"runs": 5, "balls": 3, "wickets": 1}, "11614d87": {"runs": 1, "balls": 1, "wickets": 0}, "9789e56e": {"runs": 15, "balls": 6, "wickets": 0}, "078ffbf2": {"runs": 14, "balls": 11, "wickets": 1}, "88a004e9": {"runs": 1, "balls": 1, "wickets": 0}, "2085e1fa": {"runs": 9, "balls": 4, "wickets": 0}, "50c6bc2b": {"runs": 35, "balls": 19, "wickets": 1}, "b681e71e": {"runs": 3, "balls": 3, "wickets": 0}, "0f6db197": {"runs": 46, "balls": 17, "wickets": 0}, "e734d090": {"runs": 6, "balls": 8, "wickets": 1}, "70b8fd28": {"runs": 5, "balls": 6, "wickets": 0}, "ec33b21a": {"runs": 14, "balls": 9, "wickets": 0}, "67954d19": {"runs": 2, "balls": 2, "wickets": 0}, "894b2d25": {"runs": 0, "balls": 1, "wickets": 1}, "ac5ae4af": {"runs": 9, "balls": 6, "wickets": 0}, "f834dcfc": {"runs": 2, "balls": 3, "wickets": 0}, "15de1f5d": {"runs": 18, "balls": 10, "wickets": 2}, "616a8149": {"runs": 1, "balls": 3, "wickets": 0}, "b08e58e2": {"runs": 10, "balls": 11, "wickets": 0}, "272fc5ad": {"runs": 11, "balls": 11, "wickets": 1}, "45f56920": {"runs": 1, "balls": 2, "wickets": 0}, "9eb1455b": {"runs": 18, "balls": 13, "wickets": 0}, "cad40f5e": {"runs": 4, "balls": 9, "wickets": 1}, "214f6461": {"runs": 11, "balls": 4, "wickets": 0}, "867a45a7": {"runs": 0, "balls": 6, "wickets": 0}, "ed12fcd7": {"runs": 12, "balls": 6, "wickets": 1}, "33b3d2df": {"runs": 13, "balls": 6, "wickets": 0}, "22b98d7c": {"runs": 9, "balls": 8, "wickets": 0}, "b5781ac3": {"runs": 5, "balls": 6, "wickets": 0}, "de6c2c6e": {"runs": 5, "balls": 2, "wickets": 0}, "6ea2710f": {"runs": 6, "balls": 3, "wickets": 0}, "0ebb3444": {"runs": 22, "balls": 6, "wickets": 0}, "8f3fde65": {"runs": 12, "balls": 4, "wickets": 0}, "786b7fe8": {"runs": 5, "balls": 8, "wickets": 0}, "6f95e5fa": {"runs": 25, "balls": 22, "wickets": 0}, "9cb8d7a6": {"runs": 6, "balls": 2, "wickets": 1}, "3b53243a": {"runs": 16, "balls": 10, "wickets": 1}, "003d49e6": {"runs": 9, "balls": 10, "wickets": 0}, "38c276e1": {"runs": 43, "balls": 14, "wickets": 0}, "52c952d9": {"runs": 1, "balls": 1, "wickets": 0}, "350bb1b1": {"runs": 1, "balls": 4, "wickets": 0}, "bb4b445b": {"runs": 7, "balls": 3, "wickets": 0}, "9656afbf": {"runs": 9, "balls": 4, "wickets": 0}, "18fac429": {"runs": 1, "balls": 2, "wickets": 0}, "687e20b3": {"runs": 4, "balls": 4, "wickets": 0}, "2ed569a0": {"runs": 1, "balls": 1, "wickets": 0}, "ce794613": {"runs": 1, "balls": 2, "wickets": 1}, "1ac2a995": {"runs": 12, "balls": 12, "wickets": 1}, "529eb9e0": {"runs": 6, "balls": 6, "wickets": 0}, "a1d053dd": {"runs": 3, "balls": 4, "wickets": 0}, "b52ffbbd": {"runs": 13, "balls": 7, "wickets": 0}, "bb34fd31": {"runs": 5, "balls": 2, "wickets": 0}, "0a8fce53": {"runs": 0, "balls": 6, "wickets": 1}, "9dad0f2e": {"runs": 11, "balls": 7, "wickets": 0}, "37654b75": {"runs": 2, "balls": 5, "wickets": 1}, "a818c1be": {"runs": 1, "balls": 2, "wickets": 0}, "c38d3503": {"runs": 3, "balls": 3, "wickets": 0}, "be69e09d": {"runs": 0, "balls": 2, "wickets": 1}, "7c8f533d": {"runs": 0, "balls": 1, "wickets": 1}, "bc2d4f2e": {"runs": 8, "balls": 10, "wickets": 1}, "218d4d78": {"runs": 4, "balls": 4, "wickets": 0}, "055be93a": {"runs": 5, "balls": 7, "wickets": 2}, "fa433be6": {"runs": 7, "balls": 5, "wickets": 0}, "7b953689": {"runs": 6, "balls": 10, "wickets": 0}, "52c442e4": {"runs": 13, "balls": 8, "wickets": 0}, "a4b810d0": {"runs": 1, "balls": 3, "wickets": 0}, "5db1c288": {"runs": 2, "balls": 3, "wickets": 0}, "65b6943c": {"runs": 4, "balls": 2, "wickets": 0}, "e5218454": {"runs": 19, "balls": 9, "wickets": 0}, "28217d89": {"runs": 2, "balls": 2, "wickets": 0}, "34b332d3": {"runs": 3, "balls": 4, "wickets": 1}, "0ecb4de6": {"runs": 3, "balls": 6, "wickets": 1}, "5fed6272": {"runs": 8, "balls": 3, "wickets": 1}, "1957c6b7": {"runs": 1, "balls": 2, "wickets": 0}, "27c5a793": {"runs": 18, "balls": 4, "wickets": 0}, "9f701298": {"runs": 4, "balls": 3, "wickets": 0}, "f422728b": {"runs": 8, "balls": 4, "wickets": 1}, "5e3054d0": {"runs": 2, "balls": 5, "wickets": 1}, "4d7f517e": {"runs": 5, "balls": 8, "wickets": 0}, "83c3e8e3": {"runs": 0, "balls": 1, "wickets": 1}}, "fifties": 24, "thirties": 47, "centuries": 2, "maidens": 13.0, "hattricks": 18, "runs": 6072.0, "wickets": 240.0, "club_ODI_previous3_runs": [52.0, 12.0, 54.0], "club_ODI_previous3_wickets": [2.0, 2.0, 0.0], "club_ODI_previous3_balls played": [65.0, 17.0, 57.0], "club_ODI_previous3_overs": [10.0, 3.0, 2.0], "club_ODI_previous3_runs gave": [44.0, 24.0, 13.0], "club_ODI_lifetime_runs": 579.0, "club_ODI_lifetime_wickets": 14.0, "club_ODI_lifetime_balls played": 463.0, "club_ODI_lifetime_overs": 59.0, "club_ODI_lifetime_runs gave": 362.0, "club_Test_previous3_runs": [21.0, 62.0, 35.0], "club_Test_previous3_wickets": [1.0, 1.0, 0.0], "club_Test_previous3_balls played": [47.0, 212.0, 121.0], "club_Test_previous3_overs": [3.1666666666666665, 19.0, 26.0], "club_Test_previous3_runs gave": [26.0, 61.0, 108.0], "club_Test_lifetime_runs": 193.0, "club_Test_lifetime_wickets": 2.0, "club_Test_lifetime_balls played": 547.0, "club_Test_lifetime_overs": 60.166666666666664, "club_Test_lifetime_runs gave": 257.0, "club_T20_previous3_runs": [8.0, 1.0, 7.0], "club_T20_previous3_wickets": [0.0, 0.0, 0.0], "club_T20_previous3_balls played": [9.0, 4.0, 12.0], "club_T20_previous3_overs": [1.0, 0.0, 0.0], "club_T20_previous3_runs gave": [5.0, 0.0, 0.0], "club_T20_lifetime_runs": 4909.0, "club_T20_lifetime_wickets": 193.0, "club_T20_lifetime_balls played": 3483.0, "club_T20_lifetime_overs": 718.4999999999999, "club_T20_lifetime_runs gave": 6321.0, "international_ODI_previous3_runs": [0.0, 23.0, 0.0], "international_ODI_previous3_wickets": [2.0, 1.0, 0.0], "international_ODI_previous3_balls played": [0.0, 19.0, 0.0], "international_ODI_previous3_overs": [9.0, 3.0, 0.0], "international_ODI_previous3_runs gave": [52.0, 15.0, 0.0], "international_ODI_lifetime_runs": 273.0, "international_ODI_lifetime_wickets": 18.0, "international_ODI_lifetime_balls played": 305.0, "international_ODI_lifetime_overs": 120.83333333333333, "international_ODI_lifetime_runs gave": 605.0, "international_Test_previous3_runs": [], "international_Test_previous3_wickets": [], "international_Test_previous3_balls played": [], "international_Test_previous3_overs": [], "international_Test_previous3_runs gave": [], "international_Test_lifetime_runs": 0.0, "international_Test_lifetime_wickets": 0.0, "international_Test_lifetime_balls played": 0.0, "international_Test_lifetime_overs": 0.0, "international_Test_lifetime_runs gave": 0.0, "international_T20_previous3_runs": [7.0, 39.0, 3.0], "international_T20_previous3_wickets": [0.0, 0.0, 2.0], "international_T20_previous3_balls played": [9.0, 15.0, 3.0], "international_T20_previous3_overs": [2.0, 0.0, 3.8333333333333335], "international_T20_previous3_runs gave": [10.0, 0.0, 19.0], "international_T20_lifetime_runs": 118.0, "international_T20_lifetime_wickets": 13.0, "international_T20_lifetime_balls played": 92.0, "international_T20_lifetime_overs": 46.333333333333336, "international_T20_lifetime_runs gave": 409.0}