{"played_against": {"1dc12ab9": {"runs": 3, "balls": 5, "wickets": 0}, "45c2196c": {"runs": 1, "balls": 1, "wickets": 0}, "91a4a398": {"runs": 3, "balls": 6, "wickets": 0}, "c64c2443": {"runs": 3, "balls": 2, "wickets": 0}, "66cf56a5": {"runs": 12, "balls": 5, "wickets": 0}, "fd835ab3": {"runs": 4, "balls": 1, "wickets": 0}, "5bb5a915": {"runs": 5, "balls": 2, "wickets": 0}, "a818c1be": {"runs": 4, "balls": 1, "wickets": 0}, "2e81a32d": {"runs": 0, "balls": 1, "wickets": 1}, "a757b0d8": {"runs": 1, "balls": 1, "wickets": 0}, "bee290b6": {"runs": 1, "balls": 2, "wickets": 1}, "cb4f31e2": {"runs": 1, "balls": 1, "wickets": 0}, "48bf9d5c": {"runs": 0, "balls": 1, "wickets": 1}, "76307fc7": {"runs": 2, "balls": 3, "wickets": 0}, "10636efb": {"runs": 3, "balls": 3, "wickets": 0}, "c69a7b5c": {"runs": 2, "balls": 3, "wickets": 0}, "8372988e": {"runs": 1, "balls": 1, "wickets": 0}, "26e5cabf": {"runs": 2, "balls": 2, "wickets": 0}, "d4b8ea98": {"runs": 10, "balls": 3, "wickets": 1}, "7b5235a6": {"runs": 1, "balls": 3, "wickets": 1}, "8998a68f": {"runs": 11, "balls": 4, "wickets": 1}, "3bc94fb9": {"runs": 3, "balls": 3, "wickets": 0}, "4da2f572": {"runs": 3, "balls": 3, "wickets": 0}, "427e6670": {"runs": 7, "balls": 2, "wickets": 0}, "33ffc3dd": {"runs": 6, "balls": 7, "wickets": 0}, "481dd6dc": {"runs": 10, "balls": 7, "wickets": 0}, "41eb4a4f": {"runs": 1, "balls": 3, "wickets": 0}, "8db0c0e1": {"runs": 1, "balls": 3, "wickets": 0}, "502056e3": {"runs": 7, "balls": 4, "wickets": 0}, "9d704f6f": {"runs": 1, "balls": 5, "wickets": 0}, "1abb78f8": {"runs": 3, "balls": 4, "wickets": 0}, "d2a989fc": {"runs": 6, "balls": 4, "wickets": 1}, "824b6ca0": {"runs": 1, "balls": 1, "wickets": 0}, "fdf7491e": {"runs": 0, "balls": 1, "wickets": 1}, "4b31f3a3": {"runs": 1, "balls": 3, "wickets": 0}, "cd8d2859": {"runs": 1, "balls": 3, "wickets": 1}, "34cbc9d2": {"runs": 0, "balls": 1, "wickets": 0}}, "fifties": 0, "thirties": 0, "centuries": 0, "maidens": 1.0, "hattricks": 1, "runs": 121.0, "wickets": 34.0, "club_ODI_previous3_runs": [], "club_ODI_previous3_wickets": [], "club_ODI_previous3_balls played": [], "club_ODI_previous3_overs": [], "club_ODI_previous3_runs gave": [], "club_ODI_lifetime_runs": 0.0, "club_ODI_lifetime_wickets": 0.0, "club_ODI_lifetime_balls played": 0.0, "club_ODI_lifetime_overs": 0.0, "club_ODI_lifetime_runs gave": 0.0, "club_Test_previous3_runs": [], "club_Test_previous3_wickets": [], "club_Test_previous3_balls played": [], "club_Test_previous3_overs": [], "club_Test_previous3_runs gave": [], "club_Test_lifetime_runs": 0.0, "club_Test_lifetime_wickets": 0.0, "club_Test_lifetime_balls played": 0.0, "club_Test_lifetime_overs": 0.0, "club_Test_lifetime_runs gave": 0.0, "club_T20_previous3_runs": [2.0, 0.0, 0.0], "club_T20_previous3_wickets": [1.0, 0.0, 0.0], "club_T20_previous3_balls played": [6.0, 0.0, 1.0], "club_T20_previous3_overs": [3.0, 2.0, 2.0], "club_T20_previous3_runs gave": [18.0, 18.0, 15.0], "club_T20_lifetime_runs": 121.0, "club_T20_lifetime_wickets": 34.0, "club_T20_lifetime_balls played": 106.0, "club_T20_lifetime_overs": 123.5, "club_T20_lifetime_runs gave": 984.0, "international_ODI_previous3_runs": [], "international_ODI_previous3_wickets": [], "international_ODI_previous3_balls played": [], "international_ODI_previous3_overs": [], "international_ODI_previous3_runs gave": [], "international_ODI_lifetime_runs": 0.0, "international_ODI_lifetime_wickets": 0.0, "international_ODI_lifetime_balls played": 0.0, "international_ODI_lifetime_overs": 0.0, "international_ODI_lifetime_runs gave": 0.0, "international_Test_previous3_runs": [], "international_Test_previous3_wickets": [], "international_Test_previous3_balls played": [], "international_Test_previous3_overs": [], "international_Test_previous3_runs gave": [], "international_Test_lifetime_runs": 0.0, "international_Test_lifetime_wickets": 0.0, "international_Test_lifetime_balls played": 0.0, "international_Test_lifetime_overs": 0.0, "international_Test_lifetime_runs gave": 0.0, "international_T20_previous3_runs": [], "international_T20_previous3_wickets": [], "international_T20_previous3_balls played": [], "international_T20_previous3_overs": [], "international_T20_previous3_runs gave": [], "international_T20_lifetime_runs": 0.0, "international_T20_lifetime_wickets": 0.0, "international_T20_lifetime_balls played": 0.0, "international_T20_lifetime_overs": 0.0, "international_T20_lifetime_runs gave": 0.0}