{"played_against": {"eff8b730": {"runs": 1, "balls": 2, "wickets": 0}, "795df06c": {"runs": 0, "balls": 1, "wickets": 1}, "3cd10113": {"runs": 1, "balls": 3, "wickets": 0}, "48f25627": {"runs": 3, "balls": 11, "wickets": 0}, "ea9a0642": {"runs": 0, "balls": 2, "wickets": 0}, "2b8718c8": {"runs": 0, "balls": 2, "wickets": 1}, "98d05440": {"runs": 0, "balls": 5, "wickets": 0}, "1adb8ee8": {"runs": 2, "balls": 3, "wickets": 0}, "12c3ba4d": {"runs": 1, "balls": 1, "wickets": 0}, "e16e7347": {"runs": 3, "balls": 7, "wickets": 0}, "540ffb25": {"runs": 1, "balls": 3, "wickets": 0}, "c07a1f41": {"runs": 0, "balls": 4, "wickets": 0}, "7bf34437": {"runs": 1, "balls": 1, "wickets": 0}, "fccf5309": {"runs": 0, "balls": 6, "wickets": 1}, "b03db6fa": {"runs": 0, "balls": 5, "wickets": 0}, "96503059": {"runs": 0, "balls": 7, "wickets": 0}, "aef2982e": {"runs": 1, "balls": 7, "wickets": 0}, "b3b39bed": {"runs": 1, "balls": 10, "wickets": 0}, "dcdb87f2": {"runs": 1, "balls": 12, "wickets": 1}, "5efa8af3": {"runs": 1, "balls": 2, "wickets": 0}, "415d30b6": {"runs": 0, "balls": 1, "wickets": 0}, "f8035c2a": {"runs": 1, "balls": 7, "wickets": 0}, "1ac2a995": {"runs": 1, "balls": 2, "wickets": 0}, "9048c17e": {"runs": 6, "balls": 9, "wickets": 0}, "753b5a2d": {"runs": 5, "balls": 8, "wickets": 1}, "13598ebc": {"runs": 0, "balls": 6, "wickets": 0}, "bd9fbd51": {"runs": 1, "balls": 1, "wickets": 0}, "e85d03d6": {"runs": 1, "balls": 2, "wickets": 0}, "c26cd57a": {"runs": 1, "balls": 4, "wickets": 0}, "3c87f0c3": {"runs": 0, "balls": 3, "wickets": 1}, "c9d05f1a": {"runs": 0, "balls": 6, "wickets": 0}, "00321fff": {"runs": 1, "balls": 4, "wickets": 0}, "d3851cd8": {"runs": 0, "balls": 2, "wickets": 1}, "49118dc7": {"runs": 0, "balls": 5, "wickets": 0}, "3a82673c": {"runs": 3, "balls": 3, "wickets": 0}, "2dcac6ff": {"runs": 3, "balls": 5, "wickets": 0}, "8088632c": {"runs": 4, "balls": 4, "wickets": 0}, "29ee9bf9": {"runs": 2, "balls": 3, "wickets": 0}, "bbab35a3": {"runs": 1, "balls": 2, "wickets": 0}, "91056862": {"runs": 2, "balls": 4, "wickets": 1}, "1f3b9f8d": {"runs": 2, "balls": 6, "wickets": 0}, "e73f6c4b": {"runs": 0, "balls": 1, "wickets": 1}, "eb4f9c61": {"runs": 1, "balls": 1, "wickets": 0}, "aa8d28ae": {"runs": 0, "balls": 1, "wickets": 0}, "537021f5": {"runs": 1, "balls": 2, "wickets": 0}, "29b322c7": {"runs": 1, "balls": 1, "wickets": 0}, "66a7f213": {"runs": 1, "balls": 1, "wickets": 0}, "0e56c514": {"runs": 1, "balls": 1, "wickets": 0}}, "fifties": 0, "thirties": 0, "centuries": 0, "maidens": 39.0, "hattricks": 6, "runs": 56.0, "wickets": 97.0, "club_ODI_previous3_runs": [], "club_ODI_previous3_wickets": [], "club_ODI_previous3_balls played": [], "club_ODI_previous3_overs": [], "club_ODI_previous3_runs gave": [], "club_ODI_lifetime_runs": 0.0, "club_ODI_lifetime_wickets": 0.0, "club_ODI_lifetime_balls played": 0.0, "club_ODI_lifetime_overs": 0.0, "club_ODI_lifetime_runs gave": 0.0, "club_Test_previous3_runs": [], "club_Test_previous3_wickets": [], "club_Test_previous3_balls played": [], "club_Test_previous3_overs": [], "club_Test_previous3_runs gave": [], "club_Test_lifetime_runs": 0.0, "club_Test_lifetime_wickets": 0.0, "club_Test_lifetime_balls played": 0.0, "club_Test_lifetime_overs": 0.0, "club_Test_lifetime_runs gave": 0.0, "club_T20_previous3_runs": [], "club_T20_previous3_wickets": [], "club_T20_previous3_balls played": [], "club_T20_previous3_overs": [], "club_T20_previous3_runs gave": [], "club_T20_lifetime_runs": 0.0, "club_T20_lifetime_wickets": 0.0, "club_T20_lifetime_balls played": 0.0, "club_T20_lifetime_overs": 0.0, "club_T20_lifetime_runs gave": 0.0, "international_ODI_previous3_runs": [0.0, 2.0, 1.0], "international_ODI_previous3_wickets": [1.0, 1.0, 4.0], "international_ODI_previous3_balls played": [0.0, 2.0, 1.0], "international_ODI_previous3_overs": [6.833333333333333, 1.0, 10.0], "international_ODI_previous3_runs gave": [15.0, 1.0, 28.0], "international_ODI_lifetime_runs": 32.0, "international_ODI_lifetime_wickets": 36.0, "international_ODI_lifetime_balls played": 142.0, "international_ODI_lifetime_overs": 313.5, "international_ODI_lifetime_runs gave": 1158.0, "international_Test_previous3_runs": [], "international_Test_previous3_wickets": [], "international_Test_previous3_balls played": [], "international_Test_previous3_overs": [], "international_Test_previous3_runs gave": [], "international_Test_lifetime_runs": 0.0, "international_Test_lifetime_wickets": 0.0, "international_Test_lifetime_balls played": 0.0, "international_Test_lifetime_overs": 0.0, "international_Test_lifetime_runs gave": 0.0, "international_T20_previous3_runs": [0.0, 0.0, 0.0], "international_T20_previous3_wickets": [2.0, 0.0, 1.0], "international_T20_previous3_balls played": [0.0, 0.0, 0.0], "international_T20_previous3_overs": [4.0, 1.8333333333333335, 4.0], "international_T20_previous3_runs gave": [25.0, 22.0, 14.0], "international_T20_lifetime_runs": 24.0, "international_T20_lifetime_wickets": 61.0, "international_T20_lifetime_balls played": 48.0, "international_T20_lifetime_overs": 231.00000000000003, "international_T20_lifetime_runs gave": 1373.0}