{"played_against": {"c32087fc": {"runs": 2, "balls": 2, "wickets": 1}, "ddb00822": {"runs": 1, "balls": 3, "wickets": 0}, "8d83e97a": {"runs": 3, "balls": 5, "wickets": 1}, "39dd4d6d": {"runs": 1, "balls": 1, "wickets": 0}, "077da288": {"runs": 1, "balls": 1, "wickets": 0}, "8291f939": {"runs": 3, "balls": 3, "wickets": 1}, "2e171977": {"runs": 5, "balls": 5, "wickets": 1}, "a18da10f": {"runs": 8, "balls": 4, "wickets": 0}, "98ae73b1": {"runs": 10, "balls": 11, "wickets": 0}, "eef2536f": {"runs": 2, "balls": 5, "wickets": 1}, "49bacd0f": {"runs": 2, "balls": 2, "wickets": 0}, "9385de2e": {"runs": 4, "balls": 4, "wickets": 0}, "017e2f0d": {"runs": 4, "balls": 7, "wickets": 0}, "ce2b42ae": {"runs": 4, "balls": 4, "wickets": 0}, "47ccd2bb": {"runs": 1, "balls": 2, "wickets": 0}, "b5c62bdc": {"runs": 1, "balls": 1, "wickets": 0}, "de4b0555": {"runs": 11, "balls": 7, "wickets": 0}, "fb24e76c": {"runs": 12, "balls": 6, "wickets": 0}, "0a3d54b9": {"runs": 2, "balls": 2, "wickets": 0}, "59c8c5b5": {"runs": 1, "balls": 1, "wickets": 0}, "8254ea06": {"runs": 19, "balls": 8, "wickets": 0}, "f0380005": {"runs": 13, "balls": 9, "wickets": 0}, "ad427b5c": {"runs": 5, "balls": 4, "wickets": 0}, "fb2d1dda": {"runs": 17, "balls": 13, "wickets": 0}, "f62772e5": {"runs": 10, "balls": 9, "wickets": 0}, "bee290b6": {"runs": 17, "balls": 6, "wickets": 0}, "30df8c66": {"runs": 1, "balls": 1, "wickets": 0}, "fe473dc2": {"runs": 7, "balls": 4, "wickets": 0}, "61a3c20c": {"runs": 10, "balls": 7, "wickets": 0}, "4e57144f": {"runs": 10, "balls": 8, "wickets": 0}, "85aae393": {"runs": 4, "balls": 3, "wickets": 1}, "7c3c0337": {"runs": 2, "balls": 3, "wickets": 0}, "9170ff49": {"runs": 4, "balls": 6, "wickets": 0}, "734062e6": {"runs": 2, "balls": 2, "wickets": 0}, "b10e8c85": {"runs": 1, "balls": 3, "wickets": 1}, "fa73f373": {"runs": 10, "balls": 7, "wickets": 0}, "9dc27cf0": {"runs": 13, "balls": 12, "wickets": 0}, "caabc8e4": {"runs": 6, "balls": 4, "wickets": 0}, "134bead2": {"runs": 5, "balls": 3, "wickets": 1}, "e1e7f950": {"runs": 18, "balls": 9, "wickets": 0}, "ec9fc54b": {"runs": 10, "balls": 6, "wickets": 0}, "5f06c5a8": {"runs": 5, "balls": 3, "wickets": 0}, "1ac746c8": {"runs": 6, "balls": 1, "wickets": 0}, "cd8d2859": {"runs": 0, "balls": 1, "wickets": 1}, "239f7526": {"runs": 1, "balls": 1, "wickets": 0}, "e0407c01": {"runs": 1, "balls": 2, "wickets": 0}, "df064e1a": {"runs": 2, "balls": 5, "wickets": 0}, "a2f46292": {"runs": 2, "balls": 4, "wickets": 0}, "2ed569a0": {"runs": 1, "balls": 2, "wickets": 0}, "7b5b6311": {"runs": 2, "balls": 3, "wickets": 0}, "5f39537c": {"runs": 1, "balls": 1, "wickets": 0}, "f1809c03": {"runs": 2, "balls": 3, "wickets": 0}, "94253925": {"runs": 4, "balls": 5, "wickets": 1}, "bc67cc22": {"runs": 2, "balls": 2, "wickets": 0}, "982dc390": {"runs": 0, "balls": 0, "wickets": 0}, "2a6afc6f": {"runs": 2, "balls": 3, "wickets": 1}, "e7e1eeb2": {"runs": 12, "balls": 8, "wickets": 0}, "d221c0cf": {"runs": 10, "balls": 5, "wickets": 0}, "d7b3a420": {"runs": 24, "balls": 12, "wickets": 0}, "76d0ac27": {"runs": 15, "balls": 9, "wickets": 0}, "911d04ad": {"runs": 6, "balls": 9, "wickets": 0}, "44cb17b4": {"runs": 5, "balls": 3, "wickets": 1}, "21d4e29b": {"runs": 2, "balls": 4, "wickets": 1}, "9fc0ef64": {"runs": 2, "balls": 3, "wickets": 0}, "30fc60b5": {"runs": 3, "balls": 6, "wickets": 0}, "54e52590": {"runs": 6, "balls": 4, "wickets": 0}, "f6cb1703": {"runs": 5, "balls": 3, "wickets": 0}, "4125d931": {"runs": 7, "balls": 6, "wickets": 0}, "edb3d4f8": {"runs": 5, "balls": 5, "wickets": 1}}, "fifties": 2, "thirties": 3, "centuries": 0, "maidens": 0.0, "hattricks": 0, "runs": 395.0, "wickets": 3.0, "club_ODI_previous3_runs": [], "club_ODI_previous3_wickets": [], "club_ODI_previous3_balls played": [], "club_ODI_previous3_overs": [], "club_ODI_previous3_runs gave": [], "club_ODI_lifetime_runs": 0.0, "club_ODI_lifetime_wickets": 0.0, "club_ODI_lifetime_balls played": 0.0, "club_ODI_lifetime_overs": 0.0, "club_ODI_lifetime_runs gave": 0.0, "club_Test_previous3_runs": [], "club_Test_previous3_wickets": [], "club_Test_previous3_balls played": [], "club_Test_previous3_overs": [], "club_Test_previous3_runs gave": [], "club_Test_lifetime_runs": 0.0, "club_Test_lifetime_wickets": 0.0, "club_Test_lifetime_balls played": 0.0, "club_Test_lifetime_overs": 0.0, "club_Test_lifetime_runs gave": 0.0, "club_T20_previous3_runs": [72.0, 4.0, 26.0], "club_T20_previous3_wickets": [0.0, 0.0, 0.0], "club_T20_previous3_balls played": [46.0, 7.0, 24.0], "club_T20_previous3_overs": [0.0, 0.0, 0.0], "club_T20_previous3_runs gave": [0.0, 0.0, 0.0], "club_T20_lifetime_runs": 395.0, "club_T20_lifetime_wickets": 3.0, "club_T20_lifetime_balls played": 316.0, "club_T20_lifetime_overs": 5.833333333333334, "club_T20_lifetime_runs gave": 14.0, "international_ODI_previous3_runs": [], "international_ODI_previous3_wickets": [], "international_ODI_previous3_balls played": [], "international_ODI_previous3_overs": [], "international_ODI_previous3_runs gave": [], "international_ODI_lifetime_runs": 0.0, "international_ODI_lifetime_wickets": 0.0, "international_ODI_lifetime_balls played": 0.0, "international_ODI_lifetime_overs": 0.0, "international_ODI_lifetime_runs gave": 0.0, "international_Test_previous3_runs": [], "international_Test_previous3_wickets": [], "international_Test_previous3_balls played": [], "international_Test_previous3_overs": [], "international_Test_previous3_runs gave": [], "international_Test_lifetime_runs": 0.0, "international_Test_lifetime_wickets": 0.0, "international_Test_lifetime_balls played": 0.0, "international_Test_lifetime_overs": 0.0, "international_Test_lifetime_runs gave": 0.0, "international_T20_previous3_runs": [], "international_T20_previous3_wickets": [], "international_T20_previous3_balls played": [], "international_T20_previous3_overs": [], "international_T20_previous3_runs gave": [], "international_T20_lifetime_runs": 0.0, "international_T20_lifetime_wickets": 0.0, "international_T20_lifetime_balls played": 0.0, "international_T20_lifetime_overs": 0.0, "international_T20_lifetime_runs gave": 0.0}