{"played_against": {"0aedbfd4": {"runs": 0, "balls": 3, "wickets": 0}, "92173bfb": {"runs": 6, "balls": 4, "wickets": 1}, "fb0abc20": {"runs": 2, "balls": 3, "wickets": 0}}, "fifties": 0, "thirties": 0, "centuries": 0, "maidens": 6.0, "hattricks": 1, "runs": 8.0, "wickets": 13.0, "club_ODI_previous3_runs": [], "club_ODI_previous3_wickets": [], "club_ODI_previous3_balls played": [], "club_ODI_previous3_overs": [], "club_ODI_previous3_runs gave": [], "club_ODI_lifetime_runs": 0.0, "club_ODI_lifetime_wickets": 0.0, "club_ODI_lifetime_balls played": 0.0, "club_ODI_lifetime_overs": 0.0, "club_ODI_lifetime_runs gave": 0.0, "club_Test_previous3_runs": [], "club_Test_previous3_wickets": [], "club_Test_previous3_balls played": [], "club_Test_previous3_overs": [], "club_Test_previous3_runs gave": [], "club_Test_lifetime_runs": 0.0, "club_Test_lifetime_wickets": 0.0, "club_Test_lifetime_balls played": 0.0, "club_Test_lifetime_overs": 0.0, "club_Test_lifetime_runs gave": 0.0, "club_T20_previous3_runs": [], "club_T20_previous3_wickets": [], "club_T20_previous3_balls played": [], "club_T20_previous3_overs": [], "club_T20_previous3_runs gave": [], "club_T20_lifetime_runs": 0.0, "club_T20_lifetime_wickets": 0.0, "club_T20_lifetime_balls played": 0.0, "club_T20_lifetime_overs": 0.0, "club_T20_lifetime_runs gave": 0.0, "international_ODI_previous3_runs": [0.0, 0.0, 0.0], "international_ODI_previous3_wickets": [0.0, 2.0, 0.0], "international_ODI_previous3_balls played": [0.0, 0.0, 0.0], "international_ODI_previous3_overs": [9.0, 8.0, 7.0], "international_ODI_previous3_runs gave": [68.0, 20.0, 34.0], "international_ODI_lifetime_runs": 6.0, "international_ODI_lifetime_wickets": 11.0, "international_ODI_lifetime_balls played": 7.0, "international_ODI_lifetime_overs": 77.0, "international_ODI_lifetime_runs gave": 321.0, "international_Test_previous3_runs": [], "international_Test_previous3_wickets": [], "international_Test_previous3_balls played": [], "international_Test_previous3_overs": [], "international_Test_previous3_runs gave": [], "international_Test_lifetime_runs": 0.0, "international_Test_lifetime_wickets": 0.0, "international_Test_lifetime_balls played": 0.0, "international_Test_lifetime_overs": 0.0, "international_Test_lifetime_runs gave": 0.0, "international_T20_previous3_runs": [0.0, 0.0, 2.0], "international_T20_previous3_wickets": [1.0, 0.0, 1.0], "international_T20_previous3_balls played": [0.0, 0.0, 3.0], "international_T20_previous3_overs": [4.0, 2.0, 3.0], "international_T20_previous3_runs gave": [29.0, 24.0, 13.0], "international_T20_lifetime_runs": 2.0, "international_T20_lifetime_wickets": 2.0, "international_T20_lifetime_balls played": 3.0, "international_T20_lifetime_overs": 16.0, "international_T20_lifetime_runs gave": 107.0}