{"played_against": {"017faef2": {"runs": 5, "balls": 9, "wickets": 0}, "1688f2dc": {"runs": 5, "balls": 6, "wickets": 1}, "6e849a7b": {"runs": 1, "balls": 3, "wickets": 0}, "e85d03d6": {"runs": 2, "balls": 3, "wickets": 0}, "915264c2": {"runs": 12, "balls": 10, "wickets": 0}, "f468293b": {"runs": 3, "balls": 4, "wickets": 0}, "f15d17c7": {"runs": 5, "balls": 3, "wickets": 0}, "16ddd36b": {"runs": 3, "balls": 3, "wickets": 0}, "4ba4649c": {"runs": 6, "balls": 6, "wickets": 0}, "e7a0cb9a": {"runs": 2, "balls": 3, "wickets": 1}, "792805ee": {"runs": 4, "balls": 2, "wickets": 0}, "602ebd4c": {"runs": 4, "balls": 3, "wickets": 1}, "0848ac5f": {"runs": 12, "balls": 12, "wickets": 0}, "847b4bdd": {"runs": 14, "balls": 9, "wickets": 1}, "b7abb123": {"runs": 14, "balls": 10, "wickets": 0}, "0bab1be2": {"runs": 25, "balls": 11, "wickets": 0}, "01679383": {"runs": 11, "balls": 6, "wickets": 2}, "75f3aa00": {"runs": 23, "balls": 10, "wickets": 0}, "8ad3d034": {"runs": 39, "balls": 17, "wickets": 0}, "7ae1aad9": {"runs": 6, "balls": 6, "wickets": 0}, "809ab8d4": {"runs": 7, "balls": 5, "wickets": 0}, "bf896894": {"runs": 12, "balls": 6, "wickets": 0}, "8f70fff7": {"runs": 0, "balls": 1, "wickets": 1}, "008a024c": {"runs": 15, "balls": 21, "wickets": 0}, "08df0bd3": {"runs": 2, "balls": 3, "wickets": 0}, "33ab1f1c": {"runs": 8, "balls": 4, "wickets": 0}, "a96b36af": {"runs": 9, "balls": 10, "wickets": 1}, "4393e047": {"runs": 6, "balls": 5, "wickets": 1}, "1ce4f664": {"runs": 2, "balls": 3, "wickets": 1}, "8b46fc4f": {"runs": 19, "balls": 12, "wickets": 0}, "414d8a10": {"runs": 0, "balls": 3, "wickets": 0}, "269cc4ff": {"runs": 2, "balls": 4, "wickets": 0}, "2b7609f1": {"runs": 20, "balls": 6, "wickets": 0}, "a3a275ec": {"runs": 6, "balls": 8, "wickets": 1}, "30d8136b": {"runs": 6, "balls": 3, "wickets": 0}, "18ae55e4": {"runs": 4, "balls": 5, "wickets": 0}, "20d948ae": {"runs": 7, "balls": 10, "wickets": 0}, "71fa64d6": {"runs": 4, "balls": 3, "wickets": 1}, "5fe3709e": {"runs": 13, "balls": 11, "wickets": 0}, "c74c583b": {"runs": 15, "balls": 13, "wickets": 1}, "26c9b5be": {"runs": 12, "balls": 15, "wickets": 0}, "118b0a7c": {"runs": 14, "balls": 8, "wickets": 0}, "bc3fc527": {"runs": 9, "balls": 3, "wickets": 0}, "fde53ec1": {"runs": 3, "balls": 7, "wickets": 0}, "b7062209": {"runs": 9, "balls": 4, "wickets": 0}, "7a787b98": {"runs": 9, "balls": 6, "wickets": 1}, "1a8cedc8": {"runs": 17, "balls": 11, "wickets": 0}, "e086735b": {"runs": 10, "balls": 8, "wickets": 0}, "e0f12392": {"runs": 19, "balls": 10, "wickets": 0}, "7f929ebe": {"runs": 13, "balls": 6, "wickets": 0}, "4d2b96b4": {"runs": 10, "balls": 4, "wickets": 0}, "91056862": {"runs": 1, "balls": 5, "wickets": 0}, "34e36b65": {"runs": 4, "balls": 3, "wickets": 0}, "c06c25fd": {"runs": 1, "balls": 1, "wickets": 0}, "4a2ce060": {"runs": 16, "balls": 10, "wickets": 0}, "0ec45a9a": {"runs": 3, "balls": 5, "wickets": 0}, "49118dc7": {"runs": 0, "balls": 2, "wickets": 0}, "6e3f5a5c": {"runs": 0, "balls": 2, "wickets": 0}, "c62a0327": {"runs": 11, "balls": 4, "wickets": 0}, "b5dcec37": {"runs": 23, "balls": 15, "wickets": 0}, "f5be7b08": {"runs": 6, "balls": 8, "wickets": 0}, "29663fda": {"runs": 2, "balls": 3, "wickets": 0}, "656fc15b": {"runs": 5, "balls": 5, "wickets": 1}, "090f96e4": {"runs": 4, "balls": 8, "wickets": 0}, "d3eedb51": {"runs": 11, "balls": 4, "wickets": 0}, "8088632c": {"runs": 4, "balls": 5, "wickets": 0}, "e73f6c4b": {"runs": 7, "balls": 5, "wickets": 0}, "ba57fb08": {"runs": 1, "balls": 2, "wickets": 0}, "bfc7799f": {"runs": 4, "balls": 1, "wickets": 0}, "53dd7d8e": {"runs": 19, "balls": 10, "wickets": 0}, "06b8bdb3": {"runs": 12, "balls": 11, "wickets": 0}, "e2b86f12": {"runs": 7, "balls": 4, "wickets": 0}, "ca47f0fb": {"runs": 20, "balls": 14, "wickets": 0}}, "fifties": 4, "thirties": 4, "centuries": 1, "maidens": 2.0, "hattricks": 1, "runs": 639.0, "wickets": 15.0, "club_ODI_previous3_runs": [], "club_ODI_previous3_wickets": [], "club_ODI_previous3_balls played": [], "club_ODI_previous3_overs": [], "club_ODI_previous3_runs gave": [], "club_ODI_lifetime_runs": 0.0, "club_ODI_lifetime_wickets": 0.0, "club_ODI_lifetime_balls played": 0.0, "club_ODI_lifetime_overs": 0.0, "club_ODI_lifetime_runs gave": 0.0, "club_Test_previous3_runs": [], "club_Test_previous3_wickets": [], "club_Test_previous3_balls played": [], "club_Test_previous3_overs": [], "club_Test_previous3_runs gave": [], "club_Test_lifetime_runs": 0.0, "club_Test_lifetime_wickets": 0.0, "club_Test_lifetime_balls played": 0.0, "club_Test_lifetime_overs": 0.0, "club_Test_lifetime_runs gave": 0.0, "club_T20_previous3_runs": [], "club_T20_previous3_wickets": [], "club_T20_previous3_balls played": [], "club_T20_previous3_overs": [], "club_T20_previous3_runs gave": [], "club_T20_lifetime_runs": 0.0, "club_T20_lifetime_wickets": 0.0, "club_T20_lifetime_balls played": 0.0, "club_T20_lifetime_overs": 0.0, "club_T20_lifetime_runs gave": 0.0, "international_ODI_previous3_runs": [], "international_ODI_previous3_wickets": [], "international_ODI_previous3_balls played": [], "international_ODI_previous3_overs": [], "international_ODI_previous3_runs gave": [], "international_ODI_lifetime_runs": 0.0, "international_ODI_lifetime_wickets": 0.0, "international_ODI_lifetime_balls played": 0.0, "international_ODI_lifetime_overs": 0.0, "international_ODI_lifetime_runs gave": 0.0, "international_Test_previous3_runs": [], "international_Test_previous3_wickets": [], "international_Test_previous3_balls played": [], "international_Test_previous3_overs": [], "international_Test_previous3_runs gave": [], "international_Test_lifetime_runs": 0.0, "international_Test_lifetime_wickets": 0.0, "international_Test_lifetime_balls played": 0.0, "international_Test_lifetime_overs": 0.0, "international_Test_lifetime_runs gave": 0.0, "international_T20_previous3_runs": [47.0, 31.0, 76.0], "international_T20_previous3_wickets": [0.0, 2.0, 0.0], "international_T20_previous3_balls played": [35.0, 25.0, 50.0], "international_T20_previous3_overs": [4.0, 4.0, 3.0], "international_T20_previous3_runs gave": [17.0, 6.0, 22.0], "international_T20_lifetime_runs": 639.0, "international_T20_lifetime_wickets": 15.0, "international_T20_lifetime_balls played": 481.0, "international_T20_lifetime_overs": 62.66666666666667, "international_T20_lifetime_runs gave": 466.0}