{"played_against": {"4c5d73db": {"runs": 21, "balls": 20, "wickets": 0}, "e0ac7144": {"runs": 9, "balls": 14, "wickets": 0}, "6c908ffc": {"runs": 15, "balls": 14, "wickets": 0}, "f5821615": {"runs": 26, "balls": 20, "wickets": 1}, "2223b920": {"runs": 7, "balls": 9, "wickets": 0}, "b552a935": {"runs": 4, "balls": 19, "wickets": 1}, "06c2de82": {"runs": 0, "balls": 5, "wickets": 0}, "93e06301": {"runs": 0, "balls": 8, "wickets": 1}, "47b4ad09": {"runs": 1, "balls": 2, "wickets": 0}, "c163432a": {"runs": 1, "balls": 8, "wickets": 0}, "b20f423b": {"runs": 18, "balls": 63, "wickets": 2}, "59792462": {"runs": 4, "balls": 2, "wickets": 0}, "ab474682": {"runs": 22, "balls": 51, "wickets": 0}, "85afed77": {"runs": 4, "balls": 7, "wickets": 0}, "f1ba9ed7": {"runs": 1, "balls": 3, "wickets": 0}, "6c6aca89": {"runs": 5, "balls": 3, "wickets": 0}, "025a092b": {"runs": 13, "balls": 13, "wickets": 1}, "e91de70e": {"runs": 8, "balls": 6, "wickets": 1}, "f3abd0c9": {"runs": 12, "balls": 10, "wickets": 0}, "e9d5218e": {"runs": 7, "balls": 6, "wickets": 0}, "3dd30077": {"runs": 15, "balls": 5, "wickets": 0}, "ad962377": {"runs": 0, "balls": 1, "wickets": 1}, "7d5e0b78": {"runs": 16, "balls": 6, "wickets": 0}, "c03c6200": {"runs": 1, "balls": 3, "wickets": 0}, "aac9f784": {"runs": 3, "balls": 2, "wickets": 0}, "450f6fa6": {"runs": 6, "balls": 6, "wickets": 1}, "5da34add": {"runs": 1, "balls": 1, "wickets": 0}, "6232e1ed": {"runs": 12, "balls": 6, "wickets": 0}, "85ebf2be": {"runs": 5, "balls": 3, "wickets": 0}, "aed5be04": {"runs": 9, "balls": 10, "wickets": 0}, "0a12e736": {"runs": 6, "balls": 5, "wickets": 0}, "0bec3a6c": {"runs": 17, "balls": 7, "wickets": 1}, "e86754b2": {"runs": 6, "balls": 4, "wickets": 0}, "5ac8f17b": {"runs": 0, "balls": 1, "wickets": 0}, "26ff4c29": {"runs": 4, "balls": 3, "wickets": 1}, "e9987a94": {"runs": 1, "balls": 1, "wickets": 0}, "eddf25bd": {"runs": 0, "balls": 2, "wickets": 0}, "b21ed464": {"runs": 12, "balls": 18, "wickets": 0}, "903c1d37": {"runs": 28, "balls": 62, "wickets": 0}, "5fcb6fb1": {"runs": 28, "balls": 35, "wickets": 0}, "8bf61e65": {"runs": 11, "balls": 13, "wickets": 0}, "58043739": {"runs": 8, "balls": 17, "wickets": 1}, "b8d490fd": {"runs": 5, "balls": 12, "wickets": 0}, "f2ab7a69": {"runs": 4, "balls": 5, "wickets": 0}, "70b8fd28": {"runs": 11, "balls": 17, "wickets": 1}, "49b6c09f": {"runs": 0, "balls": 0, "wickets": 0}, "bca21d18": {"runs": 4, "balls": 5, "wickets": 1}, "49299473": {"runs": 8, "balls": 4, "wickets": 0}, "e087956b": {"runs": 6, "balls": 25, "wickets": 1}, "012829ff": {"runs": 2, "balls": 3, "wickets": 0}, "71440756": {"runs": 0, "balls": 6, "wickets": 0}, "2a2e6343": {"runs": 4, "balls": 5, "wickets": 0}, "dc670143": {"runs": 1, "balls": 2, "wickets": 0}}, "fifties": 1, "thirties": 3, "centuries": 1, "maidens": 0.0, "hattricks": 0, "runs": 412.0, "wickets": 2.0, "club_ODI_previous3_runs": [], "club_ODI_previous3_wickets": [], "club_ODI_previous3_balls played": [], "club_ODI_previous3_overs": [], "club_ODI_previous3_runs gave": [], "club_ODI_lifetime_runs": 0.0, "club_ODI_lifetime_wickets": 0.0, "club_ODI_lifetime_balls played": 0.0, "club_ODI_lifetime_overs": 0.0, "club_ODI_lifetime_runs gave": 0.0, "club_Test_previous3_runs": [1.0, 107.0, 8.0], "club_Test_previous3_wickets": [2.0, 0.0, 0.0], "club_Test_previous3_balls played": [10.0, 179.0, 34.0], "club_Test_previous3_overs": [1.8333333333333335, 2.0, 1.0], "club_Test_previous3_runs gave": [5.0, 9.0, 6.0], "club_Test_lifetime_runs": 247.0, "club_Test_lifetime_wickets": 2.0, "club_Test_lifetime_balls played": 454.0, "club_Test_lifetime_overs": 6.833333333333334, "club_Test_lifetime_runs gave": 30.0, "club_T20_previous3_runs": [1.0, 12.0, 17.0], "club_T20_previous3_wickets": [0.0, 0.0, 0.0], "club_T20_previous3_balls played": [6.0, 9.0, 19.0], "club_T20_previous3_overs": [0.0, 0.0, 0.0], "club_T20_previous3_runs gave": [0.0, 0.0, 0.0], "club_T20_lifetime_runs": 165.0, "club_T20_lifetime_wickets": 0.0, "club_T20_lifetime_balls played": 132.0, "club_T20_lifetime_overs": 3.0, "club_T20_lifetime_runs gave": 21.0, "international_ODI_previous3_runs": [], "international_ODI_previous3_wickets": [], "international_ODI_previous3_balls played": [], "international_ODI_previous3_overs": [], "international_ODI_previous3_runs gave": [], "international_ODI_lifetime_runs": 0.0, "international_ODI_lifetime_wickets": 0.0, "international_ODI_lifetime_balls played": 0.0, "international_ODI_lifetime_overs": 0.0, "international_ODI_lifetime_runs gave": 0.0, "international_Test_previous3_runs": [], "international_Test_previous3_wickets": [], "international_Test_previous3_balls played": [], "international_Test_previous3_overs": [], "international_Test_previous3_runs gave": [], "international_Test_lifetime_runs": 0.0, "international_Test_lifetime_wickets": 0.0, "international_Test_lifetime_balls played": 0.0, "international_Test_lifetime_overs": 0.0, "international_Test_lifetime_runs gave": 0.0, "international_T20_previous3_runs": [], "international_T20_previous3_wickets": [], "international_T20_previous3_balls played": [], "international_T20_previous3_overs": [], "international_T20_previous3_runs gave": [], "international_T20_lifetime_runs": 0.0, "international_T20_lifetime_wickets": 0.0, "international_T20_lifetime_balls played": 0.0, "international_T20_lifetime_overs": 0.0, "international_T20_lifetime_runs gave": 0.0}