{"played_against": {"f104c434": {"runs": 0, "balls": 1, "wickets": 0}, "d2ec068c": {"runs": 10, "balls": 12, "wickets": 1}, "78bbeba1": {"runs": 1, "balls": 6, "wickets": 0}, "7267e3cd": {"runs": 12, "balls": 24, "wickets": 1}, "3e06e7ac": {"runs": 5, "balls": 8, "wickets": 0}, "7c885103": {"runs": 8, "balls": 6, "wickets": 0}, "1579d497": {"runs": 18, "balls": 13, "wickets": 0}, "b3540b2a": {"runs": 0, "balls": 1, "wickets": 0}, "e553e27f": {"runs": 1, "balls": 2, "wickets": 0}, "f737ab44": {"runs": 6, "balls": 10, "wickets": 0}, "415d30b6": {"runs": 6, "balls": 12, "wickets": 0}, "2e092d2c": {"runs": 0, "balls": 1, "wickets": 0}, "09e86895": {"runs": 0, "balls": 3, "wickets": 1}, "c251b048": {"runs": 1, "balls": 5, "wickets": 0}, "91cc319d": {"runs": 2, "balls": 5, "wickets": 0}, "47b33198": {"runs": 18, "balls": 7, "wickets": 0}, "3883402f": {"runs": 7, "balls": 3, "wickets": 0}, "8e38d470": {"runs": 0, "balls": 2, "wickets": 0}, "36a0a88c": {"runs": 0, "balls": 3, "wickets": 1}, "44e00a4c": {"runs": 4, "balls": 4, "wickets": 0}, "8930a2a6": {"runs": 1, "balls": 2, "wickets": 1}, "3b2ca392": {"runs": 4, "balls": 4, "wickets": 0}, "98514dce": {"runs": 8, "balls": 4, "wickets": 1}, "d3d096f5": {"runs": 0, "balls": 1, "wickets": 0}, "ef6d6883": {"runs": 8, "balls": 9, "wickets": 1}, "f0a45427": {"runs": 1, "balls": 3, "wickets": 0}}, "fifties": 0, "thirties": 0, "centuries": 0, "maidens": 0.0, "hattricks": 0, "runs": 121.0, "wickets": 0.0, "club_ODI_previous3_runs": [], "club_ODI_previous3_wickets": [], "club_ODI_previous3_balls played": [], "club_ODI_previous3_overs": [], "club_ODI_previous3_runs gave": [], "club_ODI_lifetime_runs": 0.0, "club_ODI_lifetime_wickets": 0.0, "club_ODI_lifetime_balls played": 0.0, "club_ODI_lifetime_overs": 0.0, "club_ODI_lifetime_runs gave": 0.0, "club_Test_previous3_runs": [], "club_Test_previous3_wickets": [], "club_Test_previous3_balls played": [], "club_Test_previous3_overs": [], "club_Test_previous3_runs gave": [], "club_Test_lifetime_runs": 0.0, "club_Test_lifetime_wickets": 0.0, "club_Test_lifetime_balls played": 0.0, "club_Test_lifetime_overs": 0.0, "club_Test_lifetime_runs gave": 0.0, "club_T20_previous3_runs": [], "club_T20_previous3_wickets": [], "club_T20_previous3_balls played": [], "club_T20_previous3_overs": [], "club_T20_previous3_runs gave": [], "club_T20_lifetime_runs": 0.0, "club_T20_lifetime_wickets": 0.0, "club_T20_lifetime_balls played": 0.0, "club_T20_lifetime_overs": 0.0, "club_T20_lifetime_runs gave": 0.0, "international_ODI_previous3_runs": [], "international_ODI_previous3_wickets": [], "international_ODI_previous3_balls played": [], "international_ODI_previous3_overs": [], "international_ODI_previous3_runs gave": [], "international_ODI_lifetime_runs": 0.0, "international_ODI_lifetime_wickets": 0.0, "international_ODI_lifetime_balls played": 0.0, "international_ODI_lifetime_overs": 0.0, "international_ODI_lifetime_runs gave": 0.0, "international_Test_previous3_runs": [], "international_Test_previous3_wickets": [], "international_Test_previous3_balls played": [], "international_Test_previous3_overs": [], "international_Test_previous3_runs gave": [], "international_Test_lifetime_runs": 0.0, "international_Test_lifetime_wickets": 0.0, "international_Test_lifetime_balls played": 0.0, "international_Test_lifetime_overs": 0.0, "international_Test_lifetime_runs gave": 0.0, "international_T20_previous3_runs": [5.0, 8.0, 9.0], "international_T20_previous3_wickets": [0.0, 0.0, 0.0], "international_T20_previous3_balls played": [13.0, 4.0, 13.0], "international_T20_previous3_overs": [0.0, 0.0, 0.0], "international_T20_previous3_runs gave": [0.0, 0.0, 0.0], "international_T20_lifetime_runs": 121.0, "international_T20_lifetime_wickets": 0.0, "international_T20_lifetime_balls played": 152.0, "international_T20_lifetime_overs": 1.0, "international_T20_lifetime_runs gave": 13.0}