{"played_against": {"e45810ed": {"runs": 0, "balls": 1, "wickets": 0}, "3daaabaa": {"runs": 0, "balls": 1, "wickets": 1}, "5087811b": {"runs": 0, "balls": 1, "wickets": 0}, "3b22ee4e": {"runs": 11, "balls": 9, "wickets": 0}, "77e321db": {"runs": 10, "balls": 4, "wickets": 0}, "fa308279": {"runs": 9, "balls": 7, "wickets": 0}, "a138f597": {"runs": 21, "balls": 14, "wickets": 2}, "c228c52d": {"runs": 13, "balls": 5, "wickets": 0}, "fa39ad19": {"runs": 12, "balls": 8, "wickets": 0}, "643e4882": {"runs": 13, "balls": 13, "wickets": 0}, "f2c0c73d": {"runs": 13, "balls": 6, "wickets": 0}, "f219df21": {"runs": 10, "balls": 9, "wickets": 1}, "622be0d9": {"runs": 10, "balls": 8, "wickets": 0}, "5b616bf0": {"runs": 2, "balls": 3, "wickets": 0}, "3ed4e2ad": {"runs": 1, "balls": 2, "wickets": 1}, "e82543d5": {"runs": 0, "balls": 2, "wickets": 1}, "87609cbb": {"runs": 1, "balls": 4, "wickets": 0}, "d4f2a7b0": {"runs": 0, "balls": 3, "wickets": 0}, "38189be1": {"runs": 0, "balls": 1, "wickets": 1}, "e00acf74": {"runs": 17, "balls": 13, "wickets": 0}, "d8bee9a1": {"runs": 4, "balls": 4, "wickets": 0}, "63aa8148": {"runs": 4, "balls": 4, "wickets": 1}, "adca37a2": {"runs": 3, "balls": 5, "wickets": 0}}, "fifties": 0, "thirties": 1, "centuries": 0, "maidens": 1.0, "hattricks": 0, "runs": 154.0, "wickets": 7.0, "club_ODI_previous3_runs": [], "club_ODI_previous3_wickets": [], "club_ODI_previous3_balls played": [], "club_ODI_previous3_overs": [], "club_ODI_previous3_runs gave": [], "club_ODI_lifetime_runs": 0.0, "club_ODI_lifetime_wickets": 0.0, "club_ODI_lifetime_balls played": 0.0, "club_ODI_lifetime_overs": 0.0, "club_ODI_lifetime_runs gave": 0.0, "club_Test_previous3_runs": [], "club_Test_previous3_wickets": [], "club_Test_previous3_balls played": [], "club_Test_previous3_overs": [], "club_Test_previous3_runs gave": [], "club_Test_lifetime_runs": 0.0, "club_Test_lifetime_wickets": 0.0, "club_Test_lifetime_balls played": 0.0, "club_Test_lifetime_overs": 0.0, "club_Test_lifetime_runs gave": 0.0, "club_T20_previous3_runs": [], "club_T20_previous3_wickets": [], "club_T20_previous3_balls played": [], "club_T20_previous3_overs": [], "club_T20_previous3_runs gave": [], "club_T20_lifetime_runs": 0.0, "club_T20_lifetime_wickets": 0.0, "club_T20_lifetime_balls played": 0.0, "club_T20_lifetime_overs": 0.0, "club_T20_lifetime_runs gave": 0.0, "international_ODI_previous3_runs": [], "international_ODI_previous3_wickets": [], "international_ODI_previous3_balls played": [], "international_ODI_previous3_overs": [], "international_ODI_previous3_runs gave": [], "international_ODI_lifetime_runs": 0.0, "international_ODI_lifetime_wickets": 0.0, "international_ODI_lifetime_balls played": 0.0, "international_ODI_lifetime_overs": 0.0, "international_ODI_lifetime_runs gave": 0.0, "international_Test_previous3_runs": [], "international_Test_previous3_wickets": [], "international_Test_previous3_balls played": [], "international_Test_previous3_overs": [], "international_Test_previous3_runs gave": [], "international_Test_lifetime_runs": 0.0, "international_Test_lifetime_wickets": 0.0, "international_Test_lifetime_balls played": 0.0, "international_Test_lifetime_overs": 0.0, "international_Test_lifetime_runs gave": 0.0, "international_T20_previous3_runs": [1.0, 0.0, 28.0], "international_T20_previous3_wickets": [2.0, 1.0, 1.0], "international_T20_previous3_balls played": [6.0, 4.0, 26.0], "international_T20_previous3_overs": [4.0, 3.0, 4.0], "international_T20_previous3_runs gave": [8.0, 36.0, 22.0], "international_T20_lifetime_runs": 154.0, "international_T20_lifetime_wickets": 7.0, "international_T20_lifetime_balls played": 129.0, "international_T20_lifetime_overs": 38.0, "international_T20_lifetime_runs gave": 309.0}