{"played_against": {"a5dfcd4b": {"runs": 5, "balls": 8, "wickets": 0}, "780d1997": {"runs": 11, "balls": 6, "wickets": 0}, "438aef39": {"runs": 11, "balls": 3, "wickets": 0}, "995aedfe": {"runs": 8, "balls": 3, "wickets": 0}, "895faea3": {"runs": 11, "balls": 4, "wickets": 0}, "6cedad99": {"runs": 18, "balls": 6, "wickets": 0}, "c57fa67e": {"runs": 5, "balls": 5, "wickets": 0}, "c07a1f41": {"runs": 6, "balls": 6, "wickets": 0}, "ab343e93": {"runs": 14, "balls": 4, "wickets": 0}, "49118dc7": {"runs": 1, "balls": 9, "wickets": 2}, "dc67d315": {"runs": 17, "balls": 6, "wickets": 0}, "1a9e9efe": {"runs": 20, "balls": 20, "wickets": 1}, "753b5a2d": {"runs": 4, "balls": 1, "wickets": 0}, "87e33d07": {"runs": 9, "balls": 19, "wickets": 3}, "18db3f22": {"runs": 3, "balls": 5, "wickets": 0}, "46a7ac78": {"runs": 10, "balls": 9, "wickets": 1}, "62479b4b": {"runs": 9, "balls": 8, "wickets": 0}, "6d5983d4": {"runs": 11, "balls": 8, "wickets": 0}, "49be2f58": {"runs": 3, "balls": 3, "wickets": 1}, "5fe3709e": {"runs": 34, "balls": 18, "wickets": 0}, "b38a9f73": {"runs": 18, "balls": 18, "wickets": 1}, "266473e2": {"runs": 11, "balls": 9, "wickets": 0}, "1ce4f664": {"runs": 15, "balls": 17, "wickets": 1}, "bc3fc527": {"runs": 34, "balls": 20, "wickets": 0}, "6949f713": {"runs": 7, "balls": 11, "wickets": 1}, "118b0a7c": {"runs": 6, "balls": 5, "wickets": 0}, "dad64776": {"runs": 2, "balls": 2, "wickets": 0}, "f15d17c7": {"runs": 0, "balls": 2, "wickets": 1}, "7a787b98": {"runs": 7, "balls": 3, "wickets": 0}, "8c8a3f08": {"runs": 4, "balls": 2, "wickets": 0}, "792805ee": {"runs": 6, "balls": 4, "wickets": 0}, "602ebd4c": {"runs": 3, "balls": 4, "wickets": 0}, "89394502": {"runs": 2, "balls": 2, "wickets": 1}, "a96b36af": {"runs": 4, "balls": 9, "wickets": 0}, "4393e047": {"runs": 1, "balls": 2, "wickets": 1}, "99bf1fb7": {"runs": 0, "balls": 2, "wickets": 0}, "5493ad5c": {"runs": 3, "balls": 3, "wickets": 0}, "2af28253": {"runs": 7, "balls": 10, "wickets": 0}, "7fa6bd8e": {"runs": 3, "balls": 7, "wickets": 1}, "f5be7b08": {"runs": 8, "balls": 2, "wickets": 0}, "6f14ddcb": {"runs": 4, "balls": 2, "wickets": 0}, "d08fe309": {"runs": 1, "balls": 1, "wickets": 0}, "9238dd92": {"runs": 6, "balls": 6, "wickets": 1}, "bbab35a3": {"runs": 1, "balls": 2, "wickets": 1}, "8b46fc4f": {"runs": 1, "balls": 5, "wickets": 1}, "395695ce": {"runs": 1, "balls": 1, "wickets": 0}, "c06c25fd": {"runs": 1, "balls": 2, "wickets": 0}, "0848ac5f": {"runs": 11, "balls": 11, "wickets": 2}, "91056862": {"runs": 17, "balls": 12, "wickets": 2}, "29ee9bf9": {"runs": 9, "balls": 12, "wickets": 1}, "2b7609f1": {"runs": 26, "balls": 29, "wickets": 2}, "f33cfd25": {"runs": 5, "balls": 7, "wickets": 0}, "30d8136b": {"runs": 3, "balls": 7, "wickets": 1}, "3df8f9d5": {"runs": 2, "balls": 6, "wickets": 1}, "58cb36aa": {"runs": 19, "balls": 7, "wickets": 1}, "34e36b65": {"runs": 5, "balls": 9, "wickets": 1}, "a3a275ec": {"runs": 4, "balls": 4, "wickets": 0}, "a628a5c8": {"runs": 1, "balls": 1, "wickets": 0}, "3c87f0c3": {"runs": 0, "balls": 1, "wickets": 0}, "c26cd57a": {"runs": 0, "balls": 1, "wickets": 1}}, "fifties": 1, "thirties": 3, "centuries": 0, "maidens": 0.0, "hattricks": 1, "runs": 468.0, "wickets": 10.0, "club_ODI_previous3_runs": [], "club_ODI_previous3_wickets": [], "club_ODI_previous3_balls played": [], "club_ODI_previous3_overs": [], "club_ODI_previous3_runs gave": [], "club_ODI_lifetime_runs": 0.0, "club_ODI_lifetime_wickets": 0.0, "club_ODI_lifetime_balls played": 0.0, "club_ODI_lifetime_overs": 0.0, "club_ODI_lifetime_runs gave": 0.0, "club_Test_previous3_runs": [], "club_Test_previous3_wickets": [], "club_Test_previous3_balls played": [], "club_Test_previous3_overs": [], "club_Test_previous3_runs gave": [], "club_Test_lifetime_runs": 0.0, "club_Test_lifetime_wickets": 0.0, "club_Test_lifetime_balls played": 0.0, "club_Test_lifetime_overs": 0.0, "club_Test_lifetime_runs gave": 0.0, "club_T20_previous3_runs": [], "club_T20_previous3_wickets": [], "club_T20_previous3_balls played": [], "club_T20_previous3_overs": [], "club_T20_previous3_runs gave": [], "club_T20_lifetime_runs": 0.0, "club_T20_lifetime_wickets": 0.0, "club_T20_lifetime_balls played": 0.0, "club_T20_lifetime_overs": 0.0, "club_T20_lifetime_runs gave": 0.0, "international_ODI_previous3_runs": [], "international_ODI_previous3_wickets": [], "international_ODI_previous3_balls played": [], "international_ODI_previous3_overs": [], "international_ODI_previous3_runs gave": [], "international_ODI_lifetime_runs": 0.0, "international_ODI_lifetime_wickets": 0.0, "international_ODI_lifetime_balls played": 0.0, "international_ODI_lifetime_overs": 0.0, "international_ODI_lifetime_runs gave": 0.0, "international_Test_previous3_runs": [], "international_Test_previous3_wickets": [], "international_Test_previous3_balls played": [], "international_Test_previous3_overs": [], "international_Test_previous3_runs gave": [], "international_Test_lifetime_runs": 0.0, "international_Test_lifetime_wickets": 0.0, "international_Test_lifetime_balls played": 0.0, "international_Test_lifetime_overs": 0.0, "international_Test_lifetime_runs gave": 0.0, "international_T20_previous3_runs": [10.0, 0.0, 5.0], "international_T20_previous3_wickets": [0.0, 0.0, 0.0], "international_T20_previous3_balls played": [6.0, 2.0, 13.0], "international_T20_previous3_overs": [0.0, 0.0, 0.0], "international_T20_previous3_runs gave": [0.0, 0.0, 0.0], "international_T20_lifetime_runs": 468.0, "international_T20_lifetime_wickets": 10.0, "international_T20_lifetime_balls played": 423.0, "international_T20_lifetime_overs": 47.333333333333336, "international_T20_lifetime_runs gave": 400.0}