{"played_against": {"4af886ed": {"runs": 8, "balls": 4, "wickets": 0}, "c8179c68": {"runs": 9, "balls": 6, "wickets": 0}, "4fbb35dd": {"runs": 1, "balls": 1, "wickets": 0}, "bee290b6": {"runs": 0, "balls": 1, "wickets": 1}, "48bf9d5c": {"runs": 1, "balls": 3, "wickets": 0}, "bf6e03ea": {"runs": 2, "balls": 3, "wickets": 0}, "2712898a": {"runs": 3, "balls": 4, "wickets": 0}, "748c4d3b": {"runs": 1, "balls": 6, "wickets": 1}, "254c7802": {"runs": 1, "balls": 1, "wickets": 0}, "69be866a": {"runs": 3, "balls": 2, "wickets": 0}, "5c766d24": {"runs": 1, "balls": 1, "wickets": 0}, "44d6a8b8": {"runs": 3, "balls": 5, "wickets": 0}, "49bacd0f": {"runs": 2, "balls": 4, "wickets": 0}, "a24be938": {"runs": 1, "balls": 1, "wickets": 0}, "e0407c01": {"runs": 16, "balls": 5, "wickets": 0}, "872113ff": {"runs": 13, "balls": 5, "wickets": 0}, "52cb36a0": {"runs": 5, "balls": 6, "wickets": 0}, "10636efb": {"runs": 2, "balls": 3, "wickets": 0}, "44e58b5b": {"runs": 19, "balls": 14, "wickets": 0}, "92cadfe2": {"runs": 13, "balls": 10, "wickets": 0}, "911d04ad": {"runs": 8, "balls": 5, "wickets": 0}, "76307fc7": {"runs": 17, "balls": 13, "wickets": 0}, "d8fee704": {"runs": 4, "balls": 5, "wickets": 0}, "f9daec85": {"runs": 9, "balls": 16, "wickets": 0}, "c69a7b5c": {"runs": 4, "balls": 7, "wickets": 1}, "fb24e76c": {"runs": 4, "balls": 7, "wickets": 0}, "5efcabe2": {"runs": 3, "balls": 4, "wickets": 0}, "9d80c5e1": {"runs": 8, "balls": 10, "wickets": 0}, "fe608a7e": {"runs": 18, "balls": 7, "wickets": 0}, "0a3d54b9": {"runs": 2, "balls": 2, "wickets": 0}, "26d76ad9": {"runs": 5, "balls": 5, "wickets": 1}, "a00e1842": {"runs": 2, "balls": 2, "wickets": 0}, "26e5cabf": {"runs": 0, "balls": 2, "wickets": 1}, "66ea7420": {"runs": 5, "balls": 1, "wickets": 0}, "c2ed5822": {"runs": 2, "balls": 2, "wickets": 0}, "13dd2a4b": {"runs": 21, "balls": 13, "wickets": 0}, "61e93009": {"runs": 5, "balls": 11, "wickets": 0}, "ea3a41e0": {"runs": 13, "balls": 12, "wickets": 0}, "31ee319e": {"runs": 11, "balls": 5, "wickets": 0}, "cc8531c2": {"runs": 14, "balls": 7, "wickets": 0}, "21b9e62b": {"runs": 13, "balls": 6, "wickets": 0}, "66b30f71": {"runs": 1, "balls": 1, "wickets": 0}, "a81e957f": {"runs": 0, "balls": 4, "wickets": 0}, "347fb4e1": {"runs": 1, "balls": 4, "wickets": 0}, "53f27a35": {"runs": 0, "balls": 5, "wickets": 1}, "81049310": {"runs": 3, "balls": 3, "wickets": 0}, "6b19d823": {"runs": 2, "balls": 3, "wickets": 0}, "39a2dfa8": {"runs": 4, "balls": 7, "wickets": 1}, "8998a68f": {"runs": 2, "balls": 3, "wickets": 0}, "a4e37e47": {"runs": 0, "balls": 6, "wickets": 0}, "9d704f6f": {"runs": 3, "balls": 3, "wickets": 0}, "85ec8e33": {"runs": 17, "balls": 9, "wickets": 1}, "e06f7116": {"runs": 2, "balls": 2, "wickets": 0}, "fdf7491e": {"runs": 0, "balls": 1, "wickets": 1}, "f6d8a7ab": {"runs": 1, "balls": 3, "wickets": 0}, "239f7526": {"runs": 2, "balls": 2, "wickets": 0}, "2e78f685": {"runs": 6, "balls": 8, "wickets": 0}, "eef2536f": {"runs": 2, "balls": 4, "wickets": 0}, "8b105ee2": {"runs": 0, "balls": 1, "wickets": 1}}, "fifties": 2, "thirties": 2, "centuries": 0, "maidens": 0.0, "hattricks": 0, "runs": 318.0, "wickets": 1.0, "club_ODI_previous3_runs": [], "club_ODI_previous3_wickets": [], "club_ODI_previous3_balls played": [], "club_ODI_previous3_overs": [], "club_ODI_previous3_runs gave": [], "club_ODI_lifetime_runs": 0.0, "club_ODI_lifetime_wickets": 0.0, "club_ODI_lifetime_balls played": 0.0, "club_ODI_lifetime_overs": 0.0, "club_ODI_lifetime_runs gave": 0.0, "club_Test_previous3_runs": [], "club_Test_previous3_wickets": [], "club_Test_previous3_balls played": [], "club_Test_previous3_overs": [], "club_Test_previous3_runs gave": [], "club_Test_lifetime_runs": 0.0, "club_Test_lifetime_wickets": 0.0, "club_Test_lifetime_balls played": 0.0, "club_Test_lifetime_overs": 0.0, "club_Test_lifetime_runs gave": 0.0, "club_T20_previous3_runs": [12.0, 0.0, 0.0], "club_T20_previous3_wickets": [0.0, 0.0, 0.0], "club_T20_previous3_balls played": [19.0, 0.0, 1.0], "club_T20_previous3_overs": [1.0, 0.0, 0.0], "club_T20_previous3_runs gave": [10.0, 0.0, 0.0], "club_T20_lifetime_runs": 318.0, "club_T20_lifetime_wickets": 1.0, "club_T20_lifetime_balls played": 302.0, "club_T20_lifetime_overs": 4.0, "club_T20_lifetime_runs gave": 28.0, "international_ODI_previous3_runs": [], "international_ODI_previous3_wickets": [], "international_ODI_previous3_balls played": [], "international_ODI_previous3_overs": [], "international_ODI_previous3_runs gave": [], "international_ODI_lifetime_runs": 0.0, "international_ODI_lifetime_wickets": 0.0, "international_ODI_lifetime_balls played": 0.0, "international_ODI_lifetime_overs": 0.0, "international_ODI_lifetime_runs gave": 0.0, "international_Test_previous3_runs": [], "international_Test_previous3_wickets": [], "international_Test_previous3_balls played": [], "international_Test_previous3_overs": [], "international_Test_previous3_runs gave": [], "international_Test_lifetime_runs": 0.0, "international_Test_lifetime_wickets": 0.0, "international_Test_lifetime_balls played": 0.0, "international_Test_lifetime_overs": 0.0, "international_Test_lifetime_runs gave": 0.0, "international_T20_previous3_runs": [], "international_T20_previous3_wickets": [], "international_T20_previous3_balls played": [], "international_T20_previous3_overs": [], "international_T20_previous3_runs gave": [], "international_T20_lifetime_runs": 0.0, "international_T20_lifetime_wickets": 0.0, "international_T20_lifetime_balls played": 0.0, "international_T20_lifetime_overs": 0.0, "international_T20_lifetime_runs gave": 0.0}