{"played_against": {"2c3afa34": {"runs": 2, "balls": 2, "wickets": 0}, "8cf9814c": {"runs": 0, "balls": 3, "wickets": 1}, "bd17b45f": {"runs": 0, "balls": 1, "wickets": 1}, "791c088d": {"runs": 0, "balls": 1, "wickets": 1}, "70eb694b": {"runs": 2, "balls": 3, "wickets": 0}, "0a8fce53": {"runs": 9, "balls": 14, "wickets": 0}, "f834dcfc": {"runs": 4, "balls": 8, "wickets": 1}, "87e562a9": {"runs": 22, "balls": 14, "wickets": 0}, "1abb78f8": {"runs": 1, "balls": 8, "wickets": 0}, "b2a79f17": {"runs": 5, "balls": 4, "wickets": 0}, "5574750c": {"runs": 3, "balls": 4, "wickets": 0}, "1e66c162": {"runs": 6, "balls": 4, "wickets": 1}, "e32d22f6": {"runs": 0, "balls": 1, "wickets": 1}, "fe93fd9d": {"runs": 0, "balls": 3, "wickets": 0}, "5f547c8b": {"runs": 0, "balls": 2, "wickets": 0}, "0994d0ae": {"runs": 1, "balls": 2, "wickets": 0}, "ce820073": {"runs": 3, "balls": 4, "wickets": 0}, "fb66ce1f": {"runs": 1, "balls": 4, "wickets": 0}, "26a85969": {"runs": 1, "balls": 1, "wickets": 0}, "fcd1dd35": {"runs": 5, "balls": 6, "wickets": 0}, "3bc10d5b": {"runs": 4, "balls": 6, "wickets": 0}, "7c2e7c17": {"runs": 2, "balls": 4, "wickets": 1}, "acdc62f5": {"runs": 5, "balls": 4, "wickets": 1}, "0f721006": {"runs": 8, "balls": 9, "wickets": 1}, "ce794613": {"runs": 11, "balls": 8, "wickets": 0}, "03806cf8": {"runs": 20, "balls": 16, "wickets": 1}, "eaa76d3c": {"runs": 6, "balls": 15, "wickets": 1}, "ded9240e": {"runs": 5, "balls": 20, "wickets": 1}, "3f659464": {"runs": 4, "balls": 2, "wickets": 1}, "3987e390": {"runs": 16, "balls": 21, "wickets": 0}, "bb351c23": {"runs": 1, "balls": 5, "wickets": 0}, "e087956b": {"runs": 1, "balls": 7, "wickets": 1}, "81c36ee9": {"runs": 1, "balls": 16, "wickets": 1}, "e94915e6": {"runs": 4, "balls": 7, "wickets": 0}, "0f3ee070": {"runs": 5, "balls": 4, "wickets": 0}, "d12143bf": {"runs": 5, "balls": 13, "wickets": 1}, "e9987a94": {"runs": 2, "balls": 9, "wickets": 2}, "4c5d73db": {"runs": 1, "balls": 4, "wickets": 0}, "5b7ab5a9": {"runs": 2, "balls": 1, "wickets": 0}, "85e0cf10": {"runs": 9, "balls": 9, "wickets": 1}, "bbd41817": {"runs": 1, "balls": 4, "wickets": 1}, "fbd4f01f": {"runs": 4, "balls": 4, "wickets": 1}, "e62dd25d": {"runs": 8, "balls": 18, "wickets": 1}, "c96f6ac5": {"runs": 0, "balls": 6, "wickets": 0}, "b0946605": {"runs": 2, "balls": 5, "wickets": 1}, "ffe699c0": {"runs": 5, "balls": 3, "wickets": 0}, "2e81a32d": {"runs": 0, "balls": 1, "wickets": 1}, "2e78f685": {"runs": 1, "balls": 1, "wickets": 0}, "2ed569a0": {"runs": 0, "balls": 2, "wickets": 0}, "244048f6": {"runs": 5, "balls": 7, "wickets": 0}, "c5aef772": {"runs": 1, "balls": 1, "wickets": 0}, "73c18486": {"runs": 1, "balls": 1, "wickets": 0}, "8bf61e65": {"runs": 11, "balls": 15, "wickets": 0}, "31b01074": {"runs": 3, "balls": 7, "wickets": 0}, "06c2de82": {"runs": 6, "balls": 11, "wickets": 0}, "d3868bd0": {"runs": 1, "balls": 1, "wickets": 0}, "11614d87": {"runs": 1, "balls": 3, "wickets": 1}, "7dc35884": {"runs": 12, "balls": 20, "wickets": 0}, "cb5100f1": {"runs": 1, "balls": 3, "wickets": 1}, "c58b0108": {"runs": 0, "balls": 3, "wickets": 1}, "bf1d7d3e": {"runs": 1, "balls": 4, "wickets": 1}, "9d1d34bd": {"runs": 7, "balls": 9, "wickets": 0}, "8012d0b8": {"runs": 2, "balls": 3, "wickets": 0}, "fb3e0d39": {"runs": 5, "balls": 5, "wickets": 0}, "ac2e7ec0": {"runs": 0, "balls": 3, "wickets": 0}, "96a6a7ad": {"runs": 0, "balls": 17, "wickets": 2}, "7b953689": {"runs": 0, "balls": 4, "wickets": 0}, "3fb19989": {"runs": 1, "balls": 5, "wickets": 1}, "1a2676c5": {"runs": 1, "balls": 5, "wickets": 0}, "d9273ee7": {"runs": 2, "balls": 1, "wickets": 0}, "c0c411cb": {"runs": 0, "balls": 4, "wickets": 2}, "cc23e91e": {"runs": 0, "balls": 3, "wickets": 0}, "78eb4223": {"runs": 0, "balls": 8, "wickets": 0}, "9c9af282": {"runs": 1, "balls": 1, "wickets": 0}, "732c038e": {"runs": 3, "balls": 17, "wickets": 0}, "f24c6701": {"runs": 2, "balls": 8, "wickets": 0}, "64839cb3": {"runs": 2, "balls": 4, "wickets": 0}, "52c952d9": {"runs": 0, "balls": 1, "wickets": 0}, "a1d95bd8": {"runs": 2, "balls": 1, "wickets": 0}, "3204c99f": {"runs": 5, "balls": 10, "wickets": 1}, "465aa633": {"runs": 4, "balls": 5, "wickets": 1}, "a343262c": {"runs": 0, "balls": 2, "wickets": 0}, "22b98d7c": {"runs": 12, "balls": 20, "wickets": 0}, "0ecb4de6": {"runs": 2, "balls": 12, "wickets": 0}, "8d92a2c3": {"runs": 1, "balls": 4, "wickets": 0}, "e36e9dd3": {"runs": 0, "balls": 5, "wickets": 0}, "4b31f3a3": {"runs": 0, "balls": 1, "wickets": 0}, "df064e1a": {"runs": 12, "balls": 4, "wickets": 0}, "24bb1c2f": {"runs": 1, "balls": 1, "wickets": 0}, "45a7e761": {"runs": 6, "balls": 6, "wickets": 0}, "a97c8ec2": {"runs": 4, "balls": 6, "wickets": 0}, "aceb7654": {"runs": 1, "balls": 8, "wickets": 0}, "736123bb": {"runs": 2, "balls": 5, "wickets": 0}, "ef18b66e": {"runs": 0, "balls": 1, "wickets": 0}, "cb9b8664": {"runs": 4, "balls": 16, "wickets": 0}, "e84ac20c": {"runs": 0, "balls": 2, "wickets": 1}, "9a46c4e5": {"runs": 0, "balls": 1, "wickets": 0}}, "fifties": 0, "thirties": 0, "centuries": 0, "maidens": 173.0, "hattricks": 29, "runs": 310.0, "wickets": 260.0, "club_ODI_previous3_runs": [], "club_ODI_previous3_wickets": [], "club_ODI_previous3_balls played": [], "club_ODI_previous3_overs": [], "club_ODI_previous3_runs gave": [], "club_ODI_lifetime_runs": 0.0, "club_ODI_lifetime_wickets": 0.0, "club_ODI_lifetime_balls played": 0.0, "club_ODI_lifetime_overs": 0.0, "club_ODI_lifetime_runs gave": 0.0, "club_Test_previous3_runs": [21.0], "club_Test_previous3_wickets": [4.0], "club_Test_previous3_balls played": [34.0], "club_Test_previous3_overs": [39.66666666666667], "club_Test_previous3_runs gave": [123.0], "club_Test_lifetime_runs": 21.0, "club_Test_lifetime_wickets": 4.0, "club_Test_lifetime_balls played": 34.0, "club_Test_lifetime_overs": 39.66666666666667, "club_Test_lifetime_runs gave": 123.0, "club_T20_previous3_runs": [0.0, 0.0, 0.0], "club_T20_previous3_wickets": [0.0, 1.0, 2.0], "club_T20_previous3_balls played": [0.0, 0.0, 0.0], "club_T20_previous3_overs": [4.0, 3.8333333333333335, 4.0], "club_T20_previous3_runs gave": [33.0, 39.0, 34.0], "club_T20_lifetime_runs": 112.0, "club_T20_lifetime_wickets": 111.0, "club_T20_lifetime_balls played": 134.0, "club_T20_lifetime_overs": 378.16666666666663, "club_T20_lifetime_runs gave": 3278.0, "international_ODI_previous3_runs": [5.0, 4.0, 0.0], "international_ODI_previous3_wickets": [1.0, 1.0, 0.0], "international_ODI_previous3_balls played": [11.0, 18.0, 0.0], "international_ODI_previous3_overs": [8.0, 7.666666666666667, 9.0], "international_ODI_previous3_runs gave": [36.0, 48.0, 78.0], "international_ODI_lifetime_runs": 55.0, "international_ODI_lifetime_wickets": 62.0, "international_ODI_lifetime_balls played": 128.0, "international_ODI_lifetime_overs": 318.3333333333333, "international_ODI_lifetime_runs gave": 1702.0, "international_Test_previous3_runs": [0.0, 4.0, 0.0], "international_Test_previous3_wickets": [1.0, 2.0, 0.0], "international_Test_previous3_balls played": [0.0, 18.0, 2.0], "international_Test_previous3_overs": [21.0, 24.833333333333336, 6.0], "international_Test_previous3_runs gave": [78.0, 105.0, 16.0], "international_Test_lifetime_runs": 108.0, "international_Test_lifetime_wickets": 69.0, "international_Test_lifetime_balls played": 286.0, "international_Test_lifetime_overs": 726.0, "international_Test_lifetime_runs gave": 2547.0, "international_T20_previous3_runs": [0.0, 0.0, 0.0], "international_T20_previous3_wickets": [1.0, 0.0, 0.0], "international_T20_previous3_balls played": [0.0, 0.0, 1.0], "international_T20_previous3_overs": [3.0, 3.0, 3.0], "international_T20_previous3_runs gave": [23.0, 27.0, 11.0], "international_T20_lifetime_runs": 14.0, "international_T20_lifetime_wickets": 14.0, "international_T20_lifetime_balls played": 16.0, "international_T20_lifetime_overs": 57.66666666666667, "international_T20_lifetime_runs gave": 461.0}