{"played_against": {"64c34cd0": {"runs": 32, "balls": 27, "wickets": 0}, "05d74535": {"runs": 5, "balls": 8, "wickets": 0}, "33f28243": {"runs": 6, "balls": 6, "wickets": 1}, "c03c6200": {"runs": 1, "balls": 1, "wickets": 0}, "35205dfc": {"runs": 9, "balls": 6, "wickets": 2}, "e174dadd": {"runs": 134, "balls": 201, "wickets": 3}, "7dc35884": {"runs": 50, "balls": 106, "wickets": 1}, "2bb09eb2": {"runs": 2, "balls": 2, "wickets": 0}, "888e32bf": {"runs": 14, "balls": 12, "wickets": 0}, "1a8eebbe": {"runs": 9, "balls": 10, "wickets": 0}, "e186f49c": {"runs": 7, "balls": 17, "wickets": 1}, "96fd40ae": {"runs": 18, "balls": 16, "wickets": 0}, "eba6a852": {"runs": 617, "balls": 1142, "wickets": 14}, "d12143bf": {"runs": 555, "balls": 1146, "wickets": 6}, "3812d56b": {"runs": 32, "balls": 43, "wickets": 0}, "221ad9d9": {"runs": 166, "balls": 297, "wickets": 2}, "58043739": {"runs": 90, "balls": 210, "wickets": 3}, "cca50cd6": {"runs": 5, "balls": 6, "wickets": 0}, "a386e91b": {"runs": 18, "balls": 20, "wickets": 0}, "16dfcc19": {"runs": 32, "balls": 41, "wickets": 1}, "0be1b885": {"runs": 46, "balls": 41, "wickets": 0}, "e03b66ec": {"runs": 16, "balls": 24, "wickets": 0}, "3029e282": {"runs": 0, "balls": 1, "wickets": 0}, "a12e1d51": {"runs": 133, "balls": 106, "wickets": 2}, "f5f18a18": {"runs": 25, "balls": 25, "wickets": 0}, "0f12f9df": {"runs": 75, "balls": 82, "wickets": 2}, "4ba44e19": {"runs": 23, "balls": 23, "wickets": 0}, "342d8ade": {"runs": 2, "balls": 2, "wickets": 0}, "5bdcdb72": {"runs": 19, "balls": 25, "wickets": 1}, "469ea22b": {"runs": 25, "balls": 15, "wickets": 0}, "ccdd8308": {"runs": 188, "balls": 222, "wickets": 3}, "a72b14ff": {"runs": 86, "balls": 131, "wickets": 5}, "a73321d3": {"runs": 32, "balls": 33, "wickets": 3}, "39f01cdb": {"runs": 2, "balls": 2, "wickets": 0}, "4c5d73db": {"runs": 457, "balls": 739, "wickets": 6}, "ac7fa28f": {"runs": 19, "balls": 20, "wickets": 0}, "67af6f81": {"runs": 11, "balls": 3, "wickets": 0}, "49691d7a": {"runs": 0, "balls": 1, "wickets": 1}, "753b5a2d": {"runs": 7, "balls": 5, "wickets": 0}, "2c13defe": {"runs": 1, "balls": 2, "wickets": 0}, "c57fa67e": {"runs": 9, "balls": 5, "wickets": 0}, "390ff45b": {"runs": 9, "balls": 14, "wickets": 0}, "d094e7d1": {"runs": 8, "balls": 9, "wickets": 0}, "0dc00542": {"runs": 87, "balls": 89, "wickets": 2}, "8fb49ef8": {"runs": 5, "balls": 7, "wickets": 2}, "5531248e": {"runs": 106, "balls": 150, "wickets": 2}, "d2fcce2f": {"runs": 83, "balls": 200, "wickets": 2}, "9868bc75": {"runs": 4, "balls": 4, "wickets": 0}, "ea0cdc12": {"runs": 3, "balls": 7, "wickets": 1}, "8f7a598f": {"runs": 7, "balls": 8, "wickets": 0}, "26ff4c29": {"runs": 41, "balls": 65, "wickets": 2}, "5bb5a915": {"runs": 148, "balls": 218, "wickets": 5}, "12bffe91": {"runs": 10, "balls": 10, "wickets": 1}, "dec8e038": {"runs": 13, "balls": 5, "wickets": 1}, "7c503806": {"runs": 44, "balls": 42, "wickets": 1}, "2e8994e7": {"runs": 75, "balls": 104, "wickets": 0}, "8fd1a8f5": {"runs": 150, "balls": 163, "wickets": 4}, "86dc8f2e": {"runs": 6, "balls": 6, "wickets": 0}, "956887b2": {"runs": 7, "balls": 3, "wickets": 0}, "2a2e6343": {"runs": 2, "balls": 2, "wickets": 0}, "2498e163": {"runs": 10, "balls": 6, "wickets": 0}, "047d9032": {"runs": 12, "balls": 19, "wickets": 0}, "f3171936": {"runs": 15, "balls": 11, "wickets": 0}, "502b2c81": {"runs": 26, "balls": 22, "wickets": 1}, "b2a79f17": {"runs": 23, "balls": 20, "wickets": 2}, "fd835ab3": {"runs": 4, "balls": 5, "wickets": 0}, "bb18be76": {"runs": 3, "balls": 5, "wickets": 0}, "a5c2ef8c": {"runs": 0, "balls": 1, "wickets": 0}, "16043342": {"runs": 4, "balls": 4, "wickets": 0}, "b681e71e": {"runs": 5, "balls": 7, "wickets": 1}, "63bff7f9": {"runs": 2, "balls": 3, "wickets": 1}, "addfb70e": {"runs": 20, "balls": 17, "wickets": 0}, "1a2676c5": {"runs": 9, "balls": 7, "wickets": 0}, "db584dad": {"runs": 2, "balls": 3, "wickets": 1}, "a6ae5f7f": {"runs": 6, "balls": 5, "wickets": 0}, "751f4b9b": {"runs": 2, "balls": 4, "wickets": 1}, "f708a0bc": {"runs": 25, "balls": 20, "wickets": 0}, "f60dc2a5": {"runs": 11, "balls": 6, "wickets": 0}, "b0b320a0": {"runs": 18, "balls": 10, "wickets": 0}, "56ab442f": {"runs": 21, "balls": 15, "wickets": 3}, "5da34add": {"runs": 11, "balls": 6, "wickets": 0}, "6042bf26": {"runs": 15, "balls": 6, "wickets": 0}, "a757b0d8": {"runs": 77, "balls": 57, "wickets": 0}, "6c6591ab": {"runs": 58, "balls": 130, "wickets": 1}, "cf73ad76": {"runs": 2, "balls": 2, "wickets": 0}, "8b5b6769": {"runs": 20, "balls": 20, "wickets": 1}, "f0f628c7": {"runs": 13, "balls": 8, "wickets": 1}, "2a72fd4f": {"runs": 2, "balls": 2, "wickets": 0}, "808f425a": {"runs": 28, "balls": 15, "wickets": 1}, "c18496e1": {"runs": 48, "balls": 24, "wickets": 0}, "3edb58fc": {"runs": 1, "balls": 2, "wickets": 0}, "98ae73b1": {"runs": 62, "balls": 49, "wickets": 1}, "1a0c3177": {"runs": 10, "balls": 7, "wickets": 0}, "93a17209": {"runs": 10, "balls": 4, "wickets": 0}, "1dc12ab9": {"runs": 37, "balls": 50, "wickets": 0}, "495d42a5": {"runs": 557, "balls": 884, "wickets": 7}, "87e562a9": {"runs": 78, "balls": 53, "wickets": 3}, "d92e42f5": {"runs": 11, "balls": 10, "wickets": 0}, "f986ca1a": {"runs": 32, "balls": 30, "wickets": 0}, "91a4a398": {"runs": 16, "balls": 16, "wickets": 0}, "d7c6af50": {"runs": 17, "balls": 17, "wickets": 1}, "41eb4a4f": {"runs": 37, "balls": 27, "wickets": 2}, "fe93fd9d": {"runs": 566, "balls": 994, "wickets": 15}, "c8179c68": {"runs": 12, "balls": 6, "wickets": 0}, "45c2196c": {"runs": 5, "balls": 7, "wickets": 2}, "5fa06777": {"runs": 8, "balls": 6, "wickets": 0}, "cc1e8c68": {"runs": 409, "balls": 567, "wickets": 7}, "9d80c5e1": {"runs": 54, "balls": 21, "wickets": 0}, "1c2a64cd": {"runs": 22, "balls": 12, "wickets": 0}, "ae78bc32": {"runs": 10, "balls": 6, "wickets": 0}, "d718440b": {"runs": 2, "balls": 3, "wickets": 0}, "0a476045": {"runs": 5, "balls": 2, "wickets": 0}, "6b19d823": {"runs": 39, "balls": 41, "wickets": 1}, "24d94623": {"runs": 3, "balls": 3, "wickets": 0}, "d4eef961": {"runs": 6, "balls": 5, "wickets": 0}, "85aae393": {"runs": 8, "balls": 8, "wickets": 0}, "9d430b40": {"runs": 105, "balls": 113, "wickets": 1}, "bd17b45f": {"runs": 13, "balls": 8, "wickets": 1}, "4329fbb5": {"runs": 10, "balls": 8, "wickets": 0}, "3d7e087f": {"runs": 21, "balls": 14, "wickets": 0}, "99b202b3": {"runs": 1, "balls": 3, "wickets": 0}, "49b6c09f": {"runs": 2, "balls": 2, "wickets": 0}, "18fac429": {"runs": 11, "balls": 10, "wickets": 0}, "7ca5e05d": {"runs": 24, "balls": 19, "wickets": 2}, "1558d83b": {"runs": 46, "balls": 29, "wickets": 0}, "96824e68": {"runs": 9, "balls": 10, "wickets": 0}, "f201593c": {"runs": 13, "balls": 8, "wickets": 0}, "c404f58a": {"runs": 24, "balls": 10, "wickets": 1}, "278fd5ff": {"runs": 6, "balls": 5, "wickets": 0}, "dfc4d8b5": {"runs": 31, "balls": 17, "wickets": 0}, "51a60c16": {"runs": 55, "balls": 43, "wickets": 0}, "db2114f1": {"runs": 8, "balls": 6, "wickets": 0}, "36769c31": {"runs": 1, "balls": 4, "wickets": 0}, "2e11c706": {"runs": 6, "balls": 7, "wickets": 1}, "5bb1a1c4": {"runs": 235, "balls": 404, "wickets": 3}, "2e81a32d": {"runs": 134, "balls": 183, "wickets": 2}, "fb66ce1f": {"runs": 47, "balls": 29, "wickets": 1}, "119678fd": {"runs": 110, "balls": 119, "wickets": 1}, "9a158001": {"runs": 4, "balls": 4, "wickets": 0}, "e938e1bc": {"runs": 49, "balls": 25, "wickets": 0}, "1e66c162": {"runs": 15, "balls": 11, "wickets": 0}, "abfeb126": {"runs": 11, "balls": 7, "wickets": 0}, "d68e7f48": {"runs": 0, "balls": 3, "wickets": 1}, "759ac88f": {"runs": 49, "balls": 55, "wickets": 2}, "c3d35165": {"runs": 7, "balls": 10, "wickets": 0}, "a343262c": {"runs": 122, "balls": 198, "wickets": 1}, "b20f423b": {"runs": 16, "balls": 22, "wickets": 0}, "5a37ec26": {"runs": 18, "balls": 39, "wickets": 1}, "e087956b": {"runs": 419, "balls": 573, "wickets": 3}, "da13a0fc": {"runs": 16, "balls": 23, "wickets": 0}, "1137b65a": {"runs": 11, "balls": 6, "wickets": 0}, "b7ccb3c9": {"runs": 0, "balls": 1, "wickets": 1}, "29b89ae8": {"runs": 11, "balls": 14, "wickets": 0}, "51e1ed69": {"runs": 37, "balls": 29, "wickets": 0}, "3cf5ae43": {"runs": 12, "balls": 10, "wickets": 2}, "4933f499": {"runs": 20, "balls": 21, "wickets": 0}, "b552a935": {"runs": 15, "balls": 12, "wickets": 0}, "864c199e": {"runs": 9, "balls": 6, "wickets": 0}, "3d8feaf8": {"runs": 12, "balls": 3, "wickets": 0}, "bbce4647": {"runs": 14, "balls": 7, "wickets": 0}, "9ef8ebb9": {"runs": 11, "balls": 8, "wickets": 0}, "d29be810": {"runs": 5, "balls": 5, "wickets": 1}, "ffe699c0": {"runs": 16, "balls": 30, "wickets": 1}, "c654af19": {"runs": 80, "balls": 101, "wickets": 2}, "cfe70281": {"runs": 141, "balls": 224, "wickets": 0}, "3a60e0b5": {"runs": 79, "balls": 91, "wickets": 1}, "33085ffb": {"runs": 22, "balls": 41, "wickets": 1}, "a9da7784": {"runs": 142, "balls": 162, "wickets": 1}, "f5180fe6": {"runs": 12, "balls": 11, "wickets": 2}, "b2b50355": {"runs": 21, "balls": 10, "wickets": 0}, "e0407c01": {"runs": 1, "balls": 2, "wickets": 0}, "32198ae0": {"runs": 29, "balls": 23, "wickets": 0}, "57ee1fde": {"runs": 158, "balls": 149, "wickets": 2}, "3fb19989": {"runs": 7, "balls": 7, "wickets": 1}, "1c914163": {"runs": 8, "balls": 4, "wickets": 1}, "0a3d54b9": {"runs": 112, "balls": 102, "wickets": 0}, "66b30f71": {"runs": 21, "balls": 5, "wickets": 0}, "d2babdd5": {"runs": 1, "balls": 1, "wickets": 0}, "acee4cc4": {"runs": 86, "balls": 116, "wickets": 3}, "7f8ecc51": {"runs": 27, "balls": 37, "wickets": 0}, "4f7279a4": {"runs": 7, "balls": 8, "wickets": 1}, "a8e3170f": {"runs": 49, "balls": 57, "wickets": 0}, "b3118300": {"runs": 132, "balls": 140, "wickets": 1}, "3a0f6df2": {"runs": 123, "balls": 193, "wickets": 1}, "eb2d5fe7": {"runs": 39, "balls": 47, "wickets": 0}, "61f05b05": {"runs": 10, "balls": 9, "wickets": 0}, "64d43928": {"runs": 26, "balls": 28, "wickets": 2}, "a63775d6": {"runs": 82, "balls": 130, "wickets": 0}, "f2800ef3": {"runs": 211, "balls": 406, "wickets": 6}, "9ab63e7b": {"runs": 52, "balls": 100, "wickets": 1}, "2b0f2af3": {"runs": 37, "balls": 47, "wickets": 0}, "211de69f": {"runs": 29, "balls": 45, "wickets": 0}, "dce2019b": {"runs": 22, "balls": 27, "wickets": 0}, "c4487b84": {"runs": 9, "balls": 10, "wickets": 0}, "8cf9814c": {"runs": 321, "balls": 393, "wickets": 4}, "4b57e452": {"runs": 23, "balls": 60, "wickets": 0}, "740742ef": {"runs": 30, "balls": 36, "wickets": 0}, "bb351c23": {"runs": 508, "balls": 672, "wickets": 5}, "2e171977": {"runs": 104, "balls": 168, "wickets": 2}, "13c35c9e": {"runs": 280, "balls": 467, "wickets": 3}, "4c4fa80b": {"runs": 20, "balls": 15, "wickets": 0}, "896d78ad": {"runs": 31, "balls": 53, "wickets": 0}, "f78e7113": {"runs": 14, "balls": 22, "wickets": 0}, "5af743d0": {"runs": 71, "balls": 80, "wickets": 0}, "7cd0a092": {"runs": 3, "balls": 5, "wickets": 0}, "210b05cb": {"runs": 14, "balls": 9, "wickets": 0}, "ba607b88": {"runs": 16, "balls": 12, "wickets": 0}, "a818c1be": {"runs": 262, "balls": 406, "wickets": 6}, "e84ac20c": {"runs": 220, "balls": 251, "wickets": 4}, "8abdf100": {"runs": 24, "balls": 50, "wickets": 1}, "69be866a": {"runs": 1, "balls": 2, "wickets": 0}, "ce820073": {"runs": 28, "balls": 22, "wickets": 0}, "1647bd37": {"runs": 12, "balls": 7, "wickets": 0}, "4125d931": {"runs": 23, "balls": 16, "wickets": 0}, "7a8bd078": {"runs": 3, "balls": 3, "wickets": 0}, "cedc1d9a": {"runs": 19, "balls": 9, "wickets": 0}, "aa8d28ae": {"runs": 24, "balls": 29, "wickets": 2}, "51a3c5ef": {"runs": 49, "balls": 30, "wickets": 1}, "f62772e5": {"runs": 14, "balls": 16, "wickets": 0}, "bbd41817": {"runs": 62, "balls": 46, "wickets": 2}, "4180d897": {"runs": 53, "balls": 127, "wickets": 0}, "0f721006": {"runs": 139, "balls": 235, "wickets": 2}, "d9609443": {"runs": 15, "balls": 38, "wickets": 1}, "7a80ddf2": {"runs": 10, "balls": 19, "wickets": 0}, "78eb4223": {"runs": 164, "balls": 225, "wickets": 0}, "78dfe704": {"runs": 116, "balls": 139, "wickets": 0}, "7d5af2ea": {"runs": 113, "balls": 185, "wickets": 0}, "c3b93a03": {"runs": 1, "balls": 7, "wickets": 0}, "8d92a2c3": {"runs": 198, "balls": 334, "wickets": 6}, "e957b38f": {"runs": 13, "balls": 20, "wickets": 0}, "c89474d1": {"runs": 7, "balls": 20, "wickets": 0}, "cf494ffe": {"runs": 2, "balls": 3, "wickets": 0}, "7f3ad1ed": {"runs": 0, "balls": 2, "wickets": 1}, "7f048519": {"runs": 53, "balls": 56, "wickets": 1}, "8db7f47f": {"runs": 16, "balls": 19, "wickets": 0}, "249d60c9": {"runs": 176, "balls": 220, "wickets": 9}, "9a963804": {"runs": 59, "balls": 78, "wickets": 0}, "9219eff0": {"runs": 79, "balls": 77, "wickets": 1}, "c8574282": {"runs": 53, "balls": 83, "wickets": 2}, "2e9fdf9b": {"runs": 78, "balls": 137, "wickets": 0}, "d027ba9f": {"runs": 6, "balls": 10, "wickets": 0}, "e4a0deae": {"runs": 137, "balls": 242, "wickets": 2}, "cc23e91e": {"runs": 53, "balls": 60, "wickets": 1}, "e342e5fb": {"runs": 89, "balls": 122, "wickets": 1}, "d8b2f218": {"runs": 27, "balls": 31, "wickets": 1}, "26a85969": {"runs": 24, "balls": 21, "wickets": 0}, "6eb146d2": {"runs": 9, "balls": 11, "wickets": 0}, "462411b3": {"runs": 238, "balls": 296, "wickets": 5}, "dbe50b21": {"runs": 129, "balls": 117, "wickets": 5}, "350bb1b1": {"runs": 17, "balls": 12, "wickets": 1}, "641ac5ff": {"runs": 4, "balls": 12, "wickets": 0}, "78adc879": {"runs": 80, "balls": 214, "wickets": 5}, "e62dd25d": {"runs": 201, "balls": 314, "wickets": 4}, "bb01f9e0": {"runs": 4, "balls": 4, "wickets": 0}, "f3c150bb": {"runs": 8, "balls": 4, "wickets": 0}, "0a8fce53": {"runs": 66, "balls": 68, "wickets": 1}, "9cb8d7a6": {"runs": 110, "balls": 96, "wickets": 1}, "68ddabdb": {"runs": 13, "balls": 6, "wickets": 0}, "6aed7e79": {"runs": 2, "balls": 2, "wickets": 0}, "9a0146b3": {"runs": 11, "balls": 10, "wickets": 0}, "626c5379": {"runs": 3, "balls": 4, "wickets": 0}, "d2a989fc": {"runs": 7, "balls": 4, "wickets": 0}, "1da489ff": {"runs": 23, "balls": 10, "wickets": 0}, "5b8c830e": {"runs": 57, "balls": 39, "wickets": 0}, "364ee2cf": {"runs": 57, "balls": 61, "wickets": 0}, "1bae756b": {"runs": 6, "balls": 11, "wickets": 0}, "2af838ee": {"runs": 32, "balls": 33, "wickets": 1}, "79aad751": {"runs": 87, "balls": 114, "wickets": 0}, "7d608e12": {"runs": 24, "balls": 45, "wickets": 0}, "2f28dc94": {"runs": 13, "balls": 19, "wickets": 0}, "e2ee90d9": {"runs": 8, "balls": 35, "wickets": 1}, "bf7842c9": {"runs": 21, "balls": 24, "wickets": 0}, "243431b5": {"runs": 11, "balls": 24, "wickets": 0}, "99cddc5e": {"runs": 19, "balls": 18, "wickets": 0}, "3766056b": {"runs": 18, "balls": 17, "wickets": 0}, "8c2aa0f9": {"runs": 10, "balls": 7, "wickets": 0}, "ab6b1c45": {"runs": 55, "balls": 62, "wickets": 0}, "11614d87": {"runs": 38, "balls": 42, "wickets": 1}, "a03bba42": {"runs": 98, "balls": 139, "wickets": 0}, "0b60eb09": {"runs": 171, "balls": 340, "wickets": 3}, "13bee186": {"runs": 1, "balls": 2, "wickets": 0}, "94d7f855": {"runs": 77, "balls": 154, "wickets": 2}, "2f9d0389": {"runs": 86, "balls": 91, "wickets": 2}, "50250426": {"runs": 0, "balls": 2, "wickets": 0}, "086f5984": {"runs": 29, "balls": 27, "wickets": 1}, "2911de16": {"runs": 93, "balls": 229, "wickets": 1}, "81049310": {"runs": 27, "balls": 43, "wickets": 0}, "8d2c70ad": {"runs": 179, "balls": 203, "wickets": 2}, "ce794613": {"runs": 31, "balls": 54, "wickets": 0}, "d9273ee7": {"runs": 28, "balls": 17, "wickets": 1}, "871e9faf": {"runs": 6, "balls": 7, "wickets": 0}, "7c7d63a2": {"runs": 1, "balls": 1, "wickets": 0}, "76388dc8": {"runs": 36, "balls": 26, "wickets": 0}, "957532de": {"runs": 9, "balls": 11, "wickets": 1}, "dcf81436": {"runs": 11, "balls": 12, "wickets": 1}, "5f547c8b": {"runs": 38, "balls": 49, "wickets": 2}, "9fc0ef64": {"runs": 4, "balls": 2, "wickets": 1}, "983f2f61": {"runs": 2, "balls": 3, "wickets": 0}, "39a2dfa8": {"runs": 5, "balls": 6, "wickets": 0}, "f56cd097": {"runs": 8, "balls": 6, "wickets": 0}, "c58b0108": {"runs": 48, "balls": 79, "wickets": 1}, "3d0ed2f9": {"runs": 39, "balls": 63, "wickets": 0}, "9d1d34bd": {"runs": 17, "balls": 24, "wickets": 2}, "99d63244": {"runs": 18, "balls": 16, "wickets": 0}, "81d06fb5": {"runs": 8, "balls": 18, "wickets": 0}, "208f22ea": {"runs": 10, "balls": 14, "wickets": 1}, "0164b064": {"runs": 46, "balls": 78, "wickets": 1}, "898e628d": {"runs": 14, "balls": 28, "wickets": 1}, "f1c61793": {"runs": 5, "balls": 7, "wickets": 1}, "e9987a94": {"runs": 99, "balls": 160, "wickets": 1}, "ad9c32a2": {"runs": 46, "balls": 82, "wickets": 0}, "e86754b2": {"runs": 49, "balls": 99, "wickets": 1}, "f0a0204e": {"runs": 26, "balls": 41, "wickets": 0}, "f834dcfc": {"runs": 86, "balls": 96, "wickets": 1}, "19b9f399": {"runs": 31, "balls": 26, "wickets": 0}, "e7de4f6b": {"runs": 18, "balls": 14, "wickets": 0}, "75224f22": {"runs": 11, "balls": 6, "wickets": 0}, "8d5d991e": {"runs": 1, "balls": 1, "wickets": 0}, "529eb9e0": {"runs": 2, "balls": 6, "wickets": 1}, "49dc9cb4": {"runs": 8, "balls": 8, "wickets": 0}, "23cca426": {"runs": 17, "balls": 8, "wickets": 0}, "c6097d68": {"runs": 34, "balls": 33, "wickets": 1}, "14f96089": {"runs": 40, "balls": 30, "wickets": 2}, "ed90abe4": {"runs": 4, "balls": 2, "wickets": 0}, "a1d053dd": {"runs": 21, "balls": 25, "wickets": 1}, "a61bcb94": {"runs": 0, "balls": 2, "wickets": 0}, "6f4c73ce": {"runs": 2, "balls": 2, "wickets": 0}, "ef18b66e": {"runs": 16, "balls": 16, "wickets": 0}, "37138918": {"runs": 6, "balls": 4, "wickets": 0}, "54279e23": {"runs": 4, "balls": 2, "wickets": 0}, "b410bd3d": {"runs": 3, "balls": 4, "wickets": 0}, "3f5f39cd": {"runs": 0, "balls": 1, "wickets": 1}, "db31895a": {"runs": 3, "balls": 3, "wickets": 0}, "e94915e6": {"runs": 68, "balls": 89, "wickets": 2}, "1abb78f8": {"runs": 102, "balls": 127, "wickets": 2}, "23eeb873": {"runs": 48, "balls": 42, "wickets": 0}, "2f49c897": {"runs": 114, "balls": 227, "wickets": 3}, "21d4e29b": {"runs": 161, "balls": 183, "wickets": 0}, "85e0cf10": {"runs": 43, "balls": 27, "wickets": 2}, "e412cb64": {"runs": 14, "balls": 14, "wickets": 0}, "2ed569a0": {"runs": 11, "balls": 13, "wickets": 0}, "a9fd84fb": {"runs": 13, "balls": 8, "wickets": 0}, "d014d5ac": {"runs": 13, "balls": 4, "wickets": 0}, "a2f46292": {"runs": 29, "balls": 14, "wickets": 1}, "4a745f65": {"runs": 10, "balls": 17, "wickets": 0}, "ac5ae4af": {"runs": 42, "balls": 31, "wickets": 1}, "4d9f9686": {"runs": 1, "balls": 1, "wickets": 0}, "5574750c": {"runs": 123, "balls": 212, "wickets": 1}, "bdadf7da": {"runs": 32, "balls": 39, "wickets": 0}, "3987e390": {"runs": 137, "balls": 211, "wickets": 2}, "519c30cb": {"runs": 5, "balls": 14, "wickets": 2}, "6834d1f2": {"runs": 3, "balls": 3, "wickets": 0}, "e7dd5eca": {"runs": 14, "balls": 50, "wickets": 0}, "64775749": {"runs": 51, "balls": 74, "wickets": 3}, "72075ec1": {"runs": 16, "balls": 53, "wickets": 0}, "d1f23acb": {"runs": 22, "balls": 52, "wickets": 0}, "56b93d46": {"runs": 13, "balls": 19, "wickets": 0}, "afa7e784": {"runs": 3, "balls": 9, "wickets": 0}, "7a6dc294": {"runs": 6, "balls": 9, "wickets": 0}, "a97c8ec2": {"runs": 37, "balls": 35, "wickets": 1}, "4751caa3": {"runs": 16, "balls": 7, "wickets": 0}, "9de62878": {"runs": 21, "balls": 15, "wickets": 1}, "9c9af282": {"runs": 34, "balls": 73, "wickets": 1}, "45a7e761": {"runs": 90, "balls": 197, "wickets": 2}, "a089f93f": {"runs": 3, "balls": 13, "wickets": 0}, "9b8a3c39": {"runs": 5, "balls": 7, "wickets": 0}, "5f966ec0": {"runs": 2, "balls": 3, "wickets": 0}, "383dd431": {"runs": 20, "balls": 60, "wickets": 0}, "74a1c1e3": {"runs": 22, "balls": 25, "wickets": 0}, "7d92277a": {"runs": 20, "balls": 13, "wickets": 0}, "fa433be6": {"runs": 12, "balls": 10, "wickets": 0}, "f752db61": {"runs": 7, "balls": 22, "wickets": 2}, "bc2d4f2e": {"runs": 28, "balls": 37, "wickets": 1}, "62af8546": {"runs": 12, "balls": 8, "wickets": 0}, "24bb1c2f": {"runs": 65, "balls": 43, "wickets": 1}, "8891669e": {"runs": 6, "balls": 3, "wickets": 0}, "42172c3c": {"runs": 4, "balls": 3, "wickets": 0}, "acdc62f5": {"runs": 105, "balls": 118, "wickets": 4}, "f892fcf9": {"runs": 6, "balls": 6, "wickets": 0}, "7cb2d9d2": {"runs": 5, "balls": 4, "wickets": 0}, "df064e1a": {"runs": 33, "balls": 28, "wickets": 0}, "e2db2409": {"runs": 5, "balls": 5, "wickets": 0}, "ded9240e": {"runs": 8, "balls": 13, "wickets": 4}, "f19ccfad": {"runs": 55, "balls": 69, "wickets": 2}, "f9e6e7ef": {"runs": 3, "balls": 3, "wickets": 0}, "03806cf8": {"runs": 2, "balls": 8, "wickets": 0}, "0994d0ae": {"runs": 16, "balls": 11, "wickets": 0}, "00ea847a": {"runs": 9, "balls": 4, "wickets": 0}, "d167edd3": {"runs": 11, "balls": 20, "wickets": 0}, "442461fa": {"runs": 1, "balls": 10, "wickets": 1}, "244048f6": {"runs": 12, "balls": 13, "wickets": 0}, "73ad96ed": {"runs": 8, "balls": 8, "wickets": 0}, "249abedf": {"runs": 2, "balls": 2, "wickets": 0}, "1ee08e9a": {"runs": 1, "balls": 1, "wickets": 0}, "68c56d09": {"runs": 4, "balls": 3, "wickets": 0}, "c05edf8e": {"runs": 11, "balls": 10, "wickets": 0}, "cdc6bdba": {"runs": 2, "balls": 4, "wickets": 0}, "5b7ab5a9": {"runs": 14, "balls": 10, "wickets": 0}, "a24be938": {"runs": 2, "balls": 3, "wickets": 0}, "f24c6701": {"runs": 50, "balls": 70, "wickets": 0}, "327b58d3": {"runs": 26, "balls": 17, "wickets": 1}, "3ff033bb": {"runs": 11, "balls": 9, "wickets": 0}, "fb3e0d39": {"runs": 24, "balls": 31, "wickets": 1}, "0f3ee070": {"runs": 72, "balls": 185, "wickets": 2}, "54c58a5e": {"runs": 90, "balls": 232, "wickets": 1}, "29e253dd": {"runs": 2, "balls": 3, "wickets": 0}, "bbc192a4": {"runs": 61, "balls": 141, "wickets": 0}, "40c041ea": {"runs": 2, "balls": 3, "wickets": 0}, "bd4ea627": {"runs": 39, "balls": 49, "wickets": 0}, "8a75e999": {"runs": 2, "balls": 5, "wickets": 0}, "ee1b6c27": {"runs": 4, "balls": 2, "wickets": 0}, "b7d1eadd": {"runs": 5, "balls": 6, "wickets": 0}, "736123bb": {"runs": 12, "balls": 9, "wickets": 1}, "aceb7654": {"runs": 13, "balls": 15, "wickets": 0}, "1be67d37": {"runs": 55, "balls": 84, "wickets": 0}, "127bc5ca": {"runs": 45, "balls": 105, "wickets": 0}, "8012d0b8": {"runs": 21, "balls": 50, "wickets": 0}, "6e3f5a5c": {"runs": 12, "balls": 11, "wickets": 0}, "e7e86505": {"runs": 26, "balls": 33, "wickets": 0}, "1bd16445": {"runs": 1, "balls": 10, "wickets": 0}, "26d041c4": {"runs": 36, "balls": 42, "wickets": 0}, "b08252b8": {"runs": 10, "balls": 12, "wickets": 0}, "b8704508": {"runs": 6, "balls": 12, "wickets": 0}, "afe57f7a": {"runs": 5, "balls": 6, "wickets": 0}, "eade4650": {"runs": 3, "balls": 4, "wickets": 0}, "4d7f517e": {"runs": 11, "balls": 6, "wickets": 0}, "78bb68d4": {"runs": 1, "balls": 1, "wickets": 0}, "b0946605": {"runs": 80, "balls": 126, "wickets": 2}, "4a461c24": {"runs": 47, "balls": 48, "wickets": 0}, "3f659464": {"runs": 24, "balls": 27, "wickets": 1}, "65b6943c": {"runs": 25, "balls": 23, "wickets": 0}, "73c18486": {"runs": 17, "balls": 39, "wickets": 0}, "ded9ff1e": {"runs": 23, "balls": 31, "wickets": 0}, "3feda4fa": {"runs": 85, "balls": 119, "wickets": 0}, "08a4f9ad": {"runs": 0, "balls": 5, "wickets": 0}, "f2665768": {"runs": 2, "balls": 3, "wickets": 0}, "81c36ee9": {"runs": 57, "balls": 102, "wickets": 0}, "23638956": {"runs": 30, "balls": 45, "wickets": 0}, "6c79c098": {"runs": 6, "balls": 7, "wickets": 1}, "a2421394": {"runs": 13, "balls": 6, "wickets": 0}, "6f95e5fa": {"runs": 6, "balls": 6, "wickets": 1}, "a90e53ec": {"runs": 10, "balls": 5, "wickets": 0}, "272fc5ad": {"runs": 32, "balls": 13, "wickets": 0}, "055be93a": {"runs": 10, "balls": 8, "wickets": 0}, "15de1f5d": {"runs": 12, "balls": 4, "wickets": 0}, "ab21795b": {"runs": 7, "balls": 2, "wickets": 0}, "caf69bf7": {"runs": 39, "balls": 17, "wickets": 1}, "33742f04": {"runs": 17, "balls": 12, "wickets": 0}, "5cdf8304": {"runs": 17, "balls": 6, "wickets": 0}, "7c8f533d": {"runs": 15, "balls": 5, "wickets": 0}, "5e3054d0": {"runs": 8, "balls": 3, "wickets": 0}, "9eb1455b": {"runs": 3, "balls": 5, "wickets": 0}, "f1f99156": {"runs": 11, "balls": 5, "wickets": 0}, "b08e58e2": {"runs": 9, "balls": 4, "wickets": 0}, "d405c0d5": {"runs": 5, "balls": 5, "wickets": 0}, "85ec8e33": {"runs": 1, "balls": 4, "wickets": 0}, "b4b99816": {"runs": 0, "balls": 2, "wickets": 0}, "d4f9dbd4": {"runs": 0, "balls": 5, "wickets": 0}, "0126ff20": {"runs": 6, "balls": 18, "wickets": 0}, "cd143bca": {"runs": 2, "balls": 7, "wickets": 0}, "1f1b4c89": {"runs": 40, "balls": 69, "wickets": 2}, "a4b810d0": {"runs": 12, "balls": 11, "wickets": 0}, "ac3c3cab": {"runs": 2, "balls": 9, "wickets": 0}, "c96f6ac5": {"runs": 1, "balls": 5, "wickets": 0}, "80e44dc5": {"runs": 5, "balls": 20, "wickets": 0}, "f1ba9ed7": {"runs": 33, "balls": 51, "wickets": 0}, "d12cead8": {"runs": 13, "balls": 27, "wickets": 0}, "d99cc23a": {"runs": 21, "balls": 38, "wickets": 0}, "4ae1755b": {"runs": 3, "balls": 14, "wickets": 0}, "de7d833e": {"runs": 0, "balls": 5, "wickets": 0}, "6dd8b88c": {"runs": 6, "balls": 7, "wickets": 1}, "782fb776": {"runs": 22, "balls": 14, "wickets": 0}, "4557dc54": {"runs": 19, "balls": 17, "wickets": 0}, "2a9eee66": {"runs": 3, "balls": 11, "wickets": 0}, "e734d090": {"runs": 5, "balls": 10, "wickets": 0}, "05c2ca46": {"runs": 4, "balls": 6, "wickets": 0}, "fc4375ef": {"runs": 16, "balls": 7, "wickets": 0}, "803dbf1d": {"runs": 2, "balls": 3, "wickets": 1}, "9a46c4e5": {"runs": 5, "balls": 7, "wickets": 1}, "ba5e1069": {"runs": 5, "balls": 4, "wickets": 0}, "50c6bc2b": {"runs": 11, "balls": 11, "wickets": 1}, "37654b75": {"runs": 22, "balls": 18, "wickets": 0}, "9dad0f2e": {"runs": 12, "balls": 11, "wickets": 0}, "6a26221c": {"runs": 6, "balls": 5, "wickets": 0}, "3204c99f": {"runs": 7, "balls": 10, "wickets": 1}, "2cffab74": {"runs": 18, "balls": 11, "wickets": 0}, "1b04e02b": {"runs": 13, "balls": 7, "wickets": 0}, "a8e54ef4": {"runs": 52, "balls": 84, "wickets": 1}, "89c16049": {"runs": 21, "balls": 57, "wickets": 0}, "27c5715d": {"runs": 13, "balls": 44, "wickets": 1}, "cb1a782a": {"runs": 18, "balls": 79, "wickets": 1}, "97290faf": {"runs": 21, "balls": 28, "wickets": 1}, "74d12124": {"runs": 26, "balls": 43, "wickets": 0}, "97bdec3d": {"runs": 20, "balls": 20, "wickets": 0}, "c5aef772": {"runs": 1, "balls": 3, "wickets": 0}, "1ac2a995": {"runs": 31, "balls": 26, "wickets": 0}, "83d17bbc": {"runs": 4, "balls": 7, "wickets": 1}, "cb9b8664": {"runs": 9, "balls": 32, "wickets": 0}, "fef92afc": {"runs": 4, "balls": 7, "wickets": 0}, "e1891e00": {"runs": 4, "balls": 3, "wickets": 0}, "f7d267f7": {"runs": 4, "balls": 4, "wickets": 0}, "99c81226": {"runs": 29, "balls": 17, "wickets": 0}, "c0c411cb": {"runs": 8, "balls": 3, "wickets": 0}, "465aa633": {"runs": 7, "balls": 7, "wickets": 0}, "83c3e8e3": {"runs": 7, "balls": 7, "wickets": 0}, "b0eaaac6": {"runs": 1, "balls": 1, "wickets": 0}, "97b0e4ff": {"runs": 14, "balls": 6, "wickets": 0}, "efc04be7": {"runs": 16, "balls": 9, "wickets": 0}, "79f8472d": {"runs": 9, "balls": 9, "wickets": 0}, "486065b3": {"runs": 23, "balls": 15, "wickets": 0}, "23f94c02": {"runs": 44, "balls": 20, "wickets": 0}, "f9d99806": {"runs": 2, "balls": 2, "wickets": 0}, "7a490dec": {"runs": 22, "balls": 15, "wickets": 0}, "894b2d25": {"runs": 31, "balls": 42, "wickets": 2}, "9caf69a1": {"runs": 17, "balls": 17, "wickets": 0}, "cad40f5e": {"runs": 32, "balls": 41, "wickets": 0}, "3c55c703": {"runs": 9, "balls": 8, "wickets": 0}, "39d608d4": {"runs": 0, "balls": 21, "wickets": 1}, "8596fe80": {"runs": 34, "balls": 36, "wickets": 1}, "33609a8c": {"runs": 1, "balls": 1, "wickets": 0}}, "fifties": 95, "thirties": 84, "centuries": 51, "maidens": 29.0, "hattricks": 3, "runs": 20708.0, "wickets": 62.0, "club_ODI_previous3_runs": [], "club_ODI_previous3_wickets": [], "club_ODI_previous3_balls played": [], "club_ODI_previous3_overs": [], "club_ODI_previous3_runs gave": [], "club_ODI_lifetime_runs": 0.0, "club_ODI_lifetime_wickets": 0.0, "club_ODI_lifetime_balls played": 0.0, "club_ODI_lifetime_overs": 0.0, "club_ODI_lifetime_runs gave": 0.0, "club_Test_previous3_runs": [3.0, 89.0, 3.0], "club_Test_previous3_wickets": [0.0, 2.0, 0.0], "club_Test_previous3_balls played": [14.0, 183.0, 33.0], "club_Test_previous3_overs": [1.0, 10.833333333333334, 0.0], "club_Test_previous3_runs gave": [7.0, 55.0, 0.0], "club_Test_lifetime_runs": 339.0, "club_Test_lifetime_wickets": 2.0, "club_Test_lifetime_balls played": 734.0, "club_Test_lifetime_overs": 22.5, "club_Test_lifetime_runs gave": 87.0, "club_T20_previous3_runs": [56.0, 1.0, 88.0], "club_T20_previous3_wickets": [0.0, 0.0, 0.0], "club_T20_previous3_balls played": [30.0, 3.0, 51.0], "club_T20_previous3_overs": [0.0, 0.0, 0.0], "club_T20_previous3_runs gave": [0.0, 0.0, 0.0], "club_T20_lifetime_runs": 4045.0, "club_T20_lifetime_wickets": 8.0, "club_T20_lifetime_balls played": 3016.0, "club_T20_lifetime_overs": 24.833333333333332, "club_T20_lifetime_runs gave": 217.0, "international_ODI_previous3_runs": [36.0, 44.0, 35.0], "international_ODI_previous3_wickets": [0.0, 0.0, 0.0], "international_ODI_previous3_balls played": [48.0, 46.0, 48.0], "international_ODI_previous3_overs": [0.0, 0.0, 0.0], "international_ODI_previous3_runs gave": [0.0, 0.0, 0.0], "international_ODI_lifetime_runs": 5549.0, "international_ODI_lifetime_wickets": 23.0, "international_ODI_lifetime_balls played": 6344.0, "international_ODI_lifetime_overs": 179.0, "international_ODI_lifetime_runs gave": 985.0, "international_Test_previous3_runs": [97.0, 31.0, 20.0], "international_Test_previous3_wickets": [0.0, 0.0, 0.0], "international_Test_previous3_balls played": [149.0, 74.0, 48.0], "international_Test_previous3_overs": [0.0, 0.0, 0.0], "international_Test_previous3_runs gave": [0.0, 0.0, 0.0], "international_Test_lifetime_runs": 9685.0, "international_Test_lifetime_wickets": 17.0, "international_Test_lifetime_balls played": 17965.0, "international_Test_lifetime_overs": 244.66666666666669, "international_Test_lifetime_runs gave": 1020.0, "international_T20_previous3_runs": [19.0, 11.0, 4.0], "international_T20_previous3_wickets": [0.0, 0.0, 0.0], "international_T20_previous3_balls played": [16.0, 7.0, 3.0], "international_T20_previous3_overs": [0.0, 0.0, 0.0], "international_T20_previous3_runs gave": [0.0, 0.0, 0.0], "international_T20_lifetime_runs": 1090.0, "international_T20_lifetime_wickets": 12.0, "international_T20_lifetime_balls played": 862.0, "international_T20_lifetime_overs": 48.5, "international_T20_lifetime_runs gave": 379.0}