{"played_against": {"c4ff0618": {"runs": 1, "balls": 9, "wickets": 0}, "123e663a": {"runs": 11, "balls": 12, "wickets": 0}, "3a026eb4": {"runs": 12, "balls": 10, "wickets": 0}, "796e4140": {"runs": 12, "balls": 10, "wickets": 0}, "c66d9486": {"runs": 1, "balls": 2, "wickets": 1}, "924ab6c4": {"runs": 4, "balls": 6, "wickets": 0}, "e181d2b1": {"runs": 7, "balls": 2, "wickets": 0}, "1d23ed3a": {"runs": 5, "balls": 3, "wickets": 0}, "17bcec2a": {"runs": 12, "balls": 4, "wickets": 0}, "2f0fa698": {"runs": 4, "balls": 3, "wickets": 0}, "66c898ab": {"runs": 0, "balls": 1, "wickets": 0}, "f416b534": {"runs": 0, "balls": 1, "wickets": 1}, "7cb0a81a": {"runs": 3, "balls": 6, "wickets": 0}, "5f272b72": {"runs": 4, "balls": 8, "wickets": 0}, "b43f7a6a": {"runs": 3, "balls": 4, "wickets": 0}, "4ef823a2": {"runs": 7, "balls": 5, "wickets": 0}, "d0c5dad4": {"runs": 1, "balls": 2, "wickets": 0}, "98d05440": {"runs": 13, "balls": 15, "wickets": 0}, "2c2013a9": {"runs": 31, "balls": 14, "wickets": 0}, "12c3ba4d": {"runs": 16, "balls": 15, "wickets": 0}, "2d8aae2f": {"runs": 28, "balls": 19, "wickets": 0}, "edf3773b": {"runs": 18, "balls": 13, "wickets": 0}, "b56f5b6f": {"runs": 7, "balls": 10, "wickets": 0}, "48f25627": {"runs": 14, "balls": 7, "wickets": 1}, "1f3e6df4": {"runs": 6, "balls": 1, "wickets": 0}, "eff8b730": {"runs": 0, "balls": 1, "wickets": 1}, "e85d03d6": {"runs": 1, "balls": 2, "wickets": 0}, "9ff7f691": {"runs": 0, "balls": 1, "wickets": 0}, "c89474d1": {"runs": 13, "balls": 4, "wickets": 0}, "568e5a4a": {"runs": 5, "balls": 4, "wickets": 0}, "99cddc5e": {"runs": 2, "balls": 2, "wickets": 0}, "cf494ffe": {"runs": 0, "balls": 1, "wickets": 1}, "f6c2659d": {"runs": 1, "balls": 4, "wickets": 0}, "023f6b02": {"runs": 5, "balls": 4, "wickets": 0}, "04029c44": {"runs": 8, "balls": 3, "wickets": 0}, "fb0abc20": {"runs": 4, "balls": 4, "wickets": 1}, "ae6746e0": {"runs": 8, "balls": 4, "wickets": 0}, "79b4839e": {"runs": 10, "balls": 3, "wickets": 0}, "18eaf2fa": {"runs": 1, "balls": 2, "wickets": 1}, "bf385668": {"runs": 1, "balls": 2, "wickets": 0}, "007113d7": {"runs": 0, "balls": 4, "wickets": 1}, "0f12f9df": {"runs": 0, "balls": 1, "wickets": 1}, "87e562a9": {"runs": 4, "balls": 5, "wickets": 0}, "684a56df": {"runs": 1, "balls": 1, "wickets": 0}, "4180d897": {"runs": 8, "balls": 8, "wickets": 2}, "c0babb93": {"runs": 1, "balls": 1, "wickets": 0}, "d76b0d2d": {"runs": 10, "balls": 7, "wickets": 0}, "4329fbb5": {"runs": 8, "balls": 4, "wickets": 0}, "e7de4f6b": {"runs": 3, "balls": 3, "wickets": 1}, "64d43928": {"runs": 7, "balls": 4, "wickets": 0}, "cb4a3840": {"runs": 15, "balls": 9, "wickets": 0}, "c8c9d60b": {"runs": 18, "balls": 10, "wickets": 0}, "1f1f93b5": {"runs": 4, "balls": 1, "wickets": 0}, "3957a70a": {"runs": 9, "balls": 3, "wickets": 0}, "22cf078a": {"runs": 7, "balls": 4, "wickets": 1}, "d35a520a": {"runs": 1, "balls": 3, "wickets": 0}, "94ed8d37": {"runs": 15, "balls": 18, "wickets": 0}, "3b282e51": {"runs": 19, "balls": 13, "wickets": 0}, "928baf6b": {"runs": 11, "balls": 6, "wickets": 0}, "e27cff77": {"runs": 7, "balls": 12, "wickets": 0}, "bc6f8328": {"runs": 2, "balls": 5, "wickets": 0}, "9f998ed8": {"runs": 16, "balls": 11, "wickets": 1}, "42bf1b7d": {"runs": 16, "balls": 8, "wickets": 0}, "9652e347": {"runs": 1, "balls": 2, "wickets": 0}, "934b36a6": {"runs": 9, "balls": 9, "wickets": 0}, "34464143": {"runs": 9, "balls": 5, "wickets": 0}, "b858be20": {"runs": 20, "balls": 12, "wickets": 0}, "c5d7b244": {"runs": 1, "balls": 2, "wickets": 1}, "c024db94": {"runs": 6, "balls": 4, "wickets": 0}, "44c69e2b": {"runs": 0, "balls": 2, "wickets": 0}, "cde6b673": {"runs": 7, "balls": 4, "wickets": 0}, "13598ebc": {"runs": 17, "balls": 10, "wickets": 0}, "a7d4a5e9": {"runs": 0, "balls": 1, "wickets": 0}, "e1592949": {"runs": 1, "balls": 1, "wickets": 0}, "ab126ea8": {"runs": 8, "balls": 3, "wickets": 0}, "f1eb3c73": {"runs": 0, "balls": 1, "wickets": 1}, "95c434f7": {"runs": 3, "balls": 4, "wickets": 0}, "f8c72766": {"runs": 8, "balls": 5, "wickets": 0}, "94a1827c": {"runs": 7, "balls": 3, "wickets": 1}}, "fifties": 3, "thirties": 5, "centuries": 0, "maidens": 5.0, "hattricks": 0, "runs": 558.0, "wickets": 21.0, "club_ODI_previous3_runs": [], "club_ODI_previous3_wickets": [], "club_ODI_previous3_balls played": [], "club_ODI_previous3_overs": [], "club_ODI_previous3_runs gave": [], "club_ODI_lifetime_runs": 0.0, "club_ODI_lifetime_wickets": 0.0, "club_ODI_lifetime_balls played": 0.0, "club_ODI_lifetime_overs": 0.0, "club_ODI_lifetime_runs gave": 0.0, "club_Test_previous3_runs": [], "club_Test_previous3_wickets": [], "club_Test_previous3_balls played": [], "club_Test_previous3_overs": [], "club_Test_previous3_runs gave": [], "club_Test_lifetime_runs": 0.0, "club_Test_lifetime_wickets": 0.0, "club_Test_lifetime_balls played": 0.0, "club_Test_lifetime_overs": 0.0, "club_Test_lifetime_runs gave": 0.0, "club_T20_previous3_runs": [8.0, 19.0, 10.0], "club_T20_previous3_wickets": [0.0, 0.0, 0.0], "club_T20_previous3_balls played": [7.0, 13.0, 7.0], "club_T20_previous3_overs": [0.0, 1.0, 0.0], "club_T20_previous3_runs gave": [0.0, 19.0, 0.0], "club_T20_lifetime_runs": 42.0, "club_T20_lifetime_wickets": 2.0, "club_T20_lifetime_balls played": 34.0, "club_T20_lifetime_overs": 7.0, "club_T20_lifetime_runs gave": 85.0, "international_ODI_previous3_runs": [45.0, 24.0, 0.0], "international_ODI_previous3_wickets": [0.0, 1.0, 0.0], "international_ODI_previous3_balls played": [32.0, 17.0, 0.0], "international_ODI_previous3_overs": [8.0, 5.0, 0.0], "international_ODI_previous3_runs gave": [38.0, 35.0, 0.0], "international_ODI_lifetime_runs": 398.0, "international_ODI_lifetime_wickets": 13.0, "international_ODI_lifetime_balls played": 319.0, "international_ODI_lifetime_overs": 95.33333333333333, "international_ODI_lifetime_runs gave": 487.0, "international_Test_previous3_runs": [], "international_Test_previous3_wickets": [], "international_Test_previous3_balls played": [], "international_Test_previous3_overs": [], "international_Test_previous3_runs gave": [], "international_Test_lifetime_runs": 0.0, "international_Test_lifetime_wickets": 0.0, "international_Test_lifetime_balls played": 0.0, "international_Test_lifetime_overs": 0.0, "international_Test_lifetime_runs gave": 0.0, "international_T20_previous3_runs": [11.0, 7.0, 0.0], "international_T20_previous3_wickets": [0.0, 0.0, 0.0], "international_T20_previous3_balls played": [9.0, 3.0, 0.0], "international_T20_previous3_overs": [0.0, 1.0, 0.0], "international_T20_previous3_runs gave": [0.0, 17.0, 0.0], "international_T20_lifetime_runs": 118.0, "international_T20_lifetime_wickets": 6.0, "international_T20_lifetime_balls played": 84.0, "international_T20_lifetime_overs": 22.833333333333332, "international_T20_lifetime_runs gave": 172.0}