{"played_against": {"9c181b99": {"runs": 17, "balls": 10, "wickets": 0}, "e068d48e": {"runs": 11, "balls": 5, "wickets": 0}, "6913e38e": {"runs": 7, "balls": 8, "wickets": 1}, "eee46f77": {"runs": 1, "balls": 2, "wickets": 0}, "fc362c5d": {"runs": 4, "balls": 4, "wickets": 0}, "94113d54": {"runs": 1, "balls": 3, "wickets": 0}, "b1b99a1a": {"runs": 10, "balls": 6, "wickets": 0}, "a819f6c8": {"runs": 4, "balls": 5, "wickets": 1}, "441006af": {"runs": 23, "balls": 10, "wickets": 0}, "00467a76": {"runs": 1, "balls": 2, "wickets": 0}, "1c8cd1c3": {"runs": 12, "balls": 5, "wickets": 0}, "81898acc": {"runs": 6, "balls": 2, "wickets": 1}}, "fifties": 0, "thirties": 2, "centuries": 0, "maidens": 0.0, "hattricks": 0, "runs": 97.0, "wickets": 0.0, "club_ODI_previous3_runs": [], "club_ODI_previous3_wickets": [], "club_ODI_previous3_balls played": [], "club_ODI_previous3_overs": [], "club_ODI_previous3_runs gave": [], "club_ODI_lifetime_runs": 0.0, "club_ODI_lifetime_wickets": 0.0, "club_ODI_lifetime_balls played": 0.0, "club_ODI_lifetime_overs": 0.0, "club_ODI_lifetime_runs gave": 0.0, "club_Test_previous3_runs": [], "club_Test_previous3_wickets": [], "club_Test_previous3_balls played": [], "club_Test_previous3_overs": [], "club_Test_previous3_runs gave": [], "club_Test_lifetime_runs": 0.0, "club_Test_lifetime_wickets": 0.0, "club_Test_lifetime_balls played": 0.0, "club_Test_lifetime_overs": 0.0, "club_Test_lifetime_runs gave": 0.0, "club_T20_previous3_runs": [], "club_T20_previous3_wickets": [], "club_T20_previous3_balls played": [], "club_T20_previous3_overs": [], "club_T20_previous3_runs gave": [], "club_T20_lifetime_runs": 0.0, "club_T20_lifetime_wickets": 0.0, "club_T20_lifetime_balls played": 0.0, "club_T20_lifetime_overs": 0.0, "club_T20_lifetime_runs gave": 0.0, "international_ODI_previous3_runs": [], "international_ODI_previous3_wickets": [], "international_ODI_previous3_balls played": [], "international_ODI_previous3_overs": [], "international_ODI_previous3_runs gave": [], "international_ODI_lifetime_runs": 0.0, "international_ODI_lifetime_wickets": 0.0, "international_ODI_lifetime_balls played": 0.0, "international_ODI_lifetime_overs": 0.0, "international_ODI_lifetime_runs gave": 0.0, "international_Test_previous3_runs": [], "international_Test_previous3_wickets": [], "international_Test_previous3_balls played": [], "international_Test_previous3_overs": [], "international_Test_previous3_runs gave": [], "international_Test_lifetime_runs": 0.0, "international_Test_lifetime_wickets": 0.0, "international_Test_lifetime_balls played": 0.0, "international_Test_lifetime_overs": 0.0, "international_Test_lifetime_runs gave": 0.0, "international_T20_previous3_runs": [41.0, 14.0, 42.0], "international_T20_previous3_wickets": [0.0, 0.0, 0.0], "international_T20_previous3_balls played": [32.0, 11.0, 19.0], "international_T20_previous3_overs": [0.0, 0.0, 0.0], "international_T20_previous3_runs gave": [0.0, 0.0, 0.0], "international_T20_lifetime_runs": 97.0, "international_T20_lifetime_wickets": 0.0, "international_T20_lifetime_balls played": 62.0, "international_T20_lifetime_overs": 0.0, "international_T20_lifetime_runs gave": 0.0}