{"played_against": {"ed840f44": {"runs": 2, "balls": 10, "wickets": 1}, "558cdd64": {"runs": 2, "balls": 7, "wickets": 0}, "ad3940a5": {"runs": 3, "balls": 9, "wickets": 0}, "a6412417": {"runs": 0, "balls": 1, "wickets": 1}, "a61850e6": {"runs": 0, "balls": 2, "wickets": 0}, "dfdaca74": {"runs": 5, "balls": 12, "wickets": 2}, "61c22ad0": {"runs": 7, "balls": 12, "wickets": 0}, "ac5003f9": {"runs": 1, "balls": 2, "wickets": 0}, "521abce2": {"runs": 5, "balls": 11, "wickets": 0}, "97e6e41a": {"runs": 3, "balls": 6, "wickets": 1}, "e1492aed": {"runs": 1, "balls": 1, "wickets": 0}, "0cd297b9": {"runs": 5, "balls": 8, "wickets": 0}, "31c56f40": {"runs": 8, "balls": 5, "wickets": 0}, "aaccb8ca": {"runs": 2, "balls": 5, "wickets": 1}, "fdc6b34d": {"runs": 2, "balls": 7, "wickets": 0}, "5bb904d4": {"runs": 8, "balls": 8, "wickets": 0}, "77b26349": {"runs": 7, "balls": 5, "wickets": 0}, "24903af6": {"runs": 5, "balls": 6, "wickets": 0}, "d577d45a": {"runs": 3, "balls": 4, "wickets": 0}, "d6f9dfd6": {"runs": 10, "balls": 9, "wickets": 0}, "41bfb2a9": {"runs": 2, "balls": 2, "wickets": 0}, "4bed6af7": {"runs": 2, "balls": 4, "wickets": 1}, "57a25400": {"runs": 5, "balls": 2, "wickets": 0}, "36d3ed28": {"runs": 0, "balls": 1, "wickets": 1}, "519b872a": {"runs": 1, "balls": 1, "wickets": 0}, "f6ddfe08": {"runs": 2, "balls": 1, "wickets": 0}, "58acb320": {"runs": 3, "balls": 2, "wickets": 0}, "5838cb64": {"runs": 1, "balls": 3, "wickets": 0}, "1251a339": {"runs": 1, "balls": 13, "wickets": 0}, "4ac6664d": {"runs": 2, "balls": 10, "wickets": 0}, "11b78c67": {"runs": 2, "balls": 7, "wickets": 0}, "c34a15e6": {"runs": 3, "balls": 10, "wickets": 0}, "66078174": {"runs": 3, "balls": 3, "wickets": 0}, "89895ae1": {"runs": 1, "balls": 2, "wickets": 1}}, "fifties": 0, "thirties": 0, "centuries": 0, "maidens": 0.0, "hattricks": 0, "runs": 107.0, "wickets": 0.0, "club_ODI_previous3_runs": [], "club_ODI_previous3_wickets": [], "club_ODI_previous3_balls played": [], "club_ODI_previous3_overs": [], "club_ODI_previous3_runs gave": [], "club_ODI_lifetime_runs": 0.0, "club_ODI_lifetime_wickets": 0.0, "club_ODI_lifetime_balls played": 0.0, "club_ODI_lifetime_overs": 0.0, "club_ODI_lifetime_runs gave": 0.0, "club_Test_previous3_runs": [], "club_Test_previous3_wickets": [], "club_Test_previous3_balls played": [], "club_Test_previous3_overs": [], "club_Test_previous3_runs gave": [], "club_Test_lifetime_runs": 0.0, "club_Test_lifetime_wickets": 0.0, "club_Test_lifetime_balls played": 0.0, "club_Test_lifetime_overs": 0.0, "club_Test_lifetime_runs gave": 0.0, "club_T20_previous3_runs": [], "club_T20_previous3_wickets": [], "club_T20_previous3_balls played": [], "club_T20_previous3_overs": [], "club_T20_previous3_runs gave": [], "club_T20_lifetime_runs": 0.0, "club_T20_lifetime_wickets": 0.0, "club_T20_lifetime_balls played": 0.0, "club_T20_lifetime_overs": 0.0, "club_T20_lifetime_runs gave": 0.0, "international_ODI_previous3_runs": [], "international_ODI_previous3_wickets": [], "international_ODI_previous3_balls played": [], "international_ODI_previous3_overs": [], "international_ODI_previous3_runs gave": [], "international_ODI_lifetime_runs": 0.0, "international_ODI_lifetime_wickets": 0.0, "international_ODI_lifetime_balls played": 0.0, "international_ODI_lifetime_overs": 0.0, "international_ODI_lifetime_runs gave": 0.0, "international_Test_previous3_runs": [], "international_Test_previous3_wickets": [], "international_Test_previous3_balls played": [], "international_Test_previous3_overs": [], "international_Test_previous3_runs gave": [], "international_Test_lifetime_runs": 0.0, "international_Test_lifetime_wickets": 0.0, "international_Test_lifetime_balls played": 0.0, "international_Test_lifetime_overs": 0.0, "international_Test_lifetime_runs gave": 0.0, "international_T20_previous3_runs": [6.0, 9.0, 4.0], "international_T20_previous3_wickets": [0.0, 0.0, 0.0], "international_T20_previous3_balls played": [5.0, 43.0, 5.0], "international_T20_previous3_overs": [0.0, 0.0, 0.0], "international_T20_previous3_runs gave": [0.0, 0.0, 0.0], "international_T20_lifetime_runs": 107.0, "international_T20_lifetime_wickets": 0.0, "international_T20_lifetime_balls played": 192.0, "international_T20_lifetime_overs": 0.0, "international_T20_lifetime_runs gave": 0.0}