{"played_against": {"64d43928": {"runs": 5, "balls": 6, "wickets": 0}, "2ae01eb0": {"runs": 0, "balls": 6, "wickets": 0}, "2b85c8e6": {"runs": 0, "balls": 1, "wickets": 1}, "e4a0deae": {"runs": 3, "balls": 6, "wickets": 0}, "0f721006": {"runs": 1, "balls": 5, "wickets": 0}, "5f547c8b": {"runs": 0, "balls": 1, "wickets": 1}, "151c258b": {"runs": 1, "balls": 2, "wickets": 0}, "786b7fe8": {"runs": 0, "balls": 3, "wickets": 0}, "a97c8ec2": {"runs": 2, "balls": 3, "wickets": 0}, "79aad751": {"runs": 1, "balls": 5, "wickets": 1}, "f834dcfc": {"runs": 0, "balls": 1, "wickets": 0}, "9cab5daf": {"runs": 3, "balls": 2, "wickets": 1}, "22ae3041": {"runs": 0, "balls": 3, "wickets": 1}, "13c35c9e": {"runs": 2, "balls": 2, "wickets": 0}, "1252f71a": {"runs": 3, "balls": 7, "wickets": 0}, "f42064d5": {"runs": 6, "balls": 10, "wickets": 0}, "469ccead": {"runs": 1, "balls": 7, "wickets": 1}, "f24c6701": {"runs": 2, "balls": 6, "wickets": 0}, "58431ca0": {"runs": 6, "balls": 9, "wickets": 0}, "de7d833e": {"runs": 7, "balls": 12, "wickets": 1}, "3ff033bb": {"runs": 7, "balls": 4, "wickets": 0}, "64839cb3": {"runs": 3, "balls": 4, "wickets": 0}, "96a6a7ad": {"runs": 26, "balls": 34, "wickets": 0}, "12b610c2": {"runs": 1, "balls": 6, "wickets": 0}, "3fb19989": {"runs": 25, "balls": 54, "wickets": 0}, "03806cf8": {"runs": 7, "balls": 20, "wickets": 0}, "ded9240e": {"runs": 5, "balls": 43, "wickets": 0}, "4c5d73db": {"runs": 2, "balls": 7, "wickets": 0}, "70d57519": {"runs": 2, "balls": 7, "wickets": 1}, "e36e9dd3": {"runs": 1, "balls": 5, "wickets": 0}, "8d92a2c3": {"runs": 0, "balls": 12, "wickets": 1}, "73c18486": {"runs": 16, "balls": 9, "wickets": 1}, "acdc62f5": {"runs": 1, "balls": 2, "wickets": 0}, "4d7f517e": {"runs": 2, "balls": 6, "wickets": 1}, "bbd41817": {"runs": 7, "balls": 4, "wickets": 0}, "92b7602a": {"runs": 0, "balls": 3, "wickets": 1}, "efc04be7": {"runs": 1, "balls": 1, "wickets": 0}, "aa8d28ae": {"runs": 2, "balls": 2, "wickets": 0}, "a61bcb94": {"runs": 8, "balls": 6, "wickets": 0}, "83d17bbc": {"runs": 0, "balls": 1, "wickets": 1}}, "fifties": 1, "thirties": 0, "centuries": 0, "maidens": 3.0, "hattricks": 3, "runs": 159.0, "wickets": 23.0, "club_ODI_previous3_runs": [], "club_ODI_previous3_wickets": [], "club_ODI_previous3_balls played": [], "club_ODI_previous3_overs": [], "club_ODI_previous3_runs gave": [], "club_ODI_lifetime_runs": 0.0, "club_ODI_lifetime_wickets": 0.0, "club_ODI_lifetime_balls played": 0.0, "club_ODI_lifetime_overs": 0.0, "club_ODI_lifetime_runs gave": 0.0, "club_Test_previous3_runs": [], "club_Test_previous3_wickets": [], "club_Test_previous3_balls played": [], "club_Test_previous3_overs": [], "club_Test_previous3_runs gave": [], "club_Test_lifetime_runs": 0.0, "club_Test_lifetime_wickets": 0.0, "club_Test_lifetime_balls played": 0.0, "club_Test_lifetime_overs": 0.0, "club_Test_lifetime_runs gave": 0.0, "club_T20_previous3_runs": [0.0, 0.0, 11.0], "club_T20_previous3_wickets": [0.0, 0.0, 1.0], "club_T20_previous3_balls played": [3.0, 0.0, 10.0], "club_T20_previous3_overs": [3.0, 0.0, 2.0], "club_T20_previous3_runs gave": [24.0, 0.0, 13.0], "club_T20_lifetime_runs": 49.0, "club_T20_lifetime_wickets": 7.0, "club_T20_lifetime_balls played": 68.0, "club_T20_lifetime_overs": 34.0, "club_T20_lifetime_runs gave": 227.0, "international_ODI_previous3_runs": [10.0, 0.0, 25.0], "international_ODI_previous3_wickets": [0.0, 1.0, 1.0], "international_ODI_previous3_balls played": [24.0, 0.0, 35.0], "international_ODI_previous3_overs": [8.0, 10.0, 10.0], "international_ODI_previous3_runs gave": [41.0, 46.0, 52.0], "international_ODI_lifetime_runs": 38.0, "international_ODI_lifetime_wickets": 9.0, "international_ODI_lifetime_balls played": 63.0, "international_ODI_lifetime_overs": 63.5, "international_ODI_lifetime_runs gave": 287.0, "international_Test_previous3_runs": [64.0, 5.0], "international_Test_previous3_wickets": [1.0, 3.0], "international_Test_previous3_balls played": [157.0, 31.0], "international_Test_previous3_overs": [7.833333333333333, 37.0], "international_Test_previous3_runs gave": [54.0, 151.0], "international_Test_lifetime_runs": 69.0, "international_Test_lifetime_wickets": 4.0, "international_Test_lifetime_balls played": 188.0, "international_Test_lifetime_overs": 44.833333333333336, "international_Test_lifetime_runs gave": 205.0, "international_T20_previous3_runs": [0.0, 0.0, 0.0], "international_T20_previous3_wickets": [0.0, 1.0, 0.0], "international_T20_previous3_balls played": [0.0, 1.0, 0.0], "international_T20_previous3_overs": [2.0, 4.0, 3.0], "international_T20_previous3_runs gave": [21.0, 24.0, 29.0], "international_T20_lifetime_runs": 3.0, "international_T20_lifetime_wickets": 3.0, "international_T20_lifetime_balls played": 9.0, "international_T20_lifetime_overs": 18.0, "international_T20_lifetime_runs gave": 151.0}