{"played_against": {"91a4a398": {"runs": 4, "balls": 12, "wickets": 0}, "bad31fac": {"runs": 17, "balls": 23, "wickets": 1}, "8b5b6769": {"runs": 10, "balls": 26, "wickets": 0}, "0c2730df": {"runs": 17, "balls": 28, "wickets": 0}, "725529bc": {"runs": 7, "balls": 12, "wickets": 0}, "d2c2b2d5": {"runs": 5, "balls": 10, "wickets": 0}, "8ba8195d": {"runs": 2, "balls": 3, "wickets": 0}, "d12143bf": {"runs": 6, "balls": 18, "wickets": 2}, "25020f9d": {"runs": 0, "balls": 5, "wickets": 0}, "126e56a1": {"runs": 4, "balls": 6, "wickets": 0}, "d8906a73": {"runs": 9, "balls": 15, "wickets": 0}, "047c67ba": {"runs": 15, "balls": 17, "wickets": 0}, "390ff45b": {"runs": 3, "balls": 18, "wickets": 1}, "7fe5deb8": {"runs": 5, "balls": 6, "wickets": 0}, "80ec5dfd": {"runs": 6, "balls": 8, "wickets": 0}, "656202a7": {"runs": 14, "balls": 17, "wickets": 0}, "31ce61ab": {"runs": 11, "balls": 9, "wickets": 0}, "6a52f5d3": {"runs": 1, "balls": 5, "wickets": 0}, "123e663a": {"runs": 20, "balls": 30, "wickets": 0}, "41c8bae3": {"runs": 27, "balls": 31, "wickets": 1}, "e1e81c75": {"runs": 12, "balls": 13, "wickets": 0}, "543d3e69": {"runs": 2, "balls": 5, "wickets": 0}, "da045dea": {"runs": 7, "balls": 7, "wickets": 1}, "2b8b75a0": {"runs": 1, "balls": 9, "wickets": 1}, "9b12068b": {"runs": 0, "balls": 2, "wickets": 0}, "0e0afd8b": {"runs": 0, "balls": 1, "wickets": 0}, "fbc5c0c6": {"runs": 0, "balls": 2, "wickets": 0}, "54725e8b": {"runs": 1, "balls": 7, "wickets": 0}, "9d65b06f": {"runs": 4, "balls": 2, "wickets": 0}, "6b0c3a20": {"runs": 0, "balls": 6, "wickets": 0}, "d1c94b25": {"runs": 5, "balls": 10, "wickets": 0}, "ee7d0c82": {"runs": 18, "balls": 21, "wickets": 0}, "4c61a0f9": {"runs": 12, "balls": 8, "wickets": 0}, "addfb70e": {"runs": 3, "balls": 4, "wickets": 0}, "e662b18f": {"runs": 4, "balls": 19, "wickets": 0}, "7c7303eb": {"runs": 12, "balls": 21, "wickets": 1}, "5b8fffb4": {"runs": 11, "balls": 23, "wickets": 0}, "e21bc7f3": {"runs": 3, "balls": 20, "wickets": 1}, "46050f42": {"runs": 4, "balls": 6, "wickets": 0}, "249d60c9": {"runs": 6, "balls": 4, "wickets": 0}, "0dc00542": {"runs": 0, "balls": 2, "wickets": 0}, "568e5a4a": {"runs": 2, "balls": 2, "wickets": 0}, "99cddc5e": {"runs": 2, "balls": 7, "wickets": 0}, "e85d03d6": {"runs": 25, "balls": 38, "wickets": 0}, "292381e0": {"runs": 5, "balls": 8, "wickets": 0}, "f7b2cbe8": {"runs": 10, "balls": 18, "wickets": 1}, "248b72c3": {"runs": 7, "balls": 15, "wickets": 1}, "972e3865": {"runs": 7, "balls": 4, "wickets": 0}, "9ff7f691": {"runs": 11, "balls": 13, "wickets": 0}, "e16e7347": {"runs": 16, "balls": 20, "wickets": 0}, "e8511411": {"runs": 7, "balls": 8, "wickets": 0}, "a9a4df9f": {"runs": 2, "balls": 4, "wickets": 0}, "2fdd16fe": {"runs": 3, "balls": 8, "wickets": 0}, "753b5a2d": {"runs": 0, "balls": 1, "wickets": 0}, "49118dc7": {"runs": 18, "balls": 6, "wickets": 1}, "cf494ffe": {"runs": 6, "balls": 5, "wickets": 0}, "243431b5": {"runs": 3, "balls": 14, "wickets": 1}, "bb9b51f4": {"runs": 1, "balls": 7, "wickets": 0}, "7839bf3a": {"runs": 9, "balls": 7, "wickets": 0}, "719a2bb5": {"runs": 0, "balls": 1, "wickets": 1}, "12c3ba4d": {"runs": 0, "balls": 4, "wickets": 0}, "2d8aae2f": {"runs": 8, "balls": 7, "wickets": 0}, "98d05440": {"runs": 3, "balls": 3, "wickets": 1}}, "fifties": 3, "thirties": 4, "centuries": 0, "maidens": 1.0, "hattricks": 2, "runs": 433.0, "wickets": 10.0, "club_ODI_previous3_runs": [], "club_ODI_previous3_wickets": [], "club_ODI_previous3_balls played": [], "club_ODI_previous3_overs": [], "club_ODI_previous3_runs gave": [], "club_ODI_lifetime_runs": 0.0, "club_ODI_lifetime_wickets": 0.0, "club_ODI_lifetime_balls played": 0.0, "club_ODI_lifetime_overs": 0.0, "club_ODI_lifetime_runs gave": 0.0, "club_Test_previous3_runs": [], "club_Test_previous3_wickets": [], "club_Test_previous3_balls played": [], "club_Test_previous3_overs": [], "club_Test_previous3_runs gave": [], "club_Test_lifetime_runs": 0.0, "club_Test_lifetime_wickets": 0.0, "club_Test_lifetime_balls played": 0.0, "club_Test_lifetime_overs": 0.0, "club_Test_lifetime_runs gave": 0.0, "club_T20_previous3_runs": [], "club_T20_previous3_wickets": [], "club_T20_previous3_balls played": [], "club_T20_previous3_overs": [], "club_T20_previous3_runs gave": [], "club_T20_lifetime_runs": 0.0, "club_T20_lifetime_wickets": 0.0, "club_T20_lifetime_balls played": 0.0, "club_T20_lifetime_overs": 0.0, "club_T20_lifetime_runs gave": 0.0, "international_ODI_previous3_runs": [11.0, 10.0, 0.0], "international_ODI_previous3_wickets": [0.0, 0.0, 0.0], "international_ODI_previous3_balls played": [25.0, 15.0, 0.0], "international_ODI_previous3_overs": [0.0, 0.0, 0.0], "international_ODI_previous3_runs gave": [0.0, 0.0, 0.0], "international_ODI_lifetime_runs": 381.0, "international_ODI_lifetime_wickets": 6.0, "international_ODI_lifetime_balls played": 632.0, "international_ODI_lifetime_overs": 26.166666666666668, "international_ODI_lifetime_runs gave": 188.0, "international_Test_previous3_runs": [8.0], "international_Test_previous3_wickets": [3.0], "international_Test_previous3_balls played": [23.0], "international_Test_previous3_overs": [32.99999999999999], "international_Test_previous3_runs gave": [166.0], "international_Test_lifetime_runs": 8.0, "international_Test_lifetime_wickets": 3.0, "international_Test_lifetime_balls played": 23.0, "international_Test_lifetime_overs": 32.99999999999999, "international_Test_lifetime_runs gave": 166.0, "international_T20_previous3_runs": [0.0, 11.0, 0.0], "international_T20_previous3_wickets": [0.0, 0.0, 0.0], "international_T20_previous3_balls played": [0.0, 15.0, 0.0], "international_T20_previous3_overs": [1.0, 0.0, 0.0], "international_T20_previous3_runs gave": [11.0, 0.0, 0.0], "international_T20_lifetime_runs": 44.0, "international_T20_lifetime_wickets": 1.0, "international_T20_lifetime_balls played": 49.0, "international_T20_lifetime_overs": 3.3333333333333335, "international_T20_lifetime_runs gave": 26.0}