{"played_against": {"31972229": {"runs": 3, "balls": 5, "wickets": 0}, "7938c793": {"runs": 1, "balls": 1, "wickets": 0}, "165b9097": {"runs": 8, "balls": 6, "wickets": 0}, "7391f160": {"runs": 5, "balls": 11, "wickets": 1}, "33360da1": {"runs": 5, "balls": 3, "wickets": 0}, "1e17a238": {"runs": 1, "balls": 3, "wickets": 0}, "37f93dc8": {"runs": 0, "balls": 1, "wickets": 1}, "9b73d523": {"runs": 3, "balls": 2, "wickets": 0}, "ea9c54de": {"runs": 1, "balls": 0, "wickets": 0}, "99e23670": {"runs": 3, "balls": 1, "wickets": 0}, "d8e8179f": {"runs": 3, "balls": 2, "wickets": 0}, "7693851c": {"runs": 1, "balls": 3, "wickets": 0}, "d5eb8b84": {"runs": 12, "balls": 4, "wickets": 0}, "8ca1f93a": {"runs": 0, "balls": 3, "wickets": 1}, "ac56b5a7": {"runs": 1, "balls": 1, "wickets": 0}, "997fffbe": {"runs": 1, "balls": 2, "wickets": 0}}, "fifties": 0, "thirties": 0, "centuries": 0, "maidens": 0.0, "hattricks": 2, "runs": 48.0, "wickets": 11.0, "club_ODI_previous3_runs": [], "club_ODI_previous3_wickets": [], "club_ODI_previous3_balls played": [], "club_ODI_previous3_overs": [], "club_ODI_previous3_runs gave": [], "club_ODI_lifetime_runs": 0.0, "club_ODI_lifetime_wickets": 0.0, "club_ODI_lifetime_balls played": 0.0, "club_ODI_lifetime_overs": 0.0, "club_ODI_lifetime_runs gave": 0.0, "club_Test_previous3_runs": [], "club_Test_previous3_wickets": [], "club_Test_previous3_balls played": [], "club_Test_previous3_overs": [], "club_Test_previous3_runs gave": [], "club_Test_lifetime_runs": 0.0, "club_Test_lifetime_wickets": 0.0, "club_Test_lifetime_balls played": 0.0, "club_Test_lifetime_overs": 0.0, "club_Test_lifetime_runs gave": 0.0, "club_T20_previous3_runs": [1.0, 12.0, 3.0], "club_T20_previous3_wickets": [0.0, 1.0, 3.0], "club_T20_previous3_balls played": [3.0, 7.0, 4.0], "club_T20_previous3_overs": [1.0, 3.0, 4.0], "club_T20_previous3_runs gave": [8.0, 14.0, 31.0], "club_T20_lifetime_runs": 48.0, "club_T20_lifetime_wickets": 11.0, "club_T20_lifetime_balls played": 48.0, "club_T20_lifetime_overs": 25.333333333333336, "club_T20_lifetime_runs gave": 175.0, "international_ODI_previous3_runs": [], "international_ODI_previous3_wickets": [], "international_ODI_previous3_balls played": [], "international_ODI_previous3_overs": [], "international_ODI_previous3_runs gave": [], "international_ODI_lifetime_runs": 0.0, "international_ODI_lifetime_wickets": 0.0, "international_ODI_lifetime_balls played": 0.0, "international_ODI_lifetime_overs": 0.0, "international_ODI_lifetime_runs gave": 0.0, "international_Test_previous3_runs": [], "international_Test_previous3_wickets": [], "international_Test_previous3_balls played": [], "international_Test_previous3_overs": [], "international_Test_previous3_runs gave": [], "international_Test_lifetime_runs": 0.0, "international_Test_lifetime_wickets": 0.0, "international_Test_lifetime_balls played": 0.0, "international_Test_lifetime_overs": 0.0, "international_Test_lifetime_runs gave": 0.0, "international_T20_previous3_runs": [], "international_T20_previous3_wickets": [], "international_T20_previous3_balls played": [], "international_T20_previous3_overs": [], "international_T20_previous3_runs gave": [], "international_T20_lifetime_runs": 0.0, "international_T20_lifetime_wickets": 0.0, "international_T20_lifetime_balls played": 0.0, "international_T20_lifetime_overs": 0.0, "international_T20_lifetime_runs gave": 0.0}