{"played_against": {"8de618ab": {"runs": 0, "balls": 2, "wickets": 1}, "22cf078a": {"runs": 5, "balls": 18, "wickets": 0}, "3957a70a": {"runs": 3, "balls": 7, "wickets": 0}, "cb4a3840": {"runs": 4, "balls": 12, "wickets": 0}, "b7ccb3c9": {"runs": 1, "balls": 3, "wickets": 0}, "1f1f93b5": {"runs": 4, "balls": 6, "wickets": 0}, "4e6698d5": {"runs": 1, "balls": 8, "wickets": 1}, "cf9ae594": {"runs": 1, "balls": 3, "wickets": 0}, "af19aa66": {"runs": 2, "balls": 8, "wickets": 0}, "a22b4f3f": {"runs": 1, "balls": 4, "wickets": 0}, "479da8f9": {"runs": 1, "balls": 4, "wickets": 0}, "89b7e368": {"runs": 4, "balls": 9, "wickets": 1}, "bf00f426": {"runs": 3, "balls": 8, "wickets": 0}, "b38a9f73": {"runs": 0, "balls": 4, "wickets": 1}, "98614193": {"runs": 1, "balls": 2, "wickets": 0}}, "fifties": 0, "thirties": 0, "centuries": 0, "maidens": 0.0, "hattricks": 0, "runs": 31.0, "wickets": 0.0, "club_ODI_previous3_runs": [], "club_ODI_previous3_wickets": [], "club_ODI_previous3_balls played": [], "club_ODI_previous3_overs": [], "club_ODI_previous3_runs gave": [], "club_ODI_lifetime_runs": 0.0, "club_ODI_lifetime_wickets": 0.0, "club_ODI_lifetime_balls played": 0.0, "club_ODI_lifetime_overs": 0.0, "club_ODI_lifetime_runs gave": 0.0, "club_Test_previous3_runs": [], "club_Test_previous3_wickets": [], "club_Test_previous3_balls played": [], "club_Test_previous3_overs": [], "club_Test_previous3_runs gave": [], "club_Test_lifetime_runs": 0.0, "club_Test_lifetime_wickets": 0.0, "club_Test_lifetime_balls played": 0.0, "club_Test_lifetime_overs": 0.0, "club_Test_lifetime_runs gave": 0.0, "club_T20_previous3_runs": [], "club_T20_previous3_wickets": [], "club_T20_previous3_balls played": [], "club_T20_previous3_overs": [], "club_T20_previous3_runs gave": [], "club_T20_lifetime_runs": 0.0, "club_T20_lifetime_wickets": 0.0, "club_T20_lifetime_balls played": 0.0, "club_T20_lifetime_overs": 0.0, "club_T20_lifetime_runs gave": 0.0, "international_ODI_previous3_runs": [4.0, 7.0, 1.0], "international_ODI_previous3_wickets": [0.0, 0.0, 0.0], "international_ODI_previous3_balls played": [16.0, 17.0, 6.0], "international_ODI_previous3_overs": [0.0, 0.0, 0.0], "international_ODI_previous3_runs gave": [0.0, 0.0, 0.0], "international_ODI_lifetime_runs": 31.0, "international_ODI_lifetime_wickets": 0.0, "international_ODI_lifetime_balls played": 98.0, "international_ODI_lifetime_overs": 0.0, "international_ODI_lifetime_runs gave": 0.0, "international_Test_previous3_runs": [], "international_Test_previous3_wickets": [], "international_Test_previous3_balls played": [], "international_Test_previous3_overs": [], "international_Test_previous3_runs gave": [], "international_Test_lifetime_runs": 0.0, "international_Test_lifetime_wickets": 0.0, "international_Test_lifetime_balls played": 0.0, "international_Test_lifetime_overs": 0.0, "international_Test_lifetime_runs gave": 0.0, "international_T20_previous3_runs": [], "international_T20_previous3_wickets": [], "international_T20_previous3_balls played": [], "international_T20_previous3_overs": [], "international_T20_previous3_runs gave": [], "international_T20_lifetime_runs": 0.0, "international_T20_lifetime_wickets": 0.0, "international_T20_lifetime_balls played": 0.0, "international_T20_lifetime_overs": 0.0, "international_T20_lifetime_runs gave": 0.0}