{"played_against": {"556302a7": {"runs": 3, "balls": 15, "wickets": 0}, "a15618fe": {"runs": 4, "balls": 11, "wickets": 0}, "58822938": {"runs": 8, "balls": 10, "wickets": 0}, "e9d5218e": {"runs": 8, "balls": 13, "wickets": 0}, "4a461c24": {"runs": 2, "balls": 11, "wickets": 0}, "8305580c": {"runs": 9, "balls": 8, "wickets": 0}, "a9da7784": {"runs": 0, "balls": 2, "wickets": 0}, "aac9f784": {"runs": 0, "balls": 7, "wickets": 0}, "5da34add": {"runs": 0, "balls": 2, "wickets": 1}, "61a9ce31": {"runs": 6, "balls": 18, "wickets": 1}, "245c97cb": {"runs": 4, "balls": 6, "wickets": 0}, "7ca5e05d": {"runs": 9, "balls": 8, "wickets": 0}, "e86754b2": {"runs": 5, "balls": 23, "wickets": 0}, "1a88bdd3": {"runs": 3, "balls": 3, "wickets": 0}, "57a76baa": {"runs": 1, "balls": 2, "wickets": 0}, "a72b14ff": {"runs": 0, "balls": 16, "wickets": 2}, "ccdd8308": {"runs": 6, "balls": 4, "wickets": 0}, "025a092b": {"runs": 3, "balls": 5, "wickets": 0}, "f1ba9ed7": {"runs": 8, "balls": 3, "wickets": 0}, "2a2e6343": {"runs": 1, "balls": 1, "wickets": 0}, "bca21d18": {"runs": 1, "balls": 2, "wickets": 0}, "eaa4cfc2": {"runs": 3, "balls": 2, "wickets": 0}, "45c2196c": {"runs": 0, "balls": 2, "wickets": 1}, "25a42048": {"runs": 2, "balls": 3, "wickets": 0}, "8db7f47f": {"runs": 12, "balls": 3, "wickets": 0}, "ad962377": {"runs": 1, "balls": 1, "wickets": 0}, "f3abd0c9": {"runs": 2, "balls": 3, "wickets": 0}}, "fifties": 0, "thirties": 0, "centuries": 0, "maidens": 0.0, "hattricks": 0, "runs": 101.0, "wickets": 0.0, "club_ODI_previous3_runs": [], "club_ODI_previous3_wickets": [], "club_ODI_previous3_balls played": [], "club_ODI_previous3_overs": [], "club_ODI_previous3_runs gave": [], "club_ODI_lifetime_runs": 0.0, "club_ODI_lifetime_wickets": 0.0, "club_ODI_lifetime_balls played": 0.0, "club_ODI_lifetime_overs": 0.0, "club_ODI_lifetime_runs gave": 0.0, "club_Test_previous3_runs": [0.0, 10.0, 9.0], "club_Test_previous3_wickets": [0.0, 0.0, 0.0], "club_Test_previous3_balls played": [9.0, 26.0, 44.0], "club_Test_previous3_overs": [0.0, 0.0, 0.0], "club_Test_previous3_runs gave": [0.0, 0.0, 0.0], "club_Test_lifetime_runs": 46.0, "club_Test_lifetime_wickets": 0.0, "club_Test_lifetime_balls played": 148.0, "club_Test_lifetime_overs": 0.0, "club_Test_lifetime_runs gave": 0.0, "club_T20_previous3_runs": [4.0, 23.0, 10.0], "club_T20_previous3_wickets": [0.0, 0.0, 0.0], "club_T20_previous3_balls played": [6.0, 12.0, 5.0], "club_T20_previous3_overs": [0.0, 0.0, 0.0], "club_T20_previous3_runs gave": [0.0, 0.0, 0.0], "club_T20_lifetime_runs": 55.0, "club_T20_lifetime_wickets": 0.0, "club_T20_lifetime_balls played": 36.0, "club_T20_lifetime_overs": 0.0, "club_T20_lifetime_runs gave": 0.0, "international_ODI_previous3_runs": [], "international_ODI_previous3_wickets": [], "international_ODI_previous3_balls played": [], "international_ODI_previous3_overs": [], "international_ODI_previous3_runs gave": [], "international_ODI_lifetime_runs": 0.0, "international_ODI_lifetime_wickets": 0.0, "international_ODI_lifetime_balls played": 0.0, "international_ODI_lifetime_overs": 0.0, "international_ODI_lifetime_runs gave": 0.0, "international_Test_previous3_runs": [], "international_Test_previous3_wickets": [], "international_Test_previous3_balls played": [], "international_Test_previous3_overs": [], "international_Test_previous3_runs gave": [], "international_Test_lifetime_runs": 0.0, "international_Test_lifetime_wickets": 0.0, "international_Test_lifetime_balls played": 0.0, "international_Test_lifetime_overs": 0.0, "international_Test_lifetime_runs gave": 0.0, "international_T20_previous3_runs": [], "international_T20_previous3_wickets": [], "international_T20_previous3_balls played": [], "international_T20_previous3_overs": [], "international_T20_previous3_runs gave": [], "international_T20_lifetime_runs": 0.0, "international_T20_lifetime_wickets": 0.0, "international_T20_lifetime_balls played": 0.0, "international_T20_lifetime_overs": 0.0, "international_T20_lifetime_runs gave": 0.0}