{"played_against": {"00467a76": {"runs": 5, "balls": 2, "wickets": 0}, "441006af": {"runs": 27, "balls": 13, "wickets": 0}, "1c8cd1c3": {"runs": 6, "balls": 5, "wickets": 0}, "fd2b8c06": {"runs": 11, "balls": 7, "wickets": 1}, "2a03bd2f": {"runs": 5, "balls": 4, "wickets": 0}, "4e6ff836": {"runs": 6, "balls": 4, "wickets": 1}, "201d3a67": {"runs": 9, "balls": 4, "wickets": 0}, "c7bb2416": {"runs": 1, "balls": 2, "wickets": 1}, "027662be": {"runs": 10, "balls": 6, "wickets": 0}, "e2abcf16": {"runs": 16, "balls": 7, "wickets": 1}}, "fifties": 0, "thirties": 2, "centuries": 0, "maidens": 0.0, "hattricks": 0, "runs": 96.0, "wickets": 2.0, "club_ODI_previous3_runs": [], "club_ODI_previous3_wickets": [], "club_ODI_previous3_balls played": [], "club_ODI_previous3_overs": [], "club_ODI_previous3_runs gave": [], "club_ODI_lifetime_runs": 0.0, "club_ODI_lifetime_wickets": 0.0, "club_ODI_lifetime_balls played": 0.0, "club_ODI_lifetime_overs": 0.0, "club_ODI_lifetime_runs gave": 0.0, "club_Test_previous3_runs": [], "club_Test_previous3_wickets": [], "club_Test_previous3_balls played": [], "club_Test_previous3_overs": [], "club_Test_previous3_runs gave": [], "club_Test_lifetime_runs": 0.0, "club_Test_lifetime_wickets": 0.0, "club_Test_lifetime_balls played": 0.0, "club_Test_lifetime_overs": 0.0, "club_Test_lifetime_runs gave": 0.0, "club_T20_previous3_runs": [], "club_T20_previous3_wickets": [], "club_T20_previous3_balls played": [], "club_T20_previous3_overs": [], "club_T20_previous3_runs gave": [], "club_T20_lifetime_runs": 0.0, "club_T20_lifetime_wickets": 0.0, "club_T20_lifetime_balls played": 0.0, "club_T20_lifetime_overs": 0.0, "club_T20_lifetime_runs gave": 0.0, "international_ODI_previous3_runs": [], "international_ODI_previous3_wickets": [], "international_ODI_previous3_balls played": [], "international_ODI_previous3_overs": [], "international_ODI_previous3_runs gave": [], "international_ODI_lifetime_runs": 0.0, "international_ODI_lifetime_wickets": 0.0, "international_ODI_lifetime_balls played": 0.0, "international_ODI_lifetime_overs": 0.0, "international_ODI_lifetime_runs gave": 0.0, "international_Test_previous3_runs": [], "international_Test_previous3_wickets": [], "international_Test_previous3_balls played": [], "international_Test_previous3_overs": [], "international_Test_previous3_runs gave": [], "international_Test_lifetime_runs": 0.0, "international_Test_lifetime_wickets": 0.0, "international_Test_lifetime_balls played": 0.0, "international_Test_lifetime_overs": 0.0, "international_Test_lifetime_runs gave": 0.0, "international_T20_previous3_runs": [35.0, 1.0, 26.0], "international_T20_previous3_wickets": [1.0, 0.0, 0.0], "international_T20_previous3_balls played": [22.0, 2.0, 13.0], "international_T20_previous3_overs": [2.0, 0.0, 0.0], "international_T20_previous3_runs gave": [24.0, 0.0, 0.0], "international_T20_lifetime_runs": 96.0, "international_T20_lifetime_wickets": 2.0, "international_T20_lifetime_balls played": 56.0, "international_T20_lifetime_overs": 5.0, "international_T20_lifetime_runs gave": 50.0}