{"played_against": {"2af0e3b1": {"runs": 29, "balls": 15, "wickets": 0}, "e969e580": {"runs": 7, "balls": 2, "wickets": 0}, "acf2b680": {"runs": 18, "balls": 6, "wickets": 0}, "a62f55ba": {"runs": 63, "balls": 33, "wickets": 0}, "206efeb1": {"runs": 24, "balls": 15, "wickets": 0}, "190957d2": {"runs": 33, "balls": 26, "wickets": 1}, "27320242": {"runs": 8, "balls": 3, "wickets": 0}, "f0a45427": {"runs": 25, "balls": 17, "wickets": 1}, "2472ad2c": {"runs": 37, "balls": 35, "wickets": 0}, "63f306ac": {"runs": 30, "balls": 9, "wickets": 0}, "bc02b37a": {"runs": 22, "balls": 9, "wickets": 0}, "90830f8d": {"runs": 47, "balls": 31, "wickets": 0}, "4a51c045": {"runs": 9, "balls": 7, "wickets": 1}, "ddcb8503": {"runs": 5, "balls": 4, "wickets": 1}, "2306b48a": {"runs": 30, "balls": 6, "wickets": 0}, "a89c270b": {"runs": 25, "balls": 14, "wickets": 1}, "3f9d95f9": {"runs": 14, "balls": 11, "wickets": 1}, "a968d39b": {"runs": 11, "balls": 14, "wickets": 0}, "65a29a30": {"runs": 45, "balls": 31, "wickets": 1}, "06bcade5": {"runs": 33, "balls": 17, "wickets": 1}, "af19aa66": {"runs": 1, "balls": 8, "wickets": 1}, "1021b6e5": {"runs": 21, "balls": 19, "wickets": 1}, "a843d7a8": {"runs": 13, "balls": 4, "wickets": 0}, "673be48f": {"runs": 21, "balls": 23, "wickets": 0}, "49f6d023": {"runs": 25, "balls": 12, "wickets": 0}, "c498c510": {"runs": 11, "balls": 11, "wickets": 0}, "f49c401e": {"runs": 14, "balls": 5, "wickets": 0}, "0730a707": {"runs": 2, "balls": 2, "wickets": 0}, "270bf7e2": {"runs": 5, "balls": 6, "wickets": 0}, "9a95bebb": {"runs": 5, "balls": 3, "wickets": 1}, "14af45c4": {"runs": 14, "balls": 17, "wickets": 0}, "b978780e": {"runs": 1, "balls": 1, "wickets": 0}, "9585854d": {"runs": 3, "balls": 5, "wickets": 0}, "cde067e1": {"runs": 7, "balls": 3, "wickets": 0}, "4d1ec7eb": {"runs": 3, "balls": 5, "wickets": 0}, "a36915ce": {"runs": 6, "balls": 4, "wickets": 1}, "2d9451cc": {"runs": 20, "balls": 10, "wickets": 1}, "b3540b2a": {"runs": 18, "balls": 11, "wickets": 0}, "e80ed014": {"runs": 11, "balls": 6, "wickets": 0}, "44e00a4c": {"runs": 9, "balls": 9, "wickets": 0}, "36a0a88c": {"runs": 13, "balls": 6, "wickets": 0}, "3ad06915": {"runs": 3, "balls": 5, "wickets": 0}, "8c7b9bfc": {"runs": 2, "balls": 3, "wickets": 0}, "5d77a96a": {"runs": 2, "balls": 2, "wickets": 0}, "7267e3cd": {"runs": 11, "balls": 5, "wickets": 0}, "c8e5012c": {"runs": 1, "balls": 2, "wickets": 0}, "b56f5b6f": {"runs": 45, "balls": 29, "wickets": 1}, "1f490b28": {"runs": 25, "balls": 13, "wickets": 0}, "2e89652e": {"runs": 18, "balls": 11, "wickets": 0}, "056b433b": {"runs": 1, "balls": 4, "wickets": 1}, "5892ac75": {"runs": 6, "balls": 5, "wickets": 0}, "4d9dfc7f": {"runs": 8, "balls": 4, "wickets": 0}, "2278c4ca": {"runs": 1, "balls": 2, "wickets": 0}, "d3851cd8": {"runs": 46, "balls": 27, "wickets": 1}, "be0f9ce9": {"runs": 3, "balls": 7, "wickets": 0}, "66a7f213": {"runs": 1, "balls": 3, "wickets": 0}, "f6c2659d": {"runs": 18, "balls": 8, "wickets": 1}, "c9d05f1a": {"runs": 15, "balls": 14, "wickets": 1}, "9ffb7550": {"runs": 22, "balls": 10, "wickets": 0}, "91cc319d": {"runs": 22, "balls": 10, "wickets": 0}, "3883402f": {"runs": 19, "balls": 11, "wickets": 0}, "47b33198": {"runs": 5, "balls": 6, "wickets": 0}, "f5932ad2": {"runs": 18, "balls": 7, "wickets": 0}, "c251b048": {"runs": 13, "balls": 11, "wickets": 0}, "d5ca4759": {"runs": 13, "balls": 3, "wickets": 0}, "a127e6f5": {"runs": 19, "balls": 4, "wickets": 0}, "6a11facf": {"runs": 2, "balls": 4, "wickets": 0}, "29b322c7": {"runs": 1, "balls": 1, "wickets": 0}, "c4f8d754": {"runs": 30, "balls": 13, "wickets": 0}, "b0e16d9b": {"runs": 27, "balls": 20, "wickets": 1}, "ccd88623": {"runs": 1, "balls": 5, "wickets": 1}, "e76c8732": {"runs": 4, "balls": 2, "wickets": 1}, "45c6afaf": {"runs": 16, "balls": 7, "wickets": 0}, "c4e205e4": {"runs": 33, "balls": 16, "wickets": 0}, "4758488e": {"runs": 7, "balls": 5, "wickets": 0}, "cab3f89a": {"runs": 39, "balls": 28, "wickets": 0}, "4d7c5b56": {"runs": 6, "balls": 4, "wickets": 1}, "8069f81f": {"runs": 9, "balls": 10, "wickets": 1}, "02888f23": {"runs": 14, "balls": 5, "wickets": 0}, "5f5efae1": {"runs": 6, "balls": 4, "wickets": 1}, "68f24545": {"runs": 1, "balls": 1, "wickets": 0}, "b04e6811": {"runs": 3, "balls": 3, "wickets": 0}, "8a00eec1": {"runs": 4, "balls": 5, "wickets": 0}, "3c8faed4": {"runs": 22, "balls": 16, "wickets": 1}, "4551ed03": {"runs": 11, "balls": 9, "wickets": 0}, "cd752e8a": {"runs": 17, "balls": 11, "wickets": 0}}, "fifties": 9, "thirties": 6, "centuries": 2, "maidens": 0.0, "hattricks": 0, "runs": 1328.0, "wickets": 0.0, "club_ODI_previous3_runs": [], "club_ODI_previous3_wickets": [], "club_ODI_previous3_balls played": [], "club_ODI_previous3_overs": [], "club_ODI_previous3_runs gave": [], "club_ODI_lifetime_runs": 0.0, "club_ODI_lifetime_wickets": 0.0, "club_ODI_lifetime_balls played": 0.0, "club_ODI_lifetime_overs": 0.0, "club_ODI_lifetime_runs gave": 0.0, "club_Test_previous3_runs": [], "club_Test_previous3_wickets": [], "club_Test_previous3_balls played": [], "club_Test_previous3_overs": [], "club_Test_previous3_runs gave": [], "club_Test_lifetime_runs": 0.0, "club_Test_lifetime_wickets": 0.0, "club_Test_lifetime_balls played": 0.0, "club_Test_lifetime_overs": 0.0, "club_Test_lifetime_runs gave": 0.0, "club_T20_previous3_runs": [], "club_T20_previous3_wickets": [], "club_T20_previous3_balls played": [], "club_T20_previous3_overs": [], "club_T20_previous3_runs gave": [], "club_T20_lifetime_runs": 0.0, "club_T20_lifetime_wickets": 0.0, "club_T20_lifetime_balls played": 0.0, "club_T20_lifetime_overs": 0.0, "club_T20_lifetime_runs gave": 0.0, "international_ODI_previous3_runs": [], "international_ODI_previous3_wickets": [], "international_ODI_previous3_balls played": [], "international_ODI_previous3_overs": [], "international_ODI_previous3_runs gave": [], "international_ODI_lifetime_runs": 0.0, "international_ODI_lifetime_wickets": 0.0, "international_ODI_lifetime_balls played": 0.0, "international_ODI_lifetime_overs": 0.0, "international_ODI_lifetime_runs gave": 0.0, "international_Test_previous3_runs": [], "international_Test_previous3_wickets": [], "international_Test_previous3_balls played": [], "international_Test_previous3_overs": [], "international_Test_previous3_runs gave": [], "international_Test_lifetime_runs": 0.0, "international_Test_lifetime_wickets": 0.0, "international_Test_lifetime_balls played": 0.0, "international_Test_lifetime_overs": 0.0, "international_Test_lifetime_runs gave": 0.0, "international_T20_previous3_runs": [24.0, 74.0, 85.0], "international_T20_previous3_wickets": [0.0, 0.0, 0.0], "international_T20_previous3_balls played": [18.0, 56.0, 63.0], "international_T20_previous3_overs": [0.0, 0.0, 0.0], "international_T20_previous3_runs gave": [0.0, 0.0, 0.0], "international_T20_lifetime_runs": 1328.0, "international_T20_lifetime_wickets": 0.0, "international_T20_lifetime_balls played": 859.0, "international_T20_lifetime_overs": 1.0, "international_T20_lifetime_runs gave": 8.0}