{"played_against": {"8026ea72": {"runs": 5, "balls": 2, "wickets": 0}, "d32cf49a": {"runs": 2, "balls": 3, "wickets": 0}, "7673c908": {"runs": 12, "balls": 12, "wickets": 0}, "f2c1f0e5": {"runs": 12, "balls": 8, "wickets": 0}, "f3a18a0c": {"runs": 11, "balls": 7, "wickets": 1}, "65d9b6b6": {"runs": 16, "balls": 10, "wickets": 1}, "237ec05b": {"runs": 5, "balls": 3, "wickets": 0}, "72166006": {"runs": 9, "balls": 4, "wickets": 0}, "cdb82f1c": {"runs": 13, "balls": 9, "wickets": 1}, "5463cb7a": {"runs": 1, "balls": 3, "wickets": 0}, "0475a86b": {"runs": 4, "balls": 5, "wickets": 0}, "201fef33": {"runs": 2, "balls": 2, "wickets": 0}, "ebf683f9": {"runs": 1, "balls": 1, "wickets": 0}, "a49985e6": {"runs": 2, "balls": 3, "wickets": 1}, "9b3bcca4": {"runs": 1, "balls": 3, "wickets": 1}, "b34e0c77": {"runs": 2, "balls": 2, "wickets": 0}, "abc9f8a4": {"runs": 1, "balls": 3, "wickets": 1}, "83558266": {"runs": 2, "balls": 8, "wickets": 0}, "bc969efb": {"runs": 5, "balls": 2, "wickets": 0}, "17608a6f": {"runs": 2, "balls": 3, "wickets": 0}, "a50797a4": {"runs": 1, "balls": 1, "wickets": 0}, "60471339": {"runs": 1, "balls": 4, "wickets": 0}, "d5eb8b84": {"runs": 1, "balls": 3, "wickets": 1}}, "fifties": 0, "thirties": 0, "centuries": 0, "maidens": 2.0, "hattricks": 1, "runs": 111.0, "wickets": 38.0, "club_ODI_previous3_runs": [], "club_ODI_previous3_wickets": [], "club_ODI_previous3_balls played": [], "club_ODI_previous3_overs": [], "club_ODI_previous3_runs gave": [], "club_ODI_lifetime_runs": 0.0, "club_ODI_lifetime_wickets": 0.0, "club_ODI_lifetime_balls played": 0.0, "club_ODI_lifetime_overs": 0.0, "club_ODI_lifetime_runs gave": 0.0, "club_Test_previous3_runs": [], "club_Test_previous3_wickets": [], "club_Test_previous3_balls played": [], "club_Test_previous3_overs": [], "club_Test_previous3_runs gave": [], "club_Test_lifetime_runs": 0.0, "club_Test_lifetime_wickets": 0.0, "club_Test_lifetime_balls played": 0.0, "club_Test_lifetime_overs": 0.0, "club_Test_lifetime_runs gave": 0.0, "club_T20_previous3_runs": [0.0, 3.0, 0.0], "club_T20_previous3_wickets": [0.0, 2.0, 2.0], "club_T20_previous3_balls played": [0.0, 3.0, 0.0], "club_T20_previous3_overs": [1.0, 4.0, 3.5], "club_T20_previous3_runs gave": [3.0, 16.0, 12.0], "club_T20_lifetime_runs": 85.0, "club_T20_lifetime_wickets": 20.0, "club_T20_lifetime_balls played": 62.0, "club_T20_lifetime_overs": 59.0, "club_T20_lifetime_runs gave": 456.0, "international_ODI_previous3_runs": [5.0, 2.0, 0.0], "international_ODI_previous3_wickets": [1.0, 1.0, 1.0], "international_ODI_previous3_balls played": [2.0, 10.0, 0.0], "international_ODI_previous3_overs": [10.0, 10.0, 9.833333333333334], "international_ODI_previous3_runs gave": [43.0, 61.0, 39.0], "international_ODI_lifetime_runs": 7.0, "international_ODI_lifetime_wickets": 3.0, "international_ODI_lifetime_balls played": 12.0, "international_ODI_lifetime_overs": 29.833333333333336, "international_ODI_lifetime_runs gave": 143.0, "international_Test_previous3_runs": [], "international_Test_previous3_wickets": [], "international_Test_previous3_balls played": [], "international_Test_previous3_overs": [], "international_Test_previous3_runs gave": [], "international_Test_lifetime_runs": 0.0, "international_Test_lifetime_wickets": 0.0, "international_Test_lifetime_balls played": 0.0, "international_Test_lifetime_overs": 0.0, "international_Test_lifetime_runs gave": 0.0, "international_T20_previous3_runs": [0.0, 0.0, 0.0], "international_T20_previous3_wickets": [1.0, 1.0, 1.0], "international_T20_previous3_balls played": [0.0, 0.0, 0.0], "international_T20_previous3_overs": [3.8333333333333335, 4.0, 4.0], "international_T20_previous3_runs gave": [14.0, 16.0, 35.0], "international_T20_lifetime_runs": 19.0, "international_T20_lifetime_wickets": 15.0, "international_T20_lifetime_balls played": 27.0, "international_T20_lifetime_overs": 56.833333333333336, "international_T20_lifetime_runs gave": 395.0}