{"played_against": {"98ae73b1": {"runs": 1, "balls": 2, "wickets": 0}, "1c914163": {"runs": 6, "balls": 11, "wickets": 2}, "dd09ff8e": {"runs": 1, "balls": 2, "wickets": 1}, "6b8eb6e5": {"runs": 17, "balls": 7, "wickets": 0}, "5fa06777": {"runs": 3, "balls": 12, "wickets": 1}, "91a4a398": {"runs": 4, "balls": 2, "wickets": 0}, "e938e1bc": {"runs": 4, "balls": 3, "wickets": 0}, "88fccd6c": {"runs": 1, "balls": 1, "wickets": 0}, "5f4e9e8f": {"runs": 1, "balls": 3, "wickets": 0}, "87e562a9": {"runs": 6, "balls": 1, "wickets": 0}, "96fd40ae": {"runs": 3, "balls": 4, "wickets": 1}, "4ba44e19": {"runs": 2, "balls": 4, "wickets": 0}, "c8179c68": {"runs": 1, "balls": 1, "wickets": 0}, "c3d35165": {"runs": 1, "balls": 4, "wickets": 1}, "6c6591ab": {"runs": 0, "balls": 1, "wickets": 1}, "8b5b6769": {"runs": 4, "balls": 6, "wickets": 2}, "2e8994e7": {"runs": 1, "balls": 4, "wickets": 0}, "c3d1402f": {"runs": 19, "balls": 12, "wickets": 2}, "9f961c14": {"runs": 15, "balls": 5, "wickets": 0}, "495d42a5": {"runs": 7, "balls": 15, "wickets": 0}, "b2b50355": {"runs": 4, "balls": 2, "wickets": 1}, "85aae393": {"runs": 2, "balls": 3, "wickets": 0}, "13c35c9e": {"runs": 0, "balls": 0, "wickets": 0}, "fe93fd9d": {"runs": 18, "balls": 15, "wickets": 1}, "41eb4a4f": {"runs": 20, "balls": 8, "wickets": 0}, "3a60e0b5": {"runs": 15, "balls": 8, "wickets": 0}, "90edaaa9": {"runs": 1, "balls": 1, "wickets": 0}, "cf73ad76": {"runs": 1, "balls": 1, "wickets": 0}, "a12e1d51": {"runs": 12, "balls": 12, "wickets": 1}, "2af1b6d2": {"runs": 8, "balls": 3, "wickets": 0}, "5bb5a915": {"runs": 10, "balls": 10, "wickets": 0}, "9d80c5e1": {"runs": 10, "balls": 13, "wickets": 0}, "cc1e8c68": {"runs": 13, "balls": 8, "wickets": 0}, "05c2ca46": {"runs": 0, "balls": 1, "wickets": 0}, "3d7e087f": {"runs": 13, "balls": 8, "wickets": 1}, "7c503806": {"runs": 2, "balls": 3, "wickets": 0}, "f986ca1a": {"runs": 12, "balls": 4, "wickets": 0}, "2a72fd4f": {"runs": 6, "balls": 8, "wickets": 0}, "f3171936": {"runs": 1, "balls": 3, "wickets": 1}, "addfb70e": {"runs": 0, "balls": 1, "wickets": 1}, "9a158001": {"runs": 2, "balls": 2, "wickets": 0}, "1a0c3177": {"runs": 14, "balls": 4, "wickets": 1}, "2e81a32d": {"runs": 3, "balls": 7, "wickets": 1}, "1e66c162": {"runs": 3, "balls": 5, "wickets": 0}, "896d78ad": {"runs": 7, "balls": 4, "wickets": 0}, "8fd1a8f5": {"runs": 5, "balls": 5, "wickets": 1}, "e0407c01": {"runs": 3, "balls": 5, "wickets": 0}, "5d9a1a73": {"runs": 11, "balls": 5, "wickets": 0}, "8cf9814c": {"runs": 2, "balls": 3, "wickets": 1}, "6b19d823": {"runs": 3, "balls": 5, "wickets": 1}, "119678fd": {"runs": 2, "balls": 2, "wickets": 0}, "759ac88f": {"runs": 6, "balls": 4, "wickets": 2}, "462411b3": {"runs": 9, "balls": 6, "wickets": 0}, "0c0ef3fb": {"runs": 0, "balls": 2, "wickets": 0}, "911d04ad": {"runs": 2, "balls": 5, "wickets": 0}, "c3a96caf": {"runs": 6, "balls": 3, "wickets": 0}, "92d07362": {"runs": 12, "balls": 12, "wickets": 0}, "b2570b38": {"runs": 7, "balls": 4, "wickets": 0}, "ddb00822": {"runs": 3, "balls": 4, "wickets": 0}, "8d83e97a": {"runs": 7, "balls": 4, "wickets": 0}, "cdc6bdba": {"runs": 12, "balls": 9, "wickets": 0}, "871e9faf": {"runs": 1, "balls": 1, "wickets": 0}, "783e6111": {"runs": 6, "balls": 5, "wickets": 0}, "5a004050": {"runs": 2, "balls": 3, "wickets": 0}, "663b5e34": {"runs": 0, "balls": 1, "wickets": 1}, "76307fc7": {"runs": 11, "balls": 9, "wickets": 1}, "8c5b0ce7": {"runs": 3, "balls": 9, "wickets": 0}, "35b67232": {"runs": 4, "balls": 7, "wickets": 0}, "09ea761c": {"runs": 8, "balls": 3, "wickets": 0}, "6d981899": {"runs": 10, "balls": 9, "wickets": 0}, "52cb36a0": {"runs": 7, "balls": 7, "wickets": 1}, "4329fbb5": {"runs": 11, "balls": 7, "wickets": 0}, "dfc4d8b5": {"runs": 4, "balls": 3, "wickets": 1}, "ffe699c0": {"runs": 7, "balls": 2, "wickets": 0}, "ded9240e": {"runs": 2, "balls": 2, "wickets": 0}, "8abdf100": {"runs": 9, "balls": 5, "wickets": 0}, "a63563c0": {"runs": 2, "balls": 3, "wickets": 0}, "f8c7484e": {"runs": 6, "balls": 5, "wickets": 0}, "0d64d81c": {"runs": 3, "balls": 4, "wickets": 0}, "fa73f373": {"runs": 2, "balls": 4, "wickets": 1}, "2fcb040c": {"runs": 6, "balls": 3, "wickets": 0}, "12f75dbd": {"runs": 1, "balls": 1, "wickets": 0}, "4312e8f9": {"runs": 6, "balls": 6, "wickets": 0}, "dc4686e6": {"runs": 5, "balls": 3, "wickets": 0}, "983f2f61": {"runs": 1, "balls": 1, "wickets": 0}, "50455929": {"runs": 0, "balls": 2, "wickets": 1}, "e32d22f6": {"runs": 6, "balls": 5, "wickets": 0}, "cd626284": {"runs": 11, "balls": 12, "wickets": 1}, "6a1fc8dd": {"runs": 2, "balls": 2, "wickets": 0}, "df72675b": {"runs": 7, "balls": 5, "wickets": 0}, "f705d984": {"runs": 4, "balls": 3, "wickets": 0}, "eb46e18d": {"runs": 1, "balls": 1, "wickets": 0}, "c8f697bd": {"runs": 11, "balls": 10, "wickets": 0}, "c15706c8": {"runs": 5, "balls": 3, "wickets": 0}, "9ed95736": {"runs": 8, "balls": 10, "wickets": 1}, "09a71776": {"runs": 2, "balls": 2, "wickets": 0}, "ccae927b": {"runs": 2, "balls": 3, "wickets": 0}, "db31895a": {"runs": 2, "balls": 2, "wickets": 0}, "7210d461": {"runs": 0, "balls": 3, "wickets": 1}}, "fifties": 0, "thirties": 3, "centuries": 0, "maidens": 1.0, "hattricks": 5, "runs": 542.0, "wickets": 73.0, "club_ODI_previous3_runs": [], "club_ODI_previous3_wickets": [], "club_ODI_previous3_balls played": [], "club_ODI_previous3_overs": [], "club_ODI_previous3_runs gave": [], "club_ODI_lifetime_runs": 0.0, "club_ODI_lifetime_wickets": 0.0, "club_ODI_lifetime_balls played": 0.0, "club_ODI_lifetime_overs": 0.0, "club_ODI_lifetime_runs gave": 0.0, "club_Test_previous3_runs": [], "club_Test_previous3_wickets": [], "club_Test_previous3_balls played": [], "club_Test_previous3_overs": [], "club_Test_previous3_runs gave": [], "club_Test_lifetime_runs": 0.0, "club_Test_lifetime_wickets": 0.0, "club_Test_lifetime_balls played": 0.0, "club_Test_lifetime_overs": 0.0, "club_Test_lifetime_runs gave": 0.0, "club_T20_previous3_runs": [10.0, 28.0, 2.0], "club_T20_previous3_wickets": [3.0, 0.0, 0.0], "club_T20_previous3_balls played": [12.0, 28.0, 5.0], "club_T20_previous3_overs": [4.0, 0.0, 3.0], "club_T20_previous3_runs gave": [29.0, 0.0, 22.0], "club_T20_lifetime_runs": 542.0, "club_T20_lifetime_wickets": 73.0, "club_T20_lifetime_balls played": 488.0, "club_T20_lifetime_overs": 305.66666666666663, "club_T20_lifetime_runs gave": 2281.0, "international_ODI_previous3_runs": [], "international_ODI_previous3_wickets": [], "international_ODI_previous3_balls played": [], "international_ODI_previous3_overs": [], "international_ODI_previous3_runs gave": [], "international_ODI_lifetime_runs": 0.0, "international_ODI_lifetime_wickets": 0.0, "international_ODI_lifetime_balls played": 0.0, "international_ODI_lifetime_overs": 0.0, "international_ODI_lifetime_runs gave": 0.0, "international_Test_previous3_runs": [], "international_Test_previous3_wickets": [], "international_Test_previous3_balls played": [], "international_Test_previous3_overs": [], "international_Test_previous3_runs gave": [], "international_Test_lifetime_runs": 0.0, "international_Test_lifetime_wickets": 0.0, "international_Test_lifetime_balls played": 0.0, "international_Test_lifetime_overs": 0.0, "international_Test_lifetime_runs gave": 0.0, "international_T20_previous3_runs": [], "international_T20_previous3_wickets": [], "international_T20_previous3_balls played": [], "international_T20_previous3_overs": [], "international_T20_previous3_runs gave": [], "international_T20_lifetime_runs": 0.0, "international_T20_lifetime_wickets": 0.0, "international_T20_lifetime_balls played": 0.0, "international_T20_lifetime_overs": 0.0, "international_T20_lifetime_runs gave": 0.0}