{"played_against": {"06b45b20": {"runs": 8, "balls": 7, "wickets": 0}, "9bc8a09c": {"runs": 13, "balls": 4, "wickets": 0}, "af27f9e7": {"runs": 4, "balls": 4, "wickets": 1}, "f96933f0": {"runs": 4, "balls": 6, "wickets": 0}, "3daaabaa": {"runs": 2, "balls": 5, "wickets": 0}, "b1b99a1a": {"runs": 6, "balls": 3, "wickets": 1}, "89e17934": {"runs": 8, "balls": 10, "wickets": 0}, "0fc88c2a": {"runs": 13, "balls": 9, "wickets": 0}, "d3016d75": {"runs": 10, "balls": 4, "wickets": 1}, "fb34b0ec": {"runs": 12, "balls": 10, "wickets": 1}, "f8bd71c9": {"runs": 4, "balls": 3, "wickets": 0}, "a9a09cb8": {"runs": 4, "balls": 4, "wickets": 1}, "906b7d48": {"runs": 8, "balls": 5, "wickets": 0}, "0fa81719": {"runs": 1, "balls": 1, "wickets": 0}, "ec483176": {"runs": 6, "balls": 3, "wickets": 1}, "bb939fa3": {"runs": 15, "balls": 8, "wickets": 0}, "e2abcf16": {"runs": 1, "balls": 2, "wickets": 0}, "027662be": {"runs": 1, "balls": 3, "wickets": 1}, "d0d32c30": {"runs": 4, "balls": 7, "wickets": 0}, "58aa33cd": {"runs": 2, "balls": 2, "wickets": 0}, "69e53eb3": {"runs": 14, "balls": 5, "wickets": 0}, "e204b898": {"runs": 7, "balls": 4, "wickets": 1}, "5592153b": {"runs": 1, "balls": 2, "wickets": 0}, "11f56b14": {"runs": 22, "balls": 13, "wickets": 0}, "5f25b104": {"runs": 9, "balls": 6, "wickets": 0}, "a92609f2": {"runs": 23, "balls": 8, "wickets": 1}, "62f6d8ce": {"runs": 1, "balls": 2, "wickets": 0}, "951686f5": {"runs": 20, "balls": 8, "wickets": 0}, "c5445834": {"runs": 19, "balls": 8, "wickets": 0}, "31366b7e": {"runs": 13, "balls": 6, "wickets": 0}, "e8a552ef": {"runs": 3, "balls": 5, "wickets": 0}, "afa2ebba": {"runs": 15, "balls": 8, "wickets": 0}}, "fifties": 2, "thirties": 0, "centuries": 0, "maidens": 0.0, "hattricks": 0, "runs": 273.0, "wickets": 12.0, "club_ODI_previous3_runs": [], "club_ODI_previous3_wickets": [], "club_ODI_previous3_balls played": [], "club_ODI_previous3_overs": [], "club_ODI_previous3_runs gave": [], "club_ODI_lifetime_runs": 0.0, "club_ODI_lifetime_wickets": 0.0, "club_ODI_lifetime_balls played": 0.0, "club_ODI_lifetime_overs": 0.0, "club_ODI_lifetime_runs gave": 0.0, "club_Test_previous3_runs": [], "club_Test_previous3_wickets": [], "club_Test_previous3_balls played": [], "club_Test_previous3_overs": [], "club_Test_previous3_runs gave": [], "club_Test_lifetime_runs": 0.0, "club_Test_lifetime_wickets": 0.0, "club_Test_lifetime_balls played": 0.0, "club_Test_lifetime_overs": 0.0, "club_Test_lifetime_runs gave": 0.0, "club_T20_previous3_runs": [], "club_T20_previous3_wickets": [], "club_T20_previous3_balls played": [], "club_T20_previous3_overs": [], "club_T20_previous3_runs gave": [], "club_T20_lifetime_runs": 0.0, "club_T20_lifetime_wickets": 0.0, "club_T20_lifetime_balls played": 0.0, "club_T20_lifetime_overs": 0.0, "club_T20_lifetime_runs gave": 0.0, "international_ODI_previous3_runs": [25.0], "international_ODI_previous3_wickets": [1.0], "international_ODI_previous3_balls played": [15.0], "international_ODI_previous3_overs": [8.0], "international_ODI_previous3_runs gave": [40.0], "international_ODI_lifetime_runs": 25.0, "international_ODI_lifetime_wickets": 1.0, "international_ODI_lifetime_balls played": 15.0, "international_ODI_lifetime_overs": 8.0, "international_ODI_lifetime_runs gave": 40.0, "international_Test_previous3_runs": [], "international_Test_previous3_wickets": [], "international_Test_previous3_balls played": [], "international_Test_previous3_overs": [], "international_Test_previous3_runs gave": [], "international_Test_lifetime_runs": 0.0, "international_Test_lifetime_wickets": 0.0, "international_Test_lifetime_balls played": 0.0, "international_Test_lifetime_overs": 0.0, "international_Test_lifetime_runs gave": 0.0, "international_T20_previous3_runs": [27.0, 55.0, 71.0], "international_T20_previous3_wickets": [1.0, 1.0, 2.0], "international_T20_previous3_balls played": [18.0, 29.0, 37.0], "international_T20_previous3_overs": [4.0, 4.0, 4.0], "international_T20_previous3_runs gave": [25.0, 27.0, 19.0], "international_T20_lifetime_runs": 248.0, "international_T20_lifetime_wickets": 11.0, "international_T20_lifetime_balls played": 160.0, "international_T20_lifetime_overs": 36.0, "international_T20_lifetime_runs gave": 213.0}