{"played_against": {"6de4e430": {"runs": 3, "balls": 3, "wickets": 0}, "e85bb4b3": {"runs": 5, "balls": 3, "wickets": 0}, "b8e65260": {"runs": 1, "balls": 2, "wickets": 0}, "34dd3fd9": {"runs": 1, "balls": 1, "wickets": 0}, "e00acf74": {"runs": 5, "balls": 4, "wickets": 0}, "82623a3a": {"runs": 2, "balls": 2, "wickets": 0}, "d613f046": {"runs": 26, "balls": 9, "wickets": 0}, "2a03bd2f": {"runs": 2, "balls": 3, "wickets": 0}, "027662be": {"runs": 1, "balls": 1, "wickets": 0}, "e2abcf16": {"runs": 1, "balls": 2, "wickets": 0}}, "fifties": 0, "thirties": 0, "centuries": 0, "maidens": 0.0, "hattricks": 0, "runs": 47.0, "wickets": 10.0, "club_ODI_previous3_runs": [], "club_ODI_previous3_wickets": [], "club_ODI_previous3_balls played": [], "club_ODI_previous3_overs": [], "club_ODI_previous3_runs gave": [], "club_ODI_lifetime_runs": 0.0, "club_ODI_lifetime_wickets": 0.0, "club_ODI_lifetime_balls played": 0.0, "club_ODI_lifetime_overs": 0.0, "club_ODI_lifetime_runs gave": 0.0, "club_Test_previous3_runs": [], "club_Test_previous3_wickets": [], "club_Test_previous3_balls played": [], "club_Test_previous3_overs": [], "club_Test_previous3_runs gave": [], "club_Test_lifetime_runs": 0.0, "club_Test_lifetime_wickets": 0.0, "club_Test_lifetime_balls played": 0.0, "club_Test_lifetime_overs": 0.0, "club_Test_lifetime_runs gave": 0.0, "club_T20_previous3_runs": [], "club_T20_previous3_wickets": [], "club_T20_previous3_balls played": [], "club_T20_previous3_overs": [], "club_T20_previous3_runs gave": [], "club_T20_lifetime_runs": 0.0, "club_T20_lifetime_wickets": 0.0, "club_T20_lifetime_balls played": 0.0, "club_T20_lifetime_overs": 0.0, "club_T20_lifetime_runs gave": 0.0, "international_ODI_previous3_runs": [], "international_ODI_previous3_wickets": [], "international_ODI_previous3_balls played": [], "international_ODI_previous3_overs": [], "international_ODI_previous3_runs gave": [], "international_ODI_lifetime_runs": 0.0, "international_ODI_lifetime_wickets": 0.0, "international_ODI_lifetime_balls played": 0.0, "international_ODI_lifetime_overs": 0.0, "international_ODI_lifetime_runs gave": 0.0, "international_Test_previous3_runs": [], "international_Test_previous3_wickets": [], "international_Test_previous3_balls played": [], "international_Test_previous3_overs": [], "international_Test_previous3_runs gave": [], "international_Test_lifetime_runs": 0.0, "international_Test_lifetime_wickets": 0.0, "international_Test_lifetime_balls played": 0.0, "international_Test_lifetime_overs": 0.0, "international_Test_lifetime_runs gave": 0.0, "international_T20_previous3_runs": [28.0, 0.0, 2.0], "international_T20_previous3_wickets": [1.0, 2.0, 0.0], "international_T20_previous3_balls played": [12.0, 0.0, 3.0], "international_T20_previous3_overs": [4.0, 4.0, 0.0], "international_T20_previous3_runs gave": [49.0, 23.0, 0.0], "international_T20_lifetime_runs": 47.0, "international_T20_lifetime_wickets": 10.0, "international_T20_lifetime_balls played": 31.0, "international_T20_lifetime_overs": 24.0, "international_T20_lifetime_runs gave": 199.0}