{"played_against": {"449f4e3c": {"runs": 10, "balls": 45, "wickets": 0}, "b3544c5d": {"runs": 11, "balls": 27, "wickets": 0}, "5a74e559": {"runs": 9, "balls": 19, "wickets": 0}, "85ebf2be": {"runs": 17, "balls": 36, "wickets": 1}, "e0ac7144": {"runs": 10, "balls": 39, "wickets": 0}, "d112c570": {"runs": 0, "balls": 12, "wickets": 1}, "3dcd1e8d": {"runs": 0, "balls": 6, "wickets": 0}, "bca21d18": {"runs": 5, "balls": 35, "wickets": 1}, "92aa28fe": {"runs": 2, "balls": 19, "wickets": 0}, "d12143bf": {"runs": 1, "balls": 1, "wickets": 0}, "0f6db197": {"runs": 28, "balls": 68, "wickets": 1}, "a37b5c0a": {"runs": 7, "balls": 23, "wickets": 1}, "1d2f290a": {"runs": 4, "balls": 4, "wickets": 0}, "b082d112": {"runs": 13, "balls": 49, "wickets": 1}, "93cad673": {"runs": 1, "balls": 8, "wickets": 0}, "b9877635": {"runs": 13, "balls": 36, "wickets": 1}, "65b6943c": {"runs": 9, "balls": 22, "wickets": 0}, "27c5a793": {"runs": 18, "balls": 19, "wickets": 0}, "19708692": {"runs": 9, "balls": 14, "wickets": 1}, "15101f12": {"runs": 3, "balls": 29, "wickets": 0}, "eb9cb105": {"runs": 7, "balls": 15, "wickets": 0}, "344c6d55": {"runs": 4, "balls": 26, "wickets": 0}, "98eacfe5": {"runs": 11, "balls": 28, "wickets": 1}, "e871a7a1": {"runs": 38, "balls": 42, "wickets": 1}, "3c55c703": {"runs": 5, "balls": 9, "wickets": 0}, "463ebce3": {"runs": 2, "balls": 3, "wickets": 0}, "b8701e6d": {"runs": 5, "balls": 5, "wickets": 0}, "6ce9f3eb": {"runs": 10, "balls": 6, "wickets": 1}, "867a45a7": {"runs": 2, "balls": 2, "wickets": 0}, "3a60e0b5": {"runs": 4, "balls": 5, "wickets": 0}, "31b01074": {"runs": 1, "balls": 2, "wickets": 1}, "9a089b15": {"runs": 5, "balls": 5, "wickets": 0}, "5ccdb14f": {"runs": 0, "balls": 1, "wickets": 0}, "79c7041c": {"runs": 4, "balls": 2, "wickets": 0}, "078ffbf2": {"runs": 1, "balls": 1, "wickets": 0}, "fec369cd": {"runs": 0, "balls": 1, "wickets": 1}, "28217d89": {"runs": 12, "balls": 7, "wickets": 1}, "214f6461": {"runs": 1, "balls": 1, "wickets": 0}, "25a42048": {"runs": 12, "balls": 15, "wickets": 0}, "e43aa7ed": {"runs": 3, "balls": 8, "wickets": 0}, "23f2143b": {"runs": 21, "balls": 11, "wickets": 0}, "23638956": {"runs": 15, "balls": 12, "wickets": 0}, "4ec07775": {"runs": 15, "balls": 9, "wickets": 0}, "894b2d25": {"runs": 0, "balls": 1, "wickets": 0}, "51e1ed69": {"runs": 17, "balls": 17, "wickets": 1}, "4c0f3806": {"runs": 2, "balls": 5, "wickets": 0}, "b5781ac3": {"runs": 10, "balls": 6, "wickets": 0}, "ea3d687a": {"runs": 24, "balls": 50, "wickets": 0}, "6ea2710f": {"runs": 6, "balls": 21, "wickets": 1}, "8db7f47f": {"runs": 14, "balls": 31, "wickets": 0}, "9caf69a1": {"runs": 1, "balls": 9, "wickets": 0}, "c672e80e": {"runs": 14, "balls": 14, "wickets": 0}, "8728a058": {"runs": 10, "balls": 16, "wickets": 0}, "ffe699c0": {"runs": 9, "balls": 5, "wickets": 0}, "eec81780": {"runs": 3, "balls": 3, "wickets": 0}, "e5437608": {"runs": 0, "balls": 1, "wickets": 1}, "ec33b21a": {"runs": 2, "balls": 5, "wickets": 0}, "3b4f3099": {"runs": 2, "balls": 3, "wickets": 0}, "ad46c747": {"runs": 1, "balls": 4, "wickets": 0}, "a63dfe8a": {"runs": 6, "balls": 7, "wickets": 0}, "a6f2b2ef": {"runs": 11, "balls": 9, "wickets": 0}, "56ef4f99": {"runs": 11, "balls": 9, "wickets": 0}, "5239d782": {"runs": 3, "balls": 5, "wickets": 0}, "ab01e323": {"runs": 4, "balls": 4, "wickets": 1}, "45ca0dc0": {"runs": 10, "balls": 16, "wickets": 0}, "23dee937": {"runs": 19, "balls": 10, "wickets": 1}}, "fifties": 3, "thirties": 3, "centuries": 0, "maidens": 4.0, "hattricks": 4, "runs": 527.0, "wickets": 22.0, "club_ODI_previous3_runs": [40.0, 0.0, 0.0], "club_ODI_previous3_wickets": [0.0, 0.0, 1.0], "club_ODI_previous3_balls played": [34.0, 0.0, 0.0], "club_ODI_previous3_overs": [6.0, 8.0, 8.0], "club_ODI_previous3_runs gave": [17.0, 29.0, 46.0], "club_ODI_lifetime_runs": 266.0, "club_ODI_lifetime_wickets": 22.0, "club_ODI_lifetime_balls played": 255.0, "club_ODI_lifetime_overs": 103.83333333333334, "club_ODI_lifetime_runs gave": 496.0, "club_Test_previous3_runs": [25.0, 16.0, 68.0], "club_Test_previous3_wickets": [0.0, 0.0, 0.0], "club_Test_previous3_balls played": [98.0, 29.0, 142.0], "club_Test_previous3_overs": [0.0, 0.0, 11.0], "club_Test_previous3_runs gave": [0.0, 0.0, 51.0], "club_Test_lifetime_runs": 251.0, "club_Test_lifetime_wickets": 0.0, "club_Test_lifetime_balls played": 725.0, "club_Test_lifetime_overs": 11.0, "club_Test_lifetime_runs gave": 51.0, "club_T20_previous3_runs": [0.0, 10.0], "club_T20_previous3_wickets": [0.0, 0.0], "club_T20_previous3_balls played": [0.0, 5.0], "club_T20_previous3_overs": [0.0, 0.0], "club_T20_previous3_runs gave": [0.0, 0.0], "club_T20_lifetime_runs": 10.0, "club_T20_lifetime_wickets": 0.0, "club_T20_lifetime_balls played": 5.0, "club_T20_lifetime_overs": 0.0, "club_T20_lifetime_runs gave": 0.0, "international_ODI_previous3_runs": [], "international_ODI_previous3_wickets": [], "international_ODI_previous3_balls played": [], "international_ODI_previous3_overs": [], "international_ODI_previous3_runs gave": [], "international_ODI_lifetime_runs": 0.0, "international_ODI_lifetime_wickets": 0.0, "international_ODI_lifetime_balls played": 0.0, "international_ODI_lifetime_overs": 0.0, "international_ODI_lifetime_runs gave": 0.0, "international_Test_previous3_runs": [], "international_Test_previous3_wickets": [], "international_Test_previous3_balls played": [], "international_Test_previous3_overs": [], "international_Test_previous3_runs gave": [], "international_Test_lifetime_runs": 0.0, "international_Test_lifetime_wickets": 0.0, "international_Test_lifetime_balls played": 0.0, "international_Test_lifetime_overs": 0.0, "international_Test_lifetime_runs gave": 0.0, "international_T20_previous3_runs": [], "international_T20_previous3_wickets": [], "international_T20_previous3_balls played": [], "international_T20_previous3_overs": [], "international_T20_previous3_runs gave": [], "international_T20_lifetime_runs": 0.0, "international_T20_lifetime_wickets": 0.0, "international_T20_lifetime_balls played": 0.0, "international_T20_lifetime_overs": 0.0, "international_T20_lifetime_runs gave": 0.0}