{"played_against": {"dec8e038": {"runs": 0, "balls": 1, "wickets": 0}, "84dc72db": {"runs": 0, "balls": 1, "wickets": 0}, "dcdb87f2": {"runs": 0, "balls": 1, "wickets": 0}, "c8a3f688": {"runs": 1, "balls": 5, "wickets": 0}, "b0eaaac6": {"runs": 1, "balls": 2, "wickets": 0}, "c6e10e5c": {"runs": 4, "balls": 11, "wickets": 1}, "f7d267f7": {"runs": 7, "balls": 7, "wickets": 0}, "b410bd3d": {"runs": 2, "balls": 16, "wickets": 0}, "f53b3e1d": {"runs": 1, "balls": 8, "wickets": 0}, "70ced7f2": {"runs": 3, "balls": 6, "wickets": 0}, "1747ea18": {"runs": 0, "balls": 7, "wickets": 1}, "218c7eab": {"runs": 1, "balls": 5, "wickets": 0}, "b03db6fa": {"runs": 0, "balls": 1, "wickets": 0}, "dadbdb68": {"runs": 6, "balls": 3, "wickets": 0}, "e1891e00": {"runs": 2, "balls": 4, "wickets": 0}, "2f9d0389": {"runs": 0, "balls": 2, "wickets": 0}, "f0e293b0": {"runs": 0, "balls": 1, "wickets": 1}, "1688f2dc": {"runs": 1, "balls": 1, "wickets": 0}, "ff6a7ab5": {"runs": 0, "balls": 0, "wickets": 0}, "edfe226f": {"runs": 0, "balls": 1, "wickets": 1}}, "fifties": 0, "thirties": 0, "centuries": 0, "maidens": 7.0, "hattricks": 6, "runs": 29.0, "wickets": 47.0, "club_ODI_previous3_runs": [], "club_ODI_previous3_wickets": [], "club_ODI_previous3_balls played": [], "club_ODI_previous3_overs": [], "club_ODI_previous3_runs gave": [], "club_ODI_lifetime_runs": 0.0, "club_ODI_lifetime_wickets": 0.0, "club_ODI_lifetime_balls played": 0.0, "club_ODI_lifetime_overs": 0.0, "club_ODI_lifetime_runs gave": 0.0, "club_Test_previous3_runs": [], "club_Test_previous3_wickets": [], "club_Test_previous3_balls played": [], "club_Test_previous3_overs": [], "club_Test_previous3_runs gave": [], "club_Test_lifetime_runs": 0.0, "club_Test_lifetime_wickets": 0.0, "club_Test_lifetime_balls played": 0.0, "club_Test_lifetime_overs": 0.0, "club_Test_lifetime_runs gave": 0.0, "club_T20_previous3_runs": [], "club_T20_previous3_wickets": [], "club_T20_previous3_balls played": [], "club_T20_previous3_overs": [], "club_T20_previous3_runs gave": [], "club_T20_lifetime_runs": 0.0, "club_T20_lifetime_wickets": 0.0, "club_T20_lifetime_balls played": 0.0, "club_T20_lifetime_overs": 0.0, "club_T20_lifetime_runs gave": 0.0, "international_ODI_previous3_runs": [1.0, 0.0, 0.0], "international_ODI_previous3_wickets": [0.0, 0.0, 0.0], "international_ODI_previous3_balls played": [2.0, 0.0, 0.0], "international_ODI_previous3_overs": [5.0, 3.0, 1.0], "international_ODI_previous3_runs gave": [30.0, 15.0, 11.0], "international_ODI_lifetime_runs": 26.0, "international_ODI_lifetime_wickets": 32.0, "international_ODI_lifetime_balls played": 78.0, "international_ODI_lifetime_overs": 233.66666666666669, "international_ODI_lifetime_runs gave": 1020.0, "international_Test_previous3_runs": [], "international_Test_previous3_wickets": [], "international_Test_previous3_balls played": [], "international_Test_previous3_overs": [], "international_Test_previous3_runs gave": [], "international_Test_lifetime_runs": 0.0, "international_Test_lifetime_wickets": 0.0, "international_Test_lifetime_balls played": 0.0, "international_Test_lifetime_overs": 0.0, "international_Test_lifetime_runs gave": 0.0, "international_T20_previous3_runs": [3.0, 0.0, 0.0], "international_T20_previous3_wickets": [1.0, 0.0, 0.0], "international_T20_previous3_balls played": [6.0, 0.0, 1.0], "international_T20_previous3_overs": [4.0, 4.0, 0.0], "international_T20_previous3_runs gave": [55.0, 19.0, 0.0], "international_T20_lifetime_runs": 3.0, "international_T20_lifetime_wickets": 15.0, "international_T20_lifetime_balls played": 7.0, "international_T20_lifetime_overs": 57.833333333333336, "international_T20_lifetime_runs gave": 485.0}