{"played_against": {"cf0b9a0d": {"runs": 11, "balls": 18, "wickets": 0}, "407d13cc": {"runs": 24, "balls": 31, "wickets": 1}, "d516a95f": {"runs": 29, "balls": 26, "wickets": 0}, "036dcf9b": {"runs": 10, "balls": 11, "wickets": 1}, "b7824537": {"runs": 14, "balls": 12, "wickets": 1}, "4aad6842": {"runs": 6, "balls": 12, "wickets": 2}, "7c6293d1": {"runs": 5, "balls": 3, "wickets": 0}, "b89cde87": {"runs": 9, "balls": 11, "wickets": 2}, "b0b80a99": {"runs": 11, "balls": 6, "wickets": 0}, "03b9ec54": {"runs": 4, "balls": 2, "wickets": 0}, "c9c356e2": {"runs": 2, "balls": 2, "wickets": 0}, "5d6a1f76": {"runs": 3, "balls": 4, "wickets": 1}, "11f56b14": {"runs": 2, "balls": 3, "wickets": 0}, "2a03bd2f": {"runs": 35, "balls": 35, "wickets": 0}, "716bf559": {"runs": 36, "balls": 37, "wickets": 1}, "4e6ff836": {"runs": 33, "balls": 12, "wickets": 0}, "4ec0443d": {"runs": 4, "balls": 5, "wickets": 0}, "8a99caa9": {"runs": 1, "balls": 2, "wickets": 1}, "e23da78c": {"runs": 4, "balls": 7, "wickets": 0}, "601544aa": {"runs": 9, "balls": 5, "wickets": 0}, "033e9d59": {"runs": 5, "balls": 2, "wickets": 0}, "1d45c01a": {"runs": 1, "balls": 1, "wickets": 0}, "e5464794": {"runs": 3, "balls": 3, "wickets": 0}, "87609cbb": {"runs": 4, "balls": 6, "wickets": 1}, "ff36e706": {"runs": 1, "balls": 2, "wickets": 0}, "be0077ba": {"runs": 4, "balls": 9, "wickets": 1}, "58aa33cd": {"runs": 6, "balls": 7, "wickets": 1}, "e2abcf16": {"runs": 4, "balls": 8, "wickets": 0}, "41acc8bf": {"runs": 4, "balls": 5, "wickets": 0}, "125853c3": {"runs": 5, "balls": 5, "wickets": 1}, "018f6488": {"runs": 7, "balls": 4, "wickets": 0}, "78f719ea": {"runs": 1, "balls": 2, "wickets": 1}, "1c8cd1c3": {"runs": 2, "balls": 2, "wickets": 0}, "441006af": {"runs": 24, "balls": 22, "wickets": 1}, "00467a76": {"runs": 6, "balls": 5, "wickets": 0}, "fd2b8c06": {"runs": 7, "balls": 3, "wickets": 1}, "704e0160": {"runs": 10, "balls": 7, "wickets": 0}, "21526a38": {"runs": 4, "balls": 8, "wickets": 1}, "02b078b1": {"runs": 19, "balls": 11, "wickets": 0}, "d85d52c2": {"runs": 19, "balls": 10, "wickets": 0}, "b857468a": {"runs": 10, "balls": 11, "wickets": 0}, "0fa81719": {"runs": 6, "balls": 5, "wickets": 1}, "20ac8219": {"runs": 8, "balls": 10, "wickets": 0}, "dc1dd6c4": {"runs": 14, "balls": 7, "wickets": 1}, "3465e307": {"runs": 13, "balls": 8, "wickets": 1}, "1b8c2b54": {"runs": 1, "balls": 2, "wickets": 0}, "62f6d8ce": {"runs": 9, "balls": 8, "wickets": 1}, "afa2ebba": {"runs": 9, "balls": 6, "wickets": 0}, "951686f5": {"runs": 6, "balls": 7, "wickets": 0}, "e8a552ef": {"runs": 5, "balls": 6, "wickets": 0}, "c5445834": {"runs": 8, "balls": 8, "wickets": 0}, "31366b7e": {"runs": 5, "balls": 3, "wickets": 1}, "6978bff0": {"runs": 12, "balls": 8, "wickets": 0}, "c17dcc29": {"runs": 8, "balls": 9, "wickets": 0}, "f97e4db3": {"runs": 13, "balls": 15, "wickets": 1}, "91c0d39f": {"runs": 3, "balls": 5, "wickets": 0}, "1d6d8a8b": {"runs": 3, "balls": 5, "wickets": 0}}, "fifties": 1, "thirties": 5, "centuries": 0, "maidens": 0.0, "hattricks": 0, "runs": 521.0, "wickets": 1.0, "club_ODI_previous3_runs": [], "club_ODI_previous3_wickets": [], "club_ODI_previous3_balls played": [], "club_ODI_previous3_overs": [], "club_ODI_previous3_runs gave": [], "club_ODI_lifetime_runs": 0.0, "club_ODI_lifetime_wickets": 0.0, "club_ODI_lifetime_balls played": 0.0, "club_ODI_lifetime_overs": 0.0, "club_ODI_lifetime_runs gave": 0.0, "club_Test_previous3_runs": [], "club_Test_previous3_wickets": [], "club_Test_previous3_balls played": [], "club_Test_previous3_overs": [], "club_Test_previous3_runs gave": [], "club_Test_lifetime_runs": 0.0, "club_Test_lifetime_wickets": 0.0, "club_Test_lifetime_balls played": 0.0, "club_Test_lifetime_overs": 0.0, "club_Test_lifetime_runs gave": 0.0, "club_T20_previous3_runs": [], "club_T20_previous3_wickets": [], "club_T20_previous3_balls played": [], "club_T20_previous3_overs": [], "club_T20_previous3_runs gave": [], "club_T20_lifetime_runs": 0.0, "club_T20_lifetime_wickets": 0.0, "club_T20_lifetime_balls played": 0.0, "club_T20_lifetime_overs": 0.0, "club_T20_lifetime_runs gave": 0.0, "international_ODI_previous3_runs": [], "international_ODI_previous3_wickets": [], "international_ODI_previous3_balls played": [], "international_ODI_previous3_overs": [], "international_ODI_previous3_runs gave": [], "international_ODI_lifetime_runs": 0.0, "international_ODI_lifetime_wickets": 0.0, "international_ODI_lifetime_balls played": 0.0, "international_ODI_lifetime_overs": 0.0, "international_ODI_lifetime_runs gave": 0.0, "international_Test_previous3_runs": [], "international_Test_previous3_wickets": [], "international_Test_previous3_balls played": [], "international_Test_previous3_overs": [], "international_Test_previous3_runs gave": [], "international_Test_lifetime_runs": 0.0, "international_Test_lifetime_wickets": 0.0, "international_Test_lifetime_balls played": 0.0, "international_Test_lifetime_overs": 0.0, "international_Test_lifetime_runs gave": 0.0, "international_T20_previous3_runs": [17.0, 28.0, 19.0], "international_T20_previous3_wickets": [0.0, 0.0, 0.0], "international_T20_previous3_balls played": [9.0, 30.0, 23.0], "international_T20_previous3_overs": [0.0, 0.0, 0.0], "international_T20_previous3_runs gave": [0.0, 0.0, 0.0], "international_T20_lifetime_runs": 521.0, "international_T20_lifetime_wickets": 1.0, "international_T20_lifetime_balls played": 498.0, "international_T20_lifetime_overs": 3.166666666666667, "international_T20_lifetime_runs gave": 30.0}