{"played_against": {"0dc00542": {"runs": 2, "balls": 2, "wickets": 0}, "d094e7d1": {"runs": 1, "balls": 5, "wickets": 0}, "a12e1d51": {"runs": 12, "balls": 3, "wickets": 0}, "64d43928": {"runs": 2, "balls": 2, "wickets": 0}, "5bdcdb72": {"runs": 8, "balls": 15, "wickets": 0}, "8f7a598f": {"runs": 5, "balls": 6, "wickets": 0}, "4c4fa80b": {"runs": 3, "balls": 8, "wickets": 0}, "d2fcce2f": {"runs": 1, "balls": 1, "wickets": 0}, "469ea22b": {"runs": 14, "balls": 13, "wickets": 0}, "d3868bd0": {"runs": 0, "balls": 1, "wickets": 0}, "7429c452": {"runs": 1, "balls": 2, "wickets": 0}, "ded9240e": {"runs": 0, "balls": 1, "wickets": 0}, "3fb19989": {"runs": 2, "balls": 3, "wickets": 1}, "e62dd25d": {"runs": 6, "balls": 15, "wickets": 1}, "a9da7784": {"runs": 30, "balls": 13, "wickets": 1}, "acee4cc4": {"runs": 9, "balls": 11, "wickets": 1}, "aa8d28ae": {"runs": 9, "balls": 4, "wickets": 0}, "861eed37": {"runs": 12, "balls": 27, "wickets": 0}, "383dd431": {"runs": 33, "balls": 72, "wickets": 0}, "68c56d09": {"runs": 30, "balls": 35, "wickets": 1}, "19cc9592": {"runs": 13, "balls": 24, "wickets": 0}, "e84ac20c": {"runs": 11, "balls": 24, "wickets": 0}, "327b58d3": {"runs": 1, "balls": 6, "wickets": 0}, "bf7842c9": {"runs": 8, "balls": 6, "wickets": 0}, "2af838ee": {"runs": 3, "balls": 5, "wickets": 0}, "b3118300": {"runs": 2, "balls": 2, "wickets": 0}, "a8e3170f": {"runs": 0, "balls": 1, "wickets": 0}, "03806cf8": {"runs": 34, "balls": 23, "wickets": 2}, "808f425a": {"runs": 8, "balls": 7, "wickets": 1}, "3d8feaf8": {"runs": 6, "balls": 5, "wickets": 0}, "012829ff": {"runs": 5, "balls": 5, "wickets": 0}, "d167edd3": {"runs": 13, "balls": 10, "wickets": 0}, "56ab442f": {"runs": 2, "balls": 2, "wickets": 0}, "641ac5ff": {"runs": 18, "balls": 34, "wickets": 0}, "fef92afc": {"runs": 15, "balls": 24, "wickets": 0}, "10f7b52b": {"runs": 18, "balls": 43, "wickets": 0}, "eade4650": {"runs": 13, "balls": 10, "wickets": 0}, "c9bb898a": {"runs": 31, "balls": 30, "wickets": 0}, "f987245c": {"runs": 1, "balls": 2, "wickets": 0}, "782fb776": {"runs": 28, "balls": 17, "wickets": 1}, "a1a5192e": {"runs": 4, "balls": 4, "wickets": 0}, "1abb78f8": {"runs": 9, "balls": 5, "wickets": 0}, "1e66c162": {"runs": 3, "balls": 3, "wickets": 0}, "e087956b": {"runs": 0, "balls": 1, "wickets": 1}, "51a3c5ef": {"runs": 0, "balls": 1, "wickets": 0}, "8c2aa0f9": {"runs": 1, "balls": 1, "wickets": 0}, "3766056b": {"runs": 9, "balls": 5, "wickets": 0}, "249d60c9": {"runs": 4, "balls": 9, "wickets": 1}, "9a963804": {"runs": 6, "balls": 5, "wickets": 1}, "8d92a2c3": {"runs": 3, "balls": 3, "wickets": 0}, "e186f49c": {"runs": 4, "balls": 4, "wickets": 0}, "f56cd097": {"runs": 1, "balls": 1, "wickets": 0}, "0a8fce53": {"runs": 3, "balls": 5, "wickets": 1}, "0e0d43b4": {"runs": 6, "balls": 13, "wickets": 1}, "e412cb64": {"runs": 13, "balls": 17, "wickets": 0}, "f752db61": {"runs": 15, "balls": 22, "wickets": 0}, "18fac429": {"runs": 6, "balls": 15, "wickets": 0}, "e423d162": {"runs": 11, "balls": 21, "wickets": 1}, "0bec3a6c": {"runs": 3, "balls": 2, "wickets": 0}, "6c79c098": {"runs": 19, "balls": 15, "wickets": 1}, "5b3acc53": {"runs": 3, "balls": 3, "wickets": 0}, "8728a058": {"runs": 2, "balls": 2, "wickets": 0}, "6a2fadd0": {"runs": 9, "balls": 12, "wickets": 0}, "dc670143": {"runs": 7, "balls": 13, "wickets": 0}, "aa1210d8": {"runs": 3, "balls": 13, "wickets": 0}, "94eac556": {"runs": 2, "balls": 12, "wickets": 0}, "4c0f3806": {"runs": 1, "balls": 1, "wickets": 0}, "c1f6c27e": {"runs": 0, "balls": 6, "wickets": 1}, "e737a5fe": {"runs": 0, "balls": 2, "wickets": 0}, "10f68de1": {"runs": 8, "balls": 11, "wickets": 0}, "b82e3032": {"runs": 0, "balls": 5, "wickets": 1}, "0c7f11be": {"runs": 10, "balls": 8, "wickets": 0}, "5da34add": {"runs": 6, "balls": 16, "wickets": 0}, "6daf5e8c": {"runs": 11, "balls": 17, "wickets": 0}, "eddf25bd": {"runs": 12, "balls": 16, "wickets": 1}, "5e6d1a54": {"runs": 0, "balls": 6, "wickets": 0}, "57ee1fde": {"runs": 1, "balls": 4, "wickets": 0}, "9219eff0": {"runs": 0, "balls": 1, "wickets": 0}, "dadbdb68": {"runs": 20, "balls": 12, "wickets": 1}, "1c06d60a": {"runs": 23, "balls": 19, "wickets": 0}, "78adc879": {"runs": 0, "balls": 11, "wickets": 0}, "c8574282": {"runs": 1, "balls": 9, "wickets": 0}, "eb9cb105": {"runs": 3, "balls": 6, "wickets": 0}, "9a46c4e5": {"runs": 9, "balls": 14, "wickets": 1}, "79f5bc26": {"runs": 7, "balls": 14, "wickets": 0}, "4e520f6c": {"runs": 5, "balls": 17, "wickets": 1}, "f5821615": {"runs": 1, "balls": 38, "wickets": 0}, "f8e48647": {"runs": 0, "balls": 2, "wickets": 1}, "d285acaf": {"runs": 3, "balls": 5, "wickets": 0}, "70f2f922": {"runs": 6, "balls": 12, "wickets": 0}, "a5ac694f": {"runs": 3, "balls": 12, "wickets": 1}, "ad212f96": {"runs": 9, "balls": 3, "wickets": 0}, "978bd738": {"runs": 3, "balls": 4, "wickets": 0}, "1cfac535": {"runs": 13, "balls": 7, "wickets": 0}, "f28c7456": {"runs": 20, "balls": 16, "wickets": 1}, "b87fb772": {"runs": 2, "balls": 8, "wickets": 0}, "fd9f43bb": {"runs": 12, "balls": 9, "wickets": 0}, "74a1c1e3": {"runs": 5, "balls": 9, "wickets": 0}, "2f55509e": {"runs": 2, "balls": 7, "wickets": 1}, "2e966563": {"runs": 0, "balls": 0, "wickets": 0}, "52d11798": {"runs": 2, "balls": 4, "wickets": 0}, "b082d112": {"runs": 3, "balls": 4, "wickets": 0}, "e4a0deae": {"runs": 5, "balls": 17, "wickets": 0}, "13c35c9e": {"runs": 7, "balls": 3, "wickets": 0}, "05c2ca46": {"runs": 3, "balls": 7, "wickets": 1}, "73f1f6b0": {"runs": 9, "balls": 3, "wickets": 0}, "4a461c24": {"runs": 2, "balls": 3, "wickets": 0}, "a790df98": {"runs": 1, "balls": 1, "wickets": 0}, "245c97cb": {"runs": 2, "balls": 3, "wickets": 0}, "5574750c": {"runs": 0, "balls": 1, "wickets": 1}, "7c7d63a2": {"runs": 4, "balls": 3, "wickets": 0}, "d74d1090": {"runs": 3, "balls": 3, "wickets": 0}, "4180d897": {"runs": 11, "balls": 5, "wickets": 1}, "8528effb": {"runs": 3, "balls": 2, "wickets": 0}, "8f3fde65": {"runs": 3, "balls": 3, "wickets": 0}, "903560ed": {"runs": 1, "balls": 1, "wickets": 0}, "1ee08e9a": {"runs": 0, "balls": 1, "wickets": 1}, "d4eef961": {"runs": 1, "balls": 1, "wickets": 0}, "06c2de82": {"runs": 0, "balls": 1, "wickets": 1}, "e174dadd": {"runs": 4, "balls": 1, "wickets": 0}, "e342e5fb": {"runs": 5, "balls": 2, "wickets": 0}, "58043739": {"runs": 8, "balls": 3, "wickets": 0}, "bb351c23": {"runs": 1, "balls": 1, "wickets": 0}, "87e562a9": {"runs": 2, "balls": 4, "wickets": 1}, "23eeb873": {"runs": 6, "balls": 4, "wickets": 0}, "2f9d0389": {"runs": 2, "balls": 3, "wickets": 1}, "f986ca1a": {"runs": 7, "balls": 4, "wickets": 1}, "a24be938": {"runs": 0, "balls": 1, "wickets": 1}, "2f49c897": {"runs": 0, "balls": 2, "wickets": 0}, "244048f6": {"runs": 6, "balls": 3, "wickets": 0}, "73ad96ed": {"runs": 0, "balls": 1, "wickets": 1}, "ed6894af": {"runs": 1, "balls": 2, "wickets": 0}, "aa8914ad": {"runs": 14, "balls": 12, "wickets": 1}, "90701232": {"runs": 9, "balls": 4, "wickets": 0}, "31fa4a14": {"runs": 1, "balls": 3, "wickets": 0}, "2fef3b0c": {"runs": 8, "balls": 3, "wickets": 0}, "f92c9151": {"runs": 3, "balls": 2, "wickets": 0}, "2e9fdf9b": {"runs": 3, "balls": 1, "wickets": 0}, "b03db6fa": {"runs": 4, "balls": 4, "wickets": 0}, "e3aa97a2": {"runs": 6, "balls": 4, "wickets": 1}, "2c1438ef": {"runs": 1, "balls": 3, "wickets": 1}, "8ce2080b": {"runs": 16, "balls": 29, "wickets": 1}, "fb3e0d39": {"runs": 1, "balls": 1, "wickets": 0}, "3ee0050f": {"runs": 2, "balls": 3, "wickets": 1}, "4751caa3": {"runs": 0, "balls": 0, "wickets": 0}, "24bb1c2f": {"runs": 5, "balls": 11, "wickets": 1}, "9cb8d7a6": {"runs": 2, "balls": 3, "wickets": 1}, "9c9af282": {"runs": 0, "balls": 1, "wickets": 1}, "9e9af5f2": {"runs": 1, "balls": 5, "wickets": 0}, "9de62878": {"runs": 1, "balls": 2, "wickets": 0}, "45a7e761": {"runs": 11, "balls": 12, "wickets": 3}, "22b98d7c": {"runs": 3, "balls": 4, "wickets": 0}, "57590dbb": {"runs": 2, "balls": 4, "wickets": 0}, "6dd8b88c": {"runs": 2, "balls": 2, "wickets": 0}, "9061a703": {"runs": 3, "balls": 4, "wickets": 1}, "402f8494": {"runs": 3, "balls": 2, "wickets": 0}, "fe5b4367": {"runs": 6, "balls": 1, "wickets": 0}, "ffe699c0": {"runs": 3, "balls": 4, "wickets": 0}, "65b6943c": {"runs": 1, "balls": 1, "wickets": 0}, "679cd31e": {"runs": 0, "balls": 1, "wickets": 1}, "50c6bc2b": {"runs": 9, "balls": 5, "wickets": 0}, "e94915e6": {"runs": 1, "balls": 1, "wickets": 0}, "cad40f5e": {"runs": 0, "balls": 1, "wickets": 1}, "4d9f9686": {"runs": 4, "balls": 10, "wickets": 1}, "0b0cc297": {"runs": 7, "balls": 10, "wickets": 0}, "5935d694": {"runs": 2, "balls": 7, "wickets": 0}, "bb34fd31": {"runs": 7, "balls": 3, "wickets": 0}, "14f96089": {"runs": 0, "balls": 2, "wickets": 1}, "4d7f517e": {"runs": 1, "balls": 2, "wickets": 0}}, "fifties": 4, "thirties": 4, "centuries": 0, "maidens": 138.0, "hattricks": 29, "runs": 996.0, "wickets": 257.0, "club_ODI_previous3_runs": [], "club_ODI_previous3_wickets": [], "club_ODI_previous3_balls played": [], "club_ODI_previous3_overs": [], "club_ODI_previous3_runs gave": [], "club_ODI_lifetime_runs": 0.0, "club_ODI_lifetime_wickets": 0.0, "club_ODI_lifetime_balls played": 0.0, "club_ODI_lifetime_overs": 0.0, "club_ODI_lifetime_runs gave": 0.0, "club_Test_previous3_runs": [14.0, 39.0, 20.0], "club_Test_previous3_wickets": [6.0, 3.0, 4.0], "club_Test_previous3_balls played": [57.0, 46.0, 46.0], "club_Test_previous3_overs": [50.0, 26.0, 21.0], "club_Test_previous3_runs gave": [176.0, 68.0, 96.0], "club_Test_lifetime_runs": 469.0, "club_Test_lifetime_wickets": 42.0, "club_Test_lifetime_balls played": 833.0, "club_Test_lifetime_overs": 513.8333333333333, "club_Test_lifetime_runs gave": 1656.0, "club_T20_previous3_runs": [0.0, 0.0, 1.0], "club_T20_previous3_wickets": [1.0, 2.0, 3.0], "club_T20_previous3_balls played": [0.0, 0.0, 2.0], "club_T20_previous3_overs": [4.0, 2.0, 4.8], "club_T20_previous3_runs gave": [17.0, 9.0, 29.0], "club_T20_lifetime_runs": 264.0, "club_T20_lifetime_wickets": 102.0, "club_T20_lifetime_balls played": 220.0, "club_T20_lifetime_overs": 318.46666666666675, "club_T20_lifetime_runs gave": 2422.0, "international_ODI_previous3_runs": [1.0, 0.0, 4.0], "international_ODI_previous3_wickets": [2.0, 1.0, 0.0], "international_ODI_previous3_balls played": [1.0, 0.0, 19.0], "international_ODI_previous3_overs": [6.0, 9.833333333333334, 4.0], "international_ODI_previous3_runs gave": [47.0, 79.0, 18.0], "international_ODI_lifetime_runs": 180.0, "international_ODI_lifetime_wickets": 54.0, "international_ODI_lifetime_balls played": 204.0, "international_ODI_lifetime_overs": 362.5, "international_ODI_lifetime_runs gave": 2020.0, "international_Test_previous3_runs": [], "international_Test_previous3_wickets": [], "international_Test_previous3_balls played": [], "international_Test_previous3_overs": [], "international_Test_previous3_runs gave": [], "international_Test_lifetime_runs": 0.0, "international_Test_lifetime_wickets": 0.0, "international_Test_lifetime_balls played": 0.0, "international_Test_lifetime_overs": 0.0, "international_Test_lifetime_runs gave": 0.0, "international_T20_previous3_runs": [0.0, 0.0, 0.0], "international_T20_previous3_wickets": [1.0, 2.0, 1.0], "international_T20_previous3_balls played": [0.0, 1.0, 0.0], "international_T20_previous3_overs": [3.8333333333333335, 4.0, 2.0], "international_T20_previous3_runs gave": [54.0, 40.0, 20.0], "international_T20_lifetime_runs": 83.0, "international_T20_lifetime_wickets": 59.0, "international_T20_lifetime_balls played": 84.0, "international_T20_lifetime_overs": 176.66666666666666, "international_T20_lifetime_runs gave": 1542.0}