{"played_against": {"a51e6c6e": {"runs": 1, "balls": 1, "wickets": 0}, "2904b4b6": {"runs": 15, "balls": 8, "wickets": 0}, "6ee11109": {"runs": 3, "balls": 3, "wickets": 0}, "ce85fcaf": {"runs": 1, "balls": 1, "wickets": 0}, "bc969efb": {"runs": 3, "balls": 2, "wickets": 0}, "99e23670": {"runs": 0, "balls": 2, "wickets": 1}, "ef70a34b": {"runs": 0, "balls": 1, "wickets": 0}, "6c3aef71": {"runs": 12, "balls": 14, "wickets": 1}, "77143581": {"runs": 11, "balls": 9, "wickets": 0}, "201fef33": {"runs": 9, "balls": 7, "wickets": 0}, "25ca0573": {"runs": 7, "balls": 4, "wickets": 0}, "5838cb64": {"runs": 1, "balls": 2, "wickets": 0}, "b55fb828": {"runs": 1, "balls": 3, "wickets": 0}, "550373ea": {"runs": 0, "balls": 1, "wickets": 0}, "a0fdf513": {"runs": 1, "balls": 2, "wickets": 0}, "c34a15e6": {"runs": 2, "balls": 3, "wickets": 0}, "ac56b5a7": {"runs": 0, "balls": 2, "wickets": 1}}, "fifties": 0, "thirties": 0, "centuries": 0, "maidens": 0.0, "hattricks": 0, "runs": 67.0, "wickets": 1.0, "club_ODI_previous3_runs": [], "club_ODI_previous3_wickets": [], "club_ODI_previous3_balls played": [], "club_ODI_previous3_overs": [], "club_ODI_previous3_runs gave": [], "club_ODI_lifetime_runs": 0.0, "club_ODI_lifetime_wickets": 0.0, "club_ODI_lifetime_balls played": 0.0, "club_ODI_lifetime_overs": 0.0, "club_ODI_lifetime_runs gave": 0.0, "club_Test_previous3_runs": [], "club_Test_previous3_wickets": [], "club_Test_previous3_balls played": [], "club_Test_previous3_overs": [], "club_Test_previous3_runs gave": [], "club_Test_lifetime_runs": 0.0, "club_Test_lifetime_wickets": 0.0, "club_Test_lifetime_balls played": 0.0, "club_Test_lifetime_overs": 0.0, "club_Test_lifetime_runs gave": 0.0, "club_T20_previous3_runs": [], "club_T20_previous3_wickets": [], "club_T20_previous3_balls played": [], "club_T20_previous3_overs": [], "club_T20_previous3_runs gave": [], "club_T20_lifetime_runs": 0.0, "club_T20_lifetime_wickets": 0.0, "club_T20_lifetime_balls played": 0.0, "club_T20_lifetime_overs": 0.0, "club_T20_lifetime_runs gave": 0.0, "international_ODI_previous3_runs": [], "international_ODI_previous3_wickets": [], "international_ODI_previous3_balls played": [], "international_ODI_previous3_overs": [], "international_ODI_previous3_runs gave": [], "international_ODI_lifetime_runs": 0.0, "international_ODI_lifetime_wickets": 0.0, "international_ODI_lifetime_balls played": 0.0, "international_ODI_lifetime_overs": 0.0, "international_ODI_lifetime_runs gave": 0.0, "international_Test_previous3_runs": [], "international_Test_previous3_wickets": [], "international_Test_previous3_balls played": [], "international_Test_previous3_overs": [], "international_Test_previous3_runs gave": [], "international_Test_lifetime_runs": 0.0, "international_Test_lifetime_wickets": 0.0, "international_Test_lifetime_balls played": 0.0, "international_Test_lifetime_overs": 0.0, "international_Test_lifetime_runs gave": 0.0, "international_T20_previous3_runs": [11.0, 28.0, 5.0], "international_T20_previous3_wickets": [1.0, 0.0, 0.0], "international_T20_previous3_balls played": [11.0, 21.0, 13.0], "international_T20_previous3_overs": [3.0, 1.8333333333333335, 2.0], "international_T20_previous3_runs gave": [29.0, 20.0, 17.0], "international_T20_lifetime_runs": 67.0, "international_T20_lifetime_wickets": 1.0, "international_T20_lifetime_balls played": 66.0, "international_T20_lifetime_overs": 26.833333333333332, "international_T20_lifetime_runs gave": 214.0}