{"played_against": {"012829ff": {"runs": 5, "balls": 5, "wickets": 0}, "a12e1d51": {"runs": 9, "balls": 7, "wickets": 0}, "808f425a": {"runs": 0, "balls": 1, "wickets": 0}, "94eac556": {"runs": 10, "balls": 6, "wickets": 1}, "bb18be76": {"runs": 2, "balls": 5, "wickets": 1}, "b681e71e": {"runs": 33, "balls": 48, "wickets": 0}, "956887b2": {"runs": 16, "balls": 10, "wickets": 0}, "2e11c706": {"runs": 5, "balls": 4, "wickets": 0}, "2a2e6343": {"runs": 65, "balls": 76, "wickets": 1}, "78eb4223": {"runs": 2, "balls": 4, "wickets": 0}, "8ea6e670": {"runs": 2, "balls": 4, "wickets": 1}, "7517d134": {"runs": 2, "balls": 2, "wickets": 0}, "b552a935": {"runs": 15, "balls": 9, "wickets": 0}, "4933f499": {"runs": 6, "balls": 6, "wickets": 1}, "519c30cb": {"runs": 4, "balls": 5, "wickets": 0}, "1558d83b": {"runs": 15, "balls": 19, "wickets": 3}, "c404f58a": {"runs": 3, "balls": 4, "wickets": 0}, "03806cf8": {"runs": 2, "balls": 3, "wickets": 0}, "3540beff": {"runs": 62, "balls": 96, "wickets": 1}, "32198ae0": {"runs": 31, "balls": 37, "wickets": 0}, "96a6a7ad": {"runs": 35, "balls": 104, "wickets": 1}, "8fd1a8f5": {"runs": 42, "balls": 80, "wickets": 0}, "cfe70281": {"runs": 33, "balls": 72, "wickets": 1}, "5bb5a915": {"runs": 12, "balls": 73, "wickets": 2}, "c654af19": {"runs": 13, "balls": 39, "wickets": 1}, "26ff4c29": {"runs": 36, "balls": 38, "wickets": 0}, "2e8994e7": {"runs": 22, "balls": 52, "wickets": 1}, "3a60e0b5": {"runs": 0, "balls": 1, "wickets": 1}, "a9da7784": {"runs": 23, "balls": 46, "wickets": 0}, "33085ffb": {"runs": 5, "balls": 10, "wickets": 0}, "a63775d6": {"runs": 0, "balls": 5, "wickets": 0}, "9ab63e7b": {"runs": 0, "balls": 4, "wickets": 0}, "2b0f2af3": {"runs": 3, "balls": 12, "wickets": 0}, "3a0f6df2": {"runs": 2, "balls": 18, "wickets": 0}, "2498e163": {"runs": 2, "balls": 6, "wickets": 0}, "9f54ae00": {"runs": 1, "balls": 5, "wickets": 1}, "dfc4d8b5": {"runs": 28, "balls": 35, "wickets": 2}, "96824e68": {"runs": 51, "balls": 126, "wickets": 1}, "bd93fea4": {"runs": 42, "balls": 80, "wickets": 1}, "d167edd3": {"runs": 73, "balls": 148, "wickets": 0}, "22ae3041": {"runs": 96, "balls": 106, "wickets": 0}, "666936de": {"runs": 1, "balls": 6, "wickets": 0}, "b8d490fd": {"runs": 20, "balls": 17, "wickets": 0}, "2318ba22": {"runs": 7, "balls": 4, "wickets": 0}, "62af8546": {"runs": 2, "balls": 2, "wickets": 0}, "87e562a9": {"runs": 4, "balls": 5, "wickets": 1}, "19b9f399": {"runs": 14, "balls": 12, "wickets": 0}, "51a3c5ef": {"runs": 9, "balls": 9, "wickets": 0}, "4ba2c04d": {"runs": 8, "balls": 9, "wickets": 1}, "12b610c2": {"runs": 5, "balls": 3, "wickets": 0}, "6834d1f2": {"runs": 17, "balls": 15, "wickets": 0}, "5f547c8b": {"runs": 26, "balls": 18, "wickets": 1}, "0164b064": {"runs": 51, "balls": 82, "wickets": 2}, "b2a79f17": {"runs": 23, "balls": 14, "wickets": 0}, "bc773eeb": {"runs": 3, "balls": 3, "wickets": 0}, "e1b9f3a9": {"runs": 1, "balls": 4, "wickets": 1}, "7a5f232a": {"runs": 13, "balls": 9, "wickets": 1}, "f2800ef3": {"runs": 6, "balls": 5, "wickets": 0}, "903560ed": {"runs": 54, "balls": 110, "wickets": 1}, "c995d726": {"runs": 5, "balls": 4, "wickets": 0}, "b03303ca": {"runs": 10, "balls": 26, "wickets": 0}, "4d927a2e": {"runs": 9, "balls": 28, "wickets": 0}, "414c497b": {"runs": 3, "balls": 11, "wickets": 1}, "c7a9ffbf": {"runs": 5, "balls": 17, "wickets": 0}, "2c7ac4b9": {"runs": 106, "balls": 216, "wickets": 1}, "da13a0fc": {"runs": 41, "balls": 78, "wickets": 0}, "f1c61793": {"runs": 27, "balls": 46, "wickets": 1}, "898e628d": {"runs": 19, "balls": 10, "wickets": 0}, "86b4bf88": {"runs": 50, "balls": 56, "wickets": 0}, "79650e45": {"runs": 11, "balls": 20, "wickets": 0}, "b76e2583": {"runs": 11, "balls": 39, "wickets": 1}, "1a2676c5": {"runs": 63, "balls": 159, "wickets": 3}, "f787e0eb": {"runs": 12, "balls": 26, "wickets": 0}, "f752db61": {"runs": 30, "balls": 36, "wickets": 0}, "70c4f525": {"runs": 53, "balls": 154, "wickets": 2}, "7d92277a": {"runs": 4, "balls": 4, "wickets": 1}, "b410bd3d": {"runs": 1, "balls": 2, "wickets": 1}, "1ee08e9a": {"runs": 13, "balls": 12, "wickets": 0}, "a2421394": {"runs": 15, "balls": 12, "wickets": 0}, "56ab442f": {"runs": 3, "balls": 7, "wickets": 0}, "7c7d63a2": {"runs": 10, "balls": 5, "wickets": 0}, "e86754b2": {"runs": 3, "balls": 4, "wickets": 0}, "ab21795b": {"runs": 5, "balls": 5, "wickets": 0}, "81d06fb5": {"runs": 9, "balls": 95, "wickets": 0}, "6c87f1df": {"runs": 27, "balls": 81, "wickets": 1}, "f048bb41": {"runs": 30, "balls": 63, "wickets": 1}, "137e7065": {"runs": 5, "balls": 24, "wickets": 0}, "029c4618": {"runs": 30, "balls": 62, "wickets": 0}, "44afbf2d": {"runs": 1, "balls": 6, "wickets": 0}, "7c8f533d": {"runs": 30, "balls": 44, "wickets": 1}, "68e26ec9": {"runs": 18, "balls": 70, "wickets": 0}, "e1a867df": {"runs": 35, "balls": 67, "wickets": 1}, "3d8feaf8": {"runs": 6, "balls": 21, "wickets": 1}, "272fc5ad": {"runs": 48, "balls": 76, "wickets": 0}, "3fb19989": {"runs": 8, "balls": 20, "wickets": 1}, "15de1f5d": {"runs": 12, "balls": 27, "wickets": 0}, "d405c0d5": {"runs": 6, "balls": 22, "wickets": 1}, "3b53243a": {"runs": 3, "balls": 9, "wickets": 1}, "bc2d4f2e": {"runs": 11, "balls": 13, "wickets": 0}, "442461fa": {"runs": 1, "balls": 14, "wickets": 1}}, "fifties": 7, "thirties": 8, "centuries": 5, "maidens": 0.0, "hattricks": 0, "runs": 1861.0, "wickets": 0.0, "club_ODI_previous3_runs": [], "club_ODI_previous3_wickets": [], "club_ODI_previous3_balls played": [], "club_ODI_previous3_overs": [], "club_ODI_previous3_runs gave": [], "club_ODI_lifetime_runs": 0.0, "club_ODI_lifetime_wickets": 0.0, "club_ODI_lifetime_balls played": 0.0, "club_ODI_lifetime_overs": 0.0, "club_ODI_lifetime_runs gave": 0.0, "club_Test_previous3_runs": [39.0, 6.0, 24.0], "club_Test_previous3_wickets": [0.0, 0.0, 0.0], "club_Test_previous3_balls played": [108.0, 35.0, 74.0], "club_Test_previous3_overs": [0.0, 0.0, 0.0], "club_Test_previous3_runs gave": [0.0, 0.0, 0.0], "club_Test_lifetime_runs": 1282.0, "club_Test_lifetime_wickets": 0.0, "club_Test_lifetime_balls played": 2653.0, "club_Test_lifetime_overs": 0.0, "club_Test_lifetime_runs gave": 0.0, "club_T20_previous3_runs": [41.0, 26.0, 0.0], "club_T20_previous3_wickets": [0.0, 0.0, 0.0], "club_T20_previous3_balls played": [36.0, 23.0, 1.0], "club_T20_previous3_overs": [0.0, 0.0, 0.0], "club_T20_previous3_runs gave": [0.0, 0.0, 0.0], "club_T20_lifetime_runs": 388.0, "club_T20_lifetime_wickets": 0.0, "club_T20_lifetime_balls played": 351.0, "club_T20_lifetime_overs": 0.0, "club_T20_lifetime_runs gave": 0.0, "international_ODI_previous3_runs": [], "international_ODI_previous3_wickets": [], "international_ODI_previous3_balls played": [], "international_ODI_previous3_overs": [], "international_ODI_previous3_runs gave": [], "international_ODI_lifetime_runs": 0.0, "international_ODI_lifetime_wickets": 0.0, "international_ODI_lifetime_balls played": 0.0, "international_ODI_lifetime_overs": 0.0, "international_ODI_lifetime_runs gave": 0.0, "international_Test_previous3_runs": [13.0, 57.0, 5.0], "international_Test_previous3_wickets": [0.0, 0.0, 0.0], "international_Test_previous3_balls played": [58.0, 153.0, 39.0], "international_Test_previous3_overs": [0.0, 0.0, 0.0], "international_Test_previous3_runs gave": [0.0, 0.0, 0.0], "international_Test_lifetime_runs": 191.0, "international_Test_lifetime_wickets": 0.0, "international_Test_lifetime_balls played": 454.0, "international_Test_lifetime_overs": 0.0, "international_Test_lifetime_runs gave": 0.0, "international_T20_previous3_runs": [], "international_T20_previous3_wickets": [], "international_T20_previous3_balls played": [], "international_T20_previous3_overs": [], "international_T20_previous3_runs gave": [], "international_T20_lifetime_runs": 0.0, "international_T20_lifetime_wickets": 0.0, "international_T20_lifetime_balls played": 0.0, "international_T20_lifetime_overs": 0.0, "international_T20_lifetime_runs gave": 0.0}