{"played_against": {"f708a0bc": {"runs": 2, "balls": 5, "wickets": 1}, "dd09ff8e": {"runs": 0, "balls": 4, "wickets": 1}, "a386e91b": {"runs": 0, "balls": 8, "wickets": 1}, "a4af4849": {"runs": 0, "balls": 2, "wickets": 0}, "47c5aae7": {"runs": 4, "balls": 11, "wickets": 0}, "6a0537aa": {"runs": 7, "balls": 14, "wickets": 0}, "d1c94b25": {"runs": 9, "balls": 11, "wickets": 0}, "6b0c3a20": {"runs": 5, "balls": 7, "wickets": 1}, "c3d35165": {"runs": 21, "balls": 19, "wickets": 1}, "9b75e4f1": {"runs": 12, "balls": 10, "wickets": 0}, "5fa06777": {"runs": 0, "balls": 5, "wickets": 1}, "7fb32e5b": {"runs": 9, "balls": 11, "wickets": 0}, "3eac9d95": {"runs": 3, "balls": 4, "wickets": 0}, "4f629497": {"runs": 0, "balls": 1, "wickets": 1}, "8b5b6769": {"runs": 14, "balls": 26, "wickets": 0}, "fa463154": {"runs": 5, "balls": 3, "wickets": 0}, "abfeb126": {"runs": 1, "balls": 3, "wickets": 0}, "0c2730df": {"runs": 21, "balls": 23, "wickets": 0}}, "fifties": 0, "thirties": 2, "centuries": 0, "maidens": 6.0, "hattricks": 0, "runs": 113.0, "wickets": 5.0, "club_ODI_previous3_runs": [], "club_ODI_previous3_wickets": [], "club_ODI_previous3_balls played": [], "club_ODI_previous3_overs": [], "club_ODI_previous3_runs gave": [], "club_ODI_lifetime_runs": 0.0, "club_ODI_lifetime_wickets": 0.0, "club_ODI_lifetime_balls played": 0.0, "club_ODI_lifetime_overs": 0.0, "club_ODI_lifetime_runs gave": 0.0, "club_Test_previous3_runs": [], "club_Test_previous3_wickets": [], "club_Test_previous3_balls played": [], "club_Test_previous3_overs": [], "club_Test_previous3_runs gave": [], "club_Test_lifetime_runs": 0.0, "club_Test_lifetime_wickets": 0.0, "club_Test_lifetime_balls played": 0.0, "club_Test_lifetime_overs": 0.0, "club_Test_lifetime_runs gave": 0.0, "club_T20_previous3_runs": [], "club_T20_previous3_wickets": [], "club_T20_previous3_balls played": [], "club_T20_previous3_overs": [], "club_T20_previous3_runs gave": [], "club_T20_lifetime_runs": 0.0, "club_T20_lifetime_wickets": 0.0, "club_T20_lifetime_balls played": 0.0, "club_T20_lifetime_overs": 0.0, "club_T20_lifetime_runs gave": 0.0, "international_ODI_previous3_runs": [0.0, 12.0, 7.0], "international_ODI_previous3_wickets": [1.0, 2.0, 0.0], "international_ODI_previous3_balls played": [4.0, 16.0, 10.0], "international_ODI_previous3_overs": [8.0, 10.0, 5.0], "international_ODI_previous3_runs gave": [25.0, 31.0, 23.0], "international_ODI_lifetime_runs": 77.0, "international_ODI_lifetime_wickets": 4.0, "international_ODI_lifetime_balls played": 113.0, "international_ODI_lifetime_overs": 45.0, "international_ODI_lifetime_runs gave": 186.0, "international_Test_previous3_runs": [2.0, 34.0], "international_Test_previous3_wickets": [0.0, 1.0], "international_Test_previous3_balls played": [9.0, 46.0], "international_Test_previous3_overs": [14.0, 41.833333333333336], "international_Test_previous3_runs gave": [73.0, 143.0], "international_Test_lifetime_runs": 36.0, "international_Test_lifetime_wickets": 1.0, "international_Test_lifetime_balls played": 55.0, "international_Test_lifetime_overs": 55.833333333333336, "international_Test_lifetime_runs gave": 216.0, "international_T20_previous3_runs": [], "international_T20_previous3_wickets": [], "international_T20_previous3_balls played": [], "international_T20_previous3_overs": [], "international_T20_previous3_runs gave": [], "international_T20_lifetime_runs": 0.0, "international_T20_lifetime_wickets": 0.0, "international_T20_lifetime_balls played": 0.0, "international_T20_lifetime_overs": 0.0, "international_T20_lifetime_runs gave": 0.0}