{"played_against": {"ff4509d5": {"runs": 0, "balls": 2, "wickets": 0}, "498031f9": {"runs": 0, "balls": 1, "wickets": 1}, "83e9173e": {"runs": 6, "balls": 7, "wickets": 0}, "0c142594": {"runs": 5, "balls": 13, "wickets": 0}, "7195065a": {"runs": 10, "balls": 5, "wickets": 0}, "a38da707": {"runs": 2, "balls": 9, "wickets": 0}, "c9f95a16": {"runs": 3, "balls": 5, "wickets": 0}, "3e1fbf05": {"runs": 2, "balls": 3, "wickets": 0}, "f2b769ad": {"runs": 0, "balls": 1, "wickets": 0}, "ec11ad0b": {"runs": 0, "balls": 3, "wickets": 0}, "a4051019": {"runs": 0, "balls": 1, "wickets": 0}}, "fifties": 0, "thirties": 0, "centuries": 0, "maidens": 0.0, "hattricks": 0, "runs": 28.0, "wickets": 0.0, "club_ODI_previous3_runs": [], "club_ODI_previous3_wickets": [], "club_ODI_previous3_balls played": [], "club_ODI_previous3_overs": [], "club_ODI_previous3_runs gave": [], "club_ODI_lifetime_runs": 0.0, "club_ODI_lifetime_wickets": 0.0, "club_ODI_lifetime_balls played": 0.0, "club_ODI_lifetime_overs": 0.0, "club_ODI_lifetime_runs gave": 0.0, "club_Test_previous3_runs": [], "club_Test_previous3_wickets": [], "club_Test_previous3_balls played": [], "club_Test_previous3_overs": [], "club_Test_previous3_runs gave": [], "club_Test_lifetime_runs": 0.0, "club_Test_lifetime_wickets": 0.0, "club_Test_lifetime_balls played": 0.0, "club_Test_lifetime_overs": 0.0, "club_Test_lifetime_runs gave": 0.0, "club_T20_previous3_runs": [], "club_T20_previous3_wickets": [], "club_T20_previous3_balls played": [], "club_T20_previous3_overs": [], "club_T20_previous3_runs gave": [], "club_T20_lifetime_runs": 0.0, "club_T20_lifetime_wickets": 0.0, "club_T20_lifetime_balls played": 0.0, "club_T20_lifetime_overs": 0.0, "club_T20_lifetime_runs gave": 0.0, "international_ODI_previous3_runs": [], "international_ODI_previous3_wickets": [], "international_ODI_previous3_balls played": [], "international_ODI_previous3_overs": [], "international_ODI_previous3_runs gave": [], "international_ODI_lifetime_runs": 0.0, "international_ODI_lifetime_wickets": 0.0, "international_ODI_lifetime_balls played": 0.0, "international_ODI_lifetime_overs": 0.0, "international_ODI_lifetime_runs gave": 0.0, "international_Test_previous3_runs": [], "international_Test_previous3_wickets": [], "international_Test_previous3_balls played": [], "international_Test_previous3_overs": [], "international_Test_previous3_runs gave": [], "international_Test_lifetime_runs": 0.0, "international_Test_lifetime_wickets": 0.0, "international_Test_lifetime_balls played": 0.0, "international_Test_lifetime_overs": 0.0, "international_Test_lifetime_runs gave": 0.0, "international_T20_previous3_runs": [0.0, 28.0, 0.0], "international_T20_previous3_wickets": [0.0, 0.0, 0.0], "international_T20_previous3_balls played": [3.0, 43.0, 5.0], "international_T20_previous3_overs": [0.0, 0.0, 2.0], "international_T20_previous3_runs gave": [0.0, 0.0, 4.0], "international_T20_lifetime_runs": 28.0, "international_T20_lifetime_wickets": 0.0, "international_T20_lifetime_balls played": 51.0, "international_T20_lifetime_overs": 2.0, "international_T20_lifetime_runs gave": 4.0}