{"played_against": {"0f12f9df": {"runs": 6, "balls": 12, "wickets": 0}, "f3c150bb": {"runs": 5, "balls": 5, "wickets": 0}, "1bb0993e": {"runs": 1, "balls": 2, "wickets": 1}, "0a8fce53": {"runs": 0, "balls": 5, "wickets": 1}, "a8e3170f": {"runs": 0, "balls": 1, "wickets": 0}, "bbd41817": {"runs": 0, "balls": 1, "wickets": 0}, "94238673": {"runs": 0, "balls": 1, "wickets": 0}, "13c35c9e": {"runs": 1, "balls": 1, "wickets": 0}, "9a46c4e5": {"runs": 2, "balls": 3, "wickets": 1}, "7c7d63a2": {"runs": 1, "balls": 3, "wickets": 0}, "03806cf8": {"runs": 1, "balls": 2, "wickets": 0}, "d285acaf": {"runs": 2, "balls": 9, "wickets": 0}, "dadbdb68": {"runs": 3, "balls": 4, "wickets": 0}, "fef92afc": {"runs": 0, "balls": 1, "wickets": 1}, "245c97cb": {"runs": 3, "balls": 4, "wickets": 0}, "249d60c9": {"runs": 16, "balls": 5, "wickets": 0}, "acdc62f5": {"runs": 0, "balls": 1, "wickets": 0}, "ac5ae4af": {"runs": 0, "balls": 0, "wickets": 0}, "cb5100f1": {"runs": 16, "balls": 8, "wickets": 0}, "f56cd097": {"runs": 7, "balls": 4, "wickets": 0}, "aa467af0": {"runs": 1, "balls": 2, "wickets": 0}, "607ed7c2": {"runs": 0, "balls": 2, "wickets": 1}, "87e562a9": {"runs": 1, "balls": 2, "wickets": 1}, "c5aef772": {"runs": 5, "balls": 4, "wickets": 0}, "529eb9e0": {"runs": 1, "balls": 2, "wickets": 0}, "23cca426": {"runs": 2, "balls": 1, "wickets": 0}, "b8704508": {"runs": 2, "balls": 1, "wickets": 0}, "9e9af5f2": {"runs": 0, "balls": 1, "wickets": 1}, "45a7e761": {"runs": 2, "balls": 3, "wickets": 0}, "24bb1c2f": {"runs": 5, "balls": 3, "wickets": 1}, "81c08fa3": {"runs": 10, "balls": 6, "wickets": 0}, "2f49c897": {"runs": 16, "balls": 9, "wickets": 1}, "1abb78f8": {"runs": 12, "balls": 12, "wickets": 0}, "2353b224": {"runs": 1, "balls": 3, "wickets": 0}, "80ad39ac": {"runs": 0, "balls": 1, "wickets": 1}, "3f5f39cd": {"runs": 4, "balls": 4, "wickets": 1}, "e174dadd": {"runs": 3, "balls": 4, "wickets": 0}, "62175638": {"runs": 1, "balls": 2, "wickets": 1}, "0b0cc297": {"runs": 0, "balls": 1, "wickets": 0}, "25550d06": {"runs": 6, "balls": 4, "wickets": 0}, "fc55ec67": {"runs": 5, "balls": 3, "wickets": 0}, "2c54c49b": {"runs": 3, "balls": 5, "wickets": 0}, "59ea70a4": {"runs": 2, "balls": 3, "wickets": 0}, "478a63e7": {"runs": 1, "balls": 1, "wickets": 0}, "1a448be0": {"runs": 2, "balls": 2, "wickets": 0}, "e3fe4b49": {"runs": 5, "balls": 5, "wickets": 0}, "33b3d2df": {"runs": 0, "balls": 1, "wickets": 1}, "f24c6701": {"runs": 12, "balls": 8, "wickets": 0}, "64839cb3": {"runs": 3, "balls": 5, "wickets": 1}, "fe93fd9d": {"runs": 18, "balls": 19, "wickets": 0}, "2e171977": {"runs": 1, "balls": 3, "wickets": 0}, "8cf9814c": {"runs": 11, "balls": 8, "wickets": 0}, "85e0cf10": {"runs": 4, "balls": 5, "wickets": 1}, "641ac5ff": {"runs": 7, "balls": 7, "wickets": 0}, "ba5e1069": {"runs": 3, "balls": 8, "wickets": 0}, "a818c1be": {"runs": 15, "balls": 16, "wickets": 0}, "68c56d09": {"runs": 0, "balls": 1, "wickets": 1}, "2f9d0389": {"runs": 1, "balls": 9, "wickets": 0}, "462411b3": {"runs": 2, "balls": 7, "wickets": 0}, "8d2c70ad": {"runs": 2, "balls": 4, "wickets": 0}, "a1d95bd8": {"runs": 1, "balls": 2, "wickets": 0}, "0b60eb09": {"runs": 8, "balls": 11, "wickets": 0}, "3204c99f": {"runs": 10, "balls": 6, "wickets": 1}, "d9273ee7": {"runs": 6, "balls": 4, "wickets": 0}, "1a2676c5": {"runs": 1, "balls": 6, "wickets": 0}, "a8e54ef4": {"runs": 0, "balls": 1, "wickets": 1}, "acee4cc4": {"runs": 4, "balls": 4, "wickets": 0}, "492ff0c2": {"runs": 7, "balls": 3, "wickets": 0}, "9dad0f2e": {"runs": 6, "balls": 2, "wickets": 1}, "bb351c23": {"runs": 1, "balls": 1, "wickets": 0}, "83d17bbc": {"runs": 1, "balls": 2, "wickets": 0}, "dcdb87f2": {"runs": 2, "balls": 2, "wickets": 1}}, "fifties": 0, "thirties": 1, "centuries": 0, "maidens": 17.0, "hattricks": 3, "runs": 280.0, "wickets": 60.0, "club_ODI_previous3_runs": [], "club_ODI_previous3_wickets": [], "club_ODI_previous3_balls played": [], "club_ODI_previous3_overs": [], "club_ODI_previous3_runs gave": [], "club_ODI_lifetime_runs": 0.0, "club_ODI_lifetime_wickets": 0.0, "club_ODI_lifetime_balls played": 0.0, "club_ODI_lifetime_overs": 0.0, "club_ODI_lifetime_runs gave": 0.0, "club_Test_previous3_runs": [], "club_Test_previous3_wickets": [], "club_Test_previous3_balls played": [], "club_Test_previous3_overs": [], "club_Test_previous3_runs gave": [], "club_Test_lifetime_runs": 0.0, "club_Test_lifetime_wickets": 0.0, "club_Test_lifetime_balls played": 0.0, "club_Test_lifetime_overs": 0.0, "club_Test_lifetime_runs gave": 0.0, "club_T20_previous3_runs": [17.0, 2.0, 3.0], "club_T20_previous3_wickets": [1.0, 0.0, 1.0], "club_T20_previous3_balls played": [9.0, 4.0, 5.0], "club_T20_previous3_overs": [3.0, 3.0, 3.0], "club_T20_previous3_runs gave": [55.0, 32.0, 33.0], "club_T20_lifetime_runs": 68.0, "club_T20_lifetime_wickets": 28.0, "club_T20_lifetime_balls played": 78.0, "club_T20_lifetime_overs": 172.5, "club_T20_lifetime_runs gave": 1242.0, "international_ODI_previous3_runs": [14.0, 19.0, 7.0], "international_ODI_previous3_wickets": [0.0, 0.0, 0.0], "international_ODI_previous3_balls played": [18.0, 19.0, 11.0], "international_ODI_previous3_overs": [9.5, 5.0, 10.0], "international_ODI_previous3_runs gave": [60.0, 27.0, 85.0], "international_ODI_lifetime_runs": 156.0, "international_ODI_lifetime_wickets": 7.0, "international_ODI_lifetime_balls played": 172.0, "international_ODI_lifetime_overs": 121.0, "international_ODI_lifetime_runs gave": 557.0, "international_Test_previous3_runs": [], "international_Test_previous3_wickets": [], "international_Test_previous3_balls played": [], "international_Test_previous3_overs": [], "international_Test_previous3_runs gave": [], "international_Test_lifetime_runs": 0.0, "international_Test_lifetime_wickets": 0.0, "international_Test_lifetime_balls played": 0.0, "international_Test_lifetime_overs": 0.0, "international_Test_lifetime_runs gave": 0.0, "international_T20_previous3_runs": [0.0, 0.0, 13.0], "international_T20_previous3_wickets": [0.0, 0.0, 0.0], "international_T20_previous3_balls played": [0.0, 0.0, 17.0], "international_T20_previous3_overs": [1.0, 3.0, 1.0], "international_T20_previous3_runs gave": [18.0, 37.0, 12.0], "international_T20_lifetime_runs": 56.0, "international_T20_lifetime_wickets": 25.0, "international_T20_lifetime_balls played": 57.0, "international_T20_lifetime_overs": 92.66666666666667, "international_T20_lifetime_runs gave": 718.0}