{"played_against": {"99663fa5": {"runs": 12, "balls": 17, "wickets": 0}, "8ba8195d": {"runs": 30, "balls": 49, "wickets": 0}, "8b5b6769": {"runs": 7, "balls": 37, "wickets": 1}, "dd09ff8e": {"runs": 62, "balls": 94, "wickets": 1}, "74234d66": {"runs": 5, "balls": 15, "wickets": 0}, "ee7d0c82": {"runs": 5, "balls": 6, "wickets": 0}, "cefe0886": {"runs": 14, "balls": 7, "wickets": 0}, "d2f72b19": {"runs": 28, "balls": 13, "wickets": 1}, "12b59324": {"runs": 2, "balls": 2, "wickets": 0}, "4f629497": {"runs": 6, "balls": 18, "wickets": 2}, "d7c6af50": {"runs": 52, "balls": 75, "wickets": 0}, "3eac9d95": {"runs": 1, "balls": 13, "wickets": 0}, "582e9baa": {"runs": 20, "balls": 22, "wickets": 0}, "99639abf": {"runs": 1, "balls": 1, "wickets": 0}, "525c3f54": {"runs": 11, "balls": 3, "wickets": 0}, "5680f1ad": {"runs": 0, "balls": 4, "wickets": 1}, "bcce309e": {"runs": 1, "balls": 4, "wickets": 0}, "f233bbb4": {"runs": 5, "balls": 13, "wickets": 1}, "68ddabdb": {"runs": 3, "balls": 3, "wickets": 0}, "390ff45b": {"runs": 10, "balls": 9, "wickets": 1}, "b15eaf77": {"runs": 14, "balls": 5, "wickets": 0}, "3b50c63a": {"runs": 0, "balls": 4, "wickets": 0}, "323e4c16": {"runs": 1, "balls": 1, "wickets": 0}, "4ba44e19": {"runs": 10, "balls": 19, "wickets": 0}, "6cc006ef": {"runs": 8, "balls": 4, "wickets": 0}, "0be1b885": {"runs": 0, "balls": 1, "wickets": 0}, "9ab63e7b": {"runs": 0, "balls": 4, "wickets": 0}, "8728a058": {"runs": 3, "balls": 7, "wickets": 0}, "3967930c": {"runs": 7, "balls": 9, "wickets": 0}, "ddc0828d": {"runs": 0, "balls": 1, "wickets": 0}, "e8b5ea8d": {"runs": 2, "balls": 7, "wickets": 0}, "6b0c3a20": {"runs": 6, "balls": 21, "wickets": 0}, "62decd8e": {"runs": 4, "balls": 4, "wickets": 1}, "fcbf5a30": {"runs": 0, "balls": 1, "wickets": 1}, "2503e881": {"runs": 17, "balls": 43, "wickets": 0}, "ae1bd901": {"runs": 19, "balls": 35, "wickets": 0}, "88fccd6c": {"runs": 5, "balls": 14, "wickets": 1}, "20a941bb": {"runs": 13, "balls": 17, "wickets": 0}, "3cf83487": {"runs": 25, "balls": 81, "wickets": 0}, "622dee94": {"runs": 11, "balls": 42, "wickets": 0}, "53fe6ee4": {"runs": 9, "balls": 48, "wickets": 0}, "69762509": {"runs": 18, "balls": 49, "wickets": 0}, "7d415ea5": {"runs": 9, "balls": 15, "wickets": 0}, "f708a0bc": {"runs": 28, "balls": 81, "wickets": 0}, "fdedb37c": {"runs": 16, "balls": 37, "wickets": 0}, "87b177e8": {"runs": 42, "balls": 89, "wickets": 0}, "5af87ad6": {"runs": 20, "balls": 39, "wickets": 0}, "8692a3f1": {"runs": 13, "balls": 23, "wickets": 0}, "36d33dd0": {"runs": 8, "balls": 8, "wickets": 0}, "d68e7f48": {"runs": 28, "balls": 22, "wickets": 0}, "f846de6a": {"runs": 9, "balls": 13, "wickets": 0}, "60beb01b": {"runs": 9, "balls": 14, "wickets": 0}, "33a50ecf": {"runs": 24, "balls": 31, "wickets": 0}, "db584dad": {"runs": 15, "balls": 34, "wickets": 1}, "a7c226e1": {"runs": 10, "balls": 11, "wickets": 1}, "953e3931": {"runs": 16, "balls": 21, "wickets": 0}, "3227beb4": {"runs": 10, "balls": 21, "wickets": 0}, "bd77eb62": {"runs": 28, "balls": 40, "wickets": 0}, "f842c2cf": {"runs": 15, "balls": 23, "wickets": 0}, "0c2730df": {"runs": 16, "balls": 39, "wickets": 1}, "5cb078d6": {"runs": 15, "balls": 17, "wickets": 0}, "fa463154": {"runs": 18, "balls": 44, "wickets": 0}, "5fa06777": {"runs": 19, "balls": 30, "wickets": 0}, "b2b50355": {"runs": 0, "balls": 1, "wickets": 0}, "725529bc": {"runs": 1, "balls": 2, "wickets": 1}, "2a731841": {"runs": 6, "balls": 14, "wickets": 0}, "0c8a1d51": {"runs": 3, "balls": 9, "wickets": 0}, "bb1819fa": {"runs": 17, "balls": 19, "wickets": 0}, "e8d7b493": {"runs": 5, "balls": 11, "wickets": 0}, "6581d753": {"runs": 7, "balls": 24, "wickets": 0}, "c3d35165": {"runs": 14, "balls": 13, "wickets": 0}, "6a0537aa": {"runs": 73, "balls": 157, "wickets": 0}, "47c5aae7": {"runs": 11, "balls": 17, "wickets": 0}, "9b75e4f1": {"runs": 29, "balls": 40, "wickets": 0}, "d1c94b25": {"runs": 18, "balls": 11, "wickets": 0}, "86dc8f2e": {"runs": 9, "balls": 29, "wickets": 3}, "72861603": {"runs": 10, "balls": 22, "wickets": 0}, "c4487b84": {"runs": 8, "balls": 17, "wickets": 0}, "42537f07": {"runs": 2, "balls": 4, "wickets": 0}, "05e0fab5": {"runs": 0, "balls": 1, "wickets": 1}, "96fd40ae": {"runs": 1, "balls": 5, "wickets": 0}, "10a91f35": {"runs": 1, "balls": 4, "wickets": 0}, "0dc00542": {"runs": 2, "balls": 7, "wickets": 0}, "f5821615": {"runs": 4, "balls": 10, "wickets": 0}, "91a4a398": {"runs": 9, "balls": 11, "wickets": 0}}, "fifties": 7, "thirties": 7, "centuries": 1, "maidens": 51.0, "hattricks": 4, "runs": 1045.0, "wickets": 50.0, "club_ODI_previous3_runs": [], "club_ODI_previous3_wickets": [], "club_ODI_previous3_balls played": [], "club_ODI_previous3_overs": [], "club_ODI_previous3_runs gave": [], "club_ODI_lifetime_runs": 0.0, "club_ODI_lifetime_wickets": 0.0, "club_ODI_lifetime_balls played": 0.0, "club_ODI_lifetime_overs": 0.0, "club_ODI_lifetime_runs gave": 0.0, "club_Test_previous3_runs": [], "club_Test_previous3_wickets": [], "club_Test_previous3_balls played": [], "club_Test_previous3_overs": [], "club_Test_previous3_runs gave": [], "club_Test_lifetime_runs": 0.0, "club_Test_lifetime_wickets": 0.0, "club_Test_lifetime_balls played": 0.0, "club_Test_lifetime_overs": 0.0, "club_Test_lifetime_runs gave": 0.0, "club_T20_previous3_runs": [], "club_T20_previous3_wickets": [], "club_T20_previous3_balls played": [], "club_T20_previous3_overs": [], "club_T20_previous3_runs gave": [], "club_T20_lifetime_runs": 0.0, "club_T20_lifetime_wickets": 0.0, "club_T20_lifetime_balls played": 0.0, "club_T20_lifetime_overs": 0.0, "club_T20_lifetime_runs gave": 0.0, "international_ODI_previous3_runs": [14.0, 18.0, 18.0], "international_ODI_previous3_wickets": [0.0, 1.0, 1.0], "international_ODI_previous3_balls played": [35.0, 51.0, 33.0], "international_ODI_previous3_overs": [0.0, 10.0, 10.0], "international_ODI_previous3_runs gave": [0.0, 34.0, 52.0], "international_ODI_lifetime_runs": 736.0, "international_ODI_lifetime_wickets": 39.0, "international_ODI_lifetime_balls played": 1068.0, "international_ODI_lifetime_overs": 247.50000000000003, "international_ODI_lifetime_runs gave": 1068.0, "international_Test_previous3_runs": [3.0, 2.0, 27.0], "international_Test_previous3_wickets": [2.0, 3.0, 0.0], "international_Test_previous3_balls played": [22.0, 9.0, 85.0], "international_Test_previous3_overs": [24.0, 22.0, 26.0], "international_Test_previous3_runs gave": [107.0, 74.0, 95.0], "international_Test_lifetime_runs": 309.0, "international_Test_lifetime_wickets": 11.0, "international_Test_lifetime_balls played": 855.0, "international_Test_lifetime_overs": 199.5, "international_Test_lifetime_runs gave": 844.0, "international_T20_previous3_runs": [], "international_T20_previous3_wickets": [], "international_T20_previous3_balls played": [], "international_T20_previous3_overs": [], "international_T20_previous3_runs gave": [], "international_T20_lifetime_runs": 0.0, "international_T20_lifetime_wickets": 0.0, "international_T20_lifetime_balls played": 0.0, "international_T20_lifetime_overs": 0.0, "international_T20_lifetime_runs gave": 0.0}