{"played_against": {"397369e0": {"runs": 1, "balls": 1, "wickets": 0}, "60471339": {"runs": 0, "balls": 1, "wickets": 0}, "93fe473e": {"runs": 0, "balls": 2, "wickets": 0}, "8d6b36e3": {"runs": 1, "balls": 2, "wickets": 0}, "7673c908": {"runs": 2, "balls": 5, "wickets": 0}, "9af58032": {"runs": 1, "balls": 1, "wickets": 0}}, "fifties": 0, "thirties": 0, "centuries": 0, "maidens": 0.0, "hattricks": 1, "runs": 5.0, "wickets": 20.0, "club_ODI_previous3_runs": [], "club_ODI_previous3_wickets": [], "club_ODI_previous3_balls played": [], "club_ODI_previous3_overs": [], "club_ODI_previous3_runs gave": [], "club_ODI_lifetime_runs": 0.0, "club_ODI_lifetime_wickets": 0.0, "club_ODI_lifetime_balls played": 0.0, "club_ODI_lifetime_overs": 0.0, "club_ODI_lifetime_runs gave": 0.0, "club_Test_previous3_runs": [], "club_Test_previous3_wickets": [], "club_Test_previous3_balls played": [], "club_Test_previous3_overs": [], "club_Test_previous3_runs gave": [], "club_Test_lifetime_runs": 0.0, "club_Test_lifetime_wickets": 0.0, "club_Test_lifetime_balls played": 0.0, "club_Test_lifetime_overs": 0.0, "club_Test_lifetime_runs gave": 0.0, "club_T20_previous3_runs": [0.0, 0.0, 0.0], "club_T20_previous3_wickets": [0.0, 1.0, 0.0], "club_T20_previous3_balls played": [0.0, 0.0, 0.0], "club_T20_previous3_overs": [0.0, 2.8333333333333335, 2.0], "club_T20_previous3_runs gave": [0.0, 26.0, 14.0], "club_T20_lifetime_runs": 5.0, "club_T20_lifetime_wickets": 20.0, "club_T20_lifetime_balls played": 12.0, "club_T20_lifetime_overs": 73.83333333333333, "club_T20_lifetime_runs gave": 548.0, "international_ODI_previous3_runs": [], "international_ODI_previous3_wickets": [], "international_ODI_previous3_balls played": [], "international_ODI_previous3_overs": [], "international_ODI_previous3_runs gave": [], "international_ODI_lifetime_runs": 0.0, "international_ODI_lifetime_wickets": 0.0, "international_ODI_lifetime_balls played": 0.0, "international_ODI_lifetime_overs": 0.0, "international_ODI_lifetime_runs gave": 0.0, "international_Test_previous3_runs": [], "international_Test_previous3_wickets": [], "international_Test_previous3_balls played": [], "international_Test_previous3_overs": [], "international_Test_previous3_runs gave": [], "international_Test_lifetime_runs": 0.0, "international_Test_lifetime_wickets": 0.0, "international_Test_lifetime_balls played": 0.0, "international_Test_lifetime_overs": 0.0, "international_Test_lifetime_runs gave": 0.0, "international_T20_previous3_runs": [], "international_T20_previous3_wickets": [], "international_T20_previous3_balls played": [], "international_T20_previous3_overs": [], "international_T20_previous3_runs gave": [], "international_T20_lifetime_runs": 0.0, "international_T20_lifetime_wickets": 0.0, "international_T20_lifetime_balls played": 0.0, "international_T20_lifetime_overs": 0.0, "international_T20_lifetime_runs gave": 0.0}