{"played_against": {"1ff39d69": {"runs": 1, "balls": 5, "wickets": 0}, "b287e7b1": {"runs": 2, "balls": 7, "wickets": 0}, "a139c379": {"runs": 7, "balls": 8, "wickets": 1}, "ea8b65ab": {"runs": 15, "balls": 25, "wickets": 0}, "9706e64b": {"runs": 11, "balls": 15, "wickets": 0}, "907c51ab": {"runs": 2, "balls": 5, "wickets": 0}, "4ba0289e": {"runs": 4, "balls": 8, "wickets": 1}, "053dc208": {"runs": 1, "balls": 5, "wickets": 0}, "287ed3a0": {"runs": 1, "balls": 3, "wickets": 1}, "de69af96": {"runs": 1, "balls": 1, "wickets": 0}, "7391f160": {"runs": 2, "balls": 2, "wickets": 0}, "e2410b5e": {"runs": 4, "balls": 2, "wickets": 1}, "92cf79a8": {"runs": 1, "balls": 1, "wickets": 0}, "bff0535a": {"runs": 4, "balls": 4, "wickets": 0}, "dbd79036": {"runs": 2, "balls": 3, "wickets": 0}, "5f862ccd": {"runs": 2, "balls": 3, "wickets": 0}, "44d0e8af": {"runs": 20, "balls": 13, "wickets": 0}, "ec1c4b4d": {"runs": 3, "balls": 3, "wickets": 0}, "a0fdf513": {"runs": 8, "balls": 5, "wickets": 0}, "3cfbddce": {"runs": 3, "balls": 8, "wickets": 1}, "ed840f44": {"runs": 3, "balls": 8, "wickets": 0}, "e5be2427": {"runs": 3, "balls": 5, "wickets": 0}, "98dfe425": {"runs": 0, "balls": 1, "wickets": 1}, "f3a18a0c": {"runs": 1, "balls": 1, "wickets": 0}}, "fifties": 0, "thirties": 1, "centuries": 0, "maidens": 16.0, "hattricks": 0, "runs": 101.0, "wickets": 12.0, "club_ODI_previous3_runs": [], "club_ODI_previous3_wickets": [], "club_ODI_previous3_balls played": [], "club_ODI_previous3_overs": [], "club_ODI_previous3_runs gave": [], "club_ODI_lifetime_runs": 0.0, "club_ODI_lifetime_wickets": 0.0, "club_ODI_lifetime_balls played": 0.0, "club_ODI_lifetime_overs": 0.0, "club_ODI_lifetime_runs gave": 0.0, "club_Test_previous3_runs": [], "club_Test_previous3_wickets": [], "club_Test_previous3_balls played": [], "club_Test_previous3_overs": [], "club_Test_previous3_runs gave": [], "club_Test_lifetime_runs": 0.0, "club_Test_lifetime_wickets": 0.0, "club_Test_lifetime_balls played": 0.0, "club_Test_lifetime_overs": 0.0, "club_Test_lifetime_runs gave": 0.0, "club_T20_previous3_runs": [], "club_T20_previous3_wickets": [], "club_T20_previous3_balls played": [], "club_T20_previous3_overs": [], "club_T20_previous3_runs gave": [], "club_T20_lifetime_runs": 0.0, "club_T20_lifetime_wickets": 0.0, "club_T20_lifetime_balls played": 0.0, "club_T20_lifetime_overs": 0.0, "club_T20_lifetime_runs gave": 0.0, "international_ODI_previous3_runs": [0.0, 0.0, 0.0], "international_ODI_previous3_wickets": [1.0, 1.0, 1.0], "international_ODI_previous3_balls played": [0.0, 0.0, 0.0], "international_ODI_previous3_overs": [10.0, 9.833333333333332, 10.0], "international_ODI_previous3_runs gave": [35.0, 55.0, 34.0], "international_ODI_lifetime_runs": 43.0, "international_ODI_lifetime_wickets": 8.0, "international_ODI_lifetime_balls played": 74.0, "international_ODI_lifetime_overs": 103.49999999999999, "international_ODI_lifetime_runs gave": 364.0, "international_Test_previous3_runs": [], "international_Test_previous3_wickets": [], "international_Test_previous3_balls played": [], "international_Test_previous3_overs": [], "international_Test_previous3_runs gave": [], "international_Test_lifetime_runs": 0.0, "international_Test_lifetime_wickets": 0.0, "international_Test_lifetime_balls played": 0.0, "international_Test_lifetime_overs": 0.0, "international_Test_lifetime_runs gave": 0.0, "international_T20_previous3_runs": [1.0, 0.0, 0.0], "international_T20_previous3_wickets": [0.0, 0.0, 0.0], "international_T20_previous3_balls played": [3.0, 0.0, 2.0], "international_T20_previous3_overs": [2.0, 1.0, 2.0], "international_T20_previous3_runs gave": [12.0, 9.0, 19.0], "international_T20_lifetime_runs": 58.0, "international_T20_lifetime_wickets": 4.0, "international_T20_lifetime_balls played": 68.0, "international_T20_lifetime_overs": 44.5, "international_T20_lifetime_runs gave": 279.0}