{"played_against": {"1e66c162": {"runs": 0, "balls": 1, "wickets": 1}, "d2a989fc": {"runs": 6, "balls": 4, "wickets": 0}, "ec9fc54b": {"runs": 1, "balls": 1, "wickets": 0}, "e1e7f950": {"runs": 7, "balls": 9, "wickets": 0}, "dd73b2ff": {"runs": 11, "balls": 5, "wickets": 0}, "30829ea2": {"runs": 10, "balls": 5, "wickets": 0}, "bb3ccb17": {"runs": 2, "balls": 1, "wickets": 0}, "64959652": {"runs": 7, "balls": 3, "wickets": 0}}, "fifties": 0, "thirties": 0, "centuries": 0, "maidens": 0.0, "hattricks": 3, "runs": 44.0, "wickets": 17.0, "club_ODI_previous3_runs": [], "club_ODI_previous3_wickets": [], "club_ODI_previous3_balls played": [], "club_ODI_previous3_overs": [], "club_ODI_previous3_runs gave": [], "club_ODI_lifetime_runs": 0.0, "club_ODI_lifetime_wickets": 0.0, "club_ODI_lifetime_balls played": 0.0, "club_ODI_lifetime_overs": 0.0, "club_ODI_lifetime_runs gave": 0.0, "club_Test_previous3_runs": [], "club_Test_previous3_wickets": [], "club_Test_previous3_balls played": [], "club_Test_previous3_overs": [], "club_Test_previous3_runs gave": [], "club_Test_lifetime_runs": 0.0, "club_Test_lifetime_wickets": 0.0, "club_Test_lifetime_balls played": 0.0, "club_Test_lifetime_overs": 0.0, "club_Test_lifetime_runs gave": 0.0, "club_T20_previous3_runs": [0.0, 0.0, 9.0], "club_T20_previous3_wickets": [3.0, 2.0, 0.0], "club_T20_previous3_balls played": [0.0, 0.0, 4.0], "club_T20_previous3_overs": [3.8333333333333335, 4.0, 4.0], "club_T20_previous3_runs gave": [27.0, 40.0, 32.0], "club_T20_lifetime_runs": 44.0, "club_T20_lifetime_wickets": 17.0, "club_T20_lifetime_balls played": 29.0, "club_T20_lifetime_overs": 49.666666666666664, "club_T20_lifetime_runs gave": 349.0, "international_ODI_previous3_runs": [], "international_ODI_previous3_wickets": [], "international_ODI_previous3_balls played": [], "international_ODI_previous3_overs": [], "international_ODI_previous3_runs gave": [], "international_ODI_lifetime_runs": 0.0, "international_ODI_lifetime_wickets": 0.0, "international_ODI_lifetime_balls played": 0.0, "international_ODI_lifetime_overs": 0.0, "international_ODI_lifetime_runs gave": 0.0, "international_Test_previous3_runs": [], "international_Test_previous3_wickets": [], "international_Test_previous3_balls played": [], "international_Test_previous3_overs": [], "international_Test_previous3_runs gave": [], "international_Test_lifetime_runs": 0.0, "international_Test_lifetime_wickets": 0.0, "international_Test_lifetime_balls played": 0.0, "international_Test_lifetime_overs": 0.0, "international_Test_lifetime_runs gave": 0.0, "international_T20_previous3_runs": [], "international_T20_previous3_wickets": [], "international_T20_previous3_balls played": [], "international_T20_previous3_overs": [], "international_T20_previous3_runs gave": [], "international_T20_lifetime_runs": 0.0, "international_T20_lifetime_wickets": 0.0, "international_T20_lifetime_balls played": 0.0, "international_T20_lifetime_overs": 0.0, "international_T20_lifetime_runs gave": 0.0}