{"played_against": {"c7e59109": {"runs": 0, "balls": 2, "wickets": 0}, "04e145f4": {"runs": 1, "balls": 6, "wickets": 1}, "fa9fdefa": {"runs": 4, "balls": 7, "wickets": 1}, "9d80f576": {"runs": 0, "balls": 1, "wickets": 0}, "1530ae9d": {"runs": 1, "balls": 2, "wickets": 0}, "119dc992": {"runs": 1, "balls": 1, "wickets": 0}, "4ca3d67d": {"runs": 1, "balls": 1, "wickets": 0}, "44e008a5": {"runs": 4, "balls": 1, "wickets": 0}, "5bb73a3c": {"runs": 1, "balls": 1, "wickets": 0}, "f18b67a3": {"runs": 1, "balls": 2, "wickets": 0}, "1191807f": {"runs": 4, "balls": 6, "wickets": 0}, "8ffa1b3c": {"runs": 1, "balls": 1, "wickets": 0}, "5e118871": {"runs": 0, "balls": 3, "wickets": 1}}, "fifties": 0, "thirties": 0, "centuries": 0, "maidens": 0.0, "hattricks": 0, "runs": 19.0, "wickets": 5.0, "club_ODI_previous3_runs": [], "club_ODI_previous3_wickets": [], "club_ODI_previous3_balls played": [], "club_ODI_previous3_overs": [], "club_ODI_previous3_runs gave": [], "club_ODI_lifetime_runs": 0.0, "club_ODI_lifetime_wickets": 0.0, "club_ODI_lifetime_balls played": 0.0, "club_ODI_lifetime_overs": 0.0, "club_ODI_lifetime_runs gave": 0.0, "club_Test_previous3_runs": [], "club_Test_previous3_wickets": [], "club_Test_previous3_balls played": [], "club_Test_previous3_overs": [], "club_Test_previous3_runs gave": [], "club_Test_lifetime_runs": 0.0, "club_Test_lifetime_wickets": 0.0, "club_Test_lifetime_balls played": 0.0, "club_Test_lifetime_overs": 0.0, "club_Test_lifetime_runs gave": 0.0, "club_T20_previous3_runs": [], "club_T20_previous3_wickets": [], "club_T20_previous3_balls played": [], "club_T20_previous3_overs": [], "club_T20_previous3_runs gave": [], "club_T20_lifetime_runs": 0.0, "club_T20_lifetime_wickets": 0.0, "club_T20_lifetime_balls played": 0.0, "club_T20_lifetime_overs": 0.0, "club_T20_lifetime_runs gave": 0.0, "international_ODI_previous3_runs": [], "international_ODI_previous3_wickets": [], "international_ODI_previous3_balls played": [], "international_ODI_previous3_overs": [], "international_ODI_previous3_runs gave": [], "international_ODI_lifetime_runs": 0.0, "international_ODI_lifetime_wickets": 0.0, "international_ODI_lifetime_balls played": 0.0, "international_ODI_lifetime_overs": 0.0, "international_ODI_lifetime_runs gave": 0.0, "international_Test_previous3_runs": [], "international_Test_previous3_wickets": [], "international_Test_previous3_balls played": [], "international_Test_previous3_overs": [], "international_Test_previous3_runs gave": [], "international_Test_lifetime_runs": 0.0, "international_Test_lifetime_wickets": 0.0, "international_Test_lifetime_balls played": 0.0, "international_Test_lifetime_overs": 0.0, "international_Test_lifetime_runs gave": 0.0, "international_T20_previous3_runs": [4.0, 3.0, 11.0], "international_T20_previous3_wickets": [2.0, 0.0, 1.0], "international_T20_previous3_balls played": [7.0, 5.0, 14.0], "international_T20_previous3_overs": [4.0, 4.0, 1.0], "international_T20_previous3_runs gave": [36.0, 19.0, 11.0], "international_T20_lifetime_runs": 19.0, "international_T20_lifetime_wickets": 5.0, "international_T20_lifetime_balls played": 34.0, "international_T20_lifetime_overs": 16.0, "international_T20_lifetime_runs gave": 105.0}