{"played_against": {"de00b96c": {"runs": 1, "balls": 4, "wickets": 0}, "983f2f61": {"runs": 2, "balls": 2, "wickets": 0}, "1f3febed": {"runs": 2, "balls": 3, "wickets": 0}, "8d2c70ad": {"runs": 0, "balls": 2, "wickets": 0}, "5d2eea49": {"runs": 0, "balls": 4, "wickets": 0}, "c38d3503": {"runs": 2, "balls": 3, "wickets": 1}, "7210d461": {"runs": 4, "balls": 3, "wickets": 0}, "4b31f3a3": {"runs": 1, "balls": 1, "wickets": 0}}, "fifties": 0, "thirties": 0, "centuries": 0, "maidens": 1.0, "hattricks": 2, "runs": 12.0, "wickets": 13.0, "club_ODI_previous3_runs": [], "club_ODI_previous3_wickets": [], "club_ODI_previous3_balls played": [], "club_ODI_previous3_overs": [], "club_ODI_previous3_runs gave": [], "club_ODI_lifetime_runs": 0.0, "club_ODI_lifetime_wickets": 0.0, "club_ODI_lifetime_balls played": 0.0, "club_ODI_lifetime_overs": 0.0, "club_ODI_lifetime_runs gave": 0.0, "club_Test_previous3_runs": [], "club_Test_previous3_wickets": [], "club_Test_previous3_balls played": [], "club_Test_previous3_overs": [], "club_Test_previous3_runs gave": [], "club_Test_lifetime_runs": 0.0, "club_Test_lifetime_wickets": 0.0, "club_Test_lifetime_balls played": 0.0, "club_Test_lifetime_overs": 0.0, "club_Test_lifetime_runs gave": 0.0, "club_T20_previous3_runs": [6.0, 0.0, 1.0], "club_T20_previous3_wickets": [2.0, 1.0, 1.0], "club_T20_previous3_balls played": [12.0, 0.0, 1.0], "club_T20_previous3_overs": [4.0, 3.0, 4.0], "club_T20_previous3_runs gave": [22.0, 19.0, 31.0], "club_T20_lifetime_runs": 12.0, "club_T20_lifetime_wickets": 13.0, "club_T20_lifetime_balls played": 22.0, "club_T20_lifetime_overs": 29.0, "club_T20_lifetime_runs gave": 166.0, "international_ODI_previous3_runs": [], "international_ODI_previous3_wickets": [], "international_ODI_previous3_balls played": [], "international_ODI_previous3_overs": [], "international_ODI_previous3_runs gave": [], "international_ODI_lifetime_runs": 0.0, "international_ODI_lifetime_wickets": 0.0, "international_ODI_lifetime_balls played": 0.0, "international_ODI_lifetime_overs": 0.0, "international_ODI_lifetime_runs gave": 0.0, "international_Test_previous3_runs": [], "international_Test_previous3_wickets": [], "international_Test_previous3_balls played": [], "international_Test_previous3_overs": [], "international_Test_previous3_runs gave": [], "international_Test_lifetime_runs": 0.0, "international_Test_lifetime_wickets": 0.0, "international_Test_lifetime_balls played": 0.0, "international_Test_lifetime_overs": 0.0, "international_Test_lifetime_runs gave": 0.0, "international_T20_previous3_runs": [], "international_T20_previous3_wickets": [], "international_T20_previous3_balls played": [], "international_T20_previous3_overs": [], "international_T20_previous3_runs gave": [], "international_T20_lifetime_runs": 0.0, "international_T20_lifetime_wickets": 0.0, "international_T20_lifetime_balls played": 0.0, "international_T20_lifetime_overs": 0.0, "international_T20_lifetime_runs gave": 0.0}