{"played_against": {"de69af96": {"runs": 1, "balls": 1, "wickets": 0}, "340202b0": {"runs": 36, "balls": 36, "wickets": 2}, "cdb82f1c": {"runs": 14, "balls": 11, "wickets": 0}, "02181d9a": {"runs": 13, "balls": 9, "wickets": 2}, "8f30d191": {"runs": 6, "balls": 13, "wickets": 2}, "d693012d": {"runs": 2, "balls": 3, "wickets": 0}, "63e3b6b3": {"runs": 0, "balls": 1, "wickets": 1}, "32497ecd": {"runs": 39, "balls": 25, "wickets": 1}, "2479daa6": {"runs": 44, "balls": 51, "wickets": 4}, "e69dbbef": {"runs": 23, "balls": 28, "wickets": 0}, "fb192f98": {"runs": 55, "balls": 29, "wickets": 1}, "9b73d523": {"runs": 3, "balls": 3, "wickets": 0}, "00823a96": {"runs": 18, "balls": 32, "wickets": 1}, "184512d1": {"runs": 19, "balls": 20, "wickets": 0}, "907c51ab": {"runs": 5, "balls": 5, "wickets": 0}, "287ed3a0": {"runs": 15, "balls": 16, "wickets": 1}, "fbd79b9b": {"runs": 12, "balls": 8, "wickets": 1}, "ac56b5a7": {"runs": 3, "balls": 4, "wickets": 1}, "201fef33": {"runs": 8, "balls": 4, "wickets": 0}, "efc40724": {"runs": 1, "balls": 3, "wickets": 0}, "15f609ed": {"runs": 7, "balls": 32, "wickets": 2}, "c7bf22fa": {"runs": 1, "balls": 7, "wickets": 0}, "35828bdd": {"runs": 29, "balls": 32, "wickets": 1}, "04381402": {"runs": 2, "balls": 6, "wickets": 0}, "3a9e9cb2": {"runs": 1, "balls": 4, "wickets": 0}, "38b4583c": {"runs": 15, "balls": 26, "wickets": 2}, "a4c78e09": {"runs": 20, "balls": 32, "wickets": 1}, "5b77e287": {"runs": 11, "balls": 12, "wickets": 0}, "e7f06080": {"runs": 2, "balls": 5, "wickets": 0}, "8ae7bb3e": {"runs": 18, "balls": 32, "wickets": 0}, "d23c808d": {"runs": 17, "balls": 20, "wickets": 0}, "c6625a26": {"runs": 19, "balls": 25, "wickets": 1}, "588360ee": {"runs": 18, "balls": 20, "wickets": 2}, "7306c48d": {"runs": 44, "balls": 61, "wickets": 1}, "1ade138e": {"runs": 14, "balls": 15, "wickets": 0}, "507acf2e": {"runs": 7, "balls": 7, "wickets": 0}, "f7b74efa": {"runs": 2, "balls": 3, "wickets": 1}, "b074cd46": {"runs": 16, "balls": 14, "wickets": 0}, "b34e0c77": {"runs": 12, "balls": 16, "wickets": 1}, "78fd864b": {"runs": 31, "balls": 20, "wickets": 1}, "cd62f670": {"runs": 38, "balls": 45, "wickets": 2}, "13c19f32": {"runs": 10, "balls": 9, "wickets": 0}, "091a7550": {"runs": 24, "balls": 21, "wickets": 1}, "53d50717": {"runs": 1, "balls": 1, "wickets": 0}, "7442f8dd": {"runs": 18, "balls": 5, "wickets": 0}, "b5c83d22": {"runs": 8, "balls": 5, "wickets": 0}, "a156f06e": {"runs": 3, "balls": 3, "wickets": 1}, "910dd54e": {"runs": 16, "balls": 13, "wickets": 0}, "108c4c09": {"runs": 4, "balls": 5, "wickets": 0}, "8c5775f3": {"runs": 3, "balls": 6, "wickets": 0}, "8a452195": {"runs": 5, "balls": 7, "wickets": 1}, "24596e4d": {"runs": 8, "balls": 13, "wickets": 0}, "67045de6": {"runs": 12, "balls": 15, "wickets": 0}, "faacb85b": {"runs": 20, "balls": 20, "wickets": 0}, "2f485713": {"runs": 31, "balls": 36, "wickets": 2}, "f13d3eba": {"runs": 12, "balls": 14, "wickets": 0}, "e5b17517": {"runs": 27, "balls": 25, "wickets": 0}, "e3a93585": {"runs": 37, "balls": 36, "wickets": 3}, "f61e2829": {"runs": 9, "balls": 9, "wickets": 0}, "d6a9af83": {"runs": 38, "balls": 30, "wickets": 0}, "58717de2": {"runs": 10, "balls": 20, "wickets": 2}, "99e23670": {"runs": 3, "balls": 3, "wickets": 0}, "d2763568": {"runs": 18, "balls": 14, "wickets": 0}, "31adb911": {"runs": 1, "balls": 2, "wickets": 1}, "2e0b6638": {"runs": 10, "balls": 13, "wickets": 0}, "54719239": {"runs": 31, "balls": 31, "wickets": 1}, "db362015": {"runs": 7, "balls": 9, "wickets": 1}, "091001f8": {"runs": 8, "balls": 9, "wickets": 0}, "d8f20ba5": {"runs": 0, "balls": 1, "wickets": 1}, "ea544967": {"runs": 9, "balls": 9, "wickets": 0}, "f3a18a0c": {"runs": 5, "balls": 4, "wickets": 0}, "5f86ce69": {"runs": 3, "balls": 3, "wickets": 0}, "cefad9fd": {"runs": 14, "balls": 14, "wickets": 1}, "370a88ac": {"runs": 9, "balls": 9, "wickets": 1}, "b3ccffff": {"runs": 47, "balls": 45, "wickets": 0}, "459a7b0a": {"runs": 40, "balls": 33, "wickets": 1}, "c64b7c5b": {"runs": 21, "balls": 21, "wickets": 1}, "d12c8445": {"runs": 34, "balls": 28, "wickets": 2}, "4d4605e6": {"runs": 19, "balls": 24, "wickets": 0}, "a0a65375": {"runs": 3, "balls": 3, "wickets": 0}, "026135b1": {"runs": 9, "balls": 4, "wickets": 0}, "014cfac4": {"runs": 19, "balls": 17, "wickets": 0}, "ef7baafc": {"runs": 13, "balls": 23, "wickets": 1}, "78bec461": {"runs": 2, "balls": 8, "wickets": 1}, "6a434bd3": {"runs": 1, "balls": 2, "wickets": 0}, "c9366237": {"runs": 3, "balls": 8, "wickets": 2}, "7b1f2542": {"runs": 12, "balls": 18, "wickets": 0}, "a139c379": {"runs": 2, "balls": 3, "wickets": 0}, "0c694738": {"runs": 11, "balls": 12, "wickets": 1}, "c296dba1": {"runs": 8, "balls": 16, "wickets": 1}, "f929cd04": {"runs": 10, "balls": 6, "wickets": 0}, "9da0d1e5": {"runs": 0, "balls": 1, "wickets": 1}, "92b94582": {"runs": 20, "balls": 32, "wickets": 0}, "af8c3a85": {"runs": 29, "balls": 18, "wickets": 0}, "c812dfa3": {"runs": 19, "balls": 20, "wickets": 0}, "9b3bcca4": {"runs": 8, "balls": 16, "wickets": 1}, "53e25aa3": {"runs": 3, "balls": 7, "wickets": 1}, "907e5f6c": {"runs": 3, "balls": 3, "wickets": 0}, "ab6573dc": {"runs": 0, "balls": 1, "wickets": 1}, "b4e026de": {"runs": 0, "balls": 1, "wickets": 1}, "9049ab63": {"runs": 12, "balls": 19, "wickets": 0}, "99812d10": {"runs": 1, "balls": 1, "wickets": 0}, "abc9f8a4": {"runs": 0, "balls": 2, "wickets": 0}, "65d9b6b6": {"runs": 1, "balls": 3, "wickets": 1}, "f0b4e47d": {"runs": 1, "balls": 2, "wickets": 0}}, "fifties": 4, "thirties": 13, "centuries": 0, "maidens": 14.0, "hattricks": 5, "runs": 1406.0, "wickets": 70.0, "club_ODI_previous3_runs": [27.0, 10.0, 6.0], "club_ODI_previous3_wickets": [1.0, 3.0, 0.0], "club_ODI_previous3_balls played": [16.0, 14.0, 16.0], "club_ODI_previous3_overs": [8.0, 8.833333333333334, 4.0], "club_ODI_previous3_runs gave": [64.0, 37.0, 13.0], "club_ODI_lifetime_runs": 741.0, "club_ODI_lifetime_wickets": 32.0, "club_ODI_lifetime_balls played": 980.0, "club_ODI_lifetime_overs": 269.0, "club_ODI_lifetime_runs gave": 1290.0, "club_Test_previous3_runs": [], "club_Test_previous3_wickets": [], "club_Test_previous3_balls played": [], "club_Test_previous3_overs": [], "club_Test_previous3_runs gave": [], "club_Test_lifetime_runs": 0.0, "club_Test_lifetime_wickets": 0.0, "club_Test_lifetime_balls played": 0.0, "club_Test_lifetime_overs": 0.0, "club_Test_lifetime_runs gave": 0.0, "club_T20_previous3_runs": [17.0, 0.0, 0.0], "club_T20_previous3_wickets": [0.0, 0.0, 0.0], "club_T20_previous3_balls played": [13.0, 0.0, 0.0], "club_T20_previous3_overs": [2.0, 1.0, 2.0], "club_T20_previous3_runs gave": [10.0, 14.0, 12.0], "club_T20_lifetime_runs": 665.0, "club_T20_lifetime_wickets": 38.0, "club_T20_lifetime_balls played": 591.0, "club_T20_lifetime_overs": 188.73333333333332, "club_T20_lifetime_runs gave": 1238.0, "international_ODI_previous3_runs": [], "international_ODI_previous3_wickets": [], "international_ODI_previous3_balls played": [], "international_ODI_previous3_overs": [], "international_ODI_previous3_runs gave": [], "international_ODI_lifetime_runs": 0.0, "international_ODI_lifetime_wickets": 0.0, "international_ODI_lifetime_balls played": 0.0, "international_ODI_lifetime_overs": 0.0, "international_ODI_lifetime_runs gave": 0.0, "international_Test_previous3_runs": [], "international_Test_previous3_wickets": [], "international_Test_previous3_balls played": [], "international_Test_previous3_overs": [], "international_Test_previous3_runs gave": [], "international_Test_lifetime_runs": 0.0, "international_Test_lifetime_wickets": 0.0, "international_Test_lifetime_balls played": 0.0, "international_Test_lifetime_overs": 0.0, "international_Test_lifetime_runs gave": 0.0, "international_T20_previous3_runs": [], "international_T20_previous3_wickets": [], "international_T20_previous3_balls played": [], "international_T20_previous3_overs": [], "international_T20_previous3_runs gave": [], "international_T20_lifetime_runs": 0.0, "international_T20_lifetime_wickets": 0.0, "international_T20_lifetime_balls played": 0.0, "international_T20_lifetime_overs": 0.0, "international_T20_lifetime_runs gave": 0.0}