{"played_against": {"4d35d0b3": {"runs": 18, "balls": 21, "wickets": 0}, "c6a019f5": {"runs": 10, "balls": 11, "wickets": 0}, "fa9db243": {"runs": 9, "balls": 8, "wickets": 1}, "23ef9b32": {"runs": 11, "balls": 12, "wickets": 0}, "8e7be59c": {"runs": 7, "balls": 8, "wickets": 0}, "8a452195": {"runs": 14, "balls": 21, "wickets": 0}, "c3394c16": {"runs": 7, "balls": 6, "wickets": 0}, "d5fa2ab3": {"runs": 1, "balls": 1, "wickets": 0}, "47b32a5a": {"runs": 6, "balls": 16, "wickets": 0}, "42e4b276": {"runs": 3, "balls": 10, "wickets": 1}, "f13d3eba": {"runs": 4, "balls": 7, "wickets": 0}, "f61e2829": {"runs": 3, "balls": 7, "wickets": 0}, "7027d12f": {"runs": 3, "balls": 7, "wickets": 1}, "560ef10a": {"runs": 4, "balls": 2, "wickets": 1}, "4d382b64": {"runs": 2, "balls": 3, "wickets": 1}, "1119a645": {"runs": 8, "balls": 6, "wickets": 0}, "aaccb8ca": {"runs": 10, "balls": 19, "wickets": 0}, "74eecff4": {"runs": 2, "balls": 3, "wickets": 1}, "97e6e41a": {"runs": 2, "balls": 4, "wickets": 1}, "9f87d0f0": {"runs": 4, "balls": 8, "wickets": 1}, "77b26349": {"runs": 2, "balls": 3, "wickets": 0}, "6c8904c8": {"runs": 1, "balls": 6, "wickets": 0}, "a0fdf513": {"runs": 1, "balls": 8, "wickets": 0}, "5838cb64": {"runs": 0, "balls": 3, "wickets": 2}, "992979fa": {"runs": 20, "balls": 12, "wickets": 0}, "0c40b02d": {"runs": 7, "balls": 12, "wickets": 0}, "b1c113d7": {"runs": 9, "balls": 6, "wickets": 0}, "cd12f384": {"runs": 14, "balls": 11, "wickets": 0}, "3775b9f9": {"runs": 12, "balls": 8, "wickets": 0}, "7ccc0a38": {"runs": 9, "balls": 4, "wickets": 0}, "417bde96": {"runs": 3, "balls": 3, "wickets": 0}, "bf5e7711": {"runs": 1, "balls": 5, "wickets": 0}, "c4022bff": {"runs": 1, "balls": 3, "wickets": 0}, "6348c6e9": {"runs": 1, "balls": 3, "wickets": 0}, "31c56f40": {"runs": 8, "balls": 11, "wickets": 0}, "5bb904d4": {"runs": 3, "balls": 4, "wickets": 0}, "f537d39c": {"runs": 1, "balls": 3, "wickets": 0}, "5a50471c": {"runs": 2, "balls": 2, "wickets": 0}, "397369e0": {"runs": 0, "balls": 1, "wickets": 1}, "b55fb828": {"runs": 2, "balls": 2, "wickets": 0}, "b9b32e3c": {"runs": 3, "balls": 4, "wickets": 0}, "4c7744de": {"runs": 1, "balls": 1, "wickets": 0}, "7467fe01": {"runs": 6, "balls": 6, "wickets": 0}, "2cd18a73": {"runs": 4, "balls": 4, "wickets": 0}, "ad3940a5": {"runs": 2, "balls": 2, "wickets": 0}, "aaf037b1": {"runs": 1, "balls": 3, "wickets": 1}, "c34a15e6": {"runs": 0, "balls": 1, "wickets": 1}}, "fifties": 1, "thirties": 0, "centuries": 0, "maidens": 0.0, "hattricks": 0, "runs": 242.0, "wickets": 0.0, "club_ODI_previous3_runs": [], "club_ODI_previous3_wickets": [], "club_ODI_previous3_balls played": [], "club_ODI_previous3_overs": [], "club_ODI_previous3_runs gave": [], "club_ODI_lifetime_runs": 0.0, "club_ODI_lifetime_wickets": 0.0, "club_ODI_lifetime_balls played": 0.0, "club_ODI_lifetime_overs": 0.0, "club_ODI_lifetime_runs gave": 0.0, "club_Test_previous3_runs": [], "club_Test_previous3_wickets": [], "club_Test_previous3_balls played": [], "club_Test_previous3_overs": [], "club_Test_previous3_runs gave": [], "club_Test_lifetime_runs": 0.0, "club_Test_lifetime_wickets": 0.0, "club_Test_lifetime_balls played": 0.0, "club_Test_lifetime_overs": 0.0, "club_Test_lifetime_runs gave": 0.0, "club_T20_previous3_runs": [], "club_T20_previous3_wickets": [], "club_T20_previous3_balls played": [], "club_T20_previous3_overs": [], "club_T20_previous3_runs gave": [], "club_T20_lifetime_runs": 0.0, "club_T20_lifetime_wickets": 0.0, "club_T20_lifetime_balls played": 0.0, "club_T20_lifetime_overs": 0.0, "club_T20_lifetime_runs gave": 0.0, "international_ODI_previous3_runs": [18.0], "international_ODI_previous3_wickets": [0.0], "international_ODI_previous3_balls played": [24.0], "international_ODI_previous3_overs": [0.0], "international_ODI_previous3_runs gave": [0.0], "international_ODI_lifetime_runs": 18.0, "international_ODI_lifetime_wickets": 0.0, "international_ODI_lifetime_balls played": 24.0, "international_ODI_lifetime_overs": 0.0, "international_ODI_lifetime_runs gave": 0.0, "international_Test_previous3_runs": [], "international_Test_previous3_wickets": [], "international_Test_previous3_balls played": [], "international_Test_previous3_overs": [], "international_Test_previous3_runs gave": [], "international_Test_lifetime_runs": 0.0, "international_Test_lifetime_wickets": 0.0, "international_Test_lifetime_balls played": 0.0, "international_Test_lifetime_overs": 0.0, "international_Test_lifetime_runs gave": 0.0, "international_T20_previous3_runs": [14.0, 3.0, 1.0], "international_T20_previous3_wickets": [0.0, 0.0, 0.0], "international_T20_previous3_balls played": [16.0, 5.0, 2.0], "international_T20_previous3_overs": [0.0, 0.0, 0.0], "international_T20_previous3_runs gave": [0.0, 0.0, 0.0], "international_T20_lifetime_runs": 224.0, "international_T20_lifetime_wickets": 0.0, "international_T20_lifetime_balls played": 294.0, "international_T20_lifetime_overs": 0.0, "international_T20_lifetime_runs gave": 0.0}