{"played_against": {"b410bd3d": {"runs": 3, "balls": 3, "wickets": 0}, "54279e23": {"runs": 15, "balls": 8, "wickets": 0}, "3f5f39cd": {"runs": 25, "balls": 7, "wickets": 0}, "a8e3170f": {"runs": 0, "balls": 3, "wickets": 1}, "1bb0993e": {"runs": 0, "balls": 3, "wickets": 1}, "b3118300": {"runs": 3, "balls": 6, "wickets": 0}, "9dad0f2e": {"runs": 16, "balls": 6, "wickets": 0}, "0dc00542": {"runs": 3, "balls": 6, "wickets": 1}, "e174dadd": {"runs": 0, "balls": 4, "wickets": 1}, "e186f49c": {"runs": 1, "balls": 2, "wickets": 0}, "9cb8d7a6": {"runs": 2, "balls": 3, "wickets": 0}, "1f7adc8a": {"runs": 9, "balls": 15, "wickets": 0}, "dca1ac2e": {"runs": 3, "balls": 7, "wickets": 0}, "ad1730bc": {"runs": 2, "balls": 3, "wickets": 0}, "65a2fff5": {"runs": 1, "balls": 1, "wickets": 0}, "ef18b66e": {"runs": 20, "balls": 8, "wickets": 0}, "8919756f": {"runs": 2, "balls": 3, "wickets": 0}, "fce581b5": {"runs": 3, "balls": 4, "wickets": 0}, "aa467af0": {"runs": 6, "balls": 6, "wickets": 1}, "c6a1b1bb": {"runs": 6, "balls": 5, "wickets": 0}, "4557dc54": {"runs": 13, "balls": 13, "wickets": 0}, "b3a28446": {"runs": 3, "balls": 4, "wickets": 0}, "77768f72": {"runs": 4, "balls": 4, "wickets": 0}, "8f6dd463": {"runs": 1, "balls": 2, "wickets": 0}, "24bb1c2f": {"runs": 5, "balls": 4, "wickets": 1}, "3086f7a4": {"runs": 10, "balls": 6, "wickets": 0}, "80ad39ac": {"runs": 1, "balls": 1, "wickets": 0}, "2911de16": {"runs": 10, "balls": 5, "wickets": 0}, "0a8fce53": {"runs": 11, "balls": 4, "wickets": 0}, "6eea0b32": {"runs": 2, "balls": 3, "wickets": 0}}, "fifties": 1, "thirties": 0, "centuries": 0, "maidens": 0.0, "hattricks": 0, "runs": 180.0, "wickets": 0.0, "club_ODI_previous3_runs": [], "club_ODI_previous3_wickets": [], "club_ODI_previous3_balls played": [], "club_ODI_previous3_overs": [], "club_ODI_previous3_runs gave": [], "club_ODI_lifetime_runs": 0.0, "club_ODI_lifetime_wickets": 0.0, "club_ODI_lifetime_balls played": 0.0, "club_ODI_lifetime_overs": 0.0, "club_ODI_lifetime_runs gave": 0.0, "club_Test_previous3_runs": [], "club_Test_previous3_wickets": [], "club_Test_previous3_balls played": [], "club_Test_previous3_overs": [], "club_Test_previous3_runs gave": [], "club_Test_lifetime_runs": 0.0, "club_Test_lifetime_wickets": 0.0, "club_Test_lifetime_balls played": 0.0, "club_Test_lifetime_overs": 0.0, "club_Test_lifetime_runs gave": 0.0, "club_T20_previous3_runs": [21.0, 21.0, 5.0], "club_T20_previous3_wickets": [0.0, 0.0, 0.0], "club_T20_previous3_balls played": [17.0, 9.0, 11.0], "club_T20_previous3_overs": [0.0, 0.0, 0.0], "club_T20_previous3_runs gave": [0.0, 0.0, 0.0], "club_T20_lifetime_runs": 180.0, "club_T20_lifetime_wickets": 0.0, "club_T20_lifetime_balls played": 152.0, "club_T20_lifetime_overs": 0.0, "club_T20_lifetime_runs gave": 0.0, "international_ODI_previous3_runs": [], "international_ODI_previous3_wickets": [], "international_ODI_previous3_balls played": [], "international_ODI_previous3_overs": [], "international_ODI_previous3_runs gave": [], "international_ODI_lifetime_runs": 0.0, "international_ODI_lifetime_wickets": 0.0, "international_ODI_lifetime_balls played": 0.0, "international_ODI_lifetime_overs": 0.0, "international_ODI_lifetime_runs gave": 0.0, "international_Test_previous3_runs": [], "international_Test_previous3_wickets": [], "international_Test_previous3_balls played": [], "international_Test_previous3_overs": [], "international_Test_previous3_runs gave": [], "international_Test_lifetime_runs": 0.0, "international_Test_lifetime_wickets": 0.0, "international_Test_lifetime_balls played": 0.0, "international_Test_lifetime_overs": 0.0, "international_Test_lifetime_runs gave": 0.0, "international_T20_previous3_runs": [], "international_T20_previous3_wickets": [], "international_T20_previous3_balls played": [], "international_T20_previous3_overs": [], "international_T20_previous3_runs gave": [], "international_T20_lifetime_runs": 0.0, "international_T20_lifetime_wickets": 0.0, "international_T20_lifetime_balls played": 0.0, "international_T20_lifetime_overs": 0.0, "international_T20_lifetime_runs gave": 0.0}