{"played_against": {"5680f1ad": {"runs": 6, "balls": 6, "wickets": 0}, "45477249": {"runs": 1, "balls": 2, "wickets": 0}, "b15eaf77": {"runs": 0, "balls": 4, "wickets": 1}, "2c13defe": {"runs": 1, "balls": 3, "wickets": 0}, "556302a7": {"runs": 1, "balls": 6, "wickets": 0}, "67af6f81": {"runs": 14, "balls": 19, "wickets": 0}, "37f501d7": {"runs": 6, "balls": 5, "wickets": 0}, "80ec5dfd": {"runs": 3, "balls": 4, "wickets": 0}, "b863eae9": {"runs": 2, "balls": 4, "wickets": 0}, "7fe5deb8": {"runs": 2, "balls": 4, "wickets": 1}, "64c34cd0": {"runs": 1, "balls": 7, "wickets": 0}, "68ddabdb": {"runs": 2, "balls": 7, "wickets": 0}, "582e9baa": {"runs": 3, "balls": 12, "wickets": 0}, "d7c6af50": {"runs": 2, "balls": 5, "wickets": 0}, "57efa3be": {"runs": 2, "balls": 4, "wickets": 0}, "7fb32e5b": {"runs": 1, "balls": 4, "wickets": 0}, "f842c2cf": {"runs": 7, "balls": 9, "wickets": 0}, "bd77eb62": {"runs": 7, "balls": 6, "wickets": 0}, "f708a0bc": {"runs": 4, "balls": 2, "wickets": 0}, "8d0ea930": {"runs": 0, "balls": 1, "wickets": 0}, "d1c94b25": {"runs": 3, "balls": 3, "wickets": 0}, "88fccd6c": {"runs": 1, "balls": 1, "wickets": 0}, "10a91f35": {"runs": 3, "balls": 3, "wickets": 0}, "54279e23": {"runs": 33, "balls": 28, "wickets": 0}, "7ff3fcaa": {"runs": 15, "balls": 14, "wickets": 1}, "e8d7b493": {"runs": 11, "balls": 8, "wickets": 0}, "53bc7b84": {"runs": 10, "balls": 7, "wickets": 0}, "6adf9347": {"runs": 0, "balls": 1, "wickets": 0}, "390ff45b": {"runs": 6, "balls": 7, "wickets": 1}, "0dc00542": {"runs": 4, "balls": 9, "wickets": 1}, "e03b66ec": {"runs": 4, "balls": 5, "wickets": 0}, "221ad9d9": {"runs": 2, "balls": 3, "wickets": 0}, "eba6a852": {"runs": 3, "balls": 3, "wickets": 0}, "a386e91b": {"runs": 4, "balls": 4, "wickets": 0}, "5a37ec26": {"runs": 0, "balls": 1, "wickets": 0}, "7ca5e05d": {"runs": 0, "balls": 2, "wickets": 0}, "05d74535": {"runs": 3, "balls": 5, "wickets": 0}, "9ab63e7b": {"runs": 8, "balls": 6, "wickets": 0}, "760f445b": {"runs": 5, "balls": 2, "wickets": 0}, "b0b320a0": {"runs": 0, "balls": 1, "wickets": 1}, "1f7adc8a": {"runs": 1, "balls": 2, "wickets": 0}, "bf1d7d3e": {"runs": 1, "balls": 5, "wickets": 0}, "0480aba6": {"runs": 0, "balls": 1, "wickets": 1}}, "fifties": 1, "thirties": 0, "centuries": 0, "maidens": 5.0, "hattricks": 0, "runs": 182.0, "wickets": 15.0, "club_ODI_previous3_runs": [], "club_ODI_previous3_wickets": [], "club_ODI_previous3_balls played": [], "club_ODI_previous3_overs": [], "club_ODI_previous3_runs gave": [], "club_ODI_lifetime_runs": 0.0, "club_ODI_lifetime_wickets": 0.0, "club_ODI_lifetime_balls played": 0.0, "club_ODI_lifetime_overs": 0.0, "club_ODI_lifetime_runs gave": 0.0, "club_Test_previous3_runs": [], "club_Test_previous3_wickets": [], "club_Test_previous3_balls played": [], "club_Test_previous3_overs": [], "club_Test_previous3_runs gave": [], "club_Test_lifetime_runs": 0.0, "club_Test_lifetime_wickets": 0.0, "club_Test_lifetime_balls played": 0.0, "club_Test_lifetime_overs": 0.0, "club_Test_lifetime_runs gave": 0.0, "club_T20_previous3_runs": [0.0, 5.0, 2.0], "club_T20_previous3_wickets": [2.0, 1.0, 1.0], "club_T20_previous3_balls played": [0.0, 3.0, 8.0], "club_T20_previous3_overs": [4.0, 3.0, 3.0], "club_T20_previous3_runs gave": [29.0, 32.0, 26.0], "club_T20_lifetime_runs": 7.0, "club_T20_lifetime_wickets": 4.0, "club_T20_lifetime_balls played": 11.0, "club_T20_lifetime_overs": 10.0, "club_T20_lifetime_runs gave": 87.0, "international_ODI_previous3_runs": [13.0, 9.0, 0.0], "international_ODI_previous3_wickets": [1.0, 1.0, 0.0], "international_ODI_previous3_balls played": [18.0, 10.0, 3.0], "international_ODI_previous3_overs": [10.0, 10.0, 4.833333333333334], "international_ODI_previous3_runs gave": [47.0, 57.0, 13.0], "international_ODI_lifetime_runs": 164.0, "international_ODI_lifetime_wickets": 10.0, "international_ODI_lifetime_balls played": 214.0, "international_ODI_lifetime_overs": 109.83333333333333, "international_ODI_lifetime_runs gave": 503.0, "international_Test_previous3_runs": [], "international_Test_previous3_wickets": [], "international_Test_previous3_balls played": [], "international_Test_previous3_overs": [], "international_Test_previous3_runs gave": [], "international_Test_lifetime_runs": 0.0, "international_Test_lifetime_wickets": 0.0, "international_Test_lifetime_balls played": 0.0, "international_Test_lifetime_overs": 0.0, "international_Test_lifetime_runs gave": 0.0, "international_T20_previous3_runs": [11.0, 0.0], "international_T20_previous3_wickets": [0.0, 1.0], "international_T20_previous3_balls played": [10.0, 3.0], "international_T20_previous3_overs": [2.0, 4.0], "international_T20_previous3_runs gave": [17.0, 31.0], "international_T20_lifetime_runs": 11.0, "international_T20_lifetime_wickets": 1.0, "international_T20_lifetime_balls played": 13.0, "international_T20_lifetime_overs": 6.0, "international_T20_lifetime_runs gave": 48.0}