{"played_against": {"7dfb8890": {"runs": 4, "balls": 10, "wickets": 0}, "01698fee": {"runs": 2, "balls": 4, "wickets": 0}, "be8b147b": {"runs": 8, "balls": 7, "wickets": 0}, "bc31511b": {"runs": 1, "balls": 1, "wickets": 0}, "8dc152d1": {"runs": 4, "balls": 3, "wickets": 0}, "a1d95bd8": {"runs": 2, "balls": 1, "wickets": 0}, "a03bba42": {"runs": 0, "balls": 2, "wickets": 0}}, "fifties": 0, "thirties": 0, "centuries": 0, "maidens": 0.0, "hattricks": 0, "runs": 21.0, "wickets": 2.0, "club_ODI_previous3_runs": [], "club_ODI_previous3_wickets": [], "club_ODI_previous3_balls played": [], "club_ODI_previous3_overs": [], "club_ODI_previous3_runs gave": [], "club_ODI_lifetime_runs": 0.0, "club_ODI_lifetime_wickets": 0.0, "club_ODI_lifetime_balls played": 0.0, "club_ODI_lifetime_overs": 0.0, "club_ODI_lifetime_runs gave": 0.0, "club_Test_previous3_runs": [], "club_Test_previous3_wickets": [], "club_Test_previous3_balls played": [], "club_Test_previous3_overs": [], "club_Test_previous3_runs gave": [], "club_Test_lifetime_runs": 0.0, "club_Test_lifetime_wickets": 0.0, "club_Test_lifetime_balls played": 0.0, "club_Test_lifetime_overs": 0.0, "club_Test_lifetime_runs gave": 0.0, "club_T20_previous3_runs": [19.0, 2.0, 0.0], "club_T20_previous3_wickets": [0.0, 0.0, 0.0], "club_T20_previous3_balls played": [25.0, 3.0, 0.0], "club_T20_previous3_overs": [0.0, 1.0, 3.0], "club_T20_previous3_runs gave": [0.0, 7.0, 27.0], "club_T20_lifetime_runs": 21.0, "club_T20_lifetime_wickets": 0.0, "club_T20_lifetime_balls played": 28.0, "club_T20_lifetime_overs": 4.0, "club_T20_lifetime_runs gave": 34.0, "international_ODI_previous3_runs": [], "international_ODI_previous3_wickets": [], "international_ODI_previous3_balls played": [], "international_ODI_previous3_overs": [], "international_ODI_previous3_runs gave": [], "international_ODI_lifetime_runs": 0.0, "international_ODI_lifetime_wickets": 0.0, "international_ODI_lifetime_balls played": 0.0, "international_ODI_lifetime_overs": 0.0, "international_ODI_lifetime_runs gave": 0.0, "international_Test_previous3_runs": [], "international_Test_previous3_wickets": [], "international_Test_previous3_balls played": [], "international_Test_previous3_overs": [], "international_Test_previous3_runs gave": [], "international_Test_lifetime_runs": 0.0, "international_Test_lifetime_wickets": 0.0, "international_Test_lifetime_balls played": 0.0, "international_Test_lifetime_overs": 0.0, "international_Test_lifetime_runs gave": 0.0, "international_T20_previous3_runs": [0.0], "international_T20_previous3_wickets": [2.0], "international_T20_previous3_balls played": [0.0], "international_T20_previous3_overs": [4.0], "international_T20_previous3_runs gave": [24.0], "international_T20_lifetime_runs": 0.0, "international_T20_lifetime_wickets": 2.0, "international_T20_lifetime_balls played": 0.0, "international_T20_lifetime_overs": 4.0, "international_T20_lifetime_runs gave": 24.0}