{"played_against": {"928baf6b": {"runs": 2, "balls": 4, "wickets": 0}, "9c376401": {"runs": 0, "balls": 3, "wickets": 0}, "f43dd8c2": {"runs": 4, "balls": 5, "wickets": 0}, "7429c452": {"runs": 6, "balls": 2, "wickets": 0}, "7fa2ab1f": {"runs": 1, "balls": 2, "wickets": 0}, "59f509ed": {"runs": 0, "balls": 1, "wickets": 1}, "a36915ce": {"runs": 36, "balls": 41, "wickets": 0}, "7516045a": {"runs": 0, "balls": 5, "wickets": 0}, "5be810ba": {"runs": 5, "balls": 11, "wickets": 0}, "4d84ad05": {"runs": 0, "balls": 3, "wickets": 1}, "a75a78eb": {"runs": 1, "balls": 1, "wickets": 0}, "37312a74": {"runs": 5, "balls": 9, "wickets": 1}, "0e0afd8b": {"runs": 7, "balls": 8, "wickets": 0}, "bceb1b07": {"runs": 12, "balls": 7, "wickets": 0}, "7f6c2dae": {"runs": 0, "balls": 4, "wickets": 1}, "fb0abc20": {"runs": 9, "balls": 8, "wickets": 1}, "5f5ca1a7": {"runs": 20, "balls": 31, "wickets": 2}, "04029c44": {"runs": 9, "balls": 5, "wickets": 0}, "023f6b02": {"runs": 1, "balls": 2, "wickets": 0}, "7572bf45": {"runs": 7, "balls": 10, "wickets": 1}, "26534b48": {"runs": 12, "balls": 7, "wickets": 0}, "25e26a23": {"runs": 9, "balls": 5, "wickets": 0}, "e186f49c": {"runs": 6, "balls": 10, "wickets": 0}, "3f5f39cd": {"runs": 4, "balls": 5, "wickets": 1}, "4948a447": {"runs": 1, "balls": 1, "wickets": 0}, "7dc35884": {"runs": 1, "balls": 3, "wickets": 0}, "71de54c3": {"runs": 5, "balls": 5, "wickets": 0}, "191ef373": {"runs": 4, "balls": 2, "wickets": 1}, "4add4c98": {"runs": 1, "balls": 10, "wickets": 1}, "e77e96de": {"runs": 21, "balls": 24, "wickets": 1}, "87e33d07": {"runs": 14, "balls": 20, "wickets": 1}, "011f6b42": {"runs": 8, "balls": 5, "wickets": 1}, "1e78c51c": {"runs": 11, "balls": 26, "wickets": 0}, "30dd4d39": {"runs": 11, "balls": 17, "wickets": 0}, "2b7609f1": {"runs": 11, "balls": 19, "wickets": 0}, "7636b587": {"runs": 10, "balls": 16, "wickets": 0}, "4557dc54": {"runs": 5, "balls": 21, "wickets": 0}, "abbdca1a": {"runs": 8, "balls": 18, "wickets": 0}, "b03db6fa": {"runs": 1, "balls": 8, "wickets": 1}, "96503059": {"runs": 2, "balls": 9, "wickets": 0}, "9ff7f691": {"runs": 4, "balls": 9, "wickets": 1}, "248b72c3": {"runs": 4, "balls": 2, "wickets": 1}, "c57fa67e": {"runs": 23, "balls": 41, "wickets": 2}, "eb4f9c61": {"runs": 5, "balls": 16, "wickets": 0}, "aef2982e": {"runs": 2, "balls": 4, "wickets": 0}, "d99cc23a": {"runs": 4, "balls": 8, "wickets": 0}, "5ec41cd7": {"runs": 6, "balls": 5, "wickets": 1}, "568e5a4a": {"runs": 6, "balls": 4, "wickets": 0}, "bd0a4a7d": {"runs": 9, "balls": 5, "wickets": 0}, "aae9ce90": {"runs": 4, "balls": 6, "wickets": 1}, "7f3ad1ed": {"runs": 1, "balls": 2, "wickets": 0}, "f6c2659d": {"runs": 1, "balls": 3, "wickets": 0}, "5c124657": {"runs": 0, "balls": 1, "wickets": 1}, "9f500ddb": {"runs": 6, "balls": 6, "wickets": 0}, "dcdb87f2": {"runs": 6, "balls": 18, "wickets": 1}, "681af475": {"runs": 1, "balls": 2, "wickets": 0}, "9920dd86": {"runs": 15, "balls": 30, "wickets": 0}, "6a685375": {"runs": 11, "balls": 23, "wickets": 0}, "9a95bebb": {"runs": 9, "balls": 24, "wickets": 1}, "bb134e5c": {"runs": 1, "balls": 3, "wickets": 0}, "05c2ca46": {"runs": 3, "balls": 16, "wickets": 0}, "c07a1f41": {"runs": 9, "balls": 14, "wickets": 1}, "753b5a2d": {"runs": 1, "balls": 1, "wickets": 0}, "70456281": {"runs": 2, "balls": 8, "wickets": 0}, "d1988788": {"runs": 14, "balls": 19, "wickets": 0}, "79b4839e": {"runs": 3, "balls": 21, "wickets": 1}, "0226b73a": {"runs": 5, "balls": 17, "wickets": 1}, "9d1f42c6": {"runs": 2, "balls": 6, "wickets": 0}}, "fifties": 1, "thirties": 1, "centuries": 0, "maidens": 11.0, "hattricks": 1, "runs": 427.0, "wickets": 25.0, "club_ODI_previous3_runs": [], "club_ODI_previous3_wickets": [], "club_ODI_previous3_balls played": [], "club_ODI_previous3_overs": [], "club_ODI_previous3_runs gave": [], "club_ODI_lifetime_runs": 0.0, "club_ODI_lifetime_wickets": 0.0, "club_ODI_lifetime_balls played": 0.0, "club_ODI_lifetime_overs": 0.0, "club_ODI_lifetime_runs gave": 0.0, "club_Test_previous3_runs": [], "club_Test_previous3_wickets": [], "club_Test_previous3_balls played": [], "club_Test_previous3_overs": [], "club_Test_previous3_runs gave": [], "club_Test_lifetime_runs": 0.0, "club_Test_lifetime_wickets": 0.0, "club_Test_lifetime_balls played": 0.0, "club_Test_lifetime_overs": 0.0, "club_Test_lifetime_runs gave": 0.0, "club_T20_previous3_runs": [], "club_T20_previous3_wickets": [], "club_T20_previous3_balls played": [], "club_T20_previous3_overs": [], "club_T20_previous3_runs gave": [], "club_T20_lifetime_runs": 0.0, "club_T20_lifetime_wickets": 0.0, "club_T20_lifetime_balls played": 0.0, "club_T20_lifetime_overs": 0.0, "club_T20_lifetime_runs gave": 0.0, "international_ODI_previous3_runs": [3.0, 21.0, 3.0], "international_ODI_previous3_wickets": [0.0, 1.0, 0.0], "international_ODI_previous3_balls played": [16.0, 43.0, 20.0], "international_ODI_previous3_overs": [0.0, 9.0, 0.0], "international_ODI_previous3_runs gave": [0.0, 32.0, 0.0], "international_ODI_lifetime_runs": 244.0, "international_ODI_lifetime_wickets": 15.0, "international_ODI_lifetime_balls played": 510.0, "international_ODI_lifetime_overs": 132.0, "international_ODI_lifetime_runs gave": 509.0, "international_Test_previous3_runs": [], "international_Test_previous3_wickets": [], "international_Test_previous3_balls played": [], "international_Test_previous3_overs": [], "international_Test_previous3_runs gave": [], "international_Test_lifetime_runs": 0.0, "international_Test_lifetime_wickets": 0.0, "international_Test_lifetime_balls played": 0.0, "international_Test_lifetime_overs": 0.0, "international_Test_lifetime_runs gave": 0.0, "international_T20_previous3_runs": [20.0, 11.0, 15.0], "international_T20_previous3_wickets": [0.0, 0.0, 0.0], "international_T20_previous3_balls played": [17.0, 12.0, 12.0], "international_T20_previous3_overs": [2.0, 3.0, 0.0], "international_T20_previous3_runs gave": [12.0, 19.0, 0.0], "international_T20_lifetime_runs": 183.0, "international_T20_lifetime_wickets": 10.0, "international_T20_lifetime_balls played": 203.0, "international_T20_lifetime_overs": 40.333333333333336, "international_T20_lifetime_runs gave": 262.0}