{"played_against": {"bf385668": {"runs": 20, "balls": 11, "wickets": 0}, "16f4cc7e": {"runs": 18, "balls": 8, "wickets": 0}, "8de618ab": {"runs": 15, "balls": 13, "wickets": 0}, "1b4acb7b": {"runs": 10, "balls": 9, "wickets": 0}, "dc67d315": {"runs": 1, "balls": 6, "wickets": 1}, "87e33d07": {"runs": 5, "balls": 3, "wickets": 0}, "af19aa66": {"runs": 0, "balls": 4, "wickets": 1}, "78fcc740": {"runs": 5, "balls": 18, "wickets": 0}, "f104c434": {"runs": 3, "balls": 9, "wickets": 1}, "c8a3f688": {"runs": 36, "balls": 19, "wickets": 0}, "5ec41cd7": {"runs": 1, "balls": 1, "wickets": 0}, "a9231c3f": {"runs": 1, "balls": 2, "wickets": 0}, "519c30cb": {"runs": 2, "balls": 3, "wickets": 1}, "95c434f7": {"runs": 4, "balls": 11, "wickets": 0}, "b3bad3f2": {"runs": 17, "balls": 14, "wickets": 0}, "f28a60e0": {"runs": 1, "balls": 1, "wickets": 0}, "f8c72766": {"runs": 1, "balls": 2, "wickets": 1}, "04cf2e94": {"runs": 1, "balls": 1, "wickets": 0}, "e52eb657": {"runs": 1, "balls": 1, "wickets": 0}, "0e6c2f00": {"runs": 4, "balls": 4, "wickets": 1}, "30baaf1f": {"runs": 16, "balls": 5, "wickets": 0}, "a6bab2a9": {"runs": 0, "balls": 1, "wickets": 1}, "87a92b6b": {"runs": 6, "balls": 5, "wickets": 1}, "dd5a9067": {"runs": 1, "balls": 8, "wickets": 0}, "f092b4c7": {"runs": 2, "balls": 2, "wickets": 0}, "44c69e2b": {"runs": 1, "balls": 3, "wickets": 0}, "48f25627": {"runs": 0, "balls": 1, "wickets": 1}, "c57fa67e": {"runs": 0, "balls": 1, "wickets": 1}, "bb134e5c": {"runs": 2, "balls": 2, "wickets": 0}, "e85d03d6": {"runs": 13, "balls": 15, "wickets": 0}, "e16e7347": {"runs": 7, "balls": 6, "wickets": 0}, "c26cd57a": {"runs": 3, "balls": 3, "wickets": 0}, "f7b2cbe8": {"runs": 12, "balls": 5, "wickets": 1}, "1252f71a": {"runs": 1, "balls": 5, "wickets": 0}, "34cb2f69": {"runs": 0, "balls": 6, "wickets": 0}, "abbdca1a": {"runs": 2, "balls": 2, "wickets": 0}, "4557dc54": {"runs": 4, "balls": 4, "wickets": 1}, "b0eaaac6": {"runs": 2, "balls": 2, "wickets": 0}, "4167f30b": {"runs": 4, "balls": 4, "wickets": 0}, "dec8e038": {"runs": 1, "balls": 2, "wickets": 1}}, "fifties": 1, "thirties": 2, "centuries": 0, "maidens": 0.0, "hattricks": 0, "runs": 223.0, "wickets": 0.0, "club_ODI_previous3_runs": [], "club_ODI_previous3_wickets": [], "club_ODI_previous3_balls played": [], "club_ODI_previous3_overs": [], "club_ODI_previous3_runs gave": [], "club_ODI_lifetime_runs": 0.0, "club_ODI_lifetime_wickets": 0.0, "club_ODI_lifetime_balls played": 0.0, "club_ODI_lifetime_overs": 0.0, "club_ODI_lifetime_runs gave": 0.0, "club_Test_previous3_runs": [], "club_Test_previous3_wickets": [], "club_Test_previous3_balls played": [], "club_Test_previous3_overs": [], "club_Test_previous3_runs gave": [], "club_Test_lifetime_runs": 0.0, "club_Test_lifetime_wickets": 0.0, "club_Test_lifetime_balls played": 0.0, "club_Test_lifetime_overs": 0.0, "club_Test_lifetime_runs gave": 0.0, "club_T20_previous3_runs": [], "club_T20_previous3_wickets": [], "club_T20_previous3_balls played": [], "club_T20_previous3_overs": [], "club_T20_previous3_runs gave": [], "club_T20_lifetime_runs": 0.0, "club_T20_lifetime_wickets": 0.0, "club_T20_lifetime_balls played": 0.0, "club_T20_lifetime_overs": 0.0, "club_T20_lifetime_runs gave": 0.0, "international_ODI_previous3_runs": [0.0, 4.0, 4.0], "international_ODI_previous3_wickets": [0.0, 0.0, 0.0], "international_ODI_previous3_balls played": [4.0, 10.0, 17.0], "international_ODI_previous3_overs": [0.0, 0.0, 0.0], "international_ODI_previous3_runs gave": [0.0, 0.0, 0.0], "international_ODI_lifetime_runs": 77.0, "international_ODI_lifetime_wickets": 0.0, "international_ODI_lifetime_balls played": 81.0, "international_ODI_lifetime_overs": 0.0, "international_ODI_lifetime_runs gave": 0.0, "international_Test_previous3_runs": [], "international_Test_previous3_wickets": [], "international_Test_previous3_balls played": [], "international_Test_previous3_overs": [], "international_Test_previous3_runs gave": [], "international_Test_lifetime_runs": 0.0, "international_Test_lifetime_wickets": 0.0, "international_Test_lifetime_balls played": 0.0, "international_Test_lifetime_overs": 0.0, "international_Test_lifetime_runs gave": 0.0, "international_T20_previous3_runs": [7.0, 0.0, 0.0], "international_T20_previous3_wickets": [0.0, 0.0, 0.0], "international_T20_previous3_balls played": [8.0, 0.0, 0.0], "international_T20_previous3_overs": [0.0, 0.0, 0.0], "international_T20_previous3_runs gave": [0.0, 0.0, 0.0], "international_T20_lifetime_runs": 146.0, "international_T20_lifetime_wickets": 0.0, "international_T20_lifetime_balls played": 142.0, "international_T20_lifetime_overs": 0.0, "international_T20_lifetime_runs gave": 0.0}