{"played_against": {"fb0abc20": {"runs": 9, "balls": 28, "wickets": 1}, "5f5ca1a7": {"runs": 10, "balls": 22, "wickets": 1}, "f6c2659d": {"runs": 0, "balls": 1, "wickets": 0}}, "fifties": 0, "thirties": 0, "centuries": 0, "maidens": 5.0, "hattricks": 0, "runs": 19.0, "wickets": 2.0, "club_ODI_previous3_runs": [], "club_ODI_previous3_wickets": [], "club_ODI_previous3_balls played": [], "club_ODI_previous3_overs": [], "club_ODI_previous3_runs gave": [], "club_ODI_lifetime_runs": 0.0, "club_ODI_lifetime_wickets": 0.0, "club_ODI_lifetime_balls played": 0.0, "club_ODI_lifetime_overs": 0.0, "club_ODI_lifetime_runs gave": 0.0, "club_Test_previous3_runs": [], "club_Test_previous3_wickets": [], "club_Test_previous3_balls played": [], "club_Test_previous3_overs": [], "club_Test_previous3_runs gave": [], "club_Test_lifetime_runs": 0.0, "club_Test_lifetime_wickets": 0.0, "club_Test_lifetime_balls played": 0.0, "club_Test_lifetime_overs": 0.0, "club_Test_lifetime_runs gave": 0.0, "club_T20_previous3_runs": [], "club_T20_previous3_wickets": [], "club_T20_previous3_balls played": [], "club_T20_previous3_overs": [], "club_T20_previous3_runs gave": [], "club_T20_lifetime_runs": 0.0, "club_T20_lifetime_wickets": 0.0, "club_T20_lifetime_balls played": 0.0, "club_T20_lifetime_overs": 0.0, "club_T20_lifetime_runs gave": 0.0, "international_ODI_previous3_runs": [8.0], "international_ODI_previous3_wickets": [0.0], "international_ODI_previous3_balls played": [8.0], "international_ODI_previous3_overs": [3.8333333333333335], "international_ODI_previous3_runs gave": [33.0], "international_ODI_lifetime_runs": 8.0, "international_ODI_lifetime_wickets": 0.0, "international_ODI_lifetime_balls played": 8.0, "international_ODI_lifetime_overs": 3.8333333333333335, "international_ODI_lifetime_runs gave": 33.0, "international_Test_previous3_runs": [11.0], "international_Test_previous3_wickets": [2.0], "international_Test_previous3_balls played": [43.0], "international_Test_previous3_overs": [15.0], "international_Test_previous3_runs gave": [48.0], "international_Test_lifetime_runs": 11.0, "international_Test_lifetime_wickets": 2.0, "international_Test_lifetime_balls played": 43.0, "international_Test_lifetime_overs": 15.0, "international_Test_lifetime_runs gave": 48.0, "international_T20_previous3_runs": [], "international_T20_previous3_wickets": [], "international_T20_previous3_balls played": [], "international_T20_previous3_overs": [], "international_T20_previous3_runs gave": [], "international_T20_lifetime_runs": 0.0, "international_T20_lifetime_wickets": 0.0, "international_T20_lifetime_balls played": 0.0, "international_T20_lifetime_overs": 0.0, "international_T20_lifetime_runs gave": 0.0}