{"played_against": {"b552a935": {"runs": 14, "balls": 15, "wickets": 2}, "93e06301": {"runs": 4, "balls": 5, "wickets": 0}, "59559bc2": {"runs": 11, "balls": 11, "wickets": 1}, "fea7a34c": {"runs": 6, "balls": 1, "wickets": 0}, "06c2de82": {"runs": 18, "balls": 15, "wickets": 0}, "71440756": {"runs": 10, "balls": 13, "wickets": 1}, "a386e91b": {"runs": 5, "balls": 8, "wickets": 1}, "012829ff": {"runs": 9, "balls": 12, "wickets": 0}, "8c2aa0f9": {"runs": 10, "balls": 18, "wickets": 1}, "51e1ed69": {"runs": 17, "balls": 12, "wickets": 1}, "e087956b": {"runs": 1, "balls": 3, "wickets": 0}, "e737a5fe": {"runs": 11, "balls": 17, "wickets": 1}, "249d60c9": {"runs": 18, "balls": 19, "wickets": 1}, "9dca07d7": {"runs": 0, "balls": 7, "wickets": 0}, "864c199e": {"runs": 14, "balls": 15, "wickets": 0}, "74a274cc": {"runs": 5, "balls": 9, "wickets": 0}, "cf494ffe": {"runs": 0, "balls": 3, "wickets": 0}, "c89474d1": {"runs": 6, "balls": 12, "wickets": 1}, "ccdd8308": {"runs": 6, "balls": 16, "wickets": 1}, "f1ba9ed7": {"runs": 0, "balls": 1, "wickets": 0}, "8bf61e65": {"runs": 52, "balls": 53, "wickets": 1}, "b21ed464": {"runs": 14, "balls": 14, "wickets": 1}, "58043739": {"runs": 20, "balls": 19, "wickets": 2}, "525c3f54": {"runs": 3, "balls": 8, "wickets": 0}, "42151725": {"runs": 10, "balls": 12, "wickets": 0}, "f3abd0c9": {"runs": 1, "balls": 3, "wickets": 0}, "58822938": {"runs": 10, "balls": 15, "wickets": 0}, "4a461c24": {"runs": 6, "balls": 23, "wickets": 2}, "e9987a94": {"runs": 10, "balls": 18, "wickets": 0}, "7d5e0b78": {"runs": 0, "balls": 2, "wickets": 1}, "dddc811c": {"runs": 0, "balls": 4, "wickets": 2}, "dd17e4bc": {"runs": 8, "balls": 12, "wickets": 2}, "ffe699c0": {"runs": 7, "balls": 7, "wickets": 0}, "0f3ee070": {"runs": 1, "balls": 2, "wickets": 0}, "151d88b3": {"runs": 1, "balls": 4, "wickets": 0}, "e0ac7144": {"runs": 7, "balls": 2, "wickets": 0}, "ddcd1520": {"runs": 6, "balls": 3, "wickets": 1}, "70fdd428": {"runs": 1, "balls": 2, "wickets": 0}, "ad9c32a2": {"runs": 5, "balls": 7, "wickets": 1}, "e91de70e": {"runs": 13, "balls": 26, "wickets": 1}, "d346d939": {"runs": 5, "balls": 5, "wickets": 0}, "cd143bca": {"runs": 31, "balls": 69, "wickets": 1}, "9679838c": {"runs": 10, "balls": 5, "wickets": 0}, "05d74535": {"runs": 16, "balls": 9, "wickets": 0}, "e9d5218e": {"runs": 6, "balls": 7, "wickets": 0}, "f5821615": {"runs": 48, "balls": 24, "wickets": 0}, "29b89ae8": {"runs": 1, "balls": 1, "wickets": 0}, "3766056b": {"runs": 5, "balls": 7, "wickets": 0}, "c1f6c27e": {"runs": 2, "balls": 10, "wickets": 2}, "757502b5": {"runs": 10, "balls": 9, "wickets": 1}, "a7c226e1": {"runs": 6, "balls": 16, "wickets": 1}, "c654af19": {"runs": 16, "balls": 22, "wickets": 1}, "1427277f": {"runs": 13, "balls": 10, "wickets": 0}, "e86754b2": {"runs": 9, "balls": 18, "wickets": 0}, "d68e7f48": {"runs": 8, "balls": 5, "wickets": 1}, "07c8a2f4": {"runs": 7, "balls": 10, "wickets": 0}, "59792462": {"runs": 22, "balls": 12, "wickets": 0}, "b20f423b": {"runs": 4, "balls": 11, "wickets": 0}, "78adc879": {"runs": 5, "balls": 12, "wickets": 2}, "7f048519": {"runs": 13, "balls": 11, "wickets": 1}, "6c6aca89": {"runs": 0, "balls": 5, "wickets": 0}, "02b93a83": {"runs": 1, "balls": 2, "wickets": 1}, "45966141": {"runs": 1, "balls": 2, "wickets": 1}, "58c481c6": {"runs": 0, "balls": 2, "wickets": 0}, "eb9cb105": {"runs": 9, "balls": 4, "wickets": 1}, "7b1e20ea": {"runs": 0, "balls": 1, "wickets": 0}, "f2800ef3": {"runs": 5, "balls": 5, "wickets": 0}, "e174dadd": {"runs": 2, "balls": 5, "wickets": 1}, "f6c84b9f": {"runs": 7, "balls": 3, "wickets": 0}, "5fcb6fb1": {"runs": 10, "balls": 5, "wickets": 0}, "6fe2c1c0": {"runs": 4, "balls": 13, "wickets": 1}, "3f61a062": {"runs": 1, "balls": 4, "wickets": 0}, "f0a0204e": {"runs": 8, "balls": 13, "wickets": 1}, "e871a7a1": {"runs": 9, "balls": 7, "wickets": 1}, "2a0d5d4a": {"runs": 13, "balls": 18, "wickets": 0}, "3987e390": {"runs": 1, "balls": 14, "wickets": 0}, "ad46c747": {"runs": 2, "balls": 6, "wickets": 0}, "05c2ca46": {"runs": 11, "balls": 6, "wickets": 0}, "8919756f": {"runs": 0, "balls": 3, "wickets": 0}, "1a8eebbe": {"runs": 9, "balls": 6, "wickets": 0}, "7dc35884": {"runs": 10, "balls": 7, "wickets": 0}, "ef18b66e": {"runs": 9, "balls": 5, "wickets": 0}, "e186f49c": {"runs": 0, "balls": 1, "wickets": 1}, "495d42a5": {"runs": 30, "balls": 46, "wickets": 2}, "fe93fd9d": {"runs": 19, "balls": 48, "wickets": 1}, "81049310": {"runs": 7, "balls": 17, "wickets": 0}, "2e81a32d": {"runs": 6, "balls": 10, "wickets": 0}, "cc1e8c68": {"runs": 1, "balls": 1, "wickets": 0}, "6b19d823": {"runs": 0, "balls": 1, "wickets": 1}, "f4dfcbb4": {"runs": 9, "balls": 8, "wickets": 0}, "5574750c": {"runs": 8, "balls": 14, "wickets": 1}, "2d4465da": {"runs": 1, "balls": 2, "wickets": 0}, "8d92a2c3": {"runs": 5, "balls": 4, "wickets": 1}, "0b60eb09": {"runs": 6, "balls": 9, "wickets": 2}, "e62dd25d": {"runs": 1, "balls": 1, "wickets": 0}, "13c35c9e": {"runs": 0, "balls": 1, "wickets": 1}, "086f5984": {"runs": 2, "balls": 5, "wickets": 0}, "aeab0d4f": {"runs": 5, "balls": 4, "wickets": 0}, "e734d090": {"runs": 1, "balls": 3, "wickets": 0}, "cd882d22": {"runs": 5, "balls": 8, "wickets": 0}, "15101f12": {"runs": 8, "balls": 5, "wickets": 1}, "9789e56e": {"runs": 33, "balls": 43, "wickets": 1}, "86e0f3f0": {"runs": 24, "balls": 9, "wickets": 0}, "21764a38": {"runs": 4, "balls": 2, "wickets": 1}, "6a2fadd0": {"runs": 1, "balls": 1, "wickets": 0}, "402f8494": {"runs": 1, "balls": 5, "wickets": 1}, "7955eb15": {"runs": 1, "balls": 6, "wickets": 0}, "e22d3b5c": {"runs": 14, "balls": 5, "wickets": 0}, "a510bdd3": {"runs": 19, "balls": 37, "wickets": 0}, "1f1b4c89": {"runs": 7, "balls": 18, "wickets": 1}, "96a6a7ad": {"runs": 13, "balls": 6, "wickets": 0}, "ded9240e": {"runs": 1, "balls": 7, "wickets": 1}, "3fb19989": {"runs": 1, "balls": 3, "wickets": 1}, "7c7d63a2": {"runs": 4, "balls": 7, "wickets": 1}, "50c6bc2b": {"runs": 8, "balls": 10, "wickets": 0}, "f048bb41": {"runs": 2, "balls": 2, "wickets": 0}, "a37b5c0a": {"runs": 20, "balls": 28, "wickets": 1}, "b82e3032": {"runs": 6, "balls": 10, "wickets": 1}, "70b8fd28": {"runs": 0, "balls": 3, "wickets": 0}, "a9da7784": {"runs": 9, "balls": 16, "wickets": 0}, "b9877635": {"runs": 2, "balls": 9, "wickets": 1}, "d12143bf": {"runs": 2, "balls": 8, "wickets": 0}, "19708692": {"runs": 1, "balls": 5, "wickets": 2}, "5239d782": {"runs": 5, "balls": 2, "wickets": 0}, "0c5bb005": {"runs": 0, "balls": 1, "wickets": 1}, "8108e2d2": {"runs": 5, "balls": 6, "wickets": 1}, "a2421394": {"runs": 0, "balls": 6, "wickets": 0}, "dfc4d8b5": {"runs": 1, "balls": 4, "wickets": 0}, "acee4cc4": {"runs": 0, "balls": 1, "wickets": 0}, "10f68de1": {"runs": 1, "balls": 1, "wickets": 0}, "6042bf26": {"runs": 7, "balls": 5, "wickets": 0}, "a089f93f": {"runs": 0, "balls": 1, "wickets": 1}, "8728a058": {"runs": 8, "balls": 11, "wickets": 0}, "5bb5a915": {"runs": 20, "balls": 15, "wickets": 1}, "e94915e6": {"runs": 0, "balls": 6, "wickets": 1}, "ea3d687a": {"runs": 1, "balls": 0, "wickets": 0}, "808f425a": {"runs": 0, "balls": 1, "wickets": 1}, "a4b810d0": {"runs": 26, "balls": 22, "wickets": 0}, "3a60e0b5": {"runs": 5, "balls": 11, "wickets": 1}, "d3868bd0": {"runs": 0, "balls": 13, "wickets": 2}, "a77472dc": {"runs": 7, "balls": 17, "wickets": 0}, "c96f6ac5": {"runs": 1, "balls": 1, "wickets": 0}, "43205dad": {"runs": 3, "balls": 5, "wickets": 0}, "bdadf7da": {"runs": 4, "balls": 12, "wickets": 0}, "bd93fea4": {"runs": 0, "balls": 3, "wickets": 1}, "23638956": {"runs": 1, "balls": 20, "wickets": 0}, "1efd12d1": {"runs": 1, "balls": 2, "wickets": 0}, "a8e56914": {"runs": 1, "balls": 2, "wickets": 0}, "bca21d18": {"runs": 10, "balls": 8, "wickets": 1}, "fc6f22e9": {"runs": 2, "balls": 14, "wickets": 1}, "c5cc48bc": {"runs": 35, "balls": 23, "wickets": 0}, "9f701298": {"runs": 10, "balls": 10, "wickets": 1}, "3a3e7d82": {"runs": 0, "balls": 4, "wickets": 0}, "1d2f290a": {"runs": 0, "balls": 2, "wickets": 0}, "1ee08e9a": {"runs": 0, "balls": 1, "wickets": 1}, "cad40f5e": {"runs": 4, "balls": 7, "wickets": 1}, "e05b2a5b": {"runs": 0, "balls": 7, "wickets": 0}, "782fb776": {"runs": 1, "balls": 1, "wickets": 0}, "5ccdb14f": {"runs": 9, "balls": 5, "wickets": 0}, "932d3cc9": {"runs": 3, "balls": 1, "wickets": 0}, "1a2676c5": {"runs": 5, "balls": 14, "wickets": 1}, "219cc59e": {"runs": 1, "balls": 13, "wickets": 1}, "0126ff20": {"runs": 12, "balls": 16, "wickets": 0}, "f54dbda7": {"runs": 4, "balls": 4, "wickets": 1}, "e84ac20c": {"runs": 4, "balls": 3, "wickets": 0}, "31b01074": {"runs": 1, "balls": 1, "wickets": 0}, "208f22ea": {"runs": 0, "balls": 4, "wickets": 1}, "8cbcff3b": {"runs": 9, "balls": 8, "wickets": 1}, "76cb1a7f": {"runs": 4, "balls": 10, "wickets": 0}, "93cad673": {"runs": 6, "balls": 2, "wickets": 1}, "15de1f5d": {"runs": 1, "balls": 1, "wickets": 0}, "0f721006": {"runs": 3, "balls": 9, "wickets": 0}, "fc63d916": {"runs": 4, "balls": 4, "wickets": 1}, "679cd31e": {"runs": 0, "balls": 2, "wickets": 1}, "4c0f3806": {"runs": 2, "balls": 4, "wickets": 0}, "3f659464": {"runs": 0, "balls": 3, "wickets": 0}, "2baad3bd": {"runs": 0, "balls": 1, "wickets": 0}, "fa433be6": {"runs": 0, "balls": 1, "wickets": 1}, "1c06d60a": {"runs": 0, "balls": 2, "wickets": 0}, "6c79c098": {"runs": 0, "balls": 1, "wickets": 0}}, "fifties": 2, "thirties": 9, "centuries": 0, "maidens": 310.0, "hattricks": 54, "runs": 1194.0, "wickets": 397.0, "club_ODI_previous3_runs": [14.0, 0.0, 0.0], "club_ODI_previous3_wickets": [0.0, 2.0, 4.0], "club_ODI_previous3_balls played": [20.0, 0.0, 1.0], "club_ODI_previous3_overs": [4.0, 9.0, 9.666666666666668], "club_ODI_previous3_runs gave": [30.0, 56.0, 69.0], "club_ODI_lifetime_runs": 96.0, "club_ODI_lifetime_wickets": 57.0, "club_ODI_lifetime_balls played": 80.0, "club_ODI_lifetime_overs": 315.8333333333333, "club_ODI_lifetime_runs gave": 1973.0, "club_Test_previous3_runs": [2.0, 0.0, 0.0], "club_Test_previous3_wickets": [3.0, 0.0, 1.0], "club_Test_previous3_balls played": [4.0, 5.0, 12.0], "club_Test_previous3_overs": [20.0, 33.0, 28.0], "club_Test_previous3_runs gave": [64.0, 129.0, 97.0], "club_Test_lifetime_runs": 931.0, "club_Test_lifetime_wickets": 155.0, "club_Test_lifetime_balls played": 1305.0, "club_Test_lifetime_overs": 1640.833333333333, "club_Test_lifetime_runs gave": 6068.0, "club_T20_previous3_runs": [0.0, 0.0, 0.0], "club_T20_previous3_wickets": [1.0, 2.0, 1.0], "club_T20_previous3_balls played": [0.0, 0.0, 2.0], "club_T20_previous3_overs": [4.0, 4.0, 2.0], "club_T20_previous3_runs gave": [46.0, 35.0, 21.0], "club_T20_lifetime_runs": 62.0, "club_T20_lifetime_wickets": 160.0, "club_T20_lifetime_balls played": 76.0, "club_T20_lifetime_overs": 407.9666666666667, "club_T20_lifetime_runs gave": 3688.0, "international_ODI_previous3_runs": [0.0, 0.0, 1.0], "international_ODI_previous3_wickets": [1.0, 0.0, 0.0], "international_ODI_previous3_balls played": [0.0, 2.0, 10.0], "international_ODI_previous3_overs": [10.0, 10.0, 5.0], "international_ODI_previous3_runs gave": [94.0, 58.0, 32.0], "international_ODI_lifetime_runs": 38.0, "international_ODI_lifetime_wickets": 21.0, "international_ODI_lifetime_balls played": 49.0, "international_ODI_lifetime_overs": 157.83333333333334, "international_ODI_lifetime_runs gave": 996.0, "international_Test_previous3_runs": [33.0, 12.0, 15.0], "international_Test_previous3_wickets": [1.0, 0.0, 1.0], "international_Test_previous3_balls played": [78.0, 21.0, 16.0], "international_Test_previous3_overs": [18.0, 23.0, 26.0], "international_Test_previous3_runs gave": [51.0, 93.0, 115.0], "international_Test_lifetime_runs": 67.0, "international_Test_lifetime_wickets": 2.0, "international_Test_lifetime_balls played": 125.0, "international_Test_lifetime_overs": 102.0, "international_Test_lifetime_runs gave": 359.0, "international_T20_previous3_runs": [0.0, 0.0], "international_T20_previous3_wickets": [1.0, 1.0], "international_T20_previous3_balls played": [0.0, 0.0], "international_T20_previous3_overs": [4.0, 3.0], "international_T20_previous3_runs gave": [49.0, 39.0], "international_T20_lifetime_runs": 0.0, "international_T20_lifetime_wickets": 2.0, "international_T20_lifetime_balls played": 0.0, "international_T20_lifetime_overs": 7.0, "international_T20_lifetime_runs gave": 88.0}