{"played_against": {"e910d955": {"runs": 0, "balls": 3, "wickets": 1}, "e1e0775d": {"runs": 2, "balls": 2, "wickets": 0}, "63fc4b92": {"runs": 0, "balls": 3, "wickets": 0}, "0baa36e0": {"runs": 2, "balls": 3, "wickets": 0}, "382377a4": {"runs": 1, "balls": 2, "wickets": 1}, "10854c82": {"runs": 0, "balls": 1, "wickets": 0}, "c0266a6e": {"runs": 5, "balls": 3, "wickets": 0}, "a904600a": {"runs": 7, "balls": 9, "wickets": 0}, "b1f21c0f": {"runs": 4, "balls": 6, "wickets": 0}, "78fa5f6d": {"runs": 2, "balls": 6, "wickets": 1}, "211f48fe": {"runs": 3, "balls": 10, "wickets": 0}, "f20e7e23": {"runs": 2, "balls": 6, "wickets": 0}, "ef9ff861": {"runs": 1, "balls": 5, "wickets": 0}, "95c5ce07": {"runs": 1, "balls": 2, "wickets": 0}, "01404b98": {"runs": 0, "balls": 2, "wickets": 1}, "c8ae2573": {"runs": 6, "balls": 7, "wickets": 1}, "5bc290a2": {"runs": 5, "balls": 9, "wickets": 0}, "b5714cf9": {"runs": 0, "balls": 7, "wickets": 1}}, "fifties": 0, "thirties": 0, "centuries": 0, "maidens": 0.0, "hattricks": 0, "runs": 41.0, "wickets": 1.0, "club_ODI_previous3_runs": [], "club_ODI_previous3_wickets": [], "club_ODI_previous3_balls played": [], "club_ODI_previous3_overs": [], "club_ODI_previous3_runs gave": [], "club_ODI_lifetime_runs": 0.0, "club_ODI_lifetime_wickets": 0.0, "club_ODI_lifetime_balls played": 0.0, "club_ODI_lifetime_overs": 0.0, "club_ODI_lifetime_runs gave": 0.0, "club_Test_previous3_runs": [], "club_Test_previous3_wickets": [], "club_Test_previous3_balls played": [], "club_Test_previous3_overs": [], "club_Test_previous3_runs gave": [], "club_Test_lifetime_runs": 0.0, "club_Test_lifetime_wickets": 0.0, "club_Test_lifetime_balls played": 0.0, "club_Test_lifetime_overs": 0.0, "club_Test_lifetime_runs gave": 0.0, "club_T20_previous3_runs": [], "club_T20_previous3_wickets": [], "club_T20_previous3_balls played": [], "club_T20_previous3_overs": [], "club_T20_previous3_runs gave": [], "club_T20_lifetime_runs": 0.0, "club_T20_lifetime_wickets": 0.0, "club_T20_lifetime_balls played": 0.0, "club_T20_lifetime_overs": 0.0, "club_T20_lifetime_runs gave": 0.0, "international_ODI_previous3_runs": [], "international_ODI_previous3_wickets": [], "international_ODI_previous3_balls played": [], "international_ODI_previous3_overs": [], "international_ODI_previous3_runs gave": [], "international_ODI_lifetime_runs": 0.0, "international_ODI_lifetime_wickets": 0.0, "international_ODI_lifetime_balls played": 0.0, "international_ODI_lifetime_overs": 0.0, "international_ODI_lifetime_runs gave": 0.0, "international_Test_previous3_runs": [], "international_Test_previous3_wickets": [], "international_Test_previous3_balls played": [], "international_Test_previous3_overs": [], "international_Test_previous3_runs gave": [], "international_Test_lifetime_runs": 0.0, "international_Test_lifetime_wickets": 0.0, "international_Test_lifetime_balls played": 0.0, "international_Test_lifetime_overs": 0.0, "international_Test_lifetime_runs gave": 0.0, "international_T20_previous3_runs": [0.0, 6.0, 5.0], "international_T20_previous3_wickets": [0.0, 0.0, 0.0], "international_T20_previous3_balls played": [4.0, 7.0, 16.0], "international_T20_previous3_overs": [0.0, 0.0, 0.0], "international_T20_previous3_runs gave": [0.0, 0.0, 0.0], "international_T20_lifetime_runs": 41.0, "international_T20_lifetime_wickets": 1.0, "international_T20_lifetime_balls played": 86.0, "international_T20_lifetime_overs": 11.0, "international_T20_lifetime_runs gave": 96.0}