{"played_against": {"61c22ad0": {"runs": 0, "balls": 3, "wickets": 0}, "4169ae00": {"runs": 1, "balls": 12, "wickets": 1}, "8eb52953": {"runs": 1, "balls": 2, "wickets": 0}, "c68fc575": {"runs": 2, "balls": 5, "wickets": 0}, "dfdaca74": {"runs": 2, "balls": 8, "wickets": 0}, "df9cdebf": {"runs": 5, "balls": 9, "wickets": 0}, "77b26349": {"runs": 4, "balls": 8, "wickets": 1}, "deaa286f": {"runs": 2, "balls": 9, "wickets": 0}, "0dda36e7": {"runs": 4, "balls": 9, "wickets": 0}, "d577d45a": {"runs": 4, "balls": 9, "wickets": 0}, "d6f9dfd6": {"runs": 8, "balls": 10, "wickets": 0}, "24903af6": {"runs": 4, "balls": 3, "wickets": 0}, "7c61a686": {"runs": 1, "balls": 7, "wickets": 0}, "4bed6af7": {"runs": 9, "balls": 5, "wickets": 0}, "b4d08794": {"runs": 0, "balls": 2, "wickets": 1}, "3af75717": {"runs": 0, "balls": 1, "wickets": 0}, "9e4f6851": {"runs": 0, "balls": 1, "wickets": 0}, "3775b9f9": {"runs": 0, "balls": 2, "wickets": 0}, "992979fa": {"runs": 2, "balls": 2, "wickets": 0}, "6c8904c8": {"runs": 2, "balls": 9, "wickets": 0}, "2d772f77": {"runs": 0, "balls": 4, "wickets": 0}, "27339093": {"runs": 0, "balls": 5, "wickets": 0}, "97eb9a07": {"runs": 1, "balls": 5, "wickets": 0}, "2e988457": {"runs": 0, "balls": 5, "wickets": 0}, "23156185": {"runs": 1, "balls": 1, "wickets": 0}, "86a68879": {"runs": 2, "balls": 4, "wickets": 0}, "d75bec48": {"runs": 0, "balls": 2, "wickets": 1}, "bb641155": {"runs": 4, "balls": 3, "wickets": 0}, "6e60bbe2": {"runs": 2, "balls": 3, "wickets": 0}, "26b3df21": {"runs": 2, "balls": 2, "wickets": 0}, "10854c82": {"runs": 3, "balls": 3, "wickets": 0}, "a259c414": {"runs": 4, "balls": 12, "wickets": 0}, "fdc6b34d": {"runs": 3, "balls": 5, "wickets": 0}, "5bb904d4": {"runs": 1, "balls": 6, "wickets": 0}}, "fifties": 0, "thirties": 0, "centuries": 0, "maidens": 3.0, "hattricks": 2, "runs": 74.0, "wickets": 13.0, "club_ODI_previous3_runs": [], "club_ODI_previous3_wickets": [], "club_ODI_previous3_balls played": [], "club_ODI_previous3_overs": [], "club_ODI_previous3_runs gave": [], "club_ODI_lifetime_runs": 0.0, "club_ODI_lifetime_wickets": 0.0, "club_ODI_lifetime_balls played": 0.0, "club_ODI_lifetime_overs": 0.0, "club_ODI_lifetime_runs gave": 0.0, "club_Test_previous3_runs": [], "club_Test_previous3_wickets": [], "club_Test_previous3_balls played": [], "club_Test_previous3_overs": [], "club_Test_previous3_runs gave": [], "club_Test_lifetime_runs": 0.0, "club_Test_lifetime_wickets": 0.0, "club_Test_lifetime_balls played": 0.0, "club_Test_lifetime_overs": 0.0, "club_Test_lifetime_runs gave": 0.0, "club_T20_previous3_runs": [], "club_T20_previous3_wickets": [], "club_T20_previous3_balls played": [], "club_T20_previous3_overs": [], "club_T20_previous3_runs gave": [], "club_T20_lifetime_runs": 0.0, "club_T20_lifetime_wickets": 0.0, "club_T20_lifetime_balls played": 0.0, "club_T20_lifetime_overs": 0.0, "club_T20_lifetime_runs gave": 0.0, "international_ODI_previous3_runs": [], "international_ODI_previous3_wickets": [], "international_ODI_previous3_balls played": [], "international_ODI_previous3_overs": [], "international_ODI_previous3_runs gave": [], "international_ODI_lifetime_runs": 0.0, "international_ODI_lifetime_wickets": 0.0, "international_ODI_lifetime_balls played": 0.0, "international_ODI_lifetime_overs": 0.0, "international_ODI_lifetime_runs gave": 0.0, "international_Test_previous3_runs": [], "international_Test_previous3_wickets": [], "international_Test_previous3_balls played": [], "international_Test_previous3_overs": [], "international_Test_previous3_runs gave": [], "international_Test_lifetime_runs": 0.0, "international_Test_lifetime_wickets": 0.0, "international_Test_lifetime_balls played": 0.0, "international_Test_lifetime_overs": 0.0, "international_Test_lifetime_runs gave": 0.0, "international_T20_previous3_runs": [0.0, 3.0, 8.0], "international_T20_previous3_wickets": [2.0, 0.0, 1.0], "international_T20_previous3_balls played": [0.0, 3.0, 23.0], "international_T20_previous3_overs": [1.8333333333333335, 0.0, 3.0], "international_T20_previous3_runs gave": [15.0, 0.0, 12.0], "international_T20_lifetime_runs": 74.0, "international_T20_lifetime_wickets": 13.0, "international_T20_lifetime_balls played": 176.0, "international_T20_lifetime_overs": 52.50000000000001, "international_T20_lifetime_runs gave": 309.0}