{"played_against": {"d6164dc0": {"runs": 7, "balls": 8, "wickets": 0}, "83848df7": {"runs": 2, "balls": 3, "wickets": 0}, "42d9dd09": {"runs": 0, "balls": 2, "wickets": 1}, "2f9a6bd1": {"runs": 1, "balls": 1, "wickets": 0}, "aeccf5cc": {"runs": 0, "balls": 1, "wickets": 1}, "b06ed525": {"runs": 1, "balls": 5, "wickets": 0}, "6900060d": {"runs": 0, "balls": 2, "wickets": 0}, "75a667c0": {"runs": 2, "balls": 7, "wickets": 0}, "a45db27e": {"runs": 8, "balls": 6, "wickets": 0}, "2c41bdab": {"runs": 3, "balls": 8, "wickets": 0}, "92cf79a8": {"runs": 2, "balls": 4, "wickets": 0}, "24baff57": {"runs": 2, "balls": 6, "wickets": 0}, "96b95cb8": {"runs": 12, "balls": 7, "wickets": 0}, "fe6d2da9": {"runs": 10, "balls": 15, "wickets": 0}, "a49985e6": {"runs": 11, "balls": 16, "wickets": 0}, "c9ec83dd": {"runs": 7, "balls": 9, "wickets": 0}, "632fbfbc": {"runs": 5, "balls": 5, "wickets": 0}, "321c980e": {"runs": 1, "balls": 7, "wickets": 0}, "cc3884f9": {"runs": 0, "balls": 3, "wickets": 1}, "a2632c7c": {"runs": 19, "balls": 13, "wickets": 0}, "5fab5186": {"runs": 5, "balls": 7, "wickets": 1}, "c29ada99": {"runs": 1, "balls": 1, "wickets": 0}, "d32cf49a": {"runs": 0, "balls": 1, "wickets": 0}}, "fifties": 0, "thirties": 1, "centuries": 0, "maidens": 1.0, "hattricks": 0, "runs": 99.0, "wickets": 3.0, "club_ODI_previous3_runs": [46.0, 0.0, 24.0], "club_ODI_previous3_wickets": [1.0, 1.0, 0.0], "club_ODI_previous3_balls played": [60.0, 3.0, 20.0], "club_ODI_previous3_overs": [7.0, 3.0, 7.0], "club_ODI_previous3_runs gave": [23.0, 7.0, 36.0], "club_ODI_lifetime_runs": 70.0, "club_ODI_lifetime_wickets": 2.0, "club_ODI_lifetime_balls played": 83.0, "club_ODI_lifetime_overs": 17.0, "club_ODI_lifetime_runs gave": 66.0, "club_Test_previous3_runs": [], "club_Test_previous3_wickets": [], "club_Test_previous3_balls played": [], "club_Test_previous3_overs": [], "club_Test_previous3_runs gave": [], "club_Test_lifetime_runs": 0.0, "club_Test_lifetime_wickets": 0.0, "club_Test_lifetime_balls played": 0.0, "club_Test_lifetime_overs": 0.0, "club_Test_lifetime_runs gave": 0.0, "club_T20_previous3_runs": [1.0, 17.0, 1.0], "club_T20_previous3_wickets": [1.0, 0.0, 0.0], "club_T20_previous3_balls played": [7.0, 31.0, 2.0], "club_T20_previous3_overs": [4.0, 4.0, 0.0], "club_T20_previous3_runs gave": [21.0, 23.0, 0.0], "club_T20_lifetime_runs": 29.0, "club_T20_lifetime_wickets": 1.0, "club_T20_lifetime_balls played": 55.0, "club_T20_lifetime_overs": 13.0, "club_T20_lifetime_runs gave": 58.0, "international_ODI_previous3_runs": [0.0], "international_ODI_previous3_wickets": [0.0], "international_ODI_previous3_balls played": [0.0], "international_ODI_previous3_overs": [2.0], "international_ODI_previous3_runs gave": [19.0], "international_ODI_lifetime_runs": 0.0, "international_ODI_lifetime_wickets": 0.0, "international_ODI_lifetime_balls played": 0.0, "international_ODI_lifetime_overs": 2.0, "international_ODI_lifetime_runs gave": 19.0, "international_Test_previous3_runs": [], "international_Test_previous3_wickets": [], "international_Test_previous3_balls played": [], "international_Test_previous3_overs": [], "international_Test_previous3_runs gave": [], "international_Test_lifetime_runs": 0.0, "international_Test_lifetime_wickets": 0.0, "international_Test_lifetime_balls played": 0.0, "international_Test_lifetime_overs": 0.0, "international_Test_lifetime_runs gave": 0.0, "international_T20_previous3_runs": [], "international_T20_previous3_wickets": [], "international_T20_previous3_balls played": [], "international_T20_previous3_overs": [], "international_T20_previous3_runs gave": [], "international_T20_lifetime_runs": 0.0, "international_T20_lifetime_wickets": 0.0, "international_T20_lifetime_balls played": 0.0, "international_T20_lifetime_overs": 0.0, "international_T20_lifetime_runs gave": 0.0}