{"played_against": {"bb18be76": {"runs": 0, "balls": 1, "wickets": 0}, "f0f628c7": {"runs": 11, "balls": 8, "wickets": 0}, "8b5b6769": {"runs": 6, "balls": 8, "wickets": 0}, "d2a989fc": {"runs": 18, "balls": 10, "wickets": 1}, "5bb1a1c4": {"runs": 2, "balls": 4, "wickets": 0}, "66b30f71": {"runs": 26, "balls": 17, "wickets": 0}, "db584dad": {"runs": 9, "balls": 5, "wickets": 0}, "fa463154": {"runs": 0, "balls": 1, "wickets": 1}, "5b040b81": {"runs": 0, "balls": 1, "wickets": 1}, "c3d35165": {"runs": 22, "balls": 10, "wickets": 1}, "12eddf28": {"runs": 20, "balls": 16, "wickets": 1}, "c3d1402f": {"runs": 14, "balls": 15, "wickets": 1}, "8a668774": {"runs": 7, "balls": 3, "wickets": 0}, "740742ef": {"runs": 0, "balls": 1, "wickets": 1}, "a12e1d51": {"runs": 14, "balls": 14, "wickets": 0}, "87e562a9": {"runs": 13, "balls": 3, "wickets": 0}, "96fd40ae": {"runs": 2, "balls": 10, "wickets": 1}, "ab89348d": {"runs": 1, "balls": 2, "wickets": 0}, "ae78bc32": {"runs": 2, "balls": 5, "wickets": 0}, "b2ae53f5": {"runs": 1, "balls": 4, "wickets": 1}, "91a4a398": {"runs": 6, "balls": 8, "wickets": 0}, "6821ac10": {"runs": 4, "balls": 6, "wickets": 0}, "957532de": {"runs": 15, "balls": 9, "wickets": 0}, "d7c6af50": {"runs": 4, "balls": 7, "wickets": 0}, "ce4cc4d5": {"runs": 9, "balls": 5, "wickets": 1}, "e938e1bc": {"runs": 6, "balls": 3, "wickets": 0}, "5fa06777": {"runs": 14, "balls": 8, "wickets": 0}, "5bb5a915": {"runs": 16, "balls": 9, "wickets": 0}, "2498e163": {"runs": 11, "balls": 5, "wickets": 0}, "9d80c5e1": {"runs": 5, "balls": 5, "wickets": 1}, "662c47a6": {"runs": 4, "balls": 3, "wickets": 0}, "45c2196c": {"runs": 11, "balls": 4, "wickets": 0}, "495d42a5": {"runs": 9, "balls": 8, "wickets": 0}, "f5f18a18": {"runs": 11, "balls": 5, "wickets": 0}, "c8179c68": {"runs": 5, "balls": 3, "wickets": 1}, "dd09ff8e": {"runs": 2, "balls": 7, "wickets": 0}, "b2b50355": {"runs": 14, "balls": 8, "wickets": 0}, "85aae393": {"runs": 10, "balls": 5, "wickets": 1}, "3d8feaf8": {"runs": 12, "balls": 8, "wickets": 1}, "aaa1b522": {"runs": 10, "balls": 5, "wickets": 0}, "a757b0d8": {"runs": 0, "balls": 3, "wickets": 1}, "2e81a32d": {"runs": 3, "balls": 4, "wickets": 0}, "3a60e0b5": {"runs": 6, "balls": 5, "wickets": 0}, "5d9a1a73": {"runs": 10, "balls": 6, "wickets": 0}, "1c914163": {"runs": 3, "balls": 6, "wickets": 0}, "8ae98a8e": {"runs": 1, "balls": 4, "wickets": 0}, "b52ffbbd": {"runs": 6, "balls": 4, "wickets": 0}, "b0946605": {"runs": 7, "balls": 5, "wickets": 0}, "a03bba42": {"runs": 1, "balls": 1, "wickets": 0}, "bf1d7d3e": {"runs": 2, "balls": 3, "wickets": 0}, "b0eaaac6": {"runs": 13, "balls": 5, "wickets": 0}, "a61bcb94": {"runs": 4, "balls": 4, "wickets": 0}, "22ae3041": {"runs": 5, "balls": 8, "wickets": 1}, "9d430b40": {"runs": 0, "balls": 0, "wickets": 0}, "244009ae": {"runs": 11, "balls": 6, "wickets": 0}, "a1588e46": {"runs": 2, "balls": 3, "wickets": 0}, "97e36a0f": {"runs": 2, "balls": 2, "wickets": 0}, "424a646f": {"runs": 12, "balls": 4, "wickets": 0}, "a8c5552f": {"runs": 15, "balls": 4, "wickets": 0}, "f8c72766": {"runs": 1, "balls": 1, "wickets": 0}, "9025e58f": {"runs": 3, "balls": 8, "wickets": 1}, "7bbeac6d": {"runs": 3, "balls": 3, "wickets": 0}, "0e0afd8b": {"runs": 2, "balls": 8, "wickets": 0}, "b3bad3f2": {"runs": 6, "balls": 4, "wickets": 1}, "f28a60e0": {"runs": 1, "balls": 2, "wickets": 0}, "518d96de": {"runs": 9, "balls": 5, "wickets": 0}}, "fifties": 2, "thirties": 5, "centuries": 0, "maidens": 0.0, "hattricks": 0, "runs": 474.0, "wickets": 1.0, "club_ODI_previous3_runs": [], "club_ODI_previous3_wickets": [], "club_ODI_previous3_balls played": [], "club_ODI_previous3_overs": [], "club_ODI_previous3_runs gave": [], "club_ODI_lifetime_runs": 0.0, "club_ODI_lifetime_wickets": 0.0, "club_ODI_lifetime_balls played": 0.0, "club_ODI_lifetime_overs": 0.0, "club_ODI_lifetime_runs gave": 0.0, "club_Test_previous3_runs": [], "club_Test_previous3_wickets": [], "club_Test_previous3_balls played": [], "club_Test_previous3_overs": [], "club_Test_previous3_runs gave": [], "club_Test_lifetime_runs": 0.0, "club_Test_lifetime_wickets": 0.0, "club_Test_lifetime_balls played": 0.0, "club_Test_lifetime_overs": 0.0, "club_Test_lifetime_runs gave": 0.0, "club_T20_previous3_runs": [34.0, 17.0, 22.0], "club_T20_previous3_wickets": [0.0, 0.0, 0.0], "club_T20_previous3_balls played": [28.0, 17.0, 19.0], "club_T20_previous3_overs": [0.0, 0.0, 0.0], "club_T20_previous3_runs gave": [0.0, 0.0, 0.0], "club_T20_lifetime_runs": 407.0, "club_T20_lifetime_wickets": 0.0, "club_T20_lifetime_balls played": 323.0, "club_T20_lifetime_overs": 0.0, "club_T20_lifetime_runs gave": 0.0, "international_ODI_previous3_runs": [], "international_ODI_previous3_wickets": [], "international_ODI_previous3_balls played": [], "international_ODI_previous3_overs": [], "international_ODI_previous3_runs gave": [], "international_ODI_lifetime_runs": 0.0, "international_ODI_lifetime_wickets": 0.0, "international_ODI_lifetime_balls played": 0.0, "international_ODI_lifetime_overs": 0.0, "international_ODI_lifetime_runs gave": 0.0, "international_Test_previous3_runs": [], "international_Test_previous3_wickets": [], "international_Test_previous3_balls played": [], "international_Test_previous3_overs": [], "international_Test_previous3_runs gave": [], "international_Test_lifetime_runs": 0.0, "international_Test_lifetime_wickets": 0.0, "international_Test_lifetime_balls played": 0.0, "international_Test_lifetime_overs": 0.0, "international_Test_lifetime_runs gave": 0.0, "international_T20_previous3_runs": [5.0, 0.0, 18.0], "international_T20_previous3_wickets": [0.0, 0.0, 0.0], "international_T20_previous3_balls played": [11.0, 0.0, 18.0], "international_T20_previous3_overs": [0.0, 0.0, 0.0], "international_T20_previous3_runs gave": [0.0, 0.0, 0.0], "international_T20_lifetime_runs": 67.0, "international_T20_lifetime_wickets": 1.0, "international_T20_lifetime_balls played": 51.0, "international_T20_lifetime_overs": 2.0, "international_T20_lifetime_runs gave": 9.0}