{"played_against": {"cfdfe39c": {"runs": 0, "balls": 3, "wickets": 1}, "6c8904c8": {"runs": 1, "balls": 3, "wickets": 0}, "a259c414": {"runs": 0, "balls": 6, "wickets": 0}, "3f886270": {"runs": 0, "balls": 3, "wickets": 0}, "37ceee4e": {"runs": 0, "balls": 3, "wickets": 0}, "4db4c8be": {"runs": 0, "balls": 4, "wickets": 0}, "686b7194": {"runs": 0, "balls": 4, "wickets": 0}, "3af75717": {"runs": 0, "balls": 3, "wickets": 0}, "4e4d2c20": {"runs": 0, "balls": 6, "wickets": 0}, "ab45cae8": {"runs": 0, "balls": 2, "wickets": 1}, "d04fc4a4": {"runs": 0, "balls": 2, "wickets": 0}, "330c8351": {"runs": 0, "balls": 1, "wickets": 1}, "f20e7e23": {"runs": 1, "balls": 8, "wickets": 2}, "ef9ff861": {"runs": 1, "balls": 3, "wickets": 0}, "95c5ce07": {"runs": 0, "balls": 1, "wickets": 1}, "eb33378d": {"runs": 0, "balls": 1, "wickets": 0}, "3f2b40f0": {"runs": 0, "balls": 3, "wickets": 1}, "44b53fba": {"runs": 0, "balls": 2, "wickets": 0}, "4bed6af7": {"runs": 1, "balls": 2, "wickets": 0}}, "fifties": 0, "thirties": 0, "centuries": 0, "maidens": 0.0, "hattricks": 0, "runs": 4.0, "wickets": 10.0, "club_ODI_previous3_runs": [], "club_ODI_previous3_wickets": [], "club_ODI_previous3_balls played": [], "club_ODI_previous3_overs": [], "club_ODI_previous3_runs gave": [], "club_ODI_lifetime_runs": 0.0, "club_ODI_lifetime_wickets": 0.0, "club_ODI_lifetime_balls played": 0.0, "club_ODI_lifetime_overs": 0.0, "club_ODI_lifetime_runs gave": 0.0, "club_Test_previous3_runs": [], "club_Test_previous3_wickets": [], "club_Test_previous3_balls played": [], "club_Test_previous3_overs": [], "club_Test_previous3_runs gave": [], "club_Test_lifetime_runs": 0.0, "club_Test_lifetime_wickets": 0.0, "club_Test_lifetime_balls played": 0.0, "club_Test_lifetime_overs": 0.0, "club_Test_lifetime_runs gave": 0.0, "club_T20_previous3_runs": [], "club_T20_previous3_wickets": [], "club_T20_previous3_balls played": [], "club_T20_previous3_overs": [], "club_T20_previous3_runs gave": [], "club_T20_lifetime_runs": 0.0, "club_T20_lifetime_wickets": 0.0, "club_T20_lifetime_balls played": 0.0, "club_T20_lifetime_overs": 0.0, "club_T20_lifetime_runs gave": 0.0, "international_ODI_previous3_runs": [], "international_ODI_previous3_wickets": [], "international_ODI_previous3_balls played": [], "international_ODI_previous3_overs": [], "international_ODI_previous3_runs gave": [], "international_ODI_lifetime_runs": 0.0, "international_ODI_lifetime_wickets": 0.0, "international_ODI_lifetime_balls played": 0.0, "international_ODI_lifetime_overs": 0.0, "international_ODI_lifetime_runs gave": 0.0, "international_Test_previous3_runs": [], "international_Test_previous3_wickets": [], "international_Test_previous3_balls played": [], "international_Test_previous3_overs": [], "international_Test_previous3_runs gave": [], "international_Test_lifetime_runs": 0.0, "international_Test_lifetime_wickets": 0.0, "international_Test_lifetime_balls played": 0.0, "international_Test_lifetime_overs": 0.0, "international_Test_lifetime_runs gave": 0.0, "international_T20_previous3_runs": [0.0, 0.0, 1.0], "international_T20_previous3_wickets": [0.0, 1.0, 0.0], "international_T20_previous3_balls played": [0.0, 3.0, 4.0], "international_T20_previous3_overs": [4.0, 2.6666666666666665, 2.0], "international_T20_previous3_runs gave": [20.0, 19.0, 15.0], "international_T20_lifetime_runs": 4.0, "international_T20_lifetime_wickets": 10.0, "international_T20_lifetime_balls played": 61.0, "international_T20_lifetime_overs": 63.49999999999999, "international_T20_lifetime_runs gave": 442.0}