{"played_against": {"5728635a": {"runs": 9, "balls": 10, "wickets": 1}, "a6898f7a": {"runs": 3, "balls": 8, "wickets": 0}, "c7e59109": {"runs": 5, "balls": 4, "wickets": 0}, "8c712051": {"runs": 2, "balls": 6, "wickets": 0}, "40d1b7bd": {"runs": 7, "balls": 5, "wickets": 0}, "781f1a40": {"runs": 3, "balls": 5, "wickets": 0}, "10726a80": {"runs": 3, "balls": 3, "wickets": 0}, "5bb73a3c": {"runs": 5, "balls": 7, "wickets": 0}, "5e118871": {"runs": 1, "balls": 7, "wickets": 0}, "44e008a5": {"runs": 0, "balls": 2, "wickets": 0}, "3a341948": {"runs": 3, "balls": 11, "wickets": 0}, "99772efd": {"runs": 5, "balls": 5, "wickets": 0}, "97b1bd58": {"runs": 4, "balls": 3, "wickets": 0}, "2fdcecae": {"runs": 2, "balls": 4, "wickets": 0}, "1b3f7dbb": {"runs": 7, "balls": 9, "wickets": 0}, "ba0e04b2": {"runs": 2, "balls": 12, "wickets": 0}, "b72a8938": {"runs": 10, "balls": 19, "wickets": 1}, "fa9fdefa": {"runs": 0, "balls": 4, "wickets": 1}, "2842d925": {"runs": 6, "balls": 7, "wickets": 0}, "017cadb2": {"runs": 0, "balls": 9, "wickets": 1}, "531aef3b": {"runs": 3, "balls": 9, "wickets": 0}, "bc44071a": {"runs": 4, "balls": 10, "wickets": 0}, "8a0ba257": {"runs": 0, "balls": 11, "wickets": 0}, "2f145a4f": {"runs": 0, "balls": 1, "wickets": 0}}, "fifties": 0, "thirties": 0, "centuries": 0, "maidens": 0.0, "hattricks": 0, "runs": 84.0, "wickets": 0.0, "club_ODI_previous3_runs": [], "club_ODI_previous3_wickets": [], "club_ODI_previous3_balls played": [], "club_ODI_previous3_overs": [], "club_ODI_previous3_runs gave": [], "club_ODI_lifetime_runs": 0.0, "club_ODI_lifetime_wickets": 0.0, "club_ODI_lifetime_balls played": 0.0, "club_ODI_lifetime_overs": 0.0, "club_ODI_lifetime_runs gave": 0.0, "club_Test_previous3_runs": [], "club_Test_previous3_wickets": [], "club_Test_previous3_balls played": [], "club_Test_previous3_overs": [], "club_Test_previous3_runs gave": [], "club_Test_lifetime_runs": 0.0, "club_Test_lifetime_wickets": 0.0, "club_Test_lifetime_balls played": 0.0, "club_Test_lifetime_overs": 0.0, "club_Test_lifetime_runs gave": 0.0, "club_T20_previous3_runs": [], "club_T20_previous3_wickets": [], "club_T20_previous3_balls played": [], "club_T20_previous3_overs": [], "club_T20_previous3_runs gave": [], "club_T20_lifetime_runs": 0.0, "club_T20_lifetime_wickets": 0.0, "club_T20_lifetime_balls played": 0.0, "club_T20_lifetime_overs": 0.0, "club_T20_lifetime_runs gave": 0.0, "international_ODI_previous3_runs": [], "international_ODI_previous3_wickets": [], "international_ODI_previous3_balls played": [], "international_ODI_previous3_overs": [], "international_ODI_previous3_runs gave": [], "international_ODI_lifetime_runs": 0.0, "international_ODI_lifetime_wickets": 0.0, "international_ODI_lifetime_balls played": 0.0, "international_ODI_lifetime_overs": 0.0, "international_ODI_lifetime_runs gave": 0.0, "international_Test_previous3_runs": [], "international_Test_previous3_wickets": [], "international_Test_previous3_balls played": [], "international_Test_previous3_overs": [], "international_Test_previous3_runs gave": [], "international_Test_lifetime_runs": 0.0, "international_Test_lifetime_wickets": 0.0, "international_Test_lifetime_balls played": 0.0, "international_Test_lifetime_overs": 0.0, "international_Test_lifetime_runs gave": 0.0, "international_T20_previous3_runs": [4.0, 0.0, 0.0], "international_T20_previous3_wickets": [0.0, 0.0, 0.0], "international_T20_previous3_balls played": [21.0, 1.0, 0.0], "international_T20_previous3_overs": [0.0, 0.0, 0.0], "international_T20_previous3_runs gave": [0.0, 0.0, 0.0], "international_T20_lifetime_runs": 84.0, "international_T20_lifetime_wickets": 0.0, "international_T20_lifetime_balls played": 173.0, "international_T20_lifetime_overs": 0.0, "international_T20_lifetime_runs gave": 0.0}