{"played_against": {"e9d5218e": {"runs": 15, "balls": 43, "wickets": 1}, "58822938": {"runs": 16, "balls": 35, "wickets": 0}, "71e6ad2b": {"runs": 5, "balls": 16, "wickets": 0}, "45c2196c": {"runs": 15, "balls": 31, "wickets": 1}, "84838938": {"runs": 10, "balls": 56, "wickets": 0}, "bca21d18": {"runs": 19, "balls": 26, "wickets": 0}, "49b6c09f": {"runs": 11, "balls": 21, "wickets": 0}, "15101f12": {"runs": 18, "balls": 34, "wickets": 0}, "1427277f": {"runs": 9, "balls": 32, "wickets": 0}, "dddc811c": {"runs": 12, "balls": 36, "wickets": 0}, "75223da4": {"runs": 9, "balls": 25, "wickets": 1}, "b16cf2ec": {"runs": 10, "balls": 25, "wickets": 0}, "3c77ca9d": {"runs": 9, "balls": 9, "wickets": 0}, "74a274cc": {"runs": 7, "balls": 10, "wickets": 0}, "450f6fa6": {"runs": 3, "balls": 28, "wickets": 2}, "aac9f784": {"runs": 0, "balls": 6, "wickets": 0}, "75e476d4": {"runs": 0, "balls": 3, "wickets": 0}, "e05b2a5b": {"runs": 15, "balls": 14, "wickets": 0}, "c3d639f8": {"runs": 10, "balls": 15, "wickets": 0}, "611926bc": {"runs": 5, "balls": 23, "wickets": 0}, "5a37ec26": {"runs": 12, "balls": 9, "wickets": 0}, "be4807e3": {"runs": 3, "balls": 15, "wickets": 0}, "a72b14ff": {"runs": 4, "balls": 6, "wickets": 0}, "57a76baa": {"runs": 17, "balls": 23, "wickets": 0}, "7be8a0ed": {"runs": 20, "balls": 20, "wickets": 0}, "5ac8f17b": {"runs": 11, "balls": 11, "wickets": 1}, "556302a7": {"runs": 4, "balls": 23, "wickets": 0}, "f3abd0c9": {"runs": 0, "balls": 6, "wickets": 0}, "5239d782": {"runs": 7, "balls": 10, "wickets": 1}, "f7177fd6": {"runs": 7, "balls": 23, "wickets": 0}, "561f3a34": {"runs": 1, "balls": 2, "wickets": 0}}, "fifties": 1, "thirties": 4, "centuries": 0, "maidens": 2.0, "hattricks": 0, "runs": 284.0, "wickets": 0.0, "club_ODI_previous3_runs": [], "club_ODI_previous3_wickets": [], "club_ODI_previous3_balls played": [], "club_ODI_previous3_overs": [], "club_ODI_previous3_runs gave": [], "club_ODI_lifetime_runs": 0.0, "club_ODI_lifetime_wickets": 0.0, "club_ODI_lifetime_balls played": 0.0, "club_ODI_lifetime_overs": 0.0, "club_ODI_lifetime_runs gave": 0.0, "club_Test_previous3_runs": [52.0, 21.0, 15.0], "club_Test_previous3_wickets": [0.0, 0.0, 0.0], "club_Test_previous3_balls played": [62.0, 79.0, 35.0], "club_Test_previous3_overs": [0.0, 0.0, 0.0], "club_Test_previous3_runs gave": [0.0, 0.0, 0.0], "club_Test_lifetime_runs": 284.0, "club_Test_lifetime_wickets": 0.0, "club_Test_lifetime_balls played": 646.0, "club_Test_lifetime_overs": 10.0, "club_Test_lifetime_runs gave": 24.0, "club_T20_previous3_runs": [], "club_T20_previous3_wickets": [], "club_T20_previous3_balls played": [], "club_T20_previous3_overs": [], "club_T20_previous3_runs gave": [], "club_T20_lifetime_runs": 0.0, "club_T20_lifetime_wickets": 0.0, "club_T20_lifetime_balls played": 0.0, "club_T20_lifetime_overs": 0.0, "club_T20_lifetime_runs gave": 0.0, "international_ODI_previous3_runs": [], "international_ODI_previous3_wickets": [], "international_ODI_previous3_balls played": [], "international_ODI_previous3_overs": [], "international_ODI_previous3_runs gave": [], "international_ODI_lifetime_runs": 0.0, "international_ODI_lifetime_wickets": 0.0, "international_ODI_lifetime_balls played": 0.0, "international_ODI_lifetime_overs": 0.0, "international_ODI_lifetime_runs gave": 0.0, "international_Test_previous3_runs": [], "international_Test_previous3_wickets": [], "international_Test_previous3_balls played": [], "international_Test_previous3_overs": [], "international_Test_previous3_runs gave": [], "international_Test_lifetime_runs": 0.0, "international_Test_lifetime_wickets": 0.0, "international_Test_lifetime_balls played": 0.0, "international_Test_lifetime_overs": 0.0, "international_Test_lifetime_runs gave": 0.0, "international_T20_previous3_runs": [], "international_T20_previous3_wickets": [], "international_T20_previous3_balls played": [], "international_T20_previous3_overs": [], "international_T20_previous3_runs gave": [], "international_T20_lifetime_runs": 0.0, "international_T20_lifetime_wickets": 0.0, "international_T20_lifetime_balls played": 0.0, "international_T20_lifetime_overs": 0.0, "international_T20_lifetime_runs gave": 0.0}