{"played_against": {"f8c72766": {"runs": 0, "balls": 3, "wickets": 0}, "e258a603": {"runs": 1, "balls": 1, "wickets": 0}, "b3bad3f2": {"runs": 1, "balls": 2, "wickets": 0}, "f28a60e0": {"runs": 3, "balls": 16, "wickets": 1}, "cbabd6ad": {"runs": 3, "balls": 5, "wickets": 1}, "99ffb3d3": {"runs": 0, "balls": 5, "wickets": 0}, "30997c3e": {"runs": 1, "balls": 1, "wickets": 0}, "a9231c3f": {"runs": 1, "balls": 6, "wickets": 1}, "f7d267f7": {"runs": 6, "balls": 2, "wickets": 0}, "36cdbfec": {"runs": 6, "balls": 5, "wickets": 0}, "b7879e16": {"runs": 8, "balls": 7, "wickets": 0}, "d0f5e72d": {"runs": 1, "balls": 3, "wickets": 0}, "c5d7b5d8": {"runs": 1, "balls": 1, "wickets": 0}, "82340b9d": {"runs": 4, "balls": 3, "wickets": 0}, "db571b24": {"runs": 4, "balls": 4, "wickets": 1}, "c674f722": {"runs": 11, "balls": 6, "wickets": 1}, "7f2cb055": {"runs": 3, "balls": 4, "wickets": 0}}, "fifties": 0, "thirties": 0, "centuries": 0, "maidens": 0.0, "hattricks": 0, "runs": 54.0, "wickets": 3.0, "club_ODI_previous3_runs": [], "club_ODI_previous3_wickets": [], "club_ODI_previous3_balls played": [], "club_ODI_previous3_overs": [], "club_ODI_previous3_runs gave": [], "club_ODI_lifetime_runs": 0.0, "club_ODI_lifetime_wickets": 0.0, "club_ODI_lifetime_balls played": 0.0, "club_ODI_lifetime_overs": 0.0, "club_ODI_lifetime_runs gave": 0.0, "club_Test_previous3_runs": [], "club_Test_previous3_wickets": [], "club_Test_previous3_balls played": [], "club_Test_previous3_overs": [], "club_Test_previous3_runs gave": [], "club_Test_lifetime_runs": 0.0, "club_Test_lifetime_wickets": 0.0, "club_Test_lifetime_balls played": 0.0, "club_Test_lifetime_overs": 0.0, "club_Test_lifetime_runs gave": 0.0, "club_T20_previous3_runs": [], "club_T20_previous3_wickets": [], "club_T20_previous3_balls played": [], "club_T20_previous3_overs": [], "club_T20_previous3_runs gave": [], "club_T20_lifetime_runs": 0.0, "club_T20_lifetime_wickets": 0.0, "club_T20_lifetime_balls played": 0.0, "club_T20_lifetime_overs": 0.0, "club_T20_lifetime_runs gave": 0.0, "international_ODI_previous3_runs": [], "international_ODI_previous3_wickets": [], "international_ODI_previous3_balls played": [], "international_ODI_previous3_overs": [], "international_ODI_previous3_runs gave": [], "international_ODI_lifetime_runs": 0.0, "international_ODI_lifetime_wickets": 0.0, "international_ODI_lifetime_balls played": 0.0, "international_ODI_lifetime_overs": 0.0, "international_ODI_lifetime_runs gave": 0.0, "international_Test_previous3_runs": [], "international_Test_previous3_wickets": [], "international_Test_previous3_balls played": [], "international_Test_previous3_overs": [], "international_Test_previous3_runs gave": [], "international_Test_lifetime_runs": 0.0, "international_Test_lifetime_wickets": 0.0, "international_Test_lifetime_balls played": 0.0, "international_Test_lifetime_overs": 0.0, "international_Test_lifetime_runs gave": 0.0, "international_T20_previous3_runs": [8.0, 14.0, 0.0], "international_T20_previous3_wickets": [0.0, 2.0, 1.0], "international_T20_previous3_balls played": [7.0, 11.0, 4.0], "international_T20_previous3_overs": [2.8333333333333335, 4.0, 4.0], "international_T20_previous3_runs gave": [24.0, 24.0, 30.0], "international_T20_lifetime_runs": 54.0, "international_T20_lifetime_wickets": 3.0, "international_T20_lifetime_balls played": 75.0, "international_T20_lifetime_overs": 14.166666666666666, "international_T20_lifetime_runs gave": 118.0}