{"played_against": {"f1eb3c73": {"runs": 6, "balls": 11, "wickets": 0}, "bceb1b07": {"runs": 10, "balls": 18, "wickets": 0}, "310dbd9a": {"runs": 4, "balls": 5, "wickets": 0}, "01d5f279": {"runs": 3, "balls": 5, "wickets": 0}, "7f6c2dae": {"runs": 5, "balls": 10, "wickets": 0}, "ff722bc8": {"runs": 4, "balls": 7, "wickets": 1}, "4e6698d5": {"runs": 4, "balls": 7, "wickets": 0}, "cf9ae594": {"runs": 4, "balls": 11, "wickets": 0}, "479da8f9": {"runs": 9, "balls": 16, "wickets": 0}, "a22b4f3f": {"runs": 14, "balls": 23, "wickets": 0}, "c498c510": {"runs": 15, "balls": 17, "wickets": 0}, "78fcc740": {"runs": 8, "balls": 7, "wickets": 0}, "28adcce9": {"runs": 10, "balls": 9, "wickets": 0}, "87e33d07": {"runs": 34, "balls": 49, "wickets": 0}, "2b7609f1": {"runs": 32, "balls": 45, "wickets": 0}, "1a9e9efe": {"runs": 12, "balls": 13, "wickets": 1}, "011f6b42": {"runs": 5, "balls": 14, "wickets": 0}, "a2dd9236": {"runs": 5, "balls": 7, "wickets": 0}, "6e60a792": {"runs": 7, "balls": 7, "wickets": 0}, "3967b66f": {"runs": 13, "balls": 11, "wickets": 0}, "86ac0262": {"runs": 17, "balls": 12, "wickets": 0}, "b2caf373": {"runs": 8, "balls": 7, "wickets": 0}, "d76ab352": {"runs": 24, "balls": 23, "wickets": 0}, "658c2e71": {"runs": 21, "balls": 23, "wickets": 1}, "d1c7dd6d": {"runs": 1, "balls": 2, "wickets": 0}, "39f0b039": {"runs": 0, "balls": 1, "wickets": 1}, "35b84618": {"runs": 2, "balls": 3, "wickets": 0}, "9960a421": {"runs": 0, "balls": 3, "wickets": 1}, "45a34a2d": {"runs": 17, "balls": 7, "wickets": 0}, "1c5c3dce": {"runs": 0, "balls": 1, "wickets": 0}, "e6581a17": {"runs": 1, "balls": 2, "wickets": 0}, "51e0e79f": {"runs": 2, "balls": 4, "wickets": 1}, "bb9b51f4": {"runs": 5, "balls": 5, "wickets": 0}, "f8c72766": {"runs": 4, "balls": 5, "wickets": 1}, "f28a60e0": {"runs": 3, "balls": 3, "wickets": 0}, "07687c15": {"runs": 2, "balls": 3, "wickets": 0}, "84dc72db": {"runs": 27, "balls": 20, "wickets": 0}, "d1988788": {"runs": 17, "balls": 12, "wickets": 0}, "3df3f50b": {"runs": 2, "balls": 3, "wickets": 1}, "65122d56": {"runs": 9, "balls": 4, "wickets": 0}, "d5ae21a2": {"runs": 0, "balls": 1, "wickets": 1}, "fc55ec67": {"runs": 6, "balls": 10, "wickets": 2}, "2dfe0612": {"runs": 13, "balls": 18, "wickets": 1}, "aeab0d4f": {"runs": 21, "balls": 22, "wickets": 0}, "cfcf189f": {"runs": 6, "balls": 6, "wickets": 0}, "baa7dd37": {"runs": 10, "balls": 8, "wickets": 0}, "6a63c29c": {"runs": 10, "balls": 8, "wickets": 0}, "352e589f": {"runs": 1, "balls": 5, "wickets": 2}, "7be8a0ed": {"runs": 14, "balls": 12, "wickets": 0}, "a77472dc": {"runs": 12, "balls": 10, "wickets": 0}, "3957a70a": {"runs": 14, "balls": 10, "wickets": 0}, "3b282e51": {"runs": 2, "balls": 4, "wickets": 0}, "42151725": {"runs": 19, "balls": 22, "wickets": 3}, "8de618ab": {"runs": 0, "balls": 3, "wickets": 1}, "c573d173": {"runs": 15, "balls": 11, "wickets": 2}, "609d6c7c": {"runs": 16, "balls": 12, "wickets": 0}, "dfcdb11e": {"runs": 20, "balls": 16, "wickets": 0}, "395695ce": {"runs": 6, "balls": 6, "wickets": 0}, "414d8a10": {"runs": 8, "balls": 28, "wickets": 1}, "46a7ac78": {"runs": 36, "balls": 36, "wickets": 0}, "269cc4ff": {"runs": 16, "balls": 20, "wickets": 0}, "c57fa67e": {"runs": 3, "balls": 4, "wickets": 0}, "6cedad99": {"runs": 18, "balls": 20, "wickets": 0}, "c07a1f41": {"runs": 22, "balls": 14, "wickets": 1}, "49118dc7": {"runs": 10, "balls": 12, "wickets": 1}, "c8a3f688": {"runs": 8, "balls": 11, "wickets": 0}, "b0eaaac6": {"runs": 2, "balls": 8, "wickets": 0}, "dec8e038": {"runs": 2, "balls": 3, "wickets": 1}, "5bbabe59": {"runs": 7, "balls": 8, "wickets": 0}, "449f4e3c": {"runs": 4, "balls": 7, "wickets": 1}, "4bc0a378": {"runs": 15, "balls": 11, "wickets": 0}, "afe57f7a": {"runs": 6, "balls": 10, "wickets": 0}, "b08252b8": {"runs": 8, "balls": 13, "wickets": 0}, "6766ca00": {"runs": 3, "balls": 3, "wickets": 0}, "b8704508": {"runs": 2, "balls": 2, "wickets": 0}, "48f25627": {"runs": 4, "balls": 3, "wickets": 0}, "7636b587": {"runs": 12, "balls": 10, "wickets": 0}, "a1e80d06": {"runs": 15, "balls": 15, "wickets": 1}, "be0f9ce9": {"runs": 13, "balls": 6, "wickets": 0}, "0e56c514": {"runs": 5, "balls": 8, "wickets": 0}, "5493ad5c": {"runs": 5, "balls": 11, "wickets": 0}, "c26cd57a": {"runs": 12, "balls": 14, "wickets": 1}, "ff6a7ab5": {"runs": 0, "balls": 7, "wickets": 0}, "0730a707": {"runs": 5, "balls": 10, "wickets": 0}, "270bf7e2": {"runs": 23, "balls": 29, "wickets": 1}, "a36915ce": {"runs": 7, "balls": 6, "wickets": 0}, "9920dd86": {"runs": 0, "balls": 1, "wickets": 1}, "cec44e08": {"runs": 19, "balls": 17, "wickets": 0}, "f0e293b0": {"runs": 7, "balls": 13, "wickets": 0}, "d2d15439": {"runs": 15, "balls": 25, "wickets": 0}, "b91f2a31": {"runs": 12, "balls": 8, "wickets": 1}, "f1c4f2ea": {"runs": 3, "balls": 3, "wickets": 0}, "14157abf": {"runs": 8, "balls": 3, "wickets": 1}, "2ecd844a": {"runs": 7, "balls": 7, "wickets": 1}, "f43dd8c2": {"runs": 7, "balls": 6, "wickets": 0}, "9061a703": {"runs": 1, "balls": 3, "wickets": 0}, "37d8d19a": {"runs": 0, "balls": 2, "wickets": 0}, "7fcc57bf": {"runs": 26, "balls": 17, "wickets": 1}, "7ee25c46": {"runs": 20, "balls": 10, "wickets": 0}, "79209272": {"runs": 1, "balls": 1, "wickets": 0}, "557550a4": {"runs": 2, "balls": 2, "wickets": 0}, "5b616bf0": {"runs": 8, "balls": 6, "wickets": 1}, "3ed4e2ad": {"runs": 5, "balls": 3, "wickets": 0}, "705b8c5c": {"runs": 5, "balls": 3, "wickets": 0}, "80b92515": {"runs": 20, "balls": 8, "wickets": 0}, "0ed66ce6": {"runs": 1, "balls": 5, "wickets": 1}, "62b2aa65": {"runs": 6, "balls": 5, "wickets": 1}, "87e87dd2": {"runs": 13, "balls": 11, "wickets": 0}, "7f784eb8": {"runs": 25, "balls": 8, "wickets": 0}, "a768a762": {"runs": 28, "balls": 8, "wickets": 0}, "f5ba4611": {"runs": 13, "balls": 8, "wickets": 0}, "0996f198": {"runs": 13, "balls": 10, "wickets": 0}, "2809b390": {"runs": 18, "balls": 10, "wickets": 0}, "4ec0443d": {"runs": 1, "balls": 3, "wickets": 1}, "5c57229d": {"runs": 3, "balls": 4, "wickets": 0}, "9c181b99": {"runs": 8, "balls": 4, "wickets": 1}, "8299b9a2": {"runs": 12, "balls": 4, "wickets": 0}, "3e6e9a5f": {"runs": 1, "balls": 8, "wickets": 0}, "f4a0a615": {"runs": 1, "balls": 4, "wickets": 1}, "6e991bd4": {"runs": 2, "balls": 7, "wickets": 0}, "b67af1c4": {"runs": 12, "balls": 23, "wickets": 0}, "7bb926a7": {"runs": 16, "balls": 22, "wickets": 0}, "df3947f4": {"runs": 13, "balls": 12, "wickets": 1}, "856cbb1e": {"runs": 18, "balls": 17, "wickets": 0}, "1a8f879b": {"runs": 15, "balls": 29, "wickets": 0}, "219a417a": {"runs": 13, "balls": 4, "wickets": 0}, "4d1ec7eb": {"runs": 1, "balls": 4, "wickets": 0}, "4631be71": {"runs": 1, "balls": 2, "wickets": 0}, "cde067e1": {"runs": 14, "balls": 17, "wickets": 0}, "c3564c2d": {"runs": 2, "balls": 6, "wickets": 0}, "ecdd8d60": {"runs": 2, "balls": 13, "wickets": 1}, "ff13b10c": {"runs": 9, "balls": 6, "wickets": 0}, "38189be1": {"runs": 11, "balls": 13, "wickets": 0}, "ef141f36": {"runs": 11, "balls": 14, "wickets": 0}, "b0f2d3bd": {"runs": 13, "balls": 14, "wickets": 0}, "28b99edd": {"runs": 14, "balls": 16, "wickets": 0}, "2c6052a6": {"runs": 10, "balls": 13, "wickets": 1}}, "fifties": 6, "thirties": 8, "centuries": 1, "maidens": 9.0, "hattricks": 2, "runs": 1308.0, "wickets": 21.0, "club_ODI_previous3_runs": [], "club_ODI_previous3_wickets": [], "club_ODI_previous3_balls played": [], "club_ODI_previous3_overs": [], "club_ODI_previous3_runs gave": [], "club_ODI_lifetime_runs": 0.0, "club_ODI_lifetime_wickets": 0.0, "club_ODI_lifetime_balls played": 0.0, "club_ODI_lifetime_overs": 0.0, "club_ODI_lifetime_runs gave": 0.0, "club_Test_previous3_runs": [], "club_Test_previous3_wickets": [], "club_Test_previous3_balls played": [], "club_Test_previous3_overs": [], "club_Test_previous3_runs gave": [], "club_Test_lifetime_runs": 0.0, "club_Test_lifetime_wickets": 0.0, "club_Test_lifetime_balls played": 0.0, "club_Test_lifetime_overs": 0.0, "club_Test_lifetime_runs gave": 0.0, "club_T20_previous3_runs": [], "club_T20_previous3_wickets": [], "club_T20_previous3_balls played": [], "club_T20_previous3_overs": [], "club_T20_previous3_runs gave": [], "club_T20_lifetime_runs": 0.0, "club_T20_lifetime_wickets": 0.0, "club_T20_lifetime_balls played": 0.0, "club_T20_lifetime_overs": 0.0, "club_T20_lifetime_runs gave": 0.0, "international_ODI_previous3_runs": [27.0, 11.0, 59.0], "international_ODI_previous3_wickets": [1.0, 1.0, 1.0], "international_ODI_previous3_balls played": [48.0, 19.0, 70.0], "international_ODI_previous3_overs": [10.0, 8.0, 7.0], "international_ODI_previous3_runs gave": [14.0, 21.0, 25.0], "international_ODI_lifetime_runs": 674.0, "international_ODI_lifetime_wickets": 8.0, "international_ODI_lifetime_balls played": 883.0, "international_ODI_lifetime_overs": 101.0, "international_ODI_lifetime_runs gave": 380.0, "international_Test_previous3_runs": [], "international_Test_previous3_wickets": [], "international_Test_previous3_balls played": [], "international_Test_previous3_overs": [], "international_Test_previous3_runs gave": [], "international_Test_lifetime_runs": 0.0, "international_Test_lifetime_wickets": 0.0, "international_Test_lifetime_balls played": 0.0, "international_Test_lifetime_overs": 0.0, "international_Test_lifetime_runs gave": 0.0, "international_T20_previous3_runs": [1.0, 3.0, 20.0], "international_T20_previous3_wickets": [0.0, 0.0, 0.0], "international_T20_previous3_balls played": [3.0, 4.0, 8.0], "international_T20_previous3_overs": [0.0, 0.0, 0.0], "international_T20_previous3_runs gave": [0.0, 0.0, 0.0], "international_T20_lifetime_runs": 634.0, "international_T20_lifetime_wickets": 13.0, "international_T20_lifetime_balls played": 535.0, "international_T20_lifetime_overs": 52.16666666666667, "international_T20_lifetime_runs gave": 308.0}