{"played_against": {"4ba44e19": {"runs": 98, "balls": 108, "wickets": 2}, "f233bbb4": {"runs": 20, "balls": 16, "wickets": 0}, "34ff9e07": {"runs": 7, "balls": 5, "wickets": 0}, "342d8ade": {"runs": 18, "balls": 24, "wickets": 1}, "27410b17": {"runs": 11, "balls": 5, "wickets": 0}, "bcce309e": {"runs": 1, "balls": 4, "wickets": 0}, "818e8bf2": {"runs": 0, "balls": 8, "wickets": 0}, "f011dfa3": {"runs": 7, "balls": 8, "wickets": 0}, "6e1b1ec0": {"runs": 5, "balls": 10, "wickets": 0}, "dc0f5506": {"runs": 1, "balls": 4, "wickets": 0}, "e7ba1233": {"runs": 4, "balls": 9, "wickets": 0}, "21bf71ab": {"runs": 2, "balls": 3, "wickets": 0}, "f771a151": {"runs": 10, "balls": 18, "wickets": 0}, "d2babdd5": {"runs": 15, "balls": 11, "wickets": 0}, "10a91f35": {"runs": 68, "balls": 60, "wickets": 0}, "33f28243": {"runs": 24, "balls": 24, "wickets": 0}, "0b130202": {"runs": 0, "balls": 2, "wickets": 0}, "3eac9d95": {"runs": 10, "balls": 17, "wickets": 1}, "b68a30f0": {"runs": 23, "balls": 27, "wickets": 1}, "390ff45b": {"runs": 13, "balls": 10, "wickets": 1}, "fcbf5a30": {"runs": 3, "balls": 3, "wickets": 0}, "ddc0828d": {"runs": 52, "balls": 108, "wickets": 1}, "d7c6af50": {"runs": 69, "balls": 155, "wickets": 2}, "db584dad": {"runs": 95, "balls": 88, "wickets": 2}, "8ba8195d": {"runs": 34, "balls": 57, "wickets": 1}, "88fccd6c": {"runs": 15, "balls": 19, "wickets": 0}, "20a941bb": {"runs": 11, "balls": 18, "wickets": 1}, "86dc8f2e": {"runs": 60, "balls": 56, "wickets": 3}, "543b4a1f": {"runs": 5, "balls": 4, "wickets": 0}, "72861603": {"runs": 2, "balls": 2, "wickets": 0}, "26ff4c29": {"runs": 69, "balls": 62, "wickets": 3}, "2503e881": {"runs": 18, "balls": 27, "wickets": 0}, "6b0c3a20": {"runs": 8, "balls": 12, "wickets": 1}, "f0f628c7": {"runs": 86, "balls": 81, "wickets": 0}, "fa463154": {"runs": 24, "balls": 23, "wickets": 0}, "5fa06777": {"runs": 79, "balls": 51, "wickets": 0}, "c3d1402f": {"runs": 46, "balls": 47, "wickets": 2}, "8b5b6769": {"runs": 185, "balls": 401, "wickets": 9}, "4180d897": {"runs": 53, "balls": 84, "wickets": 3}, "a7489342": {"runs": 17, "balls": 37, "wickets": 2}, "35205dfc": {"runs": 112, "balls": 85, "wickets": 1}, "d12143bf": {"runs": 620, "balls": 1019, "wickets": 9}, "e97aefe2": {"runs": 21, "balls": 21, "wickets": 1}, "6b8eb6e5": {"runs": 53, "balls": 52, "wickets": 0}, "99663fa5": {"runs": 1, "balls": 2, "wickets": 0}, "7fb32e5b": {"runs": 21, "balls": 32, "wickets": 1}, "4f629497": {"runs": 82, "balls": 107, "wickets": 0}, "87b177e8": {"runs": 11, "balls": 14, "wickets": 0}, "f846de6a": {"runs": 47, "balls": 42, "wickets": 0}, "36d33dd0": {"runs": 6, "balls": 10, "wickets": 0}, "9a963804": {"runs": 35, "balls": 17, "wickets": 0}, "5a37ec26": {"runs": 52, "balls": 68, "wickets": 0}, "1afdbdbf": {"runs": 6, "balls": 9, "wickets": 0}, "a386e91b": {"runs": 49, "balls": 56, "wickets": 2}, "f5390243": {"runs": 10, "balls": 14, "wickets": 0}, "43936951": {"runs": 61, "balls": 49, "wickets": 1}, "cf73ad76": {"runs": 60, "balls": 60, "wickets": 0}, "7d7ab238": {"runs": 49, "balls": 21, "wickets": 0}, "f5821615": {"runs": 61, "balls": 61, "wickets": 0}, "57efa3be": {"runs": 16, "balls": 20, "wickets": 0}, "008589a4": {"runs": 10, "balls": 6, "wickets": 0}, "7157a72f": {"runs": 8, "balls": 5, "wickets": 0}, "4ec07775": {"runs": 1, "balls": 1, "wickets": 0}, "91052c96": {"runs": 11, "balls": 3, "wickets": 0}, "d1c94b25": {"runs": 17, "balls": 9, "wickets": 0}, "83904270": {"runs": 33, "balls": 50, "wickets": 1}, "87e562a9": {"runs": 262, "balls": 258, "wickets": 6}, "a12e1d51": {"runs": 213, "balls": 176, "wickets": 9}, "ee7d0c82": {"runs": 10, "balls": 8, "wickets": 0}, "50758325": {"runs": 13, "balls": 4, "wickets": 0}, "ab89348d": {"runs": 30, "balls": 33, "wickets": 1}, "33a364a6": {"runs": 17, "balls": 8, "wickets": 0}, "dd09ff8e": {"runs": 9, "balls": 17, "wickets": 1}, "2498e163": {"runs": 27, "balls": 17, "wickets": 1}, "98ae73b1": {"runs": 100, "balls": 54, "wickets": 3}, "3dba85c2": {"runs": 11, "balls": 5, "wickets": 0}, "94bc776b": {"runs": 1, "balls": 2, "wickets": 0}, "6c6591ab": {"runs": 106, "balls": 259, "wickets": 4}, "0dc00542": {"runs": 119, "balls": 160, "wickets": 5}, "91a4a398": {"runs": 170, "balls": 228, "wickets": 0}, "41eb4a4f": {"runs": 95, "balls": 58, "wickets": 1}, "0c2730df": {"runs": 58, "balls": 55, "wickets": 0}, "670709ec": {"runs": 13, "balls": 10, "wickets": 0}, "e938e1bc": {"runs": 136, "balls": 115, "wickets": 3}, "16dfcc19": {"runs": 154, "balls": 190, "wickets": 6}, "756389bd": {"runs": 11, "balls": 5, "wickets": 0}, "96fd40ae": {"runs": 144, "balls": 135, "wickets": 3}, "d2a989fc": {"runs": 48, "balls": 42, "wickets": 2}, "9fc0ef64": {"runs": 13, "balls": 9, "wickets": 0}, "93a17209": {"runs": 49, "balls": 17, "wickets": 0}, "6b19d823": {"runs": 137, "balls": 159, "wickets": 4}, "888e32bf": {"runs": 75, "balls": 53, "wickets": 1}, "725529bc": {"runs": 6, "balls": 4, "wickets": 1}, "a45a5e8d": {"runs": 2, "balls": 4, "wickets": 0}, "5f4e9e8f": {"runs": 9, "balls": 7, "wickets": 1}, "5d096f3d": {"runs": 1, "balls": 2, "wickets": 0}, "034b4b7d": {"runs": 4, "balls": 6, "wickets": 0}, "1c914163": {"runs": 50, "balls": 51, "wickets": 3}, "e03b66ec": {"runs": 151, "balls": 271, "wickets": 2}, "c3d35165": {"runs": 60, "balls": 36, "wickets": 0}, "b2b50355": {"runs": 27, "balls": 14, "wickets": 1}, "ae78bc32": {"runs": 16, "balls": 11, "wickets": 0}, "a7c226e1": {"runs": 75, "balls": 86, "wickets": 1}, "78eb4223": {"runs": 229, "balls": 320, "wickets": 6}, "364ee2cf": {"runs": 106, "balls": 202, "wickets": 2}, "c03c6200": {"runs": 184, "balls": 231, "wickets": 6}, "e186f49c": {"runs": 54, "balls": 49, "wickets": 2}, "090f9211": {"runs": 18, "balls": 22, "wickets": 0}, "7dc35884": {"runs": 168, "balls": 125, "wickets": 1}, "4948a447": {"runs": 3, "balls": 3, "wickets": 0}, "5bb1a1c4": {"runs": 209, "balls": 241, "wickets": 9}, "78f34e15": {"runs": 0, "balls": 2, "wickets": 1}, "05e0fab5": {"runs": 30, "balls": 46, "wickets": 0}, "6adf9347": {"runs": 15, "balls": 17, "wickets": 0}, "05d74535": {"runs": 131, "balls": 255, "wickets": 1}, "64d43928": {"runs": 89, "balls": 72, "wickets": 0}, "3cf5ae43": {"runs": 39, "balls": 41, "wickets": 1}, "64c34cd0": {"runs": 61, "balls": 48, "wickets": 0}, "896d78ad": {"runs": 76, "balls": 96, "wickets": 2}, "ac5ae4af": {"runs": 19, "balls": 9, "wickets": 0}, "ea0cdc12": {"runs": 58, "balls": 57, "wickets": 2}, "c1f6c27e": {"runs": 72, "balls": 88, "wickets": 0}, "eba6a852": {"runs": 368, "balls": 578, "wickets": 9}, "221ad9d9": {"runs": 316, "balls": 495, "wickets": 4}, "c16d2e28": {"runs": 30, "balls": 42, "wickets": 0}, "9dca07d7": {"runs": 42, "balls": 72, "wickets": 1}, "cca50cd6": {"runs": 50, "balls": 40, "wickets": 1}, "249d60c9": {"runs": 17, "balls": 21, "wickets": 0}, "58043739": {"runs": 266, "balls": 383, "wickets": 8}, "3edb58fc": {"runs": 1, "balls": 1, "wickets": 0}, "7bf96684": {"runs": 10, "balls": 4, "wickets": 0}, "c03449e0": {"runs": 11, "balls": 8, "wickets": 1}, "fe93fd9d": {"runs": 259, "balls": 267, "wickets": 7}, "d68e7f48": {"runs": 158, "balls": 183, "wickets": 2}, "7d21eb9b": {"runs": 32, "balls": 37, "wickets": 0}, "caf1b14c": {"runs": 15, "balls": 39, "wickets": 1}, "e174dadd": {"runs": 208, "balls": 250, "wickets": 4}, "43b375d4": {"runs": 37, "balls": 56, "wickets": 0}, "480ed517": {"runs": 10, "balls": 18, "wickets": 0}, "68ddabdb": {"runs": 78, "balls": 79, "wickets": 3}, "0be1b885": {"runs": 32, "balls": 51, "wickets": 0}, "ea3ffd1b": {"runs": 73, "balls": 59, "wickets": 0}, "a757b0d8": {"runs": 89, "balls": 43, "wickets": 2}, "13c35c9e": {"runs": 124, "balls": 119, "wickets": 2}, "5673a3fc": {"runs": 20, "balls": 22, "wickets": 1}, "a5ac694f": {"runs": 13, "balls": 17, "wickets": 0}, "c8179c68": {"runs": 13, "balls": 10, "wickets": 1}, "c24a2c5d": {"runs": 7, "balls": 5, "wickets": 0}, "45c2196c": {"runs": 59, "balls": 35, "wickets": 1}, "2a72fd4f": {"runs": 11, "balls": 5, "wickets": 0}, "bd77eb62": {"runs": 9, "balls": 5, "wickets": 0}, "12eddf28": {"runs": 45, "balls": 25, "wickets": 0}, "e32d22f6": {"runs": 1, "balls": 7, "wickets": 0}, "8fd1a8f5": {"runs": 83, "balls": 131, "wickets": 3}, "66b30f71": {"runs": 8, "balls": 7, "wickets": 0}, "abfeb126": {"runs": 94, "balls": 50, "wickets": 0}, "1e66c162": {"runs": 66, "balls": 49, "wickets": 0}, "b1451597": {"runs": 1, "balls": 2, "wickets": 1}, "9ab63e7b": {"runs": 45, "balls": 27, "wickets": 0}, "1a8eebbe": {"runs": 68, "balls": 40, "wickets": 0}, "3c6ffae8": {"runs": 13, "balls": 9, "wickets": 1}, "29b89ae8": {"runs": 45, "balls": 62, "wickets": 2}, "e01895bb": {"runs": 25, "balls": 13, "wickets": 0}, "3812d56b": {"runs": 77, "balls": 82, "wickets": 2}, "3029e282": {"runs": 0, "balls": 3, "wickets": 1}, "0f12f9df": {"runs": 137, "balls": 75, "wickets": 4}, "469ea22b": {"runs": 71, "balls": 94, "wickets": 2}, "ccdd8308": {"runs": 181, "balls": 226, "wickets": 5}, "39f01cdb": {"runs": 3, "balls": 7, "wickets": 0}, "a72b14ff": {"runs": 133, "balls": 200, "wickets": 3}, "4c5d73db": {"runs": 75, "balls": 90, "wickets": 2}, "a73321d3": {"runs": 70, "balls": 70, "wickets": 2}, "ac7fa28f": {"runs": 10, "balls": 10, "wickets": 0}, "49691d7a": {"runs": 17, "balls": 24, "wickets": 0}, "67af6f81": {"runs": 7, "balls": 11, "wickets": 0}, "9de271ef": {"runs": 12, "balls": 16, "wickets": 0}, "9f0270e0": {"runs": 18, "balls": 25, "wickets": 0}, "53597be1": {"runs": 6, "balls": 3, "wickets": 0}, "afe57f7a": {"runs": 6, "balls": 4, "wickets": 0}, "94238673": {"runs": 19, "balls": 13, "wickets": 1}, "91ffa6c6": {"runs": 16, "balls": 12, "wickets": 0}, "2c13defe": {"runs": 6, "balls": 10, "wickets": 0}, "c57fa67e": {"runs": 14, "balls": 4, "wickets": 0}, "753b5a2d": {"runs": 1, "balls": 3, "wickets": 1}, "2b8b75a0": {"runs": 11, "balls": 18, "wickets": 0}, "7839bf3a": {"runs": 24, "balls": 30, "wickets": 1}, "8fd3b94d": {"runs": 22, "balls": 18, "wickets": 0}, "3a026eb4": {"runs": 7, "balls": 7, "wickets": 0}, "5471024e": {"runs": 12, "balls": 12, "wickets": 0}, "c4ff0618": {"runs": 18, "balls": 4, "wickets": 0}, "d094e7d1": {"runs": 5, "balls": 7, "wickets": 0}, "495d42a5": {"runs": 257, "balls": 297, "wickets": 7}, "8fb49ef8": {"runs": 42, "balls": 14, "wickets": 0}, "f56cd097": {"runs": 37, "balls": 23, "wickets": 0}, "bf1d7d3e": {"runs": 9, "balls": 5, "wickets": 0}, "85aae393": {"runs": 15, "balls": 18, "wickets": 0}, "dc4686e6": {"runs": 4, "balls": 3, "wickets": 0}, "b2570b38": {"runs": 5, "balls": 2, "wickets": 0}, "ef5da05c": {"runs": 5, "balls": 10, "wickets": 0}, "626c5379": {"runs": 1, "balls": 2, "wickets": 0}, "b552a935": {"runs": 1, "balls": 3, "wickets": 1}, "5d9a1a73": {"runs": 18, "balls": 10, "wickets": 0}, "957532de": {"runs": 22, "balls": 13, "wickets": 2}, "0c432afb": {"runs": 2, "balls": 3, "wickets": 1}, "ddb00822": {"runs": 18, "balls": 6, "wickets": 0}, "2f28dc94": {"runs": 38, "balls": 42, "wickets": 1}, "5531248e": {"runs": 12, "balls": 3, "wickets": 0}, "d2fcce2f": {"runs": 85, "balls": 130, "wickets": 1}, "f5f18a18": {"runs": 17, "balls": 10, "wickets": 1}, "8f7a598f": {"runs": 42, "balls": 70, "wickets": 1}, "f78e7113": {"runs": 38, "balls": 50, "wickets": 0}, "9868bc75": {"runs": 14, "balls": 11, "wickets": 0}, "dd37da14": {"runs": 73, "balls": 121, "wickets": 2}, "5bdcdb72": {"runs": 22, "balls": 41, "wickets": 1}, "12bffe91": {"runs": 32, "balls": 32, "wickets": 1}, "5bb5a915": {"runs": 146, "balls": 136, "wickets": 3}, "dec8e038": {"runs": 13, "balls": 4, "wickets": 0}, "7c503806": {"runs": 43, "balls": 39, "wickets": 0}, "cfe70281": {"runs": 24, "balls": 72, "wickets": 1}, "acee4cc4": {"runs": 109, "balls": 107, "wickets": 4}, "4c4fa80b": {"runs": 27, "balls": 29, "wickets": 0}, "c5928dec": {"runs": 15, "balls": 15, "wickets": 0}, "bbd41817": {"runs": 93, "balls": 68, "wickets": 1}, "9d430b40": {"runs": 141, "balls": 155, "wickets": 4}, "b67bfaae": {"runs": 31, "balls": 20, "wickets": 1}, "531f0278": {"runs": 47, "balls": 21, "wickets": 0}, "7a80ddf2": {"runs": 27, "balls": 29, "wickets": 1}, "d76b0d2d": {"runs": 33, "balls": 117, "wickets": 2}, "f62772e5": {"runs": 24, "balls": 21, "wickets": 3}, "9d80c5e1": {"runs": 38, "balls": 38, "wickets": 1}, "1a0c3177": {"runs": 38, "balls": 18, "wickets": 1}, "2e81a32d": {"runs": 135, "balls": 178, "wickets": 4}, "3a60e0b5": {"runs": 59, "balls": 56, "wickets": 4}, "f842c2cf": {"runs": 9, "balls": 7, "wickets": 0}, "30a45b23": {"runs": 4, "balls": 1, "wickets": 0}, "f3171936": {"runs": 1, "balls": 6, "wickets": 2}, "d718440b": {"runs": 1, "balls": 1, "wickets": 0}, "7be8a0ed": {"runs": 29, "balls": 16, "wickets": 1}, "7ca5e05d": {"runs": 31, "balls": 46, "wickets": 1}, "4f7279a4": {"runs": 36, "balls": 29, "wickets": 0}, "568e5a4a": {"runs": 2, "balls": 5, "wickets": 0}, "99cddc5e": {"runs": 14, "balls": 8, "wickets": 0}, "cf494ffe": {"runs": 18, "balls": 13, "wickets": 0}, "243431b5": {"runs": 0, "balls": 1, "wickets": 0}, "ba607b88": {"runs": 17, "balls": 11, "wickets": 0}, "740742ef": {"runs": 9, "balls": 12, "wickets": 0}, "2e8994e7": {"runs": 46, "balls": 29, "wickets": 1}, "76388dc8": {"runs": 34, "balls": 42, "wickets": 2}, "5da34add": {"runs": 1, "balls": 5, "wickets": 1}, "9b79b9de": {"runs": 18, "balls": 39, "wickets": 1}, "db767b89": {"runs": 22, "balls": 23, "wickets": 2}, "8cf9814c": {"runs": 91, "balls": 140, "wickets": 5}, "f5180fe6": {"runs": 26, "balls": 24, "wickets": 1}, "26a85969": {"runs": 7, "balls": 5, "wickets": 1}, "759ac88f": {"runs": 71, "balls": 55, "wickets": 4}, "0f721006": {"runs": 25, "balls": 26, "wickets": 0}, "fb66ce1f": {"runs": 49, "balls": 27, "wickets": 0}, "119678fd": {"runs": 64, "balls": 47, "wickets": 1}, "32198ae0": {"runs": 13, "balls": 12, "wickets": 1}, "287686fd": {"runs": 10, "balls": 6, "wickets": 0}, "cc1e8c68": {"runs": 119, "balls": 98, "wickets": 1}, "dcf81436": {"runs": 34, "balls": 14, "wickets": 0}, "c18496e1": {"runs": 11, "balls": 7, "wickets": 0}, "49b6c09f": {"runs": 33, "balls": 24, "wickets": 0}, "51a3c5ef": {"runs": 41, "balls": 35, "wickets": 2}, "b20f423b": {"runs": 35, "balls": 25, "wickets": 0}, "e087956b": {"runs": 114, "balls": 132, "wickets": 5}, "ffe699c0": {"runs": 49, "balls": 43, "wickets": 2}, "a343262c": {"runs": 55, "balls": 36, "wickets": 0}, "33085ffb": {"runs": 12, "balls": 9, "wickets": 0}, "a9da7784": {"runs": 31, "balls": 37, "wickets": 2}, "b56dc5f7": {"runs": 9, "balls": 8, "wickets": 0}, "3a0f6df2": {"runs": 22, "balls": 16, "wickets": 1}, "2e171977": {"runs": 63, "balls": 64, "wickets": 6}, "3fb19989": {"runs": 26, "balls": 15, "wickets": 0}, "57ee1fde": {"runs": 24, "balls": 34, "wickets": 3}, "e0407c01": {"runs": 18, "balls": 15, "wickets": 0}, "0994d0ae": {"runs": 28, "balls": 8, "wickets": 0}, "8abdf100": {"runs": 6, "balls": 8, "wickets": 0}, "462411b3": {"runs": 47, "balls": 51, "wickets": 2}, "c654af19": {"runs": 45, "balls": 37, "wickets": 1}, "e62dd25d": {"runs": 50, "balls": 41, "wickets": 0}, "aa8d28ae": {"runs": 8, "balls": 10, "wickets": 0}, "d4eef961": {"runs": 2, "balls": 3, "wickets": 0}, "dce2019b": {"runs": 13, "balls": 29, "wickets": 1}, "c4487b84": {"runs": 14, "balls": 8, "wickets": 0}, "0a3d54b9": {"runs": 19, "balls": 41, "wickets": 1}, "4b57e452": {"runs": 4, "balls": 11, "wickets": 0}, "1dc12ab9": {"runs": 17, "balls": 26, "wickets": 0}, "a818c1be": {"runs": 32, "balls": 45, "wickets": 0}, "7fa2ab1f": {"runs": 14, "balls": 14, "wickets": 0}, "d3868bd0": {"runs": 7, "balls": 6, "wickets": 1}, "7429c452": {"runs": 3, "balls": 3, "wickets": 0}, "b3118300": {"runs": 87, "balls": 82, "wickets": 4}, "a63775d6": {"runs": 9, "balls": 11, "wickets": 1}, "5af743d0": {"runs": 45, "balls": 30, "wickets": 1}, "7cd0a092": {"runs": 4, "balls": 7, "wickets": 0}, "210b05cb": {"runs": 8, "balls": 10, "wickets": 1}, "e84ac20c": {"runs": 1, "balls": 2, "wickets": 0}, "ce820073": {"runs": 102, "balls": 54, "wickets": 0}, "69be866a": {"runs": 13, "balls": 8, "wickets": 0}, "6f49cc6e": {"runs": 18, "balls": 4, "wickets": 0}, "f986ca1a": {"runs": 2, "balls": 6, "wickets": 0}, "4125d931": {"runs": 11, "balls": 16, "wickets": 2}, "1558d83b": {"runs": 1, "balls": 1, "wickets": 0}, "56ab442f": {"runs": 12, "balls": 12, "wickets": 0}, "9a158001": {"runs": 25, "balls": 10, "wickets": 0}, "7d5af2ea": {"runs": 5, "balls": 18, "wickets": 0}, "78dfe704": {"runs": 16, "balls": 33, "wickets": 0}, "bb351c23": {"runs": 40, "balls": 38, "wickets": 0}, "8d92a2c3": {"runs": 13, "balls": 33, "wickets": 0}, "e957b38f": {"runs": 2, "balls": 4, "wickets": 0}, "c89474d1": {"runs": 3, "balls": 5, "wickets": 0}, "7f3ad1ed": {"runs": 9, "balls": 3, "wickets": 0}, "aae9ce90": {"runs": 5, "balls": 4, "wickets": 0}, "0095ce38": {"runs": 0, "balls": 1, "wickets": 0}, "0164b064": {"runs": 12, "balls": 18, "wickets": 3}, "6834d1f2": {"runs": 17, "balls": 21, "wickets": 0}, "b2a79f17": {"runs": 54, "balls": 37, "wickets": 3}, "addfb70e": {"runs": 19, "balls": 17, "wickets": 1}, "88209c84": {"runs": 34, "balls": 23, "wickets": 0}, "2e11c706": {"runs": 36, "balls": 22, "wickets": 0}, "903560ed": {"runs": 14, "balls": 10, "wickets": 1}, "7c8f533d": {"runs": 23, "balls": 12, "wickets": 0}, "4933f499": {"runs": 7, "balls": 19, "wickets": 2}, "7f048519": {"runs": 2, "balls": 4, "wickets": 0}, "7c7d63a2": {"runs": 11, "balls": 4, "wickets": 1}, "2318ba22": {"runs": 1, "balls": 1, "wickets": 0}, "96824e68": {"runs": 22, "balls": 14, "wickets": 0}, "502b2c81": {"runs": 13, "balls": 3, "wickets": 0}, "519c30cb": {"runs": 13, "balls": 12, "wickets": 0}, "6042bf26": {"runs": 19, "balls": 9, "wickets": 0}, "e1b9f3a9": {"runs": 19, "balls": 12, "wickets": 1}, "bc773eeb": {"runs": 7, "balls": 6, "wickets": 0}, "1a2676c5": {"runs": 49, "balls": 32, "wickets": 3}, "96a6a7ad": {"runs": 26, "balls": 13, "wickets": 0}, "70c4f525": {"runs": 1, "balls": 1, "wickets": 0}, "9f54ae00": {"runs": 1, "balls": 1, "wickets": 0}, "14f96089": {"runs": 24, "balls": 22, "wickets": 1}, "d9273ee7": {"runs": 3, "balls": 6, "wickets": 1}, "dbe50b21": {"runs": 49, "balls": 28, "wickets": 1}, "eb2d5fe7": {"runs": 37, "balls": 33, "wickets": 0}, "62af8546": {"runs": 4, "balls": 11, "wickets": 1}, "3086f7a4": {"runs": 24, "balls": 30, "wickets": 2}, "086f5984": {"runs": 70, "balls": 31, "wickets": 1}, "574665e2": {"runs": 40, "balls": 20, "wickets": 1}, "9cb8d7a6": {"runs": 40, "balls": 37, "wickets": 1}, "557153ca": {"runs": 36, "balls": 20, "wickets": 1}, "9fd3a210": {"runs": 14, "balls": 10, "wickets": 0}, "a3a1c7ef": {"runs": 18, "balls": 7, "wickets": 0}, "5441db8c": {"runs": 4, "balls": 4, "wickets": 1}, "3f5f39cd": {"runs": 1, "balls": 1, "wickets": 0}, "0a8fce53": {"runs": 25, "balls": 23, "wickets": 2}, "f3c150bb": {"runs": 7, "balls": 4, "wickets": 0}, "bb01f9e0": {"runs": 1, "balls": 1, "wickets": 0}, "e342e5fb": {"runs": 49, "balls": 31, "wickets": 0}, "5b8c830e": {"runs": 31, "balls": 31, "wickets": 2}, "d8b2f218": {"runs": 4, "balls": 4, "wickets": 0}, "edb3d4f8": {"runs": 0, "balls": 1, "wickets": 0}, "684a56df": {"runs": 4, "balls": 5, "wickets": 0}, "a03bba42": {"runs": 8, "balls": 8, "wickets": 0}, "0a9d8b61": {"runs": 16, "balls": 6, "wickets": 1}, "a1d053dd": {"runs": 29, "balls": 16, "wickets": 0}, "b0946605": {"runs": 0, "balls": 1, "wickets": 0}, "e7de4f6b": {"runs": 14, "balls": 11, "wickets": 1}, "df60a57a": {"runs": 1, "balls": 1, "wickets": 0}, "ed90abe4": {"runs": 1, "balls": 2, "wickets": 0}, "650d5e49": {"runs": 66, "balls": 25, "wickets": 0}, "78cb83f3": {"runs": 36, "balls": 19, "wickets": 1}, "1ee08e9a": {"runs": 2, "balls": 6, "wickets": 1}, "d167edd3": {"runs": 4, "balls": 3, "wickets": 0}, "51a60c16": {"runs": 28, "balls": 28, "wickets": 1}, "2a2e6343": {"runs": 43, "balls": 20, "wickets": 1}, "1a156c88": {"runs": 3, "balls": 5, "wickets": 0}, "5456bd0c": {"runs": 27, "balls": 13, "wickets": 0}, "c96a215f": {"runs": 12, "balls": 7, "wickets": 1}, "2911de16": {"runs": 56, "balls": 55, "wickets": 1}, "f2800ef3": {"runs": 21, "balls": 18, "wickets": 0}, "486065b3": {"runs": 3, "balls": 5, "wickets": 0}, "6dd8b88c": {"runs": 31, "balls": 22, "wickets": 0}, "f0e722e0": {"runs": 8, "balls": 11, "wickets": 0}, "907d6e58": {"runs": 25, "balls": 15, "wickets": 0}, "5f547c8b": {"runs": 108, "balls": 71, "wickets": 0}, "ded9240e": {"runs": 22, "balls": 25, "wickets": 0}, "1abb78f8": {"runs": 3, "balls": 5, "wickets": 0}, "6f4c73ce": {"runs": 12, "balls": 7, "wickets": 0}, "75224f22": {"runs": 30, "balls": 10, "wickets": 0}, "b52ffbbd": {"runs": 7, "balls": 3, "wickets": 0}, "4d7f517e": {"runs": 7, "balls": 3, "wickets": 0}, "3540beff": {"runs": 22, "balls": 17, "wickets": 0}, "caf69bf7": {"runs": 2, "balls": 5, "wickets": 1}, "bd93fea4": {"runs": 17, "balls": 18, "wickets": 0}, "12b610c2": {"runs": 0, "balls": 1, "wickets": 1}, "86b4bf88": {"runs": 46, "balls": 18, "wickets": 0}, "9de62878": {"runs": 42, "balls": 20, "wickets": 1}, "898e628d": {"runs": 29, "balls": 20, "wickets": 0}, "5574750c": {"runs": 34, "balls": 28, "wickets": 1}, "245c97cb": {"runs": 27, "balls": 23, "wickets": 0}, "1b04e02b": {"runs": 2, "balls": 2, "wickets": 0}, "7517d134": {"runs": 19, "balls": 16, "wickets": 0}, "68e26ec9": {"runs": 4, "balls": 7, "wickets": 0}, "a2421394": {"runs": 6, "balls": 5, "wickets": 0}, "a5b71472": {"runs": 19, "balls": 10, "wickets": 0}, "208f22ea": {"runs": 1, "balls": 2, "wickets": 0}, "012829ff": {"runs": 17, "balls": 12, "wickets": 0}, "de6efa4a": {"runs": 17, "balls": 7, "wickets": 0}, "dfc4d8b5": {"runs": 12, "balls": 16, "wickets": 1}, "f1c61793": {"runs": 0, "balls": 2, "wickets": 1}, "45a7e761": {"runs": 15, "balls": 12, "wickets": 1}, "1c790f4f": {"runs": 17, "balls": 13, "wickets": 0}, "3be224b0": {"runs": 34, "balls": 30, "wickets": 0}, "f69f1d8a": {"runs": 52, "balls": 28, "wickets": 2}, "e9ea5eb5": {"runs": 6, "balls": 4, "wickets": 1}, "a8e3170f": {"runs": 49, "balls": 38, "wickets": 0}, "1bf9a8ef": {"runs": 33, "balls": 10, "wickets": 0}, "4a461c24": {"runs": 46, "balls": 20, "wickets": 0}, "18fac429": {"runs": 29, "balls": 29, "wickets": 2}, "e86754b2": {"runs": 32, "balls": 14, "wickets": 2}, "bd17b45f": {"runs": 22, "balls": 9, "wickets": 0}, "90de905a": {"runs": 37, "balls": 19, "wickets": 0}, "7a8bd078": {"runs": 13, "balls": 10, "wickets": 0}, "39a2dfa8": {"runs": 17, "balls": 8, "wickets": 1}, "eef2536f": {"runs": 19, "balls": 10, "wickets": 0}, "b681e71e": {"runs": 3, "balls": 3, "wickets": 0}, "c38d3503": {"runs": 22, "balls": 17, "wickets": 0}, "8d2c70ad": {"runs": 12, "balls": 4, "wickets": 0}, "24d94623": {"runs": 5, "balls": 2, "wickets": 0}, "641ac5ff": {"runs": 10, "balls": 5, "wickets": 0}, "b410bd3d": {"runs": 3, "balls": 9, "wickets": 1}, "f60dc2a5": {"runs": 14, "balls": 9, "wickets": 0}, "bdadf7da": {"runs": 5, "balls": 4, "wickets": 0}, "808f425a": {"runs": 1, "balls": 2, "wickets": 0}, "64775749": {"runs": 18, "balls": 8, "wickets": 1}, "7d92277a": {"runs": 29, "balls": 23, "wickets": 1}, "f752db61": {"runs": 3, "balls": 5, "wickets": 0}, "5f317fd4": {"runs": 2, "balls": 5, "wickets": 0}, "e412cb64": {"runs": 1, "balls": 5, "wickets": 1}, "bd4ea627": {"runs": 27, "balls": 17, "wickets": 1}, "afa78c3a": {"runs": 14, "balls": 9, "wickets": 0}, "7873a628": {"runs": 2, "balls": 7, "wickets": 0}, "54c58a5e": {"runs": 37, "balls": 26, "wickets": 0}, "db3643f3": {"runs": 13, "balls": 11, "wickets": 2}, "a089f93f": {"runs": 14, "balls": 8, "wickets": 0}, "21d4e29b": {"runs": 0, "balls": 4, "wickets": 0}, "e94915e6": {"runs": 8, "balls": 12, "wickets": 1}, "e2db2409": {"runs": 0, "balls": 1, "wickets": 0}, "85e0cf10": {"runs": 6, "balls": 4, "wickets": 0}, "a2f46292": {"runs": 22, "balls": 14, "wickets": 0}, "c05edf8e": {"runs": 27, "balls": 15, "wickets": 0}, "2ed569a0": {"runs": 8, "balls": 10, "wickets": 0}, "81049310": {"runs": 1, "balls": 3, "wickets": 0}, "8b248d88": {"runs": 0, "balls": 4, "wickets": 1}, "c0c411cb": {"runs": 1, "balls": 1, "wickets": 0}, "cb5100f1": {"runs": 0, "balls": 7, "wickets": 2}, "9d1d34bd": {"runs": 6, "balls": 3, "wickets": 0}, "37138918": {"runs": 0, "balls": 2, "wickets": 1}, "1670dcfd": {"runs": 20, "balls": 5, "wickets": 0}, "760f445b": {"runs": 5, "balls": 8, "wickets": 0}, "d014d5ac": {"runs": 16, "balls": 9, "wickets": 0}, "5a4c12ab": {"runs": 21, "balls": 8, "wickets": 0}, "9dad0f2e": {"runs": 10, "balls": 7, "wickets": 0}, "99d7d5b7": {"runs": 5, "balls": 6, "wickets": 0}, "9b8a3c39": {"runs": 10, "balls": 7, "wickets": 0}, "72f03be4": {"runs": 1, "balls": 1, "wickets": 0}, "bbfa0b42": {"runs": 26, "balls": 10, "wickets": 0}, "7662cf7a": {"runs": 10, "balls": 6, "wickets": 0}, "a968d8eb": {"runs": 2, "balls": 4, "wickets": 1}, "f59b3bd1": {"runs": 6, "balls": 6, "wickets": 0}, "ed031922": {"runs": 22, "balls": 7, "wickets": 1}, "b0eaaac6": {"runs": 11, "balls": 4, "wickets": 0}, "acdc62f5": {"runs": 2, "balls": 8, "wickets": 1}, "df064e1a": {"runs": 22, "balls": 14, "wickets": 0}, "5b7ab5a9": {"runs": 9, "balls": 10, "wickets": 1}, "b4f5c2d9": {"runs": 19, "balls": 13, "wickets": 0}, "f19ccfad": {"runs": 5, "balls": 6, "wickets": 1}, "ce794613": {"runs": 9, "balls": 8, "wickets": 1}, "46a9bea1": {"runs": 9, "balls": 4, "wickets": 0}, "5d2eea49": {"runs": 8, "balls": 3, "wickets": 1}, "2f9d0389": {"runs": 0, "balls": 2, "wickets": 0}}, "fifties": 102, "thirties": 94, "centuries": 25, "maidens": 251.0, "hattricks": 29, "runs": 17277.0, "wickets": 365.0, "club_ODI_previous3_runs": [], "club_ODI_previous3_wickets": [], "club_ODI_previous3_balls played": [], "club_ODI_previous3_overs": [], "club_ODI_previous3_runs gave": [], "club_ODI_lifetime_runs": 0.0, "club_ODI_lifetime_wickets": 0.0, "club_ODI_lifetime_balls played": 0.0, "club_ODI_lifetime_overs": 0.0, "club_ODI_lifetime_runs gave": 0.0, "club_Test_previous3_runs": [], "club_Test_previous3_wickets": [], "club_Test_previous3_balls played": [], "club_Test_previous3_overs": [], "club_Test_previous3_runs gave": [], "club_Test_lifetime_runs": 0.0, "club_Test_lifetime_wickets": 0.0, "club_Test_lifetime_balls played": 0.0, "club_Test_lifetime_overs": 0.0, "club_Test_lifetime_runs gave": 0.0, "club_T20_previous3_runs": [36.0, 8.0, 14.0], "club_T20_previous3_wickets": [0.0, 0.0, 0.0], "club_T20_previous3_balls played": [28.0, 3.0, 19.0], "club_T20_previous3_overs": [0.0, 0.0, 0.0], "club_T20_previous3_runs gave": [0.0, 0.0, 0.0], "club_T20_lifetime_runs": 6771.0, "club_T20_lifetime_wickets": 137.0, "club_T20_lifetime_balls played": 4887.0, "club_T20_lifetime_overs": 514.3333333333334, "club_T20_lifetime_runs gave": 4244.0, "international_ODI_previous3_runs": [26.0, 6.0, 39.0], "international_ODI_previous3_wickets": [0.0, 2.0, 0.0], "international_ODI_previous3_balls played": [25.0, 11.0, 38.0], "international_ODI_previous3_overs": [1.8333333333333335, 8.0, 0.0], "international_ODI_previous3_runs gave": [17.0, 39.0, 0.0], "international_ODI_lifetime_runs": 5357.0, "international_ODI_lifetime_wickets": 132.0, "international_ODI_lifetime_balls played": 5820.0, "international_ODI_lifetime_overs": 926.0000000000002, "international_ODI_lifetime_runs gave": 4767.0, "international_Test_previous3_runs": [11.0, 25.0, 49.0], "international_Test_previous3_wickets": [0.0, 1.0, 0.0], "international_Test_previous3_balls played": [13.0, 73.0, 115.0], "international_Test_previous3_overs": [10.0, 6.0, 12.833333333333334], "international_Test_previous3_runs gave": [17.0, 13.0, 51.0], "international_Test_lifetime_runs": 3684.0, "international_Test_lifetime_wickets": 50.0, "international_Test_lifetime_balls played": 6913.0, "international_Test_lifetime_overs": 887.0, "international_Test_lifetime_runs gave": 2539.0, "international_T20_previous3_runs": [21.0, 44.0, 18.0], "international_T20_previous3_wickets": [2.0, 0.0, 2.0], "international_T20_previous3_balls played": [15.0, 21.0, 16.0], "international_T20_previous3_overs": [4.0, 2.0, 4.0], "international_T20_previous3_runs gave": [32.0, 27.0, 24.0], "international_T20_lifetime_runs": 1465.0, "international_T20_lifetime_wickets": 46.0, "international_T20_lifetime_balls played": 1002.0, "international_T20_lifetime_overs": 154.16666666666666, "international_T20_lifetime_runs gave": 1224.0}