{"played_against": {"37f501d7": {"runs": 24, "balls": 14, "wickets": 1}, "7fe5deb8": {"runs": 2, "balls": 4, "wickets": 0}, "126e56a1": {"runs": 7, "balls": 9, "wickets": 0}, "10a91f35": {"runs": 7, "balls": 7, "wickets": 1}, "d12143bf": {"runs": 24, "balls": 24, "wickets": 0}, "25020f9d": {"runs": 15, "balls": 17, "wickets": 0}, "ddc0828d": {"runs": 19, "balls": 18, "wickets": 0}, "f44af07f": {"runs": 18, "balls": 15, "wickets": 1}, "6e1b1ec0": {"runs": 9, "balls": 8, "wickets": 0}, "96fd40ae": {"runs": 0, "balls": 1, "wickets": 0}, "91a4a398": {"runs": 10, "balls": 11, "wickets": 0}, "bad31fac": {"runs": 15, "balls": 12, "wickets": 0}, "8b5b6769": {"runs": 2, "balls": 2, "wickets": 0}, "99663fa5": {"runs": 2, "balls": 3, "wickets": 1}, "ee7d0c82": {"runs": 4, "balls": 4, "wickets": 1}, "cefe0886": {"runs": 18, "balls": 15, "wickets": 0}, "21231130": {"runs": 19, "balls": 22, "wickets": 0}, "d2f72b19": {"runs": 2, "balls": 2, "wickets": 0}, "51080a1f": {"runs": 2, "balls": 3, "wickets": 1}}, "fifties": 1, "thirties": 1, "centuries": 0, "maidens": 0.0, "hattricks": 0, "runs": 199.0, "wickets": 3.0, "club_ODI_previous3_runs": [], "club_ODI_previous3_wickets": [], "club_ODI_previous3_balls played": [], "club_ODI_previous3_overs": [], "club_ODI_previous3_runs gave": [], "club_ODI_lifetime_runs": 0.0, "club_ODI_lifetime_wickets": 0.0, "club_ODI_lifetime_balls played": 0.0, "club_ODI_lifetime_overs": 0.0, "club_ODI_lifetime_runs gave": 0.0, "club_Test_previous3_runs": [], "club_Test_previous3_wickets": [], "club_Test_previous3_balls played": [], "club_Test_previous3_overs": [], "club_Test_previous3_runs gave": [], "club_Test_lifetime_runs": 0.0, "club_Test_lifetime_wickets": 0.0, "club_Test_lifetime_balls played": 0.0, "club_Test_lifetime_overs": 0.0, "club_Test_lifetime_runs gave": 0.0, "club_T20_previous3_runs": [], "club_T20_previous3_wickets": [], "club_T20_previous3_balls played": [], "club_T20_previous3_overs": [], "club_T20_previous3_runs gave": [], "club_T20_lifetime_runs": 0.0, "club_T20_lifetime_wickets": 0.0, "club_T20_lifetime_balls played": 0.0, "club_T20_lifetime_overs": 0.0, "club_T20_lifetime_runs gave": 0.0, "international_ODI_previous3_runs": [29.0, 4.0, 41.0], "international_ODI_previous3_wickets": [0.0, 0.0, 0.0], "international_ODI_previous3_balls played": [30.0, 4.0, 42.0], "international_ODI_previous3_overs": [0.0, 4.0, 3.0], "international_ODI_previous3_runs gave": [0.0, 22.0, 18.0], "international_ODI_lifetime_runs": 199.0, "international_ODI_lifetime_wickets": 3.0, "international_ODI_lifetime_balls played": 195.0, "international_ODI_lifetime_overs": 16.0, "international_ODI_lifetime_runs gave": 104.0, "international_Test_previous3_runs": [], "international_Test_previous3_wickets": [], "international_Test_previous3_balls played": [], "international_Test_previous3_overs": [], "international_Test_previous3_runs gave": [], "international_Test_lifetime_runs": 0.0, "international_Test_lifetime_wickets": 0.0, "international_Test_lifetime_balls played": 0.0, "international_Test_lifetime_overs": 0.0, "international_Test_lifetime_runs gave": 0.0, "international_T20_previous3_runs": [], "international_T20_previous3_wickets": [], "international_T20_previous3_balls played": [], "international_T20_previous3_overs": [], "international_T20_previous3_runs gave": [], "international_T20_lifetime_runs": 0.0, "international_T20_lifetime_wickets": 0.0, "international_T20_lifetime_balls played": 0.0, "international_T20_lifetime_overs": 0.0, "international_T20_lifetime_runs gave": 0.0}