{"played_against": {"e85d03d6": {"runs": 25, "balls": 62, "wickets": 0}, "f468293b": {"runs": 18, "balls": 10, "wickets": 0}, "1688f2dc": {"runs": 33, "balls": 31, "wickets": 2}, "ff6a7ab5": {"runs": 2, "balls": 5, "wickets": 0}, "bb134e5c": {"runs": 19, "balls": 19, "wickets": 0}, "95a5e066": {"runs": 16, "balls": 8, "wickets": 0}, "6ad2d5f7": {"runs": 9, "balls": 14, "wickets": 0}, "cd4d7695": {"runs": 3, "balls": 8, "wickets": 0}, "f53b3e1d": {"runs": 15, "balls": 34, "wickets": 1}, "e3386c8a": {"runs": 12, "balls": 13, "wickets": 0}, "9811e35e": {"runs": 3, "balls": 4, "wickets": 0}, "8955b928": {"runs": 10, "balls": 7, "wickets": 0}, "1747ea18": {"runs": 2, "balls": 2, "wickets": 0}, "915264c2": {"runs": 13, "balls": 9, "wickets": 0}, "b410bd3d": {"runs": 11, "balls": 22, "wickets": 1}, "7e9f1cde": {"runs": 24, "balls": 19, "wickets": 0}, "c26cd57a": {"runs": 16, "balls": 18, "wickets": 0}, "1adb8ee8": {"runs": 12, "balls": 18, "wickets": 0}, "fc55ec67": {"runs": 8, "balls": 15, "wickets": 1}, "9061a703": {"runs": 13, "balls": 11, "wickets": 0}, "e957b38f": {"runs": 3, "balls": 8, "wickets": 0}, "84dc72db": {"runs": 16, "balls": 24, "wickets": 2}, "f5715b48": {"runs": 0, "balls": 1, "wickets": 1}, "dcdb87f2": {"runs": 35, "balls": 35, "wickets": 1}, "bd9fbd51": {"runs": 19, "balls": 29, "wickets": 0}, "c5d7b244": {"runs": 21, "balls": 18, "wickets": 0}, "34464143": {"runs": 49, "balls": 32, "wickets": 0}, "44d6a8b8": {"runs": 34, "balls": 22, "wickets": 0}, "526e006d": {"runs": 14, "balls": 13, "wickets": 0}, "b3b39bed": {"runs": 27, "balls": 19, "wickets": 0}, "4751caa3": {"runs": 0, "balls": 2, "wickets": 0}, "8012d0b8": {"runs": 0, "balls": 4, "wickets": 0}, "f24c6701": {"runs": 5, "balls": 5, "wickets": 1}, "0f721006": {"runs": 14, "balls": 24, "wickets": 0}, "b0946605": {"runs": 13, "balls": 21, "wickets": 0}, "c5aef772": {"runs": 12, "balls": 13, "wickets": 1}, "73c18486": {"runs": 6, "balls": 6, "wickets": 0}, "4d7f517e": {"runs": 13, "balls": 29, "wickets": 0}, "314642ed": {"runs": 11, "balls": 13, "wickets": 0}, "5bbabe59": {"runs": 21, "balls": 14, "wickets": 0}, "4bc0a378": {"runs": 4, "balls": 4, "wickets": 0}, "afe57f7a": {"runs": 5, "balls": 8, "wickets": 1}, "26d041c4": {"runs": 4, "balls": 8, "wickets": 0}, "782fb776": {"runs": 15, "balls": 21, "wickets": 0}, "ff1ec94d": {"runs": 22, "balls": 18, "wickets": 1}, "527c2dab": {"runs": 20, "balls": 18, "wickets": 0}, "fc4375ef": {"runs": 22, "balls": 23, "wickets": 0}, "803dbf1d": {"runs": 13, "balls": 13, "wickets": 0}, "5d38476c": {"runs": 10, "balls": 10, "wickets": 0}, "2a9eee66": {"runs": 4, "balls": 7, "wickets": 0}, "352e589f": {"runs": 4, "balls": 4, "wickets": 1}, "37d8d19a": {"runs": 4, "balls": 3, "wickets": 0}, "9e0bd203": {"runs": 1, "balls": 2, "wickets": 1}, "6b46ce43": {"runs": 1, "balls": 1, "wickets": 0}, "a77472dc": {"runs": 9, "balls": 8, "wickets": 0}, "ab21795b": {"runs": 20, "balls": 12, "wickets": 0}, "0e56c514": {"runs": 20, "balls": 13, "wickets": 1}, "42151725": {"runs": 25, "balls": 8, "wickets": 0}, "d76ab352": {"runs": 7, "balls": 5, "wickets": 0}, "31c04b7b": {"runs": 15, "balls": 4, "wickets": 0}, "f1c4f2ea": {"runs": 4, "balls": 3, "wickets": 0}, "5de198db": {"runs": 7, "balls": 9, "wickets": 0}, "46821fbd": {"runs": 11, "balls": 10, "wickets": 0}, "67ec2b09": {"runs": 1, "balls": 1, "wickets": 0}, "c1f05d1d": {"runs": 4, "balls": 4, "wickets": 0}, "dae28050": {"runs": 1, "balls": 1, "wickets": 0}, "b0f2d3bd": {"runs": 2, "balls": 5, "wickets": 0}, "ef141f36": {"runs": 1, "balls": 2, "wickets": 0}, "5902f2eb": {"runs": 7, "balls": 4, "wickets": 0}, "28b032ac": {"runs": 0, "balls": 1, "wickets": 1}, "3766056b": {"runs": 16, "balls": 8, "wickets": 0}, "478a63e7": {"runs": 10, "balls": 5, "wickets": 0}, "1a448be0": {"runs": 21, "balls": 10, "wickets": 1}, "99cddc5e": {"runs": 7, "balls": 3, "wickets": 0}, "af98bf5b": {"runs": 5, "balls": 5, "wickets": 0}, "c01d7726": {"runs": 26, "balls": 30, "wickets": 1}, "f8c72766": {"runs": 6, "balls": 6, "wickets": 0}, "f28a60e0": {"runs": 15, "balls": 17, "wickets": 1}, "adbf0400": {"runs": 10, "balls": 4, "wickets": 0}, "d2d15439": {"runs": 9, "balls": 10, "wickets": 1}, "f0e293b0": {"runs": 2, "balls": 9, "wickets": 0}, "2eece016": {"runs": 7, "balls": 7, "wickets": 0}, "9124aa4c": {"runs": 9, "balls": 8, "wickets": 0}, "fdc1ac0f": {"runs": 1, "balls": 1, "wickets": 0}, "edfe226f": {"runs": 0, "balls": 2, "wickets": 1}, "aa8d28ae": {"runs": 0, "balls": 5, "wickets": 0}, "72253b87": {"runs": 11, "balls": 16, "wickets": 1}, "e29e9c12": {"runs": 5, "balls": 3, "wickets": 0}, "d7bfcc0b": {"runs": 11, "balls": 5, "wickets": 0}, "3fb19989": {"runs": 9, "balls": 6, "wickets": 0}, "9eb1455b": {"runs": 14, "balls": 9, "wickets": 0}, "b681e71e": {"runs": 9, "balls": 4, "wickets": 0}, "14f96089": {"runs": 46, "balls": 30, "wickets": 1}, "a2421394": {"runs": 14, "balls": 5, "wickets": 0}, "537021f5": {"runs": 8, "balls": 15, "wickets": 0}, "3c87f0c3": {"runs": 12, "balls": 16, "wickets": 0}, "21afb939": {"runs": 9, "balls": 8, "wickets": 0}, "89ce57a8": {"runs": 0, "balls": 3, "wickets": 1}, "3b53243a": {"runs": 8, "balls": 11, "wickets": 1}, "1a2676c5": {"runs": 27, "balls": 19, "wickets": 1}, "64775749": {"runs": 1, "balls": 1, "wickets": 0}, "d405c0d5": {"runs": 11, "balls": 7, "wickets": 0}, "d9273ee7": {"runs": 16, "balls": 13, "wickets": 1}, "eaa76d3c": {"runs": 21, "balls": 8, "wickets": 0}, "fe366f34": {"runs": 18, "balls": 11, "wickets": 0}, "c8a3f688": {"runs": 32, "balls": 22, "wickets": 0}, "5ec41cd7": {"runs": 37, "balls": 25, "wickets": 1}, "97b0e4ff": {"runs": 28, "balls": 27, "wickets": 0}, "f7d267f7": {"runs": 26, "balls": 32, "wickets": 0}, "0bf15e52": {"runs": 28, "balls": 31, "wickets": 0}}, "fifties": 8, "thirties": 8, "centuries": 3, "maidens": 14.0, "hattricks": 4, "runs": 1385.0, "wickets": 30.0, "club_ODI_previous3_runs": [], "club_ODI_previous3_wickets": [], "club_ODI_previous3_balls played": [], "club_ODI_previous3_overs": [], "club_ODI_previous3_runs gave": [], "club_ODI_lifetime_runs": 0.0, "club_ODI_lifetime_wickets": 0.0, "club_ODI_lifetime_balls played": 0.0, "club_ODI_lifetime_overs": 0.0, "club_ODI_lifetime_runs gave": 0.0, "club_Test_previous3_runs": [], "club_Test_previous3_wickets": [], "club_Test_previous3_balls played": [], "club_Test_previous3_overs": [], "club_Test_previous3_runs gave": [], "club_Test_lifetime_runs": 0.0, "club_Test_lifetime_wickets": 0.0, "club_Test_lifetime_balls played": 0.0, "club_Test_lifetime_overs": 0.0, "club_Test_lifetime_runs gave": 0.0, "club_T20_previous3_runs": [], "club_T20_previous3_wickets": [], "club_T20_previous3_balls played": [], "club_T20_previous3_overs": [], "club_T20_previous3_runs gave": [], "club_T20_lifetime_runs": 0.0, "club_T20_lifetime_wickets": 0.0, "club_T20_lifetime_balls played": 0.0, "club_T20_lifetime_overs": 0.0, "club_T20_lifetime_runs gave": 0.0, "international_ODI_previous3_runs": [16.0, 151.0, 0.0], "international_ODI_previous3_wickets": [1.0, 1.0, 0.0], "international_ODI_previous3_balls played": [36.0, 139.0, 0.0], "international_ODI_previous3_overs": [7.833333333333333, 7.0, 3.0], "international_ODI_previous3_runs gave": [43.0, 48.0, 10.0], "international_ODI_lifetime_runs": 888.0, "international_ODI_lifetime_wickets": 28.0, "international_ODI_lifetime_balls played": 1032.0, "international_ODI_lifetime_overs": 169.66666666666666, "international_ODI_lifetime_runs gave": 724.0, "international_Test_previous3_runs": [], "international_Test_previous3_wickets": [], "international_Test_previous3_balls played": [], "international_Test_previous3_overs": [], "international_Test_previous3_runs gave": [], "international_Test_lifetime_runs": 0.0, "international_Test_lifetime_wickets": 0.0, "international_Test_lifetime_balls played": 0.0, "international_Test_lifetime_overs": 0.0, "international_Test_lifetime_runs gave": 0.0, "international_T20_previous3_runs": [19.0, 59.0, 56.0], "international_T20_previous3_wickets": [1.0, 0.0, 0.0], "international_T20_previous3_balls played": [15.0, 42.0, 39.0], "international_T20_previous3_overs": [2.0, 3.0, 2.8333333333333335], "international_T20_previous3_runs gave": [25.0, 21.0, 24.0], "international_T20_lifetime_runs": 497.0, "international_T20_lifetime_wickets": 2.0, "international_T20_lifetime_balls played": 334.0, "international_T20_lifetime_overs": 13.833333333333334, "international_T20_lifetime_runs gave": 128.0}