{"played_against": {"0164b064": {"runs": 0, "balls": 1, "wickets": 1}, "65b6943c": {"runs": 42, "balls": 79, "wickets": 1}, "27c5a793": {"runs": 24, "balls": 44, "wickets": 0}, "b9877635": {"runs": 16, "balls": 57, "wickets": 1}, "0f6db197": {"runs": 11, "balls": 28, "wickets": 0}, "19708692": {"runs": 13, "balls": 161, "wickets": 3}, "50c6bc2b": {"runs": 8, "balls": 10, "wickets": 0}, "eb9cb105": {"runs": 8, "balls": 16, "wickets": 0}, "344c6d55": {"runs": 13, "balls": 42, "wickets": 0}, "787b56d6": {"runs": 7, "balls": 8, "wickets": 0}, "457cab44": {"runs": 11, "balls": 16, "wickets": 0}, "12b610c2": {"runs": 12, "balls": 13, "wickets": 0}, "bdadcca1": {"runs": 6, "balls": 10, "wickets": 0}, "42151725": {"runs": 9, "balls": 7, "wickets": 0}, "b20f423b": {"runs": 0, "balls": 11, "wickets": 1}, "e22d3b5c": {"runs": 19, "balls": 30, "wickets": 0}, "867a45a7": {"runs": 12, "balls": 14, "wickets": 0}, "3a60e0b5": {"runs": 1, "balls": 9, "wickets": 0}, "e871a7a1": {"runs": 11, "balls": 18, "wickets": 1}, "70d57519": {"runs": 3, "balls": 3, "wickets": 0}, "57a76baa": {"runs": 4, "balls": 5, "wickets": 1}, "aeab0d4f": {"runs": 22, "balls": 26, "wickets": 0}, "6c908ffc": {"runs": 32, "balls": 47, "wickets": 1}, "0ecb4de6": {"runs": 28, "balls": 31, "wickets": 0}, "88a004e9": {"runs": 12, "balls": 13, "wickets": 0}, "ed12fcd7": {"runs": 21, "balls": 15, "wickets": 0}, "fd8a9b23": {"runs": 11, "balls": 14, "wickets": 0}, "fec369cd": {"runs": 4, "balls": 5, "wickets": 1}, "5a74e559": {"runs": 16, "balls": 20, "wickets": 1}, "ed47cb25": {"runs": 2, "balls": 2, "wickets": 0}, "d3868bd0": {"runs": 16, "balls": 32, "wickets": 2}, "b8701e6d": {"runs": 8, "balls": 19, "wickets": 0}, "f838b4d1": {"runs": 10, "balls": 15, "wickets": 0}, "f54dbda7": {"runs": 26, "balls": 20, "wickets": 0}, "d8b24492": {"runs": 6, "balls": 11, "wickets": 0}, "876dbe2d": {"runs": 5, "balls": 3, "wickets": 0}, "5da34add": {"runs": 2, "balls": 7, "wickets": 0}, "5e6d1a54": {"runs": 4, "balls": 11, "wickets": 0}, "10f68de1": {"runs": 13, "balls": 16, "wickets": 0}, "1a45b864": {"runs": 23, "balls": 32, "wickets": 1}, "39e2c0fd": {"runs": 6, "balls": 17, "wickets": 0}, "23f2143b": {"runs": 0, "balls": 2, "wickets": 1}, "4a461c24": {"runs": 6, "balls": 5, "wickets": 0}, "3f61a062": {"runs": 24, "balls": 32, "wickets": 1}, "f0a0204e": {"runs": 2, "balls": 2, "wickets": 0}, "2223b920": {"runs": 3, "balls": 14, "wickets": 0}, "a15618fe": {"runs": 0, "balls": 1, "wickets": 0}, "3987e390": {"runs": 1, "balls": 15, "wickets": 0}, "d4eef961": {"runs": 3, "balls": 27, "wickets": 0}, "ba9258a7": {"runs": 1, "balls": 3, "wickets": 0}, "85ebf2be": {"runs": 4, "balls": 8, "wickets": 0}, "4c5d73db": {"runs": 3, "balls": 2, "wickets": 0}, "58043739": {"runs": 0, "balls": 1, "wickets": 0}, "5fed6272": {"runs": 8, "balls": 8, "wickets": 1}, "00cada13": {"runs": 18, "balls": 21, "wickets": 0}, "462d7c62": {"runs": 0, "balls": 4, "wickets": 1}, "b3544c5d": {"runs": 7, "balls": 11, "wickets": 0}, "27e60d6e": {"runs": 5, "balls": 9, "wickets": 0}, "ad212f96": {"runs": 4, "balls": 28, "wickets": 0}, "9fd3a210": {"runs": 12, "balls": 29, "wickets": 1}, "b82e3032": {"runs": 15, "balls": 24, "wickets": 0}, "ba377b40": {"runs": 7, "balls": 13, "wickets": 0}, "01a95383": {"runs": 10, "balls": 21, "wickets": 0}, "ffdba4e2": {"runs": 1, "balls": 8, "wickets": 0}, "07c8a2f4": {"runs": 6, "balls": 17, "wickets": 0}, "68e26ec9": {"runs": 5, "balls": 15, "wickets": 0}, "b082d112": {"runs": 5, "balls": 18, "wickets": 0}, "e5437608": {"runs": 0, "balls": 8, "wickets": 0}, "f2ab7a69": {"runs": 0, "balls": 4, "wickets": 0}, "a77472dc": {"runs": 18, "balls": 25, "wickets": 0}, "a790df98": {"runs": 4, "balls": 30, "wickets": 2}, "679cd31e": {"runs": 1, "balls": 14, "wickets": 0}, "23638956": {"runs": 15, "balls": 20, "wickets": 1}, "d12143bf": {"runs": 12, "balls": 41, "wickets": 0}, "23dee937": {"runs": 12, "balls": 48, "wickets": 0}, "1957c6b7": {"runs": 0, "balls": 4, "wickets": 0}, "e0ac7144": {"runs": 18, "balls": 33, "wickets": 0}, "38c276e1": {"runs": 23, "balls": 39, "wickets": 1}, "2085e1fa": {"runs": 12, "balls": 26, "wickets": 0}, "f3abd0c9": {"runs": 13, "balls": 34, "wickets": 0}, "3581a798": {"runs": 0, "balls": 6, "wickets": 0}, "a9da7784": {"runs": 12, "balls": 14, "wickets": 1}, "4167f30b": {"runs": 10, "balls": 22, "wickets": 2}, "dda5aae5": {"runs": 6, "balls": 14, "wickets": 0}, "819ae1ad": {"runs": 3, "balls": 11, "wickets": 0}, "5239d782": {"runs": 33, "balls": 27, "wickets": 1}, "a63dfe8a": {"runs": 7, "balls": 11, "wickets": 0}, "a6f2b2ef": {"runs": 14, "balls": 16, "wickets": 0}, "ab01e323": {"runs": 20, "balls": 20, "wickets": 0}, "861eed37": {"runs": 0, "balls": 10, "wickets": 1}, "35c08a29": {"runs": 9, "balls": 10, "wickets": 0}, "7a8a0237": {"runs": 1, "balls": 1, "wickets": 0}, "cd143bca": {"runs": 6, "balls": 20, "wickets": 0}, "219cc59e": {"runs": 6, "balls": 7, "wickets": 0}, "fc63d916": {"runs": 1, "balls": 3, "wickets": 1}, "80e44dc5": {"runs": 14, "balls": 32, "wickets": 1}, "03df7a25": {"runs": 6, "balls": 14, "wickets": 0}, "c995d726": {"runs": 12, "balls": 12, "wickets": 0}, "9e707e02": {"runs": 15, "balls": 14, "wickets": 0}, "34c7b9d2": {"runs": 18, "balls": 12, "wickets": 0}, "2fef3b0c": {"runs": 1, "balls": 3, "wickets": 0}, "21d4e29b": {"runs": 13, "balls": 9, "wickets": 0}, "43205dad": {"runs": 14, "balls": 23, "wickets": 0}, "93cad673": {"runs": 13, "balls": 15, "wickets": 0}, "eec81780": {"runs": 23, "balls": 22, "wickets": 0}, "bdadf7da": {"runs": 13, "balls": 18, "wickets": 1}, "067bda18": {"runs": 2, "balls": 9, "wickets": 1}, "3a3e7d82": {"runs": 6, "balls": 11, "wickets": 0}, "cdd875d9": {"runs": 1, "balls": 5, "wickets": 0}, "6c79c098": {"runs": 3, "balls": 13, "wickets": 1}, "269ff06e": {"runs": 0, "balls": 11, "wickets": 0}, "003d49e6": {"runs": 6, "balls": 10, "wickets": 0}, "eab74985": {"runs": 6, "balls": 16, "wickets": 0}, "04cd872b": {"runs": 2, "balls": 3, "wickets": 0}, "e43aa7ed": {"runs": 7, "balls": 11, "wickets": 1}, "56b93d46": {"runs": 12, "balls": 14, "wickets": 0}, "25a42048": {"runs": 8, "balls": 13, "wickets": 0}, "5ccdb14f": {"runs": 24, "balls": 32, "wickets": 0}, "ea3d687a": {"runs": 15, "balls": 23, "wickets": 0}, "6ea2710f": {"runs": 18, "balls": 26, "wickets": 0}, "0ddbefeb": {"runs": 11, "balls": 10, "wickets": 0}, "5899dceb": {"runs": 21, "balls": 28, "wickets": 0}, "97905e64": {"runs": 4, "balls": 10, "wickets": 0}, "5f031dc9": {"runs": 0, "balls": 1, "wickets": 1}, "c96f6ac5": {"runs": 4, "balls": 5, "wickets": 0}, "8cbcff3b": {"runs": 10, "balls": 9, "wickets": 0}, "d26e0405": {"runs": 5, "balls": 3, "wickets": 0}, "948beb1f": {"runs": 16, "balls": 8, "wickets": 1}, "e734d090": {"runs": 4, "balls": 5, "wickets": 0}, "aa1210d8": {"runs": 15, "balls": 10, "wickets": 0}, "894b2d25": {"runs": 1, "balls": 2, "wickets": 0}, "3d0ed2f9": {"runs": 2, "balls": 10, "wickets": 1}, "06c2de82": {"runs": 4, "balls": 32, "wickets": 0}, "e9987a94": {"runs": 11, "balls": 21, "wickets": 0}, "54c2b697": {"runs": 6, "balls": 25, "wickets": 1}, "56c80c90": {"runs": 12, "balls": 13, "wickets": 0}, "ed8faea2": {"runs": 8, "balls": 15, "wickets": 0}, "27fc5808": {"runs": 8, "balls": 8, "wickets": 1}, "a5735bd3": {"runs": 7, "balls": 5, "wickets": 0}, "0a12e736": {"runs": 0, "balls": 9, "wickets": 0}, "dbb15645": {"runs": 0, "balls": 6, "wickets": 1}, "ac3c3cab": {"runs": 3, "balls": 7, "wickets": 1}, "bf26cd81": {"runs": 2, "balls": 7, "wickets": 0}, "a510bdd3": {"runs": 18, "balls": 11, "wickets": 0}, "92205bc7": {"runs": 10, "balls": 8, "wickets": 0}, "e5218454": {"runs": 1, "balls": 3, "wickets": 1}, "d99cc23a": {"runs": 0, "balls": 1, "wickets": 0}}, "fifties": 7, "thirties": 9, "centuries": 2, "maidens": 0.0, "hattricks": 0, "runs": 1338.0, "wickets": 0.0, "club_ODI_previous3_runs": [12.0, 60.0, 0.0], "club_ODI_previous3_wickets": [0.0, 0.0, 0.0], "club_ODI_previous3_balls played": [38.0, 51.0, 1.0], "club_ODI_previous3_overs": [0.0, 0.0, 0.0], "club_ODI_previous3_runs gave": [0.0, 0.0, 0.0], "club_ODI_lifetime_runs": 851.0, "club_ODI_lifetime_wickets": 0.0, "club_ODI_lifetime_balls played": 1142.0, "club_ODI_lifetime_overs": 0.0, "club_ODI_lifetime_runs gave": 0.0, "club_Test_previous3_runs": [5.0, 20.0, 31.0], "club_Test_previous3_wickets": [0.0, 0.0, 0.0], "club_Test_previous3_balls played": [31.0, 17.0, 102.0], "club_Test_previous3_overs": [0.0, 0.0, 0.0], "club_Test_previous3_runs gave": [0.0, 0.0, 0.0], "club_Test_lifetime_runs": 487.0, "club_Test_lifetime_wickets": 0.0, "club_Test_lifetime_balls played": 1320.0, "club_Test_lifetime_overs": 0.6666666666666666, "club_Test_lifetime_runs gave": 1.0, "club_T20_previous3_runs": [0.0, 0.0, 0.0], "club_T20_previous3_wickets": [0.0, 0.0, 0.0], "club_T20_previous3_balls played": [0.0, 0.0, 0.0], "club_T20_previous3_overs": [0.0, 0.0, 0.0], "club_T20_previous3_runs gave": [0.0, 0.0, 0.0], "club_T20_lifetime_runs": 0.0, "club_T20_lifetime_wickets": 0.0, "club_T20_lifetime_balls played": 0.0, "club_T20_lifetime_overs": 0.0, "club_T20_lifetime_runs gave": 0.0, "international_ODI_previous3_runs": [], "international_ODI_previous3_wickets": [], "international_ODI_previous3_balls played": [], "international_ODI_previous3_overs": [], "international_ODI_previous3_runs gave": [], "international_ODI_lifetime_runs": 0.0, "international_ODI_lifetime_wickets": 0.0, "international_ODI_lifetime_balls played": 0.0, "international_ODI_lifetime_overs": 0.0, "international_ODI_lifetime_runs gave": 0.0, "international_Test_previous3_runs": [], "international_Test_previous3_wickets": [], "international_Test_previous3_balls played": [], "international_Test_previous3_overs": [], "international_Test_previous3_runs gave": [], "international_Test_lifetime_runs": 0.0, "international_Test_lifetime_wickets": 0.0, "international_Test_lifetime_balls played": 0.0, "international_Test_lifetime_overs": 0.0, "international_Test_lifetime_runs gave": 0.0, "international_T20_previous3_runs": [], "international_T20_previous3_wickets": [], "international_T20_previous3_balls played": [], "international_T20_previous3_overs": [], "international_T20_previous3_runs gave": [], "international_T20_lifetime_runs": 0.0, "international_T20_lifetime_wickets": 0.0, "international_T20_lifetime_balls played": 0.0, "international_T20_lifetime_overs": 0.0, "international_T20_lifetime_runs gave": 0.0}