{"played_against": {"34464143": {"runs": 3, "balls": 4, "wickets": 0}, "ac166f77": {"runs": 9, "balls": 9, "wickets": 0}, "44d6a8b8": {"runs": 9, "balls": 7, "wickets": 0}, "dcdb87f2": {"runs": 11, "balls": 7, "wickets": 0}, "72253b87": {"runs": 3, "balls": 3, "wickets": 0}, "c01d7726": {"runs": 12, "balls": 9, "wickets": 0}, "f8c72766": {"runs": 8, "balls": 8, "wickets": 0}, "e258a603": {"runs": 13, "balls": 12, "wickets": 0}, "f28a60e0": {"runs": 12, "balls": 9, "wickets": 0}, "e741ed8f": {"runs": 20, "balls": 13, "wickets": 0}, "1e569fb0": {"runs": 4, "balls": 6, "wickets": 0}, "a9a18e3e": {"runs": 4, "balls": 6, "wickets": 1}, "4e1c9f6e": {"runs": 1, "balls": 1, "wickets": 0}, "14810ee7": {"runs": 1, "balls": 2, "wickets": 0}, "af98bf5b": {"runs": 2, "balls": 2, "wickets": 0}, "384cebed": {"runs": 2, "balls": 2, "wickets": 0}, "da3b91fd": {"runs": 4, "balls": 6, "wickets": 0}, "b9cfb0b1": {"runs": 0, "balls": 1, "wickets": 1}, "39799e49": {"runs": 24, "balls": 17, "wickets": 0}, "0c24fb7b": {"runs": 9, "balls": 14, "wickets": 0}, "04f0d409": {"runs": 14, "balls": 8, "wickets": 0}, "c01d1c0a": {"runs": 11, "balls": 8, "wickets": 0}, "9c333e40": {"runs": 3, "balls": 7, "wickets": 0}, "0f05655d": {"runs": 3, "balls": 5, "wickets": 0}, "3d7f02d4": {"runs": 2, "balls": 2, "wickets": 0}}, "fifties": 0, "thirties": 3, "centuries": 0, "maidens": 0.0, "hattricks": 0, "runs": 184.0, "wickets": 0.0, "club_ODI_previous3_runs": [], "club_ODI_previous3_wickets": [], "club_ODI_previous3_balls played": [], "club_ODI_previous3_overs": [], "club_ODI_previous3_runs gave": [], "club_ODI_lifetime_runs": 0.0, "club_ODI_lifetime_wickets": 0.0, "club_ODI_lifetime_balls played": 0.0, "club_ODI_lifetime_overs": 0.0, "club_ODI_lifetime_runs gave": 0.0, "club_Test_previous3_runs": [], "club_Test_previous3_wickets": [], "club_Test_previous3_balls played": [], "club_Test_previous3_overs": [], "club_Test_previous3_runs gave": [], "club_Test_lifetime_runs": 0.0, "club_Test_lifetime_wickets": 0.0, "club_Test_lifetime_balls played": 0.0, "club_Test_lifetime_overs": 0.0, "club_Test_lifetime_runs gave": 0.0, "club_T20_previous3_runs": [], "club_T20_previous3_wickets": [], "club_T20_previous3_balls played": [], "club_T20_previous3_overs": [], "club_T20_previous3_runs gave": [], "club_T20_lifetime_runs": 0.0, "club_T20_lifetime_wickets": 0.0, "club_T20_lifetime_balls played": 0.0, "club_T20_lifetime_overs": 0.0, "club_T20_lifetime_runs gave": 0.0, "international_ODI_previous3_runs": [], "international_ODI_previous3_wickets": [], "international_ODI_previous3_balls played": [], "international_ODI_previous3_overs": [], "international_ODI_previous3_runs gave": [], "international_ODI_lifetime_runs": 0.0, "international_ODI_lifetime_wickets": 0.0, "international_ODI_lifetime_balls played": 0.0, "international_ODI_lifetime_overs": 0.0, "international_ODI_lifetime_runs gave": 0.0, "international_Test_previous3_runs": [], "international_Test_previous3_wickets": [], "international_Test_previous3_balls played": [], "international_Test_previous3_overs": [], "international_Test_previous3_runs gave": [], "international_Test_lifetime_runs": 0.0, "international_Test_lifetime_wickets": 0.0, "international_Test_lifetime_balls played": 0.0, "international_Test_lifetime_overs": 0.0, "international_Test_lifetime_runs gave": 0.0, "international_T20_previous3_runs": [0.0, 0.0, 19.0], "international_T20_previous3_wickets": [0.0, 0.0, 0.0], "international_T20_previous3_balls played": [0.0, 0.0, 21.0], "international_T20_previous3_overs": [0.0, 0.0, 0.0], "international_T20_previous3_runs gave": [0.0, 0.0, 0.0], "international_T20_lifetime_runs": 184.0, "international_T20_lifetime_wickets": 0.0, "international_T20_lifetime_balls played": 169.0, "international_T20_lifetime_overs": 0.0, "international_T20_lifetime_runs gave": 0.0}