{"played_against": {"626af7ff": {"runs": 0, "balls": 2, "wickets": 0}, "9f2be73d": {"runs": 1, "balls": 4, "wickets": 0}, "c988daa1": {"runs": 4, "balls": 3, "wickets": 0}, "96275259": {"runs": 0, "balls": 2, "wickets": 1}, "14af45c4": {"runs": 7, "balls": 5, "wickets": 0}, "42581e6d": {"runs": 0, "balls": 1, "wickets": 0}, "ef503cfe": {"runs": 2, "balls": 3, "wickets": 0}, "06bcade5": {"runs": 4, "balls": 9, "wickets": 1}, "5f5efae1": {"runs": 6, "balls": 5, "wickets": 0}, "a6cbe67b": {"runs": 5, "balls": 7, "wickets": 0}}, "fifties": 0, "thirties": 0, "centuries": 0, "maidens": 0.0, "hattricks": 1, "runs": 29.0, "wickets": 5.0, "club_ODI_previous3_runs": [], "club_ODI_previous3_wickets": [], "club_ODI_previous3_balls played": [], "club_ODI_previous3_overs": [], "club_ODI_previous3_runs gave": [], "club_ODI_lifetime_runs": 0.0, "club_ODI_lifetime_wickets": 0.0, "club_ODI_lifetime_balls played": 0.0, "club_ODI_lifetime_overs": 0.0, "club_ODI_lifetime_runs gave": 0.0, "club_Test_previous3_runs": [], "club_Test_previous3_wickets": [], "club_Test_previous3_balls played": [], "club_Test_previous3_overs": [], "club_Test_previous3_runs gave": [], "club_Test_lifetime_runs": 0.0, "club_Test_lifetime_wickets": 0.0, "club_Test_lifetime_balls played": 0.0, "club_Test_lifetime_overs": 0.0, "club_Test_lifetime_runs gave": 0.0, "club_T20_previous3_runs": [], "club_T20_previous3_wickets": [], "club_T20_previous3_balls played": [], "club_T20_previous3_overs": [], "club_T20_previous3_runs gave": [], "club_T20_lifetime_runs": 0.0, "club_T20_lifetime_wickets": 0.0, "club_T20_lifetime_balls played": 0.0, "club_T20_lifetime_overs": 0.0, "club_T20_lifetime_runs gave": 0.0, "international_ODI_previous3_runs": [], "international_ODI_previous3_wickets": [], "international_ODI_previous3_balls played": [], "international_ODI_previous3_overs": [], "international_ODI_previous3_runs gave": [], "international_ODI_lifetime_runs": 0.0, "international_ODI_lifetime_wickets": 0.0, "international_ODI_lifetime_balls played": 0.0, "international_ODI_lifetime_overs": 0.0, "international_ODI_lifetime_runs gave": 0.0, "international_Test_previous3_runs": [], "international_Test_previous3_wickets": [], "international_Test_previous3_balls played": [], "international_Test_previous3_overs": [], "international_Test_previous3_runs gave": [], "international_Test_lifetime_runs": 0.0, "international_Test_lifetime_wickets": 0.0, "international_Test_lifetime_balls played": 0.0, "international_Test_lifetime_overs": 0.0, "international_Test_lifetime_runs gave": 0.0, "international_T20_previous3_runs": [7.0, 2.0, 15.0], "international_T20_previous3_wickets": [0.0, 4.0, 0.0], "international_T20_previous3_balls played": [5.0, 5.0, 22.0], "international_T20_previous3_overs": [2.0, 4.0, 3.0], "international_T20_previous3_runs gave": [20.0, 28.0, 19.0], "international_T20_lifetime_runs": 29.0, "international_T20_lifetime_wickets": 5.0, "international_T20_lifetime_balls played": 43.0, "international_T20_lifetime_overs": 13.666666666666668, "international_T20_lifetime_runs gave": 103.0}