{"played_against": {"911d04ad": {"runs": 1, "balls": 2, "wickets": 1}, "44e58b5b": {"runs": 1, "balls": 3, "wickets": 0}, "d4b8ea98": {"runs": 0, "balls": 1, "wickets": 1}, "983f2f61": {"runs": 3, "balls": 5, "wickets": 0}, "dc4686e6": {"runs": 1, "balls": 1, "wickets": 0}, "73ad96ed": {"runs": 2, "balls": 3, "wickets": 0}, "4312e8f9": {"runs": 4, "balls": 2, "wickets": 1}, "caabc8e4": {"runs": 2, "balls": 4, "wickets": 0}, "a63563c0": {"runs": 1, "balls": 2, "wickets": 0}, "12f75dbd": {"runs": 4, "balls": 2, "wickets": 1}, "c0e59e39": {"runs": 0, "balls": 2, "wickets": 0}, "00852db7": {"runs": 1, "balls": 4, "wickets": 1}, "6a1fc8dd": {"runs": 1, "balls": 4, "wickets": 0}, "fcc9954f": {"runs": 1, "balls": 3, "wickets": 0}, "cd626284": {"runs": 1, "balls": 2, "wickets": 0}, "f705d984": {"runs": 2, "balls": 4, "wickets": 0}, "c7a995d3": {"runs": 0, "balls": 1, "wickets": 1}, "a2f46292": {"runs": 4, "balls": 5, "wickets": 0}, "23eeb873": {"runs": 0, "balls": 4, "wickets": 0}, "2ed569a0": {"runs": 1, "balls": 4, "wickets": 1}, "077da288": {"runs": 1, "balls": 4, "wickets": 0}, "c33d8116": {"runs": 6, "balls": 4, "wickets": 1}, "d290c5b5": {"runs": 2, "balls": 2, "wickets": 0}, "244048f6": {"runs": 0, "balls": 3, "wickets": 1}, "13abdc50": {"runs": 7, "balls": 3, "wickets": 0}, "871e9faf": {"runs": 6, "balls": 5, "wickets": 0}, "798cc28e": {"runs": 0, "balls": 1, "wickets": 1}, "76ed445f": {"runs": 0, "balls": 3, "wickets": 0}, "98ae73b1": {"runs": 1, "balls": 2, "wickets": 0}}, "fifties": 0, "thirties": 0, "centuries": 0, "maidens": 0.0, "hattricks": 0, "runs": 53.0, "wickets": 1.0, "club_ODI_previous3_runs": [], "club_ODI_previous3_wickets": [], "club_ODI_previous3_balls played": [], "club_ODI_previous3_overs": [], "club_ODI_previous3_runs gave": [], "club_ODI_lifetime_runs": 0.0, "club_ODI_lifetime_wickets": 0.0, "club_ODI_lifetime_balls played": 0.0, "club_ODI_lifetime_overs": 0.0, "club_ODI_lifetime_runs gave": 0.0, "club_Test_previous3_runs": [], "club_Test_previous3_wickets": [], "club_Test_previous3_balls played": [], "club_Test_previous3_overs": [], "club_Test_previous3_runs gave": [], "club_Test_lifetime_runs": 0.0, "club_Test_lifetime_wickets": 0.0, "club_Test_lifetime_balls played": 0.0, "club_Test_lifetime_overs": 0.0, "club_Test_lifetime_runs gave": 0.0, "club_T20_previous3_runs": [7.0, 6.0, 1.0], "club_T20_previous3_wickets": [0.0, 0.0, 0.0], "club_T20_previous3_balls played": [3.0, 6.0, 5.0], "club_T20_previous3_overs": [0.0, 0.16666666666666666, 0.0], "club_T20_previous3_runs gave": [0.0, 1.0, 0.0], "club_T20_lifetime_runs": 53.0, "club_T20_lifetime_wickets": 1.0, "club_T20_lifetime_balls played": 85.0, "club_T20_lifetime_overs": 15.166666666666666, "club_T20_lifetime_runs gave": 118.0, "international_ODI_previous3_runs": [], "international_ODI_previous3_wickets": [], "international_ODI_previous3_balls played": [], "international_ODI_previous3_overs": [], "international_ODI_previous3_runs gave": [], "international_ODI_lifetime_runs": 0.0, "international_ODI_lifetime_wickets": 0.0, "international_ODI_lifetime_balls played": 0.0, "international_ODI_lifetime_overs": 0.0, "international_ODI_lifetime_runs gave": 0.0, "international_Test_previous3_runs": [], "international_Test_previous3_wickets": [], "international_Test_previous3_balls played": [], "international_Test_previous3_overs": [], "international_Test_previous3_runs gave": [], "international_Test_lifetime_runs": 0.0, "international_Test_lifetime_wickets": 0.0, "international_Test_lifetime_balls played": 0.0, "international_Test_lifetime_overs": 0.0, "international_Test_lifetime_runs gave": 0.0, "international_T20_previous3_runs": [], "international_T20_previous3_wickets": [], "international_T20_previous3_balls played": [], "international_T20_previous3_overs": [], "international_T20_previous3_runs gave": [], "international_T20_lifetime_runs": 0.0, "international_T20_lifetime_wickets": 0.0, "international_T20_lifetime_balls played": 0.0, "international_T20_lifetime_overs": 0.0, "international_T20_lifetime_runs gave": 0.0}