{"played_against": {"6ad2d5f7": {"runs": 0, "balls": 3, "wickets": 1}, "f092b4c7": {"runs": 0, "balls": 1, "wickets": 0}, "f4ccbe6f": {"runs": 0, "balls": 1, "wickets": 1}, "47b33198": {"runs": 1, "balls": 1, "wickets": 0}, "7cff331d": {"runs": 0, "balls": 4, "wickets": 0}, "6cc4d322": {"runs": 1, "balls": 2, "wickets": 0}, "7a6decc8": {"runs": 1, "balls": 1, "wickets": 0}, "5d77a96a": {"runs": 1, "balls": 4, "wickets": 1}, "7267e3cd": {"runs": 1, "balls": 3, "wickets": 0}, "1f490b28": {"runs": 1, "balls": 4, "wickets": 0}, "5892ac75": {"runs": 0, "balls": 4, "wickets": 1}, "e969e580": {"runs": 3, "balls": 3, "wickets": 0}, "4d7c5b56": {"runs": 1, "balls": 2, "wickets": 0}, "2327fdc7": {"runs": 1, "balls": 2, "wickets": 0}}, "fifties": 0, "thirties": 0, "centuries": 0, "maidens": 0.0, "hattricks": 0, "runs": 11.0, "wickets": 2.0, "club_ODI_previous3_runs": [], "club_ODI_previous3_wickets": [], "club_ODI_previous3_balls played": [], "club_ODI_previous3_overs": [], "club_ODI_previous3_runs gave": [], "club_ODI_lifetime_runs": 0.0, "club_ODI_lifetime_wickets": 0.0, "club_ODI_lifetime_balls played": 0.0, "club_ODI_lifetime_overs": 0.0, "club_ODI_lifetime_runs gave": 0.0, "club_Test_previous3_runs": [], "club_Test_previous3_wickets": [], "club_Test_previous3_balls played": [], "club_Test_previous3_overs": [], "club_Test_previous3_runs gave": [], "club_Test_lifetime_runs": 0.0, "club_Test_lifetime_wickets": 0.0, "club_Test_lifetime_balls played": 0.0, "club_Test_lifetime_overs": 0.0, "club_Test_lifetime_runs gave": 0.0, "club_T20_previous3_runs": [], "club_T20_previous3_wickets": [], "club_T20_previous3_balls played": [], "club_T20_previous3_overs": [], "club_T20_previous3_runs gave": [], "club_T20_lifetime_runs": 0.0, "club_T20_lifetime_wickets": 0.0, "club_T20_lifetime_balls played": 0.0, "club_T20_lifetime_overs": 0.0, "club_T20_lifetime_runs gave": 0.0, "international_ODI_previous3_runs": [], "international_ODI_previous3_wickets": [], "international_ODI_previous3_balls played": [], "international_ODI_previous3_overs": [], "international_ODI_previous3_runs gave": [], "international_ODI_lifetime_runs": 0.0, "international_ODI_lifetime_wickets": 0.0, "international_ODI_lifetime_balls played": 0.0, "international_ODI_lifetime_overs": 0.0, "international_ODI_lifetime_runs gave": 0.0, "international_Test_previous3_runs": [], "international_Test_previous3_wickets": [], "international_Test_previous3_balls played": [], "international_Test_previous3_overs": [], "international_Test_previous3_runs gave": [], "international_Test_lifetime_runs": 0.0, "international_Test_lifetime_wickets": 0.0, "international_Test_lifetime_balls played": 0.0, "international_Test_lifetime_overs": 0.0, "international_Test_lifetime_runs gave": 0.0, "international_T20_previous3_runs": [1.0, 5.0, 0.0], "international_T20_previous3_wickets": [0.0, 1.0, 0.0], "international_T20_previous3_balls played": [8.0, 7.0, 0.0], "international_T20_previous3_overs": [0.0, 2.0, 0.0], "international_T20_previous3_runs gave": [0.0, 26.0, 0.0], "international_T20_lifetime_runs": 11.0, "international_T20_lifetime_wickets": 2.0, "international_T20_lifetime_balls played": 35.0, "international_T20_lifetime_overs": 6.0, "international_T20_lifetime_runs gave": 50.0}