{"played_against": {"20321b0c": {"runs": 0, "balls": 3, "wickets": 1}, "21dbacff": {"runs": 1, "balls": 3, "wickets": 0}, "cbd91942": {"runs": 6, "balls": 8, "wickets": 0}, "9f2be73d": {"runs": 0, "balls": 6, "wickets": 0}, "42581e6d": {"runs": 0, "balls": 1, "wickets": 0}, "626af7ff": {"runs": 5, "balls": 10, "wickets": 0}, "96275259": {"runs": 5, "balls": 11, "wickets": 1}, "dd14abf5": {"runs": 0, "balls": 3, "wickets": 1}, "bfe33045": {"runs": 0, "balls": 2, "wickets": 1}, "ad2efd29": {"runs": 0, "balls": 2, "wickets": 0}, "1eb5affb": {"runs": 1, "balls": 1, "wickets": 0}, "1f490b28": {"runs": 0, "balls": 6, "wickets": 0}, "d4aa2ddb": {"runs": 1, "balls": 3, "wickets": 0}, "5892ac75": {"runs": 1, "balls": 4, "wickets": 0}, "3e06e7ac": {"runs": 0, "balls": 2, "wickets": 1}, "78fcc740": {"runs": 0, "balls": 1, "wickets": 0}, "6667067e": {"runs": 0, "balls": 1, "wickets": 1}}, "fifties": 0, "thirties": 0, "centuries": 0, "maidens": 0.0, "hattricks": 1, "runs": 20.0, "wickets": 5.0, "club_ODI_previous3_runs": [], "club_ODI_previous3_wickets": [], "club_ODI_previous3_balls played": [], "club_ODI_previous3_overs": [], "club_ODI_previous3_runs gave": [], "club_ODI_lifetime_runs": 0.0, "club_ODI_lifetime_wickets": 0.0, "club_ODI_lifetime_balls played": 0.0, "club_ODI_lifetime_overs": 0.0, "club_ODI_lifetime_runs gave": 0.0, "club_Test_previous3_runs": [], "club_Test_previous3_wickets": [], "club_Test_previous3_balls played": [], "club_Test_previous3_overs": [], "club_Test_previous3_runs gave": [], "club_Test_lifetime_runs": 0.0, "club_Test_lifetime_wickets": 0.0, "club_Test_lifetime_balls played": 0.0, "club_Test_lifetime_overs": 0.0, "club_Test_lifetime_runs gave": 0.0, "club_T20_previous3_runs": [], "club_T20_previous3_wickets": [], "club_T20_previous3_balls played": [], "club_T20_previous3_overs": [], "club_T20_previous3_runs gave": [], "club_T20_lifetime_runs": 0.0, "club_T20_lifetime_wickets": 0.0, "club_T20_lifetime_balls played": 0.0, "club_T20_lifetime_overs": 0.0, "club_T20_lifetime_runs gave": 0.0, "international_ODI_previous3_runs": [], "international_ODI_previous3_wickets": [], "international_ODI_previous3_balls played": [], "international_ODI_previous3_overs": [], "international_ODI_previous3_runs gave": [], "international_ODI_lifetime_runs": 0.0, "international_ODI_lifetime_wickets": 0.0, "international_ODI_lifetime_balls played": 0.0, "international_ODI_lifetime_overs": 0.0, "international_ODI_lifetime_runs gave": 0.0, "international_Test_previous3_runs": [], "international_Test_previous3_wickets": [], "international_Test_previous3_balls played": [], "international_Test_previous3_overs": [], "international_Test_previous3_runs gave": [], "international_Test_lifetime_runs": 0.0, "international_Test_lifetime_wickets": 0.0, "international_Test_lifetime_balls played": 0.0, "international_Test_lifetime_overs": 0.0, "international_Test_lifetime_runs gave": 0.0, "international_T20_previous3_runs": [2.0, 0.0, 0.0], "international_T20_previous3_wickets": [0.0, 1.0, 0.0], "international_T20_previous3_balls played": [13.0, 2.0, 2.0], "international_T20_previous3_overs": [0.0, 3.0, 0.16666666666666666], "international_T20_previous3_runs gave": [0.0, 24.0, 6.0], "international_T20_lifetime_runs": 20.0, "international_T20_lifetime_wickets": 5.0, "international_T20_lifetime_balls played": 67.0, "international_T20_lifetime_overs": 22.166666666666668, "international_T20_lifetime_runs gave": 233.0}