{"played_against": {"b4f73b44": {"runs": 4, "balls": 6, "wickets": 0}, "50ee0500": {"runs": 5, "balls": 5, "wickets": 0}, "ef2bcebf": {"runs": 4, "balls": 3, "wickets": 0}, "4b15618c": {"runs": 3, "balls": 4, "wickets": 0}, "f6ddfe08": {"runs": 1, "balls": 8, "wickets": 0}, "9c4b58db": {"runs": 3, "balls": 2, "wickets": 0}, "8b6c33d0": {"runs": 9, "balls": 4, "wickets": 1}, "58acb320": {"runs": 1, "balls": 1, "wickets": 0}, "ecbbebf1": {"runs": 2, "balls": 6, "wickets": 0}, "47b32a5a": {"runs": 7, "balls": 11, "wickets": 0}, "9a58f2c8": {"runs": 1, "balls": 6, "wickets": 2}, "ac8bca8d": {"runs": 0, "balls": 1, "wickets": 0}, "66078174": {"runs": 3, "balls": 3, "wickets": 0}, "ffd5fcd8": {"runs": 7, "balls": 27, "wickets": 2}, "a0fdf513": {"runs": 5, "balls": 4, "wickets": 0}, "4ac6664d": {"runs": 15, "balls": 11, "wickets": 0}, "a61850e6": {"runs": 9, "balls": 9, "wickets": 0}, "1251a339": {"runs": 1, "balls": 2, "wickets": 0}, "0ab3c788": {"runs": 0, "balls": 3, "wickets": 1}, "b0dc5d0d": {"runs": 2, "balls": 10, "wickets": 0}, "efa8eae7": {"runs": 1, "balls": 2, "wickets": 0}, "00eefafc": {"runs": 0, "balls": 1, "wickets": 1}, "72eada4c": {"runs": 1, "balls": 3, "wickets": 0}, "5959370f": {"runs": 2, "balls": 4, "wickets": 0}, "bd36bc39": {"runs": 1, "balls": 1, "wickets": 0}, "fa9db243": {"runs": 6, "balls": 4, "wickets": 0}, "c6a019f5": {"runs": 2, "balls": 7, "wickets": 1}, "42e4b276": {"runs": 2, "balls": 7, "wickets": 1}, "4d35d0b3": {"runs": 8, "balls": 9, "wickets": 0}, "a6ec88f4": {"runs": 3, "balls": 3, "wickets": 0}, "d12ec7b3": {"runs": 1, "balls": 1, "wickets": 0}, "940feccc": {"runs": 7, "balls": 17, "wickets": 0}, "5a50471c": {"runs": 11, "balls": 10, "wickets": 0}, "397369e0": {"runs": 2, "balls": 4, "wickets": 1}, "fa6e2cb3": {"runs": 2, "balls": 8, "wickets": 0}, "2daa8e40": {"runs": 5, "balls": 11, "wickets": 1}, "595433d2": {"runs": 4, "balls": 10, "wickets": 0}, "01341439": {"runs": 1, "balls": 6, "wickets": 1}, "040f11e8": {"runs": 0, "balls": 4, "wickets": 0}, "62d92d76": {"runs": 4, "balls": 9, "wickets": 0}, "83cde44d": {"runs": 2, "balls": 2, "wickets": 0}, "a3034d3d": {"runs": 0, "balls": 3, "wickets": 0}, "623c8835": {"runs": 2, "balls": 9, "wickets": 0}}, "fifties": 0, "thirties": 1, "centuries": 0, "maidens": 0.0, "hattricks": 0, "runs": 149.0, "wickets": 0.0, "club_ODI_previous3_runs": [], "club_ODI_previous3_wickets": [], "club_ODI_previous3_balls played": [], "club_ODI_previous3_overs": [], "club_ODI_previous3_runs gave": [], "club_ODI_lifetime_runs": 0.0, "club_ODI_lifetime_wickets": 0.0, "club_ODI_lifetime_balls played": 0.0, "club_ODI_lifetime_overs": 0.0, "club_ODI_lifetime_runs gave": 0.0, "club_Test_previous3_runs": [], "club_Test_previous3_wickets": [], "club_Test_previous3_balls played": [], "club_Test_previous3_overs": [], "club_Test_previous3_runs gave": [], "club_Test_lifetime_runs": 0.0, "club_Test_lifetime_wickets": 0.0, "club_Test_lifetime_balls played": 0.0, "club_Test_lifetime_overs": 0.0, "club_Test_lifetime_runs gave": 0.0, "club_T20_previous3_runs": [], "club_T20_previous3_wickets": [], "club_T20_previous3_balls played": [], "club_T20_previous3_overs": [], "club_T20_previous3_runs gave": [], "club_T20_lifetime_runs": 0.0, "club_T20_lifetime_wickets": 0.0, "club_T20_lifetime_balls played": 0.0, "club_T20_lifetime_overs": 0.0, "club_T20_lifetime_runs gave": 0.0, "international_ODI_previous3_runs": [2.0, 0.0, 9.0], "international_ODI_previous3_wickets": [0.0, 0.0, 0.0], "international_ODI_previous3_balls played": [5.0, 5.0, 16.0], "international_ODI_previous3_overs": [0.0, 0.0, 0.0], "international_ODI_previous3_runs gave": [0.0, 0.0, 0.0], "international_ODI_lifetime_runs": 50.0, "international_ODI_lifetime_wickets": 0.0, "international_ODI_lifetime_balls played": 118.0, "international_ODI_lifetime_overs": 0.0, "international_ODI_lifetime_runs gave": 0.0, "international_Test_previous3_runs": [], "international_Test_previous3_wickets": [], "international_Test_previous3_balls played": [], "international_Test_previous3_overs": [], "international_Test_previous3_runs gave": [], "international_Test_lifetime_runs": 0.0, "international_Test_lifetime_wickets": 0.0, "international_Test_lifetime_balls played": 0.0, "international_Test_lifetime_overs": 0.0, "international_Test_lifetime_runs gave": 0.0, "international_T20_previous3_runs": [0.0, 2.0, 0.0], "international_T20_previous3_wickets": [0.0, 0.0, 0.0], "international_T20_previous3_balls played": [0.0, 3.0, 0.0], "international_T20_previous3_overs": [0.0, 0.0, 0.0], "international_T20_previous3_runs gave": [0.0, 0.0, 0.0], "international_T20_lifetime_runs": 99.0, "international_T20_lifetime_wickets": 0.0, "international_T20_lifetime_balls played": 150.0, "international_T20_lifetime_overs": 0.0, "international_T20_lifetime_runs gave": 0.0}