{"played_against": {"ab6b1c45": {"runs": 0, "balls": 1, "wickets": 1}, "39181592": {"runs": 6, "balls": 1, "wickets": 0}, "ffe699c0": {"runs": 4, "balls": 1, "wickets": 0}, "f834dcfc": {"runs": 0, "balls": 1, "wickets": 1}, "97b0e4ff": {"runs": 1, "balls": 2, "wickets": 0}, "2e81a32d": {"runs": 1, "balls": 1, "wickets": 0}, "23638956": {"runs": 2, "balls": 4, "wickets": 0}, "b56dc5f7": {"runs": 20, "balls": 9, "wickets": 1}, "a8e56914": {"runs": 1, "balls": 2, "wickets": 0}, "fb66ce1f": {"runs": 0, "balls": 2, "wickets": 0}, "8361e524": {"runs": 1, "balls": 1, "wickets": 0}, "acee4cc4": {"runs": 2, "balls": 2, "wickets": 1}, "8b248d88": {"runs": 12, "balls": 5, "wickets": 0}, "ffd3fc37": {"runs": 2, "balls": 3, "wickets": 0}, "9868bc75": {"runs": 1, "balls": 2, "wickets": 1}, "9d50c7e1": {"runs": 6, "balls": 4, "wickets": 0}, "465aa633": {"runs": 0, "balls": 1, "wickets": 1}, "9b442f95": {"runs": 5, "balls": 4, "wickets": 0}, "eba6a852": {"runs": 0, "balls": 3, "wickets": 0}, "e94915e6": {"runs": 17, "balls": 15, "wickets": 0}, "ad46c747": {"runs": 13, "balls": 13, "wickets": 0}, "a343262c": {"runs": 8, "balls": 8, "wickets": 0}, "8d92a2c3": {"runs": 5, "balls": 10, "wickets": 1}, "58043739": {"runs": 0, "balls": 2, "wickets": 1}, "e0ac7144": {"runs": 7, "balls": 11, "wickets": 0}, "f3abd0c9": {"runs": 15, "balls": 19, "wickets": 2}, "3f659464": {"runs": 17, "balls": 12, "wickets": 0}, "b0946605": {"runs": 0, "balls": 1, "wickets": 1}, "a790df98": {"runs": 1, "balls": 2, "wickets": 0}, "f54dbda7": {"runs": 0, "balls": 7, "wickets": 0}, "85ebf2be": {"runs": 1, "balls": 1, "wickets": 0}, "5fed6272": {"runs": 6, "balls": 5, "wickets": 0}, "3a3e7d82": {"runs": 1, "balls": 1, "wickets": 0}, "9789e56e": {"runs": 1, "balls": 3, "wickets": 0}, "c0c411cb": {"runs": 2, "balls": 3, "wickets": 1}, "79c7041c": {"runs": 4, "balls": 2, "wickets": 1}, "d68e7f48": {"runs": 1, "balls": 1, "wickets": 0}, "932d3cc9": {"runs": 2, "balls": 3, "wickets": 0}, "95a06106": {"runs": 1, "balls": 4, "wickets": 0}, "10f68de1": {"runs": 0, "balls": 2, "wickets": 1}, "5e6d1a54": {"runs": 7, "balls": 3, "wickets": 0}, "867a45a7": {"runs": 1, "balls": 2, "wickets": 1}, "e871a7a1": {"runs": 7, "balls": 3, "wickets": 0}, "3f61a062": {"runs": 9, "balls": 11, "wickets": 2}, "8bf61e65": {"runs": 1, "balls": 11, "wickets": 0}, "05c2ca46": {"runs": 1, "balls": 4, "wickets": 0}, "d4eef961": {"runs": 1, "balls": 6, "wickets": 0}, "1957c6b7": {"runs": 2, "balls": 7, "wickets": 1}, "27c5a793": {"runs": 15, "balls": 8, "wickets": 0}, "dda5aae5": {"runs": 5, "balls": 2, "wickets": 0}, "4a461c24": {"runs": 0, "balls": 5, "wickets": 0}, "819ae1ad": {"runs": 4, "balls": 12, "wickets": 0}, "28217d89": {"runs": 0, "balls": 1, "wickets": 0}, "a37b5c0a": {"runs": 4, "balls": 6, "wickets": 0}, "172dff15": {"runs": 1, "balls": 1, "wickets": 0}, "0164b064": {"runs": 3, "balls": 8, "wickets": 0}, "d99cc23a": {"runs": 1, "balls": 4, "wickets": 0}, "5da34add": {"runs": 2, "balls": 8, "wickets": 1}, "894b2d25": {"runs": 3, "balls": 2, "wickets": 0}, "51e1ed69": {"runs": 4, "balls": 9, "wickets": 0}, "fc63d916": {"runs": 2, "balls": 3, "wickets": 1}, "067bda18": {"runs": 0, "balls": 2, "wickets": 0}, "19708692": {"runs": 5, "balls": 6, "wickets": 0}, "50c6bc2b": {"runs": 1, "balls": 2, "wickets": 0}, "6c908ffc": {"runs": 3, "balls": 11, "wickets": 0}, "e342e5fb": {"runs": 1, "balls": 1, "wickets": 0}, "2ecd844a": {"runs": 10, "balls": 9, "wickets": 1}, "0f3ee070": {"runs": 3, "balls": 6, "wickets": 0}, "4557dc54": {"runs": 14, "balls": 8, "wickets": 0}, "0a12e736": {"runs": 1, "balls": 4, "wickets": 0}, "d786a8a1": {"runs": 6, "balls": 3, "wickets": 0}, "d26e0405": {"runs": 0, "balls": 1, "wickets": 0}, "cc1e8c68": {"runs": 6, "balls": 2, "wickets": 1}, "c96f6ac5": {"runs": 0, "balls": 2, "wickets": 0}, "fec369cd": {"runs": 1, "balls": 3, "wickets": 1}, "aa1210d8": {"runs": 7, "balls": 7, "wickets": 0}, "8c9d3000": {"runs": 7, "balls": 8, "wickets": 1}, "a510bdd3": {"runs": 3, "balls": 1, "wickets": 0}, "1f1b4c89": {"runs": 1, "balls": 5, "wickets": 0}, "a4b810d0": {"runs": 0, "balls": 2, "wickets": 1}, "3204c99f": {"runs": 2, "balls": 2, "wickets": 0}, "ea1eba98": {"runs": 5, "balls": 4, "wickets": 0}, "844e79d1": {"runs": 1, "balls": 3, "wickets": 0}, "7ec9711d": {"runs": 4, "balls": 8, "wickets": 1}, "a089f93f": {"runs": 13, "balls": 22, "wickets": 1}, "a9da7784": {"runs": 8, "balls": 13, "wickets": 1}, "06c2de82": {"runs": 10, "balls": 17, "wickets": 1}, "d3868bd0": {"runs": 4, "balls": 4, "wickets": 1}, "e9987a94": {"runs": 4, "balls": 15, "wickets": 1}, "bd93fea4": {"runs": 0, "balls": 3, "wickets": 0}, "ad212f96": {"runs": 0, "balls": 1, "wickets": 1}, "a63dfe8a": {"runs": 0, "balls": 1, "wickets": 0}, "c5cc48bc": {"runs": 1, "balls": 10, "wickets": 1}, "2911de16": {"runs": 1, "balls": 3, "wickets": 0}, "e84ac20c": {"runs": 3, "balls": 4, "wickets": 0}, "31b01074": {"runs": 9, "balls": 11, "wickets": 1}, "1a2676c5": {"runs": 0, "balls": 1, "wickets": 1}, "2223b920": {"runs": 0, "balls": 2, "wickets": 0}, "71183382": {"runs": 0, "balls": 3, "wickets": 0}, "ec178b04": {"runs": 0, "balls": 1, "wickets": 1}, "eab74985": {"runs": 1, "balls": 1, "wickets": 0}, "f0a0204e": {"runs": 3, "balls": 6, "wickets": 0}, "bdc0670a": {"runs": 7, "balls": 2, "wickets": 0}, "eec81780": {"runs": 1, "balls": 5, "wickets": 0}, "a77472dc": {"runs": 10, "balls": 4, "wickets": 0}, "003d49e6": {"runs": 2, "balls": 2, "wickets": 0}, "23dee937": {"runs": 8, "balls": 10, "wickets": 0}, "861eed37": {"runs": 8, "balls": 15, "wickets": 0}, "57ee1fde": {"runs": 9, "balls": 41, "wickets": 1}, "e43aa7ed": {"runs": 11, "balls": 46, "wickets": 1}, "93cad673": {"runs": 1, "balls": 1, "wickets": 0}, "8cbcff3b": {"runs": 0, "balls": 1, "wickets": 0}, "74a274cc": {"runs": 4, "balls": 5, "wickets": 0}, "e4a0deae": {"runs": 6, "balls": 10, "wickets": 1}, "ba5e1069": {"runs": 0, "balls": 5, "wickets": 1}, "68c56d09": {"runs": 10, "balls": 8, "wickets": 0}, "cb9b8664": {"runs": 0, "balls": 2, "wickets": 2}, "9a46c4e5": {"runs": 7, "balls": 2, "wickets": 0}, "5b6d248a": {"runs": 10, "balls": 5, "wickets": 2}, "679cd31e": {"runs": 1, "balls": 2, "wickets": 0}, "54c2b697": {"runs": 10, "balls": 8, "wickets": 0}, "876dbe2d": {"runs": 0, "balls": 3, "wickets": 0}, "b9877635": {"runs": 4, "balls": 11, "wickets": 0}, "22b98d7c": {"runs": 8, "balls": 4, "wickets": 0}, "d12143bf": {"runs": 2, "balls": 13, "wickets": 0}, "96a6a7ad": {"runs": 11, "balls": 13, "wickets": 0}}, "fifties": 0, "thirties": 1, "centuries": 0, "maidens": 295.0, "hattricks": 36, "runs": 505.0, "wickets": 245.0, "club_ODI_previous3_runs": [7.0, 16.0, 5.0], "club_ODI_previous3_wickets": [1.0, 0.0, 0.0], "club_ODI_previous3_balls played": [2.0, 14.0, 13.0], "club_ODI_previous3_overs": [8.833333333333332, 9.0, 8.0], "club_ODI_previous3_runs gave": [81.0, 50.0, 38.0], "club_ODI_lifetime_runs": 102.0, "club_ODI_lifetime_wickets": 27.0, "club_ODI_lifetime_balls played": 88.0, "club_ODI_lifetime_overs": 143.16666666666663, "club_ODI_lifetime_runs gave": 905.0, "club_Test_previous3_runs": [0.0, 14.0, 19.0], "club_Test_previous3_wickets": [1.0, 0.0, 2.0], "club_Test_previous3_balls played": [0.0, 17.0, 37.0], "club_Test_previous3_overs": [7.0, 20.833333333333336, 22.0], "club_Test_previous3_runs gave": [15.0, 53.0, 58.0], "club_Test_lifetime_runs": 245.0, "club_Test_lifetime_wickets": 132.0, "club_Test_lifetime_balls played": 479.0, "club_Test_lifetime_overs": 1317.1666666666663, "club_Test_lifetime_runs gave": 4302.0, "club_T20_previous3_runs": [1.0, 0.0, 4.0], "club_T20_previous3_wickets": [0.0, 2.0, 0.0], "club_T20_previous3_balls played": [3.0, 0.0, 8.0], "club_T20_previous3_overs": [3.0, 4.0, 1.0], "club_T20_previous3_runs gave": [30.0, 32.0, 13.0], "club_T20_lifetime_runs": 87.0, "club_T20_lifetime_wickets": 64.0, "club_T20_lifetime_balls played": 79.0, "club_T20_lifetime_overs": 204.00000000000003, "club_T20_lifetime_runs gave": 1790.0, "international_ODI_previous3_runs": [0.0, 0.0, 0.0], "international_ODI_previous3_wickets": [1.0, 2.0, 0.0], "international_ODI_previous3_balls played": [0.0, 0.0, 0.0], "international_ODI_previous3_overs": [8.833333333333334, 8.833333333333332, 8.0], "international_ODI_previous3_runs gave": [68.0, 46.0, 37.0], "international_ODI_lifetime_runs": 0.0, "international_ODI_lifetime_wickets": 3.0, "international_ODI_lifetime_balls played": 0.0, "international_ODI_lifetime_overs": 34.66666666666667, "international_ODI_lifetime_runs gave": 222.0, "international_Test_previous3_runs": [16.0, 7.0, 0.0], "international_Test_previous3_wickets": [1.0, 3.0, 3.0], "international_Test_previous3_balls played": [23.0, 4.0, 0.0], "international_Test_previous3_overs": [42.0, 39.0, 13.0], "international_Test_previous3_runs gave": [141.0, 98.0, 37.0], "international_Test_lifetime_runs": 66.0, "international_Test_lifetime_wickets": 11.0, "international_Test_lifetime_balls played": 76.0, "international_Test_lifetime_overs": 152.33333333333331, "international_Test_lifetime_runs gave": 456.0, "international_T20_previous3_runs": [1.0, 0.0, 0.0], "international_T20_previous3_wickets": [0.0, 0.0, 2.0], "international_T20_previous3_balls played": [1.0, 0.0, 0.0], "international_T20_previous3_overs": [4.0, 4.0, 3.8333333333333335], "international_T20_previous3_runs gave": [48.0, 51.0, 23.0], "international_T20_lifetime_runs": 5.0, "international_T20_lifetime_wickets": 8.0, "international_T20_lifetime_balls played": 2.0, "international_T20_lifetime_overs": 29.666666666666668, "international_T20_lifetime_runs gave": 270.0}