{"played_against": {"ad46c747": {"runs": 24, "balls": 61, "wickets": 0}, "3987e390": {"runs": 39, "balls": 167, "wickets": 5}, "0e0d43b4": {"runs": 8, "balls": 32, "wickets": 0}, "eba6a852": {"runs": 9, "balls": 37, "wickets": 0}, "f752db61": {"runs": 0, "balls": 1, "wickets": 1}, "d12143bf": {"runs": 5, "balls": 6, "wickets": 0}, "fdb8ed0d": {"runs": 11, "balls": 43, "wickets": 0}, "b20f423b": {"runs": 79, "balls": 148, "wickets": 1}, "ad212f96": {"runs": 61, "balls": 139, "wickets": 3}, "f1ba9ed7": {"runs": 21, "balls": 42, "wickets": 1}, "c89474d1": {"runs": 13, "balls": 51, "wickets": 0}, "74a274cc": {"runs": 26, "balls": 53, "wickets": 1}, "e91de70e": {"runs": 2, "balls": 19, "wickets": 1}, "ad9c32a2": {"runs": 1, "balls": 2, "wickets": 0}, "ccdd8308": {"runs": 18, "balls": 39, "wickets": 0}, "cf73ad76": {"runs": 3, "balls": 16, "wickets": 0}, "ee0c05c0": {"runs": 19, "balls": 29, "wickets": 0}, "c654af19": {"runs": 0, "balls": 23, "wickets": 0}, "59792462": {"runs": 18, "balls": 41, "wickets": 1}, "c672e80e": {"runs": 24, "balls": 43, "wickets": 0}, "50c6bc2b": {"runs": 37, "balls": 110, "wickets": 0}, "19708692": {"runs": 64, "balls": 123, "wickets": 2}, "e9987a94": {"runs": 37, "balls": 59, "wickets": 1}, "dddc811c": {"runs": 9, "balls": 18, "wickets": 1}, "78adc879": {"runs": 7, "balls": 18, "wickets": 0}, "23638956": {"runs": 121, "balls": 326, "wickets": 1}, "5b6d248a": {"runs": 63, "balls": 99, "wickets": 0}, "679cd31e": {"runs": 55, "balls": 89, "wickets": 2}, "8f2dfebf": {"runs": 26, "balls": 29, "wickets": 3}, "b21ed464": {"runs": 26, "balls": 68, "wickets": 3}, "8bf61e65": {"runs": 16, "balls": 29, "wickets": 0}, "58043739": {"runs": 13, "balls": 25, "wickets": 0}, "a37b5c0a": {"runs": 19, "balls": 49, "wickets": 1}, "a9da7784": {"runs": 11, "balls": 19, "wickets": 0}, "42151725": {"runs": 18, "balls": 35, "wickets": 0}, "a7c226e1": {"runs": 0, "balls": 4, "wickets": 1}, "402f8494": {"runs": 7, "balls": 27, "wickets": 0}, "2e9fdf9b": {"runs": 11, "balls": 22, "wickets": 1}, "b3544c5d": {"runs": 17, "balls": 61, "wickets": 0}, "e871a7a1": {"runs": 42, "balls": 76, "wickets": 2}, "e22d3b5c": {"runs": 94, "balls": 144, "wickets": 1}, "c5cc48bc": {"runs": 60, "balls": 85, "wickets": 1}, "9789e56e": {"runs": 33, "balls": 73, "wickets": 0}, "eec81780": {"runs": 6, "balls": 18, "wickets": 0}, "86e0f3f0": {"runs": 3, "balls": 7, "wickets": 0}, "a316d663": {"runs": 12, "balls": 19, "wickets": 0}, "a8e56914": {"runs": 15, "balls": 29, "wickets": 1}, "1427277f": {"runs": 7, "balls": 16, "wickets": 0}, "c4450a69": {"runs": 0, "balls": 7, "wickets": 0}, "07c8a2f4": {"runs": 41, "balls": 61, "wickets": 0}, "58c481c6": {"runs": 9, "balls": 11, "wickets": 0}, "7f048519": {"runs": 7, "balls": 4, "wickets": 1}, "9835bd79": {"runs": 1, "balls": 12, "wickets": 1}, "1d2f290a": {"runs": 18, "balls": 41, "wickets": 1}, "5bb5a915": {"runs": 4, "balls": 10, "wickets": 0}, "8728a058": {"runs": 1, "balls": 6, "wickets": 0}, "e94915e6": {"runs": 0, "balls": 9, "wickets": 2}, "a77472dc": {"runs": 6, "balls": 12, "wickets": 0}, "808f425a": {"runs": 5, "balls": 6, "wickets": 0}, "0f6db197": {"runs": 16, "balls": 16, "wickets": 0}, "219cc59e": {"runs": 11, "balls": 6, "wickets": 0}, "a510bdd3": {"runs": 22, "balls": 22, "wickets": 0}, "bb351c23": {"runs": 2, "balls": 2, "wickets": 0}, "8108e2d2": {"runs": 3, "balls": 4, "wickets": 0}, "1efd12d1": {"runs": 3, "balls": 2, "wickets": 0}, "3a60e0b5": {"runs": 8, "balls": 5, "wickets": 1}, "0f21680d": {"runs": 1, "balls": 1, "wickets": 0}, "1a156c88": {"runs": 8, "balls": 6, "wickets": 0}, "de6c2c6e": {"runs": 5, "balls": 5, "wickets": 0}, "b5781ac3": {"runs": 25, "balls": 25, "wickets": 1}, "6042bf26": {"runs": 7, "balls": 6, "wickets": 0}, "894b2d25": {"runs": 39, "balls": 59, "wickets": 1}, "6a2fadd0": {"runs": 6, "balls": 6, "wickets": 1}, "eab74985": {"runs": 35, "balls": 50, "wickets": 0}, "7ca5e05d": {"runs": 21, "balls": 51, "wickets": 1}, "4ec07775": {"runs": 4, "balls": 6, "wickets": 0}, "4b685e2d": {"runs": 6, "balls": 21, "wickets": 0}, "5239d782": {"runs": 0, "balls": 11, "wickets": 1}, "c2b6764d": {"runs": 13, "balls": 39, "wickets": 0}, "b82e3032": {"runs": 17, "balls": 31, "wickets": 1}, "01a95383": {"runs": 41, "balls": 85, "wickets": 0}, "ffdba4e2": {"runs": 16, "balls": 30, "wickets": 0}, "0a12e736": {"runs": 1, "balls": 5, "wickets": 0}, "59559bc2": {"runs": 17, "balls": 23, "wickets": 0}, "06c2de82": {"runs": 22, "balls": 28, "wickets": 1}, "ba9258a7": {"runs": 9, "balls": 23, "wickets": 0}, "3a3e7d82": {"runs": 25, "balls": 33, "wickets": 1}, "932d3cc9": {"runs": 19, "balls": 38, "wickets": 0}, "067bda18": {"runs": 15, "balls": 29, "wickets": 1}, "fc6f22e9": {"runs": 18, "balls": 35, "wickets": 0}, "462d7c62": {"runs": 49, "balls": 85, "wickets": 2}, "2baad3bd": {"runs": 14, "balls": 19, "wickets": 1}, "d48c0f40": {"runs": 83, "balls": 142, "wickets": 1}, "fe5b4367": {"runs": 31, "balls": 45, "wickets": 0}, "bd93fea4": {"runs": 9, "balls": 23, "wickets": 1}, "57590dbb": {"runs": 1, "balls": 3, "wickets": 0}, "4c0f3806": {"runs": 49, "balls": 83, "wickets": 0}, "8d92a2c3": {"runs": 3, "balls": 8, "wickets": 1}, "e737a5fe": {"runs": 8, "balls": 15, "wickets": 0}, "cad40f5e": {"runs": 29, "balls": 40, "wickets": 1}, "9679838c": {"runs": 6, "balls": 28, "wickets": 1}, "1f1b4c89": {"runs": 21, "balls": 47, "wickets": 0}, "cd143bca": {"runs": 17, "balls": 32, "wickets": 1}, "b0946605": {"runs": 4, "balls": 6, "wickets": 0}, "0d61d8f0": {"runs": 0, "balls": 6, "wickets": 0}, "e423d162": {"runs": 17, "balls": 49, "wickets": 0}, "e142c599": {"runs": 1, "balls": 1, "wickets": 0}, "5ccdb14f": {"runs": 10, "balls": 10, "wickets": 1}, "782fb776": {"runs": 0, "balls": 1, "wickets": 0}, "9f701298": {"runs": 2, "balls": 4, "wickets": 0}, "95a06106": {"runs": 0, "balls": 1, "wickets": 1}, "e087956b": {"runs": 13, "balls": 11, "wickets": 2}, "51e1ed69": {"runs": 6, "balls": 6, "wickets": 0}, "3d0ed2f9": {"runs": 1, "balls": 2, "wickets": 1}, "18fac429": {"runs": 1, "balls": 3, "wickets": 0}, "d510d457": {"runs": 0, "balls": 2, "wickets": 0}, "52c442e4": {"runs": 11, "balls": 21, "wickets": 0}, "641ac5ff": {"runs": 6, "balls": 15, "wickets": 0}, "fc63d916": {"runs": 9, "balls": 16, "wickets": 0}, "5e6d1a54": {"runs": 1, "balls": 1, "wickets": 0}, "5da34add": {"runs": 0, "balls": 2, "wickets": 1}, "00cada13": {"runs": 6, "balls": 7, "wickets": 0}, "fd8a9b23": {"runs": 28, "balls": 24, "wickets": 0}, "0ecb4de6": {"runs": 20, "balls": 26, "wickets": 0}, "aeab0d4f": {"runs": 21, "balls": 20, "wickets": 0}, "88a004e9": {"runs": 16, "balls": 14, "wickets": 0}, "6c908ffc": {"runs": 19, "balls": 20, "wickets": 1}, "fec369cd": {"runs": 19, "balls": 10, "wickets": 0}, "28217d89": {"runs": 18, "balls": 22, "wickets": 1}, "214f6461": {"runs": 13, "balls": 30, "wickets": 0}, "ab01e323": {"runs": 6, "balls": 5, "wickets": 0}, "867a45a7": {"runs": 33, "balls": 39, "wickets": 1}, "5899dceb": {"runs": 8, "balls": 14, "wickets": 0}, "6ea2710f": {"runs": 7, "balls": 11, "wickets": 0}, "57a76baa": {"runs": 13, "balls": 13, "wickets": 0}, "d3868bd0": {"runs": 26, "balls": 24, "wickets": 1}, "34b37279": {"runs": 14, "balls": 23, "wickets": 0}, "660538af": {"runs": 9, "balls": 13, "wickets": 1}, "ed47cb25": {"runs": 31, "balls": 35, "wickets": 1}, "78c12883": {"runs": 24, "balls": 23, "wickets": 0}, "9a089b15": {"runs": 19, "balls": 19, "wickets": 0}, "b9877635": {"runs": 4, "balls": 21, "wickets": 0}, "27c5a793": {"runs": 10, "balls": 38, "wickets": 1}, "23dee937": {"runs": 17, "balls": 51, "wickets": 0}, "087210b1": {"runs": 5, "balls": 5, "wickets": 0}, "a089f93f": {"runs": 26, "balls": 53, "wickets": 2}, "2223b920": {"runs": 15, "balls": 30, "wickets": 2}, "4a461c24": {"runs": 9, "balls": 19, "wickets": 0}, "3f61a062": {"runs": 6, "balls": 10, "wickets": 0}, "dda5aae5": {"runs": 3, "balls": 9, "wickets": 0}, "73f1f6b0": {"runs": 7, "balls": 11, "wickets": 0}, "35c08a29": {"runs": 0, "balls": 1, "wickets": 0}, "1957c6b7": {"runs": 0, "balls": 5, "wickets": 1}, "78eb4223": {"runs": 32, "balls": 32, "wickets": 0}, "8db7f47f": {"runs": 28, "balls": 33, "wickets": 1}, "5c86c3c2": {"runs": 20, "balls": 33, "wickets": 0}, "9caf69a1": {"runs": 11, "balls": 17, "wickets": 0}, "a790df98": {"runs": 14, "balls": 24, "wickets": 0}, "903560ed": {"runs": 17, "balls": 24, "wickets": 0}, "5a74e559": {"runs": 38, "balls": 56, "wickets": 1}, "68e26ec9": {"runs": 10, "balls": 16, "wickets": 0}, "aa710a58": {"runs": 19, "balls": 23, "wickets": 0}, "efe3fcc5": {"runs": 12, "balls": 13, "wickets": 0}, "3b4f3099": {"runs": 6, "balls": 3, "wickets": 0}, "861eed37": {"runs": 2, "balls": 13, "wickets": 1}, "fe2ac1a8": {"runs": 5, "balls": 5, "wickets": 0}, "2ecd844a": {"runs": 9, "balls": 11, "wickets": 0}, "8f9c5014": {"runs": 5, "balls": 6, "wickets": 0}, "a5735bd3": {"runs": 1, "balls": 1, "wickets": 0}, "27fc5808": {"runs": 4, "balls": 5, "wickets": 1}, "ac3c3cab": {"runs": 8, "balls": 26, "wickets": 0}, "c96f6ac5": {"runs": 7, "balls": 16, "wickets": 1}, "9f812582": {"runs": 2, "balls": 3, "wickets": 0}, "1d48795b": {"runs": 15, "balls": 13, "wickets": 0}, "d26e0405": {"runs": 11, "balls": 10, "wickets": 0}, "0b9a4ad6": {"runs": 11, "balls": 14, "wickets": 0}, "12d8efc8": {"runs": 2, "balls": 4, "wickets": 1}, "f40d24d9": {"runs": 1, "balls": 2, "wickets": 0}, "fbdec8c0": {"runs": 2, "balls": 2, "wickets": 0}, "ac69a03d": {"runs": 6, "balls": 3, "wickets": 0}, "0126ff20": {"runs": 12, "balls": 27, "wickets": 0}, "a4b810d0": {"runs": 5, "balls": 8, "wickets": 0}, "71440756": {"runs": 7, "balls": 12, "wickets": 0}, "e734d090": {"runs": 10, "balls": 25, "wickets": 0}, "8c9d3000": {"runs": 3, "balls": 4, "wickets": 0}, "eafe8a94": {"runs": 1, "balls": 4, "wickets": 1}, "9e707e02": {"runs": 2, "balls": 3, "wickets": 1}, "9fd3a210": {"runs": 10, "balls": 19, "wickets": 1}, "cfbce62e": {"runs": 8, "balls": 9, "wickets": 0}, "adaf51be": {"runs": 33, "balls": 40, "wickets": 0}, "7f7f658b": {"runs": 20, "balls": 20, "wickets": 0}, "1e66c162": {"runs": 4, "balls": 14, "wickets": 0}, "d99cc23a": {"runs": 13, "balls": 27, "wickets": 0}, "80e44dc5": {"runs": 1, "balls": 3, "wickets": 0}, "d12cead8": {"runs": 1, "balls": 2, "wickets": 0}, "ed8faea2": {"runs": 2, "balls": 2, "wickets": 0}, "0f3ee070": {"runs": 1, "balls": 11, "wickets": 0}, "ded9ff1e": {"runs": 6, "balls": 5, "wickets": 0}, "dcf81436": {"runs": 2, "balls": 6, "wickets": 0}, "d4eef961": {"runs": 49, "balls": 61, "wickets": 0}, "56b93d46": {"runs": 44, "balls": 45, "wickets": 0}, "27e60d6e": {"runs": 13, "balls": 28, "wickets": 1}, "dfc3f02d": {"runs": 29, "balls": 39, "wickets": 0}, "ba377b40": {"runs": 14, "balls": 12, "wickets": 0}, "c88bc84a": {"runs": 1, "balls": 1, "wickets": 0}, "6c6aca89": {"runs": 18, "balls": 36, "wickets": 0}, "2085e1fa": {"runs": 6, "balls": 7, "wickets": 0}, "bdc0670a": {"runs": 12, "balls": 15, "wickets": 1}, "948beb1f": {"runs": 8, "balls": 20, "wickets": 0}, "acb94221": {"runs": 0, "balls": 2, "wickets": 0}, "d617bf90": {"runs": 5, "balls": 9, "wickets": 0}, "86781001": {"runs": 0, "balls": 3, "wickets": 1}, "f2e28b0c": {"runs": 1, "balls": 3, "wickets": 0}}, "fifties": 17, "thirties": 15, "centuries": 6, "maidens": 16.0, "hattricks": 1, "runs": 3230.0, "wickets": 11.0, "club_ODI_previous3_runs": [13.0, 1.0, 14.0], "club_ODI_previous3_wickets": [0.0, 0.0, 0.0], "club_ODI_previous3_balls played": [19.0, 4.0, 28.0], "club_ODI_previous3_overs": [0.0, 0.0, 0.0], "club_ODI_previous3_runs gave": [0.0, 0.0, 0.0], "club_ODI_lifetime_runs": 600.0, "club_ODI_lifetime_wickets": 3.0, "club_ODI_lifetime_balls played": 681.0, "club_ODI_lifetime_overs": 39.0, "club_ODI_lifetime_runs gave": 232.0, "club_Test_previous3_runs": [68.0, 212.0, 53.0], "club_Test_previous3_wickets": [0.0, 0.0, 0.0], "club_Test_previous3_balls played": [115.0, 289.0, 94.0], "club_Test_previous3_overs": [0.0, 0.0, 0.0], "club_Test_previous3_runs gave": [0.0, 0.0, 0.0], "club_Test_lifetime_runs": 2462.0, "club_Test_lifetime_wickets": 8.0, "club_Test_lifetime_balls played": 5062.0, "club_Test_lifetime_overs": 117.5, "club_Test_lifetime_runs gave": 457.0, "club_T20_previous3_runs": [0.0, 4.0, 1.0], "club_T20_previous3_wickets": [0.0, 0.0, 0.0], "club_T20_previous3_balls played": [0.0, 7.0, 3.0], "club_T20_previous3_overs": [0.0, 0.0, 0.0], "club_T20_previous3_runs gave": [0.0, 0.0, 0.0], "club_T20_lifetime_runs": 168.0, "club_T20_lifetime_wickets": 0.0, "club_T20_lifetime_balls played": 139.0, "club_T20_lifetime_overs": 1.0, "club_T20_lifetime_runs gave": 9.0, "international_ODI_previous3_runs": [], "international_ODI_previous3_wickets": [], "international_ODI_previous3_balls played": [], "international_ODI_previous3_overs": [], "international_ODI_previous3_runs gave": [], "international_ODI_lifetime_runs": 0.0, "international_ODI_lifetime_wickets": 0.0, "international_ODI_lifetime_balls played": 0.0, "international_ODI_lifetime_overs": 0.0, "international_ODI_lifetime_runs gave": 0.0, "international_Test_previous3_runs": [], "international_Test_previous3_wickets": [], "international_Test_previous3_balls played": [], "international_Test_previous3_overs": [], "international_Test_previous3_runs gave": [], "international_Test_lifetime_runs": 0.0, "international_Test_lifetime_wickets": 0.0, "international_Test_lifetime_balls played": 0.0, "international_Test_lifetime_overs": 0.0, "international_Test_lifetime_runs gave": 0.0, "international_T20_previous3_runs": [], "international_T20_previous3_wickets": [], "international_T20_previous3_balls played": [], "international_T20_previous3_overs": [], "international_T20_previous3_runs gave": [], "international_T20_lifetime_runs": 0.0, "international_T20_lifetime_wickets": 0.0, "international_T20_lifetime_balls played": 0.0, "international_T20_lifetime_overs": 0.0, "international_T20_lifetime_runs gave": 0.0}