{"played_against": {"b410bd3d": {"runs": 3, "balls": 4, "wickets": 0}, "9811e35e": {"runs": 7, "balls": 7, "wickets": 0}, "64fb6b15": {"runs": 12, "balls": 7, "wickets": 1}, "1adb8ee8": {"runs": 9, "balls": 5, "wickets": 0}, "f53b3e1d": {"runs": 6, "balls": 3, "wickets": 0}, "bd9fbd51": {"runs": 1, "balls": 2, "wickets": 0}, "b3b39bed": {"runs": 1, "balls": 2, "wickets": 0}, "dcdb87f2": {"runs": 0, "balls": 3, "wickets": 1}, "415d30b6": {"runs": 1, "balls": 1, "wickets": 0}, "60bec5c3": {"runs": 2, "balls": 2, "wickets": 0}, "78fcc740": {"runs": 0, "balls": 1, "wickets": 1}, "ecdd8d60": {"runs": 0, "balls": 1, "wickets": 0}, "20481563": {"runs": 0, "balls": 2, "wickets": 1}}, "fifties": 0, "thirties": 1, "centuries": 0, "maidens": 0.0, "hattricks": 0, "runs": 42.0, "wickets": 3.0, "club_ODI_previous3_runs": [], "club_ODI_previous3_wickets": [], "club_ODI_previous3_balls played": [], "club_ODI_previous3_overs": [], "club_ODI_previous3_runs gave": [], "club_ODI_lifetime_runs": 0.0, "club_ODI_lifetime_wickets": 0.0, "club_ODI_lifetime_balls played": 0.0, "club_ODI_lifetime_overs": 0.0, "club_ODI_lifetime_runs gave": 0.0, "club_Test_previous3_runs": [], "club_Test_previous3_wickets": [], "club_Test_previous3_balls played": [], "club_Test_previous3_overs": [], "club_Test_previous3_runs gave": [], "club_Test_lifetime_runs": 0.0, "club_Test_lifetime_wickets": 0.0, "club_Test_lifetime_balls played": 0.0, "club_Test_lifetime_overs": 0.0, "club_Test_lifetime_runs gave": 0.0, "club_T20_previous3_runs": [], "club_T20_previous3_wickets": [], "club_T20_previous3_balls played": [], "club_T20_previous3_overs": [], "club_T20_previous3_runs gave": [], "club_T20_lifetime_runs": 0.0, "club_T20_lifetime_wickets": 0.0, "club_T20_lifetime_balls played": 0.0, "club_T20_lifetime_overs": 0.0, "club_T20_lifetime_runs gave": 0.0, "international_ODI_previous3_runs": [], "international_ODI_previous3_wickets": [], "international_ODI_previous3_balls played": [], "international_ODI_previous3_overs": [], "international_ODI_previous3_runs gave": [], "international_ODI_lifetime_runs": 0.0, "international_ODI_lifetime_wickets": 0.0, "international_ODI_lifetime_balls played": 0.0, "international_ODI_lifetime_overs": 0.0, "international_ODI_lifetime_runs gave": 0.0, "international_Test_previous3_runs": [], "international_Test_previous3_wickets": [], "international_Test_previous3_balls played": [], "international_Test_previous3_overs": [], "international_Test_previous3_runs gave": [], "international_Test_lifetime_runs": 0.0, "international_Test_lifetime_wickets": 0.0, "international_Test_lifetime_balls played": 0.0, "international_Test_lifetime_overs": 0.0, "international_Test_lifetime_runs gave": 0.0, "international_T20_previous3_runs": [3.0, 0.0, 0.0], "international_T20_previous3_wickets": [0.0, 1.0, 2.0], "international_T20_previous3_balls played": [4.0, 3.0, 0.0], "international_T20_previous3_overs": [1.0, 4.0, 4.0], "international_T20_previous3_runs gave": [11.0, 46.0, 9.0], "international_T20_lifetime_runs": 42.0, "international_T20_lifetime_wickets": 3.0, "international_T20_lifetime_balls played": 41.0, "international_T20_lifetime_overs": 13.0, "international_T20_lifetime_runs gave": 105.0}