{"played_against": {"5fa7f030": {"runs": 5, "balls": 8, "wickets": 0}, "3250b7db": {"runs": 1, "balls": 6, "wickets": 0}, "6b4817d9": {"runs": 3, "balls": 5, "wickets": 0}, "da6576af": {"runs": 1, "balls": 4, "wickets": 1}, "be59ed3f": {"runs": 9, "balls": 4, "wickets": 0}, "d37581d9": {"runs": 0, "balls": 5, "wickets": 0}, "556ad437": {"runs": 2, "balls": 3, "wickets": 0}, "ec8132b2": {"runs": 4, "balls": 4, "wickets": 0}, "569bbcbb": {"runs": 1, "balls": 4, "wickets": 0}, "4c87bd01": {"runs": 4, "balls": 4, "wickets": 0}, "52bbb9e5": {"runs": 1, "balls": 1, "wickets": 0}, "711c82b5": {"runs": 4, "balls": 5, "wickets": 1}, "9908d470": {"runs": 1, "balls": 6, "wickets": 1}, "fe4f5d2b": {"runs": 3, "balls": 3, "wickets": 0}, "4d35d0b3": {"runs": 2, "balls": 5, "wickets": 0}, "47b32a5a": {"runs": 0, "balls": 7, "wickets": 1}, "a031b75e": {"runs": 0, "balls": 5, "wickets": 1}, "862f4427": {"runs": 1, "balls": 3, "wickets": 0}, "d92d3563": {"runs": 0, "balls": 2, "wickets": 0}, "f13d3eba": {"runs": 0, "balls": 10, "wickets": 1}, "42e4b276": {"runs": 0, "balls": 5, "wickets": 1}, "8e7be59c": {"runs": 0, "balls": 1, "wickets": 1}}, "fifties": 0, "thirties": 0, "centuries": 0, "maidens": 0.0, "hattricks": 0, "runs": 42.0, "wickets": 0.0, "club_ODI_previous3_runs": [], "club_ODI_previous3_wickets": [], "club_ODI_previous3_balls played": [], "club_ODI_previous3_overs": [], "club_ODI_previous3_runs gave": [], "club_ODI_lifetime_runs": 0.0, "club_ODI_lifetime_wickets": 0.0, "club_ODI_lifetime_balls played": 0.0, "club_ODI_lifetime_overs": 0.0, "club_ODI_lifetime_runs gave": 0.0, "club_Test_previous3_runs": [], "club_Test_previous3_wickets": [], "club_Test_previous3_balls played": [], "club_Test_previous3_overs": [], "club_Test_previous3_runs gave": [], "club_Test_lifetime_runs": 0.0, "club_Test_lifetime_wickets": 0.0, "club_Test_lifetime_balls played": 0.0, "club_Test_lifetime_overs": 0.0, "club_Test_lifetime_runs gave": 0.0, "club_T20_previous3_runs": [], "club_T20_previous3_wickets": [], "club_T20_previous3_balls played": [], "club_T20_previous3_overs": [], "club_T20_previous3_runs gave": [], "club_T20_lifetime_runs": 0.0, "club_T20_lifetime_wickets": 0.0, "club_T20_lifetime_balls played": 0.0, "club_T20_lifetime_overs": 0.0, "club_T20_lifetime_runs gave": 0.0, "international_ODI_previous3_runs": [], "international_ODI_previous3_wickets": [], "international_ODI_previous3_balls played": [], "international_ODI_previous3_overs": [], "international_ODI_previous3_runs gave": [], "international_ODI_lifetime_runs": 0.0, "international_ODI_lifetime_wickets": 0.0, "international_ODI_lifetime_balls played": 0.0, "international_ODI_lifetime_overs": 0.0, "international_ODI_lifetime_runs gave": 0.0, "international_Test_previous3_runs": [], "international_Test_previous3_wickets": [], "international_Test_previous3_balls played": [], "international_Test_previous3_overs": [], "international_Test_previous3_runs gave": [], "international_Test_lifetime_runs": 0.0, "international_Test_lifetime_wickets": 0.0, "international_Test_lifetime_balls played": 0.0, "international_Test_lifetime_overs": 0.0, "international_Test_lifetime_runs gave": 0.0, "international_T20_previous3_runs": [0.0, 0.0, 0.0], "international_T20_previous3_wickets": [0.0, 0.0, 0.0], "international_T20_previous3_balls played": [6.0, 6.0, 7.0], "international_T20_previous3_overs": [0.0, 0.0, 0.0], "international_T20_previous3_runs gave": [0.0, 0.0, 0.0], "international_T20_lifetime_runs": 42.0, "international_T20_lifetime_wickets": 0.0, "international_T20_lifetime_balls played": 100.0, "international_T20_lifetime_overs": 0.0, "international_T20_lifetime_runs gave": 0.0}