{"played_against": {"6dba59e0": {"runs": 0, "balls": 1, "wickets": 1}, "8e38d470": {"runs": 2, "balls": 2, "wickets": 1}, "9c333e40": {"runs": 2, "balls": 5, "wickets": 1}, "43d365ca": {"runs": 1, "balls": 1, "wickets": 0}, "c343a8c6": {"runs": 10, "balls": 8, "wickets": 0}, "45b5ce8d": {"runs": 1, "balls": 1, "wickets": 0}, "2e092d2c": {"runs": 2, "balls": 1, "wickets": 0}, "7a6decc8": {"runs": 3, "balls": 7, "wickets": 0}, "1f4a78c5": {"runs": 3, "balls": 4, "wickets": 1}, "9ffb7550": {"runs": 0, "balls": 8, "wickets": 0}, "d3851cd8": {"runs": 3, "balls": 9, "wickets": 0}, "e3eb9e46": {"runs": 3, "balls": 3, "wickets": 0}, "6a11facf": {"runs": 1, "balls": 4, "wickets": 0}, "cbd91942": {"runs": 1, "balls": 4, "wickets": 1}, "48024cf4": {"runs": 1, "balls": 1, "wickets": 0}, "57b3c398": {"runs": 1, "balls": 1, "wickets": 0}, "66a7f213": {"runs": 2, "balls": 2, "wickets": 0}}, "fifties": 0, "thirties": 0, "centuries": 0, "maidens": 0.0, "hattricks": 0, "runs": 36.0, "wickets": 2.0, "club_ODI_previous3_runs": [], "club_ODI_previous3_wickets": [], "club_ODI_previous3_balls played": [], "club_ODI_previous3_overs": [], "club_ODI_previous3_runs gave": [], "club_ODI_lifetime_runs": 0.0, "club_ODI_lifetime_wickets": 0.0, "club_ODI_lifetime_balls played": 0.0, "club_ODI_lifetime_overs": 0.0, "club_ODI_lifetime_runs gave": 0.0, "club_Test_previous3_runs": [], "club_Test_previous3_wickets": [], "club_Test_previous3_balls played": [], "club_Test_previous3_overs": [], "club_Test_previous3_runs gave": [], "club_Test_lifetime_runs": 0.0, "club_Test_lifetime_wickets": 0.0, "club_Test_lifetime_balls played": 0.0, "club_Test_lifetime_overs": 0.0, "club_Test_lifetime_runs gave": 0.0, "club_T20_previous3_runs": [], "club_T20_previous3_wickets": [], "club_T20_previous3_balls played": [], "club_T20_previous3_overs": [], "club_T20_previous3_runs gave": [], "club_T20_lifetime_runs": 0.0, "club_T20_lifetime_wickets": 0.0, "club_T20_lifetime_balls played": 0.0, "club_T20_lifetime_overs": 0.0, "club_T20_lifetime_runs gave": 0.0, "international_ODI_previous3_runs": [], "international_ODI_previous3_wickets": [], "international_ODI_previous3_balls played": [], "international_ODI_previous3_overs": [], "international_ODI_previous3_runs gave": [], "international_ODI_lifetime_runs": 0.0, "international_ODI_lifetime_wickets": 0.0, "international_ODI_lifetime_balls played": 0.0, "international_ODI_lifetime_overs": 0.0, "international_ODI_lifetime_runs gave": 0.0, "international_Test_previous3_runs": [], "international_Test_previous3_wickets": [], "international_Test_previous3_balls played": [], "international_Test_previous3_overs": [], "international_Test_previous3_runs gave": [], "international_Test_lifetime_runs": 0.0, "international_Test_lifetime_wickets": 0.0, "international_Test_lifetime_balls played": 0.0, "international_Test_lifetime_overs": 0.0, "international_Test_lifetime_runs gave": 0.0, "international_T20_previous3_runs": [3.0, 2.0, 0.0], "international_T20_previous3_wickets": [0.0, 0.0, 0.0], "international_T20_previous3_balls played": [6.0, 6.0, 0.0], "international_T20_previous3_overs": [3.0, 1.0, 3.0], "international_T20_previous3_runs gave": [33.0, 11.0, 35.0], "international_T20_lifetime_runs": 36.0, "international_T20_lifetime_wickets": 2.0, "international_T20_lifetime_balls played": 62.0, "international_T20_lifetime_overs": 28.0, "international_T20_lifetime_runs gave": 211.0}