{"played_against": {"f13d3eba": {"runs": 11, "balls": 13, "wickets": 1}, "bba7558e": {"runs": 1, "balls": 1, "wickets": 0}, "50ee0500": {"runs": 7, "balls": 10, "wickets": 1}, "a0a65375": {"runs": 5, "balls": 14, "wickets": 1}, "25c73eb6": {"runs": 5, "balls": 3, "wickets": 0}, "35230fa3": {"runs": 14, "balls": 14, "wickets": 0}, "2dc78362": {"runs": 3, "balls": 7, "wickets": 0}, "d5fa2ab3": {"runs": 0, "balls": 1, "wickets": 0}, "8b6c33d0": {"runs": 1, "balls": 3, "wickets": 0}, "4b15618c": {"runs": 25, "balls": 51, "wickets": 4}, "8e7be59c": {"runs": 33, "balls": 36, "wickets": 1}, "ac8bca8d": {"runs": 0, "balls": 2, "wickets": 1}, "ef2bcebf": {"runs": 1, "balls": 2, "wickets": 1}, "fe4f5d2b": {"runs": 2, "balls": 3, "wickets": 0}, "7e8bcfc1": {"runs": 2, "balls": 3, "wickets": 0}, "acd030a0": {"runs": 5, "balls": 9, "wickets": 0}, "f1328a90": {"runs": 1, "balls": 2, "wickets": 0}, "b4f73b44": {"runs": 11, "balls": 21, "wickets": 2}, "5a50471c": {"runs": 9, "balls": 27, "wickets": 1}, "07248d8e": {"runs": 5, "balls": 4, "wickets": 0}, "52d3b7ff": {"runs": 4, "balls": 4, "wickets": 0}, "a61850e6": {"runs": 2, "balls": 9, "wickets": 0}, "a0fdf513": {"runs": 2, "balls": 4, "wickets": 0}, "ac56b5a7": {"runs": 1, "balls": 3, "wickets": 0}, "fa9fdefa": {"runs": 17, "balls": 21, "wickets": 0}, "5728635a": {"runs": 9, "balls": 10, "wickets": 0}, "d758a366": {"runs": 16, "balls": 22, "wickets": 3}, "5596d5bf": {"runs": 10, "balls": 5, "wickets": 0}, "531aef3b": {"runs": 0, "balls": 1, "wickets": 0}, "d284ef29": {"runs": 11, "balls": 29, "wickets": 0}, "397369e0": {"runs": 14, "balls": 17, "wickets": 0}, "940feccc": {"runs": 10, "balls": 18, "wickets": 1}, "23e3f2d6": {"runs": 20, "balls": 53, "wickets": 0}, "9c4b58db": {"runs": 8, "balls": 20, "wickets": 0}, "519b872a": {"runs": 12, "balls": 23, "wickets": 1}, "58acb320": {"runs": 11, "balls": 21, "wickets": 0}, "12a2157e": {"runs": 0, "balls": 3, "wickets": 1}, "f6ddfe08": {"runs": 13, "balls": 18, "wickets": 1}, "72eada4c": {"runs": 6, "balls": 14, "wickets": 0}, "bd36bc39": {"runs": 3, "balls": 4, "wickets": 1}, "c3394c16": {"runs": 4, "balls": 8, "wickets": 1}, "7027d12f": {"runs": 2, "balls": 2, "wickets": 1}, "8a452195": {"runs": 5, "balls": 3, "wickets": 0}, "d8f20ba5": {"runs": 35, "balls": 26, "wickets": 2}, "ffd5fcd8": {"runs": 14, "balls": 15, "wickets": 1}, "1b1c23bb": {"runs": 10, "balls": 8, "wickets": 0}, "fa6e2cb3": {"runs": 6, "balls": 6, "wickets": 0}, "569bbcbb": {"runs": 18, "balls": 22, "wickets": 0}, "52bbb9e5": {"runs": 21, "balls": 16, "wickets": 1}, "4c87bd01": {"runs": 19, "balls": 24, "wickets": 1}, "95bf6b2a": {"runs": 24, "balls": 16, "wickets": 0}, "5c77d7cb": {"runs": 11, "balls": 8, "wickets": 0}, "e01e17ee": {"runs": 14, "balls": 14, "wickets": 0}, "d12ec7b3": {"runs": 26, "balls": 17, "wickets": 0}, "907e30d9": {"runs": 3, "balls": 4, "wickets": 0}, "047d293e": {"runs": 18, "balls": 10, "wickets": 1}, "3250b7db": {"runs": 26, "balls": 20, "wickets": 0}, "5fa7f030": {"runs": 30, "balls": 36, "wickets": 0}, "a031b75e": {"runs": 12, "balls": 8, "wickets": 1}, "a413b433": {"runs": 1, "balls": 2, "wickets": 0}, "030a38e0": {"runs": 1, "balls": 2, "wickets": 0}, "862f4427": {"runs": 9, "balls": 9, "wickets": 0}, "b0023708": {"runs": 1, "balls": 1, "wickets": 0}, "7163637f": {"runs": 2, "balls": 4, "wickets": 0}, "94271647": {"runs": 1, "balls": 1, "wickets": 0}, "66c1accf": {"runs": 0, "balls": 1, "wickets": 1}, "a259c414": {"runs": 2, "balls": 5, "wickets": 0}, "f537d39c": {"runs": 0, "balls": 2, "wickets": 0}, "31c56f40": {"runs": 1, "balls": 3, "wickets": 1}, "36dfa62e": {"runs": 1, "balls": 1, "wickets": 0}, "8bbfc744": {"runs": 0, "balls": 1, "wickets": 0}, "03c98aa6": {"runs": 3, "balls": 4, "wickets": 1}, "01815edc": {"runs": 0, "balls": 1, "wickets": 1}, "aaccb8ca": {"runs": 7, "balls": 7, "wickets": 0}, "74eecff4": {"runs": 16, "balls": 12, "wickets": 1}, "34f86a2d": {"runs": 4, "balls": 3, "wickets": 0}, "c4022bff": {"runs": 11, "balls": 10, "wickets": 1}, "6348c6e9": {"runs": 6, "balls": 9, "wickets": 0}, "bf5e7711": {"runs": 7, "balls": 4, "wickets": 0}, "88bcd09d": {"runs": 11, "balls": 18, "wickets": 0}, "62d92d76": {"runs": 1, "balls": 11, "wickets": 0}, "a3034d3d": {"runs": 23, "balls": 22, "wickets": 0}, "2daa8e40": {"runs": 9, "balls": 19, "wickets": 0}, "83cde44d": {"runs": 10, "balls": 20, "wickets": 2}, "f61e2829": {"runs": 6, "balls": 19, "wickets": 1}, "040f11e8": {"runs": 19, "balls": 17, "wickets": 0}, "01341439": {"runs": 2, "balls": 2, "wickets": 0}, "dadfffc8": {"runs": 1, "balls": 2, "wickets": 0}, "385eac52": {"runs": 7, "balls": 9, "wickets": 0}, "d92d3563": {"runs": 6, "balls": 6, "wickets": 0}, "23ef9b32": {"runs": 2, "balls": 6, "wickets": 1}}, "fifties": 2, "thirties": 6, "centuries": 0, "maidens": 30.0, "hattricks": 6, "runs": 778.0, "wickets": 70.0, "club_ODI_previous3_runs": [], "club_ODI_previous3_wickets": [], "club_ODI_previous3_balls played": [], "club_ODI_previous3_overs": [], "club_ODI_previous3_runs gave": [], "club_ODI_lifetime_runs": 0.0, "club_ODI_lifetime_wickets": 0.0, "club_ODI_lifetime_balls played": 0.0, "club_ODI_lifetime_overs": 0.0, "club_ODI_lifetime_runs gave": 0.0, "club_Test_previous3_runs": [], "club_Test_previous3_wickets": [], "club_Test_previous3_balls played": [], "club_Test_previous3_overs": [], "club_Test_previous3_runs gave": [], "club_Test_lifetime_runs": 0.0, "club_Test_lifetime_wickets": 0.0, "club_Test_lifetime_balls played": 0.0, "club_Test_lifetime_overs": 0.0, "club_Test_lifetime_runs gave": 0.0, "club_T20_previous3_runs": [], "club_T20_previous3_wickets": [], "club_T20_previous3_balls played": [], "club_T20_previous3_overs": [], "club_T20_previous3_runs gave": [], "club_T20_lifetime_runs": 0.0, "club_T20_lifetime_wickets": 0.0, "club_T20_lifetime_balls played": 0.0, "club_T20_lifetime_overs": 0.0, "club_T20_lifetime_runs gave": 0.0, "international_ODI_previous3_runs": [5.0, 28.0, 14.0], "international_ODI_previous3_wickets": [4.0, 0.0, 1.0], "international_ODI_previous3_balls played": [17.0, 45.0, 16.0], "international_ODI_previous3_overs": [8.166666666666666, 9.0, 10.0], "international_ODI_previous3_runs gave": [31.0, 28.0, 36.0], "international_ODI_lifetime_runs": 159.0, "international_ODI_lifetime_wickets": 26.0, "international_ODI_lifetime_balls played": 361.0, "international_ODI_lifetime_overs": 133.83333333333331, "international_ODI_lifetime_runs gave": 498.0, "international_Test_previous3_runs": [], "international_Test_previous3_wickets": [], "international_Test_previous3_balls played": [], "international_Test_previous3_overs": [], "international_Test_previous3_runs gave": [], "international_Test_lifetime_runs": 0.0, "international_Test_lifetime_wickets": 0.0, "international_Test_lifetime_balls played": 0.0, "international_Test_lifetime_overs": 0.0, "international_Test_lifetime_runs gave": 0.0, "international_T20_previous3_runs": [1.0, 42.0, 23.0], "international_T20_previous3_wickets": [1.0, 0.0, 0.0], "international_T20_previous3_balls played": [2.0, 28.0, 36.0], "international_T20_previous3_overs": [4.0, 0.0, 4.0], "international_T20_previous3_runs gave": [18.0, 0.0, 40.0], "international_T20_lifetime_runs": 619.0, "international_T20_lifetime_wickets": 44.0, "international_T20_lifetime_balls played": 670.0, "international_T20_lifetime_overs": 177.00000000000003, "international_T20_lifetime_runs gave": 947.0}