{"played_against": {"e1b9f3a9": {"runs": 20, "balls": 15, "wickets": 1}, "e86754b2": {"runs": 2, "balls": 4, "wickets": 0}, "1a2676c5": {"runs": 4, "balls": 6, "wickets": 0}, "3540beff": {"runs": 7, "balls": 4, "wickets": 0}, "ab21795b": {"runs": 0, "balls": 1, "wickets": 1}, "b681e71e": {"runs": 21, "balls": 16, "wickets": 0}, "14f96089": {"runs": 22, "balls": 18, "wickets": 2}, "d167edd3": {"runs": 7, "balls": 9, "wickets": 0}, "b410bd3d": {"runs": 32, "balls": 26, "wickets": 0}, "d9273ee7": {"runs": 15, "balls": 9, "wickets": 1}, "5456bd0c": {"runs": 1, "balls": 2, "wickets": 0}, "0164b064": {"runs": 0, "balls": 2, "wickets": 0}, "6834d1f2": {"runs": 0, "balls": 1, "wickets": 1}, "808f425a": {"runs": 6, "balls": 4, "wickets": 0}, "5574750c": {"runs": 2, "balls": 6, "wickets": 1}, "64775749": {"runs": 4, "balls": 9, "wickets": 2}, "f752db61": {"runs": 2, "balls": 4, "wickets": 0}, "898e628d": {"runs": 8, "balls": 6, "wickets": 2}, "218d4d78": {"runs": 16, "balls": 13, "wickets": 0}, "7d92277a": {"runs": 13, "balls": 17, "wickets": 0}, "88209c84": {"runs": 1, "balls": 1, "wickets": 0}, "1558d83b": {"runs": 1, "balls": 1, "wickets": 0}, "ffe699c0": {"runs": 2, "balls": 2, "wickets": 0}, "4933f499": {"runs": 22, "balls": 23, "wickets": 1}, "56ab442f": {"runs": 36, "balls": 18, "wickets": 0}, "68e26ec9": {"runs": 12, "balls": 6, "wickets": 0}, "7c7d63a2": {"runs": 19, "balls": 18, "wickets": 2}, "33742f04": {"runs": 1, "balls": 1, "wickets": 0}, "caf69bf7": {"runs": 10, "balls": 10, "wickets": 2}, "45f56920": {"runs": 0, "balls": 3, "wickets": 1}, "1a156c88": {"runs": 10, "balls": 11, "wickets": 0}, "8d5d991e": {"runs": 13, "balls": 5, "wickets": 0}, "96a6a7ad": {"runs": 2, "balls": 2, "wickets": 0}, "32198ae0": {"runs": 0, "balls": 1, "wickets": 1}, "2a2e6343": {"runs": 2, "balls": 2, "wickets": 0}, "e342e5fb": {"runs": 5, "balls": 2, "wickets": 0}, "0f721006": {"runs": 1, "balls": 1, "wickets": 0}, "38c276e1": {"runs": 1, "balls": 1, "wickets": 0}, "272fc5ad": {"runs": 13, "balls": 11, "wickets": 0}, "bd93fea4": {"runs": 21, "balls": 13, "wickets": 0}, "15de1f5d": {"runs": 19, "balls": 15, "wickets": 1}, "5f547c8b": {"runs": 18, "balls": 23, "wickets": 1}, "f3abd0c9": {"runs": 4, "balls": 5, "wickets": 1}, "3b53243a": {"runs": 22, "balls": 15, "wickets": 1}, "f1c61793": {"runs": 17, "balls": 8, "wickets": 0}, "903560ed": {"runs": 1, "balls": 2, "wickets": 1}, "7b953689": {"runs": 1, "balls": 2, "wickets": 1}, "786b7fe8": {"runs": 7, "balls": 6, "wickets": 0}, "44afbf2d": {"runs": 4, "balls": 3, "wickets": 0}, "8f3fde65": {"runs": 24, "balls": 11, "wickets": 1}, "06c2de82": {"runs": 4, "balls": 4, "wickets": 0}, "fa433be6": {"runs": 1, "balls": 3, "wickets": 0}, "9eb1455b": {"runs": 2, "balls": 2, "wickets": 0}, "be869ccf": {"runs": 14, "balls": 8, "wickets": 0}, "208f22ea": {"runs": 16, "balls": 8, "wickets": 0}, "a90e53ec": {"runs": 7, "balls": 7, "wickets": 0}, "b03303ca": {"runs": 4, "balls": 6, "wickets": 0}, "003d49e6": {"runs": 21, "balls": 12, "wickets": 0}, "86b4bf88": {"runs": 19, "balls": 13, "wickets": 0}, "245c97cb": {"runs": 7, "balls": 7, "wickets": 0}, "3d8feaf8": {"runs": 11, "balls": 9, "wickets": 0}, "a2421394": {"runs": 14, "balls": 9, "wickets": 0}, "6f95e5fa": {"runs": 3, "balls": 4, "wickets": 0}, "1b04e02b": {"runs": 0, "balls": 1, "wickets": 1}, "859d95bb": {"runs": 3, "balls": 4, "wickets": 0}, "24bb1c2f": {"runs": 7, "balls": 8, "wickets": 0}, "9656afbf": {"runs": 9, "balls": 5, "wickets": 0}, "be69e09d": {"runs": 5, "balls": 5, "wickets": 0}, "5390f178": {"runs": 0, "balls": 1, "wickets": 0}, "8bdbb608": {"runs": 0, "balls": 1, "wickets": 1}, "ac2e7ec0": {"runs": 3, "balls": 4, "wickets": 0}, "f422728b": {"runs": 1, "balls": 2, "wickets": 0}, "e7dd5eca": {"runs": 4, "balls": 1, "wickets": 0}, "1ee08e9a": {"runs": 5, "balls": 2, "wickets": 0}, "a818c1be": {"runs": 0, "balls": 1, "wickets": 0}, "65b6943c": {"runs": 3, "balls": 3, "wickets": 0}, "56b93d46": {"runs": 9, "balls": 4, "wickets": 0}, "51a60c16": {"runs": 1, "balls": 1, "wickets": 0}, "59559bc2": {"runs": 1, "balls": 2, "wickets": 1}, "4b685e2d": {"runs": 3, "balls": 4, "wickets": 0}, "9cb8d7a6": {"runs": 5, "balls": 4, "wickets": 0}, "7c8f533d": {"runs": 6, "balls": 2, "wickets": 0}}, "fifties": 2, "thirties": 7, "centuries": 0, "maidens": 0.0, "hattricks": 0, "runs": 659.0, "wickets": 0.0, "club_ODI_previous3_runs": [], "club_ODI_previous3_wickets": [], "club_ODI_previous3_balls played": [], "club_ODI_previous3_overs": [], "club_ODI_previous3_runs gave": [], "club_ODI_lifetime_runs": 0.0, "club_ODI_lifetime_wickets": 0.0, "club_ODI_lifetime_balls played": 0.0, "club_ODI_lifetime_overs": 0.0, "club_ODI_lifetime_runs gave": 0.0, "club_Test_previous3_runs": [], "club_Test_previous3_wickets": [], "club_Test_previous3_balls played": [], "club_Test_previous3_overs": [], "club_Test_previous3_runs gave": [], "club_Test_lifetime_runs": 0.0, "club_Test_lifetime_wickets": 0.0, "club_Test_lifetime_balls played": 0.0, "club_Test_lifetime_overs": 0.0, "club_Test_lifetime_runs gave": 0.0, "club_T20_previous3_runs": [0.0, 2.0, 18.0], "club_T20_previous3_wickets": [0.0, 0.0, 0.0], "club_T20_previous3_balls played": [0.0, 3.0, 16.0], "club_T20_previous3_overs": [0.0, 0.0, 0.0], "club_T20_previous3_runs gave": [0.0, 0.0, 0.0], "club_T20_lifetime_runs": 659.0, "club_T20_lifetime_wickets": 0.0, "club_T20_lifetime_balls played": 551.0, "club_T20_lifetime_overs": 0.0, "club_T20_lifetime_runs gave": 0.0, "international_ODI_previous3_runs": [], "international_ODI_previous3_wickets": [], "international_ODI_previous3_balls played": [], "international_ODI_previous3_overs": [], "international_ODI_previous3_runs gave": [], "international_ODI_lifetime_runs": 0.0, "international_ODI_lifetime_wickets": 0.0, "international_ODI_lifetime_balls played": 0.0, "international_ODI_lifetime_overs": 0.0, "international_ODI_lifetime_runs gave": 0.0, "international_Test_previous3_runs": [], "international_Test_previous3_wickets": [], "international_Test_previous3_balls played": [], "international_Test_previous3_overs": [], "international_Test_previous3_runs gave": [], "international_Test_lifetime_runs": 0.0, "international_Test_lifetime_wickets": 0.0, "international_Test_lifetime_balls played": 0.0, "international_Test_lifetime_overs": 0.0, "international_Test_lifetime_runs gave": 0.0, "international_T20_previous3_runs": [], "international_T20_previous3_wickets": [], "international_T20_previous3_balls played": [], "international_T20_previous3_overs": [], "international_T20_previous3_runs gave": [], "international_T20_lifetime_runs": 0.0, "international_T20_lifetime_wickets": 0.0, "international_T20_lifetime_balls played": 0.0, "international_T20_lifetime_overs": 0.0, "international_T20_lifetime_runs gave": 0.0}