{"played_against": {"5f272b72": {"runs": 2, "balls": 3, "wickets": 0}, "007113d7": {"runs": 5, "balls": 3, "wickets": 0}, "2b7609f1": {"runs": 5, "balls": 13, "wickets": 0}, "011f6b42": {"runs": 1, "balls": 1, "wickets": 0}, "e77e96de": {"runs": 13, "balls": 10, "wickets": 0}}, "fifties": 0, "thirties": 0, "centuries": 0, "maidens": 2.0, "hattricks": 0, "runs": 26.0, "wickets": 1.0, "club_ODI_previous3_runs": [], "club_ODI_previous3_wickets": [], "club_ODI_previous3_balls played": [], "club_ODI_previous3_overs": [], "club_ODI_previous3_runs gave": [], "club_ODI_lifetime_runs": 0.0, "club_ODI_lifetime_wickets": 0.0, "club_ODI_lifetime_balls played": 0.0, "club_ODI_lifetime_overs": 0.0, "club_ODI_lifetime_runs gave": 0.0, "club_Test_previous3_runs": [], "club_Test_previous3_wickets": [], "club_Test_previous3_balls played": [], "club_Test_previous3_overs": [], "club_Test_previous3_runs gave": [], "club_Test_lifetime_runs": 0.0, "club_Test_lifetime_wickets": 0.0, "club_Test_lifetime_balls played": 0.0, "club_Test_lifetime_overs": 0.0, "club_Test_lifetime_runs gave": 0.0, "club_T20_previous3_runs": [], "club_T20_previous3_wickets": [], "club_T20_previous3_balls played": [], "club_T20_previous3_overs": [], "club_T20_previous3_runs gave": [], "club_T20_lifetime_runs": 0.0, "club_T20_lifetime_wickets": 0.0, "club_T20_lifetime_balls played": 0.0, "club_T20_lifetime_overs": 0.0, "club_T20_lifetime_runs gave": 0.0, "international_ODI_previous3_runs": [0.0, 0.0, 19.0], "international_ODI_previous3_wickets": [0.0, 0.0, 1.0], "international_ODI_previous3_balls played": [0.0, 0.0, 24.0], "international_ODI_previous3_overs": [4.0, 0.0, 10.0], "international_ODI_previous3_runs gave": [14.0, 0.0, 17.0], "international_ODI_lifetime_runs": 26.0, "international_ODI_lifetime_wickets": 1.0, "international_ODI_lifetime_balls played": 30.0, "international_ODI_lifetime_overs": 14.0, "international_ODI_lifetime_runs gave": 31.0, "international_Test_previous3_runs": [], "international_Test_previous3_wickets": [], "international_Test_previous3_balls played": [], "international_Test_previous3_overs": [], "international_Test_previous3_runs gave": [], "international_Test_lifetime_runs": 0.0, "international_Test_lifetime_wickets": 0.0, "international_Test_lifetime_balls played": 0.0, "international_Test_lifetime_overs": 0.0, "international_Test_lifetime_runs gave": 0.0, "international_T20_previous3_runs": [], "international_T20_previous3_wickets": [], "international_T20_previous3_balls played": [], "international_T20_previous3_overs": [], "international_T20_previous3_runs gave": [], "international_T20_lifetime_runs": 0.0, "international_T20_lifetime_wickets": 0.0, "international_T20_lifetime_balls played": 0.0, "international_T20_lifetime_overs": 0.0, "international_T20_lifetime_runs gave": 0.0}