{"played_against": {"a45a5e8d": {"runs": 0, "balls": 0, "wickets": 0}, "6aed7e79": {"runs": 9, "balls": 6, "wickets": 0}, "1abb78f8": {"runs": 2, "balls": 3, "wickets": 0}, "d2a989fc": {"runs": 2, "balls": 3, "wickets": 0}, "5f4e9e8f": {"runs": 6, "balls": 4, "wickets": 1}, "8d2c70ad": {"runs": 7, "balls": 2, "wickets": 0}, "98ae73b1": {"runs": 2, "balls": 6, "wickets": 0}, "66317b81": {"runs": 1, "balls": 1, "wickets": 0}, "40792cff": {"runs": 7, "balls": 4, "wickets": 0}, "db31895a": {"runs": 0, "balls": 4, "wickets": 1}, "4b2056c7": {"runs": 6, "balls": 2, "wickets": 0}, "edb3d4f8": {"runs": 1, "balls": 4, "wickets": 0}, "944533a5": {"runs": 3, "balls": 4, "wickets": 0}, "66cf56a5": {"runs": 4, "balls": 4, "wickets": 0}, "41eb4a4f": {"runs": 1, "balls": 2, "wickets": 0}, "957532de": {"runs": 8, "balls": 4, "wickets": 0}}, "fifties": 0, "thirties": 0, "centuries": 0, "maidens": 0.0, "hattricks": 0, "runs": 59.0, "wickets": 1.0, "club_ODI_previous3_runs": [], "club_ODI_previous3_wickets": [], "club_ODI_previous3_balls played": [], "club_ODI_previous3_overs": [], "club_ODI_previous3_runs gave": [], "club_ODI_lifetime_runs": 0.0, "club_ODI_lifetime_wickets": 0.0, "club_ODI_lifetime_balls played": 0.0, "club_ODI_lifetime_overs": 0.0, "club_ODI_lifetime_runs gave": 0.0, "club_Test_previous3_runs": [], "club_Test_previous3_wickets": [], "club_Test_previous3_balls played": [], "club_Test_previous3_overs": [], "club_Test_previous3_runs gave": [], "club_Test_lifetime_runs": 0.0, "club_Test_lifetime_wickets": 0.0, "club_Test_lifetime_balls played": 0.0, "club_Test_lifetime_overs": 0.0, "club_Test_lifetime_runs gave": 0.0, "club_T20_previous3_runs": [0.0, 6.0, 17.0], "club_T20_previous3_wickets": [0.0, 0.0, 0.0], "club_T20_previous3_balls played": [0.0, 2.0, 18.0], "club_T20_previous3_overs": [2.0, 3.0, 4.0], "club_T20_previous3_runs gave": [24.0, 33.0, 24.0], "club_T20_lifetime_runs": 59.0, "club_T20_lifetime_wickets": 1.0, "club_T20_lifetime_balls played": 54.0, "club_T20_lifetime_overs": 16.0, "club_T20_lifetime_runs gave": 124.0, "international_ODI_previous3_runs": [], "international_ODI_previous3_wickets": [], "international_ODI_previous3_balls played": [], "international_ODI_previous3_overs": [], "international_ODI_previous3_runs gave": [], "international_ODI_lifetime_runs": 0.0, "international_ODI_lifetime_wickets": 0.0, "international_ODI_lifetime_balls played": 0.0, "international_ODI_lifetime_overs": 0.0, "international_ODI_lifetime_runs gave": 0.0, "international_Test_previous3_runs": [], "international_Test_previous3_wickets": [], "international_Test_previous3_balls played": [], "international_Test_previous3_overs": [], "international_Test_previous3_runs gave": [], "international_Test_lifetime_runs": 0.0, "international_Test_lifetime_wickets": 0.0, "international_Test_lifetime_balls played": 0.0, "international_Test_lifetime_overs": 0.0, "international_Test_lifetime_runs gave": 0.0, "international_T20_previous3_runs": [], "international_T20_previous3_wickets": [], "international_T20_previous3_balls played": [], "international_T20_previous3_overs": [], "international_T20_previous3_runs gave": [], "international_T20_lifetime_runs": 0.0, "international_T20_lifetime_wickets": 0.0, "international_T20_lifetime_balls played": 0.0, "international_T20_lifetime_overs": 0.0, "international_T20_lifetime_runs gave": 0.0}