{"played_against": {"4180d897": {"runs": 0, "balls": 2, "wickets": 0}, "4329fbb5": {"runs": 0, "balls": 1, "wickets": 1}, "a089f93f": {"runs": 26, "balls": 51, "wickets": 1}, "e174dadd": {"runs": 25, "balls": 51, "wickets": 4}, "f2800ef3": {"runs": 42, "balls": 42, "wickets": 2}, "b3118300": {"runs": 13, "balls": 17, "wickets": 2}, "9de62878": {"runs": 19, "balls": 18, "wickets": 0}, "2911de16": {"runs": 8, "balls": 15, "wickets": 1}, "78adc879": {"runs": 30, "balls": 28, "wickets": 1}, "a818c1be": {"runs": 71, "balls": 66, "wickets": 3}, "e84ac20c": {"runs": 21, "balls": 41, "wickets": 1}, "e4a0deae": {"runs": 31, "balls": 27, "wickets": 1}, "94d7f855": {"runs": 20, "balls": 28, "wickets": 0}, "13c35c9e": {"runs": 32, "balls": 32, "wickets": 1}, "2e9fdf9b": {"runs": 20, "balls": 18, "wickets": 0}, "2f9d0389": {"runs": 45, "balls": 45, "wickets": 2}, "383dd431": {"runs": 7, "balls": 14, "wickets": 1}, "af2c687b": {"runs": 7, "balls": 7, "wickets": 0}, "79b4839e": {"runs": 26, "balls": 24, "wickets": 0}, "d1988788": {"runs": 40, "balls": 28, "wickets": 0}, "0226b73a": {"runs": 20, "balls": 18, "wickets": 0}, "4861d29b": {"runs": 15, "balls": 12, "wickets": 0}, "5faa30f7": {"runs": 28, "balls": 15, "wickets": 1}, "e9630504": {"runs": 18, "balls": 7, "wickets": 0}, "5be810ba": {"runs": 6, "balls": 6, "wickets": 0}, "a36915ce": {"runs": 2, "balls": 6, "wickets": 1}, "29b89ae8": {"runs": 20, "balls": 21, "wickets": 0}, "c89474d1": {"runs": 2, "balls": 5, "wickets": 0}, "e957b38f": {"runs": 12, "balls": 17, "wickets": 1}, "243431b5": {"runs": 5, "balls": 3, "wickets": 0}, "99cddc5e": {"runs": 19, "balls": 8, "wickets": 1}, "a790df98": {"runs": 6, "balls": 10, "wickets": 0}, "4557dc54": {"runs": 3, "balls": 6, "wickets": 1}, "05c2ca46": {"runs": 2, "balls": 4, "wickets": 1}, "d99cc23a": {"runs": 1, "balls": 1, "wickets": 0}, "449f4e3c": {"runs": 0, "balls": 1, "wickets": 0}, "afe57f7a": {"runs": 44, "balls": 13, "wickets": 0}, "9f0270e0": {"runs": 2, "balls": 2, "wickets": 0}, "3f61a062": {"runs": 2, "balls": 7, "wickets": 0}, "e21bc7f3": {"runs": 1, "balls": 1, "wickets": 0}, "28131839": {"runs": 1, "balls": 3, "wickets": 1}, "9d1d34bd": {"runs": 69, "balls": 54, "wickets": 0}, "bf1d7d3e": {"runs": 22, "balls": 32, "wickets": 0}, "c58b0108": {"runs": 116, "balls": 146, "wickets": 6}, "7dc35884": {"runs": 136, "balls": 118, "wickets": 1}, "f7e9a562": {"runs": 12, "balls": 9, "wickets": 0}, "1bb0993e": {"runs": 9, "balls": 19, "wickets": 1}, "f56cd097": {"runs": 80, "balls": 61, "wickets": 1}, "8919756f": {"runs": 39, "balls": 37, "wickets": 0}, "0a8fce53": {"runs": 30, "balls": 34, "wickets": 3}, "e186f49c": {"runs": 23, "balls": 23, "wickets": 0}, "b410bd3d": {"runs": 7, "balls": 11, "wickets": 0}, "2318ba22": {"runs": 17, "balls": 5, "wickets": 0}, "b0946605": {"runs": 93, "balls": 50, "wickets": 2}, "ed90abe4": {"runs": 4, "balls": 4, "wickets": 0}, "e342e5fb": {"runs": 34, "balls": 32, "wickets": 2}, "2e11c706": {"runs": 24, "balls": 11, "wickets": 0}, "8d5d991e": {"runs": 16, "balls": 13, "wickets": 1}, "a757b0d8": {"runs": 45, "balls": 26, "wickets": 0}, "78cb83f3": {"runs": 20, "balls": 25, "wickets": 2}, "a8e3170f": {"runs": 19, "balls": 9, "wickets": 0}, "0f721006": {"runs": 104, "balls": 64, "wickets": 1}, "d7725664": {"runs": 29, "balls": 25, "wickets": 4}, "76388dc8": {"runs": 28, "balls": 20, "wickets": 0}, "9cb8d7a6": {"runs": 70, "balls": 47, "wickets": 1}, "bbd41817": {"runs": 76, "balls": 36, "wickets": 2}, "c6097d68": {"runs": 29, "balls": 19, "wickets": 3}, "14f96089": {"runs": 59, "balls": 47, "wickets": 2}, "531f0278": {"runs": 5, "balls": 5, "wickets": 0}, "51a3c5ef": {"runs": 0, "balls": 1, "wickets": 0}, "a1d053dd": {"runs": 58, "balls": 34, "wickets": 1}, "1ac2a995": {"runs": 18, "balls": 13, "wickets": 2}, "4a745f65": {"runs": 24, "balls": 11, "wickets": 0}, "f7c3d426": {"runs": 29, "balls": 9, "wickets": 0}, "b0eaaac6": {"runs": 66, "balls": 39, "wickets": 2}, "9d430b40": {"runs": 64, "balls": 72, "wickets": 2}, "a61bcb94": {"runs": 58, "balls": 45, "wickets": 1}, "f8cdc4d7": {"runs": 9, "balls": 11, "wickets": 0}, "641ac5ff": {"runs": 34, "balls": 31, "wickets": 2}, "650d5e49": {"runs": 41, "balls": 18, "wickets": 1}, "22ae3041": {"runs": 66, "balls": 44, "wickets": 2}, "87e562a9": {"runs": 91, "balls": 62, "wickets": 4}, "557153ca": {"runs": 29, "balls": 10, "wickets": 0}, "ea3ffd1b": {"runs": 4, "balls": 4, "wickets": 0}, "f2665768": {"runs": 16, "balls": 4, "wickets": 0}, "8cf9814c": {"runs": 127, "balls": 117, "wickets": 8}, "cc1e8c68": {"runs": 49, "balls": 49, "wickets": 0}, "495d42a5": {"runs": 38, "balls": 51, "wickets": 1}, "8d2c70ad": {"runs": 138, "balls": 137, "wickets": 5}, "fe93fd9d": {"runs": 216, "balls": 179, "wickets": 4}, "57ee1fde": {"runs": 116, "balls": 101, "wickets": 3}, "a2f46292": {"runs": 64, "balls": 48, "wickets": 1}, "462411b3": {"runs": 37, "balls": 52, "wickets": 4}, "2e81a32d": {"runs": 54, "balls": 43, "wickets": 1}, "f19ccfad": {"runs": 21, "balls": 20, "wickets": 0}, "5b8c830e": {"runs": 11, "balls": 6, "wickets": 0}, "1670dcfd": {"runs": 64, "balls": 88, "wickets": 0}, "b3a28446": {"runs": 31, "balls": 19, "wickets": 0}, "d12143bf": {"runs": 31, "balls": 52, "wickets": 0}, "bb351c23": {"runs": 91, "balls": 102, "wickets": 2}, "a343262c": {"runs": 6, "balls": 16, "wickets": 1}, "249d60c9": {"runs": 56, "balls": 50, "wickets": 3}, "e94915e6": {"runs": 65, "balls": 40, "wickets": 2}, "e087956b": {"runs": 70, "balls": 82, "wickets": 1}, "eba6a852": {"runs": 9, "balls": 20, "wickets": 0}, "8d92a2c3": {"runs": 51, "balls": 52, "wickets": 2}, "9a963804": {"runs": 42, "balls": 34, "wickets": 1}, "4c5d73db": {"runs": 10, "balls": 13, "wickets": 1}, "e86754b2": {"runs": 67, "balls": 38, "wickets": 1}, "7f048519": {"runs": 8, "balls": 9, "wickets": 1}, "ffe699c0": {"runs": 7, "balls": 12, "wickets": 0}, "8b5b6769": {"runs": 0, "balls": 2, "wickets": 0}, "dbe50b21": {"runs": 61, "balls": 39, "wickets": 1}, "a12e1d51": {"runs": 11, "balls": 16, "wickets": 0}, "62af8546": {"runs": 29, "balls": 23, "wickets": 0}, "7a8bd078": {"runs": 0, "balls": 4, "wickets": 1}, "90de905a": {"runs": 15, "balls": 17, "wickets": 0}, "5f547c8b": {"runs": 66, "balls": 53, "wickets": 2}, "871e9faf": {"runs": 6, "balls": 7, "wickets": 0}, "0994d0ae": {"runs": 1, "balls": 1, "wickets": 0}, "3fb19989": {"runs": 37, "balls": 28, "wickets": 0}, "56ab442f": {"runs": 5, "balls": 6, "wickets": 1}, "9219eff0": {"runs": 21, "balls": 20, "wickets": 0}, "99d63244": {"runs": 14, "balls": 12, "wickets": 0}, "7d608e12": {"runs": 5, "balls": 8, "wickets": 0}, "ac5ae4af": {"runs": 65, "balls": 33, "wickets": 0}, "8012d0b8": {"runs": 8, "balls": 9, "wickets": 0}, "21d4e29b": {"runs": 0, "balls": 2, "wickets": 2}, "23eeb873": {"runs": 19, "balls": 29, "wickets": 0}, "5bb1a1c4": {"runs": 25, "balls": 40, "wickets": 3}, "94253925": {"runs": 4, "balls": 3, "wickets": 0}, "529eb9e0": {"runs": 55, "balls": 36, "wickets": 1}, "c4d9634c": {"runs": 17, "balls": 19, "wickets": 1}, "0d51e658": {"runs": 2, "balls": 3, "wickets": 0}, "e7de4f6b": {"runs": 42, "balls": 23, "wickets": 0}, "9ab63e7b": {"runs": 3, "balls": 4, "wickets": 1}, "88209c84": {"runs": 0, "balls": 2, "wickets": 0}, "6f4c73ce": {"runs": 0, "balls": 1, "wickets": 1}, "7be8a0ed": {"runs": 18, "balls": 8, "wickets": 0}, "35205dfc": {"runs": 2, "balls": 3, "wickets": 1}, "786b7fe8": {"runs": 1, "balls": 3, "wickets": 0}, "2e8994e7": {"runs": 0, "balls": 2, "wickets": 1}, "44a18ad8": {"runs": 4, "balls": 5, "wickets": 1}, "7183799b": {"runs": 45, "balls": 34, "wickets": 1}, "99ed60f8": {"runs": 20, "balls": 8, "wickets": 1}, "a4e37e47": {"runs": 47, "balls": 32, "wickets": 0}, "1abb78f8": {"runs": 28, "balls": 26, "wickets": 1}, "c9945bdf": {"runs": 7, "balls": 7, "wickets": 1}, "3766056b": {"runs": 12, "balls": 10, "wickets": 1}, "9061a703": {"runs": 12, "balls": 16, "wickets": 0}, "bd0a4a7d": {"runs": 2, "balls": 3, "wickets": 0}, "cf494ffe": {"runs": 1, "balls": 1, "wickets": 0}, "896d78ad": {"runs": 7, "balls": 11, "wickets": 0}, "b58b7db6": {"runs": 2, "balls": 2, "wickets": 0}, "79aad751": {"runs": 9, "balls": 7, "wickets": 0}, "4751caa3": {"runs": 10, "balls": 9, "wickets": 0}, "0f12f9df": {"runs": 9, "balls": 10, "wickets": 1}, "3ff033bb": {"runs": 11, "balls": 9, "wickets": 0}, "26d041c4": {"runs": 47, "balls": 42, "wickets": 0}, "ded9ff1e": {"runs": 22, "balls": 9, "wickets": 1}, "2b85c8e6": {"runs": 25, "balls": 22, "wickets": 1}, "34b332d3": {"runs": 59, "balls": 34, "wickets": 2}, "7d92277a": {"runs": 28, "balls": 29, "wickets": 1}, "fef92afc": {"runs": 19, "balls": 18, "wickets": 3}, "a7c226e1": {"runs": 5, "balls": 4, "wickets": 0}, "9cab5daf": {"runs": 4, "balls": 3, "wickets": 0}, "f29185a1": {"runs": 3, "balls": 5, "wickets": 1}, "ce794613": {"runs": 47, "balls": 29, "wickets": 2}, "2f49c897": {"runs": 48, "balls": 30, "wickets": 2}, "39a2dfa8": {"runs": 5, "balls": 7, "wickets": 0}, "5d2eea49": {"runs": 35, "balls": 13, "wickets": 1}, "7c7d63a2": {"runs": 19, "balls": 7, "wickets": 0}, "244048f6": {"runs": 79, "balls": 49, "wickets": 2}, "5b7ab5a9": {"runs": 6, "balls": 6, "wickets": 2}, "ce820073": {"runs": 10, "balls": 8, "wickets": 0}, "2ed569a0": {"runs": 21, "balls": 19, "wickets": 0}, "9d80c5e1": {"runs": 7, "balls": 3, "wickets": 0}, "81049310": {"runs": 17, "balls": 9, "wickets": 0}, "68c56d09": {"runs": 24, "balls": 11, "wickets": 0}, "dcf81436": {"runs": 1, "balls": 2, "wickets": 1}, "f986ca1a": {"runs": 46, "balls": 30, "wickets": 0}, "ded9240e": {"runs": 7, "balls": 7, "wickets": 0}, "64775749": {"runs": 20, "balls": 10, "wickets": 0}, "b6359668": {"runs": 4, "balls": 5, "wickets": 0}, "a03bba42": {"runs": 12, "balls": 23, "wickets": 1}, "e5437608": {"runs": 35, "balls": 22, "wickets": 1}, "6a26221c": {"runs": 9, "balls": 6, "wickets": 0}, "f834dcfc": {"runs": 4, "balls": 6, "wickets": 1}, "e62dd25d": {"runs": 16, "balls": 10, "wickets": 0}, "acdc62f5": {"runs": 51, "balls": 29, "wickets": 0}, "c96f6ac5": {"runs": 19, "balls": 13, "wickets": 0}, "03806cf8": {"runs": 31, "balls": 34, "wickets": 3}, "3d8feaf8": {"runs": 25, "balls": 20, "wickets": 1}, "2a2e6343": {"runs": 16, "balls": 12, "wickets": 0}, "a2421394": {"runs": 15, "balls": 12, "wickets": 0}, "9e9af5f2": {"runs": 10, "balls": 10, "wickets": 1}, "33742f04": {"runs": 2, "balls": 2, "wickets": 0}, "4d7f517e": {"runs": 24, "balls": 19, "wickets": 0}, "d68e7f48": {"runs": 28, "balls": 19, "wickets": 0}, "b52ffbbd": {"runs": 39, "balls": 19, "wickets": 0}, "3feda4fa": {"runs": 53, "balls": 37, "wickets": 0}, "19b9f399": {"runs": 23, "balls": 49, "wickets": 1}, "78dfe704": {"runs": 10, "balls": 6, "wickets": 0}, "9c9af282": {"runs": 2, "balls": 2, "wickets": 0}, "2cdce1be": {"runs": 11, "balls": 5, "wickets": 0}, "a24be938": {"runs": 1, "balls": 2, "wickets": 1}, "be869ccf": {"runs": 1, "balls": 1, "wickets": 0}, "9dad0f2e": {"runs": 2, "balls": 3, "wickets": 1}, "bb34fd31": {"runs": 7, "balls": 3, "wickets": 0}, "fb3e0d39": {"runs": 39, "balls": 21, "wickets": 0}, "f24c6701": {"runs": 7, "balls": 16, "wickets": 1}, "a97c8ec2": {"runs": 78, "balls": 52, "wickets": 2}, "327b58d3": {"runs": 31, "balls": 17, "wickets": 0}, "b681e71e": {"runs": 5, "balls": 7, "wickets": 1}, "caf69bf7": {"runs": 5, "balls": 8, "wickets": 0}, "245c97cb": {"runs": 26, "balls": 15, "wickets": 1}, "0a67aec0": {"runs": 7, "balls": 2, "wickets": 0}, "df064e1a": {"runs": 24, "balls": 37, "wickets": 3}, "eef2536f": {"runs": 53, "balls": 25, "wickets": 1}, "7210d461": {"runs": 11, "balls": 5, "wickets": 0}, "c38d3503": {"runs": 13, "balls": 11, "wickets": 0}, "c695b423": {"runs": 4, "balls": 3, "wickets": 1}, "2e171977": {"runs": 10, "balls": 5, "wickets": 0}, "e38bce7a": {"runs": 24, "balls": 22, "wickets": 0}, "54c2b697": {"runs": 14, "balls": 11, "wickets": 0}, "59377a7f": {"runs": 28, "balls": 24, "wickets": 2}, "5b16a806": {"runs": 5, "balls": 5, "wickets": 0}, "8dc152d1": {"runs": 17, "balls": 7, "wickets": 1}, "11614d87": {"runs": 9, "balls": 4, "wickets": 0}, "aa8d28ae": {"runs": 23, "balls": 10, "wickets": 0}, "fcf6b0f6": {"runs": 12, "balls": 8, "wickets": 1}, "30f4ac6f": {"runs": 9, "balls": 5, "wickets": 0}, "9d0344f3": {"runs": 11, "balls": 8, "wickets": 0}, "70d57519": {"runs": 20, "balls": 18, "wickets": 1}, "0bec3a6c": {"runs": 46, "balls": 22, "wickets": 1}, "101dcc31": {"runs": 20, "balls": 9, "wickets": 0}, "84dc72db": {"runs": 2, "balls": 2, "wickets": 1}, "e9c7f0d0": {"runs": 20, "balls": 16, "wickets": 1}, "1d2f290a": {"runs": 10, "balls": 4, "wickets": 0}, "e5218454": {"runs": 7, "balls": 7, "wickets": 0}, "64839cb3": {"runs": 23, "balls": 16, "wickets": 1}, "65b6943c": {"runs": 28, "balls": 16, "wickets": 1}, "9eb1455b": {"runs": 21, "balls": 13, "wickets": 0}, "2cffab74": {"runs": 44, "balls": 25, "wickets": 1}, "46a9bea1": {"runs": 21, "balls": 11, "wickets": 0}, "b483905d": {"runs": 8, "balls": 3, "wickets": 0}, "759ac88f": {"runs": 7, "balls": 6, "wickets": 0}, "efc04be7": {"runs": 38, "balls": 25, "wickets": 1}, "d9273ee7": {"runs": 8, "balls": 10, "wickets": 0}, "c0c411cb": {"runs": 14, "balls": 10, "wickets": 0}, "5574750c": {"runs": 0, "balls": 5, "wickets": 0}, "12314277": {"runs": 6, "balls": 2, "wickets": 1}, "3a60e0b5": {"runs": 1, "balls": 1, "wickets": 0}, "119678fd": {"runs": 19, "balls": 6, "wickets": 0}, "537f5ab2": {"runs": 5, "balls": 5, "wickets": 0}, "c8a3f688": {"runs": 7, "balls": 6, "wickets": 0}, "81c36ee9": {"runs": 1, "balls": 2, "wickets": 1}, "8abdf100": {"runs": 4, "balls": 4, "wickets": 0}, "24bb1c2f": {"runs": 13, "balls": 9, "wickets": 0}, "7a490dec": {"runs": 3, "balls": 4, "wickets": 0}, "81c08fa3": {"runs": 2, "balls": 3, "wickets": 0}, "1e66c162": {"runs": 4, "balls": 2, "wickets": 0}, "172dff15": {"runs": 1, "balls": 1, "wickets": 0}, "2cbdd22f": {"runs": 4, "balls": 5, "wickets": 0}, "30afc92b": {"runs": 20, "balls": 10, "wickets": 0}, "78bb68d4": {"runs": 12, "balls": 6, "wickets": 0}, "83d17bbc": {"runs": 5, "balls": 4, "wickets": 0}, "6f95e5fa": {"runs": 8, "balls": 4, "wickets": 0}, "a4ff3629": {"runs": 2, "balls": 1, "wickets": 0}, "45a62071": {"runs": 8, "balls": 7, "wickets": 0}, "3f1066d0": {"runs": 5, "balls": 12, "wickets": 3}, "4175d211": {"runs": 6, "balls": 3, "wickets": 0}, "cad40f5e": {"runs": 11, "balls": 10, "wickets": 0}, "50c6bc2b": {"runs": 32, "balls": 19, "wickets": 0}, "0ecb4de6": {"runs": 6, "balls": 9, "wickets": 0}, "9caf69a1": {"runs": 18, "balls": 23, "wickets": 1}, "dda5aae5": {"runs": 13, "balls": 8, "wickets": 0}, "098a757c": {"runs": 6, "balls": 3, "wickets": 0}, "dfc4d8b5": {"runs": 7, "balls": 5, "wickets": 0}, "3f659464": {"runs": 0, "balls": 1, "wickets": 1}, "03a83c50": {"runs": 8, "balls": 4, "wickets": 0}, "dd572696": {"runs": 1, "balls": 2, "wickets": 0}, "872b03f7": {"runs": 4, "balls": 4, "wickets": 0}, "8db7f47f": {"runs": 5, "balls": 2, "wickets": 0}, "eaa76d3c": {"runs": 9, "balls": 6, "wickets": 0}, "f9e6e7ef": {"runs": 1, "balls": 2, "wickets": 0}, "e9987a94": {"runs": 1, "balls": 1, "wickets": 0}, "1a2676c5": {"runs": 0, "balls": 1, "wickets": 0}, "876dbe2d": {"runs": 1, "balls": 1, "wickets": 0}, "6c79c098": {"runs": 14, "balls": 7, "wickets": 0}, "9a46c4e5": {"runs": 2, "balls": 3, "wickets": 0}, "f0a0204e": {"runs": 7, "balls": 6, "wickets": 0}, "ee0c05c0": {"runs": 0, "balls": 2, "wickets": 0}, "83c3e8e3": {"runs": 5, "balls": 4, "wickets": 0}, "00b195ae": {"runs": 0, "balls": 3, "wickets": 0}, "c5f40e35": {"runs": 5, "balls": 7, "wickets": 1}, "6dd8b88c": {"runs": 12, "balls": 10, "wickets": 0}, "57590dbb": {"runs": 8, "balls": 3, "wickets": 0}, "a90e53ec": {"runs": 4, "balls": 7, "wickets": 0}, "6b9eb501": {"runs": 13, "balls": 5, "wickets": 0}, "39181592": {"runs": 5, "balls": 5, "wickets": 0}, "a1d95bd8": {"runs": 4, "balls": 4, "wickets": 0}, "107c26fb": {"runs": 9, "balls": 3, "wickets": 0}, "79f8472d": {"runs": 13, "balls": 8, "wickets": 0}, "23cca426": {"runs": 36, "balls": 10, "wickets": 1}, "393f2ae3": {"runs": 5, "balls": 6, "wickets": 0}, "73c18486": {"runs": 28, "balls": 11, "wickets": 0}, "0b60eb09": {"runs": 30, "balls": 12, "wickets": 2}, "92b7602a": {"runs": 19, "balls": 5, "wickets": 0}, "486065b3": {"runs": 13, "balls": 3, "wickets": 0}, "b7b09ba5": {"runs": 20, "balls": 8, "wickets": 0}, "0f6db197": {"runs": 0, "balls": 1, "wickets": 1}}, "fifties": 31, "thirties": 51, "centuries": 9, "maidens": 0.0, "hattricks": 0, "runs": 7118.0, "wickets": 0.0, "club_ODI_previous3_runs": [], "club_ODI_previous3_wickets": [], "club_ODI_previous3_balls played": [], "club_ODI_previous3_overs": [], "club_ODI_previous3_runs gave": [], "club_ODI_lifetime_runs": 0.0, "club_ODI_lifetime_wickets": 0.0, "club_ODI_lifetime_balls played": 0.0, "club_ODI_lifetime_overs": 0.0, "club_ODI_lifetime_runs gave": 0.0, "club_Test_previous3_runs": [], "club_Test_previous3_wickets": [], "club_Test_previous3_balls played": [], "club_Test_previous3_overs": [], "club_Test_previous3_runs gave": [], "club_Test_lifetime_runs": 0.0, "club_Test_lifetime_wickets": 0.0, "club_Test_lifetime_balls played": 0.0, "club_Test_lifetime_overs": 0.0, "club_Test_lifetime_runs gave": 0.0, "club_T20_previous3_runs": [37.0, 1.0, 11.0], "club_T20_previous3_wickets": [0.0, 0.0, 0.0], "club_T20_previous3_balls played": [18.0, 1.0, 9.0], "club_T20_previous3_overs": [0.0, 0.0, 0.0], "club_T20_previous3_runs gave": [0.0, 0.0, 0.0], "club_T20_lifetime_runs": 3983.0, "club_T20_lifetime_wickets": 0.0, "club_T20_lifetime_balls played": 2753.0, "club_T20_lifetime_overs": 0.0, "club_T20_lifetime_runs gave": 0.0, "international_ODI_previous3_runs": [0.0, 24.0, 0.0], "international_ODI_previous3_wickets": [0.0, 0.0, 0.0], "international_ODI_previous3_balls played": [0.0, 11.0, 0.0], "international_ODI_previous3_overs": [0.0, 0.0, 0.0], "international_ODI_previous3_runs gave": [0.0, 0.0, 0.0], "international_ODI_lifetime_runs": 1420.0, "international_ODI_lifetime_wickets": 0.0, "international_ODI_lifetime_balls played": 1311.0, "international_ODI_lifetime_overs": 0.0, "international_ODI_lifetime_runs gave": 0.0, "international_Test_previous3_runs": [27.0, 36.0, 35.0], "international_Test_previous3_wickets": [0.0, 0.0, 0.0], "international_Test_previous3_balls played": [52.0, 58.0, 62.0], "international_Test_previous3_overs": [0.0, 0.0, 0.0], "international_Test_previous3_runs gave": [0.0, 0.0, 0.0], "international_Test_lifetime_runs": 825.0, "international_Test_lifetime_wickets": 0.0, "international_Test_lifetime_balls played": 1108.0, "international_Test_lifetime_overs": 0.0, "international_Test_lifetime_runs gave": 0.0, "international_T20_previous3_runs": [2.0, 31.0, 0.0], "international_T20_previous3_wickets": [0.0, 0.0, 0.0], "international_T20_previous3_balls played": [5.0, 17.0, 1.0], "international_T20_previous3_overs": [0.0, 0.0, 0.0], "international_T20_previous3_runs gave": [0.0, 0.0, 0.0], "international_T20_lifetime_runs": 890.0, "international_T20_lifetime_wickets": 0.0, "international_T20_lifetime_balls played": 734.0, "international_T20_lifetime_overs": 0.0, "international_T20_lifetime_runs gave": 0.0}