{"played_against": {"2dde3e62": {"runs": 1, "balls": 4, "wickets": 1}, "1c5c3dce": {"runs": 1, "balls": 1, "wickets": 0}, "4a2ce060": {"runs": 0, "balls": 0, "wickets": 0}, "0848ac5f": {"runs": 0, "balls": 3, "wickets": 0}, "c06c25fd": {"runs": 1, "balls": 3, "wickets": 0}, "3c13fc3b": {"runs": 2, "balls": 7, "wickets": 0}, "26c9b5be": {"runs": 2, "balls": 5, "wickets": 0}, "b38a9f73": {"runs": 0, "balls": 2, "wickets": 1}, "847b4bdd": {"runs": 0, "balls": 2, "wickets": 1}, "8b7ce771": {"runs": 2, "balls": 4, "wickets": 0}, "e5117568": {"runs": 2, "balls": 5, "wickets": 0}}, "fifties": 0, "thirties": 0, "centuries": 0, "maidens": 0.0, "hattricks": 0, "runs": 11.0, "wickets": 4.0, "club_ODI_previous3_runs": [], "club_ODI_previous3_wickets": [], "club_ODI_previous3_balls played": [], "club_ODI_previous3_overs": [], "club_ODI_previous3_runs gave": [], "club_ODI_lifetime_runs": 0.0, "club_ODI_lifetime_wickets": 0.0, "club_ODI_lifetime_balls played": 0.0, "club_ODI_lifetime_overs": 0.0, "club_ODI_lifetime_runs gave": 0.0, "club_Test_previous3_runs": [], "club_Test_previous3_wickets": [], "club_Test_previous3_balls played": [], "club_Test_previous3_overs": [], "club_Test_previous3_runs gave": [], "club_Test_lifetime_runs": 0.0, "club_Test_lifetime_wickets": 0.0, "club_Test_lifetime_balls played": 0.0, "club_Test_lifetime_overs": 0.0, "club_Test_lifetime_runs gave": 0.0, "club_T20_previous3_runs": [], "club_T20_previous3_wickets": [], "club_T20_previous3_balls played": [], "club_T20_previous3_overs": [], "club_T20_previous3_runs gave": [], "club_T20_lifetime_runs": 0.0, "club_T20_lifetime_wickets": 0.0, "club_T20_lifetime_balls played": 0.0, "club_T20_lifetime_overs": 0.0, "club_T20_lifetime_runs gave": 0.0, "international_ODI_previous3_runs": [], "international_ODI_previous3_wickets": [], "international_ODI_previous3_balls played": [], "international_ODI_previous3_overs": [], "international_ODI_previous3_runs gave": [], "international_ODI_lifetime_runs": 0.0, "international_ODI_lifetime_wickets": 0.0, "international_ODI_lifetime_balls played": 0.0, "international_ODI_lifetime_overs": 0.0, "international_ODI_lifetime_runs gave": 0.0, "international_Test_previous3_runs": [], "international_Test_previous3_wickets": [], "international_Test_previous3_balls played": [], "international_Test_previous3_overs": [], "international_Test_previous3_runs gave": [], "international_Test_lifetime_runs": 0.0, "international_Test_lifetime_wickets": 0.0, "international_Test_lifetime_balls played": 0.0, "international_Test_lifetime_overs": 0.0, "international_Test_lifetime_runs gave": 0.0, "international_T20_previous3_runs": [0.0, 4.0, 0.0], "international_T20_previous3_wickets": [0.0, 0.0, 1.0], "international_T20_previous3_balls played": [2.0, 9.0, 0.0], "international_T20_previous3_overs": [0.0, 0.8333333333333334, 1.0], "international_T20_previous3_runs gave": [0.0, 13.0, 1.0], "international_T20_lifetime_runs": 11.0, "international_T20_lifetime_wickets": 4.0, "international_T20_lifetime_balls played": 36.0, "international_T20_lifetime_overs": 15.833333333333334, "international_T20_lifetime_runs gave": 84.0}