{"played_against": {"fcbf5a30": {"runs": 0, "balls": 8, "wickets": 1}, "a4af4849": {"runs": 1, "balls": 9, "wickets": 0}, "a386e91b": {"runs": 1, "balls": 10, "wickets": 0}, "2e0fcc58": {"runs": 0, "balls": 2, "wickets": 1}, "e186f49c": {"runs": 3, "balls": 10, "wickets": 1}, "6581d753": {"runs": 1, "balls": 10, "wickets": 0}, "20a941bb": {"runs": 0, "balls": 9, "wickets": 0}, "6a0537aa": {"runs": 0, "balls": 3, "wickets": 0}, "86dc8f2e": {"runs": 1, "balls": 5, "wickets": 0}, "2503e881": {"runs": 0, "balls": 6, "wickets": 0}, "d7c6af50": {"runs": 1, "balls": 46, "wickets": 2}, "05e0fab5": {"runs": 7, "balls": 22, "wickets": 0}, "4f629497": {"runs": 2, "balls": 6, "wickets": 0}, "7dc35884": {"runs": 0, "balls": 8, "wickets": 0}, "888e32bf": {"runs": 2, "balls": 26, "wickets": 0}, "7ff3fcaa": {"runs": 0, "balls": 2, "wickets": 0}, "243431b5": {"runs": 0, "balls": 5, "wickets": 0}, "0dc00542": {"runs": 0, "balls": 1, "wickets": 0}, "33cb3411": {"runs": 1, "balls": 3, "wickets": 0}, "e237b28c": {"runs": 0, "balls": 1, "wickets": 1}, "6821ac10": {"runs": 1, "balls": 1, "wickets": 0}, "5af743d0": {"runs": 0, "balls": 3, "wickets": 0}, "43b375d4": {"runs": 0, "balls": 1, "wickets": 1}, "4ba44e19": {"runs": 1, "balls": 4, "wickets": 1}, "ea0cdc12": {"runs": 6, "balls": 8, "wickets": 1}, "5e5eab39": {"runs": 0, "balls": 1, "wickets": 0}, "05c2ca46": {"runs": 1, "balls": 4, "wickets": 1}, "78eb4223": {"runs": 2, "balls": 8, "wickets": 0}, "342d8ade": {"runs": 1, "balls": 4, "wickets": 0}, "41eb4a4f": {"runs": 3, "balls": 2, "wickets": 0}, "8fb49ef8": {"runs": 2, "balls": 3, "wickets": 0}, "1a8eebbe": {"runs": 2, "balls": 5, "wickets": 0}, "f5180fe6": {"runs": 1, "balls": 3, "wickets": 1}, "fd835ab3": {"runs": 0, "balls": 6, "wickets": 0}, "addfb70e": {"runs": 1, "balls": 1, "wickets": 0}, "7839bf3a": {"runs": 0, "balls": 1, "wickets": 0}, "796e4140": {"runs": 3, "balls": 3, "wickets": 0}, "5bdcdb72": {"runs": 0, "balls": 2, "wickets": 0}, "f56cd097": {"runs": 0, "balls": 3, "wickets": 0}, "5441db8c": {"runs": 3, "balls": 13, "wickets": 2}, "05d74535": {"runs": 9, "balls": 9, "wickets": 0}, "086f5984": {"runs": 0, "balls": 1, "wickets": 0}, "2e9fdf9b": {"runs": 0, "balls": 1, "wickets": 1}, "9868bc75": {"runs": 0, "balls": 1, "wickets": 0}, "a12e1d51": {"runs": 0, "balls": 1, "wickets": 1}, "87e562a9": {"runs": 1, "balls": 4, "wickets": 0}, "db767b89": {"runs": 1, "balls": 1, "wickets": 0}, "c03449e0": {"runs": 6, "balls": 2, "wickets": 0}, "d2fcce2f": {"runs": 20, "balls": 28, "wickets": 0}, "5d1e7582": {"runs": 2, "balls": 5, "wickets": 0}, "2f28dc94": {"runs": 0, "balls": 2, "wickets": 1}, "5531248e": {"runs": 9, "balls": 16, "wickets": 1}, "e342e5fb": {"runs": 2, "balls": 3, "wickets": 1}, "7a80ddf2": {"runs": 14, "balls": 20, "wickets": 0}, "0f721006": {"runs": 4, "balls": 6, "wickets": 0}, "d9609443": {"runs": 5, "balls": 13, "wickets": 1}, "3feda4fa": {"runs": 22, "balls": 8, "wickets": 1}, "e62dd25d": {"runs": 0, "balls": 3, "wickets": 1}, "cfe70281": {"runs": 0, "balls": 1, "wickets": 0}, "0b60eb09": {"runs": 0, "balls": 2, "wickets": 1}, "a2421394": {"runs": 0, "balls": 6, "wickets": 0}, "1ee08e9a": {"runs": 1, "balls": 2, "wickets": 0}, "d9273ee7": {"runs": 1, "balls": 3, "wickets": 1}, "7c7d63a2": {"runs": 1, "balls": 5, "wickets": 0}, "f834dcfc": {"runs": 0, "balls": 2, "wickets": 0}, "abbdca1a": {"runs": 2, "balls": 3, "wickets": 0}, "4557dc54": {"runs": 10, "balls": 4, "wickets": 0}, "c042b412": {"runs": 5, "balls": 2, "wickets": 0}, "29b89ae8": {"runs": 1, "balls": 1, "wickets": 0}, "c89474d1": {"runs": 1, "balls": 2, "wickets": 0}, "c58b0108": {"runs": 2, "balls": 4, "wickets": 0}, "b3a28446": {"runs": 6, "balls": 2, "wickets": 0}, "9d1d34bd": {"runs": 2, "balls": 3, "wickets": 0}}, "fifties": 0, "thirties": 1, "centuries": 0, "maidens": 91.0, "hattricks": 8, "runs": 174.0, "wickets": 94.0, "club_ODI_previous3_runs": [], "club_ODI_previous3_wickets": [], "club_ODI_previous3_balls played": [], "club_ODI_previous3_overs": [], "club_ODI_previous3_runs gave": [], "club_ODI_lifetime_runs": 0.0, "club_ODI_lifetime_wickets": 0.0, "club_ODI_lifetime_balls played": 0.0, "club_ODI_lifetime_overs": 0.0, "club_ODI_lifetime_runs gave": 0.0, "club_Test_previous3_runs": [], "club_Test_previous3_wickets": [], "club_Test_previous3_balls played": [], "club_Test_previous3_overs": [], "club_Test_previous3_runs gave": [], "club_Test_lifetime_runs": 0.0, "club_Test_lifetime_wickets": 0.0, "club_Test_lifetime_balls played": 0.0, "club_Test_lifetime_overs": 0.0, "club_Test_lifetime_runs gave": 0.0, "club_T20_previous3_runs": [], "club_T20_previous3_wickets": [], "club_T20_previous3_balls played": [], "club_T20_previous3_overs": [], "club_T20_previous3_runs gave": [], "club_T20_lifetime_runs": 0.0, "club_T20_lifetime_wickets": 0.0, "club_T20_lifetime_balls played": 0.0, "club_T20_lifetime_overs": 0.0, "club_T20_lifetime_runs gave": 0.0, "international_ODI_previous3_runs": [0.0, 2.0, 9.0], "international_ODI_previous3_wickets": [2.0, 0.0, 0.0], "international_ODI_previous3_balls played": [0.0, 4.0, 8.0], "international_ODI_previous3_overs": [8.166666666666666, 7.0, 10.0], "international_ODI_previous3_runs gave": [39.0, 38.0, 68.0], "international_ODI_lifetime_runs": 40.0, "international_ODI_lifetime_wickets": 51.0, "international_ODI_lifetime_balls played": 167.0, "international_ODI_lifetime_overs": 503.83333333333326, "international_ODI_lifetime_runs gave": 2898.0, "international_Test_previous3_runs": [43.0, 4.0, 0.0], "international_Test_previous3_wickets": [0.0, 1.0, 3.0], "international_Test_previous3_balls played": [51.0, 2.0, 6.0], "international_Test_previous3_overs": [24.0, 27.833333333333336, 13.5], "international_Test_previous3_runs gave": [58.0, 58.0, 58.0], "international_Test_lifetime_runs": 99.0, "international_Test_lifetime_wickets": 20.0, "international_Test_lifetime_balls played": 231.0, "international_Test_lifetime_overs": 340.1666666666667, "international_Test_lifetime_runs gave": 1188.0, "international_T20_previous3_runs": [0.0, 2.0, 0.0], "international_T20_previous3_wickets": [2.0, 1.0, 1.0], "international_T20_previous3_balls played": [0.0, 3.0, 0.0], "international_T20_previous3_overs": [4.0, 4.0, 3.8333333333333335], "international_T20_previous3_runs gave": [42.0, 60.0, 27.0], "international_T20_lifetime_runs": 35.0, "international_T20_lifetime_wickets": 23.0, "international_T20_lifetime_balls played": 42.0, "international_T20_lifetime_overs": 95.16666666666667, "international_T20_lifetime_runs gave": 916.0}