{"played_against": {"b76fd014": {"runs": 3, "balls": 4, "wickets": 0}, "a92763ea": {"runs": 7, "balls": 8, "wickets": 0}, "558cdd64": {"runs": 0, "balls": 3, "wickets": 1}, "8d393040": {"runs": 2, "balls": 2, "wickets": 1}, "10da33a2": {"runs": 0, "balls": 3, "wickets": 0}, "00823a96": {"runs": 5, "balls": 7, "wickets": 1}, "25c73eb6": {"runs": 4, "balls": 7, "wickets": 0}, "201fef33": {"runs": 0, "balls": 9, "wickets": 0}, "d0bb40b8": {"runs": 3, "balls": 19, "wickets": 0}, "237ec05b": {"runs": 5, "balls": 12, "wickets": 1}, "2beae660": {"runs": 0, "balls": 2, "wickets": 1}, "69a9bb78": {"runs": 3, "balls": 7, "wickets": 0}, "d3b4b8ed": {"runs": 8, "balls": 17, "wickets": 0}, "0b69a844": {"runs": 1, "balls": 4, "wickets": 0}, "a61850e6": {"runs": 3, "balls": 14, "wickets": 1}, "5f862ccd": {"runs": 1, "balls": 2, "wickets": 0}, "5838cb64": {"runs": 7, "balls": 12, "wickets": 0}, "9d0332ee": {"runs": 0, "balls": 1, "wickets": 1}, "2dc78362": {"runs": 4, "balls": 5, "wickets": 0}, "8e7be59c": {"runs": 2, "balls": 2, "wickets": 0}, "560ef10a": {"runs": 3, "balls": 4, "wickets": 0}, "42d9dd09": {"runs": 1, "balls": 2, "wickets": 0}, "92cf79a8": {"runs": 6, "balls": 4, "wickets": 0}, "6d76bc23": {"runs": 3, "balls": 5, "wickets": 1}, "b5341b28": {"runs": 4, "balls": 5, "wickets": 0}, "657da2f4": {"runs": 1, "balls": 1, "wickets": 0}, "ea9c54de": {"runs": 3, "balls": 11, "wickets": 0}, "821d7d46": {"runs": 1, "balls": 6, "wickets": 0}, "06653fcc": {"runs": 0, "balls": 5, "wickets": 0}, "a6412417": {"runs": 0, "balls": 1, "wickets": 0}, "c6a019f5": {"runs": 12, "balls": 22, "wickets": 0}, "42e4b276": {"runs": 7, "balls": 10, "wickets": 2}, "4d35d0b3": {"runs": 18, "balls": 20, "wickets": 0}, "47b32a5a": {"runs": 8, "balls": 28, "wickets": 0}, "022745d5": {"runs": 4, "balls": 5, "wickets": 1}, "a6ec88f4": {"runs": 7, "balls": 13, "wickets": 1}, "9a58f2c8": {"runs": 1, "balls": 2, "wickets": 0}, "36dfa62e": {"runs": 11, "balls": 14, "wickets": 2}, "edf62a25": {"runs": 0, "balls": 4, "wickets": 0}, "c8e6bddd": {"runs": 2, "balls": 3, "wickets": 0}, "da61a9af": {"runs": 4, "balls": 6, "wickets": 0}, "09a58e2d": {"runs": 5, "balls": 4, "wickets": 1}, "397369e0": {"runs": 1, "balls": 1, "wickets": 0}, "5a50471c": {"runs": 1, "balls": 3, "wickets": 0}, "07248d8e": {"runs": 1, "balls": 1, "wickets": 0}, "b4f73b44": {"runs": 3, "balls": 3, "wickets": 0}, "7027d12f": {"runs": 2, "balls": 3, "wickets": 0}, "a0a65375": {"runs": 6, "balls": 5, "wickets": 0}, "f61e2829": {"runs": 2, "balls": 7, "wickets": 1}, "aaf037b1": {"runs": 2, "balls": 4, "wickets": 0}, "48ec1360": {"runs": 10, "balls": 6, "wickets": 1}, "c34a15e6": {"runs": 1, "balls": 1, "wickets": 0}, "ac56b5a7": {"runs": 1, "balls": 6, "wickets": 0}, "b55fb828": {"runs": 1, "balls": 3, "wickets": 1}}, "fifties": 0, "thirties": 0, "centuries": 0, "maidens": 16.0, "hattricks": 7, "runs": 190.0, "wickets": 60.0, "club_ODI_previous3_runs": [], "club_ODI_previous3_wickets": [], "club_ODI_previous3_balls played": [], "club_ODI_previous3_overs": [], "club_ODI_previous3_runs gave": [], "club_ODI_lifetime_runs": 0.0, "club_ODI_lifetime_wickets": 0.0, "club_ODI_lifetime_balls played": 0.0, "club_ODI_lifetime_overs": 0.0, "club_ODI_lifetime_runs gave": 0.0, "club_Test_previous3_runs": [], "club_Test_previous3_wickets": [], "club_Test_previous3_balls played": [], "club_Test_previous3_overs": [], "club_Test_previous3_runs gave": [], "club_Test_lifetime_runs": 0.0, "club_Test_lifetime_wickets": 0.0, "club_Test_lifetime_balls played": 0.0, "club_Test_lifetime_overs": 0.0, "club_Test_lifetime_runs gave": 0.0, "club_T20_previous3_runs": [], "club_T20_previous3_wickets": [], "club_T20_previous3_balls played": [], "club_T20_previous3_overs": [], "club_T20_previous3_runs gave": [], "club_T20_lifetime_runs": 0.0, "club_T20_lifetime_wickets": 0.0, "club_T20_lifetime_balls played": 0.0, "club_T20_lifetime_overs": 0.0, "club_T20_lifetime_runs gave": 0.0, "international_ODI_previous3_runs": [0.0, 22.0, 0.0], "international_ODI_previous3_wickets": [1.0, 2.0, 0.0], "international_ODI_previous3_balls played": [9.0, 21.0, 0.0], "international_ODI_previous3_overs": [3.0, 8.0, 4.0], "international_ODI_previous3_runs gave": [13.0, 26.0, 22.0], "international_ODI_lifetime_runs": 97.0, "international_ODI_lifetime_wickets": 20.0, "international_ODI_lifetime_balls played": 219.0, "international_ODI_lifetime_overs": 104.33333333333333, "international_ODI_lifetime_runs gave": 427.0, "international_Test_previous3_runs": [], "international_Test_previous3_wickets": [], "international_Test_previous3_balls played": [], "international_Test_previous3_overs": [], "international_Test_previous3_runs gave": [], "international_Test_lifetime_runs": 0.0, "international_Test_lifetime_wickets": 0.0, "international_Test_lifetime_balls played": 0.0, "international_Test_lifetime_overs": 0.0, "international_Test_lifetime_runs gave": 0.0, "international_T20_previous3_runs": [0.0, 17.0, 4.0], "international_T20_previous3_wickets": [1.0, 0.0, 0.0], "international_T20_previous3_balls played": [0.0, 13.0, 15.0], "international_T20_previous3_overs": [4.0, 1.0, 1.0], "international_T20_previous3_runs gave": [26.0, 4.0, 9.0], "international_T20_lifetime_runs": 93.0, "international_T20_lifetime_wickets": 40.0, "international_T20_lifetime_balls played": 143.0, "international_T20_lifetime_overs": 178.83333333333334, "international_T20_lifetime_runs gave": 787.0}