{"played_against": {"1b05424f": {"runs": 7, "balls": 6, "wickets": 0}, "26d9937d": {"runs": 7, "balls": 3, "wickets": 0}, "23638956": {"runs": 2, "balls": 3, "wickets": 1}, "ab446fe9": {"runs": 2, "balls": 2, "wickets": 0}, "6a0537aa": {"runs": 1, "balls": 4, "wickets": 0}, "20a941bb": {"runs": 1, "balls": 1, "wickets": 0}, "dec8e038": {"runs": 6, "balls": 5, "wickets": 1}, "9d50c7e1": {"runs": 4, "balls": 4, "wickets": 0}, "c654af19": {"runs": 6, "balls": 5, "wickets": 0}, "3ad06915": {"runs": 6, "balls": 3, "wickets": 0}, "d1c94b25": {"runs": 21, "balls": 10, "wickets": 0}, "9a158001": {"runs": 12, "balls": 6, "wickets": 0}, "b552a935": {"runs": 5, "balls": 4, "wickets": 0}, "5bb5a915": {"runs": 1, "balls": 1, "wickets": 0}, "acee4cc4": {"runs": 2, "balls": 3, "wickets": 0}, "7f8ecc51": {"runs": 24, "balls": 19, "wickets": 0}, "11614d87": {"runs": 18, "balls": 8, "wickets": 0}, "fb66ce1f": {"runs": 7, "balls": 5, "wickets": 1}, "ca322fd6": {"runs": 0, "balls": 1, "wickets": 1}, "9d430b40": {"runs": 22, "balls": 12, "wickets": 0}, "2e8994e7": {"runs": 10, "balls": 6, "wickets": 0}, "26ff4c29": {"runs": 19, "balls": 12, "wickets": 0}, "955e8e86": {"runs": 8, "balls": 5, "wickets": 0}, "cfe70281": {"runs": 7, "balls": 8, "wickets": 0}, "b56dc5f7": {"runs": 4, "balls": 10, "wickets": 2}, "55f33b32": {"runs": 4, "balls": 6, "wickets": 1}, "9df3a2f4": {"runs": 1, "balls": 3, "wickets": 0}, "a7bc76a0": {"runs": 1, "balls": 1, "wickets": 0}, "a316d663": {"runs": 11, "balls": 6, "wickets": 0}, "05d74535": {"runs": 0, "balls": 1, "wickets": 0}, "c3d35165": {"runs": 1, "balls": 2, "wickets": 1}, "537f5ab2": {"runs": 6, "balls": 6, "wickets": 0}, "6581d753": {"runs": 8, "balls": 6, "wickets": 0}, "7955eb15": {"runs": 1, "balls": 34, "wickets": 0}, "c4450a69": {"runs": 8, "balls": 16, "wickets": 0}, "e871a7a1": {"runs": 6, "balls": 40, "wickets": 0}, "e22d3b5c": {"runs": 21, "balls": 27, "wickets": 0}, "5239d782": {"runs": 16, "balls": 32, "wickets": 1}, "2a0d5d4a": {"runs": 8, "balls": 25, "wickets": 0}, "18fac429": {"runs": 24, "balls": 21, "wickets": 0}, "3d0ed2f9": {"runs": 12, "balls": 11, "wickets": 1}, "eba6a852": {"runs": 4, "balls": 5, "wickets": 0}, "e412cb64": {"runs": 20, "balls": 18, "wickets": 0}, "f752db61": {"runs": 1, "balls": 4, "wickets": 1}, "d8b24492": {"runs": 10, "balls": 9, "wickets": 0}, "5fcb6fb1": {"runs": 6, "balls": 7, "wickets": 0}, "58043739": {"runs": 27, "balls": 16, "wickets": 0}, "8f2dfebf": {"runs": 18, "balls": 9, "wickets": 0}, "a4b810d0": {"runs": 15, "balls": 16, "wickets": 0}, "a37b5c0a": {"runs": 9, "balls": 14, "wickets": 0}, "2223b920": {"runs": 13, "balls": 16, "wickets": 0}, "8d1dad51": {"runs": 4, "balls": 6, "wickets": 0}, "fc55ec67": {"runs": 13, "balls": 9, "wickets": 0}, "f5821615": {"runs": 10, "balls": 11, "wickets": 0}, "bbbb7f1e": {"runs": 3, "balls": 2, "wickets": 0}, "8728a058": {"runs": 5, "balls": 14, "wickets": 0}, "14373322": {"runs": 7, "balls": 11, "wickets": 0}, "eb1a5b03": {"runs": 5, "balls": 9, "wickets": 0}, "79c7041c": {"runs": 4, "balls": 10, "wickets": 0}, "a510bdd3": {"runs": 7, "balls": 6, "wickets": 0}, "cd143bca": {"runs": 2, "balls": 2, "wickets": 0}, "70fdd428": {"runs": 7, "balls": 4, "wickets": 0}, "b3544c5d": {"runs": 0, "balls": 4, "wickets": 0}, "e423d162": {"runs": 9, "balls": 11, "wickets": 0}, "65b6943c": {"runs": 7, "balls": 13, "wickets": 0}, "0e0d43b4": {"runs": 7, "balls": 13, "wickets": 0}, "d4eef961": {"runs": 9, "balls": 26, "wickets": 1}, "5da34add": {"runs": 5, "balls": 23, "wickets": 0}, "d99cc23a": {"runs": 20, "balls": 20, "wickets": 0}, "450f6fa6": {"runs": 8, "balls": 17, "wickets": 0}, "1a45b864": {"runs": 2, "balls": 11, "wickets": 0}, "894b2d25": {"runs": 0, "balls": 0, "wickets": 0}, "3766056b": {"runs": 5, "balls": 7, "wickets": 2}, "249d60c9": {"runs": 4, "balls": 7, "wickets": 0}, "7f048519": {"runs": 14, "balls": 7, "wickets": 1}, "b21ed464": {"runs": 6, "balls": 4, "wickets": 0}, "086f5984": {"runs": 1, "balls": 1, "wickets": 0}, "29b89ae8": {"runs": 4, "balls": 4, "wickets": 0}, "c03449e0": {"runs": 9, "balls": 4, "wickets": 0}, "94d7f855": {"runs": 2, "balls": 2, "wickets": 0}, "641ac5ff": {"runs": 1, "balls": 2, "wickets": 0}, "02b93a83": {"runs": 1, "balls": 2, "wickets": 0}, "71440756": {"runs": 4, "balls": 1, "wickets": 0}, "94eac556": {"runs": 1, "balls": 1, "wickets": 0}, "9679838c": {"runs": 20, "balls": 16, "wickets": 0}, "21764a38": {"runs": 8, "balls": 7, "wickets": 0}, "f0a0204e": {"runs": 6, "balls": 5, "wickets": 1}, "4a461c24": {"runs": 6, "balls": 4, "wickets": 0}, "0dc00542": {"runs": 5, "balls": 5, "wickets": 0}, "8d92a2c3": {"runs": 25, "balls": 48, "wickets": 1}, "10f68de1": {"runs": 13, "balls": 58, "wickets": 0}, "a386e91b": {"runs": 5, "balls": 22, "wickets": 0}, "314ed7e6": {"runs": 14, "balls": 41, "wickets": 0}, "5899dceb": {"runs": 26, "balls": 25, "wickets": 0}, "ac7fa28f": {"runs": 18, "balls": 11, "wickets": 0}, "e0ac7144": {"runs": 2, "balls": 2, "wickets": 0}, "12b610c2": {"runs": 13, "balls": 7, "wickets": 0}, "8108e2d2": {"runs": 0, "balls": 2, "wickets": 1}, "e737a5fe": {"runs": 2, "balls": 6, "wickets": 0}, "4c0f3806": {"runs": 10, "balls": 16, "wickets": 1}, "dc670143": {"runs": 27, "balls": 23, "wickets": 0}, "0a3d54b9": {"runs": 2, "balls": 4, "wickets": 1}, "fdb8ed0d": {"runs": 8, "balls": 8, "wickets": 0}, "c1f6c27e": {"runs": 2, "balls": 4, "wickets": 0}, "f048bb41": {"runs": 3, "balls": 7, "wickets": 0}, "19708692": {"runs": 11, "balls": 9, "wickets": 0}, "1ca7c00f": {"runs": 1, "balls": 2, "wickets": 0}, "e05b2a5b": {"runs": 0, "balls": 7, "wickets": 0}, "de935e1d": {"runs": 0, "balls": 4, "wickets": 0}, "6042bf26": {"runs": 2, "balls": 11, "wickets": 2}, "561f3a34": {"runs": 3, "balls": 10, "wickets": 0}, "a089f93f": {"runs": 4, "balls": 13, "wickets": 0}, "aa1210d8": {"runs": 9, "balls": 10, "wickets": 0}, "1efd12d1": {"runs": 1, "balls": 1, "wickets": 0}, "2a2e6343": {"runs": 10, "balls": 6, "wickets": 0}, "808f425a": {"runs": 9, "balls": 7, "wickets": 0}, "c672e80e": {"runs": 1, "balls": 1, "wickets": 0}, "d83a3bdc": {"runs": 1, "balls": 2, "wickets": 1}, "2085e1fa": {"runs": 8, "balls": 5, "wickets": 0}, "f54dbda7": {"runs": 12, "balls": 7, "wickets": 0}, "a7c226e1": {"runs": 7, "balls": 2, "wickets": 0}, "de6c2c6e": {"runs": 1, "balls": 2, "wickets": 0}, "e734d090": {"runs": 3, "balls": 5, "wickets": 0}, "aeab0d4f": {"runs": 8, "balls": 6, "wickets": 0}, "078ffbf2": {"runs": 3, "balls": 3, "wickets": 0}, "e43aa7ed": {"runs": 2, "balls": 2, "wickets": 0}, "4b685e2d": {"runs": 11, "balls": 8, "wickets": 0}, "7ca5e05d": {"runs": 3, "balls": 3, "wickets": 0}, "afa78c3a": {"runs": 3, "balls": 3, "wickets": 0}, "f1f99156": {"runs": 3, "balls": 7, "wickets": 0}, "57a76baa": {"runs": 4, "balls": 5, "wickets": 0}, "6ea2710f": {"runs": 13, "balls": 10, "wickets": 0}}, "fifties": 2, "thirties": 9, "centuries": 0, "maidens": 0.0, "hattricks": 0, "runs": 987.0, "wickets": 6.0, "club_ODI_previous3_runs": [7.0, 11.0, 25.0], "club_ODI_previous3_wickets": [0.0, 0.0, 0.0], "club_ODI_previous3_balls played": [15.0, 11.0, 37.0], "club_ODI_previous3_overs": [0.0, 0.0, 0.0], "club_ODI_previous3_runs gave": [0.0, 0.0, 0.0], "club_ODI_lifetime_runs": 294.0, "club_ODI_lifetime_wickets": 0.0, "club_ODI_lifetime_balls played": 290.0, "club_ODI_lifetime_overs": 0.0, "club_ODI_lifetime_runs gave": 0.0, "club_Test_previous3_runs": [79.0, 1.0, 24.0], "club_Test_previous3_wickets": [0.0, 0.0, 0.0], "club_Test_previous3_balls played": [188.0, 22.0, 57.0], "club_Test_previous3_overs": [0.0, 0.0, 0.0], "club_Test_previous3_runs gave": [0.0, 0.0, 0.0], "club_Test_lifetime_runs": 237.0, "club_Test_lifetime_wickets": 0.0, "club_Test_lifetime_balls played": 598.0, "club_Test_lifetime_overs": 10.833333333333334, "club_Test_lifetime_runs gave": 57.0, "club_T20_previous3_runs": [0.0, 0.0, 19.0], "club_T20_previous3_wickets": [0.0, 0.0, 0.0], "club_T20_previous3_balls played": [0.0, 0.0, 18.0], "club_T20_previous3_overs": [0.0, 0.0, 0.0], "club_T20_previous3_runs gave": [0.0, 0.0, 0.0], "club_T20_lifetime_runs": 456.0, "club_T20_lifetime_wickets": 6.0, "club_T20_lifetime_balls played": 366.0, "club_T20_lifetime_overs": 32.83333333333333, "club_T20_lifetime_runs gave": 246.0, "international_ODI_previous3_runs": [], "international_ODI_previous3_wickets": [], "international_ODI_previous3_balls played": [], "international_ODI_previous3_overs": [], "international_ODI_previous3_runs gave": [], "international_ODI_lifetime_runs": 0.0, "international_ODI_lifetime_wickets": 0.0, "international_ODI_lifetime_balls played": 0.0, "international_ODI_lifetime_overs": 0.0, "international_ODI_lifetime_runs gave": 0.0, "international_Test_previous3_runs": [], "international_Test_previous3_wickets": [], "international_Test_previous3_balls played": [], "international_Test_previous3_overs": [], "international_Test_previous3_runs gave": [], "international_Test_lifetime_runs": 0.0, "international_Test_lifetime_wickets": 0.0, "international_Test_lifetime_balls played": 0.0, "international_Test_lifetime_overs": 0.0, "international_Test_lifetime_runs gave": 0.0, "international_T20_previous3_runs": [], "international_T20_previous3_wickets": [], "international_T20_previous3_balls played": [], "international_T20_previous3_overs": [], "international_T20_previous3_runs gave": [], "international_T20_lifetime_runs": 0.0, "international_T20_lifetime_wickets": 0.0, "international_T20_lifetime_balls played": 0.0, "international_T20_lifetime_overs": 0.0, "international_T20_lifetime_runs gave": 0.0}