{"played_against": {"eaa4cfc2": {"runs": 4, "balls": 16, "wickets": 1}, "15101f12": {"runs": 12, "balls": 29, "wickets": 1}, "45c2196c": {"runs": 3, "balls": 3, "wickets": 0}, "7d5e0b78": {"runs": 0, "balls": 6, "wickets": 0}, "aac9f784": {"runs": 8, "balls": 33, "wickets": 0}, "450f6fa6": {"runs": 24, "balls": 86, "wickets": 1}, "75e476d4": {"runs": 2, "balls": 9, "wickets": 0}, "8d9d2a7e": {"runs": 3, "balls": 7, "wickets": 1}, "05d74535": {"runs": 10, "balls": 21, "wickets": 1}, "b16cf2ec": {"runs": 18, "balls": 119, "wickets": 1}, "75223da4": {"runs": 18, "balls": 50, "wickets": 0}, "867a45a7": {"runs": 22, "balls": 36, "wickets": 0}, "99464591": {"runs": 11, "balls": 61, "wickets": 0}, "1066a976": {"runs": 32, "balls": 43, "wickets": 2}, "1427277f": {"runs": 28, "balls": 65, "wickets": 3}, "f64eed39": {"runs": 9, "balls": 24, "wickets": 1}, "086f5984": {"runs": 8, "balls": 3, "wickets": 0}, "60dd8960": {"runs": 1, "balls": 3, "wickets": 1}, "cd143bca": {"runs": 92, "balls": 154, "wickets": 4}, "5db1c288": {"runs": 69, "balls": 99, "wickets": 2}, "a386e91b": {"runs": 11, "balls": 16, "wickets": 2}, "e087956b": {"runs": 5, "balls": 4, "wickets": 0}, "012829ff": {"runs": 4, "balls": 4, "wickets": 0}, "a72b14ff": {"runs": 6, "balls": 31, "wickets": 0}, "57a76baa": {"runs": 11, "balls": 14, "wickets": 0}, "7be8a0ed": {"runs": 11, "balls": 12, "wickets": 0}, "5ac8f17b": {"runs": 8, "balls": 33, "wickets": 0}, "7b1e20ea": {"runs": 21, "balls": 44, "wickets": 2}, "9dca07d7": {"runs": 0, "balls": 1, "wickets": 0}, "bca21d18": {"runs": 59, "balls": 102, "wickets": 1}, "b2081fc8": {"runs": 9, "balls": 10, "wickets": 0}, "ddc0828d": {"runs": 4, "balls": 4, "wickets": 0}, "fa92fc48": {"runs": 2, "balls": 3, "wickets": 0}, "c1f6c27e": {"runs": 11, "balls": 31, "wickets": 0}, "18fac429": {"runs": 94, "balls": 119, "wickets": 1}, "0e0d43b4": {"runs": 35, "balls": 52, "wickets": 2}, "e412cb64": {"runs": 17, "balls": 34, "wickets": 1}, "e423d162": {"runs": 54, "balls": 77, "wickets": 0}, "a73321d3": {"runs": 9, "balls": 5, "wickets": 0}, "8d1dad51": {"runs": 2, "balls": 3, "wickets": 0}, "151d88b3": {"runs": 19, "balls": 11, "wickets": 1}, "903c1d37": {"runs": 15, "balls": 6, "wickets": 0}, "f2ab7a69": {"runs": 3, "balls": 5, "wickets": 0}, "249d60c9": {"runs": 44, "balls": 33, "wickets": 0}, "58043739": {"runs": 25, "balls": 30, "wickets": 3}, "8f2dfebf": {"runs": 33, "balls": 56, "wickets": 0}, "a7e8ff19": {"runs": 41, "balls": 54, "wickets": 1}, "3c77ca9d": {"runs": 36, "balls": 61, "wickets": 1}, "6355d428": {"runs": 12, "balls": 11, "wickets": 0}, "86e0f3f0": {"runs": 17, "balls": 45, "wickets": 0}, "eddf25bd": {"runs": 10, "balls": 27, "wickets": 2}, "7db8d00b": {"runs": 4, "balls": 3, "wickets": 0}, "6fe2c1c0": {"runs": 14, "balls": 43, "wickets": 2}, "7f048519": {"runs": 23, "balls": 46, "wickets": 1}, "2a0d5d4a": {"runs": 36, "balls": 56, "wickets": 2}, "7955eb15": {"runs": 52, "balls": 74, "wickets": 0}, "3f659464": {"runs": 32, "balls": 26, "wickets": 0}, "58c481c6": {"runs": 21, "balls": 14, "wickets": 1}, "e9d5218e": {"runs": 45, "balls": 80, "wickets": 3}, "d66edc9a": {"runs": 8, "balls": 19, "wickets": 0}, "59792462": {"runs": 8, "balls": 13, "wickets": 0}, "b9877635": {"runs": 11, "balls": 50, "wickets": 1}, "c672e80e": {"runs": 5, "balls": 12, "wickets": 0}, "b20f423b": {"runs": 19, "balls": 33, "wickets": 0}, "5239d782": {"runs": 27, "balls": 46, "wickets": 1}, "70fdd428": {"runs": 18, "balls": 21, "wickets": 0}, "9679838c": {"runs": 26, "balls": 36, "wickets": 2}, "611926bc": {"runs": 8, "balls": 23, "wickets": 1}, "e05b2a5b": {"runs": 3, "balls": 7, "wickets": 0}, "3d0ed2f9": {"runs": 41, "balls": 68, "wickets": 4}, "e86754b2": {"runs": 16, "balls": 34, "wickets": 1}, "ce24059d": {"runs": 3, "balls": 14, "wickets": 0}, "808f425a": {"runs": 18, "balls": 36, "wickets": 1}, "88a004e9": {"runs": 8, "balls": 12, "wickets": 1}, "f6c84b9f": {"runs": 22, "balls": 21, "wickets": 0}, "5bdcdb72": {"runs": 4, "balls": 3, "wickets": 0}, "1a45b864": {"runs": 57, "balls": 116, "wickets": 3}, "c995d726": {"runs": 14, "balls": 17, "wickets": 0}, "5da34add": {"runs": 40, "balls": 62, "wickets": 0}, "b21ed464": {"runs": 3, "balls": 3, "wickets": 1}, "02b93a83": {"runs": 5, "balls": 3, "wickets": 0}, "e737a5fe": {"runs": 6, "balls": 11, "wickets": 1}, "8479a24a": {"runs": 26, "balls": 31, "wickets": 1}, "8728a058": {"runs": 8, "balls": 15, "wickets": 0}, "f5821615": {"runs": 26, "balls": 16, "wickets": 2}, "9395f98e": {"runs": 22, "balls": 26, "wickets": 0}, "49299473": {"runs": 5, "balls": 9, "wickets": 0}, "fdb8ed0d": {"runs": 10, "balls": 19, "wickets": 1}, "0f21680d": {"runs": 20, "balls": 14, "wickets": 2}, "c4450a69": {"runs": 16, "balls": 9, "wickets": 0}, "85ebf2be": {"runs": 30, "balls": 67, "wickets": 0}, "aed5be04": {"runs": 4, "balls": 44, "wickets": 0}, "1ad0b441": {"runs": 16, "balls": 35, "wickets": 0}, "5fed6272": {"runs": 64, "balls": 62, "wickets": 3}, "dda5aae5": {"runs": 2, "balls": 17, "wickets": 0}, "0bec3a6c": {"runs": 2, "balls": 3, "wickets": 1}, "0a12e736": {"runs": 7, "balls": 4, "wickets": 0}, "f54dbda7": {"runs": 16, "balls": 15, "wickets": 2}, "e22d3b5c": {"runs": 37, "balls": 101, "wickets": 2}, "6c79c098": {"runs": 47, "balls": 69, "wickets": 0}, "70542bef": {"runs": 20, "balls": 31, "wickets": 1}, "10435ca2": {"runs": 11, "balls": 6, "wickets": 0}, "91ffa6c6": {"runs": 0, "balls": 0, "wickets": 0}, "5b6d248a": {"runs": 15, "balls": 28, "wickets": 2}, "b2fe023a": {"runs": 8, "balls": 18, "wickets": 0}, "d99cc23a": {"runs": 35, "balls": 64, "wickets": 0}, "dd17e4bc": {"runs": 8, "balls": 20, "wickets": 0}, "1957c6b7": {"runs": 43, "balls": 50, "wickets": 2}, "e871a7a1": {"runs": 65, "balls": 105, "wickets": 5}, "e84ac20c": {"runs": 0, "balls": 1, "wickets": 1}, "11ec0b58": {"runs": 4, "balls": 5, "wickets": 0}, "9a963804": {"runs": 11, "balls": 16, "wickets": 0}, "70b8fd28": {"runs": 21, "balls": 15, "wickets": 1}, "069c55b1": {"runs": 1, "balls": 7, "wickets": 0}, "9219eff0": {"runs": 8, "balls": 5, "wickets": 0}, "c5cc48bc": {"runs": 54, "balls": 52, "wickets": 6}, "3766056b": {"runs": 12, "balls": 22, "wickets": 0}, "51e1ed69": {"runs": 14, "balls": 16, "wickets": 2}, "757502b5": {"runs": 10, "balls": 7, "wickets": 0}, "141a340d": {"runs": 0, "balls": 1, "wickets": 1}, "29b89ae8": {"runs": 2, "balls": 9, "wickets": 0}, "6c908ffc": {"runs": 3, "balls": 18, "wickets": 1}, "e0ac7144": {"runs": 34, "balls": 21, "wickets": 0}, "61a9ce31": {"runs": 2, "balls": 18, "wickets": 0}, "4ec07775": {"runs": 3, "balls": 8, "wickets": 0}, "7ca5e05d": {"runs": 31, "balls": 23, "wickets": 2}, "a510bdd3": {"runs": 99, "balls": 151, "wickets": 2}, "a9da7784": {"runs": 7, "balls": 19, "wickets": 0}, "b82e3032": {"runs": 16, "balls": 26, "wickets": 1}, "5fcb6fb1": {"runs": 4, "balls": 1, "wickets": 0}, "2a2e6343": {"runs": 38, "balls": 19, "wickets": 1}, "aa1210d8": {"runs": 40, "balls": 35, "wickets": 1}, "a354c917": {"runs": 2, "balls": 12, "wickets": 1}, "ab01e323": {"runs": 9, "balls": 4, "wickets": 0}, "402f8494": {"runs": 43, "balls": 51, "wickets": 0}, "25a42048": {"runs": 1, "balls": 2, "wickets": 0}, "5574750c": {"runs": 25, "balls": 72, "wickets": 1}, "0f3ee070": {"runs": 23, "balls": 49, "wickets": 2}, "eba6a852": {"runs": 5, "balls": 18, "wickets": 0}, "f752db61": {"runs": 23, "balls": 50, "wickets": 0}, "0d61d8f0": {"runs": 6, "balls": 4, "wickets": 0}, "5b3acc53": {"runs": 32, "balls": 21, "wickets": 0}, "5e6d1a54": {"runs": 41, "balls": 55, "wickets": 0}, "d4eef961": {"runs": 36, "balls": 25, "wickets": 2}, "cfe70281": {"runs": 0, "balls": 1, "wickets": 1}, "f3abd0c9": {"runs": 58, "balls": 93, "wickets": 3}, "ffe699c0": {"runs": 31, "balls": 31, "wickets": 0}, "350bb1b1": {"runs": 8, "balls": 13, "wickets": 1}, "e5652e3d": {"runs": 10, "balls": 16, "wickets": 0}, "01a95383": {"runs": 40, "balls": 53, "wickets": 4}, "1f1b4c89": {"runs": 12, "balls": 30, "wickets": 1}, "495d42a5": {"runs": 1, "balls": 4, "wickets": 1}, "1efd12d1": {"runs": 44, "balls": 34, "wickets": 0}, "07c8a2f4": {"runs": 39, "balls": 75, "wickets": 0}, "98eacfe5": {"runs": 8, "balls": 8, "wickets": 0}, "5bb1a1c4": {"runs": 0, "balls": 2, "wickets": 1}, "a8e56914": {"runs": 23, "balls": 30, "wickets": 0}, "d68e7f48": {"runs": 50, "balls": 49, "wickets": 0}, "10f68de1": {"runs": 7, "balls": 15, "wickets": 1}, "6042bf26": {"runs": 4, "balls": 11, "wickets": 0}, "ad962377": {"runs": 2, "balls": 5, "wickets": 1}, "b3544c5d": {"runs": 42, "balls": 82, "wickets": 3}, "72898514": {"runs": 18, "balls": 14, "wickets": 0}, "9789e56e": {"runs": 37, "balls": 54, "wickets": 4}, "bb351c23": {"runs": 8, "balls": 9, "wickets": 0}, "8108e2d2": {"runs": 15, "balls": 22, "wickets": 0}, "c89474d1": {"runs": 25, "balls": 32, "wickets": 2}, "025a092b": {"runs": 11, "balls": 12, "wickets": 1}, "f1ba9ed7": {"runs": 28, "balls": 65, "wickets": 1}, "ccdd8308": {"runs": 13, "balls": 14, "wickets": 0}, "ab965cad": {"runs": 13, "balls": 7, "wickets": 0}, "d34a2268": {"runs": 11, "balls": 9, "wickets": 0}, "a316d663": {"runs": 14, "balls": 19, "wickets": 0}, "acee4cc4": {"runs": 1, "balls": 2, "wickets": 0}, "2085e1fa": {"runs": 8, "balls": 9, "wickets": 1}, "94d7f855": {"runs": 29, "balls": 14, "wickets": 1}, "97e434a6": {"runs": 28, "balls": 8, "wickets": 0}, "c03449e0": {"runs": 17, "balls": 7, "wickets": 0}, "50c6bc2b": {"runs": 23, "balls": 31, "wickets": 1}, "641ac5ff": {"runs": 10, "balls": 5, "wickets": 0}, "43205dad": {"runs": 1, "balls": 3, "wickets": 0}, "bdadf7da": {"runs": 0, "balls": 1, "wickets": 1}, "2f9d0389": {"runs": 5, "balls": 8, "wickets": 0}, "b3118300": {"runs": 0, "balls": 1, "wickets": 1}, "8bf61e65": {"runs": 0, "balls": 2, "wickets": 1}, "0c5bb005": {"runs": 7, "balls": 5, "wickets": 1}, "ab474682": {"runs": 11, "balls": 17, "wickets": 0}, "d83a3bdc": {"runs": 13, "balls": 9, "wickets": 0}, "1252f71a": {"runs": 10, "balls": 7, "wickets": 0}, "19708692": {"runs": 17, "balls": 11, "wickets": 1}, "65b6943c": {"runs": 4, "balls": 7, "wickets": 0}, "3a60e0b5": {"runs": 10, "balls": 9, "wickets": 0}, "ad212f96": {"runs": 28, "balls": 52, "wickets": 0}, "ed6894af": {"runs": 4, "balls": 4, "wickets": 0}, "2a802bfd": {"runs": 6, "balls": 3, "wickets": 0}, "48ad3373": {"runs": 4, "balls": 4, "wickets": 1}, "51a3c5ef": {"runs": 3, "balls": 3, "wickets": 0}, "74a1c1e3": {"runs": 1, "balls": 1, "wickets": 0}, "8f938a32": {"runs": 13, "balls": 5, "wickets": 0}, "b082d112": {"runs": 13, "balls": 7, "wickets": 0}, "52d11798": {"runs": 3, "balls": 2, "wickets": 0}, "ba5e1069": {"runs": 7, "balls": 3, "wickets": 1}, "782fb776": {"runs": 5, "balls": 9, "wickets": 0}, "aa8d28ae": {"runs": 4, "balls": 6, "wickets": 2}, "b47cd52c": {"runs": 1, "balls": 1, "wickets": 0}, "d12143bf": {"runs": 13, "balls": 10, "wickets": 0}, "b681e71e": {"runs": 3, "balls": 7, "wickets": 1}, "d786a8a1": {"runs": 9, "balls": 6, "wickets": 0}, "1d2f290a": {"runs": 41, "balls": 52, "wickets": 4}, "fd8a9b23": {"runs": 16, "balls": 41, "wickets": 0}, "d346d939": {"runs": 15, "balls": 27, "wickets": 0}, "9ffd1ac1": {"runs": 1, "balls": 1, "wickets": 0}, "f1eb3c73": {"runs": 8, "balls": 5, "wickets": 0}, "0f6db197": {"runs": 7, "balls": 27, "wickets": 0}, "fd96de7c": {"runs": 6, "balls": 10, "wickets": 0}, "ad8cb396": {"runs": 1, "balls": 9, "wickets": 0}, "a089f93f": {"runs": 0, "balls": 18, "wickets": 0}, "79c7041c": {"runs": 21, "balls": 30, "wickets": 0}, "219cc59e": {"runs": 47, "balls": 86, "wickets": 2}, "bd4ea627": {"runs": 8, "balls": 3, "wickets": 1}, "e734d090": {"runs": 38, "balls": 47, "wickets": 1}, "1ca7c00f": {"runs": 11, "balls": 39, "wickets": 1}, "92aa28fe": {"runs": 1, "balls": 17, "wickets": 0}, "c2b6764d": {"runs": 2, "balls": 7, "wickets": 1}, "42151725": {"runs": 9, "balls": 22, "wickets": 0}, "2e9fdf9b": {"runs": 1, "balls": 7, "wickets": 0}, "a37b5c0a": {"runs": 0, "balls": 9, "wickets": 0}, "23dee937": {"runs": 17, "balls": 46, "wickets": 1}, "45ca0dc0": {"runs": 15, "balls": 34, "wickets": 0}, "b9c7596f": {"runs": 5, "balls": 5, "wickets": 0}, "5ad508c9": {"runs": 13, "balls": 8, "wickets": 0}, "a343262c": {"runs": 1, "balls": 1, "wickets": 0}, "bbbb7f1e": {"runs": 3, "balls": 4, "wickets": 1}, "fe5b4367": {"runs": 11, "balls": 21, "wickets": 0}, "fc6f22e9": {"runs": 18, "balls": 10, "wickets": 0}, "fec369cd": {"runs": 28, "balls": 35, "wickets": 0}, "067bda18": {"runs": 28, "balls": 38, "wickets": 2}, "ed12fcd7": {"runs": 9, "balls": 11, "wickets": 1}, "33b3d2df": {"runs": 6, "balls": 4, "wickets": 0}, "078ffbf2": {"runs": 34, "balls": 39, "wickets": 0}, "214f6461": {"runs": 15, "balls": 22, "wickets": 1}, "ec33b21a": {"runs": 9, "balls": 4, "wickets": 1}, "27c5a793": {"runs": 2, "balls": 4, "wickets": 1}, "9cb8d7a6": {"runs": 0, "balls": 1, "wickets": 1}, "2baad3bd": {"runs": 18, "balls": 25, "wickets": 0}, "d48c0f40": {"runs": 33, "balls": 77, "wickets": 2}, "4b685e2d": {"runs": 1, "balls": 2, "wickets": 0}, "23638956": {"runs": 24, "balls": 45, "wickets": 2}, "679cd31e": {"runs": 15, "balls": 18, "wickets": 0}, "932d3cc9": {"runs": 20, "balls": 28, "wickets": 0}, "3a3e7d82": {"runs": 14, "balls": 21, "wickets": 1}, "bd93fea4": {"runs": 3, "balls": 9, "wickets": 1}, "c0c411cb": {"runs": 4, "balls": 4, "wickets": 0}, "62af8546": {"runs": 1, "balls": 4, "wickets": 0}, "56ef4f99": {"runs": 7, "balls": 7, "wickets": 1}, "e1b9f3a9": {"runs": 11, "balls": 4, "wickets": 1}, "3c55c703": {"runs": 21, "balls": 12, "wickets": 0}, "ad286dcc": {"runs": 23, "balls": 48, "wickets": 1}, "95a06106": {"runs": 4, "balls": 4, "wickets": 0}, "00cada13": {"runs": 12, "balls": 18, "wickets": 1}, "f655d740": {"runs": 7, "balls": 6, "wickets": 1}, "245c97cb": {"runs": 5, "balls": 5, "wickets": 1}, "be869ccf": {"runs": 9, "balls": 6, "wickets": 1}, "c36bbf20": {"runs": 2, "balls": 6, "wickets": 0}, "34c7b9d2": {"runs": 0, "balls": 1, "wickets": 1}, "03df7a25": {"runs": 16, "balls": 18, "wickets": 0}, "a63dfe8a": {"runs": 9, "balls": 13, "wickets": 0}, "5a74e559": {"runs": 1, "balls": 9, "wickets": 0}, "ba377b40": {"runs": 18, "balls": 26, "wickets": 0}, "9fd3a210": {"runs": 20, "balls": 41, "wickets": 1}, "dfc3f02d": {"runs": 3, "balls": 10, "wickets": 0}, "b56dc5f7": {"runs": 4, "balls": 15, "wickets": 0}, "462d7c62": {"runs": 11, "balls": 16, "wickets": 0}, "ed8faea2": {"runs": 7, "balls": 19, "wickets": 0}, "bdadcca1": {"runs": 1, "balls": 1, "wickets": 0}, "043e9623": {"runs": 6, "balls": 22, "wickets": 0}, "27fc5808": {"runs": 10, "balls": 14, "wickets": 1}, "eab74985": {"runs": 4, "balls": 8, "wickets": 0}, "0164b064": {"runs": 4, "balls": 14, "wickets": 1}, "7d7233a9": {"runs": 16, "balls": 23, "wickets": 0}, "fa433be6": {"runs": 1, "balls": 11, "wickets": 1}, "948beb1f": {"runs": 6, "balls": 11, "wickets": 0}, "6c6aca89": {"runs": 1, "balls": 8, "wickets": 0}, "bdc0670a": {"runs": 15, "balls": 14, "wickets": 1}, "c78a879c": {"runs": 2, "balls": 1, "wickets": 0}, "34b332d3": {"runs": 4, "balls": 3, "wickets": 0}, "e5218454": {"runs": 19, "balls": 13, "wickets": 0}, "e342e5fb": {"runs": 12, "balls": 7, "wickets": 0}, "22b98d7c": {"runs": 9, "balls": 16, "wickets": 1}, "0126ff20": {"runs": 33, "balls": 45, "wickets": 0}, "52c442e4": {"runs": 49, "balls": 54, "wickets": 0}, "ad46c747": {"runs": 33, "balls": 54, "wickets": 0}, "0ecb4de6": {"runs": 3, "balls": 3, "wickets": 0}, "c96f6ac5": {"runs": 1, "balls": 2, "wickets": 1}, "70c39d0e": {"runs": 0, "balls": 8, "wickets": 0}, "e142c599": {"runs": 5, "balls": 14, "wickets": 0}, "caf69bf7": {"runs": 1, "balls": 1, "wickets": 0}, "e94915e6": {"runs": 8, "balls": 4, "wickets": 0}, "bbd41817": {"runs": 7, "balls": 4, "wickets": 0}, "9f812582": {"runs": 0, "balls": 5, "wickets": 0}, "ac3c3cab": {"runs": 14, "balls": 16, "wickets": 1}, "344c6d55": {"runs": 23, "balls": 25, "wickets": 0}, "9c643d7b": {"runs": 1, "balls": 2, "wickets": 0}, "38c276e1": {"runs": 7, "balls": 5, "wickets": 1}, "fc63d916": {"runs": 31, "balls": 44, "wickets": 1}, "a4b810d0": {"runs": 8, "balls": 17, "wickets": 1}, "9e707e02": {"runs": 8, "balls": 22, "wickets": 1}, "45a7e761": {"runs": 6, "balls": 3, "wickets": 0}, "d12cead8": {"runs": 12, "balls": 9, "wickets": 0}, "3581a798": {"runs": 48, "balls": 57, "wickets": 1}, "1cc0a83d": {"runs": 0, "balls": 2, "wickets": 0}, "0f721006": {"runs": 10, "balls": 20, "wickets": 0}, "05b1aef8": {"runs": 7, "balls": 14, "wickets": 0}, "a790df98": {"runs": 8, "balls": 4, "wickets": 1}, "4a461c24": {"runs": 30, "balls": 38, "wickets": 0}, "819ae1ad": {"runs": 19, "balls": 40, "wickets": 0}, "96a6a7ad": {"runs": 0, "balls": 2, "wickets": 0}, "00b195ae": {"runs": 4, "balls": 5, "wickets": 1}, "861eed37": {"runs": 3, "balls": 4, "wickets": 0}, "e9987a94": {"runs": 39, "balls": 52, "wickets": 0}, "06c2de82": {"runs": 11, "balls": 10, "wickets": 1}, "d3868bd0": {"runs": 2, "balls": 2, "wickets": 0}, "35c08a29": {"runs": 8, "balls": 3, "wickets": 1}, "2911de16": {"runs": 5, "balls": 5, "wickets": 0}, "876dbe2d": {"runs": 0, "balls": 2, "wickets": 1}, "ed47cb25": {"runs": 14, "balls": 10, "wickets": 0}, "39e2c0fd": {"runs": 3, "balls": 4, "wickets": 0}, "693af62a": {"runs": 1, "balls": 2, "wickets": 0}, "58be5e46": {"runs": 7, "balls": 7, "wickets": 0}, "6ea2710f": {"runs": 9, "balls": 5, "wickets": 0}, "e9c7f0d0": {"runs": 4, "balls": 5, "wickets": 0}, "a2421394": {"runs": 5, "balls": 4, "wickets": 0}, "7578b730": {"runs": 4, "balls": 8, "wickets": 1}, "0a396666": {"runs": 3, "balls": 5, "wickets": 0}, "3987e390": {"runs": 24, "balls": 34, "wickets": 2}, "31b01074": {"runs": 1, "balls": 9, "wickets": 0}, "33a6488e": {"runs": 12, "balls": 29, "wickets": 0}, "3e7534f7": {"runs": 2, "balls": 2, "wickets": 0}}, "fifties": 27, "thirties": 34, "centuries": 3, "maidens": 798.0, "hattricks": 66, "runs": 5118.0, "wickets": 422.0, "club_ODI_previous3_runs": [10.0, 0.0, 7.0], "club_ODI_previous3_wickets": [3.0, 0.0, 4.0], "club_ODI_previous3_balls played": [19.0, 0.0, 13.0], "club_ODI_previous3_overs": [10.0, 9.0, 10.0], "club_ODI_previous3_runs gave": [59.0, 62.0, 31.0], "club_ODI_lifetime_runs": 402.0, "club_ODI_lifetime_wickets": 30.0, "club_ODI_lifetime_balls played": 389.0, "club_ODI_lifetime_overs": 218.0, "club_ODI_lifetime_runs gave": 1240.0, "club_Test_previous3_runs": [0.0, 64.0, 17.0], "club_Test_previous3_wickets": [4.0, 1.0, 4.0], "club_Test_previous3_balls played": [0.0, 112.0, 23.0], "club_Test_previous3_overs": [43.833333333333336, 26.0, 36.0], "club_Test_previous3_runs gave": [88.0, 101.0, 83.0], "club_Test_lifetime_runs": 3395.0, "club_Test_lifetime_wickets": 281.0, "club_Test_lifetime_balls played": 6508.0, "club_Test_lifetime_overs": 3768.166666666667, "club_Test_lifetime_runs gave": 11681.0, "club_T20_previous3_runs": [5.0, 0.0, 23.0], "club_T20_previous3_wickets": [0.0, 2.0, 0.0], "club_T20_previous3_balls played": [4.0, 0.0, 8.0], "club_T20_previous3_overs": [1.0, 4.0, 3.0], "club_T20_previous3_runs gave": [16.0, 21.0, 26.0], "club_T20_lifetime_runs": 1321.0, "club_T20_lifetime_wickets": 111.0, "club_T20_lifetime_balls played": 984.0, "club_T20_lifetime_overs": 366.1, "club_T20_lifetime_runs gave": 3168.0, "international_ODI_previous3_runs": [], "international_ODI_previous3_wickets": [], "international_ODI_previous3_balls played": [], "international_ODI_previous3_overs": [], "international_ODI_previous3_runs gave": [], "international_ODI_lifetime_runs": 0.0, "international_ODI_lifetime_wickets": 0.0, "international_ODI_lifetime_balls played": 0.0, "international_ODI_lifetime_overs": 0.0, "international_ODI_lifetime_runs gave": 0.0, "international_Test_previous3_runs": [], "international_Test_previous3_wickets": [], "international_Test_previous3_balls played": [], "international_Test_previous3_overs": [], "international_Test_previous3_runs gave": [], "international_Test_lifetime_runs": 0.0, "international_Test_lifetime_wickets": 0.0, "international_Test_lifetime_balls played": 0.0, "international_Test_lifetime_overs": 0.0, "international_Test_lifetime_runs gave": 0.0, "international_T20_previous3_runs": [], "international_T20_previous3_wickets": [], "international_T20_previous3_balls played": [], "international_T20_previous3_overs": [], "international_T20_previous3_runs gave": [], "international_T20_lifetime_runs": 0.0, "international_T20_lifetime_wickets": 0.0, "international_T20_lifetime_balls played": 0.0, "international_T20_lifetime_overs": 0.0, "international_T20_lifetime_runs gave": 0.0}