{"played_against": {"26ff4c29": {"runs": 6, "balls": 2, "wickets": 0}, "2a2e6343": {"runs": 3, "balls": 12, "wickets": 0}, "94eac556": {"runs": 5, "balls": 9, "wickets": 0}, "12eddf28": {"runs": 1, "balls": 2, "wickets": 0}, "502b2c81": {"runs": 0, "balls": 2, "wickets": 0}, "5fa06777": {"runs": 14, "balls": 11, "wickets": 1}, "41eb4a4f": {"runs": 11, "balls": 6, "wickets": 0}, "7dc35884": {"runs": 3, "balls": 11, "wickets": 1}, "090f9211": {"runs": 12, "balls": 10, "wickets": 0}, "e186f49c": {"runs": 8, "balls": 8, "wickets": 0}, "05d74535": {"runs": 11, "balls": 18, "wickets": 1}, "68ddabdb": {"runs": 0, "balls": 1, "wickets": 1}, "91a4a398": {"runs": 4, "balls": 3, "wickets": 0}, "888e32bf": {"runs": 0, "balls": 1, "wickets": 1}, "e938e1bc": {"runs": 1, "balls": 2, "wickets": 0}, "fe93fd9d": {"runs": 3, "balls": 14, "wickets": 0}, "495d42a5": {"runs": 4, "balls": 5, "wickets": 0}, "c3d35165": {"runs": 2, "balls": 2, "wickets": 0}, "fb66ce1f": {"runs": 1, "balls": 3, "wickets": 0}, "2a72fd4f": {"runs": 0, "balls": 0, "wickets": 0}, "896d78ad": {"runs": 2, "balls": 1, "wickets": 0}, "0f721006": {"runs": 1, "balls": 5, "wickets": 0}, "a757b0d8": {"runs": 8, "balls": 6, "wickets": 1}, "3a60e0b5": {"runs": 0, "balls": 4, "wickets": 1}, "5bb5a915": {"runs": 12, "balls": 8, "wickets": 1}, "7fb32e5b": {"runs": 12, "balls": 8, "wickets": 0}, "51a3c5ef": {"runs": 19, "balls": 15, "wickets": 1}, "f987245c": {"runs": 9, "balls": 4, "wickets": 0}, "9219eff0": {"runs": 20, "balls": 12, "wickets": 1}, "7662cf7a": {"runs": 14, "balls": 14, "wickets": 0}, "086f5984": {"runs": 16, "balls": 19, "wickets": 2}, "64d43928": {"runs": 13, "balls": 6, "wickets": 1}, "0dc00542": {"runs": 7, "balls": 4, "wickets": 0}, "f56cd097": {"runs": 5, "balls": 12, "wickets": 0}, "4948a447": {"runs": 9, "balls": 4, "wickets": 0}, "1f7adc8a": {"runs": 7, "balls": 4, "wickets": 0}, "5a4c12ab": {"runs": 7, "balls": 14, "wickets": 0}, "bf1d7d3e": {"runs": 16, "balls": 16, "wickets": 0}, "8cf9814c": {"runs": 11, "balls": 7, "wickets": 1}, "3f5f39cd": {"runs": 1, "balls": 3, "wickets": 0}, "8fd1a8f5": {"runs": 2, "balls": 2, "wickets": 0}, "99cddc5e": {"runs": 0, "balls": 3, "wickets": 0}, "cf494ffe": {"runs": 2, "balls": 5, "wickets": 0}, "c89474d1": {"runs": 1, "balls": 6, "wickets": 1}, "ffe699c0": {"runs": 10, "balls": 5, "wickets": 0}, "49b6c09f": {"runs": 1, "balls": 2, "wickets": 1}, "7ca5e05d": {"runs": 7, "balls": 4, "wickets": 0}, "e412cb64": {"runs": 7, "balls": 7, "wickets": 2}, "c654af19": {"runs": 13, "balls": 10, "wickets": 0}, "acee4cc4": {"runs": 2, "balls": 8, "wickets": 1}, "cfe70281": {"runs": 1, "balls": 1, "wickets": 0}, "4c5d73db": {"runs": 0, "balls": 2, "wickets": 1}, "8abdf100": {"runs": 2, "balls": 5, "wickets": 1}, "13c35c9e": {"runs": 0, "balls": 2, "wickets": 0}, "a818c1be": {"runs": 1, "balls": 1, "wickets": 0}, "3fb19989": {"runs": 14, "balls": 12, "wickets": 1}, "808f425a": {"runs": 2, "balls": 3, "wickets": 0}, "dd17e4bc": {"runs": 9, "balls": 11, "wickets": 0}, "a73321d3": {"runs": 1, "balls": 8, "wickets": 1}, "1957c6b7": {"runs": 9, "balls": 8, "wickets": 0}, "245c97cb": {"runs": 4, "balls": 1, "wickets": 0}, "4c239537": {"runs": 8, "balls": 9, "wickets": 0}, "9bab2b81": {"runs": 5, "balls": 7, "wickets": 1}, "93e06301": {"runs": 8, "balls": 12, "wickets": 1}, "b552a935": {"runs": 2, "balls": 5, "wickets": 0}, "8728a058": {"runs": 9, "balls": 13, "wickets": 0}, "2223b920": {"runs": 3, "balls": 11, "wickets": 1}, "29b89ae8": {"runs": 12, "balls": 14, "wickets": 1}, "f5821615": {"runs": 7, "balls": 8, "wickets": 0}, "151d88b3": {"runs": 4, "balls": 3, "wickets": 0}, "9d430b40": {"runs": 4, "balls": 9, "wickets": 0}, "0a9d8b61": {"runs": 5, "balls": 4, "wickets": 1}, "87e562a9": {"runs": 0, "balls": 1, "wickets": 1}, "6575e3bc": {"runs": 5, "balls": 4, "wickets": 0}, "c285c86e": {"runs": 2, "balls": 2, "wickets": 1}, "31803fac": {"runs": 2, "balls": 3, "wickets": 0}, "469ea22b": {"runs": 3, "balls": 4, "wickets": 1}, "e84ac20c": {"runs": 0, "balls": 4, "wickets": 1}, "462411b3": {"runs": 1, "balls": 4, "wickets": 0}, "dbe50b21": {"runs": 2, "balls": 3, "wickets": 0}, "1dc12ab9": {"runs": 3, "balls": 6, "wickets": 1}, "d167edd3": {"runs": 1, "balls": 1, "wickets": 0}, "012829ff": {"runs": 3, "balls": 3, "wickets": 0}, "0f12f9df": {"runs": 7, "balls": 4, "wickets": 0}}, "fifties": 0, "thirties": 3, "centuries": 0, "maidens": 28.0, "hattricks": 3, "runs": 462.0, "wickets": 68.0, "club_ODI_previous3_runs": [], "club_ODI_previous3_wickets": [], "club_ODI_previous3_balls played": [], "club_ODI_previous3_overs": [], "club_ODI_previous3_runs gave": [], "club_ODI_lifetime_runs": 0.0, "club_ODI_lifetime_wickets": 0.0, "club_ODI_lifetime_balls played": 0.0, "club_ODI_lifetime_overs": 0.0, "club_ODI_lifetime_runs gave": 0.0, "club_Test_previous3_runs": [33.0, 10.0, 21.0], "club_Test_previous3_wickets": [5.0, 1.0, 1.0], "club_Test_previous3_balls played": [41.0, 17.0, 40.0], "club_Test_previous3_overs": [51.83333333333333, 10.0, 35.0], "club_Test_previous3_runs gave": [131.0, 38.0, 103.0], "club_Test_lifetime_runs": 64.0, "club_Test_lifetime_wickets": 7.0, "club_Test_lifetime_balls played": 98.0, "club_Test_lifetime_overs": 96.83333333333333, "club_Test_lifetime_runs gave": 272.0, "club_T20_previous3_runs": [7.0, 9.0, 7.0], "club_T20_previous3_wickets": [1.0, 0.0, 0.0], "club_T20_previous3_balls played": [6.0, 15.0, 4.0], "club_T20_previous3_overs": [4.0, 3.0, 4.0], "club_T20_previous3_runs gave": [16.0, 13.0, 49.0], "club_T20_lifetime_runs": 47.0, "club_T20_lifetime_wickets": 7.0, "club_T20_lifetime_balls played": 50.0, "club_T20_lifetime_overs": 57.0, "club_T20_lifetime_runs gave": 377.0, "international_ODI_previous3_runs": [7.0, 0.0, 0.0], "international_ODI_previous3_wickets": [0.0, 1.0, 0.0], "international_ODI_previous3_balls played": [13.0, 0.0, 4.0], "international_ODI_previous3_overs": [5.0, 6.0, 2.3333333333333335], "international_ODI_previous3_runs gave": [26.0, 25.0, 22.0], "international_ODI_lifetime_runs": 290.0, "international_ODI_lifetime_wickets": 35.0, "international_ODI_lifetime_balls played": 309.0, "international_ODI_lifetime_overs": 393.0, "international_ODI_lifetime_runs gave": 1892.0, "international_Test_previous3_runs": [5.0], "international_Test_previous3_wickets": [0.0], "international_Test_previous3_balls played": [14.0], "international_Test_previous3_overs": [23.0], "international_Test_previous3_runs gave": [96.0], "international_Test_lifetime_runs": 5.0, "international_Test_lifetime_wickets": 0.0, "international_Test_lifetime_balls played": 14.0, "international_Test_lifetime_overs": 23.0, "international_Test_lifetime_runs gave": 96.0, "international_T20_previous3_runs": [8.0, 6.0, 7.0], "international_T20_previous3_wickets": [0.0, 1.0, 0.0], "international_T20_previous3_balls played": [16.0, 6.0, 7.0], "international_T20_previous3_overs": [4.0, 4.0, 4.0], "international_T20_previous3_runs gave": [22.0, 49.0, 37.0], "international_T20_lifetime_runs": 56.0, "international_T20_lifetime_wickets": 19.0, "international_T20_lifetime_balls played": 65.0, "international_T20_lifetime_overs": 81.0, "international_T20_lifetime_runs gave": 562.0}