{"played_against": {"d1988788": {"runs": 1, "balls": 1, "wickets": 0}, "4861d29b": {"runs": 15, "balls": 14, "wickets": 0}, "f6c2659d": {"runs": 2, "balls": 2, "wickets": 0}, "5faa30f7": {"runs": 1, "balls": 1, "wickets": 0}, "243431b5": {"runs": 1, "balls": 1, "wickets": 0}, "0f721006": {"runs": 1, "balls": 1, "wickets": 0}, "abbdca1a": {"runs": 5, "balls": 11, "wickets": 0}, "d99cc23a": {"runs": 1, "balls": 7, "wickets": 0}, "a790df98": {"runs": 0, "balls": 1, "wickets": 1}, "1747ea18": {"runs": 1, "balls": 5, "wickets": 0}, "b410bd3d": {"runs": 0, "balls": 6, "wickets": 0}, "dec8e038": {"runs": 5, "balls": 3, "wickets": 0}, "f53b3e1d": {"runs": 16, "balls": 7, "wickets": 0}, "1adb8ee8": {"runs": 1, "balls": 2, "wickets": 1}, "4ebc70ca": {"runs": 4, "balls": 3, "wickets": 1}, "34cb2f69": {"runs": 1, "balls": 3, "wickets": 0}, "bd9fbd51": {"runs": 1, "balls": 1, "wickets": 0}, "dcdb87f2": {"runs": 2, "balls": 3, "wickets": 1}, "f468293b": {"runs": 7, "balls": 5, "wickets": 0}, "e85d03d6": {"runs": 4, "balls": 5, "wickets": 1}, "f7d267f7": {"runs": 1, "balls": 2, "wickets": 0}, "5ec41cd7": {"runs": 8, "balls": 5, "wickets": 1}, "4167f30b": {"runs": 3, "balls": 12, "wickets": 0}, "1688f2dc": {"runs": 0, "balls": 1, "wickets": 1}, "9ffb7550": {"runs": 0, "balls": 1, "wickets": 0}, "00321fff": {"runs": 6, "balls": 8, "wickets": 0}, "a1e80d06": {"runs": 4, "balls": 3, "wickets": 0}, "66a7f213": {"runs": 1, "balls": 4, "wickets": 0}, "e3386c8a": {"runs": 5, "balls": 2, "wickets": 0}, "279c51f0": {"runs": 11, "balls": 4, "wickets": 0}, "f33cfd25": {"runs": 1, "balls": 1, "wickets": 0}, "395695ce": {"runs": 3, "balls": 3, "wickets": 0}, "414d8a10": {"runs": 1, "balls": 2, "wickets": 1}, "13c35c9e": {"runs": 1, "balls": 2, "wickets": 0}, "641ac5ff": {"runs": 1, "balls": 3, "wickets": 1}, "a818c1be": {"runs": 1, "balls": 2, "wickets": 0}, "c810b349": {"runs": 0, "balls": 3, "wickets": 0}, "0b581ed6": {"runs": 9, "balls": 10, "wickets": 0}, "7ca68967": {"runs": 3, "balls": 6, "wickets": 0}, "9f998ed8": {"runs": 8, "balls": 12, "wickets": 1}, "2af28253": {"runs": 1, "balls": 4, "wickets": 0}, "49118dc7": {"runs": 2, "balls": 2, "wickets": 0}}, "fifties": 0, "thirties": 1, "centuries": 0, "maidens": 14.0, "hattricks": 6, "runs": 139.0, "wickets": 40.0, "club_ODI_previous3_runs": [], "club_ODI_previous3_wickets": [], "club_ODI_previous3_balls played": [], "club_ODI_previous3_overs": [], "club_ODI_previous3_runs gave": [], "club_ODI_lifetime_runs": 0.0, "club_ODI_lifetime_wickets": 0.0, "club_ODI_lifetime_balls played": 0.0, "club_ODI_lifetime_overs": 0.0, "club_ODI_lifetime_runs gave": 0.0, "club_Test_previous3_runs": [], "club_Test_previous3_wickets": [], "club_Test_previous3_balls played": [], "club_Test_previous3_overs": [], "club_Test_previous3_runs gave": [], "club_Test_lifetime_runs": 0.0, "club_Test_lifetime_wickets": 0.0, "club_Test_lifetime_balls played": 0.0, "club_Test_lifetime_overs": 0.0, "club_Test_lifetime_runs gave": 0.0, "club_T20_previous3_runs": [], "club_T20_previous3_wickets": [], "club_T20_previous3_balls played": [], "club_T20_previous3_overs": [], "club_T20_previous3_runs gave": [], "club_T20_lifetime_runs": 0.0, "club_T20_lifetime_wickets": 0.0, "club_T20_lifetime_balls played": 0.0, "club_T20_lifetime_overs": 0.0, "club_T20_lifetime_runs gave": 0.0, "international_ODI_previous3_runs": [0.0, 0.0, 3.0], "international_ODI_previous3_wickets": [0.0, 3.0, 0.0], "international_ODI_previous3_balls played": [0.0, 0.0, 6.0], "international_ODI_previous3_overs": [8.0, 10.0, 6.0], "international_ODI_previous3_runs gave": [63.0, 17.0, 40.0], "international_ODI_lifetime_runs": 83.0, "international_ODI_lifetime_wickets": 26.0, "international_ODI_lifetime_balls played": 133.0, "international_ODI_lifetime_overs": 197.16666666666666, "international_ODI_lifetime_runs gave": 991.0, "international_Test_previous3_runs": [], "international_Test_previous3_wickets": [], "international_Test_previous3_balls played": [], "international_Test_previous3_overs": [], "international_Test_previous3_runs gave": [], "international_Test_lifetime_runs": 0.0, "international_Test_lifetime_wickets": 0.0, "international_Test_lifetime_balls played": 0.0, "international_Test_lifetime_overs": 0.0, "international_Test_lifetime_runs gave": 0.0, "international_T20_previous3_runs": [0.0, 5.0, 3.0], "international_T20_previous3_wickets": [0.0, 0.0, 0.0], "international_T20_previous3_balls played": [0.0, 6.0, 7.0], "international_T20_previous3_overs": [2.0, 4.0, 3.0], "international_T20_previous3_runs gave": [9.0, 16.0, 22.0], "international_T20_lifetime_runs": 56.0, "international_T20_lifetime_wickets": 14.0, "international_T20_lifetime_balls played": 44.0, "international_T20_lifetime_overs": 50.0, "international_T20_lifetime_runs gave": 308.0}