{"played_against": {"416881d1": {"runs": 0, "balls": 2, "wickets": 0}, "4180d897": {"runs": 1, "balls": 5, "wickets": 0}, "bbd41817": {"runs": 2, "balls": 2, "wickets": 0}, "684a56df": {"runs": 5, "balls": 6, "wickets": 0}, "87e562a9": {"runs": 21, "balls": 12, "wickets": 2}, "7c503806": {"runs": 2, "balls": 3, "wickets": 1}, "9d430b40": {"runs": 2, "balls": 4, "wickets": 0}, "557153ca": {"runs": 2, "balls": 1, "wickets": 0}, "8fd1a8f5": {"runs": 3, "balls": 6, "wickets": 0}, "78cb83f3": {"runs": 15, "balls": 14, "wickets": 0}, "30baaf1f": {"runs": 3, "balls": 4, "wickets": 1}, "e7de4f6b": {"runs": 4, "balls": 8, "wickets": 0}, "f8cdc4d7": {"runs": 2, "balls": 2, "wickets": 0}, "64d43928": {"runs": 1, "balls": 2, "wickets": 1}, "531f0278": {"runs": 4, "balls": 3, "wickets": 0}, "68ddabdb": {"runs": 20, "balls": 10, "wickets": 0}, "7dc35884": {"runs": 2, "balls": 4, "wickets": 0}, "76388dc8": {"runs": 0, "balls": 1, "wickets": 0}, "a03bba42": {"runs": 10, "balls": 11, "wickets": 1}, "9ab63e7b": {"runs": 1, "balls": 1, "wickets": 0}, "6f4c73ce": {"runs": 14, "balls": 11, "wickets": 0}, "5f547c8b": {"runs": 5, "balls": 8, "wickets": 0}, "78dfe704": {"runs": 2, "balls": 4, "wickets": 0}, "75224f22": {"runs": 9, "balls": 6, "wickets": 1}, "9de62878": {"runs": 54, "balls": 31, "wickets": 0}, "1ac2a995": {"runs": 4, "balls": 5, "wickets": 1}, "0f721006": {"runs": 19, "balls": 17, "wickets": 3}, "e4a0deae": {"runs": 4, "balls": 13, "wickets": 1}, "c58b0108": {"runs": 4, "balls": 7, "wickets": 0}, "80ad39ac": {"runs": 11, "balls": 14, "wickets": 1}, "0a8fce53": {"runs": 2, "balls": 10, "wickets": 0}, "f56cd097": {"runs": 0, "balls": 2, "wickets": 0}, "b3a28446": {"runs": 0, "balls": 2, "wickets": 1}, "e62dd25d": {"runs": 1, "balls": 6, "wickets": 1}, "f834dcfc": {"runs": 1, "balls": 2, "wickets": 1}, "3fb19989": {"runs": 1, "balls": 7, "wickets": 0}, "03806cf8": {"runs": 12, "balls": 15, "wickets": 1}, "14f96089": {"runs": 18, "balls": 14, "wickets": 1}, "23cca426": {"runs": 15, "balls": 13, "wickets": 0}, "92b7602a": {"runs": 0, "balls": 2, "wickets": 0}, "c0c411cb": {"runs": 34, "balls": 12, "wickets": 0}, "c5aef772": {"runs": 4, "balls": 6, "wickets": 0}, "9a46c4e5": {"runs": 15, "balls": 9, "wickets": 1}, "66162077": {"runs": 12, "balls": 3, "wickets": 0}, "34b332d3": {"runs": 5, "balls": 3, "wickets": 1}, "9c9af282": {"runs": 6, "balls": 4, "wickets": 0}, "b52ffbbd": {"runs": 10, "balls": 12, "wickets": 0}, "2b85c8e6": {"runs": 2, "balls": 2, "wickets": 0}, "aa8d28ae": {"runs": 10, "balls": 8, "wickets": 1}, "249d60c9": {"runs": 11, "balls": 17, "wickets": 0}, "245c97cb": {"runs": 5, "balls": 7, "wickets": 0}, "327b58d3": {"runs": 1, "balls": 6, "wickets": 0}, "9e9af5f2": {"runs": 12, "balls": 13, "wickets": 0}, "9061a703": {"runs": 15, "balls": 13, "wickets": 0}, "fc55ec67": {"runs": 11, "balls": 10, "wickets": 0}, "e957b38f": {"runs": 2, "balls": 16, "wickets": 2}, "99cddc5e": {"runs": 6, "balls": 3, "wickets": 0}, "bd0a4a7d": {"runs": 1, "balls": 6, "wickets": 0}, "478a63e7": {"runs": 0, "balls": 2, "wickets": 0}, "cf494ffe": {"runs": 4, "balls": 8, "wickets": 0}, "ffe699c0": {"runs": 12, "balls": 7, "wickets": 0}, "0f6db197": {"runs": 33, "balls": 9, "wickets": 0}, "8db7f47f": {"runs": 1, "balls": 2, "wickets": 0}, "57ee1fde": {"runs": 14, "balls": 13, "wickets": 0}, "85e0cf10": {"runs": 12, "balls": 25, "wickets": 1}, "1abb78f8": {"runs": 16, "balls": 16, "wickets": 2}, "f19ccfad": {"runs": 4, "balls": 4, "wickets": 0}, "2f49c897": {"runs": 14, "balls": 20, "wickets": 0}, "73ad96ed": {"runs": 9, "balls": 9, "wickets": 0}, "df064e1a": {"runs": 11, "balls": 13, "wickets": 1}, "a24be938": {"runs": 2, "balls": 3, "wickets": 0}, "23eeb873": {"runs": 7, "balls": 3, "wickets": 1}, "782fb776": {"runs": 1, "balls": 2, "wickets": 0}, "3a7ea906": {"runs": 2, "balls": 3, "wickets": 1}, "2911de16": {"runs": 11, "balls": 9, "wickets": 1}, "45a7e761": {"runs": 19, "balls": 11, "wickets": 0}, "24bb1c2f": {"runs": 2, "balls": 5, "wickets": 1}, "3086f7a4": {"runs": 35, "balls": 23, "wickets": 0}, "7ccbb09f": {"runs": 2, "balls": 3, "wickets": 0}, "37138918": {"runs": 2, "balls": 2, "wickets": 0}, "bf1d7d3e": {"runs": 1, "balls": 1, "wickets": 0}, "37654b75": {"runs": 1, "balls": 1, "wickets": 0}, "ef18b66e": {"runs": 1, "balls": 6, "wickets": 0}, "9d1d34bd": {"runs": 0, "balls": 3, "wickets": 0}, "8919756f": {"runs": 0, "balls": 1, "wickets": 1}, "2e171977": {"runs": 5, "balls": 6, "wickets": 0}, "495d42a5": {"runs": 1, "balls": 4, "wickets": 0}, "dbe50b21": {"runs": 1, "balls": 4, "wickets": 0}, "244048f6": {"runs": 11, "balls": 10, "wickets": 1}, "2e81a32d": {"runs": 2, "balls": 4, "wickets": 0}, "e38bce7a": {"runs": 3, "balls": 4, "wickets": 0}, "a818c1be": {"runs": 7, "balls": 10, "wickets": 2}, "13c35c9e": {"runs": 1, "balls": 2, "wickets": 0}, "54c2b697": {"runs": 5, "balls": 7, "wickets": 0}, "e174dadd": {"runs": 7, "balls": 12, "wickets": 0}, "b0946605": {"runs": 5, "balls": 9, "wickets": 1}, "3feda4fa": {"runs": 3, "balls": 7, "wickets": 0}, "acee4cc4": {"runs": 10, "balls": 17, "wickets": 2}, "eaa76d3c": {"runs": 2, "balls": 4, "wickets": 0}, "ded9240e": {"runs": 7, "balls": 4, "wickets": 1}, "28131839": {"runs": 1, "balls": 1, "wickets": 0}, "afe57f7a": {"runs": 3, "balls": 2, "wickets": 0}, "b08252b8": {"runs": 5, "balls": 4, "wickets": 0}, "5bbabe59": {"runs": 6, "balls": 7, "wickets": 0}, "449f4e3c": {"runs": 8, "balls": 11, "wickets": 0}, "6e3f5a5c": {"runs": 7, "balls": 4, "wickets": 0}, "7b953689": {"runs": 5, "balls": 8, "wickets": 0}, "003d49e6": {"runs": 8, "balls": 7, "wickets": 1}, "caf69bf7": {"runs": 1, "balls": 1, "wickets": 0}, "898e628d": {"runs": 10, "balls": 5, "wickets": 0}, "e9c7f0d0": {"runs": 2, "balls": 8, "wickets": 0}, "1558d83b": {"runs": 0, "balls": 1, "wickets": 1}, "903560ed": {"runs": 9, "balls": 8, "wickets": 1}, "86b4bf88": {"runs": 9, "balls": 3, "wickets": 0}, "64775749": {"runs": 1, "balls": 3, "wickets": 0}, "7c8f533d": {"runs": 2, "balls": 3, "wickets": 0}, "5e3054d0": {"runs": 6, "balls": 2, "wickets": 1}, "ac2e7ec0": {"runs": 3, "balls": 3, "wickets": 0}, "1a2676c5": {"runs": 1, "balls": 5, "wickets": 1}, "f422728b": {"runs": 10, "balls": 5, "wickets": 0}, "7c7d63a2": {"runs": 14, "balls": 11, "wickets": 0}, "1ee08e9a": {"runs": 8, "balls": 3, "wickets": 0}, "65b6943c": {"runs": 15, "balls": 10, "wickets": 1}, "56b93d46": {"runs": 1, "balls": 3, "wickets": 0}, "9d0344f3": {"runs": 2, "balls": 2, "wickets": 1}, "fdc1ac0f": {"runs": 1, "balls": 1, "wickets": 0}, "7d92277a": {"runs": 0, "balls": 1, "wickets": 1}, "cec44e08": {"runs": 0, "balls": 4, "wickets": 0}, "4a461c24": {"runs": 3, "balls": 4, "wickets": 0}, "0ecb4de6": {"runs": 2, "balls": 7, "wickets": 0}, "a97c8ec2": {"runs": 7, "balls": 10, "wickets": 0}, "e86754b2": {"runs": 2, "balls": 12, "wickets": 1}, "70d57519": {"runs": 10, "balls": 5, "wickets": 0}, "101dcc31": {"runs": 1, "balls": 1, "wickets": 0}, "0bec3a6c": {"runs": 0, "balls": 1, "wickets": 1}, "f0e293b0": {"runs": 2, "balls": 2, "wickets": 0}, "26d041c4": {"runs": 16, "balls": 13, "wickets": 0}, "098a757c": {"runs": 0, "balls": 2, "wickets": 1}, "9cb8d7a6": {"runs": 8, "balls": 9, "wickets": 1}, "81c36ee9": {"runs": 8, "balls": 6, "wickets": 0}, "3204c99f": {"runs": 3, "balls": 10, "wickets": 1}, "6a26221c": {"runs": 3, "balls": 7, "wickets": 0}, "8361e524": {"runs": 0, "balls": 1, "wickets": 1}, "acdc62f5": {"runs": 6, "balls": 8, "wickets": 0}, "3d8feaf8": {"runs": 11, "balls": 5, "wickets": 0}, "3674b3c1": {"runs": 1, "balls": 1, "wickets": 0}, "f42064d5": {"runs": 4, "balls": 7, "wickets": 0}, "1252f71a": {"runs": 1, "balls": 1, "wickets": 0}, "469ccead": {"runs": 1, "balls": 3, "wickets": 0}, "de7d833e": {"runs": 5, "balls": 9, "wickets": 0}, "64839cb3": {"runs": 4, "balls": 13, "wickets": 1}, "519c30cb": {"runs": 4, "balls": 3, "wickets": 0}, "3a60e0b5": {"runs": 20, "balls": 8, "wickets": 0}, "d9273ee7": {"runs": 6, "balls": 5, "wickets": 0}, "9a963804": {"runs": 1, "balls": 2, "wickets": 1}, "a757b0d8": {"runs": 7, "balls": 2, "wickets": 0}, "210b05cb": {"runs": 7, "balls": 6, "wickets": 0}, "2cffab74": {"runs": 9, "balls": 6, "wickets": 0}, "6f95e5fa": {"runs": 4, "balls": 5, "wickets": 0}, "a61bcb94": {"runs": 2, "balls": 3, "wickets": 1}, "30afc92b": {"runs": 1, "balls": 2, "wickets": 0}, "11614d87": {"runs": 15, "balls": 5, "wickets": 0}, "97bdec3d": {"runs": 1, "balls": 2, "wickets": 1}, "e94915e6": {"runs": 4, "balls": 2, "wickets": 1}, "05c2ca46": {"runs": 4, "balls": 4, "wickets": 0}, "4933f499": {"runs": 1, "balls": 1, "wickets": 0}, "89c16049": {"runs": 8, "balls": 2, "wickets": 0}, "a86a37ab": {"runs": 7, "balls": 6, "wickets": 0}, "2cec2a92": {"runs": 3, "balls": 5, "wickets": 1}, "7f048519": {"runs": 2, "balls": 2, "wickets": 0}, "8d42cee6": {"runs": 2, "balls": 2, "wickets": 0}, "ba158afd": {"runs": 9, "balls": 8, "wickets": 0}, "64c34cd0": {"runs": 12, "balls": 7, "wickets": 0}, "cb1a782a": {"runs": 1, "balls": 2, "wickets": 0}, "a8e54ef4": {"runs": 6, "balls": 7, "wickets": 0}, "1daf3f74": {"runs": 1, "balls": 2, "wickets": 0}, "6dd8b88c": {"runs": 1, "balls": 2, "wickets": 0}, "529eb9e0": {"runs": 6, "balls": 6, "wickets": 0}, "3b8679bf": {"runs": 3, "balls": 2, "wickets": 0}, "ab6b1c45": {"runs": 2, "balls": 1, "wickets": 0}, "6b9eb501": {"runs": 3, "balls": 4, "wickets": 1}, "9219eff0": {"runs": 2, "balls": 5, "wickets": 0}, "2f9d0389": {"runs": 3, "balls": 4, "wickets": 0}, "cdd875d9": {"runs": 0, "balls": 1, "wickets": 0}, "679cd31e": {"runs": 4, "balls": 5, "wickets": 1}, "06c2de82": {"runs": 1, "balls": 3, "wickets": 0}, "4175d211": {"runs": 11, "balls": 8, "wickets": 0}, "efc04be7": {"runs": 0, "balls": 2, "wickets": 0}, "59559bc2": {"runs": 2, "balls": 2, "wickets": 0}}, "fifties": 1, "thirties": 7, "centuries": 0, "maidens": 16.0, "hattricks": 16, "runs": 1135.0, "wickets": 197.0, "club_ODI_previous3_runs": [], "club_ODI_previous3_wickets": [], "club_ODI_previous3_balls played": [], "club_ODI_previous3_overs": [], "club_ODI_previous3_runs gave": [], "club_ODI_lifetime_runs": 0.0, "club_ODI_lifetime_wickets": 0.0, "club_ODI_lifetime_balls played": 0.0, "club_ODI_lifetime_overs": 0.0, "club_ODI_lifetime_runs gave": 0.0, "club_Test_previous3_runs": [], "club_Test_previous3_wickets": [], "club_Test_previous3_balls played": [], "club_Test_previous3_overs": [], "club_Test_previous3_runs gave": [], "club_Test_lifetime_runs": 0.0, "club_Test_lifetime_wickets": 0.0, "club_Test_lifetime_balls played": 0.0, "club_Test_lifetime_overs": 0.0, "club_Test_lifetime_runs gave": 0.0, "club_T20_previous3_runs": [0.0, 0.0, 0.0], "club_T20_previous3_wickets": [3.0, 0.0, 0.0], "club_T20_previous3_balls played": [0.0, 0.0, 0.0], "club_T20_previous3_overs": [4.0, 4.0, 0.0], "club_T20_previous3_runs gave": [15.0, 24.0, 0.0], "club_T20_lifetime_runs": 666.0, "club_T20_lifetime_wickets": 112.0, "club_T20_lifetime_balls played": 630.0, "club_T20_lifetime_overs": 445.4666666666667, "club_T20_lifetime_runs gave": 3090.0, "international_ODI_previous3_runs": [6.0, 0.0, 6.0], "international_ODI_previous3_wickets": [1.0, 0.0, 0.0], "international_ODI_previous3_balls played": [11.0, 0.0, 13.0], "international_ODI_previous3_overs": [10.0, 10.0, 10.0], "international_ODI_previous3_runs gave": [26.0, 48.0, 55.0], "international_ODI_lifetime_runs": 266.0, "international_ODI_lifetime_wickets": 45.0, "international_ODI_lifetime_balls played": 359.0, "international_ODI_lifetime_overs": 348.0, "international_ODI_lifetime_runs gave": 1709.0, "international_Test_previous3_runs": [], "international_Test_previous3_wickets": [], "international_Test_previous3_balls played": [], "international_Test_previous3_overs": [], "international_Test_previous3_runs gave": [], "international_Test_lifetime_runs": 0.0, "international_Test_lifetime_wickets": 0.0, "international_Test_lifetime_balls played": 0.0, "international_Test_lifetime_overs": 0.0, "international_Test_lifetime_runs gave": 0.0, "international_T20_previous3_runs": [0.0, 2.0, 0.0], "international_T20_previous3_wickets": [1.0, 0.0, 1.0], "international_T20_previous3_balls played": [0.0, 6.0, 0.0], "international_T20_previous3_overs": [3.0, 4.0, 4.0], "international_T20_previous3_runs gave": [11.0, 20.0, 24.0], "international_T20_lifetime_runs": 203.0, "international_T20_lifetime_wickets": 40.0, "international_T20_lifetime_balls played": 182.0, "international_T20_lifetime_overs": 206.5, "international_T20_lifetime_runs gave": 1519.0}