{"played_against": {"997fffbe": {"runs": 1, "balls": 5, "wickets": 0}, "3c567308": {"runs": 1, "balls": 1, "wickets": 0}, "5bb904d4": {"runs": 3, "balls": 11, "wickets": 0}, "8001a208": {"runs": 2, "balls": 2, "wickets": 0}, "78670115": {"runs": 0, "balls": 3, "wickets": 1}, "4b15618c": {"runs": 0, "balls": 5, "wickets": 0}, "519b872a": {"runs": 0, "balls": 1, "wickets": 0}, "760fcf65": {"runs": 5, "balls": 12, "wickets": 0}, "b1f21c0f": {"runs": 7, "balls": 7, "wickets": 0}, "1f795a79": {"runs": 6, "balls": 13, "wickets": 1}, "e1e0775d": {"runs": 1, "balls": 2, "wickets": 0}, "a92763ea": {"runs": 0, "balls": 2, "wickets": 2}, "a0a65375": {"runs": 1, "balls": 3, "wickets": 1}, "f61e2829": {"runs": 1, "balls": 4, "wickets": 0}, "52d3b7ff": {"runs": 5, "balls": 7, "wickets": 1}, "d826bfec": {"runs": 4, "balls": 6, "wickets": 0}, "1251a339": {"runs": 1, "balls": 2, "wickets": 0}, "e3660d2a": {"runs": 0, "balls": 4, "wickets": 0}, "16301313": {"runs": 5, "balls": 9, "wickets": 0}, "2e988457": {"runs": 2, "balls": 5, "wickets": 0}, "f5e70dd4": {"runs": 3, "balls": 9, "wickets": 0}, "97eb9a07": {"runs": 2, "balls": 2, "wickets": 0}, "9f87d0f0": {"runs": 5, "balls": 9, "wickets": 1}, "31c56f40": {"runs": 4, "balls": 3, "wickets": 0}, "6c8904c8": {"runs": 12, "balls": 9, "wickets": 0}, "fdc6b34d": {"runs": 4, "balls": 5, "wickets": 0}, "0c40b02d": {"runs": 1, "balls": 2, "wickets": 0}, "821d7d46": {"runs": 0, "balls": 1, "wickets": 1}, "558cdd64": {"runs": 6, "balls": 6, "wickets": 0}, "ad3940a5": {"runs": 1, "balls": 3, "wickets": 0}, "a6412417": {"runs": 2, "balls": 2, "wickets": 0}, "e04fb55d": {"runs": 0, "balls": 2, "wickets": 1}, "f6ddfe08": {"runs": 6, "balls": 3, "wickets": 0}, "e1492aed": {"runs": 3, "balls": 2, "wickets": 0}, "dfdaca74": {"runs": 1, "balls": 2, "wickets": 0}, "0cd297b9": {"runs": 3, "balls": 5, "wickets": 0}, "97e6e41a": {"runs": 2, "balls": 2, "wickets": 0}, "61c22ad0": {"runs": 1, "balls": 2, "wickets": 0}, "521abce2": {"runs": 2, "balls": 4, "wickets": 0}, "77b26349": {"runs": 0, "balls": 1, "wickets": 0}, "36d3ed28": {"runs": 0, "balls": 2, "wickets": 1}}, "fifties": 0, "thirties": 0, "centuries": 0, "maidens": 4.0, "hattricks": 1, "runs": 103.0, "wickets": 20.0, "club_ODI_previous3_runs": [], "club_ODI_previous3_wickets": [], "club_ODI_previous3_balls played": [], "club_ODI_previous3_overs": [], "club_ODI_previous3_runs gave": [], "club_ODI_lifetime_runs": 0.0, "club_ODI_lifetime_wickets": 0.0, "club_ODI_lifetime_balls played": 0.0, "club_ODI_lifetime_overs": 0.0, "club_ODI_lifetime_runs gave": 0.0, "club_Test_previous3_runs": [], "club_Test_previous3_wickets": [], "club_Test_previous3_balls played": [], "club_Test_previous3_overs": [], "club_Test_previous3_runs gave": [], "club_Test_lifetime_runs": 0.0, "club_Test_lifetime_wickets": 0.0, "club_Test_lifetime_balls played": 0.0, "club_Test_lifetime_overs": 0.0, "club_Test_lifetime_runs gave": 0.0, "club_T20_previous3_runs": [], "club_T20_previous3_wickets": [], "club_T20_previous3_balls played": [], "club_T20_previous3_overs": [], "club_T20_previous3_runs gave": [], "club_T20_lifetime_runs": 0.0, "club_T20_lifetime_wickets": 0.0, "club_T20_lifetime_balls played": 0.0, "club_T20_lifetime_overs": 0.0, "club_T20_lifetime_runs gave": 0.0, "international_ODI_previous3_runs": [], "international_ODI_previous3_wickets": [], "international_ODI_previous3_balls played": [], "international_ODI_previous3_overs": [], "international_ODI_previous3_runs gave": [], "international_ODI_lifetime_runs": 0.0, "international_ODI_lifetime_wickets": 0.0, "international_ODI_lifetime_balls played": 0.0, "international_ODI_lifetime_overs": 0.0, "international_ODI_lifetime_runs gave": 0.0, "international_Test_previous3_runs": [], "international_Test_previous3_wickets": [], "international_Test_previous3_balls played": [], "international_Test_previous3_overs": [], "international_Test_previous3_runs gave": [], "international_Test_lifetime_runs": 0.0, "international_Test_lifetime_wickets": 0.0, "international_Test_lifetime_balls played": 0.0, "international_Test_lifetime_overs": 0.0, "international_Test_lifetime_runs gave": 0.0, "international_T20_previous3_runs": [0.0, 0.0, 0.0], "international_T20_previous3_wickets": [0.0, 1.0, 0.0], "international_T20_previous3_balls played": [2.0, 0.0, 0.0], "international_T20_previous3_overs": [1.0, 4.0, 4.0], "international_T20_previous3_runs gave": [9.0, 16.0, 17.0], "international_T20_lifetime_runs": 103.0, "international_T20_lifetime_wickets": 20.0, "international_T20_lifetime_balls played": 183.0, "international_T20_lifetime_overs": 114.99999999999999, "international_T20_lifetime_runs gave": 622.0}