{"played_against": {"6e60a792": {"runs": 7, "balls": 10, "wickets": 0}, "a2dd9236": {"runs": 0, "balls": 1, "wickets": 0}, "3967b66f": {"runs": 7, "balls": 2, "wickets": 0}, "b2caf373": {"runs": 4, "balls": 6, "wickets": 1}, "b75b7b09": {"runs": 3, "balls": 3, "wickets": 1}, "06b45b20": {"runs": 8, "balls": 12, "wickets": 3}, "90a41671": {"runs": 14, "balls": 12, "wickets": 0}, "0331c99a": {"runs": 9, "balls": 5, "wickets": 0}, "bd021695": {"runs": 1, "balls": 1, "wickets": 0}, "5c93efb1": {"runs": 18, "balls": 16, "wickets": 0}, "58a7f842": {"runs": 5, "balls": 8, "wickets": 0}, "c0fca5eb": {"runs": 7, "balls": 6, "wickets": 0}, "8de618ab": {"runs": 0, "balls": 1, "wickets": 0}, "d981a1de": {"runs": 2, "balls": 7, "wickets": 0}, "2a00735b": {"runs": 1, "balls": 1, "wickets": 0}, "926c6d3c": {"runs": 2, "balls": 3, "wickets": 1}, "d35a520a": {"runs": 10, "balls": 7, "wickets": 0}, "ef141f36": {"runs": 2, "balls": 2, "wickets": 0}, "ff1e08eb": {"runs": 11, "balls": 9, "wickets": 0}, "5332fc2f": {"runs": 11, "balls": 6, "wickets": 0}, "308ca4bd": {"runs": 1, "balls": 2, "wickets": 0}, "0e56c514": {"runs": 5, "balls": 3, "wickets": 0}, "96013995": {"runs": 0, "balls": 2, "wickets": 1}, "ad37baac": {"runs": 7, "balls": 3, "wickets": 0}, "97f44626": {"runs": 0, "balls": 1, "wickets": 1}, "622be0d9": {"runs": 1, "balls": 4, "wickets": 0}, "5152ab02": {"runs": 6, "balls": 6, "wickets": 0}, "643e4882": {"runs": 3, "balls": 4, "wickets": 1}, "62b2aa65": {"runs": 0, "balls": 1, "wickets": 1}}, "fifties": 0, "thirties": 0, "centuries": 0, "maidens": 0.0, "hattricks": 0, "runs": 145.0, "wickets": 0.0, "club_ODI_previous3_runs": [], "club_ODI_previous3_wickets": [], "club_ODI_previous3_balls played": [], "club_ODI_previous3_overs": [], "club_ODI_previous3_runs gave": [], "club_ODI_lifetime_runs": 0.0, "club_ODI_lifetime_wickets": 0.0, "club_ODI_lifetime_balls played": 0.0, "club_ODI_lifetime_overs": 0.0, "club_ODI_lifetime_runs gave": 0.0, "club_Test_previous3_runs": [], "club_Test_previous3_wickets": [], "club_Test_previous3_balls played": [], "club_Test_previous3_overs": [], "club_Test_previous3_runs gave": [], "club_Test_lifetime_runs": 0.0, "club_Test_lifetime_wickets": 0.0, "club_Test_lifetime_balls played": 0.0, "club_Test_lifetime_overs": 0.0, "club_Test_lifetime_runs gave": 0.0, "club_T20_previous3_runs": [], "club_T20_previous3_wickets": [], "club_T20_previous3_balls played": [], "club_T20_previous3_overs": [], "club_T20_previous3_runs gave": [], "club_T20_lifetime_runs": 0.0, "club_T20_lifetime_wickets": 0.0, "club_T20_lifetime_balls played": 0.0, "club_T20_lifetime_overs": 0.0, "club_T20_lifetime_runs gave": 0.0, "international_ODI_previous3_runs": [], "international_ODI_previous3_wickets": [], "international_ODI_previous3_balls played": [], "international_ODI_previous3_overs": [], "international_ODI_previous3_runs gave": [], "international_ODI_lifetime_runs": 0.0, "international_ODI_lifetime_wickets": 0.0, "international_ODI_lifetime_balls played": 0.0, "international_ODI_lifetime_overs": 0.0, "international_ODI_lifetime_runs gave": 0.0, "international_Test_previous3_runs": [], "international_Test_previous3_wickets": [], "international_Test_previous3_balls played": [], "international_Test_previous3_overs": [], "international_Test_previous3_runs gave": [], "international_Test_lifetime_runs": 0.0, "international_Test_lifetime_wickets": 0.0, "international_Test_lifetime_balls played": 0.0, "international_Test_lifetime_overs": 0.0, "international_Test_lifetime_runs gave": 0.0, "international_T20_previous3_runs": [0.0, 10.0, 0.0], "international_T20_previous3_wickets": [0.0, 0.0, 0.0], "international_T20_previous3_balls played": [0.0, 14.0, 1.0], "international_T20_previous3_overs": [0.0, 0.0, 0.0], "international_T20_previous3_runs gave": [0.0, 0.0, 0.0], "international_T20_lifetime_runs": 145.0, "international_T20_lifetime_wickets": 0.0, "international_T20_lifetime_balls played": 148.0, "international_T20_lifetime_overs": 0.0, "international_T20_lifetime_runs gave": 0.0}