{"played_against": {"8c5775f3": {"runs": 9, "balls": 24, "wickets": 2}, "386f410e": {"runs": 1, "balls": 10, "wickets": 0}, "d15e60c8": {"runs": 1, "balls": 4, "wickets": 1}, "7544bf30": {"runs": 2, "balls": 7, "wickets": 1}, "78fc85c0": {"runs": 5, "balls": 5, "wickets": 0}, "98b974df": {"runs": 0, "balls": 6, "wickets": 0}, "d395e33c": {"runs": 1, "balls": 1, "wickets": 0}, "4ab6d138": {"runs": 0, "balls": 1, "wickets": 0}, "6a434bd3": {"runs": 13, "balls": 12, "wickets": 0}, "32497ecd": {"runs": 6, "balls": 8, "wickets": 0}, "d3a44255": {"runs": 11, "balls": 16, "wickets": 0}, "9706e64b": {"runs": 22, "balls": 33, "wickets": 1}, "a139c379": {"runs": 22, "balls": 29, "wickets": 0}, "053dc208": {"runs": 6, "balls": 13, "wickets": 1}, "ea8b65ab": {"runs": 1, "balls": 1, "wickets": 0}, "de69af96": {"runs": 24, "balls": 32, "wickets": 1}, "e2410b5e": {"runs": 1, "balls": 15, "wickets": 1}, "8879d882": {"runs": 4, "balls": 4, "wickets": 0}, "bff0535a": {"runs": 12, "balls": 32, "wickets": 1}, "8b552293": {"runs": 2, "balls": 3, "wickets": 1}, "110839f2": {"runs": 2, "balls": 2, "wickets": 0}, "b4bbe95c": {"runs": 0, "balls": 8, "wickets": 1}, "57a45277": {"runs": 13, "balls": 11, "wickets": 0}, "ff227198": {"runs": 5, "balls": 7, "wickets": 0}, "89bbc67a": {"runs": 10, "balls": 13, "wickets": 0}, "be150fc8": {"runs": 12, "balls": 34, "wickets": 0}, "6bb7a785": {"runs": 2, "balls": 10, "wickets": 1}, "fe731c62": {"runs": 28, "balls": 20, "wickets": 1}, "a5f488bc": {"runs": 8, "balls": 11, "wickets": 1}, "a0fdf513": {"runs": 12, "balls": 21, "wickets": 0}, "ec1c4b4d": {"runs": 19, "balls": 30, "wickets": 0}, "a61850e6": {"runs": 36, "balls": 49, "wickets": 0}, "dbd79036": {"runs": 33, "balls": 51, "wickets": 1}, "f3a18a0c": {"runs": 10, "balls": 7, "wickets": 0}, "e149d0ae": {"runs": 1, "balls": 1, "wickets": 0}, "558cdd64": {"runs": 6, "balls": 5, "wickets": 0}, "a92763ea": {"runs": 0, "balls": 5, "wickets": 1}, "4ed7d23f": {"runs": 10, "balls": 12, "wickets": 2}, "fa8f9dc3": {"runs": 4, "balls": 9, "wickets": 0}, "0475a86b": {"runs": 6, "balls": 12, "wickets": 0}, "17608a6f": {"runs": 2, "balls": 15, "wickets": 3}, "b55fb828": {"runs": 6, "balls": 8, "wickets": 0}, "06653fcc": {"runs": 1, "balls": 5, "wickets": 0}, "2904b4b6": {"runs": 1, "balls": 2, "wickets": 0}, "b287e7b1": {"runs": 22, "balls": 27, "wickets": 0}, "dc596fac": {"runs": 3, "balls": 4, "wickets": 0}, "3b770527": {"runs": 4, "balls": 5, "wickets": 0}, "ed840f44": {"runs": 7, "balls": 12, "wickets": 1}, "6d76bc23": {"runs": 18, "balls": 27, "wickets": 0}, "58dc96cc": {"runs": 0, "balls": 3, "wickets": 0}, "108c4c09": {"runs": 11, "balls": 18, "wickets": 0}, "63e3b6b3": {"runs": 13, "balls": 18, "wickets": 0}, "ce85fcaf": {"runs": 18, "balls": 23, "wickets": 2}, "0d518f89": {"runs": 8, "balls": 31, "wickets": 0}, "3cfbddce": {"runs": 8, "balls": 20, "wickets": 1}, "98dfe425": {"runs": 6, "balls": 8, "wickets": 0}, "53cd8da6": {"runs": 5, "balls": 2, "wickets": 0}, "d0bb40b8": {"runs": 5, "balls": 7, "wickets": 0}, "201fef33": {"runs": 1, "balls": 3, "wickets": 0}, "705489eb": {"runs": 0, "balls": 8, "wickets": 0}, "16443d2f": {"runs": 1, "balls": 4, "wickets": 0}, "9b73d523": {"runs": 26, "balls": 26, "wickets": 1}, "7673c908": {"runs": 13, "balls": 26, "wickets": 0}, "60471339": {"runs": 13, "balls": 15, "wickets": 1}, "72b7ed1e": {"runs": 1, "balls": 3, "wickets": 0}, "52d3b7ff": {"runs": 1, "balls": 1, "wickets": 0}, "4ac6664d": {"runs": 16, "balls": 13, "wickets": 0}, "5f862ccd": {"runs": 13, "balls": 7, "wickets": 0}, "a51e6c6e": {"runs": 8, "balls": 5, "wickets": 0}, "c981d3c2": {"runs": 7, "balls": 8, "wickets": 0}, "4ba0289e": {"runs": 2, "balls": 1, "wickets": 0}, "53d50717": {"runs": 2, "balls": 5, "wickets": 0}, "ac56b5a7": {"runs": 1, "balls": 1, "wickets": 0}, "7c0055c1": {"runs": 8, "balls": 5, "wickets": 0}, "8d6b36e3": {"runs": 12, "balls": 12, "wickets": 1}, "8ca1f93a": {"runs": 2, "balls": 6, "wickets": 1}, "ae2c396f": {"runs": 17, "balls": 18, "wickets": 0}, "b8cce99f": {"runs": 6, "balls": 11, "wickets": 0}, "bcd1f525": {"runs": 5, "balls": 6, "wickets": 0}, "6e28e586": {"runs": 5, "balls": 4, "wickets": 0}, "c736a96b": {"runs": 7, "balls": 5, "wickets": 0}}, "fifties": 0, "thirties": 5, "centuries": 0, "maidens": 0.0, "hattricks": 0, "runs": 665.0, "wickets": 0.0, "club_ODI_previous3_runs": [], "club_ODI_previous3_wickets": [], "club_ODI_previous3_balls played": [], "club_ODI_previous3_overs": [], "club_ODI_previous3_runs gave": [], "club_ODI_lifetime_runs": 0.0, "club_ODI_lifetime_wickets": 0.0, "club_ODI_lifetime_balls played": 0.0, "club_ODI_lifetime_overs": 0.0, "club_ODI_lifetime_runs gave": 0.0, "club_Test_previous3_runs": [], "club_Test_previous3_wickets": [], "club_Test_previous3_balls played": [], "club_Test_previous3_overs": [], "club_Test_previous3_runs gave": [], "club_Test_lifetime_runs": 0.0, "club_Test_lifetime_wickets": 0.0, "club_Test_lifetime_balls played": 0.0, "club_Test_lifetime_overs": 0.0, "club_Test_lifetime_runs gave": 0.0, "club_T20_previous3_runs": [0.0], "club_T20_previous3_wickets": [0.0], "club_T20_previous3_balls played": [0.0], "club_T20_previous3_overs": [0.0], "club_T20_previous3_runs gave": [0.0], "club_T20_lifetime_runs": 0.0, "club_T20_lifetime_wickets": 0.0, "club_T20_lifetime_balls played": 0.0, "club_T20_lifetime_overs": 0.0, "club_T20_lifetime_runs gave": 0.0, "international_ODI_previous3_runs": [5.0, 1.0, 5.0], "international_ODI_previous3_wickets": [0.0, 0.0, 0.0], "international_ODI_previous3_balls played": [13.0, 2.0, 4.0], "international_ODI_previous3_overs": [0.0, 0.0, 0.0], "international_ODI_previous3_runs gave": [0.0, 0.0, 0.0], "international_ODI_lifetime_runs": 323.0, "international_ODI_lifetime_wickets": 0.0, "international_ODI_lifetime_balls played": 587.0, "international_ODI_lifetime_overs": 0.0, "international_ODI_lifetime_runs gave": 0.0, "international_Test_previous3_runs": [], "international_Test_previous3_wickets": [], "international_Test_previous3_balls played": [], "international_Test_previous3_overs": [], "international_Test_previous3_runs gave": [], "international_Test_lifetime_runs": 0.0, "international_Test_lifetime_wickets": 0.0, "international_Test_lifetime_balls played": 0.0, "international_Test_lifetime_overs": 0.0, "international_Test_lifetime_runs gave": 0.0, "international_T20_previous3_runs": [0.0, 6.0, 14.0], "international_T20_previous3_wickets": [0.0, 0.0, 0.0], "international_T20_previous3_balls played": [0.0, 7.0, 14.0], "international_T20_previous3_overs": [0.0, 0.0, 0.0], "international_T20_previous3_runs gave": [0.0, 0.0, 0.0], "international_T20_lifetime_runs": 342.0, "international_T20_lifetime_wickets": 0.0, "international_T20_lifetime_balls played": 427.0, "international_T20_lifetime_overs": 0.0, "international_T20_lifetime_runs gave": 0.0}