{"played_against": {"2b8b75a0": {"runs": 86, "balls": 111, "wickets": 0}, "c66d9486": {"runs": 60, "balls": 52, "wickets": 1}, "513158ed": {"runs": 13, "balls": 3, "wickets": 0}, "543d3e69": {"runs": 38, "balls": 38, "wickets": 1}, "da045dea": {"runs": 1, "balls": 5, "wickets": 0}, "fa290d56": {"runs": 27, "balls": 25, "wickets": 0}, "41c8bae3": {"runs": 45, "balls": 51, "wickets": 0}, "9b12068b": {"runs": 36, "balls": 56, "wickets": 0}, "123e663a": {"runs": 56, "balls": 72, "wickets": 0}, "112959b2": {"runs": 6, "balls": 4, "wickets": 0}, "c57e1893": {"runs": 1, "balls": 2, "wickets": 0}, "6d8356ee": {"runs": 2, "balls": 3, "wickets": 0}, "0e0afd8b": {"runs": 32, "balls": 30, "wickets": 0}, "bceb1b07": {"runs": 8, "balls": 10, "wickets": 0}, "fbc5c0c6": {"runs": 16, "balls": 32, "wickets": 0}, "9d65b06f": {"runs": 21, "balls": 17, "wickets": 0}, "54725e8b": {"runs": 5, "balls": 4, "wickets": 0}, "88fccd6c": {"runs": 1, "balls": 5, "wickets": 0}, "2503e881": {"runs": 5, "balls": 10, "wickets": 0}, "d1c94b25": {"runs": 4, "balls": 7, "wickets": 0}, "6b0c3a20": {"runs": 12, "balls": 14, "wickets": 0}, "72861603": {"runs": 16, "balls": 21, "wickets": 0}, "86dc8f2e": {"runs": 15, "balls": 13, "wickets": 0}, "6581d753": {"runs": 7, "balls": 3, "wickets": 0}, "4c61a0f9": {"runs": 1, "balls": 1, "wickets": 0}, "addfb70e": {"runs": 0, "balls": 5, "wickets": 0}, "7157a72f": {"runs": 7, "balls": 6, "wickets": 0}, "e662b18f": {"runs": 14, "balls": 16, "wickets": 1}, "008589a4": {"runs": 6, "balls": 6, "wickets": 0}, "46050f42": {"runs": 14, "balls": 16, "wickets": 0}, "7c70083d": {"runs": 15, "balls": 14, "wickets": 0}, "27159c6a": {"runs": 33, "balls": 23, "wickets": 0}, "e21bc7f3": {"runs": 11, "balls": 9, "wickets": 0}, "7c7303eb": {"runs": 1, "balls": 1, "wickets": 0}, "eba6a852": {"runs": 45, "balls": 54, "wickets": 1}, "249d60c9": {"runs": 75, "balls": 74, "wickets": 0}, "d12143bf": {"runs": 50, "balls": 67, "wickets": 1}, "9dca07d7": {"runs": 26, "balls": 39, "wickets": 0}, "0dc00542": {"runs": 14, "balls": 17, "wickets": 0}, "64c34cd0": {"runs": 12, "balls": 7, "wickets": 0}, "5471024e": {"runs": 2, "balls": 3, "wickets": 0}, "796e4140": {"runs": 2, "balls": 2, "wickets": 0}, "b7646e8c": {"runs": 7, "balls": 3, "wickets": 0}, "7839bf3a": {"runs": 2, "balls": 3, "wickets": 1}, "e01895bb": {"runs": 19, "balls": 24, "wickets": 0}, "568e5a4a": {"runs": 12, "balls": 11, "wickets": 0}, "99cddc5e": {"runs": 22, "balls": 20, "wickets": 0}, "d8e79af0": {"runs": 10, "balls": 6, "wickets": 1}, "c07a1f41": {"runs": 43, "balls": 54, "wickets": 0}, "c57fa67e": {"runs": 27, "balls": 51, "wickets": 1}, "eeeebf82": {"runs": 89, "balls": 71, "wickets": 0}, "753b5a2d": {"runs": 46, "balls": 58, "wickets": 0}, "a9a4df9f": {"runs": 26, "balls": 55, "wickets": 0}, "270b3f8e": {"runs": 10, "balls": 16, "wickets": 0}, "221ad9d9": {"runs": 19, "balls": 27, "wickets": 0}, "a386e91b": {"runs": 30, "balls": 28, "wickets": 0}, "39f01cdb": {"runs": 10, "balls": 5, "wickets": 0}, "58043739": {"runs": 64, "balls": 96, "wickets": 1}, "364ee2cf": {"runs": 1, "balls": 3, "wickets": 0}, "78eb4223": {"runs": 13, "balls": 5, "wickets": 0}, "26ff4c29": {"runs": 8, "balls": 6, "wickets": 0}, "2e8994e7": {"runs": 5, "balls": 11, "wickets": 0}, "acee4cc4": {"runs": 33, "balls": 34, "wickets": 0}, "8fd1a8f5": {"runs": 5, "balls": 11, "wickets": 0}, "98ae73b1": {"runs": 3, "balls": 8, "wickets": 0}, "1c914163": {"runs": 4, "balls": 13, "wickets": 1}, "3c6ffae8": {"runs": 6, "balls": 9, "wickets": 0}, "8fb49ef8": {"runs": 32, "balls": 45, "wickets": 0}, "7dc35884": {"runs": 5, "balls": 11, "wickets": 0}, "888e32bf": {"runs": 26, "balls": 21, "wickets": 0}, "f56cd097": {"runs": 24, "balls": 19, "wickets": 0}, "1a8eebbe": {"runs": 17, "balls": 18, "wickets": 0}, "29b89ae8": {"runs": 47, "balls": 39, "wickets": 0}, "aae9ce90": {"runs": 17, "balls": 17, "wickets": 0}, "cf494ffe": {"runs": 38, "balls": 35, "wickets": 1}, "243431b5": {"runs": 57, "balls": 38, "wickets": 0}, "5fa06777": {"runs": 5, "balls": 7, "wickets": 0}, "cc1e8c68": {"runs": 1, "balls": 1, "wickets": 0}, "2498e163": {"runs": 5, "balls": 2, "wickets": 0}, "5bb5a915": {"runs": 108, "balls": 93, "wickets": 3}, "8b5b6769": {"runs": 15, "balls": 14, "wickets": 0}, "cf73ad76": {"runs": 30, "balls": 22, "wickets": 0}, "a12e1d51": {"runs": 17, "balls": 14, "wickets": 0}, "2af1b6d2": {"runs": 6, "balls": 4, "wickets": 0}, "d2a989fc": {"runs": 12, "balls": 7, "wickets": 0}, "a757b0d8": {"runs": 24, "balls": 13, "wickets": 0}, "f0f628c7": {"runs": 6, "balls": 5, "wickets": 0}, "fb66ce1f": {"runs": 3, "balls": 5, "wickets": 1}, "3bf936e7": {"runs": 0, "balls": 6, "wickets": 0}, "8b248d88": {"runs": 12, "balls": 9, "wickets": 0}, "a9da7784": {"runs": 80, "balls": 110, "wickets": 1}, "88867cac": {"runs": 1, "balls": 3, "wickets": 0}, "aa8d28ae": {"runs": 47, "balls": 44, "wickets": 3}, "9df3a2f4": {"runs": 3, "balls": 5, "wickets": 0}, "6a0537aa": {"runs": 5, "balls": 9, "wickets": 0}, "23638956": {"runs": 15, "balls": 5, "wickets": 0}, "800b52dc": {"runs": 13, "balls": 12, "wickets": 0}, "c3d35165": {"runs": 6, "balls": 7, "wickets": 0}, "3355b542": {"runs": 16, "balls": 11, "wickets": 0}, "05c2ca46": {"runs": 74, "balls": 75, "wickets": 5}, "33085ffb": {"runs": 1, "balls": 4, "wickets": 1}, "c404f58a": {"runs": 3, "balls": 6, "wickets": 0}, "91a4a398": {"runs": 3, "balls": 3, "wickets": 0}, "4ba44e19": {"runs": 0, "balls": 1, "wickets": 1}, "5b040b81": {"runs": 1, "balls": 1, "wickets": 0}, "29d72eb2": {"runs": 6, "balls": 2, "wickets": 0}, "dc4686e6": {"runs": 3, "balls": 4, "wickets": 0}, "2a72fd4f": {"runs": 2, "balls": 3, "wickets": 1}, "3edb58fc": {"runs": 4, "balls": 2, "wickets": 0}, "e938e1bc": {"runs": 2, "balls": 4, "wickets": 0}, "526a1047": {"runs": 2, "balls": 2, "wickets": 0}, "9ba59a3c": {"runs": 14, "balls": 4, "wickets": 0}, "91ffa6c6": {"runs": 5, "balls": 5, "wickets": 1}, "817c1746": {"runs": 14, "balls": 11, "wickets": 1}, "b57f8a9a": {"runs": 2, "balls": 2, "wickets": 0}, "9a158001": {"runs": 22, "balls": 26, "wickets": 0}, "60dd8960": {"runs": 4, "balls": 1, "wickets": 0}, "6575e3bc": {"runs": 8, "balls": 4, "wickets": 0}, "54279e23": {"runs": 29, "balls": 17, "wickets": 1}, "bca21d18": {"runs": 104, "balls": 179, "wickets": 1}, "f3c150bb": {"runs": 6, "balls": 6, "wickets": 0}, "2bb09eb2": {"runs": 6, "balls": 3, "wickets": 0}, "5284c884": {"runs": 10, "balls": 4, "wickets": 0}, "8eb611d0": {"runs": 5, "balls": 10, "wickets": 3}, "fccebff9": {"runs": 19, "balls": 14, "wickets": 0}, "531f0278": {"runs": 18, "balls": 13, "wickets": 0}, "4603914b": {"runs": 6, "balls": 5, "wickets": 0}, "39f82db3": {"runs": 10, "balls": 6, "wickets": 0}, "0f348f58": {"runs": 11, "balls": 14, "wickets": 0}, "d1ae8f94": {"runs": 21, "balls": 11, "wickets": 0}, "4948a447": {"runs": 31, "balls": 16, "wickets": 0}, "6eea0b32": {"runs": 14, "balls": 7, "wickets": 0}, "2e2fe3e8": {"runs": 6, "balls": 6, "wickets": 0}, "1ec36a1e": {"runs": 7, "balls": 4, "wickets": 0}, "5a22d91c": {"runs": 18, "balls": 12, "wickets": 0}, "4a491652": {"runs": 24, "balls": 14, "wickets": 0}, "760f445b": {"runs": 4, "balls": 2, "wickets": 0}, "9d1d34bd": {"runs": 13, "balls": 8, "wickets": 1}, "ac5ae4af": {"runs": 18, "balls": 9, "wickets": 0}, "5bdcdb72": {"runs": 2, "balls": 2, "wickets": 0}, "5e5eab39": {"runs": 3, "balls": 3, "wickets": 0}, "62af8546": {"runs": 22, "balls": 13, "wickets": 0}, "5a4c12ab": {"runs": 16, "balls": 10, "wickets": 0}, "d2babdd5": {"runs": 7, "balls": 3, "wickets": 0}, "0443414a": {"runs": 4, "balls": 1, "wickets": 0}, "3d8feaf8": {"runs": 4, "balls": 6, "wickets": 0}, "27e71d47": {"runs": 2, "balls": 2, "wickets": 0}, "2e81a32d": {"runs": 24, "balls": 11, "wickets": 1}, "896d78ad": {"runs": 24, "balls": 12, "wickets": 0}, "3a60e0b5": {"runs": 21, "balls": 18, "wickets": 0}, "41eb4a4f": {"runs": 6, "balls": 3, "wickets": 0}, "1e66c162": {"runs": 5, "balls": 4, "wickets": 0}, "e0407c01": {"runs": 1, "balls": 2, "wickets": 0}, "ef5da05c": {"runs": 27, "balls": 15, "wickets": 0}, "cca50cd6": {"runs": 4, "balls": 3, "wickets": 0}, "b2570b38": {"runs": 0, "balls": 1, "wickets": 0}, "6b19d823": {"runs": 2, "balls": 2, "wickets": 0}, "1b3acd33": {"runs": 0, "balls": 3, "wickets": 0}, "641ac5ff": {"runs": 16, "balls": 10, "wickets": 0}, "57efa3be": {"runs": 7, "balls": 14, "wickets": 1}, "3b298ff2": {"runs": 10, "balls": 4, "wickets": 0}, "ed90abe4": {"runs": 5, "balls": 4, "wickets": 0}, "fef92afc": {"runs": 1, "balls": 1, "wickets": 0}, "6aed7e79": {"runs": 0, "balls": 1, "wickets": 0}, "119678fd": {"runs": 5, "balls": 6, "wickets": 0}, "3fb19989": {"runs": 0, "balls": 1, "wickets": 1}, "2e171977": {"runs": 4, "balls": 3, "wickets": 0}, "26a85969": {"runs": 3, "balls": 2, "wickets": 0}, "1647bd37": {"runs": 13, "balls": 4, "wickets": 1}, "f5180fe6": {"runs": 1, "balls": 3, "wickets": 1}, "5ac8f17b": {"runs": 116, "balls": 120, "wickets": 4}, "7be8a0ed": {"runs": 37, "balls": 32, "wickets": 0}, "7795ab76": {"runs": 35, "balls": 11, "wickets": 2}, "eaa4cfc2": {"runs": 6, "balls": 6, "wickets": 0}, "49b6c09f": {"runs": 52, "balls": 65, "wickets": 0}, "49299473": {"runs": 15, "balls": 13, "wickets": 0}, "45c2196c": {"runs": 15, "balls": 4, "wickets": 0}, "1f572ee8": {"runs": 1, "balls": 2, "wickets": 1}, "58822938": {"runs": 0, "balls": 2, "wickets": 0}, "e9d5218e": {"runs": 54, "balls": 28, "wickets": 4}, "a15618fe": {"runs": 6, "balls": 12, "wickets": 0}, "556302a7": {"runs": 3, "balls": 5, "wickets": 0}, "025a092b": {"runs": 6, "balls": 9, "wickets": 0}, "dc670143": {"runs": 36, "balls": 32, "wickets": 1}, "2a2e6343": {"runs": 13, "balls": 9, "wickets": 0}, "137b58de": {"runs": 3, "balls": 5, "wickets": 0}, "f1ba9ed7": {"runs": 16, "balls": 22, "wickets": 0}, "43205dad": {"runs": 17, "balls": 37, "wickets": 3}, "0a12e736": {"runs": 41, "balls": 45, "wickets": 2}, "aed5be04": {"runs": 40, "balls": 58, "wickets": 0}, "57a76baa": {"runs": 26, "balls": 15, "wickets": 0}, "e86754b2": {"runs": 86, "balls": 81, "wickets": 1}, "867a45a7": {"runs": 15, "balls": 18, "wickets": 0}, "1066a976": {"runs": 1, "balls": 10, "wickets": 0}, "75223da4": {"runs": 51, "balls": 33, "wickets": 0}, "3c77ca9d": {"runs": 28, "balls": 54, "wickets": 1}, "1427277f": {"runs": 63, "balls": 84, "wickets": 1}, "b16cf2ec": {"runs": 22, "balls": 48, "wickets": 0}, "86e0f3f0": {"runs": 6, "balls": 10, "wickets": 0}, "15101f12": {"runs": 65, "balls": 89, "wickets": 2}, "6042bf26": {"runs": 3, "balls": 4, "wickets": 1}, "f3abd0c9": {"runs": 99, "balls": 145, "wickets": 2}, "4a461c24": {"runs": 87, "balls": 110, "wickets": 3}, "0bec3a6c": {"runs": 39, "balls": 60, "wickets": 0}, "6232e1ed": {"runs": 19, "balls": 6, "wickets": 0}, "ad962377": {"runs": 18, "balls": 15, "wickets": 1}, "3cf5ae43": {"runs": 43, "balls": 21, "wickets": 2}, "6f049d41": {"runs": 3, "balls": 3, "wickets": 0}, "c6a9148d": {"runs": 5, "balls": 3, "wickets": 0}, "fea7a34c": {"runs": 6, "balls": 3, "wickets": 0}, "f7177fd6": {"runs": 21, "balls": 47, "wickets": 1}, "a7c7802a": {"runs": 10, "balls": 8, "wickets": 0}, "f6c84b9f": {"runs": 32, "balls": 32, "wickets": 0}, "8d1dad51": {"runs": 15, "balls": 18, "wickets": 0}, "f5821615": {"runs": 15, "balls": 26, "wickets": 0}, "151d88b3": {"runs": 13, "balls": 5, "wickets": 0}, "e0ac7144": {"runs": 80, "balls": 86, "wickets": 1}, "88a004e9": {"runs": 6, "balls": 3, "wickets": 0}, "c672e80e": {"runs": 65, "balls": 86, "wickets": 0}, "b9877635": {"runs": 52, "balls": 68, "wickets": 0}, "6355d428": {"runs": 34, "balls": 22, "wickets": 1}, "903c1d37": {"runs": 16, "balls": 16, "wickets": 0}, "b21ed464": {"runs": 50, "balls": 71, "wickets": 2}, "f2ab7a69": {"runs": 24, "balls": 17, "wickets": 0}, "8bf61e65": {"runs": 74, "balls": 81, "wickets": 0}, "1cfac535": {"runs": 74, "balls": 52, "wickets": 0}, "8728a058": {"runs": 64, "balls": 86, "wickets": 2}, "ac7fa28f": {"runs": 4, "balls": 3, "wickets": 0}, "7c7d63a2": {"runs": 3, "balls": 3, "wickets": 0}, "f708a0bc": {"runs": 2, "balls": 4, "wickets": 1}, "a2421394": {"runs": 1, "balls": 3, "wickets": 0}, "8ea6e670": {"runs": 5, "balls": 3, "wickets": 0}, "96824e68": {"runs": 14, "balls": 5, "wickets": 1}, "5ce5204c": {"runs": 1, "balls": 1, "wickets": 0}, "1a2676c5": {"runs": 9, "balls": 5, "wickets": 0}, "3540beff": {"runs": 4, "balls": 9, "wickets": 0}, "32198ae0": {"runs": 18, "balls": 12, "wickets": 0}, "96a6a7ad": {"runs": 2, "balls": 4, "wickets": 1}, "dd09ff8e": {"runs": 9, "balls": 5, "wickets": 0}, "ce820073": {"runs": 0, "balls": 1, "wickets": 0}, "759ac88f": {"runs": 3, "balls": 5, "wickets": 0}, "1dc12ab9": {"runs": 1, "balls": 4, "wickets": 0}, "87e562a9": {"runs": 28, "balls": 15, "wickets": 0}, "96fd40ae": {"runs": 14, "balls": 7, "wickets": 0}, "f986ca1a": {"runs": 10, "balls": 4, "wickets": 0}, "c18496e1": {"runs": 2, "balls": 2, "wickets": 0}, "a7c226e1": {"runs": 53, "balls": 100, "wickets": 3}, "ce24059d": {"runs": 21, "balls": 9, "wickets": 1}, "b3118300": {"runs": 12, "balls": 11, "wickets": 1}, "90255fab": {"runs": 11, "balls": 4, "wickets": 0}, "eddf25bd": {"runs": 136, "balls": 150, "wickets": 1}, "5da34add": {"runs": 84, "balls": 116, "wickets": 5}, "450f6fa6": {"runs": 92, "balls": 110, "wickets": 1}, "7db8d00b": {"runs": 1, "balls": 3, "wickets": 0}, "1a45b864": {"runs": 104, "balls": 132, "wickets": 0}, "aac9f784": {"runs": 33, "balls": 29, "wickets": 0}, "42537f07": {"runs": 3, "balls": 5, "wickets": 0}, "6c79c098": {"runs": 13, "balls": 7, "wickets": 0}, "dda5aae5": {"runs": 95, "balls": 68, "wickets": 0}, "10435ca2": {"runs": 6, "balls": 1, "wickets": 0}, "7d5e0b78": {"runs": 14, "balls": 8, "wickets": 0}, "d74d1090": {"runs": 44, "balls": 36, "wickets": 1}, "4c0f3806": {"runs": 49, "balls": 101, "wickets": 2}, "9c7d7cda": {"runs": 16, "balls": 25, "wickets": 0}, "94eac556": {"runs": 50, "balls": 43, "wickets": 1}, "eb1a5b03": {"runs": 13, "balls": 11, "wickets": 0}, "2a0d5d4a": {"runs": 42, "balls": 86, "wickets": 0}, "c4450a69": {"runs": 52, "balls": 88, "wickets": 0}, "e22d3b5c": {"runs": 90, "balls": 149, "wickets": 1}, "3f659464": {"runs": 93, "balls": 124, "wickets": 1}, "58c481c6": {"runs": 6, "balls": 14, "wickets": 0}, "7955eb15": {"runs": 43, "balls": 44, "wickets": 0}, "1ad0b441": {"runs": 18, "balls": 11, "wickets": 0}, "85ebf2be": {"runs": 13, "balls": 34, "wickets": 1}, "5fed6272": {"runs": 14, "balls": 28, "wickets": 1}, "808f425a": {"runs": 5, "balls": 7, "wickets": 0}, "ccdd8308": {"runs": 34, "balls": 22, "wickets": 2}, "0c7f11be": {"runs": 20, "balls": 26, "wickets": 0}, "c995d726": {"runs": 59, "balls": 49, "wickets": 1}, "51a3c5ef": {"runs": 18, "balls": 12, "wickets": 0}, "e91de70e": {"runs": 7, "balls": 13, "wickets": 0}, "ad9c32a2": {"runs": 13, "balls": 11, "wickets": 0}, "9395f98e": {"runs": 26, "balls": 40, "wickets": 2}, "069c55b1": {"runs": 12, "balls": 23, "wickets": 0}, "79c7041c": {"runs": 3, "balls": 7, "wickets": 0}, "4c5d73db": {"runs": 16, "balls": 11, "wickets": 0}, "0e0d43b4": {"runs": 55, "balls": 51, "wickets": 1}, "e412cb64": {"runs": 43, "balls": 16, "wickets": 0}, "9a963804": {"runs": 34, "balls": 51, "wickets": 0}, "f54dbda7": {"runs": 43, "balls": 61, "wickets": 1}, "8f2dfebf": {"runs": 50, "balls": 70, "wickets": 1}, "18899e2b": {"runs": 19, "balls": 24, "wickets": 0}, "a7e8ff19": {"runs": 20, "balls": 29, "wickets": 0}, "7f3f108f": {"runs": 24, "balls": 13, "wickets": 0}, "f64eed39": {"runs": 6, "balls": 6, "wickets": 0}, "14373322": {"runs": 12, "balls": 11, "wickets": 0}, "b20f423b": {"runs": 6, "balls": 14, "wickets": 0}, "ab474682": {"runs": 17, "balls": 18, "wickets": 0}, "85afed77": {"runs": 6, "balls": 6, "wickets": 0}, "31803fac": {"runs": 7, "balls": 9, "wickets": 0}, "e186f49c": {"runs": 5, "balls": 6, "wickets": 1}, "1f7adc8a": {"runs": 6, "balls": 12, "wickets": 1}, "ec72efc5": {"runs": 2, "balls": 2, "wickets": 0}, "c03c6200": {"runs": 10, "balls": 11, "wickets": 0}, "0f12f9df": {"runs": 21, "balls": 11, "wickets": 1}, "f78e7113": {"runs": 5, "balls": 10, "wickets": 1}, "557153ca": {"runs": 9, "balls": 8, "wickets": 0}, "68ddabdb": {"runs": 13, "balls": 15, "wickets": 1}, "3f5f39cd": {"runs": 21, "balls": 11, "wickets": 0}, "9bab2b81": {"runs": 2, "balls": 2, "wickets": 0}, "e258a603": {"runs": 3, "balls": 5, "wickets": 0}, "e7de4f6b": {"runs": 1, "balls": 3, "wickets": 1}, "76388dc8": {"runs": 6, "balls": 8, "wickets": 0}, "b8eddbdb": {"runs": 4, "balls": 7, "wickets": 0}, "35205dfc": {"runs": 3, "balls": 2, "wickets": 0}, "a8e3170f": {"runs": 2, "balls": 2, "wickets": 0}, "b82e3032": {"runs": 4, "balls": 5, "wickets": 0}, "a73321d3": {"runs": 45, "balls": 45, "wickets": 0}, "be869ccf": {"runs": 31, "balls": 38, "wickets": 1}, "dd17e4bc": {"runs": 7, "balls": 21, "wickets": 0}, "1957c6b7": {"runs": 4, "balls": 17, "wickets": 2}, "0f3ee070": {"runs": 15, "balls": 20, "wickets": 1}, "402f8494": {"runs": 18, "balls": 23, "wickets": 0}, "e871a7a1": {"runs": 27, "balls": 30, "wickets": 0}, "cd143bca": {"runs": 26, "balls": 42, "wickets": 1}, "e84ac20c": {"runs": 15, "balls": 17, "wickets": 0}, "70fdd428": {"runs": 31, "balls": 40, "wickets": 0}, "a510bdd3": {"runs": 25, "balls": 33, "wickets": 0}, "6a2fadd0": {"runs": 4, "balls": 9, "wickets": 0}, "e94915e6": {"runs": 87, "balls": 97, "wickets": 0}, "d99cc23a": {"runs": 65, "balls": 87, "wickets": 1}, "5a37ec26": {"runs": 30, "balls": 29, "wickets": 0}, "e9987a94": {"runs": 45, "balls": 71, "wickets": 1}, "06c2de82": {"runs": 95, "balls": 107, "wickets": 1}, "59559bc2": {"runs": 71, "balls": 72, "wickets": 1}, "42151725": {"runs": 39, "balls": 58, "wickets": 1}, "f0a0204e": {"runs": 43, "balls": 66, "wickets": 4}, "98eacfe5": {"runs": 38, "balls": 32, "wickets": 3}, "ffe699c0": {"runs": 18, "balls": 23, "wickets": 1}, "ee0c05c0": {"runs": 59, "balls": 43, "wickets": 0}, "74a274cc": {"runs": 35, "balls": 27, "wickets": 1}, "1179469b": {"runs": 3, "balls": 5, "wickets": 0}, "d66edc9a": {"runs": 35, "balls": 29, "wickets": 0}, "7fa2ab1f": {"runs": 25, "balls": 17, "wickets": 0}, "be768595": {"runs": 5, "balls": 4, "wickets": 0}, "fac298ff": {"runs": 9, "balls": 7, "wickets": 1}, "e62dd25d": {"runs": 16, "balls": 18, "wickets": 0}, "bdadf7da": {"runs": 43, "balls": 41, "wickets": 0}, "3f61a062": {"runs": 22, "balls": 14, "wickets": 0}, "0a8fce53": {"runs": 9, "balls": 9, "wickets": 1}, "245c97cb": {"runs": 13, "balls": 6, "wickets": 0}, "eb9cb105": {"runs": 85, "balls": 96, "wickets": 0}, "ad212f96": {"runs": 9, "balls": 7, "wickets": 1}, "6c6aca89": {"runs": 37, "balls": 39, "wickets": 2}, "c89474d1": {"runs": 24, "balls": 40, "wickets": 0}, "18fac429": {"runs": 18, "balls": 16, "wickets": 0}, "b2fe023a": {"runs": 20, "balls": 21, "wickets": 1}, "aa1210d8": {"runs": 14, "balls": 19, "wickets": 0}, "c5cc48bc": {"runs": 13, "balls": 11, "wickets": 0}, "bbbb7f1e": {"runs": 17, "balls": 14, "wickets": 0}, "6c908ffc": {"runs": 10, "balls": 7, "wickets": 0}, "aeab0d4f": {"runs": 22, "balls": 21, "wickets": 0}, "561f3a34": {"runs": 22, "balls": 15, "wickets": 0}, "92aa28fe": {"runs": 30, "balls": 18, "wickets": 0}, "fd8a9b23": {"runs": 21, "balls": 28, "wickets": 0}, "8108e2d2": {"runs": 10, "balls": 15, "wickets": 0}, "24dd1b81": {"runs": 38, "balls": 74, "wickets": 0}, "9e707e02": {"runs": 4, "balls": 7, "wickets": 0}, "5c756df3": {"runs": 5, "balls": 3, "wickets": 0}, "ef18b66e": {"runs": 24, "balls": 9, "wickets": 0}, "59792462": {"runs": 13, "balls": 33, "wickets": 0}, "fdb8ed0d": {"runs": 13, "balls": 59, "wickets": 0}, "c654af19": {"runs": 5, "balls": 14, "wickets": 1}, "3987e390": {"runs": 80, "balls": 223, "wickets": 4}, "8db7f47f": {"runs": 12, "balls": 10, "wickets": 0}, "d68e7f48": {"runs": 42, "balls": 73, "wickets": 0}, "5b3acc53": {"runs": 14, "balls": 14, "wickets": 0}, "d4eef961": {"runs": 16, "balls": 14, "wickets": 2}, "5574750c": {"runs": 28, "balls": 22, "wickets": 0}, "4180d897": {"runs": 29, "balls": 17, "wickets": 0}, "dddc811c": {"runs": 68, "balls": 88, "wickets": 2}, "b2081fc8": {"runs": 10, "balls": 4, "wickets": 0}, "ea3d687a": {"runs": 45, "balls": 61, "wickets": 1}, "3d0ed2f9": {"runs": 12, "balls": 16, "wickets": 0}, "f752db61": {"runs": 15, "balls": 12, "wickets": 0}, "51e1ed69": {"runs": 51, "balls": 58, "wickets": 2}, "97e434a6": {"runs": 3, "balls": 3, "wickets": 0}, "350bb1b1": {"runs": 22, "balls": 20, "wickets": 1}, "9219eff0": {"runs": 11, "balls": 5, "wickets": 0}, "a37b5c0a": {"runs": 53, "balls": 97, "wickets": 0}, "13c35c9e": {"runs": 3, "balls": 5, "wickets": 1}, "4557dc54": {"runs": 29, "balls": 34, "wickets": 1}, "ba9258a7": {"runs": 31, "balls": 30, "wickets": 0}, "ad46c747": {"runs": 124, "balls": 202, "wickets": 2}, "d112c570": {"runs": 0, "balls": 3, "wickets": 1}, "4167f30b": {"runs": 32, "balls": 46, "wickets": 1}, "d8b24492": {"runs": 8, "balls": 19, "wickets": 0}, "70b8fd28": {"runs": 9, "balls": 17, "wickets": 0}, "3766056b": {"runs": 7, "balls": 9, "wickets": 0}, "d1988788": {"runs": 7, "balls": 10, "wickets": 0}, "79b4839e": {"runs": 4, "balls": 15, "wickets": 1}, "0226b73a": {"runs": 17, "balls": 27, "wickets": 0}, "4861d29b": {"runs": 6, "balls": 8, "wickets": 0}, "5be810ba": {"runs": 2, "balls": 5, "wickets": 0}, "4d84ad05": {"runs": 6, "balls": 16, "wickets": 1}, "0f721006": {"runs": 4, "balls": 2, "wickets": 0}, "78cb83f3": {"runs": 27, "balls": 18, "wickets": 0}, "e342e5fb": {"runs": 13, "balls": 17, "wickets": 0}, "4a745f65": {"runs": 16, "balls": 18, "wickets": 0}, "c1f6c27e": {"runs": 27, "balls": 40, "wickets": 0}, "f048bb41": {"runs": 15, "balls": 31, "wickets": 0}, "19708692": {"runs": 35, "balls": 64, "wickets": 1}, "1f1b4c89": {"runs": 0, "balls": 5, "wickets": 0}, "ab965cad": {"runs": 6, "balls": 2, "wickets": 0}, "01a95383": {"runs": 3, "balls": 6, "wickets": 0}, "3dd30077": {"runs": 2, "balls": 7, "wickets": 0}, "93e06301": {"runs": 9, "balls": 11, "wickets": 1}, "50c6bc2b": {"runs": 26, "balls": 14, "wickets": 0}, "d3868bd0": {"runs": 53, "balls": 77, "wickets": 0}, "7d92277a": {"runs": 15, "balls": 15, "wickets": 0}, "b410bd3d": {"runs": 3, "balls": 5, "wickets": 0}, "1adb8ee8": {"runs": 3, "balls": 3, "wickets": 0}, "98d05440": {"runs": 18, "balls": 8, "wickets": 0}, "6ad2d5f7": {"runs": 3, "balls": 6, "wickets": 0}, "12c3ba4d": {"runs": 11, "balls": 4, "wickets": 0}, "d9273ee7": {"runs": 8, "balls": 6, "wickets": 0}, "e5652e3d": {"runs": 55, "balls": 32, "wickets": 0}, "6daf5e8c": {"runs": 2, "balls": 2, "wickets": 0}, "978bd738": {"runs": 18, "balls": 11, "wickets": 0}, "211de69f": {"runs": 4, "balls": 8, "wickets": 0}, "2baad3bd": {"runs": 10, "balls": 27, "wickets": 0}, "e423d162": {"runs": 13, "balls": 47, "wickets": 0}, "219cc59e": {"runs": 35, "balls": 46, "wickets": 1}, "bf1d7d3e": {"runs": 3, "balls": 4, "wickets": 0}, "9d430b40": {"runs": 4, "balls": 5, "wickets": 0}, "ef25490c": {"runs": 4, "balls": 3, "wickets": 0}, "45d38a84": {"runs": 1, "balls": 2, "wickets": 0}, "b3a28446": {"runs": 5, "balls": 4, "wickets": 0}, "5dbdecf1": {"runs": 9, "balls": 5, "wickets": 0}, "1670dcfd": {"runs": 23, "balls": 6, "wickets": 0}, "1bb0993e": {"runs": 10, "balls": 9, "wickets": 1}, "cb5100f1": {"runs": 2, "balls": 2, "wickets": 0}, "64d43928": {"runs": 5, "balls": 5, "wickets": 1}, "3086f7a4": {"runs": 3, "balls": 4, "wickets": 0}, "2353b224": {"runs": 1, "balls": 1, "wickets": 0}, "b8d18afc": {"runs": 6, "balls": 3, "wickets": 0}, "f43dd8c2": {"runs": 9, "balls": 9, "wickets": 0}, "e9a870ed": {"runs": 24, "balls": 12, "wickets": 0}, "1252f71a": {"runs": 12, "balls": 12, "wickets": 0}, "28131839": {"runs": 2, "balls": 2, "wickets": 0}, "526e006d": {"runs": 12, "balls": 5, "wickets": 0}, "4e1c9f6e": {"runs": 9, "balls": 4, "wickets": 0}, "c5d7b244": {"runs": 3, "balls": 3, "wickets": 0}, "bd9fbd51": {"runs": 1, "balls": 1, "wickets": 0}, "dcdb87f2": {"runs": 7, "balls": 6, "wickets": 0}, "7f3ad1ed": {"runs": 6, "balls": 4, "wickets": 1}, "3be224b0": {"runs": 1, "balls": 6, "wickets": 0}, "a05d0552": {"runs": 0, "balls": 2, "wickets": 0}, "2223b920": {"runs": 9, "balls": 13, "wickets": 0}, "3d65556f": {"runs": 25, "balls": 34, "wickets": 0}, "9caf69a1": {"runs": 7, "balls": 10, "wickets": 0}, "5ccdb14f": {"runs": 2, "balls": 3, "wickets": 0}, "d8256633": {"runs": 7, "balls": 8, "wickets": 0}, "cb1a782a": {"runs": 7, "balls": 12, "wickets": 0}, "c96f6ac5": {"runs": 5, "balls": 8, "wickets": 0}, "a8e56914": {"runs": 23, "balls": 20, "wickets": 0}, "495d42a5": {"runs": 4, "balls": 5, "wickets": 0}, "0b60eb09": {"runs": 29, "balls": 63, "wickets": 0}, "2085e1fa": {"runs": 9, "balls": 10, "wickets": 1}, "a316d663": {"runs": 6, "balls": 4, "wickets": 0}, "c042b412": {"runs": 26, "balls": 18, "wickets": 0}, "3dcd1e8d": {"runs": 37, "balls": 44, "wickets": 1}, "a03bba42": {"runs": 11, "balls": 9, "wickets": 0}, "b8d490fd": {"runs": 8, "balls": 4, "wickets": 0}, "97905e64": {"runs": 8, "balls": 4, "wickets": 0}, "8f938a32": {"runs": 0, "balls": 2, "wickets": 1}, "b681e71e": {"runs": 10, "balls": 8, "wickets": 0}, "9789e56e": {"runs": 0, "balls": 1, "wickets": 0}, "bb351c23": {"runs": 1, "balls": 3, "wickets": 1}, "49118dc7": {"runs": 1, "balls": 1, "wickets": 0}, "5680f1ad": {"runs": 2, "balls": 2, "wickets": 1}, "3c87f0c3": {"runs": 12, "balls": 9, "wickets": 0}, "e85d03d6": {"runs": 5, "balls": 7, "wickets": 0}, "017faef2": {"runs": 14, "balls": 7, "wickets": 0}, "f7b2cbe8": {"runs": 9, "balls": 6, "wickets": 0}, "bb134e5c": {"runs": 19, "balls": 9, "wickets": 1}, "797f52cc": {"runs": 1, "balls": 2, "wickets": 0}, "f092b4c7": {"runs": 0, "balls": 1, "wickets": 1}, "d996ba33": {"runs": 1, "balls": 1, "wickets": 0}, "a36915ce": {"runs": 8, "balls": 8, "wickets": 0}, "053f3ce3": {"runs": 12, "balls": 9, "wickets": 0}, "f1eb3c73": {"runs": 9, "balls": 6, "wickets": 0}, "52f96571": {"runs": 12, "balls": 7, "wickets": 0}, "7f6c2dae": {"runs": 4, "balls": 3, "wickets": 0}, "e1592949": {"runs": 3, "balls": 4, "wickets": 1}, "9c376401": {"runs": 3, "balls": 2, "wickets": 0}, "f0e293b0": {"runs": 2, "balls": 1, "wickets": 0}, "07687c15": {"runs": 3, "balls": 8, "wickets": 0}, "3df3f50b": {"runs": 6, "balls": 7, "wickets": 0}, "33b3d2df": {"runs": 4, "balls": 5, "wickets": 0}, "fc55ec67": {"runs": 10, "balls": 5, "wickets": 0}, "bd0a4a7d": {"runs": 17, "balls": 4, "wickets": 0}, "72e60730": {"runs": 1, "balls": 2, "wickets": 0}, "87a92b6b": {"runs": 12, "balls": 6, "wickets": 0}, "7ca5e05d": {"runs": 14, "balls": 17, "wickets": 1}, "81c36ee9": {"runs": 2, "balls": 3, "wickets": 0}, "9d50c7e1": {"runs": 2, "balls": 3, "wickets": 1}, "f834dcfc": {"runs": 5, "balls": 5, "wickets": 0}, "3f1066d0": {"runs": 4, "balls": 6, "wickets": 0}, "56feceb0": {"runs": 2, "balls": 2, "wickets": 0}, "9a2fc964": {"runs": 2, "balls": 2, "wickets": 0}, "f892fcf9": {"runs": 2, "balls": 2, "wickets": 0}, "5ec126fa": {"runs": 3, "balls": 4, "wickets": 0}, "94db3502": {"runs": 32, "balls": 58, "wickets": 0}, "a77472dc": {"runs": 45, "balls": 40, "wickets": 2}, "eec81780": {"runs": 4, "balls": 20, "wickets": 0}, "bdadcca1": {"runs": 2, "balls": 4, "wickets": 1}, "27fc5808": {"runs": 4, "balls": 11, "wickets": 0}, "70d57519": {"runs": 3, "balls": 5, "wickets": 0}, "6ea2710f": {"runs": 4, "balls": 4, "wickets": 0}, "c5f40e35": {"runs": 9, "balls": 8, "wickets": 1}, "bdc0670a": {"runs": 9, "balls": 9, "wickets": 0}, "39180894": {"runs": 6, "balls": 25, "wickets": 0}, "64212089": {"runs": 3, "balls": 19, "wickets": 0}, "d26e0405": {"runs": 11, "balls": 12, "wickets": 1}, "45a7e761": {"runs": 3, "balls": 2, "wickets": 0}, "73f1f6b0": {"runs": 12, "balls": 26, "wickets": 0}, "9e1b7792": {"runs": 4, "balls": 6, "wickets": 0}, "9679838c": {"runs": 14, "balls": 43, "wickets": 0}, "cad40f5e": {"runs": 20, "balls": 22, "wickets": 1}, "3581a798": {"runs": 1, "balls": 1, "wickets": 0}, "5db1c288": {"runs": 11, "balls": 9, "wickets": 0}, "0d61d8f0": {"runs": 5, "balls": 6, "wickets": 0}, "462d7c62": {"runs": 11, "balls": 10, "wickets": 0}, "894b2d25": {"runs": 17, "balls": 42, "wickets": 0}, "e737a5fe": {"runs": 14, "balls": 38, "wickets": 0}, "1a156c88": {"runs": 0, "balls": 1, "wickets": 0}, "eade4650": {"runs": 0, "balls": 1, "wickets": 1}, "819ae1ad": {"runs": 14, "balls": 11, "wickets": 0}, "c1a89821": {"runs": 6, "balls": 7, "wickets": 0}, "ba377b40": {"runs": 3, "balls": 5, "wickets": 1}, "56c80c90": {"runs": 6, "balls": 7, "wickets": 0}, "b5781ac3": {"runs": 10, "balls": 5, "wickets": 0}, "23dee937": {"runs": 8, "balls": 12, "wickets": 0}, "27c5a793": {"runs": 8, "balls": 13, "wickets": 0}, "7a8a0237": {"runs": 15, "balls": 14, "wickets": 0}, "28217d89": {"runs": 3, "balls": 4, "wickets": 1}, "10f68de1": {"runs": 1, "balls": 3, "wickets": 1}, "478a63e7": {"runs": 0, "balls": 1, "wickets": 0}}, "fifties": 49, "thirties": 54, "centuries": 20, "maidens": 31.0, "hattricks": 7, "runs": 10359.0, "wickets": 105.0, "club_ODI_previous3_runs": [45.0, 10.0, 2.0], "club_ODI_previous3_wickets": [2.0, 0.0, 1.0], "club_ODI_previous3_balls played": [55.0, 10.0, 4.0], "club_ODI_previous3_overs": [8.0, 6.0, 7.0], "club_ODI_previous3_runs gave": [34.0, 41.0, 48.0], "club_ODI_lifetime_runs": 1330.0, "club_ODI_lifetime_wickets": 33.0, "club_ODI_lifetime_balls played": 1264.0, "club_ODI_lifetime_overs": 161.66666666666666, "club_ODI_lifetime_runs gave": 970.0, "club_Test_previous3_runs": [56.0, 63.0, 0.0], "club_Test_previous3_wickets": [0.0, 1.0, 0.0], "club_Test_previous3_balls played": [85.0, 138.0, 0.0], "club_Test_previous3_overs": [0.0, 3.0, 0.0], "club_Test_previous3_runs gave": [0.0, 10.0, 0.0], "club_Test_lifetime_runs": 4154.0, "club_Test_lifetime_wickets": 17.0, "club_Test_lifetime_balls played": 6511.0, "club_Test_lifetime_overs": 214.00000000000003, "club_Test_lifetime_runs gave": 860.0, "club_T20_previous3_runs": [0.0, 3.0, 9.0], "club_T20_previous3_wickets": [0.0, 0.0, 0.0], "club_T20_previous3_balls played": [0.0, 3.0, 5.0], "club_T20_previous3_overs": [0.0, 0.0, 0.0], "club_T20_previous3_runs gave": [0.0, 0.0, 0.0], "club_T20_lifetime_runs": 3195.0, "club_T20_lifetime_wickets": 23.0, "club_T20_lifetime_balls played": 2446.0, "club_T20_lifetime_overs": 79.83333333333334, "club_T20_lifetime_runs gave": 700.0, "international_ODI_previous3_runs": [34.0, 5.0, 67.0], "international_ODI_previous3_wickets": [0.0, 0.0, 0.0], "international_ODI_previous3_balls played": [60.0, 17.0, 58.0], "international_ODI_previous3_overs": [2.0, 0.0, 0.0], "international_ODI_previous3_runs gave": [10.0, 0.0, 0.0], "international_ODI_lifetime_runs": 721.0, "international_ODI_lifetime_wickets": 14.0, "international_ODI_lifetime_balls played": 831.0, "international_ODI_lifetime_overs": 119.16666666666666, "international_ODI_lifetime_runs gave": 692.0, "international_Test_previous3_runs": [290.0, 241.0], "international_Test_previous3_wickets": [4.0, 5.0], "international_Test_previous3_balls played": [340.0, 306.0], "international_Test_previous3_overs": [34.166666666666664, 37.333333333333336], "international_Test_previous3_runs gave": [122.0, 187.0], "international_Test_lifetime_runs": 531.0, "international_Test_lifetime_wickets": 9.0, "international_Test_lifetime_balls played": 646.0, "international_Test_lifetime_overs": 71.5, "international_Test_lifetime_runs gave": 309.0, "international_T20_previous3_runs": [34.0, 0.0, 0.0], "international_T20_previous3_wickets": [0.0, 0.0, 0.0], "international_T20_previous3_balls played": [23.0, 1.0, 0.0], "international_T20_previous3_overs": [0.0, 0.0, 0.0], "international_T20_previous3_runs gave": [0.0, 0.0, 0.0], "international_T20_lifetime_runs": 428.0, "international_T20_lifetime_wickets": 9.0, "international_T20_lifetime_balls played": 313.0, "international_T20_lifetime_overs": 21.0, "international_T20_lifetime_runs gave": 163.0}