{"played_against": {"4c72b407": {"runs": 1, "balls": 3, "wickets": 0}, "87a6f411": {"runs": 8, "balls": 4, "wickets": 0}, "39e9f0c9": {"runs": 3, "balls": 6, "wickets": 0}, "14e1fdab": {"runs": 8, "balls": 9, "wickets": 0}, "eb40ed89": {"runs": 3, "balls": 2, "wickets": 0}, "6de4e430": {"runs": 8, "balls": 5, "wickets": 0}, "eb5aa5b9": {"runs": 12, "balls": 6, "wickets": 2}, "c079c66a": {"runs": 16, "balls": 7, "wickets": 0}, "ec106638": {"runs": 19, "balls": 5, "wickets": 0}, "31366b7e": {"runs": 13, "balls": 4, "wickets": 0}, "5152ab02": {"runs": 2, "balls": 3, "wickets": 0}, "a138f597": {"runs": 19, "balls": 8, "wickets": 0}, "88228580": {"runs": 1, "balls": 1, "wickets": 0}, "87609cbb": {"runs": 1, "balls": 1, "wickets": 0}, "0fc88c2a": {"runs": 6, "balls": 4, "wickets": 1}, "faef026c": {"runs": 8, "balls": 9, "wickets": 0}, "b857468a": {"runs": 13, "balls": 13, "wickets": 1}, "753ada66": {"runs": 2, "balls": 2, "wickets": 0}, "4e3fd330": {"runs": 1, "balls": 2, "wickets": 0}, "02b078b1": {"runs": 3, "balls": 6, "wickets": 0}, "f8bd71c9": {"runs": 1, "balls": 1, "wickets": 0}, "a073f2ff": {"runs": 4, "balls": 6, "wickets": 0}, "0fa81719": {"runs": 4, "balls": 3, "wickets": 0}, "ec483176": {"runs": 4, "balls": 3, "wickets": 0}, "eb0f2802": {"runs": 1, "balls": 1, "wickets": 0}, "5360c9be": {"runs": 0, "balls": 1, "wickets": 1}, "376557f7": {"runs": 1, "balls": 1, "wickets": 0}, "e00acf74": {"runs": 4, "balls": 3, "wickets": 0}, "7ca68967": {"runs": 2, "balls": 2, "wickets": 0}, "9e0bd203": {"runs": 0, "balls": 1, "wickets": 0}, "1c40f69f": {"runs": 9, "balls": 4, "wickets": 0}, "87e87dd2": {"runs": 5, "balls": 3, "wickets": 1}}, "fifties": 0, "thirties": 1, "centuries": 0, "maidens": 1.0, "hattricks": 1, "runs": 182.0, "wickets": 20.0, "club_ODI_previous3_runs": [], "club_ODI_previous3_wickets": [], "club_ODI_previous3_balls played": [], "club_ODI_previous3_overs": [], "club_ODI_previous3_runs gave": [], "club_ODI_lifetime_runs": 0.0, "club_ODI_lifetime_wickets": 0.0, "club_ODI_lifetime_balls played": 0.0, "club_ODI_lifetime_overs": 0.0, "club_ODI_lifetime_runs gave": 0.0, "club_Test_previous3_runs": [], "club_Test_previous3_wickets": [], "club_Test_previous3_balls played": [], "club_Test_previous3_overs": [], "club_Test_previous3_runs gave": [], "club_Test_lifetime_runs": 0.0, "club_Test_lifetime_wickets": 0.0, "club_Test_lifetime_balls played": 0.0, "club_Test_lifetime_overs": 0.0, "club_Test_lifetime_runs gave": 0.0, "club_T20_previous3_runs": [], "club_T20_previous3_wickets": [], "club_T20_previous3_balls played": [], "club_T20_previous3_overs": [], "club_T20_previous3_runs gave": [], "club_T20_lifetime_runs": 0.0, "club_T20_lifetime_wickets": 0.0, "club_T20_lifetime_balls played": 0.0, "club_T20_lifetime_overs": 0.0, "club_T20_lifetime_runs gave": 0.0, "international_ODI_previous3_runs": [], "international_ODI_previous3_wickets": [], "international_ODI_previous3_balls played": [], "international_ODI_previous3_overs": [], "international_ODI_previous3_runs gave": [], "international_ODI_lifetime_runs": 0.0, "international_ODI_lifetime_wickets": 0.0, "international_ODI_lifetime_balls played": 0.0, "international_ODI_lifetime_overs": 0.0, "international_ODI_lifetime_runs gave": 0.0, "international_Test_previous3_runs": [], "international_Test_previous3_wickets": [], "international_Test_previous3_balls played": [], "international_Test_previous3_overs": [], "international_Test_previous3_runs gave": [], "international_Test_lifetime_runs": 0.0, "international_Test_lifetime_wickets": 0.0, "international_Test_lifetime_balls played": 0.0, "international_Test_lifetime_overs": 0.0, "international_Test_lifetime_runs gave": 0.0, "international_T20_previous3_runs": [2.0, 14.0, 0.0], "international_T20_previous3_wickets": [3.0, 2.0, 1.0], "international_T20_previous3_balls played": [3.0, 7.0, 0.0], "international_T20_previous3_overs": [4.0, 3.0, 4.0], "international_T20_previous3_runs gave": [30.0, 8.0, 22.0], "international_T20_lifetime_runs": 182.0, "international_T20_lifetime_wickets": 20.0, "international_T20_lifetime_balls played": 129.0, "international_T20_lifetime_overs": 61.333333333333336, "international_T20_lifetime_runs gave": 486.0}