{"played_against": {"64d43928": {"runs": 12, "balls": 6, "wickets": 0}, "8596fe80": {"runs": 8, "balls": 2, "wickets": 0}, "3086f7a4": {"runs": 10, "balls": 3, "wickets": 1}, "bd4ea627": {"runs": 22, "balls": 11, "wickets": 1}, "9e9af5f2": {"runs": 9, "balls": 6, "wickets": 0}, "4a461c24": {"runs": 6, "balls": 6, "wickets": 0}, "786b7fe8": {"runs": 23, "balls": 10, "wickets": 1}, "9b8a3c39": {"runs": 4, "balls": 4, "wickets": 0}, "f59b3bd1": {"runs": 7, "balls": 5, "wickets": 0}, "55d3d4e8": {"runs": 1, "balls": 3, "wickets": 0}, "ba158afd": {"runs": 1, "balls": 2, "wickets": 0}, "2911de16": {"runs": 0, "balls": 2, "wickets": 1}, "45a7e761": {"runs": 5, "balls": 9, "wickets": 0}, "24bb1c2f": {"runs": 10, "balls": 10, "wickets": 1}, "28392e11": {"runs": 5, "balls": 3, "wickets": 0}, "5f547c8b": {"runs": 1, "balls": 1, "wickets": 0}, "e9c7f0d0": {"runs": 3, "balls": 7, "wickets": 1}, "1c790f4f": {"runs": 2, "balls": 4, "wickets": 0}, "9de62878": {"runs": 6, "balls": 6, "wickets": 0}, "cc535250": {"runs": 2, "balls": 4, "wickets": 0}, "9cb8d7a6": {"runs": 14, "balls": 10, "wickets": 2}, "e5437608": {"runs": 1, "balls": 4, "wickets": 0}, "65b6943c": {"runs": 16, "balls": 17, "wickets": 0}, "c0c411cb": {"runs": 16, "balls": 12, "wickets": 0}, "57590dbb": {"runs": 26, "balls": 11, "wickets": 0}, "6bb9e53b": {"runs": 4, "balls": 4, "wickets": 0}, "30afc92b": {"runs": 5, "balls": 5, "wickets": 1}, "9c9af282": {"runs": 5, "balls": 4, "wickets": 0}, "3b8679bf": {"runs": 4, "balls": 2, "wickets": 1}, "e174dadd": {"runs": 11, "balls": 8, "wickets": 1}, "4d7f517e": {"runs": 1, "balls": 3, "wickets": 0}, "373838de": {"runs": 17, "balls": 11, "wickets": 1}, "33609a8c": {"runs": 5, "balls": 8, "wickets": 0}, "a8e54ef4": {"runs": 8, "balls": 4, "wickets": 0}}, "fifties": 1, "thirties": 4, "centuries": 0, "maidens": 0.0, "hattricks": 0, "runs": 270.0, "wickets": 0.0, "club_ODI_previous3_runs": [], "club_ODI_previous3_wickets": [], "club_ODI_previous3_balls played": [], "club_ODI_previous3_overs": [], "club_ODI_previous3_runs gave": [], "club_ODI_lifetime_runs": 0.0, "club_ODI_lifetime_wickets": 0.0, "club_ODI_lifetime_balls played": 0.0, "club_ODI_lifetime_overs": 0.0, "club_ODI_lifetime_runs gave": 0.0, "club_Test_previous3_runs": [], "club_Test_previous3_wickets": [], "club_Test_previous3_balls played": [], "club_Test_previous3_overs": [], "club_Test_previous3_runs gave": [], "club_Test_lifetime_runs": 0.0, "club_Test_lifetime_wickets": 0.0, "club_Test_lifetime_balls played": 0.0, "club_Test_lifetime_overs": 0.0, "club_Test_lifetime_runs gave": 0.0, "club_T20_previous3_runs": [12.0, 54.0, 6.0], "club_T20_previous3_wickets": [0.0, 0.0, 0.0], "club_T20_previous3_balls played": [11.0, 37.0, 6.0], "club_T20_previous3_overs": [0.0, 0.0, 0.0], "club_T20_previous3_runs gave": [0.0, 0.0, 0.0], "club_T20_lifetime_runs": 270.0, "club_T20_lifetime_wickets": 0.0, "club_T20_lifetime_balls played": 212.0, "club_T20_lifetime_overs": 0.0, "club_T20_lifetime_runs gave": 0.0, "international_ODI_previous3_runs": [], "international_ODI_previous3_wickets": [], "international_ODI_previous3_balls played": [], "international_ODI_previous3_overs": [], "international_ODI_previous3_runs gave": [], "international_ODI_lifetime_runs": 0.0, "international_ODI_lifetime_wickets": 0.0, "international_ODI_lifetime_balls played": 0.0, "international_ODI_lifetime_overs": 0.0, "international_ODI_lifetime_runs gave": 0.0, "international_Test_previous3_runs": [], "international_Test_previous3_wickets": [], "international_Test_previous3_balls played": [], "international_Test_previous3_overs": [], "international_Test_previous3_runs gave": [], "international_Test_lifetime_runs": 0.0, "international_Test_lifetime_wickets": 0.0, "international_Test_lifetime_balls played": 0.0, "international_Test_lifetime_overs": 0.0, "international_Test_lifetime_runs gave": 0.0, "international_T20_previous3_runs": [], "international_T20_previous3_wickets": [], "international_T20_previous3_balls played": [], "international_T20_previous3_overs": [], "international_T20_previous3_runs gave": [], "international_T20_lifetime_runs": 0.0, "international_T20_lifetime_wickets": 0.0, "international_T20_lifetime_balls played": 0.0, "international_T20_lifetime_overs": 0.0, "international_T20_lifetime_runs gave": 0.0}