{"played_against": {"2d4317da": {"runs": 0, "balls": 4, "wickets": 0}, "b84718fd": {"runs": 4, "balls": 6, "wickets": 0}, "6762a445": {"runs": 1, "balls": 3, "wickets": 0}, "c1a0cebe": {"runs": 0, "balls": 3, "wickets": 1}, "27339093": {"runs": 0, "balls": 6, "wickets": 0}, "2e988457": {"runs": 0, "balls": 2, "wickets": 0}, "97eb9a07": {"runs": 0, "balls": 1, "wickets": 1}, "a91772c4": {"runs": 9, "balls": 9, "wickets": 0}, "c328bc6c": {"runs": 0, "balls": 1, "wickets": 0}, "121b6ac9": {"runs": 1, "balls": 4, "wickets": 0}, "cffeef53": {"runs": 0, "balls": 1, "wickets": 1}, "46c81920": {"runs": 5, "balls": 5, "wickets": 0}, "14198941": {"runs": 0, "balls": 8, "wickets": 1}, "6d972d02": {"runs": 1, "balls": 5, "wickets": 1}, "a6898f7a": {"runs": 1, "balls": 1, "wickets": 0}, "bb0aac11": {"runs": 0, "balls": 2, "wickets": 0}, "1b0ce76e": {"runs": 6, "balls": 7, "wickets": 0}, "292d11ee": {"runs": 5, "balls": 7, "wickets": 0}, "532ddb12": {"runs": 6, "balls": 6, "wickets": 0}}, "fifties": 0, "thirties": 0, "centuries": 0, "maidens": 0.0, "hattricks": 0, "runs": 39.0, "wickets": 0.0, "club_ODI_previous3_runs": [], "club_ODI_previous3_wickets": [], "club_ODI_previous3_balls played": [], "club_ODI_previous3_overs": [], "club_ODI_previous3_runs gave": [], "club_ODI_lifetime_runs": 0.0, "club_ODI_lifetime_wickets": 0.0, "club_ODI_lifetime_balls played": 0.0, "club_ODI_lifetime_overs": 0.0, "club_ODI_lifetime_runs gave": 0.0, "club_Test_previous3_runs": [], "club_Test_previous3_wickets": [], "club_Test_previous3_balls played": [], "club_Test_previous3_overs": [], "club_Test_previous3_runs gave": [], "club_Test_lifetime_runs": 0.0, "club_Test_lifetime_wickets": 0.0, "club_Test_lifetime_balls played": 0.0, "club_Test_lifetime_overs": 0.0, "club_Test_lifetime_runs gave": 0.0, "club_T20_previous3_runs": [], "club_T20_previous3_wickets": [], "club_T20_previous3_balls played": [], "club_T20_previous3_overs": [], "club_T20_previous3_runs gave": [], "club_T20_lifetime_runs": 0.0, "club_T20_lifetime_wickets": 0.0, "club_T20_lifetime_balls played": 0.0, "club_T20_lifetime_overs": 0.0, "club_T20_lifetime_runs gave": 0.0, "international_ODI_previous3_runs": [], "international_ODI_previous3_wickets": [], "international_ODI_previous3_balls played": [], "international_ODI_previous3_overs": [], "international_ODI_previous3_runs gave": [], "international_ODI_lifetime_runs": 0.0, "international_ODI_lifetime_wickets": 0.0, "international_ODI_lifetime_balls played": 0.0, "international_ODI_lifetime_overs": 0.0, "international_ODI_lifetime_runs gave": 0.0, "international_Test_previous3_runs": [], "international_Test_previous3_wickets": [], "international_Test_previous3_balls played": [], "international_Test_previous3_overs": [], "international_Test_previous3_runs gave": [], "international_Test_lifetime_runs": 0.0, "international_Test_lifetime_wickets": 0.0, "international_Test_lifetime_balls played": 0.0, "international_Test_lifetime_overs": 0.0, "international_Test_lifetime_runs gave": 0.0, "international_T20_previous3_runs": [2.0, 17.0, 0.0], "international_T20_previous3_wickets": [0.0, 0.0, 0.0], "international_T20_previous3_balls played": [6.0, 22.0, 0.0], "international_T20_previous3_overs": [0.0, 0.0, 0.0], "international_T20_previous3_runs gave": [0.0, 0.0, 0.0], "international_T20_lifetime_runs": 39.0, "international_T20_lifetime_wickets": 0.0, "international_T20_lifetime_balls played": 81.0, "international_T20_lifetime_overs": 0.0, "international_T20_lifetime_runs gave": 0.0}