{"played_against": {"ce85fcaf": {"runs": 1, "balls": 1, "wickets": 0}, "94b30fa5": {"runs": 7, "balls": 5, "wickets": 0}, "db873292": {"runs": 2, "balls": 6, "wickets": 0}, "2beae660": {"runs": 3, "balls": 7, "wickets": 0}, "f281dd00": {"runs": 1, "balls": 1, "wickets": 0}, "36dfa62e": {"runs": 1, "balls": 4, "wickets": 0}, "a4f1fdd4": {"runs": 0, "balls": 3, "wickets": 0}, "7673c908": {"runs": 4, "balls": 12, "wickets": 1}, "42d9dd09": {"runs": 3, "balls": 12, "wickets": 2}, "58acb320": {"runs": 4, "balls": 1, "wickets": 0}, "907e30d9": {"runs": 3, "balls": 1, "wickets": 0}, "865ff0b2": {"runs": 8, "balls": 5, "wickets": 0}, "69f47625": {"runs": 1, "balls": 1, "wickets": 0}, "ed840f44": {"runs": 1, "balls": 1, "wickets": 0}, "ea9c54de": {"runs": 2, "balls": 2, "wickets": 0}, "cdb82f1c": {"runs": 0, "balls": 2, "wickets": 0}, "c6625a26": {"runs": 8, "balls": 3, "wickets": 1}, "0d56e9a5": {"runs": 1, "balls": 1, "wickets": 0}, "c981d3c2": {"runs": 2, "balls": 3, "wickets": 0}, "321c980e": {"runs": 0, "balls": 3, "wickets": 1}, "d32cf49a": {"runs": 1, "balls": 1, "wickets": 0}, "42e4b276": {"runs": 17, "balls": 5, "wickets": 0}, "7027d12f": {"runs": 0, "balls": 1, "wickets": 1}, "8d25271a": {"runs": 5, "balls": 3, "wickets": 0}, "edf62a25": {"runs": 2, "balls": 3, "wickets": 1}}, "fifties": 0, "thirties": 0, "centuries": 0, "maidens": 0.0, "hattricks": 0, "runs": 77.0, "wickets": 4.0, "club_ODI_previous3_runs": [], "club_ODI_previous3_wickets": [], "club_ODI_previous3_balls played": [], "club_ODI_previous3_overs": [], "club_ODI_previous3_runs gave": [], "club_ODI_lifetime_runs": 0.0, "club_ODI_lifetime_wickets": 0.0, "club_ODI_lifetime_balls played": 0.0, "club_ODI_lifetime_overs": 0.0, "club_ODI_lifetime_runs gave": 0.0, "club_Test_previous3_runs": [], "club_Test_previous3_wickets": [], "club_Test_previous3_balls played": [], "club_Test_previous3_overs": [], "club_Test_previous3_runs gave": [], "club_Test_lifetime_runs": 0.0, "club_Test_lifetime_wickets": 0.0, "club_Test_lifetime_balls played": 0.0, "club_Test_lifetime_overs": 0.0, "club_Test_lifetime_runs gave": 0.0, "club_T20_previous3_runs": [], "club_T20_previous3_wickets": [], "club_T20_previous3_balls played": [], "club_T20_previous3_overs": [], "club_T20_previous3_runs gave": [], "club_T20_lifetime_runs": 0.0, "club_T20_lifetime_wickets": 0.0, "club_T20_lifetime_balls played": 0.0, "club_T20_lifetime_overs": 0.0, "club_T20_lifetime_runs gave": 0.0, "international_ODI_previous3_runs": [7.0, 0.0, 4.0], "international_ODI_previous3_wickets": [1.0, 0.0, 0.0], "international_ODI_previous3_balls played": [21.0, 0.0, 12.0], "international_ODI_previous3_overs": [3.0, 8.0, 9.0], "international_ODI_previous3_runs gave": [14.0, 48.0, 74.0], "international_ODI_lifetime_runs": 19.0, "international_ODI_lifetime_wickets": 2.0, "international_ODI_lifetime_balls played": 39.0, "international_ODI_lifetime_overs": 28.0, "international_ODI_lifetime_runs gave": 195.0, "international_Test_previous3_runs": [], "international_Test_previous3_wickets": [], "international_Test_previous3_balls played": [], "international_Test_previous3_overs": [], "international_Test_previous3_runs gave": [], "international_Test_lifetime_runs": 0.0, "international_Test_lifetime_wickets": 0.0, "international_Test_lifetime_balls played": 0.0, "international_Test_lifetime_overs": 0.0, "international_Test_lifetime_runs gave": 0.0, "international_T20_previous3_runs": [0.0, 0.0, 7.0], "international_T20_previous3_wickets": [2.0, 0.0, 0.0], "international_T20_previous3_balls played": [0.0, 0.0, 6.0], "international_T20_previous3_overs": [2.0, 0.0, 0.0], "international_T20_previous3_runs gave": [8.0, 0.0, 0.0], "international_T20_lifetime_runs": 58.0, "international_T20_lifetime_wickets": 2.0, "international_T20_lifetime_balls played": 48.0, "international_T20_lifetime_overs": 23.0, "international_T20_lifetime_runs gave": 197.0}