{"played_against": {"0c2730df": {"runs": 11, "balls": 29, "wickets": 1}, "8b5b6769": {"runs": 28, "balls": 35, "wickets": 0}, "57efa3be": {"runs": 1, "balls": 5, "wickets": 0}, "d7c6af50": {"runs": 2, "balls": 4, "wickets": 0}, "f5821615": {"runs": 5, "balls": 6, "wickets": 0}, "4f629497": {"runs": 10, "balls": 15, "wickets": 1}, "6b0c3a20": {"runs": 0, "balls": 3, "wickets": 0}, "88fccd6c": {"runs": 0, "balls": 2, "wickets": 0}, "d1c94b25": {"runs": 9, "balls": 14, "wickets": 0}, "6821ac10": {"runs": 2, "balls": 3, "wickets": 0}, "f708a0bc": {"runs": 0, "balls": 4, "wickets": 0}, "bd77eb62": {"runs": 0, "balls": 2, "wickets": 1}, "e186f49c": {"runs": 14, "balls": 14, "wickets": 0}, "7ff3fcaa": {"runs": 7, "balls": 18, "wickets": 0}, "b743f01b": {"runs": 8, "balls": 26, "wickets": 0}, "090f9211": {"runs": 13, "balls": 33, "wickets": 1}, "0be1b885": {"runs": 10, "balls": 21, "wickets": 0}, "16dfcc19": {"runs": 17, "balls": 19, "wickets": 0}, "6adf9347": {"runs": 20, "balls": 22, "wickets": 0}, "390ff45b": {"runs": 8, "balls": 20, "wickets": 1}, "e03b66ec": {"runs": 2, "balls": 7, "wickets": 1}, "9a963804": {"runs": 2, "balls": 4, "wickets": 0}, "58043739": {"runs": 4, "balls": 3, "wickets": 0}, "c16d2e28": {"runs": 6, "balls": 7, "wickets": 0}, "60dd8960": {"runs": 16, "balls": 7, "wickets": 0}, "525c3f54": {"runs": 1, "balls": 1, "wickets": 0}, "7d7ab238": {"runs": 0, "balls": 1, "wickets": 1}, "d2c2b2d5": {"runs": 3, "balls": 2, "wickets": 0}, "91a4a398": {"runs": 3, "balls": 5, "wickets": 0}, "f0f628c7": {"runs": 1, "balls": 4, "wickets": 0}, "fa463154": {"runs": 1, "balls": 2, "wickets": 0}, "6b8eb6e5": {"runs": 2, "balls": 1, "wickets": 0}, "4c61a0f9": {"runs": 1, "balls": 5, "wickets": 0}, "addfb70e": {"runs": 2, "balls": 4, "wickets": 0}, "ee7d0c82": {"runs": 8, "balls": 7, "wickets": 1}, "f842c2cf": {"runs": 6, "balls": 2, "wickets": 0}, "0dc00542": {"runs": 2, "balls": 9, "wickets": 1}, "33f28243": {"runs": 4, "balls": 3, "wickets": 0}, "05d74535": {"runs": 15, "balls": 18, "wickets": 0}, "7fb32e5b": {"runs": 5, "balls": 4, "wickets": 0}, "3eac9d95": {"runs": 0, "balls": 1, "wickets": 1}}, "fifties": 0, "thirties": 3, "centuries": 0, "maidens": 12.0, "hattricks": 3, "runs": 249.0, "wickets": 21.0, "club_ODI_previous3_runs": [], "club_ODI_previous3_wickets": [], "club_ODI_previous3_balls played": [], "club_ODI_previous3_overs": [], "club_ODI_previous3_runs gave": [], "club_ODI_lifetime_runs": 0.0, "club_ODI_lifetime_wickets": 0.0, "club_ODI_lifetime_balls played": 0.0, "club_ODI_lifetime_overs": 0.0, "club_ODI_lifetime_runs gave": 0.0, "club_Test_previous3_runs": [], "club_Test_previous3_wickets": [], "club_Test_previous3_balls played": [], "club_Test_previous3_overs": [], "club_Test_previous3_runs gave": [], "club_Test_lifetime_runs": 0.0, "club_Test_lifetime_wickets": 0.0, "club_Test_lifetime_balls played": 0.0, "club_Test_lifetime_overs": 0.0, "club_Test_lifetime_runs gave": 0.0, "club_T20_previous3_runs": [], "club_T20_previous3_wickets": [], "club_T20_previous3_balls played": [], "club_T20_previous3_overs": [], "club_T20_previous3_runs gave": [], "club_T20_lifetime_runs": 0.0, "club_T20_lifetime_wickets": 0.0, "club_T20_lifetime_balls played": 0.0, "club_T20_lifetime_overs": 0.0, "club_T20_lifetime_runs gave": 0.0, "international_ODI_previous3_runs": [0.0, 31.0, 0.0], "international_ODI_previous3_wickets": [1.0, 0.0, 0.0], "international_ODI_previous3_balls played": [5.0, 42.0, 0.0], "international_ODI_previous3_overs": [10.0, 6.0, 9.833333333333334], "international_ODI_previous3_runs gave": [44.0, 39.0, 45.0], "international_ODI_lifetime_runs": 130.0, "international_ODI_lifetime_wickets": 8.0, "international_ODI_lifetime_balls played": 178.0, "international_ODI_lifetime_overs": 141.16666666666666, "international_ODI_lifetime_runs gave": 728.0, "international_Test_previous3_runs": [19.0, 2.0, 47.0], "international_Test_previous3_wickets": [2.0, 3.0, 0.0], "international_Test_previous3_balls played": [52.0, 14.0, 73.0], "international_Test_previous3_overs": [32.833333333333336, 22.833333333333336, 2.0], "international_Test_previous3_runs gave": [120.0, 63.0, 15.0], "international_Test_lifetime_runs": 107.0, "international_Test_lifetime_wickets": 9.0, "international_Test_lifetime_balls played": 203.0, "international_Test_lifetime_overs": 101.16666666666669, "international_Test_lifetime_runs gave": 357.0, "international_T20_previous3_runs": [0.0, 7.0, 4.0], "international_T20_previous3_wickets": [3.0, 1.0, 0.0], "international_T20_previous3_balls played": [0.0, 9.0, 4.0], "international_T20_previous3_overs": [4.0, 4.0, 2.0], "international_T20_previous3_runs gave": [32.0, 25.0, 20.0], "international_T20_lifetime_runs": 12.0, "international_T20_lifetime_wickets": 4.0, "international_T20_lifetime_balls played": 15.0, "international_T20_lifetime_overs": 14.0, "international_T20_lifetime_runs gave": 97.0}