{"played_against": {"3aac5463": {"runs": 5, "balls": 7, "wickets": 0}, "6462c64b": {"runs": 10, "balls": 15, "wickets": 0}, "49355360": {"runs": 12, "balls": 7, "wickets": 0}, "c3c905ae": {"runs": 10, "balls": 12, "wickets": 1}, "e8bdbbca": {"runs": 1, "balls": 4, "wickets": 1}, "02c8fbfc": {"runs": 9, "balls": 14, "wickets": 0}, "7a64c6eb": {"runs": 1, "balls": 11, "wickets": 0}, "1c03d322": {"runs": 33, "balls": 20, "wickets": 0}, "115b7211": {"runs": 3, "balls": 9, "wickets": 1}, "fea44a7f": {"runs": 24, "balls": 12, "wickets": 0}}, "fifties": 1, "thirties": 0, "centuries": 0, "maidens": 0.0, "hattricks": 0, "runs": 108.0, "wickets": 0.0, "club_ODI_previous3_runs": [], "club_ODI_previous3_wickets": [], "club_ODI_previous3_balls played": [], "club_ODI_previous3_overs": [], "club_ODI_previous3_runs gave": [], "club_ODI_lifetime_runs": 0.0, "club_ODI_lifetime_wickets": 0.0, "club_ODI_lifetime_balls played": 0.0, "club_ODI_lifetime_overs": 0.0, "club_ODI_lifetime_runs gave": 0.0, "club_Test_previous3_runs": [], "club_Test_previous3_wickets": [], "club_Test_previous3_balls played": [], "club_Test_previous3_overs": [], "club_Test_previous3_runs gave": [], "club_Test_lifetime_runs": 0.0, "club_Test_lifetime_wickets": 0.0, "club_Test_lifetime_balls played": 0.0, "club_Test_lifetime_overs": 0.0, "club_Test_lifetime_runs gave": 0.0, "club_T20_previous3_runs": [], "club_T20_previous3_wickets": [], "club_T20_previous3_balls played": [], "club_T20_previous3_overs": [], "club_T20_previous3_runs gave": [], "club_T20_lifetime_runs": 0.0, "club_T20_lifetime_wickets": 0.0, "club_T20_lifetime_balls played": 0.0, "club_T20_lifetime_overs": 0.0, "club_T20_lifetime_runs gave": 0.0, "international_ODI_previous3_runs": [], "international_ODI_previous3_wickets": [], "international_ODI_previous3_balls played": [], "international_ODI_previous3_overs": [], "international_ODI_previous3_runs gave": [], "international_ODI_lifetime_runs": 0.0, "international_ODI_lifetime_wickets": 0.0, "international_ODI_lifetime_balls played": 0.0, "international_ODI_lifetime_overs": 0.0, "international_ODI_lifetime_runs gave": 0.0, "international_Test_previous3_runs": [], "international_Test_previous3_wickets": [], "international_Test_previous3_balls played": [], "international_Test_previous3_overs": [], "international_Test_previous3_runs gave": [], "international_Test_lifetime_runs": 0.0, "international_Test_lifetime_wickets": 0.0, "international_Test_lifetime_balls played": 0.0, "international_Test_lifetime_overs": 0.0, "international_Test_lifetime_runs gave": 0.0, "international_T20_previous3_runs": [18.0, 52.0, 15.0], "international_T20_previous3_wickets": [0.0, 0.0, 0.0], "international_T20_previous3_balls played": [18.0, 48.0, 19.0], "international_T20_previous3_overs": [4.0, 3.6666666666666665, 4.0], "international_T20_previous3_runs gave": [34.0, 36.0, 19.0], "international_T20_lifetime_runs": 108.0, "international_T20_lifetime_wickets": 0.0, "international_T20_lifetime_balls played": 113.0, "international_T20_lifetime_overs": 15.666666666666666, "international_T20_lifetime_runs gave": 109.0}