{"played_against": {"8da6dbf1": {"runs": 0, "balls": 1, "wickets": 0}, "e938e1bc": {"runs": 2, "balls": 2, "wickets": 0}, "40792cff": {"runs": 3, "balls": 3, "wickets": 0}, "98ae73b1": {"runs": 0, "balls": 1, "wickets": 1}, "d4b8ea98": {"runs": 0, "balls": 1, "wickets": 1}, "2fcb040c": {"runs": 4, "balls": 3, "wickets": 0}, "fa73f373": {"runs": 0, "balls": 1, "wickets": 1}, "4af886ed": {"runs": 0, "balls": 1, "wickets": 0}, "9ed95736": {"runs": 2, "balls": 1, "wickets": 0}, "ccae927b": {"runs": 1, "balls": 2, "wickets": 0}, "c8f697bd": {"runs": 0, "balls": 3, "wickets": 1}}, "fifties": 0, "thirties": 0, "centuries": 0, "maidens": 0.0, "hattricks": 3, "runs": 12.0, "wickets": 28.0, "club_ODI_previous3_runs": [], "club_ODI_previous3_wickets": [], "club_ODI_previous3_balls played": [], "club_ODI_previous3_overs": [], "club_ODI_previous3_runs gave": [], "club_ODI_lifetime_runs": 0.0, "club_ODI_lifetime_wickets": 0.0, "club_ODI_lifetime_balls played": 0.0, "club_ODI_lifetime_overs": 0.0, "club_ODI_lifetime_runs gave": 0.0, "club_Test_previous3_runs": [], "club_Test_previous3_wickets": [], "club_Test_previous3_balls played": [], "club_Test_previous3_overs": [], "club_Test_previous3_runs gave": [], "club_Test_lifetime_runs": 0.0, "club_Test_lifetime_wickets": 0.0, "club_Test_lifetime_balls played": 0.0, "club_Test_lifetime_overs": 0.0, "club_Test_lifetime_runs gave": 0.0, "club_T20_previous3_runs": [0.0, 3.0, 0.0], "club_T20_previous3_wickets": [1.0, 1.0, 0.0], "club_T20_previous3_balls played": [0.0, 6.0, 0.0], "club_T20_previous3_overs": [3.0, 3.0, 0.0], "club_T20_previous3_runs gave": [40.0, 35.0, 0.0], "club_T20_lifetime_runs": 12.0, "club_T20_lifetime_wickets": 28.0, "club_T20_lifetime_balls played": 19.0, "club_T20_lifetime_overs": 87.16666666666667, "club_T20_lifetime_runs gave": 721.0, "international_ODI_previous3_runs": [], "international_ODI_previous3_wickets": [], "international_ODI_previous3_balls played": [], "international_ODI_previous3_overs": [], "international_ODI_previous3_runs gave": [], "international_ODI_lifetime_runs": 0.0, "international_ODI_lifetime_wickets": 0.0, "international_ODI_lifetime_balls played": 0.0, "international_ODI_lifetime_overs": 0.0, "international_ODI_lifetime_runs gave": 0.0, "international_Test_previous3_runs": [], "international_Test_previous3_wickets": [], "international_Test_previous3_balls played": [], "international_Test_previous3_overs": [], "international_Test_previous3_runs gave": [], "international_Test_lifetime_runs": 0.0, "international_Test_lifetime_wickets": 0.0, "international_Test_lifetime_balls played": 0.0, "international_Test_lifetime_overs": 0.0, "international_Test_lifetime_runs gave": 0.0, "international_T20_previous3_runs": [], "international_T20_previous3_wickets": [], "international_T20_previous3_balls played": [], "international_T20_previous3_overs": [], "international_T20_previous3_runs gave": [], "international_T20_lifetime_runs": 0.0, "international_T20_lifetime_wickets": 0.0, "international_T20_lifetime_balls played": 0.0, "international_T20_lifetime_overs": 0.0, "international_T20_lifetime_runs gave": 0.0}