{"played_against": {"bad31fac": {"runs": 0, "balls": 4, "wickets": 1}, "ddc0828d": {"runs": 6, "balls": 14, "wickets": 0}, "d12143bf": {"runs": 0, "balls": 2, "wickets": 0}, "f44af07f": {"runs": 3, "balls": 7, "wickets": 0}, "818e8bf2": {"runs": 1, "balls": 7, "wickets": 1}, "80ec5dfd": {"runs": 4, "balls": 14, "wickets": 0}, "37f501d7": {"runs": 12, "balls": 30, "wickets": 0}, "7fe5deb8": {"runs": 2, "balls": 9, "wickets": 1}, "5af592d2": {"runs": 11, "balls": 23, "wickets": 1}, "0882b3f1": {"runs": 25, "balls": 30, "wickets": 0}, "047945ae": {"runs": 22, "balls": 19, "wickets": 0}, "6f4d314b": {"runs": 19, "balls": 31, "wickets": 0}, "4347a4ae": {"runs": 13, "balls": 8, "wickets": 0}, "5ee47383": {"runs": 23, "balls": 15, "wickets": 0}, "9ff7f691": {"runs": 8, "balls": 11, "wickets": 0}}, "fifties": 0, "thirties": 0, "centuries": 1, "maidens": 0.0, "hattricks": 1, "runs": 149.0, "wickets": 7.0, "club_ODI_previous3_runs": [], "club_ODI_previous3_wickets": [], "club_ODI_previous3_balls played": [], "club_ODI_previous3_overs": [], "club_ODI_previous3_runs gave": [], "club_ODI_lifetime_runs": 0.0, "club_ODI_lifetime_wickets": 0.0, "club_ODI_lifetime_balls played": 0.0, "club_ODI_lifetime_overs": 0.0, "club_ODI_lifetime_runs gave": 0.0, "club_Test_previous3_runs": [], "club_Test_previous3_wickets": [], "club_Test_previous3_balls played": [], "club_Test_previous3_overs": [], "club_Test_previous3_runs gave": [], "club_Test_lifetime_runs": 0.0, "club_Test_lifetime_wickets": 0.0, "club_Test_lifetime_balls played": 0.0, "club_Test_lifetime_overs": 0.0, "club_Test_lifetime_runs gave": 0.0, "club_T20_previous3_runs": [], "club_T20_previous3_wickets": [], "club_T20_previous3_balls played": [], "club_T20_previous3_overs": [], "club_T20_previous3_runs gave": [], "club_T20_lifetime_runs": 0.0, "club_T20_lifetime_wickets": 0.0, "club_T20_lifetime_balls played": 0.0, "club_T20_lifetime_overs": 0.0, "club_T20_lifetime_runs gave": 0.0, "international_ODI_previous3_runs": [10.0, 18.0, 121.0], "international_ODI_previous3_wickets": [0.0, 2.0, 4.0], "international_ODI_previous3_balls played": [30.0, 56.0, 139.0], "international_ODI_previous3_overs": [1.3333333333333333, 10.0, 10.0], "international_ODI_previous3_runs gave": [14.0, 42.0, 42.0], "international_ODI_lifetime_runs": 149.0, "international_ODI_lifetime_wickets": 7.0, "international_ODI_lifetime_balls played": 229.0, "international_ODI_lifetime_overs": 31.333333333333336, "international_ODI_lifetime_runs gave": 138.0, "international_Test_previous3_runs": [], "international_Test_previous3_wickets": [], "international_Test_previous3_balls played": [], "international_Test_previous3_overs": [], "international_Test_previous3_runs gave": [], "international_Test_lifetime_runs": 0.0, "international_Test_lifetime_wickets": 0.0, "international_Test_lifetime_balls played": 0.0, "international_Test_lifetime_overs": 0.0, "international_Test_lifetime_runs gave": 0.0, "international_T20_previous3_runs": [], "international_T20_previous3_wickets": [], "international_T20_previous3_balls played": [], "international_T20_previous3_overs": [], "international_T20_previous3_runs gave": [], "international_T20_lifetime_runs": 0.0, "international_T20_lifetime_wickets": 0.0, "international_T20_lifetime_balls played": 0.0, "international_T20_lifetime_overs": 0.0, "international_T20_lifetime_runs gave": 0.0}