{"played_against": {"aae9ce90": {"runs": 13, "balls": 7, "wickets": 1}, "cf494ffe": {"runs": 17, "balls": 35, "wickets": 0}, "35205dfc": {"runs": 12, "balls": 10, "wickets": 0}, "bbd41817": {"runs": 1, "balls": 2, "wickets": 0}, "c03c6200": {"runs": 1, "balls": 4, "wickets": 0}, "495d42a5": {"runs": 23, "balls": 60, "wickets": 1}, "0a3d54b9": {"runs": 1, "balls": 2, "wickets": 1}, "1dc12ab9": {"runs": 2, "balls": 2, "wickets": 0}, "bd93fea4": {"runs": 21, "balls": 40, "wickets": 0}, "96a6a7ad": {"runs": 12, "balls": 37, "wickets": 3}, "12eddf28": {"runs": 0, "balls": 6, "wickets": 1}, "2a0d5d4a": {"runs": 50, "balls": 83, "wickets": 2}, "18899e2b": {"runs": 37, "balls": 71, "wickets": 0}, "c4450a69": {"runs": 21, "balls": 33, "wickets": 0}, "6b0c3a20": {"runs": 53, "balls": 77, "wickets": 0}, "ddcd1520": {"runs": 7, "balls": 22, "wickets": 1}, "06c2de82": {"runs": 88, "balls": 135, "wickets": 1}, "59559bc2": {"runs": 57, "balls": 53, "wickets": 0}, "93e06301": {"runs": 70, "balls": 90, "wickets": 2}, "c3ce33a2": {"runs": 38, "balls": 44, "wickets": 1}, "dd17e4bc": {"runs": 83, "balls": 208, "wickets": 2}, "6c75310b": {"runs": 39, "balls": 64, "wickets": 0}, "cca50cd6": {"runs": 17, "balls": 29, "wickets": 0}, "6f049d41": {"runs": 23, "balls": 47, "wickets": 0}, "bb351c23": {"runs": 5, "balls": 5, "wickets": 0}, "70fdd428": {"runs": 34, "balls": 48, "wickets": 1}, "5db1c288": {"runs": 44, "balls": 65, "wickets": 1}, "b552a935": {"runs": 7, "balls": 23, "wickets": 1}, "e9987a94": {"runs": 56, "balls": 95, "wickets": 3}, "99cddc5e": {"runs": 16, "balls": 38, "wickets": 0}, "dc670143": {"runs": 71, "balls": 115, "wickets": 1}, "6c6aca89": {"runs": 173, "balls": 323, "wickets": 3}, "ccdd8308": {"runs": 148, "balls": 222, "wickets": 2}, "c89474d1": {"runs": 188, "balls": 354, "wickets": 2}, "025a092b": {"runs": 44, "balls": 67, "wickets": 0}, "bdadf7da": {"runs": 2, "balls": 3, "wickets": 0}, "687fb627": {"runs": 25, "balls": 46, "wickets": 0}, "85afed77": {"runs": 26, "balls": 33, "wickets": 0}, "c163432a": {"runs": 23, "balls": 67, "wickets": 2}, "60dd8960": {"runs": 33, "balls": 36, "wickets": 0}, "b20f423b": {"runs": 93, "balls": 176, "wickets": 4}, "a7c7802a": {"runs": 0, "balls": 1, "wickets": 1}, "fea7a34c": {"runs": 35, "balls": 58, "wickets": 0}, "49b6c09f": {"runs": 14, "balls": 27, "wickets": 0}, "c6a9148d": {"runs": 22, "balls": 28, "wickets": 1}, "2c86c8f2": {"runs": 6, "balls": 6, "wickets": 0}, "5fcb6fb1": {"runs": 34, "balls": 40, "wickets": 1}, "58043739": {"runs": 123, "balls": 194, "wickets": 4}, "b21ed464": {"runs": 87, "balls": 269, "wickets": 3}, "9dca07d7": {"runs": 59, "balls": 106, "wickets": 1}, "8bf61e65": {"runs": 54, "balls": 95, "wickets": 0}, "70b8fd28": {"runs": 6, "balls": 20, "wickets": 1}, "903c1d37": {"runs": 3, "balls": 9, "wickets": 0}, "249d60c9": {"runs": 15, "balls": 32, "wickets": 1}, "0f3ee070": {"runs": 40, "balls": 68, "wickets": 1}, "6c908ffc": {"runs": 77, "balls": 128, "wickets": 2}, "2223b920": {"runs": 82, "balls": 223, "wickets": 2}, "f5821615": {"runs": 77, "balls": 192, "wickets": 3}, "8728a058": {"runs": 85, "balls": 197, "wickets": 3}, "ac7fa28f": {"runs": 10, "balls": 6, "wickets": 0}, "29b89ae8": {"runs": 10, "balls": 16, "wickets": 0}, "f7177fd6": {"runs": 0, "balls": 2, "wickets": 1}, "ab474682": {"runs": 10, "balls": 27, "wickets": 0}, "59792462": {"runs": 77, "balls": 133, "wickets": 1}, "6355d428": {"runs": 0, "balls": 1, "wickets": 1}, "7f048519": {"runs": 38, "balls": 59, "wickets": 3}, "dddc811c": {"runs": 78, "balls": 103, "wickets": 3}, "98eacfe5": {"runs": 18, "balls": 18, "wickets": 0}, "5b3acc53": {"runs": 24, "balls": 15, "wickets": 0}, "3cf5ae43": {"runs": 4, "balls": 4, "wickets": 0}, "5da34add": {"runs": 28, "balls": 52, "wickets": 1}, "aac9f784": {"runs": 4, "balls": 7, "wickets": 0}, "3d0ed2f9": {"runs": 96, "balls": 159, "wickets": 1}, "9a158001": {"runs": 5, "balls": 6, "wickets": 0}, "45966141": {"runs": 4, "balls": 10, "wickets": 0}, "59fff843": {"runs": 10, "balls": 10, "wickets": 0}, "5bdcdb72": {"runs": 6, "balls": 6, "wickets": 1}, "a73321d3": {"runs": 39, "balls": 47, "wickets": 1}, "e423d162": {"runs": 48, "balls": 111, "wickets": 2}, "de6c37a6": {"runs": 8, "balls": 14, "wickets": 1}, "cf73ad76": {"runs": 40, "balls": 72, "wickets": 1}, "e91de70e": {"runs": 66, "balls": 222, "wickets": 1}, "78adc879": {"runs": 163, "balls": 203, "wickets": 1}, "85d8110a": {"runs": 2, "balls": 5, "wickets": 0}, "e0ac7144": {"runs": 96, "balls": 196, "wickets": 2}, "d094e7d1": {"runs": 22, "balls": 39, "wickets": 0}, "7d5e0b78": {"runs": 24, "balls": 47, "wickets": 0}, "4c239537": {"runs": 24, "balls": 38, "wickets": 0}, "f1ba9ed7": {"runs": 106, "balls": 158, "wickets": 2}, "e412cb64": {"runs": 118, "balls": 171, "wickets": 3}, "b3544c5d": {"runs": 95, "balls": 161, "wickets": 1}, "cfe70281": {"runs": 9, "balls": 12, "wickets": 0}, "65b6943c": {"runs": 28, "balls": 60, "wickets": 2}, "0e0d43b4": {"runs": 43, "balls": 85, "wickets": 1}, "18fac429": {"runs": 60, "balls": 114, "wickets": 2}, "561f3a34": {"runs": 15, "balls": 16, "wickets": 1}, "fdb8ed0d": {"runs": 9, "balls": 13, "wickets": 0}, "88a004e9": {"runs": 6, "balls": 9, "wickets": 0}, "05d74535": {"runs": 0, "balls": 0, "wickets": 0}, "cd143bca": {"runs": 126, "balls": 198, "wickets": 3}, "1a88bdd3": {"runs": 39, "balls": 42, "wickets": 1}, "1957c6b7": {"runs": 5, "balls": 6, "wickets": 1}, "808f425a": {"runs": 3, "balls": 3, "wickets": 0}, "4c5d73db": {"runs": 14, "balls": 24, "wickets": 4}, "b2fe023a": {"runs": 27, "balls": 21, "wickets": 0}, "bc773eeb": {"runs": 73, "balls": 94, "wickets": 0}, "58822938": {"runs": 7, "balls": 17, "wickets": 0}, "42151725": {"runs": 38, "balls": 77, "wickets": 1}, "4a461c24": {"runs": 34, "balls": 74, "wickets": 1}, "f0a0204e": {"runs": 22, "balls": 54, "wickets": 1}, "3f659464": {"runs": 23, "balls": 30, "wickets": 0}, "7955eb15": {"runs": 10, "balls": 16, "wickets": 1}, "3987e390": {"runs": 45, "balls": 71, "wickets": 1}, "2318ba22": {"runs": 2, "balls": 3, "wickets": 0}, "e86754b2": {"runs": 22, "balls": 43, "wickets": 0}, "e94915e6": {"runs": 8, "balls": 17, "wickets": 1}, "5ac8f17b": {"runs": 22, "balls": 72, "wickets": 0}, "ce24059d": {"runs": 6, "balls": 3, "wickets": 0}, "8f2dfebf": {"runs": 42, "balls": 72, "wickets": 1}, "9a963804": {"runs": 38, "balls": 62, "wickets": 3}, "6c79c098": {"runs": 6, "balls": 27, "wickets": 1}, "dda5aae5": {"runs": 31, "balls": 33, "wickets": 0}, "0bec3a6c": {"runs": 10, "balls": 9, "wickets": 1}, "5fed6272": {"runs": 35, "balls": 40, "wickets": 0}, "b2dbe638": {"runs": 3, "balls": 9, "wickets": 0}, "e3434f95": {"runs": 13, "balls": 11, "wickets": 0}, "4900d2bf": {"runs": 11, "balls": 9, "wickets": 0}, "7fa2ab1f": {"runs": 27, "balls": 33, "wickets": 1}, "45ca0dc0": {"runs": 7, "balls": 9, "wickets": 0}, "be768595": {"runs": 6, "balls": 7, "wickets": 0}, "b7539620": {"runs": 31, "balls": 22, "wickets": 0}, "f6c84b9f": {"runs": 4, "balls": 8, "wickets": 1}, "1427277f": {"runs": 20, "balls": 35, "wickets": 0}, "c654af19": {"runs": 13, "balls": 40, "wickets": 2}, "a7c226e1": {"runs": 45, "balls": 55, "wickets": 0}, "978bd738": {"runs": 0, "balls": 13, "wickets": 0}, "a510bdd3": {"runs": 95, "balls": 175, "wickets": 0}, "d9609443": {"runs": 34, "balls": 42, "wickets": 0}, "9679838c": {"runs": 105, "balls": 125, "wickets": 1}, "dadbdb68": {"runs": 15, "balls": 39, "wickets": 1}, "8fdfa195": {"runs": 22, "balls": 46, "wickets": 0}, "61c03e7d": {"runs": 26, "balls": 27, "wickets": 0}, "9219eff0": {"runs": 5, "balls": 3, "wickets": 0}, "c8574282": {"runs": 10, "balls": 32, "wickets": 1}, "1b3acd33": {"runs": 31, "balls": 52, "wickets": 0}, "94d7f855": {"runs": 17, "balls": 48, "wickets": 0}, "52d11798": {"runs": 21, "balls": 36, "wickets": 1}, "38c276e1": {"runs": 11, "balls": 31, "wickets": 0}, "e82dc4c5": {"runs": 31, "balls": 54, "wickets": 1}, "94526a2a": {"runs": 9, "balls": 18, "wickets": 0}, "fbd4f01f": {"runs": 7, "balls": 29, "wickets": 0}, "51a36d3e": {"runs": 16, "balls": 23, "wickets": 1}, "fef92afc": {"runs": 15, "balls": 30, "wickets": 0}, "ae9e1240": {"runs": 31, "balls": 51, "wickets": 0}, "94734e80": {"runs": 37, "balls": 68, "wickets": 0}, "10f7b52b": {"runs": 37, "balls": 68, "wickets": 1}, "eade4650": {"runs": 15, "balls": 27, "wickets": 1}, "ed90abe4": {"runs": 30, "balls": 36, "wickets": 0}, "e84ac20c": {"runs": 38, "balls": 69, "wickets": 0}, "68c56d09": {"runs": 28, "balls": 50, "wickets": 1}, "f987245c": {"runs": 22, "balls": 87, "wickets": 0}, "94238673": {"runs": 11, "balls": 33, "wickets": 0}, "45df0e72": {"runs": 2, "balls": 6, "wickets": 0}, "383dd431": {"runs": 11, "balls": 22, "wickets": 0}, "2f9d0389": {"runs": 2, "balls": 4, "wickets": 1}, "b082d112": {"runs": 16, "balls": 46, "wickets": 1}, "05c2ca46": {"runs": 22, "balls": 35, "wickets": 1}, "d3868bd0": {"runs": 28, "balls": 28, "wickets": 0}, "7b1e20ea": {"runs": 29, "balls": 52, "wickets": 0}, "57a76baa": {"runs": 16, "balls": 25, "wickets": 2}, "6a2fadd0": {"runs": 18, "balls": 11, "wickets": 0}, "b9877635": {"runs": 71, "balls": 143, "wickets": 2}, "07c8a2f4": {"runs": 61, "balls": 100, "wickets": 0}, "9c7d7cda": {"runs": 13, "balls": 15, "wickets": 0}, "243431b5": {"runs": 7, "balls": 4, "wickets": 0}, "94eac556": {"runs": 14, "balls": 11, "wickets": 1}, "4c0f3806": {"runs": 12, "balls": 10, "wickets": 0}, "a7e8ff19": {"runs": 6, "balls": 17, "wickets": 0}, "6fe2c1c0": {"runs": 3, "balls": 6, "wickets": 0}, "27296d02": {"runs": 0, "balls": 1, "wickets": 1}, "0f21680d": {"runs": 18, "balls": 14, "wickets": 0}, "58c481c6": {"runs": 20, "balls": 17, "wickets": 0}, "b82e3032": {"runs": 24, "balls": 45, "wickets": 2}, "d12143bf": {"runs": 2, "balls": 27, "wickets": 0}, "19708692": {"runs": 17, "balls": 21, "wickets": 0}, "5239d782": {"runs": 19, "balls": 18, "wickets": 0}, "f54dbda7": {"runs": 14, "balls": 42, "wickets": 1}, "402f8494": {"runs": 13, "balls": 10, "wickets": 1}, "151d88b3": {"runs": 17, "balls": 12, "wickets": 0}, "8d1dad51": {"runs": 9, "balls": 9, "wickets": 0}, "d8b24492": {"runs": 16, "balls": 21, "wickets": 0}, "e871a7a1": {"runs": 27, "balls": 72, "wickets": 2}, "31f671b7": {"runs": 1, "balls": 5, "wickets": 0}, "acee4cc4": {"runs": 9, "balls": 21, "wickets": 0}, "eb9cb105": {"runs": 29, "balls": 46, "wickets": 0}, "23638956": {"runs": 134, "balls": 309, "wickets": 6}, "7ca5e05d": {"runs": 8, "balls": 22, "wickets": 1}, "9bab2b81": {"runs": 8, "balls": 15, "wickets": 0}, "4ec07775": {"runs": 4, "balls": 10, "wickets": 0}, "74a274cc": {"runs": 49, "balls": 90, "wickets": 0}, "ad9c32a2": {"runs": 1, "balls": 3, "wickets": 1}, "5574750c": {"runs": 2, "balls": 6, "wickets": 0}, "4180d897": {"runs": 2, "balls": 6, "wickets": 1}, "bca21d18": {"runs": 40, "balls": 97, "wickets": 2}, "d66edc9a": {"runs": 1, "balls": 2, "wickets": 0}, "b2081fc8": {"runs": 2, "balls": 12, "wickets": 1}, "5b6d248a": {"runs": 96, "balls": 195, "wickets": 4}, "25a42048": {"runs": 1, "balls": 2, "wickets": 0}, "a37b5c0a": {"runs": 46, "balls": 87, "wickets": 0}, "a4b810d0": {"runs": 37, "balls": 28, "wickets": 0}, "a9da7784": {"runs": 19, "balls": 43, "wickets": 1}, "4167f30b": {"runs": 13, "balls": 39, "wickets": 2}, "e174dadd": {"runs": 2, "balls": 2, "wickets": 0}, "57590dbb": {"runs": 7, "balls": 4, "wickets": 0}, "13c35c9e": {"runs": 2, "balls": 3, "wickets": 0}, "245c97cb": {"runs": 1, "balls": 4, "wickets": 0}, "ad46c747": {"runs": 7, "balls": 53, "wickets": 1}, "a05d0552": {"runs": 1, "balls": 7, "wickets": 0}, "0f6db197": {"runs": 25, "balls": 44, "wickets": 0}, "50c6bc2b": {"runs": 5, "balls": 16, "wickets": 1}, "1cfac535": {"runs": 20, "balls": 33, "wickets": 0}, "3f61a062": {"runs": 46, "balls": 66, "wickets": 0}, "c1f6c27e": {"runs": 27, "balls": 33, "wickets": 1}, "f048bb41": {"runs": 24, "balls": 30, "wickets": 0}, "c672e80e": {"runs": 10, "balls": 21, "wickets": 0}, "1f1b4c89": {"runs": 29, "balls": 56, "wickets": 1}, "81127912": {"runs": 41, "balls": 60, "wickets": 0}, "12b610c2": {"runs": 16, "balls": 46, "wickets": 0}, "8108e2d2": {"runs": 0, "balls": 6, "wickets": 0}, "8db7f47f": {"runs": 5, "balls": 9, "wickets": 0}, "ba9258a7": {"runs": 40, "balls": 29, "wickets": 0}, "f2ab7a69": {"runs": 20, "balls": 36, "wickets": 1}, "87e562a9": {"runs": 3, "balls": 4, "wickets": 0}, "eba6a852": {"runs": 29, "balls": 49, "wickets": 0}, "72898514": {"runs": 1, "balls": 1, "wickets": 0}, "43205dad": {"runs": 49, "balls": 103, "wickets": 1}, "3dcd1e8d": {"runs": 37, "balls": 76, "wickets": 1}, "c96f6ac5": {"runs": 54, "balls": 78, "wickets": 0}, "eaa4cfc2": {"runs": 25, "balls": 35, "wickets": 1}, "85ebf2be": {"runs": 39, "balls": 62, "wickets": 0}, "2085e1fa": {"runs": 18, "balls": 34, "wickets": 0}, "1d2f290a": {"runs": 34, "balls": 67, "wickets": 2}, "a8e56914": {"runs": 10, "balls": 15, "wickets": 0}, "d83a3bdc": {"runs": 7, "balls": 29, "wickets": 0}, "0b60eb09": {"runs": 12, "balls": 10, "wickets": 0}, "a77472dc": {"runs": 8, "balls": 17, "wickets": 0}, "d48c0f40": {"runs": 46, "balls": 103, "wickets": 1}, "679cd31e": {"runs": 56, "balls": 134, "wickets": 0}, "4b685e2d": {"runs": 7, "balls": 16, "wickets": 1}, "35c08a29": {"runs": 18, "balls": 25, "wickets": 0}, "1ca7c00f": {"runs": 38, "balls": 88, "wickets": 0}, "71440756": {"runs": 28, "balls": 54, "wickets": 0}, "92aa28fe": {"runs": 15, "balls": 31, "wickets": 0}, "64212089": {"runs": 34, "balls": 68, "wickets": 1}, "ee0c05c0": {"runs": 16, "balls": 46, "wickets": 0}, "d26e0405": {"runs": 26, "balls": 32, "wickets": 1}, "afa78c3a": {"runs": 4, "balls": 7, "wickets": 0}, "27fc5808": {"runs": 27, "balls": 57, "wickets": 0}, "be869ccf": {"runs": 8, "balls": 16, "wickets": 0}, "344c6d55": {"runs": 44, "balls": 79, "wickets": 3}, "aa8d28ae": {"runs": 8, "balls": 7, "wickets": 0}, "f1eb3c73": {"runs": 19, "balls": 24, "wickets": 1}, "39e2c0fd": {"runs": 44, "balls": 66, "wickets": 0}, "067bda18": {"runs": 9, "balls": 19, "wickets": 2}, "932d3cc9": {"runs": 8, "balls": 27, "wickets": 0}, "c5cc48bc": {"runs": 34, "balls": 42, "wickets": 0}, "f3abd0c9": {"runs": 11, "balls": 18, "wickets": 1}, "3a3e7d82": {"runs": 38, "balls": 79, "wickets": 2}, "879aedd7": {"runs": 9, "balls": 12, "wickets": 0}, "219cc59e": {"runs": 85, "balls": 100, "wickets": 0}, "d346d939": {"runs": 1, "balls": 4, "wickets": 0}, "ed12fcd7": {"runs": 11, "balls": 4, "wickets": 0}, "56ef4f99": {"runs": 10, "balls": 6, "wickets": 0}, "0dbe27b8": {"runs": 9, "balls": 6, "wickets": 0}, "62af8546": {"runs": 4, "balls": 4, "wickets": 1}, "6ce9f3eb": {"runs": 8, "balls": 23, "wickets": 0}, "d112c570": {"runs": 4, "balls": 14, "wickets": 0}, "6e6fb538": {"runs": 16, "balls": 6, "wickets": 0}, "95a06106": {"runs": 7, "balls": 6, "wickets": 0}, "ad286dcc": {"runs": 2, "balls": 4, "wickets": 2}, "2baad3bd": {"runs": 13, "balls": 32, "wickets": 2}, "00cada13": {"runs": 3, "balls": 15, "wickets": 1}, "f655d740": {"runs": 0, "balls": 1, "wickets": 1}, "948beb1f": {"runs": 37, "balls": 75, "wickets": 0}, "bdc0670a": {"runs": 41, "balls": 65, "wickets": 1}, "76cb1a7f": {"runs": 16, "balls": 20, "wickets": 0}, "e43aa7ed": {"runs": 15, "balls": 16, "wickets": 0}, "0d61d8f0": {"runs": 5, "balls": 8, "wickets": 0}, "c5f40e35": {"runs": 10, "balls": 13, "wickets": 0}, "c1a89821": {"runs": 9, "balls": 18, "wickets": 0}, "819ae1ad": {"runs": 27, "balls": 46, "wickets": 1}, "ac3c3cab": {"runs": 35, "balls": 43, "wickets": 2}, "5ccdb14f": {"runs": 16, "balls": 15, "wickets": 0}, "f1f99156": {"runs": 17, "balls": 28, "wickets": 0}, "5899dceb": {"runs": 7, "balls": 7, "wickets": 0}, "6ea2710f": {"runs": 14, "balls": 14, "wickets": 0}, "1a45b864": {"runs": 26, "balls": 76, "wickets": 1}, "10f68de1": {"runs": 19, "balls": 23, "wickets": 1}, "0c7f11be": {"runs": 25, "balls": 53, "wickets": 0}, "5e6d1a54": {"runs": 19, "balls": 20, "wickets": 0}, "d99cc23a": {"runs": 35, "balls": 73, "wickets": 2}, "03df7a25": {"runs": 14, "balls": 22, "wickets": 0}, "5a74e559": {"runs": 19, "balls": 37, "wickets": 0}, "a63dfe8a": {"runs": 19, "balls": 22, "wickets": 0}, "e22d3b5c": {"runs": 23, "balls": 26, "wickets": 1}, "9fd3a210": {"runs": 27, "balls": 28, "wickets": 1}, "5a42a396": {"runs": 21, "balls": 21, "wickets": 0}, "078ffbf2": {"runs": 13, "balls": 22, "wickets": 0}, "fec369cd": {"runs": 15, "balls": 44, "wickets": 1}, "fd8a9b23": {"runs": 0, "balls": 5, "wickets": 0}, "e734d090": {"runs": 3, "balls": 16, "wickets": 1}, "f752db61": {"runs": 6, "balls": 25, "wickets": 1}, "462d7c62": {"runs": 10, "balls": 25, "wickets": 0}, "ed8faea2": {"runs": 1, "balls": 11, "wickets": 0}, "eab74985": {"runs": 3, "balls": 10, "wickets": 0}, "bdadcca1": {"runs": 10, "balls": 25, "wickets": 1}, "043e9623": {"runs": 8, "balls": 16, "wickets": 0}, "0126ff20": {"runs": 57, "balls": 91, "wickets": 0}, "52c442e4": {"runs": 42, "balls": 77, "wickets": 0}, "fc63d916": {"runs": 46, "balls": 93, "wickets": 1}, "211de69f": {"runs": 3, "balls": 5, "wickets": 0}, "7d7233a9": {"runs": 28, "balls": 34, "wickets": 0}, "0164b064": {"runs": 25, "balls": 35, "wickets": 1}, "fa433be6": {"runs": 15, "balls": 24, "wickets": 1}, "68e26ec9": {"runs": 7, "balls": 3, "wickets": 0}, "3c55c703": {"runs": 2, "balls": 2, "wickets": 0}, "e5218454": {"runs": 6, "balls": 6, "wickets": 0}, "e342e5fb": {"runs": 8, "balls": 5, "wickets": 0}, "ec33b21a": {"runs": 2, "balls": 2, "wickets": 0}, "2413a688": {"runs": 4, "balls": 5, "wickets": 0}, "28217d89": {"runs": 2, "balls": 4, "wickets": 0}, "0ecb4de6": {"runs": 2, "balls": 2, "wickets": 0}, "aa1210d8": {"runs": 15, "balls": 13, "wickets": 1}, "1252f71a": {"runs": 5, "balls": 4, "wickets": 0}, "9f701298": {"runs": 6, "balls": 6, "wickets": 1}, "70c39d0e": {"runs": 10, "balls": 11, "wickets": 1}, "e142c599": {"runs": 38, "balls": 54, "wickets": 0}, "9789e56e": {"runs": 6, "balls": 6, "wickets": 0}, "cc1e8c68": {"runs": 14, "balls": 48, "wickets": 1}, "f32d890a": {"runs": 7, "balls": 10, "wickets": 0}, "1b77f62b": {"runs": 2, "balls": 4, "wickets": 0}, "fe2ac1a8": {"runs": 9, "balls": 9, "wickets": 0}, "34b37279": {"runs": 20, "balls": 14, "wickets": 0}, "78c12883": {"runs": 1, "balls": 8, "wickets": 1}, "ed47cb25": {"runs": 39, "balls": 26, "wickets": 0}, "88211932": {"runs": 12, "balls": 16, "wickets": 0}, "31b01074": {"runs": 17, "balls": 9, "wickets": 0}, "269ff06e": {"runs": 10, "balls": 12, "wickets": 0}, "0a12e736": {"runs": 25, "balls": 29, "wickets": 1}, "4557dc54": {"runs": 21, "balls": 25, "wickets": 0}, "aed5be04": {"runs": 7, "balls": 9, "wickets": 0}, "fe5b4367": {"runs": 26, "balls": 30, "wickets": 1}, "b8529e99": {"runs": 10, "balls": 9, "wickets": 0}, "7671203a": {"runs": 5, "balls": 7, "wickets": 0}, "2ecd844a": {"runs": 1, "balls": 2, "wickets": 1}, "a5735bd3": {"runs": 13, "balls": 31, "wickets": 0}, "b8701e6d": {"runs": 9, "balls": 7, "wickets": 0}, "3581a798": {"runs": 7, "balls": 19, "wickets": 2}, "37b12633": {"runs": 0, "balls": 6, "wickets": 0}, "8c9d3000": {"runs": 7, "balls": 26, "wickets": 0}, "7f7f658b": {"runs": 13, "balls": 17, "wickets": 0}, "bd4ea627": {"runs": 31, "balls": 41, "wickets": 0}, "457cab44": {"runs": 9, "balls": 22, "wickets": 0}, "9c643d7b": {"runs": 21, "balls": 15, "wickets": 0}, "5f222a64": {"runs": 6, "balls": 7, "wickets": 0}, "214f6461": {"runs": 5, "balls": 17, "wickets": 0}, "27e60d6e": {"runs": 16, "balls": 39, "wickets": 1}, "01a95383": {"runs": 8, "balls": 16, "wickets": 0}, "63e1e352": {"runs": 36, "balls": 44, "wickets": 0}, "e05b2a5b": {"runs": 10, "balls": 15, "wickets": 0}, "dfc3f02d": {"runs": 8, "balls": 18, "wickets": 0}, "903560ed": {"runs": 9, "balls": 9, "wickets": 0}, "867a45a7": {"runs": 5, "balls": 20, "wickets": 0}, "27c5a793": {"runs": 2, "balls": 6, "wickets": 0}, "660538af": {"runs": 9, "balls": 14, "wickets": 0}, "eb2d5fe7": {"runs": 12, "balls": 10, "wickets": 0}, "1e66c162": {"runs": 14, "balls": 28, "wickets": 0}, "782fb776": {"runs": 30, "balls": 59, "wickets": 0}, "f3b26fe4": {"runs": 17, "balls": 15, "wickets": 0}, "1cc0a83d": {"runs": 12, "balls": 10, "wickets": 0}, "e737a5fe": {"runs": 10, "balls": 25, "wickets": 0}, "05b1aef8": {"runs": 22, "balls": 44, "wickets": 1}, "0f721006": {"runs": 13, "balls": 28, "wickets": 0}, "861eed37": {"runs": 11, "balls": 12, "wickets": 0}, "23dee937": {"runs": 10, "balls": 11, "wickets": 0}, "00b195ae": {"runs": 1, "balls": 2, "wickets": 0}, "28d6c44d": {"runs": 7, "balls": 22, "wickets": 1}, "a790df98": {"runs": 10, "balls": 22, "wickets": 0}, "aae2eb6c": {"runs": 9, "balls": 7, "wickets": 0}, "ddee4125": {"runs": 11, "balls": 16, "wickets": 0}, "d617bf90": {"runs": 5, "balls": 5, "wickets": 1}, "1d48795b": {"runs": 1, "balls": 3, "wickets": 0}, "2d03c3f8": {"runs": 1, "balls": 8, "wickets": 0}, "7a32c1c1": {"runs": 2, "balls": 4, "wickets": 1}, "ab01e323": {"runs": 6, "balls": 3, "wickets": 1}, "ec5160d7": {"runs": 9, "balls": 7, "wickets": 0}, "693af62a": {"runs": 12, "balls": 9, "wickets": 0}, "5f031dc9": {"runs": 6, "balls": 7, "wickets": 0}, "52912da9": {"runs": 1, "balls": 1, "wickets": 0}, "93cad673": {"runs": 12, "balls": 6, "wickets": 0}, "94db3502": {"runs": 3, "balls": 5, "wickets": 0}, "7578b730": {"runs": 16, "balls": 18, "wickets": 0}, "0a396666": {"runs": 19, "balls": 27, "wickets": 0}, "353de846": {"runs": 7, "balls": 14, "wickets": 0}, "33a6488e": {"runs": 23, "balls": 45, "wickets": 1}, "f2665768": {"runs": 6, "balls": 6, "wickets": 0}}, "fifties": 51, "thirties": 36, "centuries": 21, "maidens": 92.0, "hattricks": 10, "runs": 9588.0, "wickets": 140.0, "club_ODI_previous3_runs": [25.0, 35.0, 104.0], "club_ODI_previous3_wickets": [0.0, 0.0, 0.0], "club_ODI_previous3_balls played": [30.0, 39.0, 126.0], "club_ODI_previous3_overs": [0.0, 3.0, 3.0], "club_ODI_previous3_runs gave": [0.0, 29.0, 23.0], "club_ODI_lifetime_runs": 1700.0, "club_ODI_lifetime_wickets": 37.0, "club_ODI_lifetime_balls played": 2079.0, "club_ODI_lifetime_overs": 348.3333333333333, "club_ODI_lifetime_runs gave": 2191.0, "club_Test_previous3_runs": [26.0, 39.0, 9.0], "club_Test_previous3_wickets": [0.0, 0.0, 0.0], "club_Test_previous3_balls played": [38.0, 76.0, 13.0], "club_Test_previous3_overs": [6.0, 0.0, 1.0], "club_Test_previous3_runs gave": [14.0, 0.0, 13.0], "club_Test_lifetime_runs": 7495.0, "club_Test_lifetime_wickets": 53.0, "club_Test_lifetime_balls played": 14205.0, "club_Test_lifetime_overs": 1062.3333333333335, "club_Test_lifetime_runs gave": 4392.0, "club_T20_previous3_runs": [4.0, 0.0, 26.0], "club_T20_previous3_wickets": [1.0, 0.0, 1.0], "club_T20_previous3_balls played": [4.0, 0.0, 19.0], "club_T20_previous3_overs": [2.0, 4.0, 2.0], "club_T20_previous3_runs gave": [16.0, 31.0, 23.0], "club_T20_lifetime_runs": 356.0, "club_T20_lifetime_wickets": 45.0, "club_T20_lifetime_balls played": 343.0, "club_T20_lifetime_overs": 175.00000000000003, "club_T20_lifetime_runs gave": 1493.0, "international_ODI_previous3_runs": [15.0, 3.0], "international_ODI_previous3_wickets": [0.0, 0.0], "international_ODI_previous3_balls played": [9.0, 7.0], "international_ODI_previous3_overs": [1.0, 8.0], "international_ODI_previous3_runs gave": [13.0, 59.0], "international_ODI_lifetime_runs": 18.0, "international_ODI_lifetime_wickets": 0.0, "international_ODI_lifetime_balls played": 16.0, "international_ODI_lifetime_overs": 9.0, "international_ODI_lifetime_runs gave": 72.0, "international_Test_previous3_runs": [5.0], "international_Test_previous3_wickets": [4.0], "international_Test_previous3_balls played": [19.0], "international_Test_previous3_overs": [13.0], "international_Test_previous3_runs gave": [82.0], "international_Test_lifetime_runs": 5.0, "international_Test_lifetime_wickets": 4.0, "international_Test_lifetime_balls played": 19.0, "international_Test_lifetime_overs": 13.0, "international_Test_lifetime_runs gave": 82.0, "international_T20_previous3_runs": [14.0], "international_T20_previous3_wickets": [1.0], "international_T20_previous3_balls played": [16.0], "international_T20_previous3_overs": [4.0], "international_T20_previous3_runs gave": [15.0], "international_T20_lifetime_runs": 14.0, "international_T20_lifetime_wickets": 1.0, "international_T20_lifetime_balls played": 16.0, "international_T20_lifetime_overs": 4.0, "international_T20_lifetime_runs gave": 15.0}