{"played_against": {"b287e7b1": {"runs": 40, "balls": 48, "wickets": 2}, "3cfbddce": {"runs": 52, "balls": 54, "wickets": 2}, "ed840f44": {"runs": 51, "balls": 38, "wickets": 0}, "d4f0c300": {"runs": 13, "balls": 11, "wickets": 1}, "98dfe425": {"runs": 45, "balls": 43, "wickets": 1}, "2ea9b32c": {"runs": 1, "balls": 1, "wickets": 0}, "4ed7d23f": {"runs": 6, "balls": 11, "wickets": 2}, "a594a6e0": {"runs": 0, "balls": 1, "wickets": 0}, "b4bbe95c": {"runs": 7, "balls": 32, "wickets": 1}, "84f1ae7f": {"runs": 56, "balls": 111, "wickets": 3}, "dae6fac5": {"runs": 4, "balls": 6, "wickets": 0}, "5463cb7a": {"runs": 81, "balls": 121, "wickets": 1}, "705489eb": {"runs": 15, "balls": 56, "wickets": 0}, "237ec05b": {"runs": 21, "balls": 22, "wickets": 1}, "53cd8da6": {"runs": 2, "balls": 10, "wickets": 0}, "63e3b6b3": {"runs": 82, "balls": 111, "wickets": 3}, "108c4c09": {"runs": 79, "balls": 78, "wickets": 2}, "4d4605e6": {"runs": 16, "balls": 9, "wickets": 1}, "16443d2f": {"runs": 19, "balls": 26, "wickets": 1}, "8c5775f3": {"runs": 16, "balls": 22, "wickets": 0}, "7544bf30": {"runs": 14, "balls": 12, "wickets": 0}, "6d76bc23": {"runs": 13, "balls": 14, "wickets": 0}, "be150fc8": {"runs": 54, "balls": 126, "wickets": 5}, "17608a6f": {"runs": 93, "balls": 186, "wickets": 6}, "0475a86b": {"runs": 82, "balls": 120, "wickets": 0}, "a5f488bc": {"runs": 3, "balls": 20, "wickets": 0}, "9b3bcca4": {"runs": 42, "balls": 75, "wickets": 0}, "3032933c": {"runs": 6, "balls": 7, "wickets": 0}, "ca5acfa4": {"runs": 31, "balls": 59, "wickets": 1}, "3021a755": {"runs": 54, "balls": 53, "wickets": 1}, "3b770527": {"runs": 14, "balls": 10, "wickets": 0}, "06653fcc": {"runs": 36, "balls": 30, "wickets": 0}, "e5be2427": {"runs": 16, "balls": 9, "wickets": 0}, "c736a96b": {"runs": 44, "balls": 18, "wickets": 0}, "de69af96": {"runs": 79, "balls": 87, "wickets": 2}, "9706e64b": {"runs": 21, "balls": 31, "wickets": 1}, "f3a18a0c": {"runs": 27, "balls": 23, "wickets": 1}, "60471339": {"runs": 66, "balls": 66, "wickets": 2}, "53d50717": {"runs": 48, "balls": 39, "wickets": 3}, "e2410b5e": {"runs": 8, "balls": 6, "wickets": 0}, "15f609ed": {"runs": 29, "balls": 35, "wickets": 3}, "89bbc67a": {"runs": 13, "balls": 11, "wickets": 1}, "4ba0289e": {"runs": 41, "balls": 33, "wickets": 1}, "2479daa6": {"runs": 79, "balls": 71, "wickets": 4}, "32497ecd": {"runs": 56, "balls": 55, "wickets": 2}, "8d742853": {"runs": 2, "balls": 4, "wickets": 0}, "6e8b586a": {"runs": 2, "balls": 3, "wickets": 0}, "4ac6664d": {"runs": 29, "balls": 46, "wickets": 1}, "f0b4294e": {"runs": 7, "balls": 8, "wickets": 0}, "f8e27d4a": {"runs": 7, "balls": 7, "wickets": 0}, "a1c4aed5": {"runs": 10, "balls": 11, "wickets": 0}, "ac56b5a7": {"runs": 2, "balls": 8, "wickets": 2}, "5f862ccd": {"runs": 22, "balls": 18, "wickets": 0}, "b55fb828": {"runs": 14, "balls": 30, "wickets": 0}, "a61850e6": {"runs": 10, "balls": 15, "wickets": 1}, "110839f2": {"runs": 5, "balls": 4, "wickets": 1}, "72b7ed1e": {"runs": 9, "balls": 9, "wickets": 0}, "a139c379": {"runs": 4, "balls": 9, "wickets": 0}, "99e23670": {"runs": 54, "balls": 45, "wickets": 0}, "72166006": {"runs": 8, "balls": 4, "wickets": 0}, "99812d10": {"runs": 14, "balls": 19, "wickets": 1}, "507acf2e": {"runs": 32, "balls": 19, "wickets": 0}, "2708b41c": {"runs": 1, "balls": 2, "wickets": 1}, "52d3b7ff": {"runs": 7, "balls": 9, "wickets": 0}, "0d518f89": {"runs": 11, "balls": 13, "wickets": 2}, "9b73d523": {"runs": 19, "balls": 20, "wickets": 1}, "53bee17f": {"runs": 48, "balls": 47, "wickets": 1}, "d6164dc0": {"runs": 11, "balls": 17, "wickets": 2}, "201fef33": {"runs": 43, "balls": 60, "wickets": 1}, "cdb82f1c": {"runs": 31, "balls": 31, "wickets": 4}, "ea8b65ab": {"runs": 10, "balls": 12, "wickets": 0}, "fa8f9dc3": {"runs": 1, "balls": 5, "wickets": 0}, "fb192f98": {"runs": 22, "balls": 10, "wickets": 0}, "c4e8d728": {"runs": 5, "balls": 4, "wickets": 1}, "efc40724": {"runs": 66, "balls": 54, "wickets": 0}, "8d6b36e3": {"runs": 12, "balls": 9, "wickets": 0}, "92cf79a8": {"runs": 20, "balls": 16, "wickets": 0}, "d32cf49a": {"runs": 25, "balls": 40, "wickets": 2}, "053dc208": {"runs": 16, "balls": 10, "wickets": 0}, "bc969efb": {"runs": 35, "balls": 36, "wickets": 0}, "c4fd751d": {"runs": 6, "balls": 3, "wickets": 0}, "5be043df": {"runs": 8, "balls": 6, "wickets": 1}, "27fa592f": {"runs": 20, "balls": 22, "wickets": 0}, "47bcaf7a": {"runs": 19, "balls": 17, "wickets": 2}, "d7b754d4": {"runs": 4, "balls": 7, "wickets": 0}, "852820e3": {"runs": 4, "balls": 5, "wickets": 0}, "d693012d": {"runs": 18, "balls": 21, "wickets": 0}, "7673c908": {"runs": 31, "balls": 27, "wickets": 0}, "d2763568": {"runs": 88, "balls": 76, "wickets": 1}, "02181d9a": {"runs": 37, "balls": 25, "wickets": 1}, "1ade138e": {"runs": 51, "balls": 50, "wickets": 2}, "c6625a26": {"runs": 42, "balls": 53, "wickets": 1}, "e69dbbef": {"runs": 38, "balls": 45, "wickets": 1}, "13c19f32": {"runs": 48, "balls": 37, "wickets": 1}, "907c51ab": {"runs": 12, "balls": 11, "wickets": 1}, "340202b0": {"runs": 49, "balls": 43, "wickets": 1}, "42d9dd09": {"runs": 7, "balls": 15, "wickets": 1}, "f0b4e47d": {"runs": 33, "balls": 25, "wickets": 1}, "d0bb40b8": {"runs": 47, "balls": 40, "wickets": 1}, "6c3aef71": {"runs": 14, "balls": 8, "wickets": 0}, "3664712e": {"runs": 4, "balls": 5, "wickets": 0}, "dbd79036": {"runs": 42, "balls": 27, "wickets": 0}, "5838cb64": {"runs": 6, "balls": 7, "wickets": 1}, "cd62f670": {"runs": 44, "balls": 41, "wickets": 1}, "c64b7c5b": {"runs": 12, "balls": 13, "wickets": 2}, "f13d3eba": {"runs": 78, "balls": 63, "wickets": 4}, "8ae7bb3e": {"runs": 104, "balls": 114, "wickets": 3}, "3a9e9cb2": {"runs": 10, "balls": 12, "wickets": 0}, "38b4583c": {"runs": 47, "balls": 63, "wickets": 0}, "3a9b3866": {"runs": 52, "balls": 51, "wickets": 0}, "06f988b8": {"runs": 4, "balls": 5, "wickets": 0}, "dff806f4": {"runs": 13, "balls": 10, "wickets": 0}, "ef70a34b": {"runs": 2, "balls": 4, "wickets": 0}, "0b69a844": {"runs": 6, "balls": 4, "wickets": 0}, "923402d8": {"runs": 13, "balls": 16, "wickets": 1}, "dd883071": {"runs": 7, "balls": 10, "wickets": 0}, "c218e4e7": {"runs": 3, "balls": 4, "wickets": 1}, "36453b99": {"runs": 7, "balls": 9, "wickets": 1}, "65d9b6b6": {"runs": 23, "balls": 25, "wickets": 0}, "abe30ff7": {"runs": 0, "balls": 1, "wickets": 0}, "2e0b6638": {"runs": 14, "balls": 16, "wickets": 0}, "9c515112": {"runs": 2, "balls": 3, "wickets": 0}, "b4e026de": {"runs": 34, "balls": 41, "wickets": 2}, "c2554b59": {"runs": 0, "balls": 2, "wickets": 1}, "7391f160": {"runs": 7, "balls": 9, "wickets": 0}, "e5b17517": {"runs": 84, "balls": 86, "wickets": 2}, "78fd864b": {"runs": 72, "balls": 78, "wickets": 1}, "7156272d": {"runs": 18, "balls": 16, "wickets": 1}, "708584cf": {"runs": 12, "balls": 10, "wickets": 0}, "b34e0c77": {"runs": 48, "balls": 42, "wickets": 1}, "971cb321": {"runs": 5, "balls": 7, "wickets": 0}, "b074cd46": {"runs": 35, "balls": 30, "wickets": 0}, "24596e4d": {"runs": 30, "balls": 31, "wickets": 2}, "8026ea72": {"runs": 19, "balls": 23, "wickets": 1}, "c4c374d9": {"runs": 5, "balls": 15, "wickets": 1}, "6a434bd3": {"runs": 7, "balls": 8, "wickets": 0}, "910dd54e": {"runs": 5, "balls": 6, "wickets": 0}, "04381402": {"runs": 0, "balls": 5, "wickets": 1}, "00823a96": {"runs": 91, "balls": 71, "wickets": 0}, "f61e2829": {"runs": 12, "balls": 14, "wickets": 1}, "d6a9af83": {"runs": 41, "balls": 44, "wickets": 0}, "7442f8dd": {"runs": 2, "balls": 3, "wickets": 0}, "f7b74efa": {"runs": 69, "balls": 67, "wickets": 2}, "d23c808d": {"runs": 56, "balls": 48, "wickets": 0}, "588360ee": {"runs": 57, "balls": 55, "wickets": 0}, "287ed3a0": {"runs": 21, "balls": 17, "wickets": 0}, "7b1f2542": {"runs": 44, "balls": 61, "wickets": 3}, "31adb911": {"runs": 65, "balls": 57, "wickets": 0}, "9af58032": {"runs": 48, "balls": 72, "wickets": 1}, "8ca1f93a": {"runs": 16, "balls": 25, "wickets": 2}, "b8cce99f": {"runs": 16, "balls": 21, "wickets": 1}, "645b2a2f": {"runs": 6, "balls": 9, "wickets": 0}, "2e81be88": {"runs": 28, "balls": 50, "wickets": 1}, "83558266": {"runs": 2, "balls": 6, "wickets": 0}, "2f9a6bd1": {"runs": 11, "balls": 21, "wickets": 1}, "75820733": {"runs": 11, "balls": 15, "wickets": 0}, "2f485713": {"runs": 44, "balls": 66, "wickets": 2}, "ebf683f9": {"runs": 16, "balls": 9, "wickets": 0}, "e893fef7": {"runs": 4, "balls": 4, "wickets": 0}, "68ac12a0": {"runs": 29, "balls": 22, "wickets": 1}, "b5c83d22": {"runs": 48, "balls": 61, "wickets": 0}, "e3a93585": {"runs": 69, "balls": 90, "wickets": 1}, "54719239": {"runs": 33, "balls": 27, "wickets": 1}, "cefad9fd": {"runs": 8, "balls": 19, "wickets": 3}, "eaeaf575": {"runs": 6, "balls": 5, "wickets": 0}, "fbd79b9b": {"runs": 30, "balls": 35, "wickets": 2}, "11ff23e3": {"runs": 25, "balls": 28, "wickets": 0}, "8f30d191": {"runs": 19, "balls": 16, "wickets": 1}, "35828bdd": {"runs": 27, "balls": 13, "wickets": 1}, "7306c48d": {"runs": 15, "balls": 10, "wickets": 0}, "c296dba1": {"runs": 58, "balls": 38, "wickets": 0}, "db362015": {"runs": 40, "balls": 54, "wickets": 2}, "625370f4": {"runs": 35, "balls": 30, "wickets": 0}, "0c694738": {"runs": 16, "balls": 8, "wickets": 1}, "af8c3a85": {"runs": 35, "balls": 19, "wickets": 1}, "c2ac0db5": {"runs": 17, "balls": 12, "wickets": 1}, "d7ff1adc": {"runs": 27, "balls": 19, "wickets": 0}, "275dff85": {"runs": 16, "balls": 17, "wickets": 0}, "78bec461": {"runs": 5, "balls": 8, "wickets": 0}, "eacd9bb1": {"runs": 3, "balls": 6, "wickets": 0}, "f57d5dbb": {"runs": 16, "balls": 16, "wickets": 1}, "3cd107a7": {"runs": 3, "balls": 6, "wickets": 0}, "b125ce63": {"runs": 5, "balls": 9, "wickets": 1}, "c35a0b8a": {"runs": 11, "balls": 5, "wickets": 0}, "fb9a8cc3": {"runs": 6, "balls": 6, "wickets": 0}, "4b0e3049": {"runs": 14, "balls": 12, "wickets": 1}, "321c980e": {"runs": 14, "balls": 12, "wickets": 0}, "6bebf334": {"runs": 6, "balls": 5, "wickets": 0}, "df9cdebf": {"runs": 49, "balls": 68, "wickets": 3}, "d945db3e": {"runs": 1, "balls": 1, "wickets": 0}, "752183c1": {"runs": 21, "balls": 13, "wickets": 0}, "9c4b58db": {"runs": 19, "balls": 5, "wickets": 0}, "6b4817d9": {"runs": 4, "balls": 5, "wickets": 0}, "2904b4b6": {"runs": 24, "balls": 16, "wickets": 0}, "a51e6c6e": {"runs": 28, "balls": 13, "wickets": 0}, "34f86a2d": {"runs": 20, "balls": 8, "wickets": 0}, "61c22ad0": {"runs": 24, "balls": 9, "wickets": 0}, "7467fe01": {"runs": 20, "balls": 10, "wickets": 0}, "e21475a5": {"runs": 5, "balls": 3, "wickets": 0}, "73db1940": {"runs": 6, "balls": 3, "wickets": 0}, "9414a81c": {"runs": 1, "balls": 2, "wickets": 1}, "aefd0567": {"runs": 11, "balls": 7, "wickets": 0}, "091001f8": {"runs": 34, "balls": 37, "wickets": 1}, "091cd172": {"runs": 5, "balls": 2, "wickets": 0}, "58717de2": {"runs": 38, "balls": 45, "wickets": 1}, "67045de6": {"runs": 16, "balls": 11, "wickets": 1}, "ea544967": {"runs": 38, "balls": 33, "wickets": 1}, "459a7b0a": {"runs": 6, "balls": 5, "wickets": 1}, "d8f20ba5": {"runs": 13, "balls": 6, "wickets": 1}, "20af5f5f": {"runs": 1, "balls": 6, "wickets": 1}, "c9366237": {"runs": 24, "balls": 17, "wickets": 1}, "39155047": {"runs": 23, "balls": 21, "wickets": 0}, "8e7be59c": {"runs": 17, "balls": 16, "wickets": 0}, "c3394c16": {"runs": 13, "balls": 12, "wickets": 0}, "b3ccffff": {"runs": 33, "balls": 29, "wickets": 1}, "d12c8445": {"runs": 22, "balls": 25, "wickets": 0}, "7ce7fb3c": {"runs": 6, "balls": 11, "wickets": 0}, "014cfac4": {"runs": 35, "balls": 28, "wickets": 1}, "5471b94a": {"runs": 9, "balls": 4, "wickets": 0}, "ef7baafc": {"runs": 2, "balls": 3, "wickets": 0}, "f929cd04": {"runs": 40, "balls": 44, "wickets": 1}, "f48d2a3a": {"runs": 14, "balls": 13, "wickets": 0}, "a6aea235": {"runs": 15, "balls": 11, "wickets": 0}, "385eac52": {"runs": 6, "balls": 14, "wickets": 0}, "2bfc7199": {"runs": 18, "balls": 12, "wickets": 0}, "9049ab63": {"runs": 8, "balls": 14, "wickets": 2}, "92b94582": {"runs": 6, "balls": 9, "wickets": 1}, "184512d1": {"runs": 3, "balls": 2, "wickets": 0}, "907e5f6c": {"runs": 2, "balls": 3, "wickets": 1}, "5f86ce69": {"runs": 2, "balls": 5, "wickets": 1}, "abc9f8a4": {"runs": 8, "balls": 8, "wickets": 0}, "a49985e6": {"runs": 9, "balls": 11, "wickets": 0}, "816af623": {"runs": 7, "balls": 8, "wickets": 0}, "7796dd75": {"runs": 7, "balls": 7, "wickets": 0}, "a2632c7c": {"runs": 2, "balls": 2, "wickets": 0}, "76419733": {"runs": 8, "balls": 14, "wickets": 0}, "99dc3877": {"runs": 3, "balls": 2, "wickets": 0}}, "fifties": 27, "thirties": 35, "centuries": 5, "maidens": 0.0, "hattricks": 0, "runs": 5661.0, "wickets": 0.0, "club_ODI_previous3_runs": [1.0, 2.0, 15.0], "club_ODI_previous3_wickets": [0.0, 0.0, 0.0], "club_ODI_previous3_balls played": [8.0, 7.0, 28.0], "club_ODI_previous3_overs": [0.0, 0.0, 0.0], "club_ODI_previous3_runs gave": [0.0, 0.0, 0.0], "club_ODI_lifetime_runs": 1650.0, "club_ODI_lifetime_wickets": 0.0, "club_ODI_lifetime_balls played": 1841.0, "club_ODI_lifetime_overs": 0.0, "club_ODI_lifetime_runs gave": 0.0, "club_Test_previous3_runs": [], "club_Test_previous3_wickets": [], "club_Test_previous3_balls played": [], "club_Test_previous3_overs": [], "club_Test_previous3_runs gave": [], "club_Test_lifetime_runs": 0.0, "club_Test_lifetime_wickets": 0.0, "club_Test_lifetime_balls played": 0.0, "club_Test_lifetime_overs": 0.0, "club_Test_lifetime_runs gave": 0.0, "club_T20_previous3_runs": [12.0, 10.0, 24.0], "club_T20_previous3_wickets": [0.0, 0.0, 0.0], "club_T20_previous3_balls played": [20.0, 11.0, 19.0], "club_T20_previous3_overs": [0.0, 0.0, 0.0], "club_T20_previous3_runs gave": [0.0, 0.0, 0.0], "club_T20_lifetime_runs": 2512.0, "club_T20_lifetime_wickets": 0.0, "club_T20_lifetime_balls played": 2213.0, "club_T20_lifetime_overs": 0.0, "club_T20_lifetime_runs gave": 0.0, "international_ODI_previous3_runs": [24.0, 0.0, 12.0], "international_ODI_previous3_wickets": [0.0, 0.0, 0.0], "international_ODI_previous3_balls played": [36.0, 4.0, 27.0], "international_ODI_previous3_overs": [0.0, 0.0, 0.0], "international_ODI_previous3_runs gave": [0.0, 0.0, 0.0], "international_ODI_lifetime_runs": 858.0, "international_ODI_lifetime_wickets": 0.0, "international_ODI_lifetime_balls played": 1206.0, "international_ODI_lifetime_overs": 0.0, "international_ODI_lifetime_runs gave": 0.0, "international_Test_previous3_runs": [38.0, 35.0, 37.0], "international_Test_previous3_wickets": [0.0, 0.0, 0.0], "international_Test_previous3_balls played": [199.0, 63.0, 71.0], "international_Test_previous3_overs": [0.0, 0.0, 0.0], "international_Test_previous3_runs gave": [0.0, 0.0, 0.0], "international_Test_lifetime_runs": 166.0, "international_Test_lifetime_wickets": 0.0, "international_Test_lifetime_balls played": 506.0, "international_Test_lifetime_overs": 0.0, "international_Test_lifetime_runs gave": 0.0, "international_T20_previous3_runs": [4.0, 24.0, 1.0], "international_T20_previous3_wickets": [0.0, 0.0, 0.0], "international_T20_previous3_balls played": [8.0, 28.0, 5.0], "international_T20_previous3_overs": [0.0, 0.0, 0.0], "international_T20_previous3_runs gave": [0.0, 0.0, 0.0], "international_T20_lifetime_runs": 475.0, "international_T20_lifetime_wickets": 0.0, "international_T20_lifetime_balls played": 412.0, "international_T20_lifetime_overs": 0.0, "international_T20_lifetime_runs gave": 0.0}