{"played_against": {"7b953689": {"runs": 2, "balls": 7, "wickets": 0}, "f1c61793": {"runs": 11, "balls": 16, "wickets": 1}, "898e628d": {"runs": 20, "balls": 24, "wickets": 0}, "10735e1d": {"runs": 9, "balls": 15, "wickets": 1}, "b08e58e2": {"runs": 7, "balls": 23, "wickets": 0}, "d405c0d5": {"runs": 14, "balls": 31, "wickets": 0}, "098229a5": {"runs": 22, "balls": 48, "wickets": 0}, "aa3c7a7a": {"runs": 61, "balls": 128, "wickets": 3}, "037429dc": {"runs": 4, "balls": 19, "wickets": 0}, "ff1e12a0": {"runs": 2, "balls": 8, "wickets": 0}, "1558d83b": {"runs": 25, "balls": 31, "wickets": 0}, "903560ed": {"runs": 15, "balls": 27, "wickets": 2}, "86b4bf88": {"runs": 20, "balls": 35, "wickets": 0}, "0164b064": {"runs": 11, "balls": 23, "wickets": 0}, "bc2d4f2e": {"runs": 16, "balls": 26, "wickets": 1}, "442461fa": {"runs": 9, "balls": 19, "wickets": 0}, "e1b9f3a9": {"runs": 36, "balls": 27, "wickets": 0}, "19b9f399": {"runs": 25, "balls": 41, "wickets": 0}, "32198ae0": {"runs": 11, "balls": 11, "wickets": 0}, "96824e68": {"runs": 21, "balls": 31, "wickets": 0}, "bc773eeb": {"runs": 22, "balls": 41, "wickets": 0}, "ccd4d679": {"runs": 25, "balls": 21, "wickets": 1}, "b03303ca": {"runs": 13, "balls": 17, "wickets": 0}, "519c30cb": {"runs": 57, "balls": 110, "wickets": 2}, "eaa76d3c": {"runs": 10, "balls": 11, "wickets": 0}, "7c8f533d": {"runs": 24, "balls": 63, "wickets": 0}, "ab965cad": {"runs": 15, "balls": 16, "wickets": 0}, "bd93fea4": {"runs": 15, "balls": 13, "wickets": 0}, "39d608d4": {"runs": 13, "balls": 22, "wickets": 3}, "38c276e1": {"runs": 10, "balls": 14, "wickets": 1}, "ab21795b": {"runs": 1, "balls": 1, "wickets": 0}, "00cda8e4": {"runs": 19, "balls": 35, "wickets": 0}, "ac2e7ec0": {"runs": 32, "balls": 50, "wickets": 0}, "b3267eaa": {"runs": 20, "balls": 28, "wickets": 0}, "7f232d46": {"runs": 13, "balls": 21, "wickets": 0}, "60c28835": {"runs": 6, "balls": 5, "wickets": 0}, "68e26ec9": {"runs": 4, "balls": 9, "wickets": 1}, "be69e09d": {"runs": 14, "balls": 77, "wickets": 1}, "a2421394": {"runs": 13, "balls": 63, "wickets": 0}}, "fifties": 1, "thirties": 4, "centuries": 3, "maidens": 34.0, "hattricks": 2, "runs": 667.0, "wickets": 16.0, "club_ODI_previous3_runs": [], "club_ODI_previous3_wickets": [], "club_ODI_previous3_balls played": [], "club_ODI_previous3_overs": [], "club_ODI_previous3_runs gave": [], "club_ODI_lifetime_runs": 0.0, "club_ODI_lifetime_wickets": 0.0, "club_ODI_lifetime_balls played": 0.0, "club_ODI_lifetime_overs": 0.0, "club_ODI_lifetime_runs gave": 0.0, "club_Test_previous3_runs": [111.0, 15.0, 49.0], "club_Test_previous3_wickets": [1.0, 0.0, 1.0], "club_Test_previous3_balls played": [174.0, 43.0, 195.0], "club_Test_previous3_overs": [12.0, 7.0, 14.833333333333334], "club_Test_previous3_runs gave": [30.0, 39.0, 63.0], "club_Test_lifetime_runs": 667.0, "club_Test_lifetime_wickets": 16.0, "club_Test_lifetime_balls played": 1210.0, "club_Test_lifetime_overs": 206.5, "club_Test_lifetime_runs gave": 740.0, "club_T20_previous3_runs": [], "club_T20_previous3_wickets": [], "club_T20_previous3_balls played": [], "club_T20_previous3_overs": [], "club_T20_previous3_runs gave": [], "club_T20_lifetime_runs": 0.0, "club_T20_lifetime_wickets": 0.0, "club_T20_lifetime_balls played": 0.0, "club_T20_lifetime_overs": 0.0, "club_T20_lifetime_runs gave": 0.0, "international_ODI_previous3_runs": [], "international_ODI_previous3_wickets": [], "international_ODI_previous3_balls played": [], "international_ODI_previous3_overs": [], "international_ODI_previous3_runs gave": [], "international_ODI_lifetime_runs": 0.0, "international_ODI_lifetime_wickets": 0.0, "international_ODI_lifetime_balls played": 0.0, "international_ODI_lifetime_overs": 0.0, "international_ODI_lifetime_runs gave": 0.0, "international_Test_previous3_runs": [], "international_Test_previous3_wickets": [], "international_Test_previous3_balls played": [], "international_Test_previous3_overs": [], "international_Test_previous3_runs gave": [], "international_Test_lifetime_runs": 0.0, "international_Test_lifetime_wickets": 0.0, "international_Test_lifetime_balls played": 0.0, "international_Test_lifetime_overs": 0.0, "international_Test_lifetime_runs gave": 0.0, "international_T20_previous3_runs": [], "international_T20_previous3_wickets": [], "international_T20_previous3_balls played": [], "international_T20_previous3_overs": [], "international_T20_previous3_runs gave": [], "international_T20_lifetime_runs": 0.0, "international_T20_lifetime_wickets": 0.0, "international_T20_lifetime_balls played": 0.0, "international_T20_lifetime_overs": 0.0, "international_T20_lifetime_runs gave": 0.0}