{"played_against": {"68c56d09": {"runs": 9, "balls": 20, "wickets": 0}, "f987245c": {"runs": 20, "balls": 31, "wickets": 0}, "89fe6043": {"runs": 5, "balls": 14, "wickets": 0}, "383dd431": {"runs": 9, "balls": 27, "wickets": 2}, "b082d112": {"runs": 1, "balls": 6, "wickets": 0}, "52d11798": {"runs": 6, "balls": 12, "wickets": 0}, "1b3acd33": {"runs": 1, "balls": 3, "wickets": 0}, "7112662b": {"runs": 0, "balls": 10, "wickets": 2}, "a818c1be": {"runs": 6, "balls": 6, "wickets": 1}, "13c35c9e": {"runs": 6, "balls": 13, "wickets": 0}, "641ac5ff": {"runs": 0, "balls": 2, "wickets": 1}, "e84ac20c": {"runs": 0, "balls": 1, "wickets": 0}, "19cc9592": {"runs": 5, "balls": 7, "wickets": 0}}, "fifties": 0, "thirties": 1, "centuries": 0, "maidens": 23.0, "hattricks": 1, "runs": 68.0, "wickets": 5.0, "club_ODI_previous3_runs": [], "club_ODI_previous3_wickets": [], "club_ODI_previous3_balls played": [], "club_ODI_previous3_overs": [], "club_ODI_previous3_runs gave": [], "club_ODI_lifetime_runs": 0.0, "club_ODI_lifetime_wickets": 0.0, "club_ODI_lifetime_balls played": 0.0, "club_ODI_lifetime_overs": 0.0, "club_ODI_lifetime_runs gave": 0.0, "club_Test_previous3_runs": [8.0, 12.0, 12.0], "club_Test_previous3_wickets": [1.0, 1.0, 0.0], "club_Test_previous3_balls played": [31.0, 22.0, 27.0], "club_Test_previous3_overs": [18.0, 31.0, 32.0], "club_Test_previous3_runs gave": [51.0, 128.0, 120.0], "club_Test_lifetime_runs": 68.0, "club_Test_lifetime_wickets": 5.0, "club_Test_lifetime_balls played": 153.0, "club_Test_lifetime_overs": 127.33333333333333, "club_Test_lifetime_runs gave": 491.0, "club_T20_previous3_runs": [0.0], "club_T20_previous3_wickets": [0.0], "club_T20_previous3_balls played": [0.0], "club_T20_previous3_overs": [4.0], "club_T20_previous3_runs gave": [23.0], "club_T20_lifetime_runs": 0.0, "club_T20_lifetime_wickets": 0.0, "club_T20_lifetime_balls played": 0.0, "club_T20_lifetime_overs": 4.0, "club_T20_lifetime_runs gave": 23.0, "international_ODI_previous3_runs": [], "international_ODI_previous3_wickets": [], "international_ODI_previous3_balls played": [], "international_ODI_previous3_overs": [], "international_ODI_previous3_runs gave": [], "international_ODI_lifetime_runs": 0.0, "international_ODI_lifetime_wickets": 0.0, "international_ODI_lifetime_balls played": 0.0, "international_ODI_lifetime_overs": 0.0, "international_ODI_lifetime_runs gave": 0.0, "international_Test_previous3_runs": [], "international_Test_previous3_wickets": [], "international_Test_previous3_balls played": [], "international_Test_previous3_overs": [], "international_Test_previous3_runs gave": [], "international_Test_lifetime_runs": 0.0, "international_Test_lifetime_wickets": 0.0, "international_Test_lifetime_balls played": 0.0, "international_Test_lifetime_overs": 0.0, "international_Test_lifetime_runs gave": 0.0, "international_T20_previous3_runs": [], "international_T20_previous3_wickets": [], "international_T20_previous3_balls played": [], "international_T20_previous3_overs": [], "international_T20_previous3_runs gave": [], "international_T20_lifetime_runs": 0.0, "international_T20_lifetime_wickets": 0.0, "international_T20_lifetime_balls played": 0.0, "international_T20_lifetime_overs": 0.0, "international_T20_lifetime_runs gave": 0.0}