{"played_against": {"de69af96": {"runs": 181, "balls": 161, "wickets": 2}, "17608a6f": {"runs": 169, "balls": 142, "wickets": 2}, "9b3bcca4": {"runs": 120, "balls": 92, "wickets": 1}, "ca5acfa4": {"runs": 128, "balls": 90, "wickets": 2}, "a5f488bc": {"runs": 111, "balls": 81, "wickets": 2}, "3032933c": {"runs": 5, "balls": 6, "wickets": 0}, "84f1ae7f": {"runs": 70, "balls": 77, "wickets": 4}, "5463cb7a": {"runs": 126, "balls": 94, "wickets": 4}, "b4bbe95c": {"runs": 3, "balls": 4, "wickets": 0}, "7c1ba524": {"runs": 39, "balls": 37, "wickets": 0}, "201fef33": {"runs": 277, "balls": 274, "wickets": 3}, "237ec05b": {"runs": 121, "balls": 112, "wickets": 1}, "60471339": {"runs": 195, "balls": 218, "wickets": 8}, "72b7ed1e": {"runs": 78, "balls": 85, "wickets": 1}, "180240d4": {"runs": 50, "balls": 46, "wickets": 1}, "89bbc67a": {"runs": 93, "balls": 82, "wickets": 0}, "93fe473e": {"runs": 7, "balls": 14, "wickets": 0}, "e2410b5e": {"runs": 16, "balls": 27, "wickets": 1}, "907c51ab": {"runs": 56, "balls": 42, "wickets": 1}, "be150fc8": {"runs": 96, "balls": 65, "wickets": 0}, "e149d0ae": {"runs": 0, "balls": 1, "wickets": 0}, "53d50717": {"runs": 28, "balls": 26, "wickets": 3}, "4ed7d23f": {"runs": 47, "balls": 33, "wickets": 2}, "f3a18a0c": {"runs": 226, "balls": 275, "wickets": 4}, "15f609ed": {"runs": 13, "balls": 10, "wickets": 0}, "3a9b3866": {"runs": 6, "balls": 9, "wickets": 0}, "340202b0": {"runs": 52, "balls": 42, "wickets": 0}, "32497ecd": {"runs": 196, "balls": 170, "wickets": 2}, "4ba0289e": {"runs": 75, "balls": 78, "wickets": 0}, "8d742853": {"runs": 9, "balls": 7, "wickets": 0}, "6e8b586a": {"runs": 8, "balls": 5, "wickets": 0}, "2479daa6": {"runs": 60, "balls": 40, "wickets": 0}, "92cf79a8": {"runs": 56, "balls": 51, "wickets": 2}, "a0fdf513": {"runs": 50, "balls": 53, "wickets": 0}, "ac56b5a7": {"runs": 74, "balls": 59, "wickets": 1}, "b55fb828": {"runs": 59, "balls": 38, "wickets": 0}, "b37b035c": {"runs": 5, "balls": 2, "wickets": 0}, "8b552293": {"runs": 7, "balls": 4, "wickets": 0}, "63e3b6b3": {"runs": 188, "balls": 197, "wickets": 4}, "16443d2f": {"runs": 10, "balls": 16, "wickets": 0}, "0d518f89": {"runs": 87, "balls": 76, "wickets": 3}, "6a434bd3": {"runs": 198, "balls": 192, "wickets": 4}, "507acf2e": {"runs": 22, "balls": 18, "wickets": 2}, "437068a1": {"runs": 28, "balls": 23, "wickets": 0}, "ea8b65ab": {"runs": 51, "balls": 54, "wickets": 2}, "207ba61e": {"runs": 4, "balls": 7, "wickets": 1}, "b8cce99f": {"runs": 59, "balls": 51, "wickets": 1}, "83558266": {"runs": 35, "balls": 33, "wickets": 2}, "275dff85": {"runs": 88, "balls": 69, "wickets": 1}, "0816fb1e": {"runs": 120, "balls": 100, "wickets": 3}, "fe731c62": {"runs": 67, "balls": 58, "wickets": 1}, "dff806f4": {"runs": 67, "balls": 54, "wickets": 1}, "d32cf49a": {"runs": 173, "balls": 121, "wickets": 2}, "110839f2": {"runs": 3, "balls": 7, "wickets": 1}, "cb937b2d": {"runs": 32, "balls": 18, "wickets": 0}, "df04fc4f": {"runs": 28, "balls": 23, "wickets": 0}, "2e0b6638": {"runs": 29, "balls": 30, "wickets": 0}, "72166006": {"runs": 27, "balls": 25, "wickets": 0}, "f57d5dbb": {"runs": 97, "balls": 75, "wickets": 1}, "78bec461": {"runs": 121, "balls": 71, "wickets": 2}, "99e23670": {"runs": 78, "balls": 63, "wickets": 1}, "a139c379": {"runs": 5, "balls": 7, "wickets": 1}, "99e26cea": {"runs": 81, "balls": 55, "wickets": 0}, "f95e48fe": {"runs": 14, "balls": 11, "wickets": 0}, "2708b41c": {"runs": 15, "balls": 19, "wickets": 1}, "8d6b36e3": {"runs": 72, "balls": 73, "wickets": 1}, "ae2c396f": {"runs": 41, "balls": 58, "wickets": 1}, "7673c908": {"runs": 156, "balls": 175, "wickets": 9}, "c29ada99": {"runs": 16, "balls": 26, "wickets": 1}, "2f9a6bd1": {"runs": 46, "balls": 57, "wickets": 0}, "1f7825dd": {"runs": 5, "balls": 8, "wickets": 0}, "a49985e6": {"runs": 15, "balls": 15, "wickets": 0}, "53bee17f": {"runs": 21, "balls": 13, "wickets": 0}, "42d9dd09": {"runs": 11, "balls": 13, "wickets": 1}, "5f862ccd": {"runs": 0, "balls": 6, "wickets": 1}, "98dfe425": {"runs": 0, "balls": 2, "wickets": 1}, "53cd8da6": {"runs": 61, "balls": 45, "wickets": 0}, "705489eb": {"runs": 42, "balls": 23, "wickets": 0}, "d0bb40b8": {"runs": 95, "balls": 79, "wickets": 1}, "108c4c09": {"runs": 147, "balls": 121, "wickets": 3}, "ce85fcaf": {"runs": 60, "balls": 67, "wickets": 0}, "6d76bc23": {"runs": 21, "balls": 12, "wickets": 0}, "8c5775f3": {"runs": 98, "balls": 63, "wickets": 3}, "9706e64b": {"runs": 86, "balls": 132, "wickets": 1}, "cdb82f1c": {"runs": 290, "balls": 335, "wickets": 7}, "dd883071": {"runs": 66, "balls": 40, "wickets": 1}, "f0b4e47d": {"runs": 95, "balls": 62, "wickets": 1}, "40d4befb": {"runs": 8, "balls": 4, "wickets": 0}, "c4fd751d": {"runs": 11, "balls": 4, "wickets": 0}, "28aba384": {"runs": 22, "balls": 15, "wickets": 0}, "af8c3a85": {"runs": 84, "balls": 66, "wickets": 4}, "c3f21798": {"runs": 7, "balls": 7, "wickets": 0}, "fa8f9dc3": {"runs": 15, "balls": 10, "wickets": 0}, "72e3d89d": {"runs": 12, "balls": 9, "wickets": 0}, "e219f17a": {"runs": 4, "balls": 1, "wickets": 0}, "06f988b8": {"runs": 19, "balls": 32, "wickets": 3}, "8026ea72": {"runs": 127, "balls": 112, "wickets": 3}, "e69dbbef": {"runs": 11, "balls": 9, "wickets": 0}, "6c3aef71": {"runs": 122, "balls": 82, "wickets": 1}, "02181d9a": {"runs": 15, "balls": 14, "wickets": 0}, "1ade138e": {"runs": 150, "balls": 166, "wickets": 1}, "053dc208": {"runs": 5, "balls": 4, "wickets": 0}, "efc40724": {"runs": 23, "balls": 14, "wickets": 0}, "13c19f32": {"runs": 12, "balls": 6, "wickets": 0}, "38b4583c": {"runs": 124, "balls": 106, "wickets": 0}, "58717de2": {"runs": 6, "balls": 5, "wickets": 0}, "287ed3a0": {"runs": 24, "balls": 20, "wickets": 0}, "00823a96": {"runs": 42, "balls": 42, "wickets": 1}, "fbd79b9b": {"runs": 34, "balls": 23, "wickets": 0}, "9b73d523": {"runs": 55, "balls": 66, "wickets": 3}, "7239a365": {"runs": 2, "balls": 3, "wickets": 0}, "b287e7b1": {"runs": 32, "balls": 35, "wickets": 0}, "c981d3c2": {"runs": 54, "balls": 41, "wickets": 1}, "ed840f44": {"runs": 104, "balls": 94, "wickets": 1}, "06653fcc": {"runs": 52, "balls": 41, "wickets": 0}, "a51e6c6e": {"runs": 65, "balls": 70, "wickets": 1}, "2904b4b6": {"runs": 9, "balls": 14, "wickets": 2}, "c736a96b": {"runs": 27, "balls": 17, "wickets": 0}, "fa8a3eb0": {"runs": 8, "balls": 7, "wickets": 1}, "50ee0500": {"runs": 1, "balls": 2, "wickets": 0}, "69a9bb78": {"runs": 2, "balls": 5, "wickets": 0}, "d58fdb42": {"runs": 1, "balls": 1, "wickets": 0}, "b4f73b44": {"runs": 10, "balls": 10, "wickets": 0}, "0b69a844": {"runs": 98, "balls": 76, "wickets": 2}, "8ca1f93a": {"runs": 12, "balls": 9, "wickets": 0}, "eadc8924": {"runs": 23, "balls": 20, "wickets": 0}, "22fad2b6": {"runs": 5, "balls": 5, "wickets": 0}, "99812d10": {"runs": 51, "balls": 38, "wickets": 1}, "923402d8": {"runs": 8, "balls": 8, "wickets": 0}, "ef70a34b": {"runs": 23, "balls": 23, "wickets": 1}, "65d9b6b6": {"runs": 86, "balls": 69, "wickets": 1}, "a594a6e0": {"runs": 57, "balls": 30, "wickets": 0}, "13781d43": {"runs": 6, "balls": 2, "wickets": 0}, "bc969efb": {"runs": 111, "balls": 80, "wickets": 0}, "9c515112": {"runs": 48, "balls": 42, "wickets": 1}, "2bfc7199": {"runs": 25, "balls": 14, "wickets": 0}, "caaf2219": {"runs": 1, "balls": 2, "wickets": 0}, "216ae65f": {"runs": 4, "balls": 7, "wickets": 0}, "a0bc8dc1": {"runs": 16, "balls": 17, "wickets": 1}, "abe30ff7": {"runs": 16, "balls": 7, "wickets": 0}, "27fa592f": {"runs": 47, "balls": 26, "wickets": 0}, "877dd709": {"runs": 18, "balls": 8, "wickets": 0}, "5be043df": {"runs": 34, "balls": 27, "wickets": 0}, "d5eb8b84": {"runs": 89, "balls": 68, "wickets": 3}, "75820733": {"runs": 21, "balls": 34, "wickets": 3}, "6bebf334": {"runs": 4, "balls": 11, "wickets": 0}, "77851c2d": {"runs": 14, "balls": 9, "wickets": 0}, "321c980e": {"runs": 32, "balls": 35, "wickets": 0}, "52d3b7ff": {"runs": 48, "balls": 40, "wickets": 0}, "dbd79036": {"runs": 44, "balls": 46, "wickets": 1}, "5838cb64": {"runs": 8, "balls": 8, "wickets": 0}, "550373ea": {"runs": 52, "balls": 32, "wickets": 1}, "4ac6664d": {"runs": 1, "balls": 1, "wickets": 0}, "a61850e6": {"runs": 27, "balls": 26, "wickets": 0}, "c6b09326": {"runs": 33, "balls": 35, "wickets": 0}, "47bcaf7a": {"runs": 38, "balls": 35, "wickets": 1}, "36453b99": {"runs": 23, "balls": 13, "wickets": 0}, "5471b94a": {"runs": 40, "balls": 30, "wickets": 0}, "50b558d2": {"runs": 56, "balls": 35, "wickets": 0}, "d71e33bb": {"runs": 28, "balls": 26, "wickets": 0}, "b34e0c77": {"runs": 88, "balls": 61, "wickets": 1}, "3664712e": {"runs": 0, "balls": 2, "wickets": 1}, "037f2b86": {"runs": 21, "balls": 28, "wickets": 0}, "66078174": {"runs": 40, "balls": 49, "wickets": 0}, "bec997fc": {"runs": 8, "balls": 6, "wickets": 0}, "a92763ea": {"runs": 35, "balls": 38, "wickets": 0}, "558cdd64": {"runs": 30, "balls": 30, "wickets": 1}, "752183c1": {"runs": 19, "balls": 10, "wickets": 0}, "686362af": {"runs": 83, "balls": 60, "wickets": 0}, "ea544967": {"runs": 122, "balls": 113, "wickets": 2}, "865eae1f": {"runs": 10, "balls": 14, "wickets": 0}, "c218e4e7": {"runs": 26, "balls": 21, "wickets": 0}, "0475a86b": {"runs": 69, "balls": 55, "wickets": 1}, "d693012d": {"runs": 11, "balls": 14, "wickets": 0}, "c2ac0db5": {"runs": 36, "balls": 25, "wickets": 1}, "34faa3ac": {"runs": 1, "balls": 2, "wickets": 0}, "2e81be88": {"runs": 58, "balls": 47, "wickets": 3}, "d7b754d4": {"runs": 63, "balls": 42, "wickets": 1}, "c3d27d76": {"runs": 13, "balls": 11, "wickets": 2}, "4d4605e6": {"runs": 129, "balls": 98, "wickets": 0}, "14a760dc": {"runs": 8, "balls": 6, "wickets": 0}, "b125ce63": {"runs": 27, "balls": 14, "wickets": 0}, "9af58032": {"runs": 29, "balls": 26, "wickets": 1}, "7391f160": {"runs": 16, "balls": 15, "wickets": 0}, "f176e421": {"runs": 79, "balls": 65, "wickets": 0}, "c4c374d9": {"runs": 74, "balls": 90, "wickets": 2}, "7298db76": {"runs": 161, "balls": 176, "wickets": 3}, "e5b17517": {"runs": 28, "balls": 15, "wickets": 1}, "1757bedf": {"runs": 4, "balls": 5, "wickets": 0}, "eacd9bb1": {"runs": 35, "balls": 27, "wickets": 1}, "be50addf": {"runs": 16, "balls": 8, "wickets": 0}, "1f4a8a2a": {"runs": 26, "balls": 17, "wickets": 0}, "cb08b611": {"runs": 11, "balls": 5, "wickets": 0}, "f7e41cd8": {"runs": 7, "balls": 6, "wickets": 0}, "5f377534": {"runs": 24, "balls": 19, "wickets": 1}, "c6625a26": {"runs": 26, "balls": 50, "wickets": 1}, "821d7d46": {"runs": 38, "balls": 31, "wickets": 0}, "6e28e586": {"runs": 11, "balls": 5, "wickets": 0}, "5bf87532": {"runs": 10, "balls": 5, "wickets": 0}, "ad3940a5": {"runs": 8, "balls": 7, "wickets": 0}, "1b1c23bb": {"runs": 14, "balls": 10, "wickets": 0}, "ffd5fcd8": {"runs": 16, "balls": 8, "wickets": 0}, "d284ef29": {"runs": 2, "balls": 5, "wickets": 1}, "397369e0": {"runs": 26, "balls": 34, "wickets": 0}, "07248d8e": {"runs": 5, "balls": 4, "wickets": 0}, "5a50471c": {"runs": 11, "balls": 13, "wickets": 1}, "940feccc": {"runs": 11, "balls": 13, "wickets": 0}, "ea9c54de": {"runs": 58, "balls": 53, "wickets": 0}, "aeccf5cc": {"runs": 0, "balls": 2, "wickets": 0}, "53bb50f0": {"runs": 41, "balls": 37, "wickets": 1}, "0d56e9a5": {"runs": 59, "balls": 24, "wickets": 0}, "6df697a9": {"runs": 41, "balls": 27, "wickets": 1}, "abc9f8a4": {"runs": 13, "balls": 5, "wickets": 0}, "7b1f2542": {"runs": 12, "balls": 7, "wickets": 0}, "fb192f98": {"runs": 11, "balls": 7, "wickets": 0}, "35828bdd": {"runs": 4, "balls": 4, "wickets": 0}, "f13d3eba": {"runs": 17, "balls": 7, "wickets": 0}, "c64b7c5b": {"runs": 1, "balls": 1, "wickets": 0}, "31adb911": {"runs": 33, "balls": 32, "wickets": 1}, "cefad9fd": {"runs": 7, "balls": 3, "wickets": 0}, "cd62f670": {"runs": 9, "balls": 10, "wickets": 1}, "3cd107a7": {"runs": 3, "balls": 5, "wickets": 0}, "910dd54e": {"runs": 32, "balls": 40, "wickets": 1}, "d7ff1adc": {"runs": 13, "balls": 16, "wickets": 1}, "fa0bf9d9": {"runs": 16, "balls": 18, "wickets": 1}, "f9ded29b": {"runs": 31, "balls": 19, "wickets": 1}, "9714e764": {"runs": 13, "balls": 7, "wickets": 0}, "a50797a4": {"runs": 28, "balls": 28, "wickets": 1}, "e04fb55d": {"runs": 12, "balls": 15, "wickets": 0}, "d2763568": {"runs": 15, "balls": 14, "wickets": 1}, "d8f20ba5": {"runs": 12, "balls": 6, "wickets": 0}, "816af623": {"runs": 8, "balls": 2, "wickets": 0}, "4b0e3049": {"runs": 2, "balls": 4, "wickets": 0}, "5c30d455": {"runs": 8, "balls": 9, "wickets": 0}, "73d09f44": {"runs": 7, "balls": 10, "wickets": 0}, "f2c1f0e5": {"runs": 8, "balls": 9, "wickets": 0}, "33946d69": {"runs": 24, "balls": 35, "wickets": 0}, "9565fda6": {"runs": 8, "balls": 7, "wickets": 0}, "25ca0573": {"runs": 13, "balls": 26, "wickets": 1}, "be592751": {"runs": 8, "balls": 11, "wickets": 0}, "ccaa3434": {"runs": 9, "balls": 26, "wickets": 0}, "dcf0e8f4": {"runs": 6, "balls": 9, "wickets": 0}, "4a3cdeec": {"runs": 1, "balls": 1, "wickets": 0}, "77143581": {"runs": 5, "balls": 3, "wickets": 0}, "a4dcac97": {"runs": 0, "balls": 1, "wickets": 1}, "7d794fa6": {"runs": 6, "balls": 6, "wickets": 0}, "fb0c0bcc": {"runs": 15, "balls": 25, "wickets": 0}, "aaf037b1": {"runs": 35, "balls": 37, "wickets": 0}, "36d2face": {"runs": 6, "balls": 5, "wickets": 0}, "89895ae1": {"runs": 11, "balls": 5, "wickets": 0}, "7b51bfa4": {"runs": 2, "balls": 6, "wickets": 1}, "54719239": {"runs": 9, "balls": 7, "wickets": 1}, "2f485713": {"runs": 5, "balls": 9, "wickets": 0}, "8a452195": {"runs": 2, "balls": 5, "wickets": 0}, "459a7b0a": {"runs": 4, "balls": 2, "wickets": 1}, "8ae7bb3e": {"runs": 23, "balls": 16, "wickets": 0}, "645b2a2f": {"runs": 1, "balls": 2, "wickets": 1}, "7693851c": {"runs": 18, "balls": 16, "wickets": 1}, "c34a15e6": {"runs": 2, "balls": 3, "wickets": 0}, "f19c8dc0": {"runs": 1, "balls": 2, "wickets": 0}, "803af9e0": {"runs": 3, "balls": 3, "wickets": 0}, "0ded1af1": {"runs": 11, "balls": 6, "wickets": 0}, "99dc3877": {"runs": 3, "balls": 4, "wickets": 0}, "44b2bacc": {"runs": 7, "balls": 3, "wickets": 0}}, "fifties": 86, "thirties": 52, "centuries": 9, "maidens": 0.0, "hattricks": 0, "runs": 10966.0, "wickets": 0.0, "club_ODI_previous3_runs": [], "club_ODI_previous3_wickets": [], "club_ODI_previous3_balls played": [], "club_ODI_previous3_overs": [], "club_ODI_previous3_runs gave": [], "club_ODI_lifetime_runs": 0.0, "club_ODI_lifetime_wickets": 0.0, "club_ODI_lifetime_balls played": 0.0, "club_ODI_lifetime_overs": 0.0, "club_ODI_lifetime_runs gave": 0.0, "club_Test_previous3_runs": [], "club_Test_previous3_wickets": [], "club_Test_previous3_balls played": [], "club_Test_previous3_overs": [], "club_Test_previous3_runs gave": [], "club_Test_lifetime_runs": 0.0, "club_Test_lifetime_wickets": 0.0, "club_Test_lifetime_balls played": 0.0, "club_Test_lifetime_overs": 0.0, "club_Test_lifetime_runs gave": 0.0, "club_T20_previous3_runs": [8.0, 30.0, 7.0], "club_T20_previous3_wickets": [0.0, 0.0, 0.0], "club_T20_previous3_balls played": [10.0, 21.0, 7.0], "club_T20_previous3_overs": [0.0, 0.0, 0.0], "club_T20_previous3_runs gave": [0.0, 0.0, 0.0], "club_T20_lifetime_runs": 5295.0, "club_T20_lifetime_wickets": 0.0, "club_T20_lifetime_balls played": 4085.0, "club_T20_lifetime_overs": 0.0, "club_T20_lifetime_runs gave": 0.0, "international_ODI_previous3_runs": [25.0, 8.0, 21.0], "international_ODI_previous3_wickets": [0.0, 0.0, 0.0], "international_ODI_previous3_balls played": [62.0, 12.0, 22.0], "international_ODI_previous3_overs": [0.0, 0.0, 0.0], "international_ODI_previous3_runs gave": [0.0, 0.0, 0.0], "international_ODI_lifetime_runs": 2260.0, "international_ODI_lifetime_wickets": 0.0, "international_ODI_lifetime_balls played": 2592.0, "international_ODI_lifetime_overs": 0.0, "international_ODI_lifetime_runs gave": 0.0, "international_Test_previous3_runs": [118.0, 73.0, 78.0], "international_Test_previous3_wickets": [0.0, 0.0, 0.0], "international_Test_previous3_balls played": [224.0, 131.0, 108.0], "international_Test_previous3_overs": [0.0, 0.0, 0.0], "international_Test_previous3_runs gave": [0.0, 0.0, 0.0], "international_Test_lifetime_runs": 453.0, "international_Test_lifetime_wickets": 0.0, "international_Test_lifetime_balls played": 872.0, "international_Test_lifetime_overs": 0.0, "international_Test_lifetime_runs gave": 0.0, "international_T20_previous3_runs": [15.0, 2.0, 44.0], "international_T20_previous3_wickets": [0.0, 0.0, 0.0], "international_T20_previous3_balls played": [15.0, 7.0, 41.0], "international_T20_previous3_overs": [0.0, 0.0, 0.0], "international_T20_previous3_runs gave": [0.0, 0.0, 0.0], "international_T20_lifetime_runs": 2958.0, "international_T20_lifetime_wickets": 0.0, "international_T20_lifetime_balls played": 2372.0, "international_T20_lifetime_overs": 0.0, "international_T20_lifetime_runs gave": 0.0}