{"played_against": {"44d0e8af": {"runs": 0, "balls": 5, "wickets": 1}, "88ea829f": {"runs": 8, "balls": 11, "wickets": 0}, "3a076265": {"runs": 1, "balls": 5, "wickets": 0}, "9dbc6f42": {"runs": 1, "balls": 3, "wickets": 0}, "ffae3d12": {"runs": 2, "balls": 2, "wickets": 0}, "5b4e5d3d": {"runs": 1, "balls": 3, "wickets": 0}, "4d498084": {"runs": 3, "balls": 3, "wickets": 0}, "10cfda7c": {"runs": 1, "balls": 2, "wickets": 0}, "db1068a6": {"runs": 0, "balls": 4, "wickets": 0}, "55223171": {"runs": 0, "balls": 5, "wickets": 1}, "b0023708": {"runs": 0, "balls": 3, "wickets": 0}, "8ce69204": {"runs": 0, "balls": 5, "wickets": 0}, "2daa8e40": {"runs": 0, "balls": 2, "wickets": 1}, "c32bb7bb": {"runs": 2, "balls": 2, "wickets": 1}, "87ac786c": {"runs": 6, "balls": 6, "wickets": 0}}, "fifties": 0, "thirties": 0, "centuries": 0, "maidens": 0.0, "hattricks": 0, "runs": 25.0, "wickets": 2.0, "club_ODI_previous3_runs": [], "club_ODI_previous3_wickets": [], "club_ODI_previous3_balls played": [], "club_ODI_previous3_overs": [], "club_ODI_previous3_runs gave": [], "club_ODI_lifetime_runs": 0.0, "club_ODI_lifetime_wickets": 0.0, "club_ODI_lifetime_balls played": 0.0, "club_ODI_lifetime_overs": 0.0, "club_ODI_lifetime_runs gave": 0.0, "club_Test_previous3_runs": [], "club_Test_previous3_wickets": [], "club_Test_previous3_balls played": [], "club_Test_previous3_overs": [], "club_Test_previous3_runs gave": [], "club_Test_lifetime_runs": 0.0, "club_Test_lifetime_wickets": 0.0, "club_Test_lifetime_balls played": 0.0, "club_Test_lifetime_overs": 0.0, "club_Test_lifetime_runs gave": 0.0, "club_T20_previous3_runs": [], "club_T20_previous3_wickets": [], "club_T20_previous3_balls played": [], "club_T20_previous3_overs": [], "club_T20_previous3_runs gave": [], "club_T20_lifetime_runs": 0.0, "club_T20_lifetime_wickets": 0.0, "club_T20_lifetime_balls played": 0.0, "club_T20_lifetime_overs": 0.0, "club_T20_lifetime_runs gave": 0.0, "international_ODI_previous3_runs": [], "international_ODI_previous3_wickets": [], "international_ODI_previous3_balls played": [], "international_ODI_previous3_overs": [], "international_ODI_previous3_runs gave": [], "international_ODI_lifetime_runs": 0.0, "international_ODI_lifetime_wickets": 0.0, "international_ODI_lifetime_balls played": 0.0, "international_ODI_lifetime_overs": 0.0, "international_ODI_lifetime_runs gave": 0.0, "international_Test_previous3_runs": [], "international_Test_previous3_wickets": [], "international_Test_previous3_balls played": [], "international_Test_previous3_overs": [], "international_Test_previous3_runs gave": [], "international_Test_lifetime_runs": 0.0, "international_Test_lifetime_wickets": 0.0, "international_Test_lifetime_balls played": 0.0, "international_Test_lifetime_overs": 0.0, "international_Test_lifetime_runs gave": 0.0, "international_T20_previous3_runs": [0.0, 2.0, 6.0], "international_T20_previous3_wickets": [0.0, 0.0, 1.0], "international_T20_previous3_balls played": [7.0, 2.0, 6.0], "international_T20_previous3_overs": [4.0, 0.0, 0.8333333333333334], "international_T20_previous3_runs gave": [30.0, 0.0, 11.0], "international_T20_lifetime_runs": 25.0, "international_T20_lifetime_wickets": 2.0, "international_T20_lifetime_balls played": 61.0, "international_T20_lifetime_overs": 7.833333333333333, "international_T20_lifetime_runs gave": 69.0}