{"played_against": {"42537f07": {"runs": 1, "balls": 8, "wickets": 0}, "6b0c3a20": {"runs": 14, "balls": 13, "wickets": 0}, "20a941bb": {"runs": 0, "balls": 2, "wickets": 1}, "86dc8f2e": {"runs": 4, "balls": 10, "wickets": 1}, "88fccd6c": {"runs": 0, "balls": 3, "wickets": 0}}, "fifties": 0, "thirties": 0, "centuries": 0, "maidens": 20.0, "hattricks": 2, "runs": 19.0, "wickets": 7.0, "club_ODI_previous3_runs": [], "club_ODI_previous3_wickets": [], "club_ODI_previous3_balls played": [], "club_ODI_previous3_overs": [], "club_ODI_previous3_runs gave": [], "club_ODI_lifetime_runs": 0.0, "club_ODI_lifetime_wickets": 0.0, "club_ODI_lifetime_balls played": 0.0, "club_ODI_lifetime_overs": 0.0, "club_ODI_lifetime_runs gave": 0.0, "club_Test_previous3_runs": [], "club_Test_previous3_wickets": [], "club_Test_previous3_balls played": [], "club_Test_previous3_overs": [], "club_Test_previous3_runs gave": [], "club_Test_lifetime_runs": 0.0, "club_Test_lifetime_wickets": 0.0, "club_Test_lifetime_balls played": 0.0, "club_Test_lifetime_overs": 0.0, "club_Test_lifetime_runs gave": 0.0, "club_T20_previous3_runs": [], "club_T20_previous3_wickets": [], "club_T20_previous3_balls played": [], "club_T20_previous3_overs": [], "club_T20_previous3_runs gave": [], "club_T20_lifetime_runs": 0.0, "club_T20_lifetime_wickets": 0.0, "club_T20_lifetime_balls played": 0.0, "club_T20_lifetime_overs": 0.0, "club_T20_lifetime_runs gave": 0.0, "international_ODI_previous3_runs": [], "international_ODI_previous3_wickets": [], "international_ODI_previous3_balls played": [], "international_ODI_previous3_overs": [], "international_ODI_previous3_runs gave": [], "international_ODI_lifetime_runs": 0.0, "international_ODI_lifetime_wickets": 0.0, "international_ODI_lifetime_balls played": 0.0, "international_ODI_lifetime_overs": 0.0, "international_ODI_lifetime_runs gave": 0.0, "international_Test_previous3_runs": [19.0, 0.0], "international_Test_previous3_wickets": [3.0, 4.0], "international_Test_previous3_balls played": [32.0, 4.0], "international_Test_previous3_overs": [49.0, 44.0], "international_Test_previous3_runs gave": [133.0, 156.0], "international_Test_lifetime_runs": 19.0, "international_Test_lifetime_wickets": 7.0, "international_Test_lifetime_balls played": 36.0, "international_Test_lifetime_overs": 93.0, "international_Test_lifetime_runs gave": 289.0, "international_T20_previous3_runs": [], "international_T20_previous3_wickets": [], "international_T20_previous3_balls played": [], "international_T20_previous3_overs": [], "international_T20_previous3_runs gave": [], "international_T20_lifetime_runs": 0.0, "international_T20_lifetime_wickets": 0.0, "international_T20_lifetime_balls played": 0.0, "international_T20_lifetime_overs": 0.0, "international_T20_lifetime_runs gave": 0.0}