{"played_against": {"dd09ff8e": {"runs": 19, "balls": 7, "wickets": 0}, "a3bfec5d": {"runs": 4, "balls": 4, "wickets": 0}, "4c61a0f9": {"runs": 12, "balls": 6, "wickets": 1}, "8b8745fd": {"runs": 6, "balls": 2, "wickets": 0}, "d2c2b2d5": {"runs": 5, "balls": 3, "wickets": 0}}, "fifties": 0, "thirties": 0, "centuries": 0, "maidens": 1.0, "hattricks": 1, "runs": 46.0, "wickets": 8.0, "club_ODI_previous3_runs": [], "club_ODI_previous3_wickets": [], "club_ODI_previous3_balls played": [], "club_ODI_previous3_overs": [], "club_ODI_previous3_runs gave": [], "club_ODI_lifetime_runs": 0.0, "club_ODI_lifetime_wickets": 0.0, "club_ODI_lifetime_balls played": 0.0, "club_ODI_lifetime_overs": 0.0, "club_ODI_lifetime_runs gave": 0.0, "club_Test_previous3_runs": [], "club_Test_previous3_wickets": [], "club_Test_previous3_balls played": [], "club_Test_previous3_overs": [], "club_Test_previous3_runs gave": [], "club_Test_lifetime_runs": 0.0, "club_Test_lifetime_wickets": 0.0, "club_Test_lifetime_balls played": 0.0, "club_Test_lifetime_overs": 0.0, "club_Test_lifetime_runs gave": 0.0, "club_T20_previous3_runs": [], "club_T20_previous3_wickets": [], "club_T20_previous3_balls played": [], "club_T20_previous3_overs": [], "club_T20_previous3_runs gave": [], "club_T20_lifetime_runs": 0.0, "club_T20_lifetime_wickets": 0.0, "club_T20_lifetime_balls played": 0.0, "club_T20_lifetime_overs": 0.0, "club_T20_lifetime_runs gave": 0.0, "international_ODI_previous3_runs": [0.0, 12.0, 0.0], "international_ODI_previous3_wickets": [3.0, 2.0, 2.0], "international_ODI_previous3_balls played": [1.0, 6.0, 0.0], "international_ODI_previous3_overs": [9.833333333333334, 10.0, 8.0], "international_ODI_previous3_runs gave": [35.0, 91.0, 36.0], "international_ODI_lifetime_runs": 41.0, "international_ODI_lifetime_wickets": 7.0, "international_ODI_lifetime_balls played": 19.0, "international_ODI_lifetime_overs": 35.833333333333336, "international_ODI_lifetime_runs gave": 222.0, "international_Test_previous3_runs": [], "international_Test_previous3_wickets": [], "international_Test_previous3_balls played": [], "international_Test_previous3_overs": [], "international_Test_previous3_runs gave": [], "international_Test_lifetime_runs": 0.0, "international_Test_lifetime_wickets": 0.0, "international_Test_lifetime_balls played": 0.0, "international_Test_lifetime_overs": 0.0, "international_Test_lifetime_runs gave": 0.0, "international_T20_previous3_runs": [0.0, 5.0], "international_T20_previous3_wickets": [1.0, 0.0], "international_T20_previous3_balls played": [0.0, 3.0], "international_T20_previous3_overs": [4.0, 4.0], "international_T20_previous3_runs gave": [42.0, 32.0], "international_T20_lifetime_runs": 5.0, "international_T20_lifetime_wickets": 1.0, "international_T20_lifetime_balls played": 3.0, "international_T20_lifetime_overs": 8.0, "international_T20_lifetime_runs gave": 74.0}