{"played_against": {"f13d3eba": {"runs": 7, "balls": 12, "wickets": 1}, "370a88ac": {"runs": 1, "balls": 3, "wickets": 0}, "68ac12a0": {"runs": 4, "balls": 3, "wickets": 0}, "507acf2e": {"runs": 0, "balls": 1, "wickets": 1}, "d23c808d": {"runs": 1, "balls": 1, "wickets": 0}, "c64b7c5b": {"runs": 3, "balls": 11, "wickets": 0}, "910dd54e": {"runs": 7, "balls": 7, "wickets": 0}, "35828bdd": {"runs": 17, "balls": 36, "wickets": 1}, "2f485713": {"runs": 11, "balls": 11, "wickets": 0}, "287ed3a0": {"runs": 5, "balls": 5, "wickets": 0}, "c6625a26": {"runs": 1, "balls": 3, "wickets": 0}, "7b1f2542": {"runs": 4, "balls": 8, "wickets": 1}, "d2763568": {"runs": 2, "balls": 6, "wickets": 0}, "31adb911": {"runs": 1, "balls": 1, "wickets": 0}, "e69dbbef": {"runs": 1, "balls": 3, "wickets": 0}, "340202b0": {"runs": 3, "balls": 3, "wickets": 0}, "02181d9a": {"runs": 1, "balls": 2, "wickets": 0}, "53d50717": {"runs": 3, "balls": 5, "wickets": 1}, "78fd864b": {"runs": 4, "balls": 3, "wickets": 0}, "58717de2": {"runs": 5, "balls": 17, "wickets": 0}, "459a7b0a": {"runs": 7, "balls": 16, "wickets": 0}, "b3ccffff": {"runs": 18, "balls": 28, "wickets": 0}, "c9366237": {"runs": 12, "balls": 18, "wickets": 1}, "d6a9af83": {"runs": 2, "balls": 6, "wickets": 0}, "cd62f670": {"runs": 6, "balls": 7, "wickets": 1}, "184512d1": {"runs": 1, "balls": 1, "wickets": 0}, "00823a96": {"runs": 3, "balls": 12, "wickets": 0}, "fbd79b9b": {"runs": 0, "balls": 6, "wickets": 1}, "38b4583c": {"runs": 1, "balls": 3, "wickets": 0}, "8ae7bb3e": {"runs": 8, "balls": 9, "wickets": 0}, "cdb82f1c": {"runs": 2, "balls": 2, "wickets": 0}, "f61e2829": {"runs": 2, "balls": 4, "wickets": 0}, "7306c48d": {"runs": 2, "balls": 6, "wickets": 1}, "13c19f32": {"runs": 3, "balls": 10, "wickets": 1}, "df9cdebf": {"runs": 1, "balls": 1, "wickets": 0}, "76419733": {"runs": 1, "balls": 1, "wickets": 0}, "588360ee": {"runs": 0, "balls": 1, "wickets": 1}, "11ff23e3": {"runs": 0, "balls": 2, "wickets": 0}, "8f30d191": {"runs": 8, "balls": 9, "wickets": 0}, "2e0b6638": {"runs": 7, "balls": 8, "wickets": 1}, "99812d10": {"runs": 2, "balls": 2, "wickets": 0}, "a0a65375": {"runs": 8, "balls": 6, "wickets": 0}, "f7b74efa": {"runs": 0, "balls": 2, "wickets": 1}, "9b3bcca4": {"runs": 0, "balls": 5, "wickets": 0}, "db362015": {"runs": 2, "balls": 6, "wickets": 0}, "c296dba1": {"runs": 2, "balls": 5, "wickets": 0}}, "fifties": 1, "thirties": 0, "centuries": 0, "maidens": 13.0, "hattricks": 8, "runs": 179.0, "wickets": 67.0, "club_ODI_previous3_runs": [4.0, 0.0, 0.0], "club_ODI_previous3_wickets": [0.0, 3.0, 1.0], "club_ODI_previous3_balls played": [16.0, 0.0, 0.0], "club_ODI_previous3_overs": [6.0, 10.0, 10.0], "club_ODI_previous3_runs gave": [42.0, 23.0, 32.0], "club_ODI_lifetime_runs": 154.0, "club_ODI_lifetime_wickets": 39.0, "club_ODI_lifetime_balls played": 285.0, "club_ODI_lifetime_overs": 240.83333333333331, "club_ODI_lifetime_runs gave": 1007.0, "club_Test_previous3_runs": [], "club_Test_previous3_wickets": [], "club_Test_previous3_balls played": [], "club_Test_previous3_overs": [], "club_Test_previous3_runs gave": [], "club_Test_lifetime_runs": 0.0, "club_Test_lifetime_wickets": 0.0, "club_Test_lifetime_balls played": 0.0, "club_Test_lifetime_overs": 0.0, "club_Test_lifetime_runs gave": 0.0, "club_T20_previous3_runs": [1.0, 0.0, 0.0], "club_T20_previous3_wickets": [1.0, 0.0, 1.0], "club_T20_previous3_balls played": [1.0, 0.0, 0.0], "club_T20_previous3_overs": [2.0, 4.0, 3.0], "club_T20_previous3_runs gave": [17.0, 25.0, 15.0], "club_T20_lifetime_runs": 25.0, "club_T20_lifetime_wickets": 27.0, "club_T20_lifetime_balls played": 40.0, "club_T20_lifetime_overs": 106.16666666666667, "club_T20_lifetime_runs gave": 679.0, "international_ODI_previous3_runs": [0.0], "international_ODI_previous3_wickets": [1.0], "international_ODI_previous3_balls played": [0.0], "international_ODI_previous3_overs": [3.8333333333333335], "international_ODI_previous3_runs gave": [19.0], "international_ODI_lifetime_runs": 0.0, "international_ODI_lifetime_wickets": 1.0, "international_ODI_lifetime_balls played": 0.0, "international_ODI_lifetime_overs": 3.8333333333333335, "international_ODI_lifetime_runs gave": 19.0, "international_Test_previous3_runs": [], "international_Test_previous3_wickets": [], "international_Test_previous3_balls played": [], "international_Test_previous3_overs": [], "international_Test_previous3_runs gave": [], "international_Test_lifetime_runs": 0.0, "international_Test_lifetime_wickets": 0.0, "international_Test_lifetime_balls played": 0.0, "international_Test_lifetime_overs": 0.0, "international_Test_lifetime_runs gave": 0.0, "international_T20_previous3_runs": [], "international_T20_previous3_wickets": [], "international_T20_previous3_balls played": [], "international_T20_previous3_overs": [], "international_T20_previous3_runs gave": [], "international_T20_lifetime_runs": 0.0, "international_T20_lifetime_wickets": 0.0, "international_T20_lifetime_balls played": 0.0, "international_T20_lifetime_overs": 0.0, "international_T20_lifetime_runs gave": 0.0}