{"played_against": {"dd17e4bc": {"runs": 52, "balls": 135, "wickets": 2}, "ffe699c0": {"runs": 41, "balls": 77, "wickets": 3}, "d12143bf": {"runs": 72, "balls": 119, "wickets": 0}, "85afed77": {"runs": 35, "balls": 76, "wickets": 0}, "c163432a": {"runs": 15, "balls": 27, "wickets": 0}, "b20f423b": {"runs": 33, "balls": 73, "wickets": 0}, "6355d428": {"runs": 9, "balls": 29, "wickets": 1}, "bd93fea4": {"runs": 13, "balls": 49, "wickets": 2}, "e423d162": {"runs": 44, "balls": 95, "wickets": 2}, "e412cb64": {"runs": 68, "balls": 86, "wickets": 2}, "f1ba9ed7": {"runs": 36, "balls": 75, "wickets": 1}, "6c6aca89": {"runs": 118, "balls": 204, "wickets": 4}, "58043739": {"runs": 25, "balls": 49, "wickets": 1}, "8bf61e65": {"runs": 120, "balls": 186, "wickets": 1}, "b552a935": {"runs": 84, "balls": 179, "wickets": 2}, "93e06301": {"runs": 58, "balls": 72, "wickets": 0}, "e9987a94": {"runs": 111, "balls": 151, "wickets": 3}, "ab474682": {"runs": 38, "balls": 48, "wickets": 3}, "60dd8960": {"runs": 13, "balls": 36, "wickets": 2}, "086f5984": {"runs": 3, "balls": 8, "wickets": 0}, "c672e80e": {"runs": 41, "balls": 46, "wickets": 0}, "9c7d7cda": {"runs": 17, "balls": 16, "wickets": 0}, "a7c7802a": {"runs": 21, "balls": 12, "wickets": 0}, "5239d782": {"runs": 5, "balls": 13, "wickets": 1}, "7fa2ab1f": {"runs": 8, "balls": 4, "wickets": 1}, "687fb627": {"runs": 14, "balls": 17, "wickets": 0}, "a73321d3": {"runs": 12, "balls": 10, "wickets": 1}, "6fe2c1c0": {"runs": 9, "balls": 7, "wickets": 0}, "0e0d43b4": {"runs": 15, "balls": 20, "wickets": 1}, "18fac429": {"runs": 25, "balls": 37, "wickets": 1}, "18899e2b": {"runs": 3, "balls": 11, "wickets": 0}, "3f659464": {"runs": 14, "balls": 22, "wickets": 0}, "6b0c3a20": {"runs": 11, "balls": 21, "wickets": 0}, "c4450a69": {"runs": 33, "balls": 32, "wickets": 1}, "ddcd1520": {"runs": 14, "balls": 33, "wickets": 1}, "7f048519": {"runs": 55, "balls": 51, "wickets": 1}, "b68a30f0": {"runs": 10, "balls": 4, "wickets": 0}, "2a0d5d4a": {"runs": 23, "balls": 34, "wickets": 0}, "0f21680d": {"runs": 28, "balls": 20, "wickets": 0}, "a23fda4a": {"runs": 6, "balls": 3, "wickets": 0}, "85d8110a": {"runs": 11, "balls": 5, "wickets": 0}, "70fdd428": {"runs": 34, "balls": 61, "wickets": 1}, "27296d02": {"runs": 31, "balls": 14, "wickets": 0}, "9dca07d7": {"runs": 45, "balls": 131, "wickets": 1}, "b21ed464": {"runs": 25, "balls": 60, "wickets": 1}, "903c1d37": {"runs": 8, "balls": 16, "wickets": 1}, "d8b24492": {"runs": 9, "balls": 13, "wickets": 1}, "3c77ca9d": {"runs": 13, "balls": 10, "wickets": 1}, "b16cf2ec": {"runs": 4, "balls": 8, "wickets": 0}, "86d7acf4": {"runs": 2, "balls": 2, "wickets": 0}, "ad112e71": {"runs": 11, "balls": 4, "wickets": 0}, "75223da4": {"runs": 7, "balls": 6, "wickets": 0}, "1066a976": {"runs": 15, "balls": 13, "wickets": 0}, "99464591": {"runs": 0, "balls": 2, "wickets": 0}, "525c3f54": {"runs": 30, "balls": 73, "wickets": 0}, "05d74535": {"runs": 9, "balls": 9, "wickets": 1}, "9679838c": {"runs": 14, "balls": 15, "wickets": 1}, "af2c687b": {"runs": 9, "balls": 3, "wickets": 0}, "8108e2d2": {"runs": 11, "balls": 7, "wickets": 0}, "e737a5fe": {"runs": 108, "balls": 207, "wickets": 2}, "c1f6c27e": {"runs": 107, "balls": 182, "wickets": 5}, "012829ff": {"runs": 6, "balls": 9, "wickets": 1}, "249d60c9": {"runs": 11, "balls": 18, "wickets": 0}, "5fcb6fb1": {"runs": 1, "balls": 3, "wickets": 1}, "fea7a34c": {"runs": 24, "balls": 55, "wickets": 1}, "c6a9148d": {"runs": 22, "balls": 35, "wickets": 0}, "49b6c09f": {"runs": 13, "balls": 27, "wickets": 1}, "b2dbe638": {"runs": 3, "balls": 5, "wickets": 0}, "8e510697": {"runs": 20, "balls": 16, "wickets": 0}, "57efa3be": {"runs": 17, "balls": 13, "wickets": 0}, "58c481c6": {"runs": 10, "balls": 9, "wickets": 1}, "4c0f3806": {"runs": 2, "balls": 5, "wickets": 0}, "ccdd8308": {"runs": 113, "balls": 149, "wickets": 1}, "c89474d1": {"runs": 47, "balls": 119, "wickets": 2}, "dc670143": {"runs": 29, "balls": 32, "wickets": 1}, "025a092b": {"runs": 21, "balls": 47, "wickets": 1}, "ad9c32a2": {"runs": 41, "balls": 41, "wickets": 0}, "3cf5ae43": {"runs": 18, "balls": 38, "wickets": 1}, "6f049d41": {"runs": 19, "balls": 18, "wickets": 0}, "98eacfe5": {"runs": 44, "balls": 50, "wickets": 0}, "9bab2b81": {"runs": 23, "balls": 25, "wickets": 0}, "e087956b": {"runs": 14, "balls": 22, "wickets": 0}, "25a42048": {"runs": 7, "balls": 15, "wickets": 1}, "61a9ce31": {"runs": 25, "balls": 21, "wickets": 0}, "611926bc": {"runs": 26, "balls": 34, "wickets": 0}, "ecf7bbc9": {"runs": 15, "balls": 9, "wickets": 0}, "8db7f47f": {"runs": 13, "balls": 11, "wickets": 1}, "7ca5e05d": {"runs": 29, "balls": 13, "wickets": 0}, "9a158001": {"runs": 28, "balls": 24, "wickets": 0}, "5bdcdb72": {"runs": 1, "balls": 4, "wickets": 0}, "a72b14ff": {"runs": 22, "balls": 26, "wickets": 0}, "eb9cb105": {"runs": 37, "balls": 38, "wickets": 1}, "5ac8f17b": {"runs": 49, "balls": 62, "wickets": 1}, "1a88bdd3": {"runs": 10, "balls": 13, "wickets": 0}, "5da34add": {"runs": 90, "balls": 116, "wickets": 2}, "7d5e0b78": {"runs": 6, "balls": 28, "wickets": 0}, "aac9f784": {"runs": 36, "balls": 28, "wickets": 0}, "1a45b864": {"runs": 55, "balls": 52, "wickets": 0}, "450f6fa6": {"runs": 52, "balls": 74, "wickets": 1}, "0c7f11be": {"runs": 46, "balls": 34, "wickets": 0}, "06c2de82": {"runs": 89, "balls": 128, "wickets": 0}, "99cddc5e": {"runs": 16, "balls": 67, "wickets": 0}, "47b4ad09": {"runs": 10, "balls": 28, "wickets": 0}, "7be8a0ed": {"runs": 41, "balls": 45, "wickets": 1}, "57a76baa": {"runs": 13, "balls": 9, "wickets": 0}, "26ff4c29": {"runs": 4, "balls": 3, "wickets": 0}, "ddc0828d": {"runs": 10, "balls": 5, "wickets": 0}, "91ffa6c6": {"runs": 9, "balls": 10, "wickets": 0}, "15101f12": {"runs": 53, "balls": 37, "wickets": 0}, "bca21d18": {"runs": 32, "balls": 64, "wickets": 0}, "1f572ee8": {"runs": 3, "balls": 6, "wickets": 0}, "eaa4cfc2": {"runs": 15, "balls": 25, "wickets": 0}, "7795ab76": {"runs": 14, "balls": 12, "wickets": 0}, "1179469b": {"runs": 7, "balls": 10, "wickets": 0}, "78adc879": {"runs": 65, "balls": 82, "wickets": 1}, "71440756": {"runs": 27, "balls": 34, "wickets": 0}, "a386e91b": {"runs": 41, "balls": 58, "wickets": 1}, "fa92fc48": {"runs": 20, "balls": 51, "wickets": 0}, "8479a24a": {"runs": 25, "balls": 13, "wickets": 0}, "51e1ed69": {"runs": 37, "balls": 52, "wickets": 1}, "0a3d54b9": {"runs": 18, "balls": 21, "wickets": 0}, "8d92a2c3": {"runs": 44, "balls": 52, "wickets": 0}, "757502b5": {"runs": 17, "balls": 14, "wickets": 0}, "58822938": {"runs": 39, "balls": 84, "wickets": 0}, "42151725": {"runs": 108, "balls": 186, "wickets": 2}, "f3abd0c9": {"runs": 51, "balls": 73, "wickets": 1}, "556302a7": {"runs": 8, "balls": 13, "wickets": 0}, "4a461c24": {"runs": 49, "balls": 135, "wickets": 0}, "ad962377": {"runs": 6, "balls": 24, "wickets": 0}, "8305580c": {"runs": 12, "balls": 16, "wickets": 0}, "5db1c288": {"runs": 30, "balls": 65, "wickets": 0}, "cd143bca": {"runs": 58, "balls": 136, "wickets": 1}, "4c4fa80b": {"runs": 28, "balls": 51, "wickets": 0}, "bb351c23": {"runs": 24, "balls": 41, "wickets": 1}, "3d0ed2f9": {"runs": 57, "balls": 52, "wickets": 1}, "cfe70281": {"runs": 1, "balls": 1, "wickets": 0}, "a510bdd3": {"runs": 7, "balls": 10, "wickets": 0}, "0f3ee070": {"runs": 31, "balls": 41, "wickets": 2}, "7955eb15": {"runs": 5, "balls": 13, "wickets": 1}, "02b93a83": {"runs": 26, "balls": 14, "wickets": 0}, "f3171936": {"runs": 0, "balls": 4, "wickets": 1}, "5147c792": {"runs": 1, "balls": 2, "wickets": 0}, "4900d2bf": {"runs": 0, "balls": 2, "wickets": 1}, "b681e71e": {"runs": 7, "balls": 15, "wickets": 1}, "808f425a": {"runs": 31, "balls": 38, "wickets": 0}, "59792462": {"runs": 76, "balls": 147, "wickets": 2}, "88a004e9": {"runs": 2, "balls": 2, "wickets": 0}, "fdb8ed0d": {"runs": 24, "balls": 42, "wickets": 1}, "6042bf26": {"runs": 16, "balls": 7, "wickets": 0}, "f6c84b9f": {"runs": 11, "balls": 5, "wickets": 0}, "7f3f108f": {"runs": 5, "balls": 2, "wickets": 0}, "14373322": {"runs": 9, "balls": 5, "wickets": 0}, "141a340d": {"runs": 1, "balls": 3, "wickets": 0}, "dddc811c": {"runs": 60, "balls": 85, "wickets": 0}, "d094e7d1": {"runs": 0, "balls": 6, "wickets": 0}, "b9877635": {"runs": 47, "balls": 90, "wickets": 0}, "eddf25bd": {"runs": 93, "balls": 113, "wickets": 1}, "c995d726": {"runs": 61, "balls": 50, "wickets": 0}, "1cfac535": {"runs": 34, "balls": 34, "wickets": 1}, "f0a0204e": {"runs": 25, "balls": 28, "wickets": 1}, "bc773eeb": {"runs": 41, "balls": 80, "wickets": 1}, "a7c226e1": {"runs": 42, "balls": 92, "wickets": 0}, "e91de70e": {"runs": 90, "balls": 92, "wickets": 0}, "65b6943c": {"runs": 3, "balls": 1, "wickets": 0}, "b3544c5d": {"runs": 36, "balls": 44, "wickets": 0}, "59559bc2": {"runs": 77, "balls": 99, "wickets": 0}, "3987e390": {"runs": 26, "balls": 85, "wickets": 1}, "2318ba22": {"runs": 1, "balls": 4, "wickets": 1}, "9a963804": {"runs": 25, "balls": 41, "wickets": 0}, "70b8fd28": {"runs": 1, "balls": 2, "wickets": 0}, "10f68de1": {"runs": 24, "balls": 43, "wickets": 0}, "3766056b": {"runs": 39, "balls": 38, "wickets": 0}, "cad40f5e": {"runs": 13, "balls": 30, "wickets": 0}, "19708692": {"runs": 33, "balls": 69, "wickets": 1}, "e86754b2": {"runs": 59, "balls": 132, "wickets": 3}, "1427277f": {"runs": 16, "balls": 21, "wickets": 2}, "e94915e6": {"runs": 52, "balls": 47, "wickets": 1}, "7b1e20ea": {"runs": 0, "balls": 1, "wickets": 0}, "fac298ff": {"runs": 1, "balls": 10, "wickets": 1}, "3f61a062": {"runs": 24, "balls": 38, "wickets": 0}, "43205dad": {"runs": 13, "balls": 34, "wickets": 2}, "d99cc23a": {"runs": 91, "balls": 92, "wickets": 1}, "24dd1b81": {"runs": 7, "balls": 22, "wickets": 0}, "9e707e02": {"runs": 14, "balls": 13, "wickets": 0}, "e9d5218e": {"runs": 24, "balls": 29, "wickets": 0}, "a316d663": {"runs": 21, "balls": 13, "wickets": 0}, "c654af19": {"runs": 7, "balls": 29, "wickets": 1}, "a9da7784": {"runs": 18, "balls": 40, "wickets": 3}, "5b3acc53": {"runs": 10, "balls": 11, "wickets": 2}, "0bec3a6c": {"runs": 2, "balls": 9, "wickets": 0}, "85ebf2be": {"runs": 4, "balls": 7, "wickets": 0}, "aed5be04": {"runs": 23, "balls": 21, "wickets": 0}, "0a12e736": {"runs": 51, "balls": 60, "wickets": 0}, "01a95383": {"runs": 79, "balls": 53, "wickets": 0}, "d4eef961": {"runs": 78, "balls": 50, "wickets": 0}, "4180d897": {"runs": 13, "balls": 13, "wickets": 1}, "5574750c": {"runs": 34, "balls": 33, "wickets": 0}, "74a274cc": {"runs": 67, "balls": 58, "wickets": 3}, "9395f98e": {"runs": 17, "balls": 34, "wickets": 1}, "d66edc9a": {"runs": 19, "balls": 27, "wickets": 0}, "b2081fc8": {"runs": 7, "balls": 14, "wickets": 0}, "49299473": {"runs": 23, "balls": 26, "wickets": 0}, "e5652e3d": {"runs": 63, "balls": 44, "wickets": 2}, "f752db61": {"runs": 6, "balls": 8, "wickets": 0}, "f5821615": {"runs": 24, "balls": 72, "wickets": 0}, "6107bc41": {"runs": 1, "balls": 5, "wickets": 0}, "8728a058": {"runs": 52, "balls": 64, "wickets": 1}, "29b89ae8": {"runs": 0, "balls": 3, "wickets": 1}, "ad212f96": {"runs": 47, "balls": 54, "wickets": 0}, "350bb1b1": {"runs": 34, "balls": 28, "wickets": 0}, "9219eff0": {"runs": 40, "balls": 18, "wickets": 1}, "05c2ca46": {"runs": 26, "balls": 26, "wickets": 1}, "13c35c9e": {"runs": 11, "balls": 8, "wickets": 0}, "7cdecc31": {"runs": 21, "balls": 17, "wickets": 0}, "6c79c098": {"runs": 53, "balls": 45, "wickets": 1}, "4557dc54": {"runs": 0, "balls": 6, "wickets": 0}, "4c5d73db": {"runs": 17, "balls": 27, "wickets": 0}, "2223b920": {"runs": 15, "balls": 29, "wickets": 0}, "d112c570": {"runs": 36, "balls": 35, "wickets": 0}, "2085e1fa": {"runs": 10, "balls": 20, "wickets": 0}, "463ebce3": {"runs": 2, "balls": 5, "wickets": 0}, "a37b5c0a": {"runs": 19, "balls": 26, "wickets": 1}, "1f1b4c89": {"runs": 0, "balls": 13, "wickets": 1}, "ab965cad": {"runs": 6, "balls": 6, "wickets": 0}, "cf73ad76": {"runs": 21, "balls": 21, "wickets": 0}, "cf494ffe": {"runs": 22, "balls": 26, "wickets": 0}, "208f22ea": {"runs": 12, "balls": 14, "wickets": 0}, "d74d1090": {"runs": 13, "balls": 13, "wickets": 0}, "9caf69a1": {"runs": 6, "balls": 10, "wickets": 0}, "5e6d1a54": {"runs": 30, "balls": 38, "wickets": 0}, "6daf5e8c": {"runs": 36, "balls": 21, "wickets": 0}, "aa8d28ae": {"runs": 21, "balls": 27, "wickets": 0}, "e84ac20c": {"runs": 8, "balls": 9, "wickets": 0}, "8f2dfebf": {"runs": 8, "balls": 17, "wickets": 0}, "3dcd1e8d": {"runs": 20, "balls": 22, "wickets": 1}, "5f547c8b": {"runs": 14, "balls": 10, "wickets": 1}, "87e562a9": {"runs": 5, "balls": 3, "wickets": 0}, "dda5aae5": {"runs": 26, "balls": 17, "wickets": 0}, "ee0c05c0": {"runs": 33, "balls": 31, "wickets": 0}, "6a2fadd0": {"runs": 5, "balls": 6, "wickets": 0}, "5bb5a915": {"runs": 39, "balls": 47, "wickets": 0}, "ba377b40": {"runs": 29, "balls": 25, "wickets": 0}, "7c7d63a2": {"runs": 22, "balls": 11, "wickets": 0}, "1ad0b441": {"runs": 19, "balls": 13, "wickets": 0}, "978bd738": {"runs": 6, "balls": 6, "wickets": 1}, "bdadf7da": {"runs": 3, "balls": 8, "wickets": 2}, "a77472dc": {"runs": 40, "balls": 35, "wickets": 1}, "d3868bd0": {"runs": 6, "balls": 20, "wickets": 0}, "ad46c747": {"runs": 3, "balls": 8, "wickets": 0}, "4167f30b": {"runs": 11, "balls": 40, "wickets": 0}, "fa433be6": {"runs": 15, "balls": 19, "wickets": 0}, "cb1a782a": {"runs": 14, "balls": 14, "wickets": 0}, "be869ccf": {"runs": 10, "balls": 10, "wickets": 0}, "d8256633": {"runs": 0, "balls": 3, "wickets": 0}, "5bfdc77a": {"runs": 11, "balls": 9, "wickets": 0}, "e871a7a1": {"runs": 6, "balls": 32, "wickets": 0}, "402f8494": {"runs": 27, "balls": 46, "wickets": 1}, "7d92277a": {"runs": 2, "balls": 5, "wickets": 0}, "62af8546": {"runs": 4, "balls": 5, "wickets": 0}, "c042b412": {"runs": 13, "balls": 7, "wickets": 0}, "eec81780": {"runs": 5, "balls": 28, "wickets": 0}, "94db3502": {"runs": 18, "balls": 25, "wickets": 1}, "5c86c3c2": {"runs": 5, "balls": 7, "wickets": 2}, "70d57519": {"runs": 5, "balls": 13, "wickets": 0}, "ea3d687a": {"runs": 19, "balls": 51, "wickets": 0}, "fc63d916": {"runs": 2, "balls": 11, "wickets": 1}, "92aa28fe": {"runs": 1, "balls": 4, "wickets": 0}, "6ea2710f": {"runs": 8, "balls": 5, "wickets": 0}, "c5f40e35": {"runs": 1, "balls": 2, "wickets": 1}, "ea27a674": {"runs": 10, "balls": 5, "wickets": 0}, "b082d112": {"runs": 9, "balls": 12, "wickets": 0}, "f43dd8c2": {"runs": 2, "balls": 2, "wickets": 0}, "8e4ef717": {"runs": 0, "balls": 1, "wickets": 1}, "56c80c90": {"runs": 5, "balls": 4, "wickets": 0}, "93cad673": {"runs": 0, "balls": 2, "wickets": 1}, "457cab44": {"runs": 3, "balls": 7, "wickets": 0}, "9c643d7b": {"runs": 6, "balls": 11, "wickets": 0}, "8f9c5014": {"runs": 16, "balls": 16, "wickets": 0}, "12b610c2": {"runs": 6, "balls": 8, "wickets": 1}}, "fifties": 34, "thirties": 36, "centuries": 17, "maidens": 0.0, "hattricks": 0, "runs": 6942.0, "wickets": 0.0, "club_ODI_previous3_runs": [6.0, 4.0, 45.0], "club_ODI_previous3_wickets": [0.0, 0.0, 0.0], "club_ODI_previous3_balls played": [8.0, 11.0, 62.0], "club_ODI_previous3_overs": [0.0, 0.0, 0.0], "club_ODI_previous3_runs gave": [0.0, 0.0, 0.0], "club_ODI_lifetime_runs": 2026.0, "club_ODI_lifetime_wickets": 0.0, "club_ODI_lifetime_balls played": 2580.0, "club_ODI_lifetime_overs": 0.0, "club_ODI_lifetime_runs gave": 0.0, "club_Test_previous3_runs": [47.0, 50.0, 39.0], "club_Test_previous3_wickets": [0.0, 0.0, 0.0], "club_Test_previous3_balls played": [96.0, 90.0, 94.0], "club_Test_previous3_overs": [0.0, 0.0, 0.0], "club_Test_previous3_runs gave": [0.0, 0.0, 0.0], "club_Test_lifetime_runs": 2978.0, "club_Test_lifetime_wickets": 0.0, "club_Test_lifetime_balls played": 5944.0, "club_Test_lifetime_overs": 2.0, "club_Test_lifetime_runs gave": 12.0, "club_T20_previous3_runs": [41.0, 15.0, 12.0], "club_T20_previous3_wickets": [0.0, 0.0, 0.0], "club_T20_previous3_balls played": [33.0, 14.0, 15.0], "club_T20_previous3_overs": [0.0, 0.0, 0.0], "club_T20_previous3_runs gave": [0.0, 0.0, 0.0], "club_T20_lifetime_runs": 1938.0, "club_T20_lifetime_wickets": 0.0, "club_T20_lifetime_balls played": 1497.0, "club_T20_lifetime_overs": 0.0, "club_T20_lifetime_runs gave": 0.0, "international_ODI_previous3_runs": [], "international_ODI_previous3_wickets": [], "international_ODI_previous3_balls played": [], "international_ODI_previous3_overs": [], "international_ODI_previous3_runs gave": [], "international_ODI_lifetime_runs": 0.0, "international_ODI_lifetime_wickets": 0.0, "international_ODI_lifetime_balls played": 0.0, "international_ODI_lifetime_overs": 0.0, "international_ODI_lifetime_runs gave": 0.0, "international_Test_previous3_runs": [], "international_Test_previous3_wickets": [], "international_Test_previous3_balls played": [], "international_Test_previous3_overs": [], "international_Test_previous3_runs gave": [], "international_Test_lifetime_runs": 0.0, "international_Test_lifetime_wickets": 0.0, "international_Test_lifetime_balls played": 0.0, "international_Test_lifetime_overs": 0.0, "international_Test_lifetime_runs gave": 0.0, "international_T20_previous3_runs": [], "international_T20_previous3_wickets": [], "international_T20_previous3_balls played": [], "international_T20_previous3_overs": [], "international_T20_previous3_runs gave": [], "international_T20_lifetime_runs": 0.0, "international_T20_lifetime_wickets": 0.0, "international_T20_lifetime_balls played": 0.0, "international_T20_lifetime_overs": 0.0, "international_T20_lifetime_runs gave": 0.0}