{"played_against": {"7dfb8890": {"runs": 0, "balls": 1, "wickets": 0}, "7ec9711d": {"runs": 13, "balls": 9, "wickets": 0}, "6b9eb501": {"runs": 13, "balls": 12, "wickets": 2}, "f277f531": {"runs": 2, "balls": 5, "wickets": 1}, "7eb7d5d4": {"runs": 3, "balls": 3, "wickets": 1}, "5ec126fa": {"runs": 1, "balls": 1, "wickets": 0}, "a3ae63f4": {"runs": 7, "balls": 12, "wickets": 1}, "ea1eba98": {"runs": 9, "balls": 6, "wickets": 0}, "cba5185d": {"runs": 5, "balls": 5, "wickets": 0}, "1cb14aa4": {"runs": 1, "balls": 5, "wickets": 1}, "23638956": {"runs": 0, "balls": 2, "wickets": 1}, "8dc152d1": {"runs": 0, "balls": 1, "wickets": 0}, "28d6c44d": {"runs": 0, "balls": 2, "wickets": 0}, "42172c3c": {"runs": 0, "balls": 2, "wickets": 0}, "9d50c7e1": {"runs": 2, "balls": 7, "wickets": 0}, "fbfea9c2": {"runs": 8, "balls": 3, "wickets": 0}, "c50bfbc2": {"runs": 14, "balls": 5, "wickets": 0}, "032e4384": {"runs": 4, "balls": 4, "wickets": 0}, "f2397e48": {"runs": 5, "balls": 5, "wickets": 0}, "70fb2cc8": {"runs": 10, "balls": 4, "wickets": 0}, "0b60eb09": {"runs": 6, "balls": 7, "wickets": 0}, "ab6b1c45": {"runs": 5, "balls": 4, "wickets": 0}, "3a661be2": {"runs": 2, "balls": 2, "wickets": 0}, "6e5840e3": {"runs": 5, "balls": 6, "wickets": 0}, "be8b147b": {"runs": 21, "balls": 16, "wickets": 0}, "10f42013": {"runs": 1, "balls": 2, "wickets": 0}, "81c36ee9": {"runs": 1, "balls": 2, "wickets": 1}, "d3cc2954": {"runs": 1, "balls": 5, "wickets": 0}, "39181592": {"runs": 1, "balls": 1, "wickets": 0}, "47c9f734": {"runs": 1, "balls": 1, "wickets": 0}, "6e0a2209": {"runs": 0, "balls": 1, "wickets": 1}, "91cd48e0": {"runs": 2, "balls": 5, "wickets": 0}, "ebb74564": {"runs": 12, "balls": 5, "wickets": 0}, "60fbf53a": {"runs": 1, "balls": 2, "wickets": 0}, "7f8ecc51": {"runs": 7, "balls": 8, "wickets": 0}, "7f51c6fb": {"runs": 8, "balls": 4, "wickets": 1}, "360f4e4b": {"runs": 4, "balls": 5, "wickets": 1}, "54c2b697": {"runs": 9, "balls": 4, "wickets": 0}, "94cdf850": {"runs": 1, "balls": 1, "wickets": 0}, "3204c99f": {"runs": 2, "balls": 5, "wickets": 0}, "172dff15": {"runs": 2, "balls": 7, "wickets": 0}}, "fifties": 0, "thirties": 2, "centuries": 0, "maidens": 0.0, "hattricks": 1, "runs": 189.0, "wickets": 16.0, "club_ODI_previous3_runs": [], "club_ODI_previous3_wickets": [], "club_ODI_previous3_balls played": [], "club_ODI_previous3_overs": [], "club_ODI_previous3_runs gave": [], "club_ODI_lifetime_runs": 0.0, "club_ODI_lifetime_wickets": 0.0, "club_ODI_lifetime_balls played": 0.0, "club_ODI_lifetime_overs": 0.0, "club_ODI_lifetime_runs gave": 0.0, "club_Test_previous3_runs": [], "club_Test_previous3_wickets": [], "club_Test_previous3_balls played": [], "club_Test_previous3_overs": [], "club_Test_previous3_runs gave": [], "club_Test_lifetime_runs": 0.0, "club_Test_lifetime_wickets": 0.0, "club_Test_lifetime_balls played": 0.0, "club_Test_lifetime_overs": 0.0, "club_Test_lifetime_runs gave": 0.0, "club_T20_previous3_runs": [22.0, 24.0, 4.0], "club_T20_previous3_wickets": [0.0, 0.0, 2.0], "club_T20_previous3_balls played": [19.0, 19.0, 14.0], "club_T20_previous3_overs": [2.0, 1.0, 3.0], "club_T20_previous3_runs gave": [22.0, 9.0, 28.0], "club_T20_lifetime_runs": 189.0, "club_T20_lifetime_wickets": 16.0, "club_T20_lifetime_balls played": 193.0, "club_T20_lifetime_overs": 41.33333333333333, "club_T20_lifetime_runs gave": 336.0, "international_ODI_previous3_runs": [], "international_ODI_previous3_wickets": [], "international_ODI_previous3_balls played": [], "international_ODI_previous3_overs": [], "international_ODI_previous3_runs gave": [], "international_ODI_lifetime_runs": 0.0, "international_ODI_lifetime_wickets": 0.0, "international_ODI_lifetime_balls played": 0.0, "international_ODI_lifetime_overs": 0.0, "international_ODI_lifetime_runs gave": 0.0, "international_Test_previous3_runs": [], "international_Test_previous3_wickets": [], "international_Test_previous3_balls played": [], "international_Test_previous3_overs": [], "international_Test_previous3_runs gave": [], "international_Test_lifetime_runs": 0.0, "international_Test_lifetime_wickets": 0.0, "international_Test_lifetime_balls played": 0.0, "international_Test_lifetime_overs": 0.0, "international_Test_lifetime_runs gave": 0.0, "international_T20_previous3_runs": [], "international_T20_previous3_wickets": [], "international_T20_previous3_balls played": [], "international_T20_previous3_overs": [], "international_T20_previous3_runs gave": [], "international_T20_lifetime_runs": 0.0, "international_T20_lifetime_wickets": 0.0, "international_T20_lifetime_balls played": 0.0, "international_T20_lifetime_overs": 0.0, "international_T20_lifetime_runs gave": 0.0}