{"played_against": {"108c4c09": {"runs": 13, "balls": 20, "wickets": 1}, "7544bf30": {"runs": 13, "balls": 40, "wickets": 1}, "fc2c5891": {"runs": 1, "balls": 3, "wickets": 0}, "600c9d3f": {"runs": 6, "balls": 11, "wickets": 0}, "d45c0528": {"runs": 1, "balls": 4, "wickets": 1}, "6a434bd3": {"runs": 9, "balls": 18, "wickets": 2}, "32497ecd": {"runs": 9, "balls": 9, "wickets": 0}, "d3a44255": {"runs": 4, "balls": 14, "wickets": 0}, "9706e64b": {"runs": 18, "balls": 16, "wickets": 1}, "a139c379": {"runs": 18, "balls": 19, "wickets": 1}, "ea8b65ab": {"runs": 25, "balls": 27, "wickets": 1}, "6bb7a785": {"runs": 5, "balls": 4, "wickets": 0}, "fe731c62": {"runs": 24, "balls": 27, "wickets": 1}, "b4bbe95c": {"runs": 13, "balls": 13, "wickets": 0}, "89ee5191": {"runs": 5, "balls": 10, "wickets": 0}, "57a45277": {"runs": 4, "balls": 7, "wickets": 0}, "e13f5984": {"runs": 16, "balls": 18, "wickets": 0}, "84f1ae7f": {"runs": 4, "balls": 8, "wickets": 1}, "7c1ba524": {"runs": 14, "balls": 10, "wickets": 0}, "705489eb": {"runs": 8, "balls": 24, "wickets": 1}, "20c716e7": {"runs": 6, "balls": 4, "wickets": 0}, "005f0561": {"runs": 1, "balls": 3, "wickets": 0}, "752183c1": {"runs": 7, "balls": 15, "wickets": 0}, "8479657a": {"runs": 3, "balls": 6, "wickets": 0}, "f3a18a0c": {"runs": 26, "balls": 43, "wickets": 1}, "053dc208": {"runs": 11, "balls": 19, "wickets": 1}, "15f609ed": {"runs": 1, "balls": 4, "wickets": 1}, "907c51ab": {"runs": 10, "balls": 18, "wickets": 2}, "77c88f05": {"runs": 17, "balls": 37, "wickets": 2}, "0b69a844": {"runs": 33, "balls": 22, "wickets": 0}, "50ee0500": {"runs": 25, "balls": 41, "wickets": 0}, "d3b4b8ed": {"runs": 31, "balls": 38, "wickets": 0}, "e1556297": {"runs": 30, "balls": 29, "wickets": 2}, "ca753f5d": {"runs": 5, "balls": 11, "wickets": 0}, "b4f73b44": {"runs": 3, "balls": 8, "wickets": 1}, "b5626ff7": {"runs": 21, "balls": 15, "wickets": 0}, "58acb320": {"runs": 22, "balls": 19, "wickets": 0}, "f6ddfe08": {"runs": 27, "balls": 22, "wickets": 1}, "e1aa1469": {"runs": 14, "balls": 12, "wickets": 0}, "06deb88a": {"runs": 3, "balls": 4, "wickets": 0}, "ecbbebf1": {"runs": 14, "balls": 10, "wickets": 0}, "b4f38f95": {"runs": 8, "balls": 6, "wickets": 0}, "3fd72108": {"runs": 4, "balls": 3, "wickets": 0}, "1b61a9fa": {"runs": 9, "balls": 4, "wickets": 0}, "44d0e8af": {"runs": 12, "balls": 19, "wickets": 0}, "a0fdf513": {"runs": 11, "balls": 11, "wickets": 0}, "bff0535a": {"runs": 10, "balls": 10, "wickets": 1}, "dbd79036": {"runs": 36, "balls": 45, "wickets": 1}, "bd8139a1": {"runs": 10, "balls": 9, "wickets": 0}, "16443d2f": {"runs": 13, "balls": 30, "wickets": 0}, "63e3b6b3": {"runs": 7, "balls": 14, "wickets": 2}, "4d4605e6": {"runs": 8, "balls": 7, "wickets": 0}, "386f410e": {"runs": 2, "balls": 8, "wickets": 0}, "6d76bc23": {"runs": 40, "balls": 75, "wickets": 2}, "69a9bb78": {"runs": 1, "balls": 8, "wickets": 1}, "e2410b5e": {"runs": 7, "balls": 9, "wickets": 0}, "7391f160": {"runs": 1, "balls": 1, "wickets": 0}, "89bbc67a": {"runs": 5, "balls": 8, "wickets": 1}, "ff227198": {"runs": 1, "balls": 3, "wickets": 0}, "dae6fac5": {"runs": 0, "balls": 6, "wickets": 0}, "5f93cb2d": {"runs": 0, "balls": 3, "wickets": 1}, "0475a86b": {"runs": 16, "balls": 28, "wickets": 0}, "27e003ce": {"runs": 5, "balls": 8, "wickets": 0}, "fa8f9dc3": {"runs": 17, "balls": 32, "wickets": 1}, "a5f488bc": {"runs": 22, "balls": 26, "wickets": 1}, "110839f2": {"runs": 21, "balls": 21, "wickets": 0}, "4ed7d23f": {"runs": 18, "balls": 20, "wickets": 2}, "17608a6f": {"runs": 2, "balls": 3, "wickets": 0}, "d693012d": {"runs": 10, "balls": 17, "wickets": 0}, "4dabe716": {"runs": 3, "balls": 8, "wickets": 0}, "a92763ea": {"runs": 16, "balls": 41, "wickets": 0}, "558cdd64": {"runs": 8, "balls": 12, "wickets": 0}, "b76fd014": {"runs": 14, "balls": 19, "wickets": 0}, "037f2b86": {"runs": 4, "balls": 9, "wickets": 0}, "8b552293": {"runs": 2, "balls": 7, "wickets": 0}, "5f862ccd": {"runs": 14, "balls": 16, "wickets": 0}, "ec1c4b4d": {"runs": 7, "balls": 19, "wickets": 0}, "4ac6664d": {"runs": 17, "balls": 20, "wickets": 0}, "a61850e6": {"runs": 21, "balls": 49, "wickets": 0}, "b55fb828": {"runs": 6, "balls": 10, "wickets": 0}, "b37b035c": {"runs": 3, "balls": 3, "wickets": 0}, "8c5775f3": {"runs": 38, "balls": 60, "wickets": 0}, "0d518f89": {"runs": 13, "balls": 38, "wickets": 0}, "5bf87532": {"runs": 3, "balls": 2, "wickets": 0}, "ad3940a5": {"runs": 5, "balls": 6, "wickets": 0}, "bec997fc": {"runs": 4, "balls": 10, "wickets": 0}, "66078174": {"runs": 5, "balls": 5, "wickets": 0}, "cc3884f9": {"runs": 1, "balls": 1, "wickets": 0}, "77851c2d": {"runs": 0, "balls": 1, "wickets": 1}, "1ade138e": {"runs": 4, "balls": 3, "wickets": 0}, "cdb82f1c": {"runs": 11, "balls": 9, "wickets": 0}, "4ba0289e": {"runs": 1, "balls": 1, "wickets": 0}, "8ca1f93a": {"runs": 7, "balls": 11, "wickets": 0}, "8d6b36e3": {"runs": 9, "balls": 8, "wickets": 0}, "93fe473e": {"runs": 9, "balls": 12, "wickets": 0}, "7673c908": {"runs": 20, "balls": 16, "wickets": 0}, "72b7ed1e": {"runs": 5, "balls": 13, "wickets": 0}, "60471339": {"runs": 4, "balls": 7, "wickets": 1}, "ca1a3105": {"runs": 3, "balls": 8, "wickets": 0}, "12755a62": {"runs": 5, "balls": 4, "wickets": 0}, "595433d2": {"runs": 1, "balls": 1, "wickets": 0}, "cebc1351": {"runs": 1, "balls": 1, "wickets": 0}, "25c73eb6": {"runs": 8, "balls": 12, "wickets": 0}, "00823a96": {"runs": 9, "balls": 22, "wickets": 1}, "2dc78362": {"runs": 4, "balls": 6, "wickets": 0}, "a1c4aed5": {"runs": 11, "balls": 15, "wickets": 0}, "d58fdb42": {"runs": 1, "balls": 8, "wickets": 0}, "b36b66c3": {"runs": 13, "balls": 13, "wickets": 0}, "1b9d1579": {"runs": 5, "balls": 3, "wickets": 0}, "201fef33": {"runs": 2, "balls": 21, "wickets": 1}, "53d50717": {"runs": 5, "balls": 23, "wickets": 0}, "47fb8d80": {"runs": 1, "balls": 3, "wickets": 0}, "5be043df": {"runs": 7, "balls": 16, "wickets": 0}, "ac56b5a7": {"runs": 10, "balls": 9, "wickets": 0}, "4c7744de": {"runs": 7, "balls": 4, "wickets": 0}, "31382975": {"runs": 2, "balls": 2, "wickets": 0}, "5463cb7a": {"runs": 0, "balls": 3, "wickets": 1}}, "fifties": 3, "thirties": 10, "centuries": 0, "maidens": 0.0, "hattricks": 0, "runs": 1165.0, "wickets": 0.0, "club_ODI_previous3_runs": [], "club_ODI_previous3_wickets": [], "club_ODI_previous3_balls played": [], "club_ODI_previous3_overs": [], "club_ODI_previous3_runs gave": [], "club_ODI_lifetime_runs": 0.0, "club_ODI_lifetime_wickets": 0.0, "club_ODI_lifetime_balls played": 0.0, "club_ODI_lifetime_overs": 0.0, "club_ODI_lifetime_runs gave": 0.0, "club_Test_previous3_runs": [], "club_Test_previous3_wickets": [], "club_Test_previous3_balls played": [], "club_Test_previous3_overs": [], "club_Test_previous3_runs gave": [], "club_Test_lifetime_runs": 0.0, "club_Test_lifetime_wickets": 0.0, "club_Test_lifetime_balls played": 0.0, "club_Test_lifetime_overs": 0.0, "club_Test_lifetime_runs gave": 0.0, "club_T20_previous3_runs": [], "club_T20_previous3_wickets": [], "club_T20_previous3_balls played": [], "club_T20_previous3_overs": [], "club_T20_previous3_runs gave": [], "club_T20_lifetime_runs": 0.0, "club_T20_lifetime_wickets": 0.0, "club_T20_lifetime_balls played": 0.0, "club_T20_lifetime_overs": 0.0, "club_T20_lifetime_runs gave": 0.0, "international_ODI_previous3_runs": [0.0, 0.0, 57.0], "international_ODI_previous3_wickets": [0.0, 0.0, 0.0], "international_ODI_previous3_balls played": [1.0, 0.0, 67.0], "international_ODI_previous3_overs": [0.0, 0.0, 0.0], "international_ODI_previous3_runs gave": [0.0, 0.0, 0.0], "international_ODI_lifetime_runs": 544.0, "international_ODI_lifetime_wickets": 0.0, "international_ODI_lifetime_balls played": 972.0, "international_ODI_lifetime_overs": 0.0, "international_ODI_lifetime_runs gave": 0.0, "international_Test_previous3_runs": [], "international_Test_previous3_wickets": [], "international_Test_previous3_balls played": [], "international_Test_previous3_overs": [], "international_Test_previous3_runs gave": [], "international_Test_lifetime_runs": 0.0, "international_Test_lifetime_wickets": 0.0, "international_Test_lifetime_balls played": 0.0, "international_Test_lifetime_overs": 0.0, "international_Test_lifetime_runs gave": 0.0, "international_T20_previous3_runs": [7.0, 9.0, 0.0], "international_T20_previous3_wickets": [0.0, 0.0, 0.0], "international_T20_previous3_balls played": [8.0, 6.0, 3.0], "international_T20_previous3_overs": [0.0, 0.0, 0.0], "international_T20_previous3_runs gave": [0.0, 0.0, 0.0], "international_T20_lifetime_runs": 621.0, "international_T20_lifetime_wickets": 0.0, "international_T20_lifetime_balls played": 759.0, "international_T20_lifetime_overs": 0.0, "international_T20_lifetime_runs gave": 0.0}