{"played_against": {"e393c6c1": {"runs": 1, "balls": 1, "wickets": 0}, "0286eabe": {"runs": 5, "balls": 6, "wickets": 0}, "967806a5": {"runs": 2, "balls": 2, "wickets": 0}, "1c726c76": {"runs": 0, "balls": 1, "wickets": 1}, "bb411d1e": {"runs": 0, "balls": 2, "wickets": 1}, "1b3f7dbb": {"runs": 1, "balls": 1, "wickets": 0}, "44c3cb6d": {"runs": 1, "balls": 1, "wickets": 0}, "fa9fdefa": {"runs": 6, "balls": 4, "wickets": 1}, "b72a8938": {"runs": 6, "balls": 6, "wickets": 1}, "5728635a": {"runs": 4, "balls": 4, "wickets": 0}}, "fifties": 0, "thirties": 0, "centuries": 0, "maidens": 0.0, "hattricks": 1, "runs": 26.0, "wickets": 11.0, "club_ODI_previous3_runs": [], "club_ODI_previous3_wickets": [], "club_ODI_previous3_balls played": [], "club_ODI_previous3_overs": [], "club_ODI_previous3_runs gave": [], "club_ODI_lifetime_runs": 0.0, "club_ODI_lifetime_wickets": 0.0, "club_ODI_lifetime_balls played": 0.0, "club_ODI_lifetime_overs": 0.0, "club_ODI_lifetime_runs gave": 0.0, "club_Test_previous3_runs": [], "club_Test_previous3_wickets": [], "club_Test_previous3_balls played": [], "club_Test_previous3_overs": [], "club_Test_previous3_runs gave": [], "club_Test_lifetime_runs": 0.0, "club_Test_lifetime_wickets": 0.0, "club_Test_lifetime_balls played": 0.0, "club_Test_lifetime_overs": 0.0, "club_Test_lifetime_runs gave": 0.0, "club_T20_previous3_runs": [], "club_T20_previous3_wickets": [], "club_T20_previous3_balls played": [], "club_T20_previous3_overs": [], "club_T20_previous3_runs gave": [], "club_T20_lifetime_runs": 0.0, "club_T20_lifetime_wickets": 0.0, "club_T20_lifetime_balls played": 0.0, "club_T20_lifetime_overs": 0.0, "club_T20_lifetime_runs gave": 0.0, "international_ODI_previous3_runs": [], "international_ODI_previous3_wickets": [], "international_ODI_previous3_balls played": [], "international_ODI_previous3_overs": [], "international_ODI_previous3_runs gave": [], "international_ODI_lifetime_runs": 0.0, "international_ODI_lifetime_wickets": 0.0, "international_ODI_lifetime_balls played": 0.0, "international_ODI_lifetime_overs": 0.0, "international_ODI_lifetime_runs gave": 0.0, "international_Test_previous3_runs": [], "international_Test_previous3_wickets": [], "international_Test_previous3_balls played": [], "international_Test_previous3_overs": [], "international_Test_previous3_runs gave": [], "international_Test_lifetime_runs": 0.0, "international_Test_lifetime_wickets": 0.0, "international_Test_lifetime_balls played": 0.0, "international_Test_lifetime_overs": 0.0, "international_Test_lifetime_runs gave": 0.0, "international_T20_previous3_runs": [0.0, 16.0, 0.0], "international_T20_previous3_wickets": [1.0, 0.0, 0.0], "international_T20_previous3_balls played": [0.0, 13.0, 0.0], "international_T20_previous3_overs": [3.0, 0.0, 0.0], "international_T20_previous3_runs gave": [16.0, 0.0, 0.0], "international_T20_lifetime_runs": 26.0, "international_T20_lifetime_wickets": 11.0, "international_T20_lifetime_balls played": 28.0, "international_T20_lifetime_overs": 35.16666666666667, "international_T20_lifetime_runs gave": 157.0}