{"played_against": {"582e9baa": {"runs": 12, "balls": 5, "wickets": 0}, "d7c6af50": {"runs": 5, "balls": 5, "wickets": 0}, "525c3f54": {"runs": 14, "balls": 3, "wickets": 0}, "342d8ade": {"runs": 4, "balls": 9, "wickets": 0}, "34ff9e07": {"runs": 2, "balls": 3, "wickets": 0}, "4ba44e19": {"runs": 6, "balls": 5, "wickets": 0}, "bcce309e": {"runs": 0, "balls": 2, "wickets": 1}, "9ab63e7b": {"runs": 18, "balls": 16, "wickets": 0}, "64c34cd0": {"runs": 19, "balls": 26, "wickets": 1}, "0be1b885": {"runs": 10, "balls": 6, "wickets": 0}, "390ff45b": {"runs": 18, "balls": 17, "wickets": 0}, "5680f1ad": {"runs": 0, "balls": 5, "wickets": 0}, "b15eaf77": {"runs": 7, "balls": 4, "wickets": 0}, "2c13defe": {"runs": 5, "balls": 3, "wickets": 0}, "323e4c16": {"runs": 0, "balls": 2, "wickets": 0}, "3b50c63a": {"runs": 0, "balls": 1, "wickets": 1}, "e8b5ea8d": {"runs": 6, "balls": 5, "wickets": 0}, "fcbf5a30": {"runs": 11, "balls": 15, "wickets": 0}, "ddc0828d": {"runs": 1, "balls": 3, "wickets": 0}, "a4af4849": {"runs": 8, "balls": 7, "wickets": 0}, "62decd8e": {"runs": 1, "balls": 2, "wickets": 0}, "86dc8f2e": {"runs": 4, "balls": 7, "wickets": 0}, "88fccd6c": {"runs": 14, "balls": 16, "wickets": 1}, "3967930c": {"runs": 0, "balls": 6, "wickets": 1}, "20a941bb": {"runs": 9, "balls": 24, "wickets": 1}, "74234d66": {"runs": 6, "balls": 12, "wickets": 1}, "3cf83487": {"runs": 13, "balls": 22, "wickets": 1}, "dd09ff8e": {"runs": 6, "balls": 19, "wickets": 0}, "622dee94": {"runs": 20, "balls": 27, "wickets": 0}, "7d415ea5": {"runs": 6, "balls": 14, "wickets": 0}, "53fe6ee4": {"runs": 8, "balls": 17, "wickets": 0}, "db584dad": {"runs": 11, "balls": 22, "wickets": 1}, "d68e7f48": {"runs": 11, "balls": 23, "wickets": 1}, "33a50ecf": {"runs": 18, "balls": 14, "wickets": 0}, "60beb01b": {"runs": 8, "balls": 5, "wickets": 0}, "a7c226e1": {"runs": 15, "balls": 10, "wickets": 0}, "bd77eb62": {"runs": 18, "balls": 15, "wickets": 1}, "f842c2cf": {"runs": 4, "balls": 8, "wickets": 0}, "8ba8195d": {"runs": 4, "balls": 4, "wickets": 0}, "5cb078d6": {"runs": 9, "balls": 7, "wickets": 0}, "fa463154": {"runs": 20, "balls": 11, "wickets": 0}, "0c2730df": {"runs": 29, "balls": 15, "wickets": 0}, "5fa06777": {"runs": 5, "balls": 9, "wickets": 0}, "f708a0bc": {"runs": 0, "balls": 1, "wickets": 1}, "96fd40ae": {"runs": 10, "balls": 7, "wickets": 0}, "725529bc": {"runs": 10, "balls": 5, "wickets": 0}, "b2b50355": {"runs": 0, "balls": 1, "wickets": 1}, "0c8a1d51": {"runs": 1, "balls": 2, "wickets": 0}, "2a731841": {"runs": 0, "balls": 1, "wickets": 1}, "63bff7f9": {"runs": 6, "balls": 3, "wickets": 0}, "3cf5ae43": {"runs": 15, "balls": 13, "wickets": 2}, "6eea0b32": {"runs": 7, "balls": 7, "wickets": 0}, "9a158001": {"runs": 31, "balls": 16, "wickets": 0}, "e186f49c": {"runs": 7, "balls": 6, "wickets": 0}, "817c1746": {"runs": 8, "balls": 14, "wickets": 0}, "33f28243": {"runs": 8, "balls": 8, "wickets": 1}, "addfb70e": {"runs": 6, "balls": 7, "wickets": 1}, "3eac9d95": {"runs": 1, "balls": 3, "wickets": 0}, "bf1d7d3e": {"runs": 1, "balls": 2, "wickets": 1}, "8fb49ef8": {"runs": 7, "balls": 4, "wickets": 0}, "cf494ffe": {"runs": 34, "balls": 17, "wickets": 0}, "62af8546": {"runs": 1, "balls": 2, "wickets": 0}, "fccebff9": {"runs": 2, "balls": 3, "wickets": 0}, "39f82db3": {"runs": 6, "balls": 3, "wickets": 0}, "4603914b": {"runs": 2, "balls": 2, "wickets": 0}, "b8d18afc": {"runs": 5, "balls": 3, "wickets": 0}, "4948a447": {"runs": 8, "balls": 4, "wickets": 1}, "1a8eebbe": {"runs": 0, "balls": 2, "wickets": 1}, "60dd8960": {"runs": 7, "balls": 2, "wickets": 0}, "8eb611d0": {"runs": 4, "balls": 6, "wickets": 1}, "58c481c6": {"runs": 6, "balls": 8, "wickets": 0}, "bca21d18": {"runs": 72, "balls": 72, "wickets": 1}, "6575e3bc": {"runs": 10, "balls": 6, "wickets": 0}, "b57f8a9a": {"runs": 14, "balls": 4, "wickets": 0}, "888e32bf": {"runs": 1, "balls": 1, "wickets": 0}, "0f348f58": {"runs": 4, "balls": 7, "wickets": 0}, "07a67c50": {"runs": 7, "balls": 5, "wickets": 0}, "a9520ac2": {"runs": 9, "balls": 8, "wickets": 0}, "531f0278": {"runs": 2, "balls": 2, "wickets": 0}, "243431b5": {"runs": 0, "balls": 2, "wickets": 1}, "70fdd428": {"runs": 55, "balls": 48, "wickets": 0}, "5db1c288": {"runs": 28, "balls": 58, "wickets": 1}, "fac298ff": {"runs": 10, "balls": 27, "wickets": 0}, "d346d939": {"runs": 2, "balls": 3, "wickets": 0}, "27296d02": {"runs": 22, "balls": 21, "wickets": 0}, "bb351c23": {"runs": 5, "balls": 6, "wickets": 0}, "01a95383": {"runs": 0, "balls": 5, "wickets": 0}, "cd882d22": {"runs": 3, "balls": 9, "wickets": 1}, "1427277f": {"runs": 66, "balls": 101, "wickets": 0}, "dddc811c": {"runs": 20, "balls": 68, "wickets": 2}, "eb9cb105": {"runs": 43, "balls": 80, "wickets": 1}, "7be8a0ed": {"runs": 3, "balls": 4, "wickets": 0}, "57a76baa": {"runs": 26, "balls": 48, "wickets": 0}, "e86754b2": {"runs": 47, "balls": 87, "wickets": 1}, "450f6fa6": {"runs": 76, "balls": 83, "wickets": 2}, "7d5e0b78": {"runs": 84, "balls": 148, "wickets": 4}, "74a274cc": {"runs": 11, "balls": 26, "wickets": 0}, "aac9f784": {"runs": 35, "balls": 37, "wickets": 0}, "1a45b864": {"runs": 17, "balls": 20, "wickets": 1}, "75e476d4": {"runs": 3, "balls": 6, "wickets": 1}, "9c7d7cda": {"runs": 14, "balls": 54, "wickets": 0}, "5239d782": {"runs": 14, "balls": 36, "wickets": 1}, "f7177fd6": {"runs": 27, "balls": 25, "wickets": 1}, "a7c7802a": {"runs": 9, "balls": 12, "wickets": 0}, "7fa2ab1f": {"runs": 0, "balls": 19, "wickets": 0}, "ce470ca0": {"runs": 3, "balls": 3, "wickets": 0}, "98eacfe5": {"runs": 10, "balls": 16, "wickets": 2}, "c6a9148d": {"runs": 22, "balls": 9, "wickets": 0}, "5b3acc53": {"runs": 15, "balls": 10, "wickets": 0}, "b16cf2ec": {"runs": 11, "balls": 29, "wickets": 0}, "99464591": {"runs": 1, "balls": 6, "wickets": 0}, "75223da4": {"runs": 29, "balls": 23, "wickets": 0}, "1066a976": {"runs": 2, "balls": 12, "wickets": 0}, "f64eed39": {"runs": 16, "balls": 6, "wickets": 0}, "15101f12": {"runs": 39, "balls": 50, "wickets": 2}, "05d74535": {"runs": 11, "balls": 23, "wickets": 1}, "9b411f8f": {"runs": 1, "balls": 1, "wickets": 0}, "cd143bca": {"runs": 16, "balls": 33, "wickets": 1}, "e9987a94": {"runs": 31, "balls": 88, "wickets": 1}, "d74d1090": {"runs": 15, "balls": 20, "wickets": 0}, "eddf25bd": {"runs": 20, "balls": 16, "wickets": 1}, "b552a935": {"runs": 18, "balls": 14, "wickets": 1}, "c404f58a": {"runs": 4, "balls": 5, "wickets": 0}, "7ca5e05d": {"runs": 35, "balls": 36, "wickets": 1}, "91ffa6c6": {"runs": 5, "balls": 20, "wickets": 0}, "4ec07775": {"runs": 17, "balls": 11, "wickets": 1}, "5a37ec26": {"runs": 17, "balls": 19, "wickets": 0}, "61a9ce31": {"runs": 6, "balls": 16, "wickets": 0}, "8db7f47f": {"runs": 8, "balls": 10, "wickets": 1}, "0a12e736": {"runs": 42, "balls": 43, "wickets": 1}, "aed5be04": {"runs": 15, "balls": 16, "wickets": 0}, "10435ca2": {"runs": 4, "balls": 9, "wickets": 1}, "c03c6200": {"runs": 1, "balls": 1, "wickets": 0}, "5da34add": {"runs": 28, "balls": 36, "wickets": 1}, "5bdcdb72": {"runs": 16, "balls": 28, "wickets": 1}, "a72b14ff": {"runs": 1, "balls": 1, "wickets": 0}, "26ff4c29": {"runs": 2, "balls": 5, "wickets": 1}, "5ac8f17b": {"runs": 113, "balls": 182, "wickets": 1}, "7b1e20ea": {"runs": 17, "balls": 44, "wickets": 0}, "1a88bdd3": {"runs": 8, "balls": 7, "wickets": 0}, "7ee2ce62": {"runs": 7, "balls": 8, "wickets": 0}, "7795ab76": {"runs": 14, "balls": 14, "wickets": 0}, "49b6c09f": {"runs": 100, "balls": 107, "wickets": 0}, "eaa4cfc2": {"runs": 89, "balls": 105, "wickets": 0}, "49299473": {"runs": 15, "balls": 10, "wickets": 1}, "85ebf2be": {"runs": 15, "balls": 19, "wickets": 0}, "6c79c098": {"runs": 15, "balls": 23, "wickets": 0}, "0bec3a6c": {"runs": 33, "balls": 51, "wickets": 0}, "dc670143": {"runs": 8, "balls": 6, "wickets": 0}, "025a092b": {"runs": 18, "balls": 13, "wickets": 1}, "e97aefe2": {"runs": 2, "balls": 3, "wickets": 0}, "611926bc": {"runs": 8, "balls": 9, "wickets": 0}, "ecf7bbc9": {"runs": 0, "balls": 2, "wickets": 1}, "be4807e3": {"runs": 1, "balls": 8, "wickets": 1}, "fea7a34c": {"runs": 18, "balls": 5, "wickets": 0}, "dd17e4bc": {"runs": 49, "balls": 42, "wickets": 0}, "3c77ca9d": {"runs": 5, "balls": 10, "wickets": 0}, "6355d428": {"runs": 6, "balls": 4, "wickets": 0}, "c672e80e": {"runs": 33, "balls": 29, "wickets": 0}, "59792462": {"runs": 14, "balls": 21, "wickets": 2}, "ab474682": {"runs": 20, "balls": 13, "wickets": 0}, "fdb8ed0d": {"runs": 20, "balls": 28, "wickets": 1}, "a73321d3": {"runs": 16, "balls": 19, "wickets": 0}, "18fac429": {"runs": 30, "balls": 70, "wickets": 2}, "0e0d43b4": {"runs": 17, "balls": 32, "wickets": 0}, "cf73ad76": {"runs": 52, "balls": 51, "wickets": 1}, "e412cb64": {"runs": 39, "balls": 48, "wickets": 0}, "e423d162": {"runs": 14, "balls": 38, "wickets": 2}, "5147c792": {"runs": 6, "balls": 16, "wickets": 0}, "ddcd1520": {"runs": 17, "balls": 39, "wickets": 0}, "0f21680d": {"runs": 7, "balls": 6, "wickets": 0}, "6b0c3a20": {"runs": 8, "balls": 5, "wickets": 0}, "a23fda4a": {"runs": 2, "balls": 4, "wickets": 0}, "2a0d5d4a": {"runs": 4, "balls": 3, "wickets": 1}, "18899e2b": {"runs": 2, "balls": 2, "wickets": 0}, "25a42048": {"runs": 3, "balls": 12, "wickets": 0}, "45c2196c": {"runs": 17, "balls": 17, "wickets": 1}, "9395f98e": {"runs": 15, "balls": 31, "wickets": 0}, "c163432a": {"runs": 7, "balls": 3, "wickets": 1}, "b2dbe638": {"runs": 0, "balls": 7, "wickets": 1}, "749a1b3a": {"runs": 1, "balls": 6, "wickets": 0}, "0c7f11be": {"runs": 9, "balls": 21, "wickets": 0}, "b7a6a60b": {"runs": 22, "balls": 41, "wickets": 0}, "4c239537": {"runs": 25, "balls": 43, "wickets": 0}, "245c97cb": {"runs": 23, "balls": 46, "wickets": 0}, "6f049d41": {"runs": 21, "balls": 15, "wickets": 0}, "1957c6b7": {"runs": 0, "balls": 6, "wickets": 1}, "f5821615": {"runs": 80, "balls": 130, "wickets": 1}, "29b89ae8": {"runs": 41, "balls": 58, "wickets": 1}, "6c908ffc": {"runs": 37, "balls": 44, "wickets": 1}, "1c513d54": {"runs": 1, "balls": 5, "wickets": 0}, "2223b920": {"runs": 52, "balls": 108, "wickets": 1}, "8728a058": {"runs": 65, "balls": 120, "wickets": 0}, "cfe70281": {"runs": 3, "balls": 18, "wickets": 0}, "65b6943c": {"runs": 12, "balls": 26, "wickets": 0}, "3d0ed2f9": {"runs": 16, "balls": 27, "wickets": 0}, "8bf61e65": {"runs": 61, "balls": 80, "wickets": 1}, "58043739": {"runs": 57, "balls": 88, "wickets": 2}, "249d60c9": {"runs": 46, "balls": 101, "wickets": 0}, "b21ed464": {"runs": 63, "balls": 108, "wickets": 0}, "f54dbda7": {"runs": 11, "balls": 11, "wickets": 0}, "ccdd8308": {"runs": 33, "balls": 43, "wickets": 2}, "6c6aca89": {"runs": 30, "balls": 48, "wickets": 2}, "f1ba9ed7": {"runs": 8, "balls": 12, "wickets": 1}, "76cb1a7f": {"runs": 1, "balls": 1, "wickets": 0}, "1179469b": {"runs": 2, "balls": 2, "wickets": 0}, "1f572ee8": {"runs": 13, "balls": 16, "wickets": 1}, "3a60e0b5": {"runs": 13, "balls": 9, "wickets": 0}, "a510bdd3": {"runs": 11, "balls": 10, "wickets": 1}, "af2c687b": {"runs": 1, "balls": 1, "wickets": 0}, "64d43928": {"runs": 18, "balls": 7, "wickets": 0}, "0f3ee070": {"runs": 5, "balls": 3, "wickets": 0}, "a9da7784": {"runs": 13, "balls": 4, "wickets": 0}, "3812d56b": {"runs": 4, "balls": 3, "wickets": 0}, "06c2de82": {"runs": 54, "balls": 90, "wickets": 1}, "808f425a": {"runs": 6, "balls": 8, "wickets": 0}, "88a004e9": {"runs": 9, "balls": 6, "wickets": 0}, "dda5aae5": {"runs": 35, "balls": 46, "wickets": 3}, "012829ff": {"runs": 8, "balls": 21, "wickets": 0}, "10f68de1": {"runs": 15, "balls": 16, "wickets": 1}, "e737a5fe": {"runs": 13, "balls": 13, "wickets": 0}, "757502b5": {"runs": 22, "balls": 17, "wickets": 0}, "c1f6c27e": {"runs": 23, "balls": 40, "wickets": 0}, "59559bc2": {"runs": 10, "balls": 14, "wickets": 2}, "2318ba22": {"runs": 5, "balls": 20, "wickets": 0}, "3987e390": {"runs": 95, "balls": 181, "wickets": 1}, "8f2dfebf": {"runs": 0, "balls": 6, "wickets": 0}, "70b8fd28": {"runs": 7, "balls": 17, "wickets": 0}, "b3544c5d": {"runs": 8, "balls": 13, "wickets": 0}, "eba6a852": {"runs": 18, "balls": 21, "wickets": 0}, "9a963804": {"runs": 23, "balls": 45, "wickets": 0}, "9dca07d7": {"runs": 47, "balls": 77, "wickets": 2}, "755a77c6": {"runs": 7, "balls": 3, "wickets": 0}, "2a2e6343": {"runs": 17, "balls": 19, "wickets": 0}, "0d61d8f0": {"runs": 0, "balls": 6, "wickets": 0}, "c89474d1": {"runs": 21, "balls": 35, "wickets": 1}, "e91de70e": {"runs": 15, "balls": 24, "wickets": 0}, "d66edc9a": {"runs": 8, "balls": 9, "wickets": 1}, "b082d112": {"runs": 16, "balls": 27, "wickets": 1}, "4b685e2d": {"runs": 18, "balls": 15, "wickets": 0}, "314ed7e6": {"runs": 1, "balls": 1, "wickets": 0}, "e9d5218e": {"runs": 12, "balls": 11, "wickets": 0}, "97e434a6": {"runs": 26, "balls": 40, "wickets": 0}, "5fed6272": {"runs": 11, "balls": 9, "wickets": 0}, "1ad0b441": {"runs": 9, "balls": 10, "wickets": 1}, "e94915e6": {"runs": 57, "balls": 69, "wickets": 0}, "05c2ca46": {"runs": 68, "balls": 90, "wickets": 1}, "47b4ad09": {"runs": 1, "balls": 11, "wickets": 0}, "93e06301": {"runs": 18, "balls": 21, "wickets": 0}, "3766056b": {"runs": 7, "balls": 32, "wickets": 0}, "71440756": {"runs": 20, "balls": 39, "wickets": 1}, "51e1ed69": {"runs": 50, "balls": 61, "wickets": 0}, "8479a24a": {"runs": 4, "balls": 16, "wickets": 0}, "9bab2b81": {"runs": 7, "balls": 10, "wickets": 2}, "ac7fa28f": {"runs": 21, "balls": 36, "wickets": 0}, "bbbb7f1e": {"runs": 26, "balls": 19, "wickets": 0}, "5574750c": {"runs": 4, "balls": 7, "wickets": 1}, "ffe699c0": {"runs": 12, "balls": 9, "wickets": 0}, "ee0c05c0": {"runs": 19, "balls": 12, "wickets": 0}, "ad212f96": {"runs": 16, "balls": 14, "wickets": 2}, "5fcb6fb1": {"runs": 10, "balls": 16, "wickets": 0}, "2911de16": {"runs": 1, "balls": 1, "wickets": 0}, "b3118300": {"runs": 2, "balls": 2, "wickets": 0}, "574665e2": {"runs": 2, "balls": 3, "wickets": 1}, "a37b5c0a": {"runs": 13, "balls": 40, "wickets": 2}, "7f048519": {"runs": 8, "balls": 8, "wickets": 0}, "a343262c": {"runs": 6, "balls": 12, "wickets": 0}, "23638956": {"runs": 14, "balls": 26, "wickets": 1}, "78adc879": {"runs": 7, "balls": 8, "wickets": 0}, "d4eef961": {"runs": 1, "balls": 5, "wickets": 1}, "5b6d248a": {"runs": 17, "balls": 23, "wickets": 1}, "fb396280": {"runs": 41, "balls": 61, "wickets": 0}, "6107bc41": {"runs": 54, "balls": 117, "wickets": 1}, "7a32c1c1": {"runs": 8, "balls": 9, "wickets": 0}, "07c8a2f4": {"runs": 2, "balls": 17, "wickets": 1}, "d12143bf": {"runs": 9, "balls": 28, "wickets": 0}, "d3868bd0": {"runs": 7, "balls": 19, "wickets": 0}, "ea3d687a": {"runs": 28, "balls": 66, "wickets": 1}, "5ccdb14f": {"runs": 6, "balls": 10, "wickets": 1}, "7cdecc31": {"runs": 12, "balls": 9, "wickets": 0}, "43205dad": {"runs": 1, "balls": 3, "wickets": 0}, "c654af19": {"runs": 6, "balls": 25, "wickets": 1}, "679cd31e": {"runs": 7, "balls": 11, "wickets": 0}, "d112c570": {"runs": 10, "balls": 19, "wickets": 1}, "e0ac7144": {"runs": 12, "balls": 27, "wickets": 0}, "5bb5a915": {"runs": 8, "balls": 14, "wickets": 1}}, "fifties": 18, "thirties": 32, "centuries": 8, "maidens": 112.0, "hattricks": 9, "runs": 4641.0, "wickets": 69.0, "club_ODI_previous3_runs": [8.0, 1.0, 6.0], "club_ODI_previous3_wickets": [0.0, 0.0, 0.0], "club_ODI_previous3_balls played": [10.0, 2.0, 14.0], "club_ODI_previous3_overs": [0.0, 0.0, 0.0], "club_ODI_previous3_runs gave": [0.0, 0.0, 0.0], "club_ODI_lifetime_runs": 491.0, "club_ODI_lifetime_wickets": 3.0, "club_ODI_lifetime_balls played": 539.0, "club_ODI_lifetime_overs": 45.833333333333336, "club_ODI_lifetime_runs gave": 283.0, "club_Test_previous3_runs": [16.0, 42.0, 18.0], "club_Test_previous3_wickets": [0.0, 0.0, 0.0], "club_Test_previous3_balls played": [24.0, 82.0, 44.0], "club_Test_previous3_overs": [0.0, 0.0, 0.0], "club_Test_previous3_runs gave": [0.0, 0.0, 0.0], "club_Test_lifetime_runs": 2903.0, "club_Test_lifetime_wickets": 31.0, "club_Test_lifetime_balls played": 5064.0, "club_Test_lifetime_overs": 517.1666666666666, "club_Test_lifetime_runs gave": 1721.0, "club_T20_previous3_runs": [0.0, 1.0, 7.0], "club_T20_previous3_wickets": [0.0, 0.0, 0.0], "club_T20_previous3_balls played": [0.0, 2.0, 8.0], "club_T20_previous3_overs": [0.0, 0.0, 0.0], "club_T20_previous3_runs gave": [0.0, 0.0, 0.0], "club_T20_lifetime_runs": 867.0, "club_T20_lifetime_wickets": 10.0, "club_T20_lifetime_balls played": 677.0, "club_T20_lifetime_overs": 48.33333333333333, "club_T20_lifetime_runs gave": 489.0, "international_ODI_previous3_runs": [39.0, 0.0, 1.0], "international_ODI_previous3_wickets": [3.0, 1.0, 1.0], "international_ODI_previous3_balls played": [27.0, 0.0, 3.0], "international_ODI_previous3_overs": [10.0, 7.0, 8.0], "international_ODI_previous3_runs gave": [48.0, 39.0, 24.0], "international_ODI_lifetime_runs": 321.0, "international_ODI_lifetime_wickets": 22.0, "international_ODI_lifetime_balls played": 334.0, "international_ODI_lifetime_overs": 127.83333333333334, "international_ODI_lifetime_runs gave": 703.0, "international_Test_previous3_runs": [59.0], "international_Test_previous3_wickets": [3.0], "international_Test_previous3_balls played": [110.0], "international_Test_previous3_overs": [31.0], "international_Test_previous3_runs gave": [154.0], "international_Test_lifetime_runs": 59.0, "international_Test_lifetime_wickets": 3.0, "international_Test_lifetime_balls played": 110.0, "international_Test_lifetime_overs": 31.0, "international_Test_lifetime_runs gave": 154.0, "international_T20_previous3_runs": [], "international_T20_previous3_wickets": [], "international_T20_previous3_balls played": [], "international_T20_previous3_overs": [], "international_T20_previous3_runs gave": [], "international_T20_lifetime_runs": 0.0, "international_T20_lifetime_wickets": 0.0, "international_T20_lifetime_balls played": 0.0, "international_T20_lifetime_overs": 0.0, "international_T20_lifetime_runs gave": 0.0}