{"played_against": {"fe6d2da9": {"runs": 2, "balls": 3, "wickets": 0}, "321c980e": {"runs": 1, "balls": 9, "wickets": 1}, "b06ed525": {"runs": 0, "balls": 3, "wickets": 1}, "75820733": {"runs": 1, "balls": 14, "wickets": 1}, "a45db27e": {"runs": 0, "balls": 6, "wickets": 0}, "f9258912": {"runs": 1, "balls": 12, "wickets": 0}, "96b95cb8": {"runs": 0, "balls": 11, "wickets": 1}, "cc3884f9": {"runs": 2, "balls": 8, "wickets": 1}, "fb9a8cc3": {"runs": 1, "balls": 1, "wickets": 0}, "a2632c7c": {"runs": 0, "balls": 4, "wickets": 1}}, "fifties": 0, "thirties": 0, "centuries": 0, "maidens": 0.0, "hattricks": 0, "runs": 8.0, "wickets": 1.0, "club_ODI_previous3_runs": [1.0, 3.0, 0.0], "club_ODI_previous3_wickets": [0.0, 0.0, 0.0], "club_ODI_previous3_balls played": [23.0, 9.0, 4.0], "club_ODI_previous3_overs": [3.0, 1.0, 5.0], "club_ODI_previous3_runs gave": [13.0, 13.0, 22.0], "club_ODI_lifetime_runs": 4.0, "club_ODI_lifetime_wickets": 0.0, "club_ODI_lifetime_balls played": 36.0, "club_ODI_lifetime_overs": 9.0, "club_ODI_lifetime_runs gave": 48.0, "club_Test_previous3_runs": [], "club_Test_previous3_wickets": [], "club_Test_previous3_balls played": [], "club_Test_previous3_overs": [], "club_Test_previous3_runs gave": [], "club_Test_lifetime_runs": 0.0, "club_Test_lifetime_wickets": 0.0, "club_Test_lifetime_balls played": 0.0, "club_Test_lifetime_overs": 0.0, "club_Test_lifetime_runs gave": 0.0, "club_T20_previous3_runs": [3.0, 0.0, 1.0], "club_T20_previous3_wickets": [1.0, 0.0, 0.0], "club_T20_previous3_balls played": [12.0, 4.0, 20.0], "club_T20_previous3_overs": [4.0, 4.0, 3.0], "club_T20_previous3_runs gave": [21.0, 23.0, 25.0], "club_T20_lifetime_runs": 4.0, "club_T20_lifetime_wickets": 1.0, "club_T20_lifetime_balls played": 36.0, "club_T20_lifetime_overs": 11.0, "club_T20_lifetime_runs gave": 69.0, "international_ODI_previous3_runs": [], "international_ODI_previous3_wickets": [], "international_ODI_previous3_balls played": [], "international_ODI_previous3_overs": [], "international_ODI_previous3_runs gave": [], "international_ODI_lifetime_runs": 0.0, "international_ODI_lifetime_wickets": 0.0, "international_ODI_lifetime_balls played": 0.0, "international_ODI_lifetime_overs": 0.0, "international_ODI_lifetime_runs gave": 0.0, "international_Test_previous3_runs": [], "international_Test_previous3_wickets": [], "international_Test_previous3_balls played": [], "international_Test_previous3_overs": [], "international_Test_previous3_runs gave": [], "international_Test_lifetime_runs": 0.0, "international_Test_lifetime_wickets": 0.0, "international_Test_lifetime_balls played": 0.0, "international_Test_lifetime_overs": 0.0, "international_Test_lifetime_runs gave": 0.0, "international_T20_previous3_runs": [], "international_T20_previous3_wickets": [], "international_T20_previous3_balls played": [], "international_T20_previous3_overs": [], "international_T20_previous3_runs gave": [], "international_T20_lifetime_runs": 0.0, "international_T20_lifetime_wickets": 0.0, "international_T20_lifetime_balls played": 0.0, "international_T20_lifetime_overs": 0.0, "international_T20_lifetime_runs gave": 0.0}