{"played_against": {"87e562a9": {"runs": 6, "balls": 6, "wickets": 0}, "e9d5218e": {"runs": 6, "balls": 7, "wickets": 0}, "c285c86e": {"runs": 9, "balls": 8, "wickets": 0}, "1c790f4f": {"runs": 5, "balls": 10, "wickets": 0}, "e7de4f6b": {"runs": 1, "balls": 3, "wickets": 0}, "0f12f9df": {"runs": 10, "balls": 6, "wickets": 1}, "0dc00542": {"runs": 7, "balls": 9, "wickets": 0}, "5a4c12ab": {"runs": 4, "balls": 8, "wickets": 0}, "f56cd097": {"runs": 8, "balls": 12, "wickets": 1}, "4a461c24": {"runs": 13, "balls": 8, "wickets": 0}, "9d1d34bd": {"runs": 6, "balls": 4, "wickets": 0}, "760f445b": {"runs": 4, "balls": 5, "wickets": 0}, "f7e9a562": {"runs": 5, "balls": 4, "wickets": 0}, "68ddabdb": {"runs": 1, "balls": 1, "wickets": 0}, "4948a447": {"runs": 1, "balls": 1, "wickets": 0}, "62af8546": {"runs": 1, "balls": 2, "wickets": 1}}, "fifties": 0, "thirties": 1, "centuries": 0, "maidens": 0.0, "hattricks": 0, "runs": 87.0, "wickets": 1.0, "club_ODI_previous3_runs": [], "club_ODI_previous3_wickets": [], "club_ODI_previous3_balls played": [], "club_ODI_previous3_overs": [], "club_ODI_previous3_runs gave": [], "club_ODI_lifetime_runs": 0.0, "club_ODI_lifetime_wickets": 0.0, "club_ODI_lifetime_balls played": 0.0, "club_ODI_lifetime_overs": 0.0, "club_ODI_lifetime_runs gave": 0.0, "club_Test_previous3_runs": [], "club_Test_previous3_wickets": [], "club_Test_previous3_balls played": [], "club_Test_previous3_overs": [], "club_Test_previous3_runs gave": [], "club_Test_lifetime_runs": 0.0, "club_Test_lifetime_wickets": 0.0, "club_Test_lifetime_balls played": 0.0, "club_Test_lifetime_overs": 0.0, "club_Test_lifetime_runs gave": 0.0, "club_T20_previous3_runs": [21.0, 2.0, 1.0], "club_T20_previous3_wickets": [0.0, 0.0, 0.0], "club_T20_previous3_balls played": [23.0, 2.0, 2.0], "club_T20_previous3_overs": [0.0, 1.0, 0.0], "club_T20_previous3_runs gave": [0.0, 7.0, 0.0], "club_T20_lifetime_runs": 87.0, "club_T20_lifetime_wickets": 1.0, "club_T20_lifetime_balls played": 96.0, "club_T20_lifetime_overs": 2.0, "club_T20_lifetime_runs gave": 12.0, "international_ODI_previous3_runs": [], "international_ODI_previous3_wickets": [], "international_ODI_previous3_balls played": [], "international_ODI_previous3_overs": [], "international_ODI_previous3_runs gave": [], "international_ODI_lifetime_runs": 0.0, "international_ODI_lifetime_wickets": 0.0, "international_ODI_lifetime_balls played": 0.0, "international_ODI_lifetime_overs": 0.0, "international_ODI_lifetime_runs gave": 0.0, "international_Test_previous3_runs": [], "international_Test_previous3_wickets": [], "international_Test_previous3_balls played": [], "international_Test_previous3_overs": [], "international_Test_previous3_runs gave": [], "international_Test_lifetime_runs": 0.0, "international_Test_lifetime_wickets": 0.0, "international_Test_lifetime_balls played": 0.0, "international_Test_lifetime_overs": 0.0, "international_Test_lifetime_runs gave": 0.0, "international_T20_previous3_runs": [], "international_T20_previous3_wickets": [], "international_T20_previous3_balls played": [], "international_T20_previous3_overs": [], "international_T20_previous3_runs gave": [], "international_T20_lifetime_runs": 0.0, "international_T20_lifetime_wickets": 0.0, "international_T20_lifetime_balls played": 0.0, "international_T20_lifetime_overs": 0.0, "international_T20_lifetime_runs gave": 0.0}