{"played_against": {"6a434bd3": {"runs": 12, "balls": 12, "wickets": 0}, "32497ecd": {"runs": 2, "balls": 2, "wickets": 0}, "4ac6664d": {"runs": 0, "balls": 2, "wickets": 0}, "06653fcc": {"runs": 0, "balls": 6, "wickets": 0}, "ed840f44": {"runs": 16, "balls": 18, "wickets": 0}, "98dfe425": {"runs": 0, "balls": 7, "wickets": 1}, "d4f0c300": {"runs": 2, "balls": 5, "wickets": 0}, "ac8bca8d": {"runs": 14, "balls": 10, "wickets": 0}, "1b9d1579": {"runs": 6, "balls": 9, "wickets": 0}, "d284ef29": {"runs": 3, "balls": 4, "wickets": 0}, "4f86926b": {"runs": 12, "balls": 10, "wickets": 0}, "5a50471c": {"runs": 8, "balls": 5, "wickets": 0}, "4ba0289e": {"runs": 5, "balls": 9, "wickets": 0}, "f3a18a0c": {"runs": 11, "balls": 14, "wickets": 1}, "cdb82f1c": {"runs": 25, "balls": 37, "wickets": 1}, "17608a6f": {"runs": 7, "balls": 8, "wickets": 0}, "99e23670": {"runs": 4, "balls": 8, "wickets": 1}, "d693012d": {"runs": 13, "balls": 6, "wickets": 1}, "f0b4e47d": {"runs": 1, "balls": 4, "wickets": 0}, "be150fc8": {"runs": 0, "balls": 2, "wickets": 1}, "2904b4b6": {"runs": 13, "balls": 7, "wickets": 0}, "84f1ae7f": {"runs": 11, "balls": 15, "wickets": 0}, "705489eb": {"runs": 6, "balls": 12, "wickets": 0}, "d0bb40b8": {"runs": 3, "balls": 9, "wickets": 0}, "201fef33": {"runs": 2, "balls": 3, "wickets": 1}, "9b73d523": {"runs": 2, "balls": 3, "wickets": 0}, "9af58032": {"runs": 4, "balls": 9, "wickets": 0}, "de69af96": {"runs": 6, "balls": 8, "wickets": 1}, "7673c908": {"runs": 5, "balls": 3, "wickets": 0}, "60471339": {"runs": 19, "balls": 20, "wickets": 1}, "7938c793": {"runs": 5, "balls": 7, "wickets": 1}, "397369e0": {"runs": 21, "balls": 17, "wickets": 2}, "8d6b36e3": {"runs": 6, "balls": 5, "wickets": 0}, "ae2c396f": {"runs": 9, "balls": 10, "wickets": 0}, "eca08a1d": {"runs": 10, "balls": 7, "wickets": 0}, "6df697a9": {"runs": 8, "balls": 8, "wickets": 0}, "108c4c09": {"runs": 10, "balls": 11, "wickets": 0}, "63e3b6b3": {"runs": 15, "balls": 24, "wickets": 1}, "0d518f89": {"runs": 6, "balls": 6, "wickets": 0}, "ce85fcaf": {"runs": 0, "balls": 3, "wickets": 1}, "1e17a238": {"runs": 21, "balls": 9, "wickets": 0}, "165b9097": {"runs": 12, "balls": 11, "wickets": 1}, "7693851c": {"runs": 6, "balls": 9, "wickets": 1}, "2817e17a": {"runs": 8, "balls": 6, "wickets": 0}, "b8cce99f": {"runs": 14, "balls": 11, "wickets": 1}, "89bbc67a": {"runs": 1, "balls": 1, "wickets": 0}, "7c0055c1": {"runs": 15, "balls": 10, "wickets": 0}, "93b4f6f6": {"runs": 8, "balls": 4, "wickets": 0}, "0160b1d9": {"runs": 5, "balls": 4, "wickets": 0}, "8ca1f93a": {"runs": 6, "balls": 11, "wickets": 1}, "d5eb8b84": {"runs": 0, "balls": 1, "wickets": 0}, "214115f5": {"runs": 4, "balls": 7, "wickets": 0}, "37f93dc8": {"runs": 17, "balls": 8, "wickets": 0}, "31972229": {"runs": 1, "balls": 2, "wickets": 0}, "72b7ed1e": {"runs": 0, "balls": 1, "wickets": 0}, "2e81be88": {"runs": 4, "balls": 1, "wickets": 0}, "0475a86b": {"runs": 9, "balls": 4, "wickets": 0}, "686362af": {"runs": 0, "balls": 2, "wickets": 0}, "a50797a4": {"runs": 7, "balls": 5, "wickets": 0}, "66078174": {"runs": 10, "balls": 8, "wickets": 0}, "037f2b86": {"runs": 18, "balls": 8, "wickets": 0}, "558cdd64": {"runs": 3, "balls": 2, "wickets": 0}, "ad3940a5": {"runs": 6, "balls": 2, "wickets": 0}, "89895ae1": {"runs": 0, "balls": 1, "wickets": 0}, "b55fb828": {"runs": 22, "balls": 20, "wickets": 1}, "550373ea": {"runs": 7, "balls": 4, "wickets": 1}, "52d3b7ff": {"runs": 32, "balls": 19, "wickets": 1}, "e04fb55d": {"runs": 7, "balls": 4, "wickets": 0}, "a0fdf513": {"runs": 13, "balls": 28, "wickets": 1}, "2fa916b3": {"runs": 1, "balls": 4, "wickets": 0}, "5838cb64": {"runs": 13, "balls": 20, "wickets": 0}, "c34a15e6": {"runs": 5, "balls": 4, "wickets": 0}, "a61850e6": {"runs": 2, "balls": 2, "wickets": 0}, "a51e6c6e": {"runs": 4, "balls": 7, "wickets": 0}, "53bb50f0": {"runs": 14, "balls": 15, "wickets": 1}, "ea9c54de": {"runs": 19, "balls": 18, "wickets": 1}, "792d0178": {"runs": 1, "balls": 3, "wickets": 0}, "c981d3c2": {"runs": 17, "balls": 22, "wickets": 0}, "6ee11109": {"runs": 13, "balls": 14, "wickets": 1}, "3d689960": {"runs": 13, "balls": 18, "wickets": 0}, "38b4583c": {"runs": 19, "balls": 20, "wickets": 0}, "d2763568": {"runs": 10, "balls": 13, "wickets": 2}, "c6625a26": {"runs": 20, "balls": 18, "wickets": 0}, "340202b0": {"runs": 14, "balls": 8, "wickets": 0}, "b34e0c77": {"runs": 1, "balls": 1, "wickets": 0}, "1ade138e": {"runs": 2, "balls": 20, "wickets": 0}}, "fifties": 2, "thirties": 7, "centuries": 0, "maidens": 0.0, "hattricks": 0, "runs": 726.0, "wickets": 0.0, "club_ODI_previous3_runs": [], "club_ODI_previous3_wickets": [], "club_ODI_previous3_balls played": [], "club_ODI_previous3_overs": [], "club_ODI_previous3_runs gave": [], "club_ODI_lifetime_runs": 0.0, "club_ODI_lifetime_wickets": 0.0, "club_ODI_lifetime_balls played": 0.0, "club_ODI_lifetime_overs": 0.0, "club_ODI_lifetime_runs gave": 0.0, "club_Test_previous3_runs": [], "club_Test_previous3_wickets": [], "club_Test_previous3_balls played": [], "club_Test_previous3_overs": [], "club_Test_previous3_runs gave": [], "club_Test_lifetime_runs": 0.0, "club_Test_lifetime_wickets": 0.0, "club_Test_lifetime_balls played": 0.0, "club_Test_lifetime_overs": 0.0, "club_Test_lifetime_runs gave": 0.0, "club_T20_previous3_runs": [28.0, 30.0, 3.0], "club_T20_previous3_wickets": [0.0, 0.0, 0.0], "club_T20_previous3_balls played": [19.0, 23.0, 5.0], "club_T20_previous3_overs": [0.0, 0.0, 0.0], "club_T20_previous3_runs gave": [0.0, 0.0, 0.0], "club_T20_lifetime_runs": 213.0, "club_T20_lifetime_wickets": 0.0, "club_T20_lifetime_balls played": 196.0, "club_T20_lifetime_overs": 0.0, "club_T20_lifetime_runs gave": 0.0, "international_ODI_previous3_runs": [3.0, 35.0, 0.0], "international_ODI_previous3_wickets": [0.0, 0.0, 0.0], "international_ODI_previous3_balls played": [7.0, 62.0, 0.0], "international_ODI_previous3_overs": [0.0, 0.0, 0.0], "international_ODI_previous3_runs gave": [0.0, 0.0, 0.0], "international_ODI_lifetime_runs": 266.0, "international_ODI_lifetime_wickets": 0.0, "international_ODI_lifetime_balls played": 349.0, "international_ODI_lifetime_overs": 0.0, "international_ODI_lifetime_runs gave": 0.0, "international_Test_previous3_runs": [], "international_Test_previous3_wickets": [], "international_Test_previous3_balls played": [], "international_Test_previous3_overs": [], "international_Test_previous3_runs gave": [], "international_Test_lifetime_runs": 0.0, "international_Test_lifetime_wickets": 0.0, "international_Test_lifetime_balls played": 0.0, "international_Test_lifetime_overs": 0.0, "international_Test_lifetime_runs gave": 0.0, "international_T20_previous3_runs": [34.0, 23.0, 1.0], "international_T20_previous3_wickets": [0.0, 0.0, 0.0], "international_T20_previous3_balls played": [27.0, 22.0, 2.0], "international_T20_previous3_overs": [0.0, 0.0, 0.0], "international_T20_previous3_runs gave": [0.0, 0.0, 0.0], "international_T20_lifetime_runs": 247.0, "international_T20_lifetime_wickets": 0.0, "international_T20_lifetime_balls played": 242.0, "international_T20_lifetime_overs": 0.0, "international_T20_lifetime_runs gave": 0.0}