{"played_against": {"c0790f82": {"runs": 0, "balls": 1, "wickets": 0}, "bcce309e": {"runs": 0, "balls": 6, "wickets": 0}, "4ba44e19": {"runs": 16, "balls": 27, "wickets": 1}, "34ff9e07": {"runs": 3, "balls": 3, "wickets": 0}, "342d8ade": {"runs": 4, "balls": 7, "wickets": 0}, "f233bbb4": {"runs": 8, "balls": 17, "wickets": 0}, "2cccba8f": {"runs": 16, "balls": 10, "wickets": 0}, "2bb09eb2": {"runs": 5, "balls": 7, "wickets": 0}, "bb1819fa": {"runs": 1, "balls": 4, "wickets": 1}, "99663fa5": {"runs": 3, "balls": 3, "wickets": 0}, "8b5b6769": {"runs": 4, "balls": 3, "wickets": 0}, "91a4a398": {"runs": 5, "balls": 8, "wickets": 0}, "bad31fac": {"runs": 0, "balls": 1, "wickets": 1}, "53fe6ee4": {"runs": 3, "balls": 3, "wickets": 0}, "3cf83487": {"runs": 0, "balls": 2, "wickets": 1}, "8ba8195d": {"runs": 13, "balls": 16, "wickets": 0}, "d2c2b2d5": {"runs": 11, "balls": 20, "wickets": 0}, "1c914163": {"runs": 1, "balls": 1, "wickets": 0}, "323e4c16": {"runs": 3, "balls": 8, "wickets": 0}, "64c34cd0": {"runs": 0, "balls": 5, "wickets": 0}, "9ab63e7b": {"runs": 26, "balls": 22, "wickets": 1}, "e186f49c": {"runs": 10, "balls": 17, "wickets": 0}, "888e32bf": {"runs": 16, "balls": 17, "wickets": 0}, "7ff3fcaa": {"runs": 4, "balls": 11, "wickets": 0}, "7dc35884": {"runs": 8, "balls": 16, "wickets": 0}, "b743f01b": {"runs": 0, "balls": 5, "wickets": 1}, "7c70083d": {"runs": 1, "balls": 1, "wickets": 0}, "008589a4": {"runs": 1, "balls": 3, "wickets": 1}, "2b8b75a0": {"runs": 22, "balls": 41, "wickets": 1}, "123e663a": {"runs": 37, "balls": 76, "wickets": 2}, "e1e81c75": {"runs": 20, "balls": 25, "wickets": 0}, "5471024e": {"runs": 16, "balls": 15, "wickets": 0}, "cf73ad76": {"runs": 0, "balls": 2, "wickets": 0}, "f5390243": {"runs": 8, "balls": 10, "wickets": 0}, "d7c6af50": {"runs": 14, "balls": 26, "wickets": 0}, "3eac9d95": {"runs": 13, "balls": 7, "wickets": 0}, "a386e91b": {"runs": 9, "balls": 9, "wickets": 0}, "e97aefe2": {"runs": 1, "balls": 4, "wickets": 0}, "4948a447": {"runs": 2, "balls": 2, "wickets": 0}, "10a91f35": {"runs": 3, "balls": 3, "wickets": 0}, "16dfcc19": {"runs": 6, "balls": 12, "wickets": 0}, "61f05b05": {"runs": 7, "balls": 7, "wickets": 0}, "d094e7d1": {"runs": 15, "balls": 25, "wickets": 0}, "33cb3411": {"runs": 1, "balls": 1, "wickets": 0}, "7d7ab238": {"runs": 3, "balls": 9, "wickets": 0}, "4f629497": {"runs": 1, "balls": 3, "wickets": 0}, "05e0fab5": {"runs": 1, "balls": 3, "wickets": 0}, "a12e1d51": {"runs": 11, "balls": 11, "wickets": 2}, "6d8356ee": {"runs": 28, "balls": 37, "wickets": 1}, "c66d9486": {"runs": 4, "balls": 11, "wickets": 0}, "8a79613a": {"runs": 3, "balls": 6, "wickets": 0}, "a549066c": {"runs": 13, "balls": 15, "wickets": 0}, "10840285": {"runs": 4, "balls": 1, "wickets": 0}, "543d3e69": {"runs": 16, "balls": 21, "wickets": 0}, "bceb1b07": {"runs": 28, "balls": 23, "wickets": 0}, "0e0afd8b": {"runs": 24, "balls": 35, "wickets": 1}, "fbc5c0c6": {"runs": 19, "balls": 43, "wickets": 1}, "52f96571": {"runs": 27, "balls": 49, "wickets": 0}, "056f58dd": {"runs": 8, "balls": 9, "wickets": 0}, "0cc2c8b6": {"runs": 11, "balls": 13, "wickets": 1}, "9f0270e0": {"runs": 18, "balls": 22, "wickets": 1}, "9de271ef": {"runs": 12, "balls": 21, "wickets": 0}, "31fbf891": {"runs": 15, "balls": 10, "wickets": 0}, "df08c69e": {"runs": 10, "balls": 10, "wickets": 0}, "3a026eb4": {"runs": 36, "balls": 53, "wickets": 0}, "796e4140": {"runs": 5, "balls": 4, "wickets": 0}, "c4ff0618": {"runs": 13, "balls": 18, "wickets": 0}, "4ec07775": {"runs": 31, "balls": 41, "wickets": 1}, "74ef405a": {"runs": 24, "balls": 31, "wickets": 1}, "37312a74": {"runs": 44, "balls": 36, "wickets": 2}, "91052c96": {"runs": 54, "balls": 57, "wickets": 0}, "235a247a": {"runs": 19, "balls": 29, "wickets": 0}, "abbdca1a": {"runs": 117, "balls": 140, "wickets": 1}, "dc36a6a5": {"runs": 4, "balls": 11, "wickets": 0}, "5673a3fc": {"runs": 8, "balls": 5, "wickets": 0}, "13c35c9e": {"runs": 1, "balls": 2, "wickets": 0}, "94238673": {"runs": 4, "balls": 5, "wickets": 0}, "0dc00542": {"runs": 6, "balls": 9, "wickets": 1}, "469ea22b": {"runs": 5, "balls": 15, "wickets": 0}, "896d78ad": {"runs": 8, "balls": 18, "wickets": 0}, "ea0cdc12": {"runs": 15, "balls": 29, "wickets": 0}, "1be70c88": {"runs": 4, "balls": 8, "wickets": 0}, "7839bf3a": {"runs": 23, "balls": 20, "wickets": 1}, "fccf5309": {"runs": 24, "balls": 26, "wickets": 1}, "dd09ff8e": {"runs": 5, "balls": 16, "wickets": 0}, "addfb70e": {"runs": 10, "balls": 9, "wickets": 0}, "f5180fe6": {"runs": 23, "balls": 30, "wickets": 0}, "30a45b23": {"runs": 11, "balls": 13, "wickets": 0}, "047d9032": {"runs": 15, "balls": 25, "wickets": 0}, "f842c2cf": {"runs": 8, "balls": 13, "wickets": 0}, "4329fbb5": {"runs": 26, "balls": 18, "wickets": 0}, "49691d7a": {"runs": 0, "balls": 1, "wickets": 0}, "67af6f81": {"runs": 1, "balls": 5, "wickets": 0}, "18eaf2fa": {"runs": 42, "balls": 69, "wickets": 0}, "4b7011dd": {"runs": 18, "balls": 36, "wickets": 1}, "79b4839e": {"runs": 8, "balls": 22, "wickets": 1}, "eb7af112": {"runs": 11, "balls": 29, "wickets": 1}, "ca73657e": {"runs": 13, "balls": 13, "wickets": 1}, "8dbda772": {"runs": 1, "balls": 12, "wickets": 0}, "f27f89e8": {"runs": 12, "balls": 13, "wickets": 0}, "568e5a4a": {"runs": 7, "balls": 11, "wickets": 1}, "99cddc5e": {"runs": 12, "balls": 18, "wickets": 0}, "cf494ffe": {"runs": 25, "balls": 20, "wickets": 0}, "e01895bb": {"runs": 7, "balls": 16, "wickets": 0}, "29b89ae8": {"runs": 9, "balls": 20, "wickets": 2}, "aae9ce90": {"runs": 20, "balls": 15, "wickets": 1}, "c5326dd0": {"runs": 5, "balls": 5, "wickets": 0}, "f7b2cbe8": {"runs": 40, "balls": 43, "wickets": 0}, "2adb9943": {"runs": 18, "balls": 43, "wickets": 0}, "248b72c3": {"runs": 33, "balls": 44, "wickets": 0}, "9ff7f691": {"runs": 37, "balls": 86, "wickets": 2}, "e85d03d6": {"runs": 33, "balls": 84, "wickets": 3}, "57ac1d99": {"runs": 5, "balls": 5, "wickets": 0}, "292381e0": {"runs": 3, "balls": 2, "wickets": 0}, "88c4a8e8": {"runs": 6, "balls": 9, "wickets": 0}, "d146924b": {"runs": 9, "balls": 13, "wickets": 0}, "9025e58f": {"runs": 12, "balls": 11, "wickets": 1}, "795df06c": {"runs": 27, "balls": 35, "wickets": 0}, "c4d28aa3": {"runs": 1, "balls": 1, "wickets": 0}, "a75a78eb": {"runs": 30, "balls": 19, "wickets": 1}, "96503059": {"runs": 39, "balls": 17, "wickets": 0}, "b03db6fa": {"runs": 43, "balls": 63, "wickets": 0}, "4557dc54": {"runs": 24, "balls": 18, "wickets": 0}, "3185266a": {"runs": 1, "balls": 2, "wickets": 0}, "4d84ad05": {"runs": 8, "balls": 9, "wickets": 0}, "72e60730": {"runs": 8, "balls": 9, "wickets": 1}, "5be810ba": {"runs": 14, "balls": 18, "wickets": 0}, "664189ff": {"runs": 14, "balls": 11, "wickets": 0}, "a36915ce": {"runs": 13, "balls": 12, "wickets": 0}, "7516045a": {"runs": 13, "balls": 5, "wickets": 0}, "98d05440": {"runs": 32, "balls": 39, "wickets": 0}, "f8dcfe4e": {"runs": 0, "balls": 1, "wickets": 1}, "3f796a61": {"runs": 1, "balls": 1, "wickets": 0}, "f43dd8c2": {"runs": 2, "balls": 6, "wickets": 2}, "7fa2ab1f": {"runs": 11, "balls": 8, "wickets": 0}, "27159c6a": {"runs": 11, "balls": 16, "wickets": 0}, "7429c452": {"runs": 17, "balls": 15, "wickets": 0}, "59f509ed": {"runs": 5, "balls": 7, "wickets": 0}, "7805af0f": {"runs": 4, "balls": 4, "wickets": 0}, "dab18aa5": {"runs": 5, "balls": 3, "wickets": 0}, "7f6c2dae": {"runs": 13, "balls": 7, "wickets": 0}, "f5853cef": {"runs": 1, "balls": 3, "wickets": 1}, "5044f30d": {"runs": 8, "balls": 6, "wickets": 0}, "bb9b51f4": {"runs": 1, "balls": 5, "wickets": 1}, "9c376401": {"runs": 11, "balls": 14, "wickets": 0}, "8c7d6cbe": {"runs": 6, "balls": 10, "wickets": 0}, "bb134e5c": {"runs": 16, "balls": 40, "wickets": 0}, "e16e7347": {"runs": 15, "balls": 33, "wickets": 0}, "5af592d2": {"runs": 9, "balls": 16, "wickets": 0}, "ed97af2b": {"runs": 7, "balls": 15, "wickets": 0}, "7bf34437": {"runs": 11, "balls": 16, "wickets": 0}, "e258a603": {"runs": 28, "balls": 34, "wickets": 0}, "a8942d26": {"runs": 6, "balls": 10, "wickets": 0}, "1e78c51c": {"runs": 12, "balls": 12, "wickets": 0}, "87e33d07": {"runs": 95, "balls": 77, "wickets": 0}, "2b7609f1": {"runs": 55, "balls": 59, "wickets": 0}, "3c4007d3": {"runs": 14, "balls": 30, "wickets": 0}, "1adb8ee8": {"runs": 41, "balls": 63, "wickets": 2}, "f53b3e1d": {"runs": 26, "balls": 38, "wickets": 0}, "12c3ba4d": {"runs": 2, "balls": 7, "wickets": 0}, "4c7df2c8": {"runs": 7, "balls": 10, "wickets": 0}, "f28a60e0": {"runs": 3, "balls": 13, "wickets": 1}, "34464143": {"runs": 14, "balls": 13, "wickets": 0}, "7ecb9a14": {"runs": 22, "balls": 14, "wickets": 0}, "b858be20": {"runs": 7, "balls": 5, "wickets": 0}, "681af475": {"runs": 2, "balls": 2, "wickets": 0}, "c024db94": {"runs": 6, "balls": 5, "wickets": 1}, "e6d298e8": {"runs": 2, "balls": 5, "wickets": 0}, "28131839": {"runs": 1, "balls": 2, "wickets": 1}, "e70a0811": {"runs": 4, "balls": 5, "wickets": 0}, "d1988788": {"runs": 17, "balls": 19, "wickets": 0}, "a98a6b86": {"runs": 12, "balls": 12, "wickets": 1}, "26534b48": {"runs": 2, "balls": 2, "wickets": 0}, "d99cc23a": {"runs": 39, "balls": 29, "wickets": 0}, "05c2ca46": {"runs": 28, "balls": 36, "wickets": 0}, "2b995cf0": {"runs": 9, "balls": 9, "wickets": 1}, "6a685375": {"runs": 5, "balls": 9, "wickets": 1}, "4d1ec7eb": {"runs": 1, "balls": 6, "wickets": 0}, "9a95bebb": {"runs": 14, "balls": 18, "wickets": 0}, "87a92b6b": {"runs": 6, "balls": 13, "wickets": 0}, "9920dd86": {"runs": 5, "balls": 11, "wickets": 1}, "119007ef": {"runs": 1, "balls": 1, "wickets": 0}, "08f04bc3": {"runs": 2, "balls": 2, "wickets": 1}, "856cbb1e": {"runs": 10, "balls": 9, "wickets": 0}, "b9fd3959": {"runs": 4, "balls": 6, "wickets": 0}, "1a8f879b": {"runs": 1, "balls": 3, "wickets": 0}, "d3851cd8": {"runs": 2, "balls": 5, "wickets": 0}, "552b228c": {"runs": 3, "balls": 6, "wickets": 0}, "571f11e4": {"runs": 9, "balls": 5, "wickets": 0}, "023f6b02": {"runs": 3, "balls": 4, "wickets": 1}, "b410bd3d": {"runs": 22, "balls": 47, "wickets": 1}, "2d8aae2f": {"runs": 13, "balls": 10, "wickets": 0}, "535ad39e": {"runs": 9, "balls": 22, "wickets": 0}, "3de06845": {"runs": 10, "balls": 18, "wickets": 0}, "18261c22": {"runs": 4, "balls": 6, "wickets": 0}, "e21bc7f3": {"runs": 7, "balls": 17, "wickets": 0}, "469ccead": {"runs": 2, "balls": 8, "wickets": 0}, "1252f71a": {"runs": 9, "balls": 18, "wickets": 0}, "e9a870ed": {"runs": 10, "balls": 16, "wickets": 0}, "1688f2dc": {"runs": 0, "balls": 11, "wickets": 1}, "cbabd6ad": {"runs": 4, "balls": 18, "wickets": 0}, "9b6ad88a": {"runs": 3, "balls": 4, "wickets": 0}, "bb20e182": {"runs": 0, "balls": 2, "wickets": 1}, "72253b87": {"runs": 1, "balls": 14, "wickets": 1}, "bd9fbd51": {"runs": 11, "balls": 15, "wickets": 0}, "dcdb87f2": {"runs": 1, "balls": 6, "wickets": 0}, "934b36a6": {"runs": 2, "balls": 3, "wickets": 0}, "dc67d315": {"runs": 17, "balls": 11, "wickets": 0}, "1a9e9efe": {"runs": 20, "balls": 15, "wickets": 1}, "8088632c": {"runs": 17, "balls": 25, "wickets": 1}, "3a82673c": {"runs": 20, "balls": 12, "wickets": 0}, "e6a6888f": {"runs": 24, "balls": 7, "wickets": 0}, "2dcac6ff": {"runs": 12, "balls": 9, "wickets": 0}, "ba57fb08": {"runs": 25, "balls": 19, "wickets": 1}, "ba3b4b09": {"runs": 25, "balls": 11, "wickets": 0}, "269cc4ff": {"runs": 79, "balls": 52, "wickets": 2}, "46a7ac78": {"runs": 76, "balls": 100, "wickets": 3}, "18db3f22": {"runs": 2, "balls": 4, "wickets": 0}, "5fe3709e": {"runs": 7, "balls": 10, "wickets": 0}, "f98c24ec": {"runs": 6, "balls": 11, "wickets": 0}, "65a60be7": {"runs": 10, "balls": 13, "wickets": 0}, "98614193": {"runs": 8, "balls": 9, "wickets": 1}, "1ce4f664": {"runs": 25, "balls": 12, "wickets": 0}, "c6614fc0": {"runs": 6, "balls": 3, "wickets": 0}, "011f6b42": {"runs": 10, "balls": 14, "wickets": 0}, "7636b587": {"runs": 12, "balls": 12, "wickets": 0}, "327fcb33": {"runs": 1, "balls": 1, "wickets": 0}, "0dbe27b8": {"runs": 7, "balls": 4, "wickets": 0}, "c042b412": {"runs": 16, "balls": 7, "wickets": 1}, "d3868bd0": {"runs": 5, "balls": 2, "wickets": 0}, "34cb2f69": {"runs": 8, "balls": 3, "wickets": 0}, "e1592949": {"runs": 5, "balls": 6, "wickets": 0}, "f092b4c7": {"runs": 8, "balls": 2, "wickets": 0}, "48f25627": {"runs": 8, "balls": 4, "wickets": 1}, "c26cd57a": {"runs": 2, "balls": 3, "wickets": 0}, "053f3ce3": {"runs": 2, "balls": 3, "wickets": 0}, "0d0f0385": {"runs": 34, "balls": 21, "wickets": 0}, "f33cfd25": {"runs": 6, "balls": 4, "wickets": 0}, "780d1997": {"runs": 1, "balls": 4, "wickets": 1}, "91056862": {"runs": 25, "balls": 15, "wickets": 0}, "0848ac5f": {"runs": 25, "balls": 24, "wickets": 0}, "34e36b65": {"runs": 24, "balls": 21, "wickets": 0}, "29ee9bf9": {"runs": 16, "balls": 6, "wickets": 0}, "847b4bdd": {"runs": 7, "balls": 6, "wickets": 2}, "71fa64d6": {"runs": 1, "balls": 1, "wickets": 0}, "abee08c7": {"runs": 5, "balls": 8, "wickets": 0}, "1c5c3dce": {"runs": 2, "balls": 2, "wickets": 0}, "2e392afa": {"runs": 4, "balls": 8, "wickets": 0}, "b9e07e44": {"runs": 1, "balls": 2, "wickets": 1}, "d0042e16": {"runs": 1, "balls": 3, "wickets": 0}, "ae624b05": {"runs": 10, "balls": 6, "wickets": 0}, "8160713d": {"runs": 1, "balls": 7, "wickets": 0}, "6b46ce43": {"runs": 8, "balls": 15, "wickets": 0}, "9f998ed8": {"runs": 11, "balls": 14, "wickets": 1}, "f8035c2a": {"runs": 5, "balls": 3, "wickets": 0}, "31c04b7b": {"runs": 29, "balls": 23, "wickets": 0}, "f815a3b7": {"runs": 17, "balls": 17, "wickets": 0}, "42151725": {"runs": 27, "balls": 17, "wickets": 1}, "362fde0f": {"runs": 5, "balls": 13, "wickets": 0}, "d76ab352": {"runs": 11, "balls": 13, "wickets": 0}, "3957a70a": {"runs": 8, "balls": 8, "wickets": 0}, "0e56c514": {"runs": 9, "balls": 5, "wickets": 0}, "414d8a10": {"runs": 1, "balls": 4, "wickets": 0}, "69649715": {"runs": 14, "balls": 4, "wickets": 0}, "a38c6037": {"runs": 4, "balls": 1, "wickets": 0}, "70ced7f2": {"runs": 9, "balls": 13, "wickets": 2}, "ef07f354": {"runs": 4, "balls": 2, "wickets": 0}, "218c7eab": {"runs": 1, "balls": 2, "wickets": 0}, "1747ea18": {"runs": 0, "balls": 1, "wickets": 1}, "6577a6ad": {"runs": 18, "balls": 8, "wickets": 0}, "2c14421f": {"runs": 13, "balls": 4, "wickets": 0}, "68e7e8d5": {"runs": 1, "balls": 1, "wickets": 0}, "8b7ce771": {"runs": 26, "balls": 6, "wickets": 0}, "e5117568": {"runs": 18, "balls": 7, "wickets": 0}, "602ebd4c": {"runs": 0, "balls": 1, "wickets": 1}, "fe3e9880": {"runs": 1, "balls": 1, "wickets": 0}, "abbc06cf": {"runs": 11, "balls": 4, "wickets": 0}, "8a9320a1": {"runs": 6, "balls": 1, "wickets": 0}, "1f3b9f8d": {"runs": 13, "balls": 10, "wickets": 0}, "9ccb6e52": {"runs": 21, "balls": 14, "wickets": 0}, "f99a219a": {"runs": 12, "balls": 11, "wickets": 0}, "008a024c": {"runs": 34, "balls": 16, "wickets": 0}, "18ae55e4": {"runs": 26, "balls": 12, "wickets": 1}, "39fd9295": {"runs": 16, "balls": 6, "wickets": 0}, "20d948ae": {"runs": 11, "balls": 11, "wickets": 0}, "a96b36af": {"runs": 34, "balls": 13, "wickets": 1}, "30d8136b": {"runs": 36, "balls": 22, "wickets": 2}, "059ec7a5": {"runs": 18, "balls": 12, "wickets": 1}, "a3a275ec": {"runs": 19, "balls": 20, "wickets": 2}, "33ab1f1c": {"runs": 2, "balls": 3, "wickets": 0}, "58cb36aa": {"runs": 8, "balls": 8, "wickets": 0}, "3ac13a94": {"runs": 15, "balls": 8, "wickets": 0}, "090f96e4": {"runs": 10, "balls": 9, "wickets": 0}, "74a578d0": {"runs": 5, "balls": 5, "wickets": 1}, "c06c25fd": {"runs": 16, "balls": 12, "wickets": 0}, "9238dd92": {"runs": 19, "balls": 10, "wickets": 0}, "aa8d28ae": {"runs": 2, "balls": 3, "wickets": 0}, "95a5e066": {"runs": 3, "balls": 2, "wickets": 0}, "915264c2": {"runs": 2, "balls": 4, "wickets": 1}, "6e3f5a5c": {"runs": 0, "balls": 2, "wickets": 0}, "395695ce": {"runs": 1, "balls": 6, "wickets": 1}, "26c9b5be": {"runs": 35, "balls": 10, "wickets": 0}, "b38a9f73": {"runs": 5, "balls": 4, "wickets": 0}, "ffc308ee": {"runs": 12, "balls": 12, "wickets": 0}, "d1d83db3": {"runs": 5, "balls": 3, "wickets": 0}, "2343b4bf": {"runs": 2, "balls": 3, "wickets": 0}, "9124e5ee": {"runs": 17, "balls": 5, "wickets": 1}, "06fc82b8": {"runs": 16, "balls": 6, "wickets": 0}}, "fifties": 21, "thirties": 28, "centuries": 2, "maidens": 9.0, "hattricks": 3, "runs": 3869.0, "wickets": 50.0, "club_ODI_previous3_runs": [], "club_ODI_previous3_wickets": [], "club_ODI_previous3_balls played": [], "club_ODI_previous3_overs": [], "club_ODI_previous3_runs gave": [], "club_ODI_lifetime_runs": 0.0, "club_ODI_lifetime_wickets": 0.0, "club_ODI_lifetime_balls played": 0.0, "club_ODI_lifetime_overs": 0.0, "club_ODI_lifetime_runs gave": 0.0, "club_Test_previous3_runs": [], "club_Test_previous3_wickets": [], "club_Test_previous3_balls played": [], "club_Test_previous3_overs": [], "club_Test_previous3_runs gave": [], "club_Test_lifetime_runs": 0.0, "club_Test_lifetime_wickets": 0.0, "club_Test_lifetime_balls played": 0.0, "club_Test_lifetime_overs": 0.0, "club_Test_lifetime_runs gave": 0.0, "club_T20_previous3_runs": [], "club_T20_previous3_wickets": [], "club_T20_previous3_balls played": [], "club_T20_previous3_overs": [], "club_T20_previous3_runs gave": [], "club_T20_lifetime_runs": 0.0, "club_T20_lifetime_wickets": 0.0, "club_T20_lifetime_balls played": 0.0, "club_T20_lifetime_overs": 0.0, "club_T20_lifetime_runs gave": 0.0, "international_ODI_previous3_runs": [40.0, 19.0, 14.0], "international_ODI_previous3_wickets": [0.0, 1.0, 2.0], "international_ODI_previous3_balls played": [51.0, 6.0, 18.0], "international_ODI_previous3_overs": [0.0, 9.833333333333332, 9.0], "international_ODI_previous3_runs gave": [0.0, 29.0, 32.0], "international_ODI_lifetime_runs": 1536.0, "international_ODI_lifetime_wickets": 31.0, "international_ODI_lifetime_balls played": 2259.0, "international_ODI_lifetime_overs": 231.83333333333334, "international_ODI_lifetime_runs gave": 1143.0, "international_Test_previous3_runs": [168.0, 78.0, 102.0], "international_Test_previous3_wickets": [0.0, 0.0, 1.0], "international_Test_previous3_balls played": [227.0, 140.0, 165.0], "international_Test_previous3_overs": [0.0, 8.0, 18.0], "international_Test_previous3_runs gave": [0.0, 40.0, 75.0], "international_Test_lifetime_runs": 457.0, "international_Test_lifetime_wickets": 1.0, "international_Test_lifetime_balls played": 736.0, "international_Test_lifetime_overs": 28.0, "international_Test_lifetime_runs gave": 127.0, "international_T20_previous3_runs": [68.0, 52.0, 0.0], "international_T20_previous3_wickets": [0.0, 0.0, 0.0], "international_T20_previous3_balls played": [29.0, 29.0, 5.0], "international_T20_previous3_overs": [0.0, 0.0, 0.0], "international_T20_previous3_runs gave": [0.0, 0.0, 0.0], "international_T20_lifetime_runs": 1876.0, "international_T20_lifetime_wickets": 18.0, "international_T20_lifetime_balls played": 1528.0, "international_T20_lifetime_overs": 65.33333333333334, "international_T20_lifetime_runs gave": 477.0}