{"played_against": {"cfe70281": {"runs": 2, "balls": 13, "wickets": 0}, "86dc8f2e": {"runs": 6, "balls": 14, "wickets": 0}, "e9c14262": {"runs": 19, "balls": 14, "wickets": 0}, "2e8994e7": {"runs": 1, "balls": 3, "wickets": 0}, "20a941bb": {"runs": 4, "balls": 5, "wickets": 0}, "8fd1a8f5": {"runs": 4, "balls": 6, "wickets": 0}, "a7c226e1": {"runs": 4, "balls": 8, "wickets": 0}, "35205dfc": {"runs": 2, "balls": 3, "wickets": 0}, "2fdd16fe": {"runs": 2, "balls": 2, "wickets": 1}, "f55c526f": {"runs": 3, "balls": 9, "wickets": 1}, "67af6f81": {"runs": 2, "balls": 6, "wickets": 0}, "6c6591ab": {"runs": 0, "balls": 1, "wickets": 0}, "5fa06777": {"runs": 5, "balls": 2, "wickets": 0}, "91a4a398": {"runs": 7, "balls": 5, "wickets": 0}, "8b5b6769": {"runs": 3, "balls": 1, "wickets": 0}, "5673a3fc": {"runs": 9, "balls": 4, "wickets": 1}, "3eac9d95": {"runs": 5, "balls": 3, "wickets": 0}, "cf73ad76": {"runs": 3, "balls": 3, "wickets": 0}, "57efa3be": {"runs": 3, "balls": 2, "wickets": 0}, "a12e1d51": {"runs": 2, "balls": 3, "wickets": 0}, "05d74535": {"runs": 2, "balls": 2, "wickets": 0}, "7bf96684": {"runs": 0, "balls": 2, "wickets": 1}, "7d32d965": {"runs": 1, "balls": 1, "wickets": 0}, "27159c6a": {"runs": 2, "balls": 12, "wickets": 0}, "37312a74": {"runs": 3, "balls": 7, "wickets": 1}, "4ec07775": {"runs": 10, "balls": 6, "wickets": 0}, "74ef405a": {"runs": 8, "balls": 7, "wickets": 1}, "91052c96": {"runs": 10, "balls": 7, "wickets": 0}, "abbdca1a": {"runs": 29, "balls": 29, "wickets": 0}, "4d05a82e": {"runs": 13, "balls": 7, "wickets": 0}, "78eb4223": {"runs": 1, "balls": 2, "wickets": 0}, "d68e7f48": {"runs": 1, "balls": 2, "wickets": 1}, "8ea6e670": {"runs": 11, "balls": 11, "wickets": 0}, "12eddf28": {"runs": 4, "balls": 6, "wickets": 0}, "45c2196c": {"runs": 6, "balls": 9, "wickets": 0}, "2498e163": {"runs": 1, "balls": 6, "wickets": 0}, "94eac556": {"runs": 8, "balls": 6, "wickets": 0}, "e186f49c": {"runs": 0, "balls": 8, "wickets": 0}, "1a8eebbe": {"runs": 0, "balls": 3, "wickets": 1}, "f8f2ec39": {"runs": 7, "balls": 11, "wickets": 0}, "2318ba22": {"runs": 0, "balls": 5, "wickets": 0}, "221ad9d9": {"runs": 6, "balls": 9, "wickets": 0}, "3812d56b": {"runs": 13, "balls": 15, "wickets": 0}, "eba6a852": {"runs": 11, "balls": 10, "wickets": 0}, "d12143bf": {"runs": 5, "balls": 9, "wickets": 0}, "58043739": {"runs": 3, "balls": 5, "wickets": 0}, "a386e91b": {"runs": 9, "balls": 8, "wickets": 0}, "1c914163": {"runs": 13, "balls": 20, "wickets": 0}, "98ae73b1": {"runs": 8, "balls": 7, "wickets": 0}, "a757b0d8": {"runs": 1, "balls": 2, "wickets": 0}, "c03c6200": {"runs": 1, "balls": 1, "wickets": 0}, "364ee2cf": {"runs": 0, "balls": 2, "wickets": 0}, "7c503806": {"runs": 2, "balls": 4, "wickets": 0}, "26ff4c29": {"runs": 5, "balls": 7, "wickets": 1}, "7ca5e05d": {"runs": 2, "balls": 3, "wickets": 0}, "18fac429": {"runs": 3, "balls": 2, "wickets": 0}, "7be8a0ed": {"runs": 1, "balls": 1, "wickets": 0}, "7839bf3a": {"runs": 1, "balls": 3, "wickets": 0}, "796e4140": {"runs": 15, "balls": 10, "wickets": 0}, "9025e58f": {"runs": 3, "balls": 6, "wickets": 1}, "3a026eb4": {"runs": 2, "balls": 7, "wickets": 0}, "753b5a2d": {"runs": 8, "balls": 9, "wickets": 1}, "eeeebf82": {"runs": 5, "balls": 13, "wickets": 0}, "49118dc7": {"runs": 18, "balls": 23, "wickets": 1}, "a9a4df9f": {"runs": 5, "balls": 8, "wickets": 0}, "c57fa67e": {"runs": 7, "balls": 4, "wickets": 0}, "f43dd8c2": {"runs": 6, "balls": 5, "wickets": 0}, "4d0055a0": {"runs": 16, "balls": 6, "wickets": 0}, "817c1746": {"runs": 1, "balls": 6, "wickets": 1}, "888e32bf": {"runs": 0, "balls": 1, "wickets": 0}, "4329fbb5": {"runs": 4, "balls": 4, "wickets": 0}, "f708a0bc": {"runs": 2, "balls": 2, "wickets": 0}, "ded9240e": {"runs": 8, "balls": 7, "wickets": 0}, "3fb19989": {"runs": 1, "balls": 1, "wickets": 0}, "d094e7d1": {"runs": 0, "balls": 4, "wickets": 1}, "26534b48": {"runs": 4, "balls": 2, "wickets": 0}, "531f0278": {"runs": 3, "balls": 4, "wickets": 0}, "87e562a9": {"runs": 5, "balls": 2, "wickets": 0}, "3b417422": {"runs": 0, "balls": 0, "wickets": 0}, "fec50c96": {"runs": 2, "balls": 4, "wickets": 0}, "ea0cdc12": {"runs": 4, "balls": 7, "wickets": 0}, "4c4fa80b": {"runs": 4, "balls": 3, "wickets": 0}, "2f28dc94": {"runs": 0, "balls": 1, "wickets": 1}, "7429c452": {"runs": 1, "balls": 2, "wickets": 0}, "e21bc7f3": {"runs": 1, "balls": 2, "wickets": 0}, "28131839": {"runs": 4, "balls": 3, "wickets": 0}, "4861d29b": {"runs": 2, "balls": 2, "wickets": 0}, "18eaf2fa": {"runs": 3, "balls": 4, "wickets": 0}, "21bf71ab": {"runs": 2, "balls": 3, "wickets": 0}, "cc1e8c68": {"runs": 1, "balls": 2, "wickets": 0}, "8cf9814c": {"runs": 7, "balls": 7, "wickets": 1}, "759ac88f": {"runs": 3, "balls": 4, "wickets": 0}, "b3118300": {"runs": 1, "balls": 1, "wickets": 0}, "6a685375": {"runs": 13, "balls": 4, "wickets": 0}, "d99cc23a": {"runs": 0, "balls": 0, "wickets": 0}}, "fifties": 1, "thirties": 3, "centuries": 0, "maidens": 14.0, "hattricks": 5, "runs": 448.0, "wickets": 67.0, "club_ODI_previous3_runs": [], "club_ODI_previous3_wickets": [], "club_ODI_previous3_balls played": [], "club_ODI_previous3_overs": [], "club_ODI_previous3_runs gave": [], "club_ODI_lifetime_runs": 0.0, "club_ODI_lifetime_wickets": 0.0, "club_ODI_lifetime_balls played": 0.0, "club_ODI_lifetime_overs": 0.0, "club_ODI_lifetime_runs gave": 0.0, "club_Test_previous3_runs": [], "club_Test_previous3_wickets": [], "club_Test_previous3_balls played": [], "club_Test_previous3_overs": [], "club_Test_previous3_runs gave": [], "club_Test_lifetime_runs": 0.0, "club_Test_lifetime_wickets": 0.0, "club_Test_lifetime_balls played": 0.0, "club_Test_lifetime_overs": 0.0, "club_Test_lifetime_runs gave": 0.0, "club_T20_previous3_runs": [], "club_T20_previous3_wickets": [], "club_T20_previous3_balls played": [], "club_T20_previous3_overs": [], "club_T20_previous3_runs gave": [], "club_T20_lifetime_runs": 0.0, "club_T20_lifetime_wickets": 0.0, "club_T20_lifetime_balls played": 0.0, "club_T20_lifetime_overs": 0.0, "club_T20_lifetime_runs gave": 0.0, "international_ODI_previous3_runs": [11.0, 1.0, 0.0], "international_ODI_previous3_wickets": [0.0, 0.0, 0.0], "international_ODI_previous3_balls played": [13.0, 1.0, 0.0], "international_ODI_previous3_overs": [8.0, 10.0, 0.0], "international_ODI_previous3_runs gave": [44.0, 44.0, 0.0], "international_ODI_lifetime_runs": 264.0, "international_ODI_lifetime_wickets": 34.0, "international_ODI_lifetime_balls played": 411.0, "international_ODI_lifetime_overs": 182.33333333333331, "international_ODI_lifetime_runs gave": 932.0, "international_Test_previous3_runs": [], "international_Test_previous3_wickets": [], "international_Test_previous3_balls played": [], "international_Test_previous3_overs": [], "international_Test_previous3_runs gave": [], "international_Test_lifetime_runs": 0.0, "international_Test_lifetime_wickets": 0.0, "international_Test_lifetime_balls played": 0.0, "international_Test_lifetime_overs": 0.0, "international_Test_lifetime_runs gave": 0.0, "international_T20_previous3_runs": [0.0, 0.0, 0.0], "international_T20_previous3_wickets": [0.0, 3.0, 1.0], "international_T20_previous3_balls played": [0.0, 0.0, 1.0], "international_T20_previous3_overs": [4.0, 4.0, 3.0], "international_T20_previous3_runs gave": [26.0, 26.0, 21.0], "international_T20_lifetime_runs": 184.0, "international_T20_lifetime_wickets": 33.0, "international_T20_lifetime_balls played": 135.0, "international_T20_lifetime_overs": 104.0, "international_T20_lifetime_runs gave": 754.0}