{"played_against": {"2a2e6343": {"runs": 34, "balls": 14, "wickets": 1}, "12eddf28": {"runs": 4, "balls": 2, "wickets": 0}, "956887b2": {"runs": 1, "balls": 2, "wickets": 0}, "94eac556": {"runs": 8, "balls": 9, "wickets": 0}, "bc773eeb": {"runs": 1, "balls": 4, "wickets": 0}, "808f425a": {"runs": 27, "balls": 8, "wickets": 0}, "32198ae0": {"runs": 2, "balls": 2, "wickets": 0}, "3fb19989": {"runs": 5, "balls": 5, "wickets": 0}, "dd09ff8e": {"runs": 4, "balls": 6, "wickets": 1}, "7c503806": {"runs": 6, "balls": 4, "wickets": 0}, "9f54ae00": {"runs": 10, "balls": 4, "wickets": 1}, "a12e1d51": {"runs": 0, "balls": 2, "wickets": 0}, "2498e163": {"runs": 3, "balls": 2, "wickets": 0}, "25d12bb4": {"runs": 0, "balls": 1, "wickets": 0}, "addfb70e": {"runs": 3, "balls": 3, "wickets": 0}, "012829ff": {"runs": 12, "balls": 7, "wickets": 2}, "78eb4223": {"runs": 4, "balls": 4, "wickets": 0}, "45eda7c8": {"runs": 10, "balls": 6, "wickets": 1}, "2e11c706": {"runs": 8, "balls": 6, "wickets": 1}, "a757b0d8": {"runs": 23, "balls": 13, "wickets": 0}, "9d430b40": {"runs": 5, "balls": 3, "wickets": 0}, "db767b89": {"runs": 1, "balls": 1, "wickets": 0}, "9a158001": {"runs": 1, "balls": 2, "wickets": 1}, "ce820073": {"runs": 9, "balls": 5, "wickets": 0}, "7be8a0ed": {"runs": 1, "balls": 1, "wickets": 0}, "ccdd8308": {"runs": 17, "balls": 7, "wickets": 1}, "29b89ae8": {"runs": 1, "balls": 3, "wickets": 0}, "49b6c09f": {"runs": 1, "balls": 1, "wickets": 0}, "41eb4a4f": {"runs": 10, "balls": 8, "wickets": 0}, "2e81a32d": {"runs": 18, "balls": 10, "wickets": 3}, "5bb1a1c4": {"runs": 4, "balls": 4, "wickets": 0}, "fe93fd9d": {"runs": 1, "balls": 2, "wickets": 1}, "495d42a5": {"runs": 2, "balls": 4, "wickets": 1}, "d7c6af50": {"runs": 0, "balls": 2, "wickets": 0}, "45c2196c": {"runs": 2, "balls": 4, "wickets": 1}, "b2a79f17": {"runs": 2, "balls": 3, "wickets": 0}, "58043739": {"runs": 23, "balls": 14, "wickets": 0}, "ffe699c0": {"runs": 8, "balls": 10, "wickets": 0}, "7ca5e05d": {"runs": 3, "balls": 7, "wickets": 0}, "e087956b": {"runs": 5, "balls": 15, "wickets": 2}, "eba6a852": {"runs": 3, "balls": 7, "wickets": 0}, "502b2c81": {"runs": 4, "balls": 3, "wickets": 0}, "05d74535": {"runs": 0, "balls": 2, "wickets": 0}, "16dfcc19": {"runs": 0, "balls": 1, "wickets": 1}, "5bb5a915": {"runs": 8, "balls": 8, "wickets": 0}, "8fd1a8f5": {"runs": 3, "balls": 6, "wickets": 1}, "cfe70281": {"runs": 0, "balls": 3, "wickets": 0}, "f60dc2a5": {"runs": 7, "balls": 3, "wickets": 0}, "96a6a7ad": {"runs": 9, "balls": 5, "wickets": 0}, "e0407c01": {"runs": 4, "balls": 2, "wickets": 0}, "87e562a9": {"runs": 1, "balls": 1, "wickets": 0}, "cc1e8c68": {"runs": 1, "balls": 1, "wickets": 0}, "85aae393": {"runs": 0, "balls": 5, "wickets": 0}, "aa8d28ae": {"runs": 4, "balls": 3, "wickets": 0}, "d2a989fc": {"runs": 6, "balls": 2, "wickets": 1}, "dfc4d8b5": {"runs": 16, "balls": 5, "wickets": 0}, "acee4cc4": {"runs": 12, "balls": 18, "wickets": 0}, "fb66ce1f": {"runs": 7, "balls": 5, "wickets": 0}, "a9da7784": {"runs": 1, "balls": 1, "wickets": 0}, "e62dd25d": {"runs": 14, "balls": 21, "wickets": 2}, "8abdf100": {"runs": 1, "balls": 2, "wickets": 1}, "98ae73b1": {"runs": 2, "balls": 7, "wickets": 0}, "f708a0bc": {"runs": 4, "balls": 3, "wickets": 0}, "66b30f71": {"runs": 1, "balls": 2, "wickets": 0}, "0f12f9df": {"runs": 1, "balls": 1, "wickets": 0}, "0f721006": {"runs": 6, "balls": 9, "wickets": 3}, "245c97cb": {"runs": 1, "balls": 1, "wickets": 0}, "f62772e5": {"runs": 1, "balls": 2, "wickets": 1}, "1e66c162": {"runs": 6, "balls": 2, "wickets": 0}, "f5180fe6": {"runs": 6, "balls": 4, "wickets": 1}, "57ee1fde": {"runs": 4, "balls": 9, "wickets": 0}, "462411b3": {"runs": 19, "balls": 26, "wickets": 5}, "8d2c70ad": {"runs": 19, "balls": 22, "wickets": 0}, "dbe50b21": {"runs": 2, "balls": 6, "wickets": 1}, "bd4ea627": {"runs": 1, "balls": 3, "wickets": 0}, "2911de16": {"runs": 20, "balls": 17, "wickets": 0}, "45a7e761": {"runs": 21, "balls": 12, "wickets": 1}, "9cb8d7a6": {"runs": 3, "balls": 3, "wickets": 0}, "9de62878": {"runs": 17, "balls": 10, "wickets": 1}, "f0e722e0": {"runs": 0, "balls": 1, "wickets": 0}, "ab6b1c45": {"runs": 6, "balls": 1, "wickets": 0}, "f834dcfc": {"runs": 6, "balls": 6, "wickets": 1}, "5b8c830e": {"runs": 7, "balls": 5, "wickets": 0}, "51a60c16": {"runs": 2, "balls": 5, "wickets": 0}, "f1c61793": {"runs": 1, "balls": 2, "wickets": 1}, "1a2676c5": {"runs": 27, "balls": 15, "wickets": 1}, "e86754b2": {"runs": 4, "balls": 4, "wickets": 0}, "1a156c88": {"runs": 10, "balls": 4, "wickets": 0}, "5574750c": {"runs": 2, "balls": 3, "wickets": 0}, "64775749": {"runs": 4, "balls": 9, "wickets": 2}, "e1a867df": {"runs": 6, "balls": 3, "wickets": 0}, "bd93fea4": {"runs": 20, "balls": 7, "wickets": 0}, "137e7065": {"runs": 16, "balls": 5, "wickets": 1}, "a9fd84fb": {"runs": 1, "balls": 3, "wickets": 0}, "8cf9814c": {"runs": 24, "balls": 16, "wickets": 0}, "99d63244": {"runs": 1, "balls": 1, "wickets": 0}, "8596fe80": {"runs": 2, "balls": 2, "wickets": 0}, "bbd41817": {"runs": 23, "balls": 20, "wickets": 0}, "c6097d68": {"runs": 14, "balls": 14, "wickets": 0}, "a1d053dd": {"runs": 17, "balls": 7, "wickets": 0}, "4a745f65": {"runs": 12, "balls": 8, "wickets": 0}, "e342e5fb": {"runs": 26, "balls": 11, "wickets": 1}, "e174dadd": {"runs": 1, "balls": 1, "wickets": 0}, "b3118300": {"runs": 0, "balls": 1, "wickets": 1}, "15de1f5d": {"runs": 9, "balls": 4, "wickets": 0}, "caf69bf7": {"runs": 19, "balls": 9, "wickets": 2}, "38c276e1": {"runs": 4, "balls": 4, "wickets": 1}, "68e26ec9": {"runs": 3, "balls": 3, "wickets": 1}, "1ee08e9a": {"runs": 5, "balls": 6, "wickets": 1}, "7d92277a": {"runs": 0, "balls": 2, "wickets": 2}, "3540beff": {"runs": 2, "balls": 2, "wickets": 0}, "03806cf8": {"runs": 1, "balls": 2, "wickets": 1}, "e1b9f3a9": {"runs": 5, "balls": 6, "wickets": 1}, "244048f6": {"runs": 9, "balls": 3, "wickets": 0}, "8528effb": {"runs": 0, "balls": 1, "wickets": 1}, "7c7d63a2": {"runs": 14, "balls": 9, "wickets": 1}, "eef2536f": {"runs": 1, "balls": 2, "wickets": 1}, "5f547c8b": {"runs": 1, "balls": 1, "wickets": 0}, "7b953689": {"runs": 1, "balls": 3, "wickets": 0}, "903560ed": {"runs": 0, "balls": 1, "wickets": 1}, "ce794613": {"runs": 1, "balls": 1, "wickets": 0}, "1558d83b": {"runs": 1, "balls": 1, "wickets": 0}, "898e628d": {"runs": 4, "balls": 3, "wickets": 0}, "e9c7f0d0": {"runs": 2, "balls": 3, "wickets": 0}, "9eb1455b": {"runs": 0, "balls": 2, "wickets": 1}, "0164b064": {"runs": 0, "balls": 1, "wickets": 1}, "19b9f399": {"runs": 0, "balls": 3, "wickets": 1}, "3b53243a": {"runs": 1, "balls": 1, "wickets": 0}, "39d608d4": {"runs": 0, "balls": 1, "wickets": 0}}, "fifties": 1, "thirties": 3, "centuries": 0, "maidens": 11.0, "hattricks": 25, "runs": 829.0, "wickets": 215.0, "club_ODI_previous3_runs": [], "club_ODI_previous3_wickets": [], "club_ODI_previous3_balls played": [], "club_ODI_previous3_overs": [], "club_ODI_previous3_runs gave": [], "club_ODI_lifetime_runs": 0.0, "club_ODI_lifetime_wickets": 0.0, "club_ODI_lifetime_balls played": 0.0, "club_ODI_lifetime_overs": 0.0, "club_ODI_lifetime_runs gave": 0.0, "club_Test_previous3_runs": [], "club_Test_previous3_wickets": [], "club_Test_previous3_balls played": [], "club_Test_previous3_overs": [], "club_Test_previous3_runs gave": [], "club_Test_lifetime_runs": 0.0, "club_Test_lifetime_wickets": 0.0, "club_Test_lifetime_balls played": 0.0, "club_Test_lifetime_overs": 0.0, "club_Test_lifetime_runs gave": 0.0, "club_T20_previous3_runs": [1.0, 0.0, 0.0], "club_T20_previous3_wickets": [1.0, 2.0, 2.0], "club_T20_previous3_balls played": [1.0, 1.0, 0.0], "club_T20_previous3_overs": [4.0, 4.0, 4.0], "club_T20_previous3_runs gave": [37.0, 25.0, 19.0], "club_T20_lifetime_runs": 427.0, "club_T20_lifetime_wickets": 131.0, "club_T20_lifetime_balls played": 321.0, "club_T20_lifetime_overs": 407.49999999999994, "club_T20_lifetime_runs gave": 3187.0, "international_ODI_previous3_runs": [4.0, 2.0, 0.0], "international_ODI_previous3_wickets": [1.0, 1.0, 2.0], "international_ODI_previous3_balls played": [9.0, 3.0, 0.0], "international_ODI_previous3_overs": [10.0, 9.0, 10.0], "international_ODI_previous3_runs gave": [64.0, 57.0, 58.0], "international_ODI_lifetime_runs": 252.0, "international_ODI_lifetime_wickets": 51.0, "international_ODI_lifetime_balls played": 261.0, "international_ODI_lifetime_overs": 271.6666666666667, "international_ODI_lifetime_runs gave": 1538.0, "international_Test_previous3_runs": [], "international_Test_previous3_wickets": [], "international_Test_previous3_balls played": [], "international_Test_previous3_overs": [], "international_Test_previous3_runs gave": [], "international_Test_lifetime_runs": 0.0, "international_Test_lifetime_wickets": 0.0, "international_Test_lifetime_balls played": 0.0, "international_Test_lifetime_overs": 0.0, "international_Test_lifetime_runs gave": 0.0, "international_T20_previous3_runs": [13.0, 4.0, 0.0], "international_T20_previous3_wickets": [0.0, 3.0, 1.0], "international_T20_previous3_balls played": [7.0, 8.0, 0.0], "international_T20_previous3_overs": [3.0, 4.0, 3.0], "international_T20_previous3_runs gave": [40.0, 27.0, 34.0], "international_T20_lifetime_runs": 150.0, "international_T20_lifetime_wickets": 33.0, "international_T20_lifetime_balls played": 120.0, "international_T20_lifetime_overs": 96.83333333333333, "international_T20_lifetime_runs gave": 827.0}