{"played_against": {"8254ea06": {"runs": 4, "balls": 4, "wickets": 0}, "fc8c6088": {"runs": 1, "balls": 2, "wickets": 0}, "c3d1402f": {"runs": 1, "balls": 2, "wickets": 1}, "f986ca1a": {"runs": 3, "balls": 3, "wickets": 0}, "e4072aa1": {"runs": 7, "balls": 8, "wickets": 0}, "57ee1fde": {"runs": 2, "balls": 3, "wickets": 0}, "f54bcda9": {"runs": 1, "balls": 1, "wickets": 0}, "7793e24b": {"runs": 5, "balls": 7, "wickets": 0}, "f6f60dca": {"runs": 5, "balls": 5, "wickets": 0}, "2c3afa34": {"runs": 7, "balls": 5, "wickets": 0}, "66b30f71": {"runs": 16, "balls": 6, "wickets": 0}, "2cffab74": {"runs": 4, "balls": 3, "wickets": 0}, "c2ce55cb": {"runs": 10, "balls": 8, "wickets": 0}, "bc67cc22": {"runs": 7, "balls": 6, "wickets": 0}, "0ff9728b": {"runs": 9, "balls": 7, "wickets": 1}, "7b5b6311": {"runs": 8, "balls": 5, "wickets": 0}, "2f49c897": {"runs": 9, "balls": 6, "wickets": 0}, "4312e8f9": {"runs": 1, "balls": 2, "wickets": 0}, "5fa06777": {"runs": 6, "balls": 5, "wickets": 0}, "983f2f61": {"runs": 20, "balls": 12, "wickets": 0}, "50455929": {"runs": 16, "balls": 7, "wickets": 0}, "f0f628c7": {"runs": 1, "balls": 1, "wickets": 0}, "8da6dbf1": {"runs": 13, "balls": 7, "wickets": 0}, "6aed7e79": {"runs": 4, "balls": 7, "wickets": 0}, "a45a5e8d": {"runs": 4, "balls": 3, "wickets": 0}, "1abb78f8": {"runs": 6, "balls": 8, "wickets": 1}, "d2a989fc": {"runs": 9, "balls": 7, "wickets": 0}, "fb90249c": {"runs": 0, "balls": 2, "wickets": 0}, "92d07362": {"runs": 2, "balls": 3, "wickets": 0}, "ddb00822": {"runs": 3, "balls": 4, "wickets": 0}, "f705d984": {"runs": 0, "balls": 1, "wickets": 1}, "13dd2a4b": {"runs": 9, "balls": 6, "wickets": 0}, "cc8531c2": {"runs": 4, "balls": 3, "wickets": 0}, "21b9e62b": {"runs": 2, "balls": 2, "wickets": 1}, "254c7802": {"runs": 3, "balls": 3, "wickets": 0}, "f0c86c2d": {"runs": 1, "balls": 6, "wickets": 0}, "69be866a": {"runs": 19, "balls": 8, "wickets": 0}, "1d8388eb": {"runs": 13, "balls": 6, "wickets": 1}, "24d94623": {"runs": 8, "balls": 10, "wickets": 0}, "49bacd0f": {"runs": 22, "balls": 11, "wickets": 1}, "eef2536f": {"runs": 19, "balls": 9, "wickets": 0}, "389ae08a": {"runs": 6, "balls": 4, "wickets": 1}, "f9d99806": {"runs": 8, "balls": 8, "wickets": 0}, "077da288": {"runs": 8, "balls": 7, "wickets": 0}, "a2f46292": {"runs": 8, "balls": 11, "wickets": 2}, "23eeb873": {"runs": 2, "balls": 3, "wickets": 0}, "18e6906e": {"runs": 1, "balls": 3, "wickets": 0}, "2a6afc6f": {"runs": 13, "balls": 14, "wickets": 0}, "8d2c70ad": {"runs": 6, "balls": 7, "wickets": 0}, "c33d8116": {"runs": 9, "balls": 10, "wickets": 2}, "db31895a": {"runs": 10, "balls": 8, "wickets": 0}, "c0e59e39": {"runs": 1, "balls": 5, "wickets": 0}, "7210d461": {"runs": 6, "balls": 4, "wickets": 0}, "a4e37e47": {"runs": 10, "balls": 9, "wickets": 1}, "4125d931": {"runs": 14, "balls": 11, "wickets": 0}, "edb3d4f8": {"runs": 8, "balls": 11, "wickets": 0}, "7a8bd078": {"runs": 11, "balls": 6, "wickets": 0}, "66cf56a5": {"runs": 2, "balls": 4, "wickets": 0}, "41eb4a4f": {"runs": 5, "balls": 7, "wickets": 0}, "f6cb1703": {"runs": 22, "balls": 8, "wickets": 0}, "df064e1a": {"runs": 4, "balls": 4, "wickets": 0}, "2ed569a0": {"runs": 7, "balls": 5, "wickets": 0}, "d330f9b9": {"runs": 2, "balls": 2, "wickets": 0}, "663b5e34": {"runs": 16, "balls": 4, "wickets": 1}, "ed3fdd1a": {"runs": 10, "balls": 5, "wickets": 0}, "ad72e8cc": {"runs": 9, "balls": 3, "wickets": 0}, "134bead2": {"runs": 1, "balls": 2, "wickets": 0}, "a63563c0": {"runs": 6, "balls": 3, "wickets": 0}, "d3885f28": {"runs": 3, "balls": 3, "wickets": 0}, "d2b99c2d": {"runs": 16, "balls": 13, "wickets": 0}, "dde809f3": {"runs": 3, "balls": 3, "wickets": 0}, "d6ac52e8": {"runs": 3, "balls": 3, "wickets": 0}, "b6d95d47": {"runs": 13, "balls": 3, "wickets": 0}, "99fdf8c9": {"runs": 1, "balls": 3, "wickets": 0}, "d4753890": {"runs": 4, "balls": 1, "wickets": 0}, "3d51cc7e": {"runs": 6, "balls": 5, "wickets": 0}, "85c80de3": {"runs": 4, "balls": 4, "wickets": 0}, "ca82673d": {"runs": 3, "balls": 3, "wickets": 0}, "c916b3c2": {"runs": 13, "balls": 3, "wickets": 0}, "2b38fa6d": {"runs": 10, "balls": 4, "wickets": 0}, "dbc76c59": {"runs": 23, "balls": 6, "wickets": 0}, "8c6958d9": {"runs": 1, "balls": 4, "wickets": 0}, "9ad3a550": {"runs": 14, "balls": 6, "wickets": 1}, "f21b01e1": {"runs": 14, "balls": 4, "wickets": 0}, "85cbf838": {"runs": 10, "balls": 5, "wickets": 0}, "30fc60b5": {"runs": 5, "balls": 5, "wickets": 0}, "54e52590": {"runs": 6, "balls": 4, "wickets": 0}, "de00b96c": {"runs": 5, "balls": 6, "wickets": 0}, "36ca63bf": {"runs": 5, "balls": 3, "wickets": 0}, "cd474693": {"runs": 1, "balls": 3, "wickets": 0}, "4bd09374": {"runs": 11, "balls": 4, "wickets": 0}, "30829ea2": {"runs": 4, "balls": 5, "wickets": 0}, "18956346": {"runs": 12, "balls": 5, "wickets": 0}, "a0d66374": {"runs": 15, "balls": 6, "wickets": 0}, "119678fd": {"runs": 20, "balls": 9, "wickets": 0}, "dd73b2ff": {"runs": 13, "balls": 10, "wickets": 0}, "4a15018a": {"runs": 7, "balls": 5, "wickets": 0}, "f4ef0fd7": {"runs": 2, "balls": 8, "wickets": 0}, "31ee319e": {"runs": 4, "balls": 4, "wickets": 0}, "3a922344": {"runs": 5, "balls": 2, "wickets": 0}, "21d4e29b": {"runs": 4, "balls": 4, "wickets": 0}, "5bb1a1c4": {"runs": 6, "balls": 4, "wickets": 1}, "9d704f6f": {"runs": 4, "balls": 6, "wickets": 0}, "7e83cef2": {"runs": 4, "balls": 6, "wickets": 0}, "378daa89": {"runs": 1, "balls": 1, "wickets": 0}, "5724e517": {"runs": 20, "balls": 9, "wickets": 0}}, "fifties": 2, "thirties": 9, "centuries": 0, "maidens": 0.0, "hattricks": 0, "runs": 748.0, "wickets": 0.0, "club_ODI_previous3_runs": [], "club_ODI_previous3_wickets": [], "club_ODI_previous3_balls played": [], "club_ODI_previous3_overs": [], "club_ODI_previous3_runs gave": [], "club_ODI_lifetime_runs": 0.0, "club_ODI_lifetime_wickets": 0.0, "club_ODI_lifetime_balls played": 0.0, "club_ODI_lifetime_overs": 0.0, "club_ODI_lifetime_runs gave": 0.0, "club_Test_previous3_runs": [], "club_Test_previous3_wickets": [], "club_Test_previous3_balls played": [], "club_Test_previous3_overs": [], "club_Test_previous3_runs gave": [], "club_Test_lifetime_runs": 0.0, "club_Test_lifetime_wickets": 0.0, "club_Test_lifetime_balls played": 0.0, "club_Test_lifetime_overs": 0.0, "club_Test_lifetime_runs gave": 0.0, "club_T20_previous3_runs": [6.0, 15.0, 34.0], "club_T20_previous3_wickets": [0.0, 0.0, 0.0], "club_T20_previous3_balls played": [14.0, 10.0, 26.0], "club_T20_previous3_overs": [0.0, 0.0, 0.0], "club_T20_previous3_runs gave": [0.0, 0.0, 0.0], "club_T20_lifetime_runs": 748.0, "club_T20_lifetime_wickets": 0.0, "club_T20_lifetime_balls played": 547.0, "club_T20_lifetime_overs": 0.0, "club_T20_lifetime_runs gave": 0.0, "international_ODI_previous3_runs": [], "international_ODI_previous3_wickets": [], "international_ODI_previous3_balls played": [], "international_ODI_previous3_overs": [], "international_ODI_previous3_runs gave": [], "international_ODI_lifetime_runs": 0.0, "international_ODI_lifetime_wickets": 0.0, "international_ODI_lifetime_balls played": 0.0, "international_ODI_lifetime_overs": 0.0, "international_ODI_lifetime_runs gave": 0.0, "international_Test_previous3_runs": [], "international_Test_previous3_wickets": [], "international_Test_previous3_balls played": [], "international_Test_previous3_overs": [], "international_Test_previous3_runs gave": [], "international_Test_lifetime_runs": 0.0, "international_Test_lifetime_wickets": 0.0, "international_Test_lifetime_balls played": 0.0, "international_Test_lifetime_overs": 0.0, "international_Test_lifetime_runs gave": 0.0, "international_T20_previous3_runs": [], "international_T20_previous3_wickets": [], "international_T20_previous3_balls played": [], "international_T20_previous3_overs": [], "international_T20_previous3_runs gave": [], "international_T20_lifetime_runs": 0.0, "international_T20_lifetime_wickets": 0.0, "international_T20_lifetime_balls played": 0.0, "international_T20_lifetime_overs": 0.0, "international_T20_lifetime_runs gave": 0.0}