{"played_against": {"72b7ed1e": {"runs": 9, "balls": 11, "wickets": 1}, "8d6b36e3": {"runs": 5, "balls": 5, "wickets": 1}, "1e17a238": {"runs": 18, "balls": 16, "wickets": 1}, "33360da1": {"runs": 18, "balls": 9, "wickets": 0}, "7938c793": {"runs": 9, "balls": 9, "wickets": 0}, "31972229": {"runs": 9, "balls": 12, "wickets": 1}, "7391f160": {"runs": 2, "balls": 4, "wickets": 1}, "d5eb8b84": {"runs": 24, "balls": 30, "wickets": 2}, "397369e0": {"runs": 10, "balls": 12, "wickets": 0}, "ae2c396f": {"runs": 9, "balls": 12, "wickets": 1}, "6df697a9": {"runs": 3, "balls": 4, "wickets": 0}, "2817e17a": {"runs": 18, "balls": 17, "wickets": 1}, "37f93dc8": {"runs": 15, "balls": 8, "wickets": 2}, "7693851c": {"runs": 11, "balls": 8, "wickets": 0}, "0160b1d9": {"runs": 28, "balls": 22, "wickets": 1}, "f41d1a02": {"runs": 1, "balls": 1, "wickets": 0}, "f80d79af": {"runs": 4, "balls": 4, "wickets": 0}, "e884a0ee": {"runs": 1, "balls": 2, "wickets": 1}, "d945db3e": {"runs": 13, "balls": 11, "wickets": 0}, "51afe432": {"runs": 13, "balls": 11, "wickets": 0}, "50ee0500": {"runs": 2, "balls": 3, "wickets": 1}, "b8cce99f": {"runs": 15, "balls": 16, "wickets": 1}, "17608a6f": {"runs": 25, "balls": 27, "wickets": 2}, "2e81be88": {"runs": 8, "balls": 15, "wickets": 0}, "0475a86b": {"runs": 5, "balls": 4, "wickets": 0}, "ca5acfa4": {"runs": 5, "balls": 2, "wickets": 0}, "f3a18a0c": {"runs": 15, "balls": 18, "wickets": 0}, "abc9f8a4": {"runs": 5, "balls": 6, "wickets": 1}, "42d9dd09": {"runs": 6, "balls": 12, "wickets": 0}, "c29ada99": {"runs": 9, "balls": 7, "wickets": 0}, "92cf79a8": {"runs": 5, "balls": 7, "wickets": 0}, "4b0e3049": {"runs": 4, "balls": 10, "wickets": 0}, "321c980e": {"runs": 11, "balls": 8, "wickets": 1}, "d32cf49a": {"runs": 15, "balls": 15, "wickets": 2}, "75820733": {"runs": 19, "balls": 19, "wickets": 0}, "fb9a8cc3": {"runs": 2, "balls": 4, "wickets": 0}, "2f9a6bd1": {"runs": 1, "balls": 1, "wickets": 0}, "6bebf334": {"runs": 0, "balls": 2, "wickets": 0}, "a50797a4": {"runs": 0, "balls": 3, "wickets": 0}, "037f2b86": {"runs": 5, "balls": 5, "wickets": 0}, "c8b0b64c": {"runs": 20, "balls": 22, "wickets": 0}, "60471339": {"runs": 25, "balls": 13, "wickets": 0}, "165b9097": {"runs": 3, "balls": 4, "wickets": 0}, "686362af": {"runs": 4, "balls": 18, "wickets": 2}, "108c4c09": {"runs": 6, "balls": 6, "wickets": 0}, "63e3b6b3": {"runs": 11, "balls": 14, "wickets": 1}, "52d3b7ff": {"runs": 6, "balls": 8, "wickets": 0}, "a61850e6": {"runs": 15, "balls": 9, "wickets": 0}, "b55fb828": {"runs": 20, "balls": 18, "wickets": 0}, "a0fdf513": {"runs": 20, "balls": 27, "wickets": 0}, "5838cb64": {"runs": 13, "balls": 10, "wickets": 0}, "c34a15e6": {"runs": 13, "balls": 10, "wickets": 0}, "2fa916b3": {"runs": 1, "balls": 2, "wickets": 0}, "ea544967": {"runs": 8, "balls": 14, "wickets": 0}, "ce85fcaf": {"runs": 3, "balls": 10, "wickets": 0}, "0d518f89": {"runs": 6, "balls": 7, "wickets": 1}, "4d4605e6": {"runs": 2, "balls": 7, "wickets": 0}, "2904b4b6": {"runs": 0, "balls": 1, "wickets": 0}, "6ee11109": {"runs": 8, "balls": 10, "wickets": 0}, "ed840f44": {"runs": 12, "balls": 13, "wickets": 0}, "ea9c54de": {"runs": 11, "balls": 8, "wickets": 0}, "c981d3c2": {"runs": 13, "balls": 17, "wickets": 1}, "3d689960": {"runs": 6, "balls": 11, "wickets": 0}, "53bb50f0": {"runs": 12, "balls": 15, "wickets": 0}, "a2d53c59": {"runs": 6, "balls": 8, "wickets": 0}, "93b4f6f6": {"runs": 17, "balls": 11, "wickets": 0}, "340202b0": {"runs": 12, "balls": 11, "wickets": 0}, "b91efad5": {"runs": 5, "balls": 6, "wickets": 0}, "89bbc67a": {"runs": 1, "balls": 1, "wickets": 0}, "ac56b5a7": {"runs": 6, "balls": 6, "wickets": 1}, "7239a365": {"runs": 1, "balls": 3, "wickets": 1}, "321ea9e8": {"runs": 5, "balls": 10, "wickets": 0}, "e2a71375": {"runs": 2, "balls": 2, "wickets": 0}, "8aa62462": {"runs": 11, "balls": 14, "wickets": 0}, "f05167d2": {"runs": 6, "balls": 7, "wickets": 0}, "8ca1f93a": {"runs": 6, "balls": 6, "wickets": 0}, "8e7be59c": {"runs": 10, "balls": 7, "wickets": 0}, "32c6f715": {"runs": 6, "balls": 5, "wickets": 0}, "38b4583c": {"runs": 48, "balls": 46, "wickets": 2}, "d2763568": {"runs": 3, "balls": 2, "wickets": 0}, "c6625a26": {"runs": 20, "balls": 16, "wickets": 0}, "b34e0c77": {"runs": 3, "balls": 8, "wickets": 2}, "31adb911": {"runs": 16, "balls": 28, "wickets": 1}, "cdb82f1c": {"runs": 8, "balls": 17, "wickets": 1}, "1ade138e": {"runs": 9, "balls": 28, "wickets": 2}, "ef70a34b": {"runs": 10, "balls": 11, "wickets": 1}, "99e23670": {"runs": 14, "balls": 14, "wickets": 0}, "f0b4e47d": {"runs": 8, "balls": 8, "wickets": 2}, "65d9b6b6": {"runs": 12, "balls": 6, "wickets": 0}, "bc969efb": {"runs": 7, "balls": 8, "wickets": 0}, "8026ea72": {"runs": 0, "balls": 2, "wickets": 0}, "7298db76": {"runs": 23, "balls": 36, "wickets": 0}, "201fef33": {"runs": 29, "balls": 42, "wickets": 2}, "eadc8924": {"runs": 20, "balls": 8, "wickets": 0}, "77143581": {"runs": 4, "balls": 5, "wickets": 1}, "1251a339": {"runs": 12, "balls": 10, "wickets": 0}, "4ac6664d": {"runs": 2, "balls": 2, "wickets": 0}, "821d7d46": {"runs": 2, "balls": 2, "wickets": 0}, "816af623": {"runs": 2, "balls": 5, "wickets": 0}, "53bee17f": {"runs": 1, "balls": 1, "wickets": 0}, "7d794fa6": {"runs": 24, "balls": 33, "wickets": 0}, "91e217c3": {"runs": 21, "balls": 23, "wickets": 1}, "6c3aef71": {"runs": 18, "balls": 14, "wickets": 0}}, "fifties": 2, "thirties": 8, "centuries": 0, "maidens": 0.0, "hattricks": 0, "runs": 1025.0, "wickets": 0.0, "club_ODI_previous3_runs": [], "club_ODI_previous3_wickets": [], "club_ODI_previous3_balls played": [], "club_ODI_previous3_overs": [], "club_ODI_previous3_runs gave": [], "club_ODI_lifetime_runs": 0.0, "club_ODI_lifetime_wickets": 0.0, "club_ODI_lifetime_balls played": 0.0, "club_ODI_lifetime_overs": 0.0, "club_ODI_lifetime_runs gave": 0.0, "club_Test_previous3_runs": [], "club_Test_previous3_wickets": [], "club_Test_previous3_balls played": [], "club_Test_previous3_overs": [], "club_Test_previous3_runs gave": [], "club_Test_lifetime_runs": 0.0, "club_Test_lifetime_wickets": 0.0, "club_Test_lifetime_balls played": 0.0, "club_Test_lifetime_overs": 0.0, "club_Test_lifetime_runs gave": 0.0, "club_T20_previous3_runs": [2.0, 18.0, 0.0], "club_T20_previous3_wickets": [0.0, 0.0, 0.0], "club_T20_previous3_balls played": [5.0, 14.0, 4.0], "club_T20_previous3_overs": [0.0, 0.0, 0.0], "club_T20_previous3_runs gave": [0.0, 0.0, 0.0], "club_T20_lifetime_runs": 373.0, "club_T20_lifetime_wickets": 0.0, "club_T20_lifetime_balls played": 357.0, "club_T20_lifetime_overs": 0.0, "club_T20_lifetime_runs gave": 0.0, "international_ODI_previous3_runs": [25.0, 41.0, 39.0], "international_ODI_previous3_wickets": [0.0, 0.0, 0.0], "international_ODI_previous3_balls played": [25.0, 50.0, 66.0], "international_ODI_previous3_overs": [0.0, 0.0, 0.0], "international_ODI_previous3_runs gave": [0.0, 0.0, 0.0], "international_ODI_lifetime_runs": 256.0, "international_ODI_lifetime_wickets": 0.0, "international_ODI_lifetime_balls played": 392.0, "international_ODI_lifetime_overs": 0.0, "international_ODI_lifetime_runs gave": 0.0, "international_Test_previous3_runs": [], "international_Test_previous3_wickets": [], "international_Test_previous3_balls played": [], "international_Test_previous3_overs": [], "international_Test_previous3_runs gave": [], "international_Test_lifetime_runs": 0.0, "international_Test_lifetime_wickets": 0.0, "international_Test_lifetime_balls played": 0.0, "international_Test_lifetime_overs": 0.0, "international_Test_lifetime_runs gave": 0.0, "international_T20_previous3_runs": [17.0, 33.0, 9.0], "international_T20_previous3_wickets": [0.0, 0.0, 0.0], "international_T20_previous3_balls played": [14.0, 31.0, 7.0], "international_T20_previous3_overs": [0.0, 0.0, 0.0], "international_T20_previous3_runs gave": [0.0, 0.0, 0.0], "international_T20_lifetime_runs": 396.0, "international_T20_lifetime_wickets": 0.0, "international_T20_lifetime_balls played": 399.0, "international_T20_lifetime_overs": 0.0, "international_T20_lifetime_runs gave": 0.0}