{"played_against": {"036dcf9b": {"runs": 0, "balls": 1, "wickets": 0}, "d516a95f": {"runs": 1, "balls": 3, "wickets": 1}, "f8bd71c9": {"runs": 27, "balls": 18, "wickets": 0}, "fb34b0ec": {"runs": 25, "balls": 20, "wickets": 0}, "1afd4f89": {"runs": 29, "balls": 15, "wickets": 0}, "d85d52c2": {"runs": 11, "balls": 7, "wickets": 0}, "b857468a": {"runs": 11, "balls": 10, "wickets": 2}, "33b67317": {"runs": 11, "balls": 8, "wickets": 2}, "02b078b1": {"runs": 26, "balls": 16, "wickets": 1}, "dae28050": {"runs": 28, "balls": 20, "wickets": 0}, "14157abf": {"runs": 39, "balls": 34, "wickets": 0}, "82af7861": {"runs": 6, "balls": 6, "wickets": 0}, "663ad386": {"runs": 10, "balls": 4, "wickets": 0}, "67ec2b09": {"runs": 20, "balls": 8, "wickets": 0}, "11f56b14": {"runs": 26, "balls": 15, "wickets": 0}, "8b0b3bba": {"runs": 43, "balls": 23, "wickets": 2}, "747209e0": {"runs": 19, "balls": 10, "wickets": 1}, "6cd74704": {"runs": 2, "balls": 2, "wickets": 0}, "9865ed99": {"runs": 18, "balls": 10, "wickets": 0}, "0fa81719": {"runs": 2, "balls": 5, "wickets": 0}, "ec483176": {"runs": 4, "balls": 4, "wickets": 0}, "ad05692c": {"runs": 0, "balls": 1, "wickets": 1}, "2a03bd2f": {"runs": 21, "balls": 10, "wickets": 0}, "b89cde87": {"runs": 11, "balls": 5, "wickets": 0}, "716bf559": {"runs": 10, "balls": 8, "wickets": 0}, "00467a76": {"runs": 13, "balls": 6, "wickets": 0}, "81898acc": {"runs": 4, "balls": 8, "wickets": 0}, "d613f046": {"runs": 12, "balls": 11, "wickets": 0}, "e4f6147b": {"runs": 11, "balls": 5, "wickets": 0}, "6779e840": {"runs": 16, "balls": 6, "wickets": 0}, "6de4e430": {"runs": 5, "balls": 3, "wickets": 1}, "87a6f411": {"runs": 10, "balls": 11, "wickets": 0}, "4c72b407": {"runs": 17, "balls": 4, "wickets": 0}, "3fa5672e": {"runs": 22, "balls": 14, "wickets": 0}, "6caae2dc": {"runs": 11, "balls": 3, "wickets": 0}, "c122fe73": {"runs": 25, "balls": 19, "wickets": 1}, "a4a53adf": {"runs": 34, "balls": 16, "wickets": 0}, "26f98ea3": {"runs": 3, "balls": 5, "wickets": 0}, "507dd87f": {"runs": 6, "balls": 4, "wickets": 1}, "2df874e6": {"runs": 2, "balls": 2, "wickets": 0}, "2deb4082": {"runs": 20, "balls": 10, "wickets": 0}, "a4bcaba7": {"runs": 11, "balls": 5, "wickets": 0}, "faef026c": {"runs": 8, "balls": 7, "wickets": 0}, "46821fbd": {"runs": 17, "balls": 15, "wickets": 0}, "5de198db": {"runs": 20, "balls": 19, "wickets": 0}, "c1f05d1d": {"runs": 45, "balls": 17, "wickets": 0}, "711e73ac": {"runs": 15, "balls": 11, "wickets": 1}, "158e48d6": {"runs": 13, "balls": 3, "wickets": 0}, "c079c66a": {"runs": 3, "balls": 6, "wickets": 0}, "951686f5": {"runs": 8, "balls": 10, "wickets": 1}, "88228580": {"runs": 3, "balls": 7, "wickets": 0}, "04855b85": {"runs": 7, "balls": 6, "wickets": 0}, "5152ab02": {"runs": 5, "balls": 6, "wickets": 0}, "a138f597": {"runs": 15, "balls": 6, "wickets": 0}, "f74a1394": {"runs": 11, "balls": 5, "wickets": 0}, "c228c52d": {"runs": 6, "balls": 4, "wickets": 0}, "8a99caa9": {"runs": 16, "balls": 9, "wickets": 0}, "443d1fd8": {"runs": 0, "balls": 2, "wickets": 1}, "b18dbaff": {"runs": 10, "balls": 13, "wickets": 0}, "5d6a1f76": {"runs": 18, "balls": 8, "wickets": 1}, "e6082b10": {"runs": 7, "balls": 4, "wickets": 0}}, "fifties": 5, "thirties": 4, "centuries": 2, "maidens": 0.0, "hattricks": 0, "runs": 849.0, "wickets": 4.0, "club_ODI_previous3_runs": [], "club_ODI_previous3_wickets": [], "club_ODI_previous3_balls played": [], "club_ODI_previous3_overs": [], "club_ODI_previous3_runs gave": [], "club_ODI_lifetime_runs": 0.0, "club_ODI_lifetime_wickets": 0.0, "club_ODI_lifetime_balls played": 0.0, "club_ODI_lifetime_overs": 0.0, "club_ODI_lifetime_runs gave": 0.0, "club_Test_previous3_runs": [], "club_Test_previous3_wickets": [], "club_Test_previous3_balls played": [], "club_Test_previous3_overs": [], "club_Test_previous3_runs gave": [], "club_Test_lifetime_runs": 0.0, "club_Test_lifetime_wickets": 0.0, "club_Test_lifetime_balls played": 0.0, "club_Test_lifetime_overs": 0.0, "club_Test_lifetime_runs gave": 0.0, "club_T20_previous3_runs": [], "club_T20_previous3_wickets": [], "club_T20_previous3_balls played": [], "club_T20_previous3_overs": [], "club_T20_previous3_runs gave": [], "club_T20_lifetime_runs": 0.0, "club_T20_lifetime_wickets": 0.0, "club_T20_lifetime_balls played": 0.0, "club_T20_lifetime_overs": 0.0, "club_T20_lifetime_runs gave": 0.0, "international_ODI_previous3_runs": [], "international_ODI_previous3_wickets": [], "international_ODI_previous3_balls played": [], "international_ODI_previous3_overs": [], "international_ODI_previous3_runs gave": [], "international_ODI_lifetime_runs": 0.0, "international_ODI_lifetime_wickets": 0.0, "international_ODI_lifetime_balls played": 0.0, "international_ODI_lifetime_overs": 0.0, "international_ODI_lifetime_runs gave": 0.0, "international_Test_previous3_runs": [], "international_Test_previous3_wickets": [], "international_Test_previous3_balls played": [], "international_Test_previous3_overs": [], "international_Test_previous3_runs gave": [], "international_Test_lifetime_runs": 0.0, "international_Test_lifetime_wickets": 0.0, "international_Test_lifetime_balls played": 0.0, "international_Test_lifetime_overs": 0.0, "international_Test_lifetime_runs gave": 0.0, "international_T20_previous3_runs": [50.0, 2.0, 0.0], "international_T20_previous3_wickets": [0.0, 0.0, 0.0], "international_T20_previous3_balls played": [36.0, 3.0, 0.0], "international_T20_previous3_overs": [0.0, 0.0, 0.0], "international_T20_previous3_runs gave": [0.0, 0.0, 0.0], "international_T20_lifetime_runs": 849.0, "international_T20_lifetime_wickets": 4.0, "international_T20_lifetime_balls played": 560.0, "international_T20_lifetime_overs": 16.0, "international_T20_lifetime_runs gave": 141.0}