{"played_against": {"907c51ab": {"runs": 0, "balls": 7, "wickets": 0}, "9706e64b": {"runs": 2, "balls": 18, "wickets": 1}, "648bc30f": {"runs": 13, "balls": 22, "wickets": 0}, "01fcf20f": {"runs": 7, "balls": 17, "wickets": 0}, "d4188b60": {"runs": 0, "balls": 2, "wickets": 0}, "f46500c3": {"runs": 0, "balls": 8, "wickets": 0}, "de69af96": {"runs": 5, "balls": 6, "wickets": 0}, "8879d882": {"runs": 6, "balls": 11, "wickets": 0}, "25654c89": {"runs": 4, "balls": 7, "wickets": 1}}, "fifties": 0, "thirties": 0, "centuries": 0, "maidens": 0.0, "hattricks": 0, "runs": 37.0, "wickets": 0.0, "club_ODI_previous3_runs": [], "club_ODI_previous3_wickets": [], "club_ODI_previous3_balls played": [], "club_ODI_previous3_overs": [], "club_ODI_previous3_runs gave": [], "club_ODI_lifetime_runs": 0.0, "club_ODI_lifetime_wickets": 0.0, "club_ODI_lifetime_balls played": 0.0, "club_ODI_lifetime_overs": 0.0, "club_ODI_lifetime_runs gave": 0.0, "club_Test_previous3_runs": [], "club_Test_previous3_wickets": [], "club_Test_previous3_balls played": [], "club_Test_previous3_overs": [], "club_Test_previous3_runs gave": [], "club_Test_lifetime_runs": 0.0, "club_Test_lifetime_wickets": 0.0, "club_Test_lifetime_balls played": 0.0, "club_Test_lifetime_overs": 0.0, "club_Test_lifetime_runs gave": 0.0, "club_T20_previous3_runs": [], "club_T20_previous3_wickets": [], "club_T20_previous3_balls played": [], "club_T20_previous3_overs": [], "club_T20_previous3_runs gave": [], "club_T20_lifetime_runs": 0.0, "club_T20_lifetime_wickets": 0.0, "club_T20_lifetime_balls played": 0.0, "club_T20_lifetime_overs": 0.0, "club_T20_lifetime_runs gave": 0.0, "international_ODI_previous3_runs": [0.0], "international_ODI_previous3_wickets": [0.0], "international_ODI_previous3_balls played": [8.0], "international_ODI_previous3_overs": [0.0], "international_ODI_previous3_runs gave": [0.0], "international_ODI_lifetime_runs": 0.0, "international_ODI_lifetime_wickets": 0.0, "international_ODI_lifetime_balls played": 8.0, "international_ODI_lifetime_overs": 0.0, "international_ODI_lifetime_runs gave": 0.0, "international_Test_previous3_runs": [22.0], "international_Test_previous3_wickets": [0.0], "international_Test_previous3_balls played": [66.0], "international_Test_previous3_overs": [0.0], "international_Test_previous3_runs gave": [0.0], "international_Test_lifetime_runs": 22.0, "international_Test_lifetime_wickets": 0.0, "international_Test_lifetime_balls played": 66.0, "international_Test_lifetime_overs": 0.0, "international_Test_lifetime_runs gave": 0.0, "international_T20_previous3_runs": [15.0], "international_T20_previous3_wickets": [0.0], "international_T20_previous3_balls played": [24.0], "international_T20_previous3_overs": [0.0], "international_T20_previous3_runs gave": [0.0], "international_T20_lifetime_runs": 15.0, "international_T20_lifetime_wickets": 0.0, "international_T20_lifetime_balls played": 24.0, "international_T20_lifetime_overs": 0.0, "international_T20_lifetime_runs gave": 0.0}