{"played_against": {"4ed7d23f": {"runs": 2, "balls": 2, "wickets": 0}, "72166006": {"runs": 7, "balls": 7, "wickets": 0}, "7673c908": {"runs": 6, "balls": 8, "wickets": 0}, "c218e4e7": {"runs": 2, "balls": 2, "wickets": 0}, "0475a86b": {"runs": 4, "balls": 7, "wickets": 1}, "78bec461": {"runs": 0, "balls": 4, "wickets": 0}, "f57d5dbb": {"runs": 13, "balls": 8, "wickets": 1}, "d693012d": {"runs": 2, "balls": 2, "wickets": 0}, "17608a6f": {"runs": 3, "balls": 4, "wickets": 0}, "201fef33": {"runs": 1, "balls": 1, "wickets": 0}, "0816fb1e": {"runs": 7, "balls": 10, "wickets": 0}, "50b558d2": {"runs": 7, "balls": 7, "wickets": 1}, "2bfc7199": {"runs": 2, "balls": 2, "wickets": 0}, "27fa592f": {"runs": 16, "balls": 15, "wickets": 0}, "99812d10": {"runs": 18, "balls": 11, "wickets": 1}, "c2ac0db5": {"runs": 4, "balls": 6, "wickets": 1}, "b125ce63": {"runs": 1, "balls": 4, "wickets": 0}, "108c4c09": {"runs": 4, "balls": 3, "wickets": 0}, "c3d27d76": {"runs": 11, "balls": 5, "wickets": 0}, "0b69a844": {"runs": 6, "balls": 10, "wickets": 0}, "a0bc8dc1": {"runs": 10, "balls": 6, "wickets": 0}, "65d9b6b6": {"runs": 16, "balls": 13, "wickets": 2}, "910dd54e": {"runs": 7, "balls": 5, "wickets": 0}, "2e0b6638": {"runs": 2, "balls": 3, "wickets": 0}, "5f377534": {"runs": 6, "balls": 4, "wickets": 0}, "340202b0": {"runs": 1, "balls": 2, "wickets": 1}, "d32cf49a": {"runs": 9, "balls": 5, "wickets": 0}, "eacd9bb1": {"runs": 3, "balls": 2, "wickets": 0}, "73d09f44": {"runs": 5, "balls": 3, "wickets": 0}, "a5f488bc": {"runs": 0, "balls": 1, "wickets": 1}, "d2763568": {"runs": 13, "balls": 10, "wickets": 1}, "9b3bcca4": {"runs": 2, "balls": 4, "wickets": 1}, "47bcaf7a": {"runs": 6, "balls": 4, "wickets": 0}, "db873292": {"runs": 7, "balls": 4, "wickets": 0}, "ca5acfa4": {"runs": 2, "balls": 2, "wickets": 0}, "38b4583c": {"runs": 1, "balls": 3, "wickets": 0}, "275dff85": {"runs": 0, "balls": 1, "wickets": 0}, "bc969efb": {"runs": 0, "balls": 1, "wickets": 1}, "9c515112": {"runs": 3, "balls": 8, "wickets": 0}, "d7b754d4": {"runs": 1, "balls": 1, "wickets": 0}, "ac56b5a7": {"runs": 0, "balls": 6, "wickets": 0}, "4ba0289e": {"runs": 0, "balls": 1, "wickets": 1}, "5c30d455": {"runs": 2, "balls": 3, "wickets": 0}, "d7ff1adc": {"runs": 2, "balls": 2, "wickets": 0}, "af8c3a85": {"runs": 2, "balls": 3, "wickets": 0}, "63e3b6b3": {"runs": 3, "balls": 3, "wickets": 1}}, "fifties": 0, "thirties": 3, "centuries": 0, "maidens": 0.0, "hattricks": 0, "runs": 219.0, "wickets": 0.0, "club_ODI_previous3_runs": [], "club_ODI_previous3_wickets": [], "club_ODI_previous3_balls played": [], "club_ODI_previous3_overs": [], "club_ODI_previous3_runs gave": [], "club_ODI_lifetime_runs": 0.0, "club_ODI_lifetime_wickets": 0.0, "club_ODI_lifetime_balls played": 0.0, "club_ODI_lifetime_overs": 0.0, "club_ODI_lifetime_runs gave": 0.0, "club_Test_previous3_runs": [], "club_Test_previous3_wickets": [], "club_Test_previous3_balls played": [], "club_Test_previous3_overs": [], "club_Test_previous3_runs gave": [], "club_Test_lifetime_runs": 0.0, "club_Test_lifetime_wickets": 0.0, "club_Test_lifetime_balls played": 0.0, "club_Test_lifetime_overs": 0.0, "club_Test_lifetime_runs gave": 0.0, "club_T20_previous3_runs": [1.0, 16.0, 3.0], "club_T20_previous3_wickets": [0.0, 0.0, 0.0], "club_T20_previous3_balls played": [3.0, 20.0, 4.0], "club_T20_previous3_overs": [0.0, 0.0, 0.0], "club_T20_previous3_runs gave": [0.0, 0.0, 0.0], "club_T20_lifetime_runs": 219.0, "club_T20_lifetime_wickets": 0.0, "club_T20_lifetime_balls played": 220.0, "club_T20_lifetime_overs": 0.0, "club_T20_lifetime_runs gave": 0.0, "international_ODI_previous3_runs": [], "international_ODI_previous3_wickets": [], "international_ODI_previous3_balls played": [], "international_ODI_previous3_overs": [], "international_ODI_previous3_runs gave": [], "international_ODI_lifetime_runs": 0.0, "international_ODI_lifetime_wickets": 0.0, "international_ODI_lifetime_balls played": 0.0, "international_ODI_lifetime_overs": 0.0, "international_ODI_lifetime_runs gave": 0.0, "international_Test_previous3_runs": [], "international_Test_previous3_wickets": [], "international_Test_previous3_balls played": [], "international_Test_previous3_overs": [], "international_Test_previous3_runs gave": [], "international_Test_lifetime_runs": 0.0, "international_Test_lifetime_wickets": 0.0, "international_Test_lifetime_balls played": 0.0, "international_Test_lifetime_overs": 0.0, "international_Test_lifetime_runs gave": 0.0, "international_T20_previous3_runs": [], "international_T20_previous3_wickets": [], "international_T20_previous3_balls played": [], "international_T20_previous3_overs": [], "international_T20_previous3_runs gave": [], "international_T20_lifetime_runs": 0.0, "international_T20_lifetime_wickets": 0.0, "international_T20_lifetime_balls played": 0.0, "international_T20_lifetime_overs": 0.0, "international_T20_lifetime_runs gave": 0.0}