{"played_against": {"10f4518c": {"runs": 4, "balls": 7, "wickets": 0}, "78fcc740": {"runs": 5, "balls": 9, "wickets": 0}, "63d556ae": {"runs": 9, "balls": 10, "wickets": 0}, "78bbeba1": {"runs": 11, "balls": 15, "wickets": 0}, "2b8718c8": {"runs": 2, "balls": 5, "wickets": 1}, "f8035c2a": {"runs": 1, "balls": 2, "wickets": 0}, "8160713d": {"runs": 13, "balls": 11, "wickets": 0}, "9f998ed8": {"runs": 28, "balls": 32, "wickets": 1}, "958d9f30": {"runs": 17, "balls": 16, "wickets": 0}, "e05fcb17": {"runs": 0, "balls": 1, "wickets": 1}, "336a85f6": {"runs": 1, "balls": 2, "wickets": 0}, "9a08a863": {"runs": 1, "balls": 4, "wickets": 1}, "6e60a792": {"runs": 14, "balls": 9, "wickets": 0}, "3967b66f": {"runs": 9, "balls": 6, "wickets": 0}, "dba54d8e": {"runs": 1, "balls": 2, "wickets": 0}, "83f0b848": {"runs": 5, "balls": 5, "wickets": 0}, "efcb778e": {"runs": 23, "balls": 9, "wickets": 1}, "9c181b99": {"runs": 11, "balls": 8, "wickets": 0}, "e068d48e": {"runs": 3, "balls": 10, "wickets": 1}, "6913e38e": {"runs": 0, "balls": 1, "wickets": 1}, "1a628a92": {"runs": 18, "balls": 16, "wickets": 1}, "7ee25c46": {"runs": 6, "balls": 13, "wickets": 0}, "3ed4e2ad": {"runs": 8, "balls": 9, "wickets": 0}, "5b616bf0": {"runs": 6, "balls": 5, "wickets": 0}, "79209272": {"runs": 4, "balls": 8, "wickets": 0}, "2d46e8ed": {"runs": 1, "balls": 3, "wickets": 0}, "42bf1b7d": {"runs": 14, "balls": 15, "wickets": 1}, "aea11d1d": {"runs": 8, "balls": 8, "wickets": 1}, "d8976cb7": {"runs": 8, "balls": 5, "wickets": 0}, "c122fe73": {"runs": 6, "balls": 6, "wickets": 0}, "87a6f411": {"runs": 7, "balls": 10, "wickets": 0}, "13bf1d91": {"runs": 4, "balls": 4, "wickets": 0}, "3fa5672e": {"runs": 0, "balls": 1, "wickets": 1}, "4e3fd330": {"runs": 4, "balls": 8, "wickets": 1}, "fb34b0ec": {"runs": 10, "balls": 7, "wickets": 0}, "f8bd71c9": {"runs": 3, "balls": 3, "wickets": 0}, "f1c4f2ea": {"runs": 9, "balls": 3, "wickets": 0}, "14157abf": {"runs": 6, "balls": 5, "wickets": 0}, "dae28050": {"runs": 1, "balls": 1, "wickets": 0}, "67ec2b09": {"runs": 1, "balls": 2, "wickets": 0}, "5de198db": {"runs": 2, "balls": 3, "wickets": 1}, "68832922": {"runs": 1, "balls": 2, "wickets": 0}, "7c7c4988": {"runs": 9, "balls": 6, "wickets": 0}, "587e65cc": {"runs": 3, "balls": 3, "wickets": 0}, "de6ad58b": {"runs": 8, "balls": 4, "wickets": 0}, "a40710b9": {"runs": 1, "balls": 3, "wickets": 0}, "951686f5": {"runs": 15, "balls": 10, "wickets": 0}, "c079c66a": {"runs": 2, "balls": 7, "wickets": 1}, "ec106638": {"runs": 1, "balls": 1, "wickets": 0}, "31366b7e": {"runs": 10, "balls": 12, "wickets": 0}, "ea2c0aff": {"runs": 14, "balls": 9, "wickets": 0}, "5360c9be": {"runs": 0, "balls": 1, "wickets": 0}, "c311564c": {"runs": 9, "balls": 5, "wickets": 0}, "9e0bd203": {"runs": 12, "balls": 10, "wickets": 0}, "7ca68967": {"runs": 12, "balls": 13, "wickets": 0}, "f91c322b": {"runs": 3, "balls": 4, "wickets": 0}, "c8ea9add": {"runs": 10, "balls": 8, "wickets": 0}, "1c1bb0d5": {"runs": 0, "balls": 1, "wickets": 1}, "5152ab02": {"runs": 4, "balls": 5, "wickets": 0}, "fa39ad19": {"runs": 3, "balls": 2, "wickets": 0}, "f219df21": {"runs": 0, "balls": 2, "wickets": 1}, "8de618ab": {"runs": 1, "balls": 2, "wickets": 0}, "b0f2d3bd": {"runs": 1, "balls": 2, "wickets": 0}}, "fifties": 2, "thirties": 4, "centuries": 0, "maidens": 0.0, "hattricks": 0, "runs": 403.0, "wickets": 0.0, "club_ODI_previous3_runs": [], "club_ODI_previous3_wickets": [], "club_ODI_previous3_balls played": [], "club_ODI_previous3_overs": [], "club_ODI_previous3_runs gave": [], "club_ODI_lifetime_runs": 0.0, "club_ODI_lifetime_wickets": 0.0, "club_ODI_lifetime_balls played": 0.0, "club_ODI_lifetime_overs": 0.0, "club_ODI_lifetime_runs gave": 0.0, "club_Test_previous3_runs": [], "club_Test_previous3_wickets": [], "club_Test_previous3_balls played": [], "club_Test_previous3_overs": [], "club_Test_previous3_runs gave": [], "club_Test_lifetime_runs": 0.0, "club_Test_lifetime_wickets": 0.0, "club_Test_lifetime_balls played": 0.0, "club_Test_lifetime_overs": 0.0, "club_Test_lifetime_runs gave": 0.0, "club_T20_previous3_runs": [], "club_T20_previous3_wickets": [], "club_T20_previous3_balls played": [], "club_T20_previous3_overs": [], "club_T20_previous3_runs gave": [], "club_T20_lifetime_runs": 0.0, "club_T20_lifetime_wickets": 0.0, "club_T20_lifetime_balls played": 0.0, "club_T20_lifetime_overs": 0.0, "club_T20_lifetime_runs gave": 0.0, "international_ODI_previous3_runs": [31.0, 43.0], "international_ODI_previous3_wickets": [0.0, 0.0], "international_ODI_previous3_balls played": [47.0, 53.0], "international_ODI_previous3_overs": [0.0, 0.0], "international_ODI_previous3_runs gave": [0.0, 0.0], "international_ODI_lifetime_runs": 74.0, "international_ODI_lifetime_wickets": 0.0, "international_ODI_lifetime_balls played": 100.0, "international_ODI_lifetime_overs": 0.0, "international_ODI_lifetime_runs gave": 0.0, "international_Test_previous3_runs": [], "international_Test_previous3_wickets": [], "international_Test_previous3_balls played": [], "international_Test_previous3_overs": [], "international_Test_previous3_runs gave": [], "international_Test_lifetime_runs": 0.0, "international_Test_lifetime_wickets": 0.0, "international_Test_lifetime_balls played": 0.0, "international_Test_lifetime_overs": 0.0, "international_Test_lifetime_runs gave": 0.0, "international_T20_previous3_runs": [0.0, 7.0, 2.0], "international_T20_previous3_wickets": [0.0, 0.0, 0.0], "international_T20_previous3_balls played": [1.0, 9.0, 4.0], "international_T20_previous3_overs": [0.0, 0.0, 0.0], "international_T20_previous3_runs gave": [0.0, 0.0, 0.0], "international_T20_lifetime_runs": 329.0, "international_T20_lifetime_wickets": 0.0, "international_T20_lifetime_balls played": 317.0, "international_T20_lifetime_overs": 0.0, "international_T20_lifetime_runs gave": 0.0}