{"played_against": {"05c2ca46": {"runs": 8, "balls": 11, "wickets": 0}, "d74d1090": {"runs": 14, "balls": 14, "wickets": 1}, "aa8d28ae": {"runs": 5, "balls": 3, "wickets": 1}, "4a461c24": {"runs": 3, "balls": 5, "wickets": 0}, "a9da7784": {"runs": 13, "balls": 7, "wickets": 0}, "b3544c5d": {"runs": 35, "balls": 25, "wickets": 0}, "5a74e559": {"runs": 11, "balls": 27, "wickets": 1}, "449f4e3c": {"runs": 37, "balls": 26, "wickets": 1}, "b20f423b": {"runs": 23, "balls": 19, "wickets": 0}, "0a12e736": {"runs": 0, "balls": 6, "wickets": 0}, "ba377b40": {"runs": 3, "balls": 4, "wickets": 0}, "ad212f96": {"runs": 14, "balls": 13, "wickets": 1}, "6c79c098": {"runs": 8, "balls": 5, "wickets": 0}, "01a95383": {"runs": 6, "balls": 4, "wickets": 0}, "e5218454": {"runs": 4, "balls": 8, "wickets": 1}, "2085e1fa": {"runs": 4, "balls": 4, "wickets": 0}, "3f659464": {"runs": 1, "balls": 2, "wickets": 1}, "34b37279": {"runs": 3, "balls": 4, "wickets": 1}, "5239d782": {"runs": 14, "balls": 12, "wickets": 0}, "0f21680d": {"runs": 6, "balls": 12, "wickets": 1}, "f54dbda7": {"runs": 17, "balls": 26, "wickets": 1}, "85ebf2be": {"runs": 10, "balls": 43, "wickets": 1}, "e0ac7144": {"runs": 8, "balls": 15, "wickets": 0}, "d112c570": {"runs": 6, "balls": 30, "wickets": 0}, "ad286dcc": {"runs": 6, "balls": 14, "wickets": 0}, "58c481c6": {"runs": 2, "balls": 3, "wickets": 0}, "42151725": {"runs": 7, "balls": 6, "wickets": 0}, "e871a7a1": {"runs": 7, "balls": 7, "wickets": 0}, "07c8a2f4": {"runs": 1, "balls": 3, "wickets": 0}, "e9987a94": {"runs": 6, "balls": 3, "wickets": 0}, "ed47cb25": {"runs": 1, "balls": 3, "wickets": 0}, "eab61ead": {"runs": 0, "balls": 1, "wickets": 1}, "b21ed464": {"runs": 1, "balls": 3, "wickets": 0}, "a8e56914": {"runs": 0, "balls": 12, "wickets": 0}, "a37b5c0a": {"runs": 5, "balls": 21, "wickets": 0}, "8f2dfebf": {"runs": 3, "balls": 12, "wickets": 1}, "0f3ee070": {"runs": 17, "balls": 58, "wickets": 2}, "eb9cb105": {"runs": 13, "balls": 24, "wickets": 0}, "344c6d55": {"runs": 15, "balls": 77, "wickets": 0}, "27fc5808": {"runs": 26, "balls": 44, "wickets": 0}, "f1eb3c73": {"runs": 9, "balls": 38, "wickets": 0}, "be869ccf": {"runs": 7, "balls": 18, "wickets": 0}, "ab01e323": {"runs": 0, "balls": 1, "wickets": 1}, "3a60e0b5": {"runs": 7, "balls": 10, "wickets": 0}, "3dcd1e8d": {"runs": 6, "balls": 20, "wickets": 0}, "bca21d18": {"runs": 1, "balls": 13, "wickets": 0}, "65b6943c": {"runs": 10, "balls": 19, "wickets": 0}, "27c5a793": {"runs": 14, "balls": 26, "wickets": 0}, "0f6db197": {"runs": 11, "balls": 24, "wickets": 0}, "fd96de7c": {"runs": 4, "balls": 9, "wickets": 0}, "19708692": {"runs": 9, "balls": 34, "wickets": 0}, "50c6bc2b": {"runs": 9, "balls": 17, "wickets": 0}, "d12143bf": {"runs": 1, "balls": 10, "wickets": 0}, "bdc0670a": {"runs": 1, "balls": 3, "wickets": 1}, "948beb1f": {"runs": 4, "balls": 3, "wickets": 0}, "208f22ea": {"runs": 3, "balls": 4, "wickets": 0}, "eade4650": {"runs": 4, "balls": 5, "wickets": 0}, "ee0c05c0": {"runs": 2, "balls": 7, "wickets": 1}, "679cd31e": {"runs": 7, "balls": 7, "wickets": 0}, "15101f12": {"runs": 11, "balls": 4, "wickets": 0}, "7ca5e05d": {"runs": 1, "balls": 1, "wickets": 0}, "3c55c703": {"runs": 6, "balls": 9, "wickets": 0}, "463ebce3": {"runs": 3, "balls": 4, "wickets": 0}, "56ef4f99": {"runs": 13, "balls": 16, "wickets": 0}, "867a45a7": {"runs": 14, "balls": 10, "wickets": 1}, "31b01074": {"runs": 0, "balls": 5, "wickets": 0}, "9a089b15": {"runs": 7, "balls": 3, "wickets": 0}, "78c12883": {"runs": 0, "balls": 1, "wickets": 1}, "ea3d687a": {"runs": 4, "balls": 4, "wickets": 0}, "6ea2710f": {"runs": 13, "balls": 24, "wickets": 0}, "9caf69a1": {"runs": 21, "balls": 23, "wickets": 0}, "71440756": {"runs": 4, "balls": 7, "wickets": 0}, "e737a5fe": {"runs": 5, "balls": 9, "wickets": 0}, "4c0f3806": {"runs": 8, "balls": 19, "wickets": 0}, "894b2d25": {"runs": 10, "balls": 26, "wickets": 0}, "51e1ed69": {"runs": 4, "balls": 20, "wickets": 0}, "b5781ac3": {"runs": 3, "balls": 6, "wickets": 0}, "00cada13": {"runs": 7, "balls": 10, "wickets": 0}, "f752db61": {"runs": 2, "balls": 6, "wickets": 0}, "462d7c62": {"runs": 0, "balls": 4, "wickets": 1}, "6c6aca89": {"runs": 4, "balls": 10, "wickets": 1}, "d26e0405": {"runs": 2, "balls": 8, "wickets": 0}, "74a274cc": {"runs": 8, "balls": 7, "wickets": 0}, "e94915e6": {"runs": 4, "balls": 2, "wickets": 0}, "ffe699c0": {"runs": 0, "balls": 1, "wickets": 1}, "a790df98": {"runs": 5, "balls": 4, "wickets": 0}, "23638956": {"runs": 10, "balls": 9, "wickets": 0}, "57590dbb": {"runs": 3, "balls": 3, "wickets": 0}, "c5cc48bc": {"runs": 1, "balls": 2, "wickets": 0}, "caf69bf7": {"runs": 2, "balls": 3, "wickets": 0}}, "fifties": 2, "thirties": 4, "centuries": 1, "maidens": 18.0, "hattricks": 0, "runs": 647.0, "wickets": 13.0, "club_ODI_previous3_runs": [9.0, 36.0, 8.0], "club_ODI_previous3_wickets": [1.0, 1.0, 1.0], "club_ODI_previous3_balls played": [13.0, 40.0, 11.0], "club_ODI_previous3_overs": [10.0, 7.0, 1.0], "club_ODI_previous3_runs gave": [51.0, 36.0, 6.0], "club_ODI_lifetime_runs": 53.0, "club_ODI_lifetime_wickets": 3.0, "club_ODI_lifetime_balls played": 64.0, "club_ODI_lifetime_overs": 18.0, "club_ODI_lifetime_runs gave": 93.0, "club_Test_previous3_runs": [34.0, 9.0, 14.0], "club_Test_previous3_wickets": [0.0, 0.0, 0.0], "club_Test_previous3_balls played": [87.0, 23.0, 25.0], "club_Test_previous3_overs": [8.0, 10.0, 2.0], "club_Test_previous3_runs gave": [42.0, 23.0, 6.0], "club_Test_lifetime_runs": 425.0, "club_Test_lifetime_wickets": 5.0, "club_Test_lifetime_balls played": 911.0, "club_Test_lifetime_overs": 191.5, "club_Test_lifetime_runs gave": 655.0, "club_T20_previous3_runs": [7.0, 20.0, 0.0], "club_T20_previous3_wickets": [0.0, 0.0, 0.0], "club_T20_previous3_balls played": [8.0, 19.0, 0.0], "club_T20_previous3_overs": [0.0, 0.0, 0.0], "club_T20_previous3_runs gave": [0.0, 0.0, 0.0], "club_T20_lifetime_runs": 169.0, "club_T20_lifetime_wickets": 5.0, "club_T20_lifetime_balls played": 181.0, "club_T20_lifetime_overs": 13.0, "club_T20_lifetime_runs gave": 118.0, "international_ODI_previous3_runs": [], "international_ODI_previous3_wickets": [], "international_ODI_previous3_balls played": [], "international_ODI_previous3_overs": [], "international_ODI_previous3_runs gave": [], "international_ODI_lifetime_runs": 0.0, "international_ODI_lifetime_wickets": 0.0, "international_ODI_lifetime_balls played": 0.0, "international_ODI_lifetime_overs": 0.0, "international_ODI_lifetime_runs gave": 0.0, "international_Test_previous3_runs": [], "international_Test_previous3_wickets": [], "international_Test_previous3_balls played": [], "international_Test_previous3_overs": [], "international_Test_previous3_runs gave": [], "international_Test_lifetime_runs": 0.0, "international_Test_lifetime_wickets": 0.0, "international_Test_lifetime_balls played": 0.0, "international_Test_lifetime_overs": 0.0, "international_Test_lifetime_runs gave": 0.0, "international_T20_previous3_runs": [], "international_T20_previous3_wickets": [], "international_T20_previous3_balls played": [], "international_T20_previous3_overs": [], "international_T20_previous3_runs gave": [], "international_T20_lifetime_runs": 0.0, "international_T20_lifetime_wickets": 0.0, "international_T20_lifetime_balls played": 0.0, "international_T20_lifetime_overs": 0.0, "international_T20_lifetime_runs gave": 0.0}