{"played_against": {"0480aba6": {"runs": 3, "balls": 13, "wickets": 0}, "7ff3fcaa": {"runs": 8, "balls": 13, "wickets": 0}, "54279e23": {"runs": 2, "balls": 13, "wickets": 0}, "3fc3b204": {"runs": 6, "balls": 9, "wickets": 0}, "e186f49c": {"runs": 0, "balls": 3, "wickets": 1}, "4ba44e19": {"runs": 6, "balls": 57, "wickets": 0}, "bcce309e": {"runs": 2, "balls": 8, "wickets": 0}, "434e36b1": {"runs": 5, "balls": 31, "wickets": 1}, "f233bbb4": {"runs": 1, "balls": 5, "wickets": 0}, "a7c226e1": {"runs": 10, "balls": 36, "wickets": 0}, "db767b89": {"runs": 7, "balls": 14, "wickets": 0}, "f1cb042f": {"runs": 0, "balls": 1, "wickets": 1}, "5af87ad6": {"runs": 1, "balls": 1, "wickets": 0}, "db584dad": {"runs": 4, "balls": 4, "wickets": 1}, "c03c6200": {"runs": 10, "balls": 17, "wickets": 0}, "87e562a9": {"runs": 2, "balls": 2, "wickets": 1}, "ea3ffd1b": {"runs": 4, "balls": 7, "wickets": 0}, "a757b0d8": {"runs": 4, "balls": 20, "wickets": 0}, "5a37ec26": {"runs": 1, "balls": 12, "wickets": 1}, "4457365c": {"runs": 0, "balls": 5, "wickets": 0}, "70fdd428": {"runs": 4, "balls": 11, "wickets": 2}, "85ebf2be": {"runs": 7, "balls": 20, "wickets": 1}, "01a95383": {"runs": 5, "balls": 6, "wickets": 0}, "1427277f": {"runs": 22, "balls": 49, "wickets": 2}, "867a45a7": {"runs": 9, "balls": 29, "wickets": 0}, "b16cf2ec": {"runs": 11, "balls": 33, "wickets": 0}, "75223da4": {"runs": 16, "balls": 17, "wickets": 0}, "f64eed39": {"runs": 7, "balls": 3, "wickets": 1}, "9c7d7cda": {"runs": 1, "balls": 10, "wickets": 0}, "f7177fd6": {"runs": 0, "balls": 9, "wickets": 2}, "e9d5218e": {"runs": 26, "balls": 30, "wickets": 0}, "f3abd0c9": {"runs": 29, "balls": 29, "wickets": 1}, "75e476d4": {"runs": 6, "balls": 17, "wickets": 0}, "5da34add": {"runs": 5, "balls": 16, "wickets": 1}, "7d5e0b78": {"runs": 2, "balls": 15, "wickets": 0}, "aac9f784": {"runs": 18, "balls": 16, "wickets": 0}, "aed5be04": {"runs": 29, "balls": 22, "wickets": 0}, "10435ca2": {"runs": 4, "balls": 3, "wickets": 0}, "b2081fc8": {"runs": 15, "balls": 13, "wickets": 0}, "15101f12": {"runs": 20, "balls": 28, "wickets": 1}, "9395f98e": {"runs": 3, "balls": 21, "wickets": 0}, "bca21d18": {"runs": 34, "balls": 78, "wickets": 4}, "eaa4cfc2": {"runs": 1, "balls": 2, "wickets": 0}, "ccdd8308": {"runs": 10, "balls": 21, "wickets": 0}, "2a2e6343": {"runs": 0, "balls": 1, "wickets": 1}, "49b6c09f": {"runs": 4, "balls": 5, "wickets": 0}, "af2c687b": {"runs": 1, "balls": 2, "wickets": 0}, "9b411f8f": {"runs": 1, "balls": 1, "wickets": 0}, "45c2196c": {"runs": 2, "balls": 2, "wickets": 0}, "5b3acc53": {"runs": 1, "balls": 2, "wickets": 0}, "98eacfe5": {"runs": 4, "balls": 3, "wickets": 0}, "fea7a34c": {"runs": 5, "balls": 7, "wickets": 0}, "3cf5ae43": {"runs": 3, "balls": 4, "wickets": 1}, "151d88b3": {"runs": 7, "balls": 7, "wickets": 1}, "bbbb7f1e": {"runs": 2, "balls": 3, "wickets": 0}, "f5821615": {"runs": 48, "balls": 88, "wickets": 2}, "5239d782": {"runs": 13, "balls": 7, "wickets": 0}, "4900d2bf": {"runs": 6, "balls": 9, "wickets": 0}, "7fa2ab1f": {"runs": 0, "balls": 4, "wickets": 0}, "4c5d73db": {"runs": 1, "balls": 5, "wickets": 1}, "bb351c23": {"runs": 12, "balls": 8, "wickets": 1}, "6fe2c1c0": {"runs": 0, "balls": 2, "wickets": 1}, "eddf25bd": {"runs": 9, "balls": 9, "wickets": 1}, "61a9ce31": {"runs": 1, "balls": 5, "wickets": 0}, "91ffa6c6": {"runs": 8, "balls": 6, "wickets": 0}, "611926bc": {"runs": 4, "balls": 8, "wickets": 0}, "1a45b864": {"runs": 1, "balls": 1, "wickets": 0}, "450f6fa6": {"runs": 7, "balls": 9, "wickets": 0}, "e22d3b5c": {"runs": 6, "balls": 21, "wickets": 0}, "58c481c6": {"runs": 12, "balls": 27, "wickets": 0}, "730d120f": {"runs": 2, "balls": 5, "wickets": 0}, "1f28c0f2": {"runs": 2, "balls": 3, "wickets": 0}, "b9877635": {"runs": 15, "balls": 36, "wickets": 0}, "59792462": {"runs": 22, "balls": 36, "wickets": 1}, "808f425a": {"runs": 5, "balls": 15, "wickets": 0}, "c672e80e": {"runs": 1, "balls": 9, "wickets": 0}, "addfb70e": {"runs": 1, "balls": 1, "wickets": 0}, "7ca5e05d": {"runs": 8, "balls": 16, "wickets": 3}, "d66edc9a": {"runs": 6, "balls": 9, "wickets": 0}, "3c77ca9d": {"runs": 39, "balls": 70, "wickets": 1}, "7f3f108f": {"runs": 6, "balls": 6, "wickets": 0}, "6355d428": {"runs": 22, "balls": 27, "wickets": 1}, "c995d726": {"runs": 1, "balls": 1, "wickets": 0}, "dda5aae5": {"runs": 7, "balls": 9, "wickets": 0}, "5fed6272": {"runs": 25, "balls": 14, "wickets": 0}, "069c55b1": {"runs": 0, "balls": 9, "wickets": 1}, "dc670143": {"runs": 1, "balls": 3, "wickets": 1}, "137b58de": {"runs": 2, "balls": 2, "wickets": 0}, "8f2dfebf": {"runs": 5, "balls": 6, "wickets": 0}, "b681e71e": {"runs": 5, "balls": 9, "wickets": 1}, "b21ed464": {"runs": 10, "balls": 22, "wickets": 1}, "06c2de82": {"runs": 14, "balls": 19, "wickets": 2}, "59559bc2": {"runs": 4, "balls": 12, "wickets": 2}, "b2fe023a": {"runs": 8, "balls": 6, "wickets": 0}, "c5cc48bc": {"runs": 13, "balls": 12, "wickets": 0}, "a7e8ff19": {"runs": 1, "balls": 5, "wickets": 0}, "d12143bf": {"runs": 3, "balls": 7, "wickets": 0}, "b20f423b": {"runs": 33, "balls": 61, "wickets": 0}, "88a004e9": {"runs": 29, "balls": 30, "wickets": 0}, "6c79c098": {"runs": 3, "balls": 4, "wickets": 1}, "7955eb15": {"runs": 11, "balls": 19, "wickets": 0}, "2a0d5d4a": {"runs": 6, "balls": 10, "wickets": 0}, "0f21680d": {"runs": 1, "balls": 3, "wickets": 0}, "18899e2b": {"runs": 9, "balls": 5, "wickets": 0}, "b3544c5d": {"runs": 5, "balls": 17, "wickets": 0}, "e412cb64": {"runs": 4, "balls": 9, "wickets": 0}, "0e0d43b4": {"runs": 5, "balls": 15, "wickets": 0}, "bc773eeb": {"runs": 3, "balls": 14, "wickets": 0}, "18fac429": {"runs": 11, "balls": 25, "wickets": 1}, "3d0ed2f9": {"runs": 25, "balls": 24, "wickets": 1}, "dddc811c": {"runs": 23, "balls": 30, "wickets": 0}, "e9987a94": {"runs": 18, "balls": 27, "wickets": 0}, "cad40f5e": {"runs": 22, "balls": 41, "wickets": 1}, "e087956b": {"runs": 47, "balls": 75, "wickets": 2}, "e737a5fe": {"runs": 8, "balls": 16, "wickets": 0}, "51e1ed69": {"runs": 5, "balls": 18, "wickets": 0}, "7f048519": {"runs": 0, "balls": 1, "wickets": 0}, "f1ba9ed7": {"runs": 7, "balls": 25, "wickets": 0}, "c89474d1": {"runs": 25, "balls": 44, "wickets": 0}, "cf73ad76": {"runs": 2, "balls": 8, "wickets": 0}, "e91de70e": {"runs": 8, "balls": 38, "wickets": 0}, "6c6aca89": {"runs": 22, "balls": 60, "wickets": 0}, "cf494ffe": {"runs": 0, "balls": 6, "wickets": 0}, "ad9c32a2": {"runs": 1, "balls": 7, "wickets": 0}, "78adc879": {"runs": 27, "balls": 56, "wickets": 2}, "c163432a": {"runs": 4, "balls": 16, "wickets": 0}, "3987e390": {"runs": 18, "balls": 33, "wickets": 0}, "1f572ee8": {"runs": 2, "balls": 4, "wickets": 0}, "42151725": {"runs": 12, "balls": 23, "wickets": 1}, "1ca7c00f": {"runs": 1, "balls": 5, "wickets": 0}, "8fd1a8f5": {"runs": 0, "balls": 2, "wickets": 0}, "29b89ae8": {"runs": 4, "balls": 10, "wickets": 1}, "7c7d63a2": {"runs": 0, "balls": 1, "wickets": 1}, "249d60c9": {"runs": 0, "balls": 4, "wickets": 0}, "f0a0204e": {"runs": 61, "balls": 69, "wickets": 0}, "fac298ff": {"runs": 32, "balls": 28, "wickets": 0}, "3f61a062": {"runs": 18, "balls": 16, "wickets": 0}, "c654af19": {"runs": 11, "balls": 22, "wickets": 0}, "ad962377": {"runs": 10, "balls": 17, "wickets": 0}, "961b8ff1": {"runs": 4, "balls": 4, "wickets": 0}, "8728a058": {"runs": 9, "balls": 10, "wickets": 0}, "2223b920": {"runs": 9, "balls": 4, "wickets": 0}, "6c908ffc": {"runs": 9, "balls": 25, "wickets": 0}, "4a461c24": {"runs": 4, "balls": 10, "wickets": 0}, "c1f6c27e": {"runs": 10, "balls": 24, "wickets": 0}, "8d92a2c3": {"runs": 6, "balls": 11, "wickets": 0}, "9d1d34bd": {"runs": 0, "balls": 7, "wickets": 0}, "c58b0108": {"runs": 1, "balls": 14, "wickets": 0}, "7dc35884": {"runs": 3, "balls": 5, "wickets": 0}, "fe93fd9d": {"runs": 1, "balls": 13, "wickets": 0}, "8cf9814c": {"runs": 0, "balls": 1, "wickets": 0}, "495d42a5": {"runs": 14, "balls": 68, "wickets": 2}, "b082d112": {"runs": 2, "balls": 5, "wickets": 0}, "be869ccf": {"runs": 0, "balls": 6, "wickets": 0}, "4180d897": {"runs": 1, "balls": 2, "wickets": 0}, "74a274cc": {"runs": 14, "balls": 17, "wickets": 2}, "5b6d248a": {"runs": 10, "balls": 20, "wickets": 0}, "23638956": {"runs": 11, "balls": 22, "wickets": 1}, "cd143bca": {"runs": 1, "balls": 1, "wickets": 0}, "eba6a852": {"runs": 9, "balls": 10, "wickets": 0}, "e423d162": {"runs": 3, "balls": 4, "wickets": 1}, "e174dadd": {"runs": 1, "balls": 3, "wickets": 1}, "5574750c": {"runs": 2, "balls": 2, "wickets": 0}, "ad46c747": {"runs": 9, "balls": 14, "wickets": 0}, "9c3c5dee": {"runs": 1, "balls": 3, "wickets": 0}, "1ad0b441": {"runs": 4, "balls": 1, "wickets": 0}, "350bb1b1": {"runs": 1, "balls": 2, "wickets": 1}, "58043739": {"runs": 4, "balls": 3, "wickets": 0}, "0f6db197": {"runs": 0, "balls": 4, "wickets": 0}, "fdb8ed0d": {"runs": 13, "balls": 28, "wickets": 1}, "50c6bc2b": {"runs": 20, "balls": 30, "wickets": 1}, "93e06301": {"runs": 12, "balls": 14, "wickets": 0}, "e5652e3d": {"runs": 8, "balls": 11, "wickets": 0}, "e342e5fb": {"runs": 1, "balls": 1, "wickets": 0}, "0a12e736": {"runs": 2, "balls": 3, "wickets": 1}, "0bec3a6c": {"runs": 1, "balls": 2, "wickets": 0}, "cb1a782a": {"runs": 1, "balls": 1, "wickets": 0}, "ffe699c0": {"runs": 2, "balls": 2, "wickets": 0}, "4b685e2d": {"runs": 7, "balls": 5, "wickets": 0}, "679cd31e": {"runs": 2, "balls": 3, "wickets": 1}, "ee0c05c0": {"runs": 1, "balls": 2, "wickets": 1}, "ba9258a7": {"runs": 0, "balls": 12, "wickets": 0}, "c96f6ac5": {"runs": 15, "balls": 10, "wickets": 0}, "3dcd1e8d": {"runs": 6, "balls": 8, "wickets": 0}, "43205dad": {"runs": 0, "balls": 3, "wickets": 0}, "e0ac7144": {"runs": 4, "balls": 5, "wickets": 0}, "2085e1fa": {"runs": 0, "balls": 1, "wickets": 0}, "a8e56914": {"runs": 9, "balls": 15, "wickets": 1}, "0b60eb09": {"runs": 4, "balls": 19, "wickets": 0}, "f2ab7a69": {"runs": 0, "balls": 2, "wickets": 0}, "d48c0f40": {"runs": 8, "balls": 33, "wickets": 0}, "fe5b4367": {"runs": 4, "balls": 10, "wickets": 0}, "d4eef961": {"runs": 0, "balls": 1, "wickets": 0}, "245c97cb": {"runs": 0, "balls": 1, "wickets": 0}, "8db7f47f": {"runs": 1, "balls": 1, "wickets": 0}, "aa8d28ae": {"runs": 3, "balls": 2, "wickets": 0}, "d99cc23a": {"runs": 4, "balls": 3, "wickets": 0}}, "fifties": 4, "thirties": 11, "centuries": 1, "maidens": 360.0, "hattricks": 23, "runs": 1550.0, "wickets": 211.0, "club_ODI_previous3_runs": [10.0, 2.0, 2.0], "club_ODI_previous3_wickets": [1.0, 3.0, 1.0], "club_ODI_previous3_balls played": [10.0, 5.0, 2.0], "club_ODI_previous3_overs": [9.0, 10.0, 10.0], "club_ODI_previous3_runs gave": [40.0, 29.0, 47.0], "club_ODI_lifetime_runs": 169.0, "club_ODI_lifetime_wickets": 42.0, "club_ODI_lifetime_balls played": 208.0, "club_ODI_lifetime_overs": 355.83333333333337, "club_ODI_lifetime_runs gave": 1766.0, "club_Test_previous3_runs": [13.0, 2.0, 32.0], "club_Test_previous3_wickets": [1.0, 1.0, 4.0], "club_Test_previous3_balls played": [37.0, 6.0, 124.0], "club_Test_previous3_overs": [38.166666666666664, 7.0, 39.5], "club_Test_previous3_runs gave": [113.0, 30.0, 98.0], "club_Test_lifetime_runs": 1209.0, "club_Test_lifetime_wickets": 96.0, "club_Test_lifetime_balls played": 2290.0, "club_Test_lifetime_overs": 1553.8333333333335, "club_Test_lifetime_runs gave": 4357.0, "club_T20_previous3_runs": [0.0, 0.0, 0.0], "club_T20_previous3_wickets": [0.0, 0.0, 2.0], "club_T20_previous3_balls played": [0.0, 0.0, 0.0], "club_T20_previous3_overs": [3.0, 2.0, 4.0], "club_T20_previous3_runs gave": [22.0, 20.0, 21.0], "club_T20_lifetime_runs": 97.0, "club_T20_lifetime_wickets": 62.0, "club_T20_lifetime_balls played": 116.0, "club_T20_lifetime_overs": 303.0, "club_T20_lifetime_runs gave": 2264.0, "international_ODI_previous3_runs": [2.0, 5.0, 17.0], "international_ODI_previous3_wickets": [1.0, 0.0, 0.0], "international_ODI_previous3_balls played": [1.0, 6.0, 47.0], "international_ODI_previous3_overs": [7.0, 6.0, 0.0], "international_ODI_previous3_runs gave": [34.0, 38.0, 0.0], "international_ODI_lifetime_runs": 25.0, "international_ODI_lifetime_wickets": 4.0, "international_ODI_lifetime_balls played": 57.0, "international_ODI_lifetime_overs": 42.0, "international_ODI_lifetime_runs gave": 184.0, "international_Test_previous3_runs": [0.0, 4.0, 1.0], "international_Test_previous3_wickets": [1.0, 2.0, 0.0], "international_Test_previous3_balls played": [0.0, 26.0, 20.0], "international_Test_previous3_overs": [15.0, 33.833333333333336, 19.333333333333332], "international_Test_previous3_runs gave": [44.0, 121.0, 65.0], "international_Test_lifetime_runs": 46.0, "international_Test_lifetime_wickets": 7.0, "international_Test_lifetime_balls played": 231.0, "international_Test_lifetime_overs": 202.00000000000003, "international_Test_lifetime_runs gave": 664.0, "international_T20_previous3_runs": [4.0], "international_T20_previous3_wickets": [0.0], "international_T20_previous3_balls played": [7.0], "international_T20_previous3_overs": [3.0], "international_T20_previous3_runs gave": [17.0], "international_T20_lifetime_runs": 4.0, "international_T20_lifetime_wickets": 0.0, "international_T20_lifetime_balls played": 7.0, "international_T20_lifetime_overs": 3.0, "international_T20_lifetime_runs gave": 17.0}