{"played_against": {"ab89348d": {"runs": 4, "balls": 6, "wickets": 0}, "4ba44e19": {"runs": 0, "balls": 3, "wickets": 1}, "67af6f81": {"runs": 3, "balls": 15, "wickets": 0}, "37137c8b": {"runs": 0, "balls": 9, "wickets": 0}, "49691d7a": {"runs": 8, "balls": 6, "wickets": 1}, "759ac88f": {"runs": 3, "balls": 4, "wickets": 1}, "cc1e8c68": {"runs": 4, "balls": 6, "wickets": 0}, "bbd41817": {"runs": 4, "balls": 9, "wickets": 1}, "364ee2cf": {"runs": 1, "balls": 5, "wickets": 1}, "5bbabe59": {"runs": 2, "balls": 4, "wickets": 0}, "3b417422": {"runs": 4, "balls": 3, "wickets": 0}, "acee4cc4": {"runs": 1, "balls": 3, "wickets": 0}, "8fd1a8f5": {"runs": 1, "balls": 6, "wickets": 0}, "5bb5a915": {"runs": 1, "balls": 2, "wickets": 1}, "3fb19989": {"runs": 20, "balls": 18, "wickets": 0}, "03806cf8": {"runs": 15, "balls": 27, "wickets": 1}, "0f12f9df": {"runs": 1, "balls": 1, "wickets": 0}, "62af8546": {"runs": 7, "balls": 4, "wickets": 0}, "3a0f6df2": {"runs": 0, "balls": 1, "wickets": 0}, "5441db8c": {"runs": 7, "balls": 4, "wickets": 0}, "195fb6db": {"runs": 7, "balls": 4, "wickets": 0}, "2911de16": {"runs": 4, "balls": 7, "wickets": 1}, "68ddabdb": {"runs": 3, "balls": 4, "wickets": 1}, "ccdd8308": {"runs": 14, "balls": 15, "wickets": 1}, "4c5d73db": {"runs": 21, "balls": 14, "wickets": 0}, "eba6a852": {"runs": 2, "balls": 4, "wickets": 0}, "d12143bf": {"runs": 2, "balls": 12, "wickets": 0}, "bb351c23": {"runs": 6, "balls": 11, "wickets": 1}, "7a80ddf2": {"runs": 1, "balls": 1, "wickets": 0}, "d9609443": {"runs": 25, "balls": 15, "wickets": 0}, "3feda4fa": {"runs": 0, "balls": 2, "wickets": 0}, "0f721006": {"runs": 1, "balls": 7, "wickets": 1}, "a818c1be": {"runs": 19, "balls": 25, "wickets": 0}, "13c35c9e": {"runs": 28, "balls": 37, "wickets": 2}, "94d7f855": {"runs": 5, "balls": 12, "wickets": 2}, "78adc879": {"runs": 37, "balls": 35, "wickets": 0}, "383dd431": {"runs": 1, "balls": 6, "wickets": 0}, "e84ac20c": {"runs": 1, "balls": 3, "wickets": 0}, "e4a0deae": {"runs": 3, "balls": 11, "wickets": 0}, "bc773eeb": {"runs": 11, "balls": 20, "wickets": 0}, "96a6a7ad": {"runs": 33, "balls": 22, "wickets": 0}, "245c97cb": {"runs": 4, "balls": 6, "wickets": 0}, "64d43928": {"runs": 10, "balls": 5, "wickets": 0}, "1bf9a8ef": {"runs": 2, "balls": 3, "wickets": 1}, "1c790f4f": {"runs": 0, "balls": 1, "wickets": 1}, "b3118300": {"runs": 4, "balls": 9, "wickets": 1}, "ffe699c0": {"runs": 1, "balls": 1, "wickets": 0}, "c03c6200": {"runs": 2, "balls": 3, "wickets": 0}, "2e11c706": {"runs": 1, "balls": 1, "wickets": 0}, "f0e722e0": {"runs": 7, "balls": 3, "wickets": 0}, "9de62878": {"runs": 0, "balls": 3, "wickets": 1}, "3be224b0": {"runs": 1, "balls": 3, "wickets": 0}, "4a461c24": {"runs": 0, "balls": 3, "wickets": 0}, "f69f1d8a": {"runs": 1, "balls": 4, "wickets": 0}, "bd4ea627": {"runs": 2, "balls": 2, "wickets": 0}, "e174dadd": {"runs": 0, "balls": 1, "wickets": 1}, "086f5984": {"runs": 4, "balls": 1, "wickets": 0}, "24bb1c2f": {"runs": 0, "balls": 1, "wickets": 1}, "99d7d5b7": {"runs": 1, "balls": 2, "wickets": 0}, "c6a1b1bb": {"runs": 6, "balls": 3, "wickets": 0}, "9b8a3c39": {"runs": 7, "balls": 3, "wickets": 1}, "a63775d6": {"runs": 0, "balls": 0, "wickets": 0}, "06c2de82": {"runs": 13, "balls": 3, "wickets": 0}, "18fac429": {"runs": 1, "balls": 1, "wickets": 0}, "9ab63e7b": {"runs": 14, "balls": 10, "wickets": 0}, "38d1def2": {"runs": 8, "balls": 12, "wickets": 0}, "a968d8eb": {"runs": 8, "balls": 5, "wickets": 0}, "45a7e761": {"runs": 1, "balls": 4, "wickets": 0}, "30afc92b": {"runs": 0, "balls": 1, "wickets": 1}, "8596fe80": {"runs": 1, "balls": 1, "wickets": 0}, "ba158afd": {"runs": 7, "balls": 4, "wickets": 1}, "9e9af5f2": {"runs": 7, "balls": 8, "wickets": 1}, "a8e54ef4": {"runs": 2, "balls": 4, "wickets": 0}, "373838de": {"runs": 5, "balls": 3, "wickets": 0}, "1daf3f74": {"runs": 0, "balls": 1, "wickets": 1}}, "fifties": 1, "thirties": 4, "centuries": 0, "maidens": 57.0, "hattricks": 9, "runs": 430.0, "wickets": 83.0, "club_ODI_previous3_runs": [], "club_ODI_previous3_wickets": [], "club_ODI_previous3_balls played": [], "club_ODI_previous3_overs": [], "club_ODI_previous3_runs gave": [], "club_ODI_lifetime_runs": 0.0, "club_ODI_lifetime_wickets": 0.0, "club_ODI_lifetime_balls played": 0.0, "club_ODI_lifetime_overs": 0.0, "club_ODI_lifetime_runs gave": 0.0, "club_Test_previous3_runs": [], "club_Test_previous3_wickets": [], "club_Test_previous3_balls played": [], "club_Test_previous3_overs": [], "club_Test_previous3_runs gave": [], "club_Test_lifetime_runs": 0.0, "club_Test_lifetime_wickets": 0.0, "club_Test_lifetime_balls played": 0.0, "club_Test_lifetime_overs": 0.0, "club_Test_lifetime_runs gave": 0.0, "club_T20_previous3_runs": [0.0, 7.0, 0.0], "club_T20_previous3_wickets": [0.0, 1.0, 0.0], "club_T20_previous3_balls played": [0.0, 8.0, 0.0], "club_T20_previous3_overs": [4.0, 4.0, 4.0], "club_T20_previous3_runs gave": [36.0, 48.0, 25.0], "club_T20_lifetime_runs": 152.0, "club_T20_lifetime_wickets": 38.0, "club_T20_lifetime_balls played": 152.0, "club_T20_lifetime_overs": 159.83333333333334, "club_T20_lifetime_runs gave": 1445.0, "international_ODI_previous3_runs": [0.0, 4.0, 0.0], "international_ODI_previous3_wickets": [2.0, 0.0, 1.0], "international_ODI_previous3_balls played": [0.0, 5.0, 0.0], "international_ODI_previous3_overs": [10.0, 7.833333333333333, 6.833333333333333], "international_ODI_previous3_runs gave": [45.0, 57.0, 36.0], "international_ODI_lifetime_runs": 25.0, "international_ODI_lifetime_wickets": 18.0, "international_ODI_lifetime_balls played": 51.0, "international_ODI_lifetime_overs": 110.5, "international_ODI_lifetime_runs gave": 611.0, "international_Test_previous3_runs": [49.0, 45.0, 75.0], "international_Test_previous3_wickets": [2.0, 4.0, 3.0], "international_Test_previous3_balls played": [69.0, 62.0, 82.0], "international_Test_previous3_overs": [28.0, 42.0, 31.0], "international_Test_previous3_runs gave": [100.0, 172.0, 133.0], "international_Test_lifetime_runs": 252.0, "international_Test_lifetime_wickets": 22.0, "international_Test_lifetime_balls played": 327.0, "international_Test_lifetime_overs": 304.0, "international_Test_lifetime_runs gave": 1164.0, "international_T20_previous3_runs": [0.0, 0.0, 1.0], "international_T20_previous3_wickets": [0.0, 2.0, 1.0], "international_T20_previous3_balls played": [0.0, 0.0, 1.0], "international_T20_previous3_overs": [4.0, 4.0, 4.0], "international_T20_previous3_runs gave": [34.0, 30.0, 44.0], "international_T20_lifetime_runs": 1.0, "international_T20_lifetime_wickets": 5.0, "international_T20_lifetime_balls played": 1.0, "international_T20_lifetime_overs": 14.0, "international_T20_lifetime_runs gave": 122.0}