{"played_against": {"e1e7f950": {"runs": 1, "balls": 3, "wickets": 0}, "fe5f2e48": {"runs": 4, "balls": 3, "wickets": 0}, "4b31f3a3": {"runs": 2, "balls": 2, "wickets": 0}, "cd8d2859": {"runs": 5, "balls": 3, "wickets": 0}, "1b7c4d69": {"runs": 5, "balls": 3, "wickets": 0}, "495d42a5": {"runs": 6, "balls": 2, "wickets": 1}, "4ea120aa": {"runs": 0, "balls": 4, "wickets": 0}, "5b9705c4": {"runs": 0, "balls": 3, "wickets": 0}, "8ac93ca2": {"runs": 2, "balls": 2, "wickets": 0}, "fcd1dd35": {"runs": 2, "balls": 4, "wickets": 0}, "a457cfb5": {"runs": 3, "balls": 4, "wickets": 0}, "2e171977": {"runs": 0, "balls": 1, "wickets": 0}, "76ed445f": {"runs": 1, "balls": 2, "wickets": 0}, "01ada0ed": {"runs": 4, "balls": 2, "wickets": 1}, "481dd6dc": {"runs": 5, "balls": 3, "wickets": 0}, "791a65ce": {"runs": 1, "balls": 1, "wickets": 0}}, "fifties": 0, "thirties": 0, "centuries": 0, "maidens": 1.0, "hattricks": 0, "runs": 41.0, "wickets": 3.0, "club_ODI_previous3_runs": [], "club_ODI_previous3_wickets": [], "club_ODI_previous3_balls played": [], "club_ODI_previous3_overs": [], "club_ODI_previous3_runs gave": [], "club_ODI_lifetime_runs": 0.0, "club_ODI_lifetime_wickets": 0.0, "club_ODI_lifetime_balls played": 0.0, "club_ODI_lifetime_overs": 0.0, "club_ODI_lifetime_runs gave": 0.0, "club_Test_previous3_runs": [], "club_Test_previous3_wickets": [], "club_Test_previous3_balls played": [], "club_Test_previous3_overs": [], "club_Test_previous3_runs gave": [], "club_Test_lifetime_runs": 0.0, "club_Test_lifetime_wickets": 0.0, "club_Test_lifetime_balls played": 0.0, "club_Test_lifetime_overs": 0.0, "club_Test_lifetime_runs gave": 0.0, "club_T20_previous3_runs": [7.0, 5.0, 6.0], "club_T20_previous3_wickets": [0.0, 0.0, 2.0], "club_T20_previous3_balls played": [17.0, 5.0, 4.0], "club_T20_previous3_overs": [1.0, 4.0, 3.0], "club_T20_previous3_runs gave": [13.0, 34.0, 16.0], "club_T20_lifetime_runs": 41.0, "club_T20_lifetime_wickets": 3.0, "club_T20_lifetime_balls played": 42.0, "club_T20_lifetime_overs": 13.333333333333334, "club_T20_lifetime_runs gave": 104.0, "international_ODI_previous3_runs": [], "international_ODI_previous3_wickets": [], "international_ODI_previous3_balls played": [], "international_ODI_previous3_overs": [], "international_ODI_previous3_runs gave": [], "international_ODI_lifetime_runs": 0.0, "international_ODI_lifetime_wickets": 0.0, "international_ODI_lifetime_balls played": 0.0, "international_ODI_lifetime_overs": 0.0, "international_ODI_lifetime_runs gave": 0.0, "international_Test_previous3_runs": [], "international_Test_previous3_wickets": [], "international_Test_previous3_balls played": [], "international_Test_previous3_overs": [], "international_Test_previous3_runs gave": [], "international_Test_lifetime_runs": 0.0, "international_Test_lifetime_wickets": 0.0, "international_Test_lifetime_balls played": 0.0, "international_Test_lifetime_overs": 0.0, "international_Test_lifetime_runs gave": 0.0, "international_T20_previous3_runs": [], "international_T20_previous3_wickets": [], "international_T20_previous3_balls played": [], "international_T20_previous3_overs": [], "international_T20_previous3_runs gave": [], "international_T20_lifetime_runs": 0.0, "international_T20_lifetime_wickets": 0.0, "international_T20_lifetime_balls played": 0.0, "international_T20_lifetime_overs": 0.0, "international_T20_lifetime_runs gave": 0.0}