{"played_against": {"c2468df1": {"runs": 2, "balls": 8, "wickets": 0}, "2bbab579": {"runs": 0, "balls": 1, "wickets": 0}, "1e66c162": {"runs": 2, "balls": 5, "wickets": 0}, "2cdce1be": {"runs": 1, "balls": 3, "wickets": 1}, "155c24d2": {"runs": 1, "balls": 4, "wickets": 0}, "0a3d54b9": {"runs": 1, "balls": 2, "wickets": 0}, "d2550980": {"runs": 2, "balls": 2, "wickets": 0}, "a81e957f": {"runs": 1, "balls": 3, "wickets": 0}, "145c2a1f": {"runs": 0, "balls": 2, "wickets": 1}, "66ea7420": {"runs": 1, "balls": 1, "wickets": 0}, "4b31f3a3": {"runs": 2, "balls": 2, "wickets": 0}, "10636efb": {"runs": 0, "balls": 1, "wickets": 1}, "4d528d92": {"runs": 0, "balls": 1, "wickets": 0}}, "fifties": 0, "thirties": 0, "centuries": 0, "maidens": 0.0, "hattricks": 1, "runs": 13.0, "wickets": 7.0, "club_ODI_previous3_runs": [], "club_ODI_previous3_wickets": [], "club_ODI_previous3_balls played": [], "club_ODI_previous3_overs": [], "club_ODI_previous3_runs gave": [], "club_ODI_lifetime_runs": 0.0, "club_ODI_lifetime_wickets": 0.0, "club_ODI_lifetime_balls played": 0.0, "club_ODI_lifetime_overs": 0.0, "club_ODI_lifetime_runs gave": 0.0, "club_Test_previous3_runs": [], "club_Test_previous3_wickets": [], "club_Test_previous3_balls played": [], "club_Test_previous3_overs": [], "club_Test_previous3_runs gave": [], "club_Test_lifetime_runs": 0.0, "club_Test_lifetime_wickets": 0.0, "club_Test_lifetime_balls played": 0.0, "club_Test_lifetime_overs": 0.0, "club_Test_lifetime_runs gave": 0.0, "club_T20_previous3_runs": [0.0, 0.0, 0.0], "club_T20_previous3_wickets": [0.0, 0.0, 0.0], "club_T20_previous3_balls played": [0.0, 0.0, 0.0], "club_T20_previous3_overs": [0.0, 4.0, 1.0], "club_T20_previous3_runs gave": [0.0, 38.0, 14.0], "club_T20_lifetime_runs": 13.0, "club_T20_lifetime_wickets": 7.0, "club_T20_lifetime_balls played": 35.0, "club_T20_lifetime_overs": 37.83333333333333, "club_T20_lifetime_runs gave": 281.0, "international_ODI_previous3_runs": [], "international_ODI_previous3_wickets": [], "international_ODI_previous3_balls played": [], "international_ODI_previous3_overs": [], "international_ODI_previous3_runs gave": [], "international_ODI_lifetime_runs": 0.0, "international_ODI_lifetime_wickets": 0.0, "international_ODI_lifetime_balls played": 0.0, "international_ODI_lifetime_overs": 0.0, "international_ODI_lifetime_runs gave": 0.0, "international_Test_previous3_runs": [], "international_Test_previous3_wickets": [], "international_Test_previous3_balls played": [], "international_Test_previous3_overs": [], "international_Test_previous3_runs gave": [], "international_Test_lifetime_runs": 0.0, "international_Test_lifetime_wickets": 0.0, "international_Test_lifetime_balls played": 0.0, "international_Test_lifetime_overs": 0.0, "international_Test_lifetime_runs gave": 0.0, "international_T20_previous3_runs": [], "international_T20_previous3_wickets": [], "international_T20_previous3_balls played": [], "international_T20_previous3_overs": [], "international_T20_previous3_runs gave": [], "international_T20_lifetime_runs": 0.0, "international_T20_lifetime_wickets": 0.0, "international_T20_lifetime_balls played": 0.0, "international_T20_lifetime_overs": 0.0, "international_T20_lifetime_runs gave": 0.0}