{"played_against": {"f9258912": {"runs": 2, "balls": 3, "wickets": 0}, "a49985e6": {"runs": 6, "balls": 11, "wickets": 1}, "321c980e": {"runs": 11, "balls": 15, "wickets": 0}, "2d42b539": {"runs": 1, "balls": 2, "wickets": 0}, "b2289ae8": {"runs": 2, "balls": 5, "wickets": 0}, "6bebf334": {"runs": 2, "balls": 2, "wickets": 0}, "b06ed525": {"runs": 6, "balls": 7, "wickets": 0}, "b9fec7a5": {"runs": 6, "balls": 6, "wickets": 0}, "74342c7e": {"runs": 1, "balls": 7, "wickets": 1}, "fe6d2da9": {"runs": 1, "balls": 3, "wickets": 0}, "96b95cb8": {"runs": 1, "balls": 5, "wickets": 0}, "00547789": {"runs": 2, "balls": 4, "wickets": 0}, "632fbfbc": {"runs": 2, "balls": 3, "wickets": 0}, "6900060d": {"runs": 0, "balls": 2, "wickets": 1}, "75820733": {"runs": 1, "balls": 7, "wickets": 0}, "2c41bdab": {"runs": 0, "balls": 3, "wickets": 1}}, "fifties": 0, "thirties": 0, "centuries": 0, "maidens": 0.0, "hattricks": 0, "runs": 44.0, "wickets": 0.0, "club_ODI_previous3_runs": [1.0], "club_ODI_previous3_wickets": [0.0], "club_ODI_previous3_balls played": [10.0], "club_ODI_previous3_overs": [0.0], "club_ODI_previous3_runs gave": [0.0], "club_ODI_lifetime_runs": 1.0, "club_ODI_lifetime_wickets": 0.0, "club_ODI_lifetime_balls played": 10.0, "club_ODI_lifetime_overs": 0.0, "club_ODI_lifetime_runs gave": 0.0, "club_Test_previous3_runs": [], "club_Test_previous3_wickets": [], "club_Test_previous3_balls played": [], "club_Test_previous3_overs": [], "club_Test_previous3_runs gave": [], "club_Test_lifetime_runs": 0.0, "club_Test_lifetime_wickets": 0.0, "club_Test_lifetime_balls played": 0.0, "club_Test_lifetime_overs": 0.0, "club_Test_lifetime_runs gave": 0.0, "club_T20_previous3_runs": [0.0, 12.0, 0.0], "club_T20_previous3_wickets": [0.0, 0.0, 0.0], "club_T20_previous3_balls played": [0.0, 32.0, 2.0], "club_T20_previous3_overs": [0.0, 0.0, 0.0], "club_T20_previous3_runs gave": [0.0, 0.0, 0.0], "club_T20_lifetime_runs": 43.0, "club_T20_lifetime_wickets": 0.0, "club_T20_lifetime_balls played": 75.0, "club_T20_lifetime_overs": 2.0, "club_T20_lifetime_runs gave": 12.0, "international_ODI_previous3_runs": [], "international_ODI_previous3_wickets": [], "international_ODI_previous3_balls played": [], "international_ODI_previous3_overs": [], "international_ODI_previous3_runs gave": [], "international_ODI_lifetime_runs": 0.0, "international_ODI_lifetime_wickets": 0.0, "international_ODI_lifetime_balls played": 0.0, "international_ODI_lifetime_overs": 0.0, "international_ODI_lifetime_runs gave": 0.0, "international_Test_previous3_runs": [], "international_Test_previous3_wickets": [], "international_Test_previous3_balls played": [], "international_Test_previous3_overs": [], "international_Test_previous3_runs gave": [], "international_Test_lifetime_runs": 0.0, "international_Test_lifetime_wickets": 0.0, "international_Test_lifetime_balls played": 0.0, "international_Test_lifetime_overs": 0.0, "international_Test_lifetime_runs gave": 0.0, "international_T20_previous3_runs": [], "international_T20_previous3_wickets": [], "international_T20_previous3_balls played": [], "international_T20_previous3_overs": [], "international_T20_previous3_runs gave": [], "international_T20_lifetime_runs": 0.0, "international_T20_lifetime_wickets": 0.0, "international_T20_lifetime_balls played": 0.0, "international_T20_lifetime_overs": 0.0, "international_T20_lifetime_runs gave": 0.0}