{"played_against": {"992979fa": {"runs": 12, "balls": 24, "wickets": 1}, "c4480b25": {"runs": 8, "balls": 10, "wickets": 0}, "7ccc0a38": {"runs": 0, "balls": 2, "wickets": 1}, "3775b9f9": {"runs": 2, "balls": 9, "wickets": 0}, "b1c113d7": {"runs": 4, "balls": 7, "wickets": 0}, "0c40b02d": {"runs": 13, "balls": 14, "wickets": 0}, "6348c6e9": {"runs": 1, "balls": 15, "wickets": 1}, "c4022bff": {"runs": 4, "balls": 6, "wickets": 1}, "34f86a2d": {"runs": 1, "balls": 2, "wickets": 0}, "bf5e7711": {"runs": 3, "balls": 5, "wickets": 0}, "f1d76e6f": {"runs": 1, "balls": 2, "wickets": 0}, "4d382b64": {"runs": 1, "balls": 2, "wickets": 0}, "c8ae2573": {"runs": 10, "balls": 18, "wickets": 0}, "4bed6af7": {"runs": 5, "balls": 10, "wickets": 0}, "b4d08794": {"runs": 6, "balls": 9, "wickets": 0}, "44b53fba": {"runs": 13, "balls": 16, "wickets": 0}, "f4b942ae": {"runs": 2, "balls": 6, "wickets": 1}, "72eada4c": {"runs": 2, "balls": 10, "wickets": 0}, "43a2244f": {"runs": 0, "balls": 6, "wickets": 0}, "f6ddfe08": {"runs": 2, "balls": 2, "wickets": 1}, "3f2b40f0": {"runs": 8, "balls": 13, "wickets": 0}, "417bde96": {"runs": 22, "balls": 9, "wickets": 0}, "3ff26cea": {"runs": 10, "balls": 10, "wickets": 0}, "ce490298": {"runs": 5, "balls": 8, "wickets": 0}, "1b9d3eb3": {"runs": 1, "balls": 3, "wickets": 1}, "7e6a3f17": {"runs": 1, "balls": 4, "wickets": 0}, "c054cf6f": {"runs": 6, "balls": 3, "wickets": 0}, "e14e70c0": {"runs": 5, "balls": 5, "wickets": 0}, "92c81a4f": {"runs": 2, "balls": 3, "wickets": 0}, "80d30c5f": {"runs": 2, "balls": 3, "wickets": 0}, "8ccef7e2": {"runs": 2, "balls": 3, "wickets": 0}, "c84a3e06": {"runs": 8, "balls": 6, "wickets": 0}, "1119a645": {"runs": 0, "balls": 1, "wickets": 0}, "5f45a88b": {"runs": 1, "balls": 2, "wickets": 0}}, "fifties": 0, "thirties": 1, "centuries": 0, "maidens": 1.0, "hattricks": 1, "runs": 163.0, "wickets": 12.0, "club_ODI_previous3_runs": [], "club_ODI_previous3_wickets": [], "club_ODI_previous3_balls played": [], "club_ODI_previous3_overs": [], "club_ODI_previous3_runs gave": [], "club_ODI_lifetime_runs": 0.0, "club_ODI_lifetime_wickets": 0.0, "club_ODI_lifetime_balls played": 0.0, "club_ODI_lifetime_overs": 0.0, "club_ODI_lifetime_runs gave": 0.0, "club_Test_previous3_runs": [], "club_Test_previous3_wickets": [], "club_Test_previous3_balls played": [], "club_Test_previous3_overs": [], "club_Test_previous3_runs gave": [], "club_Test_lifetime_runs": 0.0, "club_Test_lifetime_wickets": 0.0, "club_Test_lifetime_balls played": 0.0, "club_Test_lifetime_overs": 0.0, "club_Test_lifetime_runs gave": 0.0, "club_T20_previous3_runs": [], "club_T20_previous3_wickets": [], "club_T20_previous3_balls played": [], "club_T20_previous3_overs": [], "club_T20_previous3_runs gave": [], "club_T20_lifetime_runs": 0.0, "club_T20_lifetime_wickets": 0.0, "club_T20_lifetime_balls played": 0.0, "club_T20_lifetime_overs": 0.0, "club_T20_lifetime_runs gave": 0.0, "international_ODI_previous3_runs": [], "international_ODI_previous3_wickets": [], "international_ODI_previous3_balls played": [], "international_ODI_previous3_overs": [], "international_ODI_previous3_runs gave": [], "international_ODI_lifetime_runs": 0.0, "international_ODI_lifetime_wickets": 0.0, "international_ODI_lifetime_balls played": 0.0, "international_ODI_lifetime_overs": 0.0, "international_ODI_lifetime_runs gave": 0.0, "international_Test_previous3_runs": [], "international_Test_previous3_wickets": [], "international_Test_previous3_balls played": [], "international_Test_previous3_overs": [], "international_Test_previous3_runs gave": [], "international_Test_lifetime_runs": 0.0, "international_Test_lifetime_wickets": 0.0, "international_Test_lifetime_balls played": 0.0, "international_Test_lifetime_overs": 0.0, "international_Test_lifetime_runs gave": 0.0, "international_T20_previous3_runs": [13.0, 12.0, 1.0], "international_T20_previous3_wickets": [1.0, 0.0, 1.0], "international_T20_previous3_balls played": [11.0, 13.0, 2.0], "international_T20_previous3_overs": [2.0, 1.0, 4.0], "international_T20_previous3_runs gave": [10.0, 4.0, 10.0], "international_T20_lifetime_runs": 163.0, "international_T20_lifetime_wickets": 12.0, "international_T20_lifetime_balls played": 249.0, "international_T20_lifetime_overs": 44.0, "international_T20_lifetime_runs gave": 215.0}