{"played_against": {"ffe699c0": {"runs": 50, "balls": 106, "wickets": 1}, "dd17e4bc": {"runs": 2, "balls": 16, "wickets": 1}, "5574750c": {"runs": 13, "balls": 47, "wickets": 0}, "f3abd0c9": {"runs": 58, "balls": 113, "wickets": 3}, "4c0f3806": {"runs": 94, "balls": 144, "wickets": 0}, "aeab0d4f": {"runs": 24, "balls": 59, "wickets": 0}, "6a2fadd0": {"runs": 10, "balls": 22, "wickets": 0}, "dc670143": {"runs": 21, "balls": 35, "wickets": 1}, "c41ba637": {"runs": 1, "balls": 2, "wickets": 0}, "94eac556": {"runs": 9, "balls": 22, "wickets": 0}, "e734d090": {"runs": 19, "balls": 37, "wickets": 0}, "15101f12": {"runs": 16, "balls": 20, "wickets": 1}, "bdadf7da": {"runs": 11, "balls": 47, "wickets": 1}, "bca21d18": {"runs": 21, "balls": 40, "wickets": 0}, "e9d5218e": {"runs": 21, "balls": 20, "wickets": 0}, "6daf5e8c": {"runs": 73, "balls": 74, "wickets": 0}, "eddf25bd": {"runs": 35, "balls": 60, "wickets": 1}, "d4eef961": {"runs": 152, "balls": 319, "wickets": 4}, "5da34add": {"runs": 81, "balls": 206, "wickets": 2}, "1a45b864": {"runs": 79, "balls": 162, "wickets": 1}, "914e40a6": {"runs": 7, "balls": 17, "wickets": 0}, "a316d663": {"runs": 46, "balls": 88, "wickets": 0}, "86e0f3f0": {"runs": 25, "balls": 42, "wickets": 0}, "acee4cc4": {"runs": 38, "balls": 70, "wickets": 1}, "43205dad": {"runs": 65, "balls": 121, "wickets": 2}, "078ffbf2": {"runs": 24, "balls": 24, "wickets": 0}, "e84ac20c": {"runs": 16, "balls": 55, "wickets": 1}, "5e6d1a54": {"runs": 36, "balls": 81, "wickets": 0}, "0c7f11be": {"runs": 57, "balls": 122, "wickets": 1}, "aa8d28ae": {"runs": 52, "balls": 92, "wickets": 2}, "5bb1a1c4": {"runs": 6, "balls": 21, "wickets": 0}, "0f3ee070": {"runs": 102, "balls": 186, "wickets": 3}, "f4dfcbb4": {"runs": 0, "balls": 1, "wickets": 1}, "d66edc9a": {"runs": 7, "balls": 27, "wickets": 0}, "eaa4cfc2": {"runs": 6, "balls": 12, "wickets": 0}, "c4450a69": {"runs": 0, "balls": 2, "wickets": 0}, "7955eb15": {"runs": 13, "balls": 23, "wickets": 1}, "e871a7a1": {"runs": 96, "balls": 179, "wickets": 4}, "b3544c5d": {"runs": 25, "balls": 41, "wickets": 0}, "1957c6b7": {"runs": 8, "balls": 14, "wickets": 0}, "e087956b": {"runs": 2, "balls": 8, "wickets": 0}, "8d92a2c3": {"runs": 1, "balls": 8, "wickets": 0}, "e05b2a5b": {"runs": 34, "balls": 61, "wickets": 0}, "4e66ae69": {"runs": 11, "balls": 25, "wickets": 0}, "ad962377": {"runs": 8, "balls": 13, "wickets": 0}, "5899dceb": {"runs": 32, "balls": 32, "wickets": 2}, "e737a5fe": {"runs": 22, "balls": 51, "wickets": 2}, "d112c570": {"runs": 12, "balls": 20, "wickets": 0}, "f5821615": {"runs": 16, "balls": 16, "wickets": 0}, "e0ac7144": {"runs": 6, "balls": 25, "wickets": 0}, "2223b920": {"runs": 5, "balls": 26, "wickets": 1}, "79c7041c": {"runs": 19, "balls": 65, "wickets": 0}, "a089f93f": {"runs": 41, "balls": 111, "wickets": 2}, "aa1210d8": {"runs": 24, "balls": 73, "wickets": 1}, "dda5aae5": {"runs": 24, "balls": 51, "wickets": 1}, "c89474d1": {"runs": 52, "balls": 94, "wickets": 1}, "948beb1f": {"runs": 49, "balls": 111, "wickets": 1}, "d99cc23a": {"runs": 169, "balls": 213, "wickets": 2}, "450f6fa6": {"runs": 63, "balls": 98, "wickets": 2}, "b16cf2ec": {"runs": 10, "balls": 32, "wickets": 1}, "2f9d0389": {"runs": 4, "balls": 17, "wickets": 1}, "1066a976": {"runs": 14, "balls": 48, "wickets": 1}, "9789e56e": {"runs": 68, "balls": 98, "wickets": 1}, "782fb776": {"runs": 42, "balls": 55, "wickets": 1}, "d68e7f48": {"runs": 50, "balls": 71, "wickets": 0}, "c5cc48bc": {"runs": 58, "balls": 58, "wickets": 0}, "6c6aca89": {"runs": 46, "balls": 44, "wickets": 2}, "cf494ffe": {"runs": 20, "balls": 14, "wickets": 0}, "ee0c05c0": {"runs": 46, "balls": 47, "wickets": 2}, "ad9c32a2": {"runs": 19, "balls": 13, "wickets": 0}, "ea27a674": {"runs": 10, "balls": 14, "wickets": 1}, "e5652e3d": {"runs": 15, "balls": 16, "wickets": 0}, "3dcd1e8d": {"runs": 31, "balls": 42, "wickets": 2}, "2344bdd1": {"runs": 16, "balls": 9, "wickets": 0}, "922e1b19": {"runs": 10, "balls": 6, "wickets": 0}, "a9da7784": {"runs": 33, "balls": 72, "wickets": 2}, "3f61a062": {"runs": 26, "balls": 52, "wickets": 2}, "42151725": {"runs": 38, "balls": 82, "wickets": 1}, "6a26221c": {"runs": 6, "balls": 6, "wickets": 0}, "4a461c24": {"runs": 62, "balls": 131, "wickets": 2}, "f0a0204e": {"runs": 79, "balls": 82, "wickets": 1}, "06c2de82": {"runs": 65, "balls": 125, "wickets": 4}, "dddc811c": {"runs": 4, "balls": 7, "wickets": 0}, "05c2ca46": {"runs": 46, "balls": 32, "wickets": 1}, "e9987a94": {"runs": 76, "balls": 114, "wickets": 0}, "d3868bd0": {"runs": 45, "balls": 86, "wickets": 4}, "98eacfe5": {"runs": 24, "balls": 32, "wickets": 1}, "eab74985": {"runs": 36, "balls": 34, "wickets": 1}, "23638956": {"runs": 58, "balls": 118, "wickets": 2}, "4b685e2d": {"runs": 15, "balls": 12, "wickets": 0}, "7ca5e05d": {"runs": 29, "balls": 13, "wickets": 0}, "25a42048": {"runs": 12, "balls": 16, "wickets": 0}, "5b6d248a": {"runs": 24, "balls": 40, "wickets": 0}, "b7a6a60b": {"runs": 39, "balls": 55, "wickets": 0}, "fa433be6": {"runs": 28, "balls": 45, "wickets": 0}, "cad40f5e": {"runs": 14, "balls": 47, "wickets": 0}, "0f6db197": {"runs": 9, "balls": 36, "wickets": 1}, "b9877635": {"runs": 21, "balls": 43, "wickets": 1}, "402f8494": {"runs": 10, "balls": 15, "wickets": 1}, "50c6bc2b": {"runs": 1, "balls": 2, "wickets": 0}, "d8256633": {"runs": 6, "balls": 10, "wickets": 0}, "03df7a25": {"runs": 90, "balls": 78, "wickets": 1}, "74a274cc": {"runs": 37, "balls": 54, "wickets": 1}, "219cc59e": {"runs": 17, "balls": 39, "wickets": 0}, "fc63d916": {"runs": 5, "balls": 11, "wickets": 0}, "3a60e0b5": {"runs": 17, "balls": 27, "wickets": 1}, "cd143bca": {"runs": 22, "balls": 74, "wickets": 4}, "a510bdd3": {"runs": 30, "balls": 44, "wickets": 2}, "7d92277a": {"runs": 7, "balls": 10, "wickets": 1}, "ccdd8308": {"runs": 18, "balls": 16, "wickets": 0}, "a790df98": {"runs": 24, "balls": 27, "wickets": 1}, "e174dadd": {"runs": 5, "balls": 4, "wickets": 0}, "5f547c8b": {"runs": 7, "balls": 5, "wickets": 0}, "c042b412": {"runs": 5, "balls": 9, "wickets": 0}, "62af8546": {"runs": 5, "balls": 5, "wickets": 1}, "7be8a0ed": {"runs": 1, "balls": 2, "wickets": 0}, "e86754b2": {"runs": 5, "balls": 4, "wickets": 0}, "5ac8f17b": {"runs": 14, "balls": 11, "wickets": 1}, "e94915e6": {"runs": 8, "balls": 8, "wickets": 3}, "c672e80e": {"runs": 26, "balls": 23, "wickets": 1}, "1cfac535": {"runs": 19, "balls": 15, "wickets": 2}, "fb66ce1f": {"runs": 15, "balls": 10, "wickets": 1}, "978bd738": {"runs": 12, "balls": 3, "wickets": 0}, "4167f30b": {"runs": 45, "balls": 58, "wickets": 0}, "932d3cc9": {"runs": 45, "balls": 41, "wickets": 1}, "d74d1090": {"runs": 3, "balls": 5, "wickets": 1}, "73f1f6b0": {"runs": 1, "balls": 13, "wickets": 1}, "f1eb3c73": {"runs": 41, "balls": 40, "wickets": 1}, "bdadcca1": {"runs": 17, "balls": 26, "wickets": 0}, "5db1c288": {"runs": 21, "balls": 25, "wickets": 0}, "dd9de7ad": {"runs": 24, "balls": 27, "wickets": 1}, "5a42a396": {"runs": 5, "balls": 3, "wickets": 0}, "0d61d8f0": {"runs": 9, "balls": 6, "wickets": 0}, "1efd12d1": {"runs": 3, "balls": 3, "wickets": 0}, "449f4e3c": {"runs": 0, "balls": 16, "wickets": 1}, "07c8a2f4": {"runs": 23, "balls": 57, "wickets": 0}, "58c481c6": {"runs": 2, "balls": 2, "wickets": 0}, "0f21680d": {"runs": 11, "balls": 9, "wickets": 2}, "2085e1fa": {"runs": 33, "balls": 39, "wickets": 0}, "3f659464": {"runs": 0, "balls": 1, "wickets": 1}, "eab61ead": {"runs": 0, "balls": 2, "wickets": 1}, "9a963804": {"runs": 1, "balls": 2, "wickets": 0}, "8db7f47f": {"runs": 17, "balls": 25, "wickets": 0}, "70d57519": {"runs": 19, "balls": 30, "wickets": 0}, "59559bc2": {"runs": 2, "balls": 12, "wickets": 0}, "ea3d687a": {"runs": 15, "balls": 29, "wickets": 1}, "3987e390": {"runs": 79, "balls": 131, "wickets": 3}, "ba9258a7": {"runs": 1, "balls": 1, "wickets": 0}, "6c908ffc": {"runs": 21, "balls": 43, "wickets": 1}, "9cc9b74d": {"runs": 6, "balls": 24, "wickets": 0}, "ed12fcd7": {"runs": 48, "balls": 31, "wickets": 1}, "d26e0405": {"runs": 38, "balls": 68, "wickets": 1}, "f1ba9ed7": {"runs": 84, "balls": 94, "wickets": 0}, "64212089": {"runs": 27, "balls": 25, "wickets": 0}, "13c35c9e": {"runs": 0, "balls": 6, "wickets": 1}, "a818c1be": {"runs": 6, "balls": 12, "wickets": 1}, "78adc879": {"runs": 2, "balls": 5, "wickets": 0}, "fbd4f01f": {"runs": 35, "balls": 52, "wickets": 1}, "245c97cb": {"runs": 34, "balls": 19, "wickets": 1}, "c5f40e35": {"runs": 11, "balls": 11, "wickets": 1}, "39180894": {"runs": 37, "balls": 66, "wickets": 1}, "eade4650": {"runs": 50, "balls": 33, "wickets": 1}, "8cbcff3b": {"runs": 11, "balls": 30, "wickets": 2}, "94d7f855": {"runs": 0, "balls": 4, "wickets": 0}, "6ea2710f": {"runs": 86, "balls": 128, "wickets": 0}, "51e1ed69": {"runs": 60, "balls": 39, "wickets": 2}, "b5781ac3": {"runs": 76, "balls": 105, "wickets": 0}, "4557dc54": {"runs": 14, "balls": 10, "wickets": 0}, "4bf5c12f": {"runs": 8, "balls": 5, "wickets": 0}, "56c80c90": {"runs": 7, "balls": 3, "wickets": 0}, "457cab44": {"runs": 11, "balls": 21, "wickets": 0}, "8f9c5014": {"runs": 37, "balls": 27, "wickets": 0}, "4ec07775": {"runs": 1, "balls": 4, "wickets": 0}, "93cad673": {"runs": 6, "balls": 10, "wickets": 1}, "f2ab7a69": {"runs": 13, "balls": 14, "wickets": 0}, "10b79140": {"runs": 0, "balls": 3, "wickets": 0}, "9835bd79": {"runs": 4, "balls": 3, "wickets": 0}, "57a76baa": {"runs": 12, "balls": 13, "wickets": 0}, "8728a058": {"runs": 5, "balls": 3, "wickets": 0}, "f1f99156": {"runs": 5, "balls": 12, "wickets": 1}, "5a74e559": {"runs": 23, "balls": 39, "wickets": 0}, "867a45a7": {"runs": 29, "balls": 59, "wickets": 1}, "679cd31e": {"runs": 3, "balls": 21, "wickets": 2}, "894b2d25": {"runs": 27, "balls": 39, "wickets": 1}, "5239d782": {"runs": 36, "balls": 49, "wickets": 1}, "e22d3b5c": {"runs": 19, "balls": 50, "wickets": 2}, "8f2dfebf": {"runs": 97, "balls": 148, "wickets": 1}, "b21ed464": {"runs": 42, "balls": 103, "wickets": 1}, "ad46c747": {"runs": 45, "balls": 94, "wickets": 1}, "24bb1c2f": {"runs": 55, "balls": 78, "wickets": 0}, "1d2f290a": {"runs": 56, "balls": 119, "wickets": 0}, "2911de16": {"runs": 5, "balls": 24, "wickets": 1}, "23dee937": {"runs": 14, "balls": 31, "wickets": 1}, "d12143bf": {"runs": 2, "balls": 8, "wickets": 0}, "19708692": {"runs": 4, "balls": 19, "wickets": 1}, "bd93fea4": {"runs": 39, "balls": 54, "wickets": 1}, "19b9f399": {"runs": 5, "balls": 9, "wickets": 1}, "be869ccf": {"runs": 10, "balls": 7, "wickets": 0}, "27fc5808": {"runs": 31, "balls": 42, "wickets": 0}, "a77472dc": {"runs": 1, "balls": 5, "wickets": 1}, "10f68de1": {"runs": 7, "balls": 6, "wickets": 0}, "9f7932a7": {"runs": 19, "balls": 15, "wickets": 0}, "529eb9e0": {"runs": 0, "balls": 1, "wickets": 1}, "dadbdb68": {"runs": 1, "balls": 2, "wickets": 1}, "b082d112": {"runs": 0, "balls": 1, "wickets": 0}, "e5437608": {"runs": 5, "balls": 11, "wickets": 0}, "8bf61e65": {"runs": 18, "balls": 20, "wickets": 0}, "34b37279": {"runs": 80, "balls": 63, "wickets": 0}, "9eb1455b": {"runs": 15, "balls": 12, "wickets": 2}, "7a8a0237": {"runs": 21, "balls": 34, "wickets": 0}, "65b6943c": {"runs": 20, "balls": 15, "wickets": 1}, "861eed37": {"runs": 15, "balls": 40, "wickets": 0}, "0b9a4ad6": {"runs": 7, "balls": 4, "wickets": 1}, "bdc0670a": {"runs": 13, "balls": 34, "wickets": 0}, "819ae1ad": {"runs": 3, "balls": 5, "wickets": 0}, "a63dfe8a": {"runs": 13, "balls": 10, "wickets": 0}, "b20f423b": {"runs": 19, "balls": 24, "wickets": 0}, "5fed6272": {"runs": 9, "balls": 9, "wickets": 1}, "a5735bd3": {"runs": 6, "balls": 8, "wickets": 1}, "7f7f658b": {"runs": 36, "balls": 46, "wickets": 1}, "462d7c62": {"runs": 24, "balls": 17, "wickets": 0}, "7671203a": {"runs": 17, "balls": 21, "wickets": 0}, "bfc60227": {"runs": 8, "balls": 3, "wickets": 0}, "fe5b4367": {"runs": 24, "balls": 38, "wickets": 0}, "1d48795b": {"runs": 15, "balls": 15, "wickets": 0}, "a81cac82": {"runs": 11, "balls": 8, "wickets": 0}, "fbdec8c0": {"runs": 16, "balls": 9, "wickets": 1}, "9f812582": {"runs": 10, "balls": 20, "wickets": 1}, "ac3c3cab": {"runs": 30, "balls": 69, "wickets": 2}, "fe2ac1a8": {"runs": 8, "balls": 2, "wickets": 0}, "5ccdb14f": {"runs": 18, "balls": 14, "wickets": 0}, "76cb1a7f": {"runs": 2, "balls": 4, "wickets": 1}, "bbc192a4": {"runs": 3, "balls": 9, "wickets": 0}, "31b01074": {"runs": 3, "balls": 3, "wickets": 1}, "81049310": {"runs": 0, "balls": 20, "wickets": 1}, "214f6461": {"runs": 6, "balls": 12, "wickets": 1}, "a37b5c0a": {"runs": 36, "balls": 65, "wickets": 1}, "9e707e02": {"runs": 46, "balls": 65, "wickets": 0}, "0126ff20": {"runs": 26, "balls": 23, "wickets": 1}, "1f1b4c89": {"runs": 3, "balls": 17, "wickets": 1}, "a4b810d0": {"runs": 15, "balls": 34, "wickets": 0}, "9679838c": {"runs": 1, "balls": 2, "wickets": 0}, "344c6d55": {"runs": 48, "balls": 45, "wickets": 2}, "38c276e1": {"runs": 12, "balls": 14, "wickets": 0}, "9c643d7b": {"runs": 18, "balls": 17, "wickets": 0}, "2f28dc94": {"runs": 0, "balls": 6, "wickets": 0}, "067bda18": {"runs": 46, "balls": 69, "wickets": 0}, "ad286dcc": {"runs": 54, "balls": 80, "wickets": 3}, "fc4375ef": {"runs": 10, "balls": 18, "wickets": 0}, "dfc4d8b5": {"runs": 1, "balls": 1, "wickets": 0}, "caf69bf7": {"runs": 24, "balls": 10, "wickets": 1}, "9d430b40": {"runs": 4, "balls": 7, "wickets": 0}, "e36e9dd3": {"runs": 31, "balls": 25, "wickets": 1}, "1cc0a83d": {"runs": 56, "balls": 69, "wickets": 0}, "70b8fd28": {"runs": 14, "balls": 32, "wickets": 2}, "2413a688": {"runs": 11, "balls": 10, "wickets": 0}, "9de62878": {"runs": 6, "balls": 4, "wickets": 0}, "0bec3a6c": {"runs": 3, "balls": 3, "wickets": 0}, "54c2b697": {"runs": 24, "balls": 32, "wickets": 1}, "7d7233a9": {"runs": 69, "balls": 94, "wickets": 2}, "86b4bf88": {"runs": 28, "balls": 32, "wickets": 0}, "6755cd5c": {"runs": 4, "balls": 3, "wickets": 0}, "52c442e4": {"runs": 3, "balls": 14, "wickets": 0}, "1252f71a": {"runs": 7, "balls": 14, "wickets": 0}, "27c5a793": {"runs": 40, "balls": 33, "wickets": 0}, "660538af": {"runs": 26, "balls": 29, "wickets": 0}, "78795cbc": {"runs": 36, "balls": 19, "wickets": 0}, "f2e28b0c": {"runs": 18, "balls": 21, "wickets": 0}, "478a63e7": {"runs": 54, "balls": 28, "wickets": 0}, "bdd4bc21": {"runs": 26, "balls": 8, "wickets": 0}, "80e44dc5": {"runs": 34, "balls": 59, "wickets": 0}, "9a089b15": {"runs": 3, "balls": 4, "wickets": 0}, "2ca9cf48": {"runs": 21, "balls": 13, "wickets": 0}, "0dbe27b8": {"runs": 0, "balls": 1, "wickets": 1}, "c96f6ac5": {"runs": 23, "balls": 22, "wickets": 1}, "e142c599": {"runs": 27, "balls": 34, "wickets": 1}, "2ecd844a": {"runs": 30, "balls": 46, "wickets": 2}, "a343262c": {"runs": 27, "balls": 57, "wickets": 0}, "4ae1755b": {"runs": 2, "balls": 4, "wickets": 0}, "ded9ff1e": {"runs": 19, "balls": 40, "wickets": 0}, "ad212f96": {"runs": 6, "balls": 10, "wickets": 0}, "dcf81436": {"runs": 4, "balls": 9, "wickets": 0}, "d48c0f40": {"runs": 46, "balls": 59, "wickets": 1}, "95a06106": {"runs": 4, "balls": 4, "wickets": 1}, "0ecb4de6": {"runs": 71, "balls": 86, "wickets": 0}, "7cb2d9d2": {"runs": 33, "balls": 25, "wickets": 0}, "39e2c0fd": {"runs": 2, "balls": 2, "wickets": 0}, "c2e5539b": {"runs": 2, "balls": 3, "wickets": 0}, "0164b064": {"runs": 0, "balls": 0, "wickets": 0}, "1a2676c5": {"runs": 5, "balls": 3, "wickets": 1}, "94db3502": {"runs": 1, "balls": 1, "wickets": 0}, "64775749": {"runs": 25, "balls": 9, "wickets": 0}, "28217d89": {"runs": 4, "balls": 6, "wickets": 0}, "5eef2118": {"runs": 0, "balls": 5, "wickets": 2}, "3d0ed2f9": {"runs": 1, "balls": 2, "wickets": 1}, "8f08313a": {"runs": 9, "balls": 6, "wickets": 1}, "6c7349c4": {"runs": 8, "balls": 5, "wickets": 0}, "eafe8a94": {"runs": 14, "balls": 16, "wickets": 1}, "97905e64": {"runs": 6, "balls": 4, "wickets": 0}, "3ebb940f": {"runs": 11, "balls": 4, "wickets": 1}, "92205bc7": {"runs": 2, "balls": 8, "wickets": 0}, "ed8faea2": {"runs": 11, "balls": 10, "wickets": 0}, "f655d740": {"runs": 3, "balls": 4, "wickets": 0}, "bf26cd81": {"runs": 9, "balls": 10, "wickets": 0}, "ec5160d7": {"runs": 1, "balls": 1, "wickets": 0}, "693af62a": {"runs": 0, "balls": 6, "wickets": 0}, "876dbe2d": {"runs": 2, "balls": 2, "wickets": 0}, "bb351c23": {"runs": 2, "balls": 2, "wickets": 0}, "1e66c162": {"runs": 5, "balls": 16, "wickets": 1}}, "fifties": 26, "thirties": 32, "centuries": 20, "maidens": 0.0, "hattricks": 0, "runs": 7153.0, "wickets": 1.0, "club_ODI_previous3_runs": [14.0, 16.0, 18.0], "club_ODI_previous3_wickets": [0.0, 0.0, 0.0], "club_ODI_previous3_balls played": [12.0, 15.0, 20.0], "club_ODI_previous3_overs": [0.0, 0.0, 0.0], "club_ODI_previous3_runs gave": [0.0, 0.0, 0.0], "club_ODI_lifetime_runs": 1399.0, "club_ODI_lifetime_wickets": 1.0, "club_ODI_lifetime_balls played": 1315.0, "club_ODI_lifetime_overs": 3.0, "club_ODI_lifetime_runs gave": 23.0, "club_Test_previous3_runs": [56.0, 11.0, 49.0], "club_Test_previous3_wickets": [0.0, 0.0, 0.0], "club_Test_previous3_balls played": [99.0, 25.0, 76.0], "club_Test_previous3_overs": [0.0, 0.0, 0.0], "club_Test_previous3_runs gave": [0.0, 0.0, 0.0], "club_Test_lifetime_runs": 4686.0, "club_Test_lifetime_wickets": 0.0, "club_Test_lifetime_balls played": 8860.0, "club_Test_lifetime_overs": 9.833333333333334, "club_Test_lifetime_runs gave": 39.0, "club_T20_previous3_runs": [7.0, 49.0, 2.0], "club_T20_previous3_wickets": [0.0, 0.0, 0.0], "club_T20_previous3_balls played": [9.0, 28.0, 3.0], "club_T20_previous3_overs": [0.0, 0.0, 0.0], "club_T20_previous3_runs gave": [0.0, 0.0, 0.0], "club_T20_lifetime_runs": 1060.0, "club_T20_lifetime_wickets": 0.0, "club_T20_lifetime_balls played": 832.0, "club_T20_lifetime_overs": 0.0, "club_T20_lifetime_runs gave": 0.0, "international_ODI_previous3_runs": [], "international_ODI_previous3_wickets": [], "international_ODI_previous3_balls played": [], "international_ODI_previous3_overs": [], "international_ODI_previous3_runs gave": [], "international_ODI_lifetime_runs": 0.0, "international_ODI_lifetime_wickets": 0.0, "international_ODI_lifetime_balls played": 0.0, "international_ODI_lifetime_overs": 0.0, "international_ODI_lifetime_runs gave": 0.0, "international_Test_previous3_runs": [0.0, 8.0], "international_Test_previous3_wickets": [0.0, 0.0], "international_Test_previous3_balls played": [6.0, 20.0], "international_Test_previous3_overs": [0.0, 0.0], "international_Test_previous3_runs gave": [0.0, 0.0], "international_Test_lifetime_runs": 8.0, "international_Test_lifetime_wickets": 0.0, "international_Test_lifetime_balls played": 26.0, "international_Test_lifetime_overs": 0.0, "international_Test_lifetime_runs gave": 0.0, "international_T20_previous3_runs": [], "international_T20_previous3_wickets": [], "international_T20_previous3_balls played": [], "international_T20_previous3_overs": [], "international_T20_previous3_runs gave": [], "international_T20_lifetime_runs": 0.0, "international_T20_lifetime_wickets": 0.0, "international_T20_lifetime_balls played": 0.0, "international_T20_lifetime_overs": 0.0, "international_T20_lifetime_runs gave": 0.0}