{"played_against": {"6adf9347": {"runs": 0, "balls": 1, "wickets": 1}, "3c6ffae8": {"runs": 15, "balls": 21, "wickets": 0}, "98ae73b1": {"runs": 10, "balls": 21, "wickets": 0}, "eff8b730": {"runs": 10, "balls": 4, "wickets": 0}, "1f1f93b5": {"runs": 2, "balls": 3, "wickets": 0}, "235fb973": {"runs": 0, "balls": 1, "wickets": 1}, "18db3f22": {"runs": 1, "balls": 6, "wickets": 0}, "a8942d26": {"runs": 12, "balls": 8, "wickets": 0}, "1e78c51c": {"runs": 11, "balls": 4, "wickets": 0}, "87e33d07": {"runs": 2, "balls": 7, "wickets": 1}, "e77e96de": {"runs": 1, "balls": 2, "wickets": 0}, "bb9b51f4": {"runs": 8, "balls": 6, "wickets": 0}, "2b8b75a0": {"runs": 19, "balls": 5, "wickets": 0}, "7839bf3a": {"runs": 22, "balls": 11, "wickets": 1}, "9025e58f": {"runs": 3, "balls": 4, "wickets": 0}, "d146924b": {"runs": 10, "balls": 8, "wickets": 0}, "795df06c": {"runs": 6, "balls": 4, "wickets": 0}, "3a026eb4": {"runs": 11, "balls": 6, "wickets": 0}, "c4ff0618": {"runs": 21, "balls": 7, "wickets": 0}, "7572bf45": {"runs": 7, "balls": 10, "wickets": 0}, "26534b48": {"runs": 3, "balls": 4, "wickets": 0}, "e70a0811": {"runs": 7, "balls": 6, "wickets": 0}, "18eaf2fa": {"runs": 2, "balls": 2, "wickets": 0}, "47e20f64": {"runs": 2, "balls": 1, "wickets": 0}, "f4cbce64": {"runs": 2, "balls": 5, "wickets": 0}, "363fe2d5": {"runs": 6, "balls": 5, "wickets": 1}, "3f18724b": {"runs": 8, "balls": 4, "wickets": 0}, "357f5314": {"runs": 4, "balls": 2, "wickets": 0}, "f8dcfe4e": {"runs": 4, "balls": 3, "wickets": 1}, "0bd536fb": {"runs": 8, "balls": 4, "wickets": 0}, "7516045a": {"runs": 0, "balls": 2, "wickets": 1}, "12c3ba4d": {"runs": 23, "balls": 28, "wickets": 1}, "3f5f39cd": {"runs": 15, "balls": 10, "wickets": 0}, "7dc35884": {"runs": 4, "balls": 15, "wickets": 0}, "888e32bf": {"runs": 18, "balls": 9, "wickets": 0}, "681af475": {"runs": 20, "balls": 10, "wickets": 1}, "4861d29b": {"runs": 7, "balls": 16, "wickets": 0}, "75186c24": {"runs": 23, "balls": 18, "wickets": 1}, "1adb8ee8": {"runs": 28, "balls": 28, "wickets": 1}, "535ad39e": {"runs": 19, "balls": 11, "wickets": 0}, "98d05440": {"runs": 14, "balls": 18, "wickets": 1}, "2d8aae2f": {"runs": 8, "balls": 23, "wickets": 0}, "cd4d7695": {"runs": 22, "balls": 26, "wickets": 0}, "f104c434": {"runs": 3, "balls": 8, "wickets": 0}, "10f4518c": {"runs": 5, "balls": 4, "wickets": 0}, "288ea226": {"runs": 0, "balls": 1, "wickets": 0}, "6d5bdc43": {"runs": 1, "balls": 2, "wickets": 1}, "e186f49c": {"runs": 13, "balls": 5, "wickets": 0}, "1f7adc8a": {"runs": 7, "balls": 3, "wickets": 1}, "f56cd097": {"runs": 8, "balls": 4, "wickets": 0}, "2c2013a9": {"runs": 1, "balls": 4, "wickets": 1}, "bb134e5c": {"runs": 20, "balls": 14, "wickets": 0}, "e16e7347": {"runs": 23, "balls": 14, "wickets": 1}, "6e849a7b": {"runs": 30, "balls": 16, "wickets": 0}, "017faef2": {"runs": 10, "balls": 6, "wickets": 0}, "9ff7f691": {"runs": 27, "balls": 18, "wickets": 0}, "5af592d2": {"runs": 13, "balls": 11, "wickets": 1}, "e8915c11": {"runs": 11, "balls": 8, "wickets": 0}, "b6980844": {"runs": 16, "balls": 8, "wickets": 0}, "e05fcb17": {"runs": 0, "balls": 3, "wickets": 1}, "568e5a4a": {"runs": 6, "balls": 4, "wickets": 0}, "bd0a4a7d": {"runs": 0, "balls": 3, "wickets": 1}, "1676b2d6": {"runs": 5, "balls": 10, "wickets": 0}, "1f367515": {"runs": 3, "balls": 7, "wickets": 0}, "fb4c5ea5": {"runs": 5, "balls": 4, "wickets": 0}, "d0653d5a": {"runs": 13, "balls": 10, "wickets": 0}, "2b995cf0": {"runs": 11, "balls": 5, "wickets": 0}, "e85d03d6": {"runs": 19, "balls": 9, "wickets": 0}, "e9a870ed": {"runs": 3, "balls": 5, "wickets": 0}, "d3868bd0": {"runs": 6, "balls": 2, "wickets": 0}, "f43dd8c2": {"runs": 2, "balls": 3, "wickets": 1}}, "fifties": 2, "thirties": 3, "centuries": 2, "maidens": 4.0, "hattricks": 2, "runs": 679.0, "wickets": 25.0, "club_ODI_previous3_runs": [], "club_ODI_previous3_wickets": [], "club_ODI_previous3_balls played": [], "club_ODI_previous3_overs": [], "club_ODI_previous3_runs gave": [], "club_ODI_lifetime_runs": 0.0, "club_ODI_lifetime_wickets": 0.0, "club_ODI_lifetime_balls played": 0.0, "club_ODI_lifetime_overs": 0.0, "club_ODI_lifetime_runs gave": 0.0, "club_Test_previous3_runs": [], "club_Test_previous3_wickets": [], "club_Test_previous3_balls played": [], "club_Test_previous3_overs": [], "club_Test_previous3_runs gave": [], "club_Test_lifetime_runs": 0.0, "club_Test_lifetime_wickets": 0.0, "club_Test_lifetime_balls played": 0.0, "club_Test_lifetime_overs": 0.0, "club_Test_lifetime_runs gave": 0.0, "club_T20_previous3_runs": [], "club_T20_previous3_wickets": [], "club_T20_previous3_balls played": [], "club_T20_previous3_overs": [], "club_T20_previous3_runs gave": [], "club_T20_lifetime_runs": 0.0, "club_T20_lifetime_wickets": 0.0, "club_T20_lifetime_balls played": 0.0, "club_T20_lifetime_overs": 0.0, "club_T20_lifetime_runs gave": 0.0, "international_ODI_previous3_runs": [30.0, 106.0, 8.0], "international_ODI_previous3_wickets": [2.0, 2.0, 2.0], "international_ODI_previous3_balls played": [34.0, 114.0, 13.0], "international_ODI_previous3_overs": [9.0, 8.0, 6.0], "international_ODI_previous3_runs gave": [28.0, 25.0, 38.0], "international_ODI_lifetime_runs": 189.0, "international_ODI_lifetime_wickets": 11.0, "international_ODI_lifetime_balls played": 215.0, "international_ODI_lifetime_overs": 46.0, "international_ODI_lifetime_runs gave": 225.0, "international_Test_previous3_runs": [], "international_Test_previous3_wickets": [], "international_Test_previous3_balls played": [], "international_Test_previous3_overs": [], "international_Test_previous3_runs gave": [], "international_Test_lifetime_runs": 0.0, "international_Test_lifetime_wickets": 0.0, "international_Test_lifetime_balls played": 0.0, "international_Test_lifetime_overs": 0.0, "international_Test_lifetime_runs gave": 0.0, "international_T20_previous3_runs": [26.0, 98.0, 11.0], "international_T20_previous3_wickets": [0.0, 1.0, 2.0], "international_T20_previous3_balls played": [31.0, 55.0, 10.0], "international_T20_previous3_overs": [3.1666666666666665, 2.0, 3.0], "international_T20_previous3_runs gave": [34.0, 15.0, 27.0], "international_T20_lifetime_runs": 490.0, "international_T20_lifetime_wickets": 14.0, "international_T20_lifetime_balls played": 377.0, "international_T20_lifetime_overs": 55.166666666666664, "international_T20_lifetime_runs gave": 403.0}