{"played_against": {"92aa28fe": {"runs": 5, "balls": 10, "wickets": 1}, "c89474d1": {"runs": 4, "balls": 12, "wickets": 0}, "5b6d248a": {"runs": 8, "balls": 35, "wickets": 0}, "eab74985": {"runs": 9, "balls": 38, "wickets": 1}, "23638956": {"runs": 17, "balls": 80, "wickets": 2}, "afa78c3a": {"runs": 2, "balls": 4, "wickets": 0}, "b082d112": {"runs": 1, "balls": 2, "wickets": 0}, "aa8d28ae": {"runs": 1, "balls": 5, "wickets": 0}, "344c6d55": {"runs": 1, "balls": 9, "wickets": 1}, "f1eb3c73": {"runs": 1, "balls": 4, "wickets": 0}, "e43aa7ed": {"runs": 7, "balls": 30, "wickets": 0}, "679cd31e": {"runs": 5, "balls": 14, "wickets": 0}, "a790df98": {"runs": 10, "balls": 39, "wickets": 2}, "f3abd0c9": {"runs": 18, "balls": 46, "wickets": 0}, "2085e1fa": {"runs": 6, "balls": 9, "wickets": 0}, "5fed6272": {"runs": 4, "balls": 9, "wickets": 0}, "e0ac7144": {"runs": 8, "balls": 10, "wickets": 0}, "2223b920": {"runs": 0, "balls": 10, "wickets": 0}, "dda5aae5": {"runs": 0, "balls": 3, "wickets": 0}, "8bf61e65": {"runs": 2, "balls": 11, "wickets": 0}, "d3868bd0": {"runs": 3, "balls": 4, "wickets": 0}, "bd93fea4": {"runs": 4, "balls": 5, "wickets": 1}, "e36e9dd3": {"runs": 5, "balls": 8, "wickets": 0}, "a4b810d0": {"runs": 8, "balls": 17, "wickets": 0}, "f3b26fe4": {"runs": 1, "balls": 10, "wickets": 0}, "c5cc48bc": {"runs": 6, "balls": 11, "wickets": 0}, "28d6c44d": {"runs": 1, "balls": 7, "wickets": 0}, "2413a688": {"runs": 2, "balls": 2, "wickets": 0}, "28217d89": {"runs": 1, "balls": 1, "wickets": 0}, "7d7233a9": {"runs": 5, "balls": 10, "wickets": 0}, "eafe8a94": {"runs": 5, "balls": 9, "wickets": 0}, "01a95383": {"runs": 2, "balls": 2, "wickets": 0}, "27e60d6e": {"runs": 2, "balls": 3, "wickets": 0}, "92205bc7": {"runs": 1, "balls": 2, "wickets": 0}, "e423d162": {"runs": 2, "balls": 2, "wickets": 0}, "2baad3bd": {"runs": 0, "balls": 1, "wickets": 1}}, "fifties": 0, "thirties": 1, "centuries": 0, "maidens": 34.0, "hattricks": 2, "runs": 157.0, "wickets": 25.0, "club_ODI_previous3_runs": [2.0, 0.0, 0.0], "club_ODI_previous3_wickets": [1.0, 2.0, 1.0], "club_ODI_previous3_balls played": [3.0, 0.0, 0.0], "club_ODI_previous3_overs": [10.0, 9.333333333333334, 10.0], "club_ODI_previous3_runs gave": [66.0, 40.0, 34.0], "club_ODI_lifetime_runs": 25.0, "club_ODI_lifetime_wickets": 11.0, "club_ODI_lifetime_balls played": 34.0, "club_ODI_lifetime_overs": 62.0, "club_ODI_lifetime_runs gave": 347.0, "club_Test_previous3_runs": [14.0, 22.0, 0.0], "club_Test_previous3_wickets": [3.0, 1.0, 2.0], "club_Test_previous3_balls played": [35.0, 75.0, 0.0], "club_Test_previous3_overs": [18.5, 17.833333333333336, 25.333333333333336], "club_Test_previous3_runs gave": [63.0, 95.0, 133.0], "club_Test_lifetime_runs": 129.0, "club_Test_lifetime_wickets": 13.0, "club_Test_lifetime_balls played": 437.0, "club_Test_lifetime_overs": 193.83333333333334, "club_Test_lifetime_runs gave": 742.0, "club_T20_previous3_runs": [0.0, 3.0], "club_T20_previous3_wickets": [0.0, 1.0], "club_T20_previous3_balls played": [0.0, 6.0], "club_T20_previous3_overs": [1.0, 1.0], "club_T20_previous3_runs gave": [28.0, 7.0], "club_T20_lifetime_runs": 3.0, "club_T20_lifetime_wickets": 1.0, "club_T20_lifetime_balls played": 6.0, "club_T20_lifetime_overs": 2.0, "club_T20_lifetime_runs gave": 35.0, "international_ODI_previous3_runs": [], "international_ODI_previous3_wickets": [], "international_ODI_previous3_balls played": [], "international_ODI_previous3_overs": [], "international_ODI_previous3_runs gave": [], "international_ODI_lifetime_runs": 0.0, "international_ODI_lifetime_wickets": 0.0, "international_ODI_lifetime_balls played": 0.0, "international_ODI_lifetime_overs": 0.0, "international_ODI_lifetime_runs gave": 0.0, "international_Test_previous3_runs": [], "international_Test_previous3_wickets": [], "international_Test_previous3_balls played": [], "international_Test_previous3_overs": [], "international_Test_previous3_runs gave": [], "international_Test_lifetime_runs": 0.0, "international_Test_lifetime_wickets": 0.0, "international_Test_lifetime_balls played": 0.0, "international_Test_lifetime_overs": 0.0, "international_Test_lifetime_runs gave": 0.0, "international_T20_previous3_runs": [], "international_T20_previous3_wickets": [], "international_T20_previous3_balls played": [], "international_T20_previous3_overs": [], "international_T20_previous3_runs gave": [], "international_T20_lifetime_runs": 0.0, "international_T20_lifetime_wickets": 0.0, "international_T20_lifetime_balls played": 0.0, "international_T20_lifetime_overs": 0.0, "international_T20_lifetime_runs gave": 0.0}