{"played_against": {"0fc88c2a": {"runs": 37, "balls": 17, "wickets": 0}, "c2fd51b1": {"runs": 6, "balls": 5, "wickets": 0}, "5787be00": {"runs": 8, "balls": 6, "wickets": 0}, "a9a09cb8": {"runs": 3, "balls": 6, "wickets": 0}, "015dc0cd": {"runs": 7, "balls": 5, "wickets": 0}, "9244df4b": {"runs": 10, "balls": 8, "wickets": 1}, "a18461a2": {"runs": 5, "balls": 6, "wickets": 1}, "9865ed99": {"runs": 12, "balls": 6, "wickets": 0}, "0fa81719": {"runs": 17, "balls": 8, "wickets": 0}, "ad05692c": {"runs": 19, "balls": 7, "wickets": 0}, "ec483176": {"runs": 7, "balls": 9, "wickets": 0}, "4d83491d": {"runs": 18, "balls": 8, "wickets": 0}, "dc1dd6c4": {"runs": 3, "balls": 2, "wickets": 0}, "fb34b0ec": {"runs": 2, "balls": 4, "wickets": 0}, "d85d52c2": {"runs": 8, "balls": 2, "wickets": 0}, "b857468a": {"runs": 0, "balls": 3, "wickets": 0}, "02b078b1": {"runs": 16, "balls": 6, "wickets": 0}, "753ada66": {"runs": 4, "balls": 3, "wickets": 1}, "eb5aa5b9": {"runs": 15, "balls": 13, "wickets": 0}, "376557f7": {"runs": 16, "balls": 6, "wickets": 0}, "6de4e430": {"runs": 15, "balls": 9, "wickets": 0}, "eb40ed89": {"runs": 1, "balls": 1, "wickets": 0}, "14e1fdab": {"runs": 11, "balls": 3, "wickets": 0}, "1bdbf53b": {"runs": 23, "balls": 8, "wickets": 0}, "39e9f0c9": {"runs": 1, "balls": 2, "wickets": 1}, "6978bff0": {"runs": 2, "balls": 4, "wickets": 0}, "5c57229d": {"runs": 4, "balls": 5, "wickets": 0}, "e4ad57ea": {"runs": 7, "balls": 4, "wickets": 0}, "5e0bb751": {"runs": 17, "balls": 9, "wickets": 0}, "76b19864": {"runs": 2, "balls": 3, "wickets": 1}, "716bf559": {"runs": 12, "balls": 6, "wickets": 0}, "4e6ff836": {"runs": 5, "balls": 7, "wickets": 1}, "e2abcf16": {"runs": 3, "balls": 3, "wickets": 0}, "bb939fa3": {"runs": 4, "balls": 2, "wickets": 1}, "87609cbb": {"runs": 1, "balls": 6, "wickets": 1}, "281ce63c": {"runs": 1, "balls": 2, "wickets": 1}, "f7cb7c3a": {"runs": 2, "balls": 5, "wickets": 0}, "53984f75": {"runs": 11, "balls": 9, "wickets": 0}, "3ec513ea": {"runs": 5, "balls": 4, "wickets": 0}, "cfbd3998": {"runs": 0, "balls": 1, "wickets": 1}}, "fifties": 3, "thirties": 2, "centuries": 0, "maidens": 2.0, "hattricks": 1, "runs": 340.0, "wickets": 13.0, "club_ODI_previous3_runs": [], "club_ODI_previous3_wickets": [], "club_ODI_previous3_balls played": [], "club_ODI_previous3_overs": [], "club_ODI_previous3_runs gave": [], "club_ODI_lifetime_runs": 0.0, "club_ODI_lifetime_wickets": 0.0, "club_ODI_lifetime_balls played": 0.0, "club_ODI_lifetime_overs": 0.0, "club_ODI_lifetime_runs gave": 0.0, "club_Test_previous3_runs": [], "club_Test_previous3_wickets": [], "club_Test_previous3_balls played": [], "club_Test_previous3_overs": [], "club_Test_previous3_runs gave": [], "club_Test_lifetime_runs": 0.0, "club_Test_lifetime_wickets": 0.0, "club_Test_lifetime_balls played": 0.0, "club_Test_lifetime_overs": 0.0, "club_Test_lifetime_runs gave": 0.0, "club_T20_previous3_runs": [], "club_T20_previous3_wickets": [], "club_T20_previous3_balls played": [], "club_T20_previous3_overs": [], "club_T20_previous3_runs gave": [], "club_T20_lifetime_runs": 0.0, "club_T20_lifetime_wickets": 0.0, "club_T20_lifetime_balls played": 0.0, "club_T20_lifetime_overs": 0.0, "club_T20_lifetime_runs gave": 0.0, "international_ODI_previous3_runs": [], "international_ODI_previous3_wickets": [], "international_ODI_previous3_balls played": [], "international_ODI_previous3_overs": [], "international_ODI_previous3_runs gave": [], "international_ODI_lifetime_runs": 0.0, "international_ODI_lifetime_wickets": 0.0, "international_ODI_lifetime_balls played": 0.0, "international_ODI_lifetime_overs": 0.0, "international_ODI_lifetime_runs gave": 0.0, "international_Test_previous3_runs": [], "international_Test_previous3_wickets": [], "international_Test_previous3_balls played": [], "international_Test_previous3_overs": [], "international_Test_previous3_runs gave": [], "international_Test_lifetime_runs": 0.0, "international_Test_lifetime_wickets": 0.0, "international_Test_lifetime_balls played": 0.0, "international_Test_lifetime_overs": 0.0, "international_Test_lifetime_runs gave": 0.0, "international_T20_previous3_runs": [3.0, 13.0, 5.0], "international_T20_previous3_wickets": [2.0, 0.0, 0.0], "international_T20_previous3_balls played": [10.0, 17.0, 5.0], "international_T20_previous3_overs": [4.0, 3.1666666666666665, 0.0], "international_T20_previous3_runs gave": [35.0, 21.0, 0.0], "international_T20_lifetime_runs": 340.0, "international_T20_lifetime_wickets": 13.0, "international_T20_lifetime_balls played": 225.0, "international_T20_lifetime_overs": 33.833333333333336, "international_T20_lifetime_runs gave": 273.0}