{"played_against": {"f752db61": {"runs": 2, "balls": 21, "wickets": 1}, "96824e68": {"runs": 9, "balls": 20, "wickets": 0}, "70c4f525": {"runs": 7, "balls": 36, "wickets": 0}, "22ae3041": {"runs": 10, "balls": 23, "wickets": 1}, "2a2e6343": {"runs": 4, "balls": 11, "wickets": 0}, "3fb19989": {"runs": 42, "balls": 71, "wickets": 1}, "ded9240e": {"runs": 22, "balls": 46, "wickets": 1}, "2c7ac4b9": {"runs": 6, "balls": 29, "wickets": 0}, "96a6a7ad": {"runs": 9, "balls": 33, "wickets": 0}, "903560ed": {"runs": 9, "balls": 33, "wickets": 0}, "519c30cb": {"runs": 13, "balls": 21, "wickets": 0}, "6042bf26": {"runs": 12, "balls": 26, "wickets": 1}, "f1c61793": {"runs": 5, "balls": 14, "wickets": 1}, "86b4bf88": {"runs": 24, "balls": 42, "wickets": 0}, "fa433be6": {"runs": 0, "balls": 1, "wickets": 0}, "79650e45": {"runs": 0, "balls": 2, "wickets": 1}, "0164b064": {"runs": 10, "balls": 31, "wickets": 0}, "da13a0fc": {"runs": 15, "balls": 51, "wickets": 1}, "898e628d": {"runs": 6, "balls": 17, "wickets": 0}}, "fifties": 2, "thirties": 2, "centuries": 0, "maidens": 1.0, "hattricks": 0, "runs": 205.0, "wickets": 0.0, "club_ODI_previous3_runs": [], "club_ODI_previous3_wickets": [], "club_ODI_previous3_balls played": [], "club_ODI_previous3_overs": [], "club_ODI_previous3_runs gave": [], "club_ODI_lifetime_runs": 0.0, "club_ODI_lifetime_wickets": 0.0, "club_ODI_lifetime_balls played": 0.0, "club_ODI_lifetime_overs": 0.0, "club_ODI_lifetime_runs gave": 0.0, "club_Test_previous3_runs": [79.0, 63.0, 31.0], "club_Test_previous3_wickets": [0.0, 0.0, 0.0], "club_Test_previous3_balls played": [179.0, 134.0, 105.0], "club_Test_previous3_overs": [0.0, 1.0, 0.0], "club_Test_previous3_runs gave": [0.0, 3.0, 0.0], "club_Test_lifetime_runs": 205.0, "club_Test_lifetime_wickets": 0.0, "club_Test_lifetime_balls played": 531.0, "club_Test_lifetime_overs": 7.0, "club_Test_lifetime_runs gave": 16.0, "club_T20_previous3_runs": [], "club_T20_previous3_wickets": [], "club_T20_previous3_balls played": [], "club_T20_previous3_overs": [], "club_T20_previous3_runs gave": [], "club_T20_lifetime_runs": 0.0, "club_T20_lifetime_wickets": 0.0, "club_T20_lifetime_balls played": 0.0, "club_T20_lifetime_overs": 0.0, "club_T20_lifetime_runs gave": 0.0, "international_ODI_previous3_runs": [], "international_ODI_previous3_wickets": [], "international_ODI_previous3_balls played": [], "international_ODI_previous3_overs": [], "international_ODI_previous3_runs gave": [], "international_ODI_lifetime_runs": 0.0, "international_ODI_lifetime_wickets": 0.0, "international_ODI_lifetime_balls played": 0.0, "international_ODI_lifetime_overs": 0.0, "international_ODI_lifetime_runs gave": 0.0, "international_Test_previous3_runs": [], "international_Test_previous3_wickets": [], "international_Test_previous3_balls played": [], "international_Test_previous3_overs": [], "international_Test_previous3_runs gave": [], "international_Test_lifetime_runs": 0.0, "international_Test_lifetime_wickets": 0.0, "international_Test_lifetime_balls played": 0.0, "international_Test_lifetime_overs": 0.0, "international_Test_lifetime_runs gave": 0.0, "international_T20_previous3_runs": [], "international_T20_previous3_wickets": [], "international_T20_previous3_balls played": [], "international_T20_previous3_overs": [], "international_T20_previous3_runs gave": [], "international_T20_lifetime_runs": 0.0, "international_T20_lifetime_wickets": 0.0, "international_T20_lifetime_balls played": 0.0, "international_T20_lifetime_overs": 0.0, "international_T20_lifetime_runs gave": 0.0}