{"played_against": {"66cf56a5": {"runs": 2, "balls": 2, "wickets": 0}, "90de905a": {"runs": 3, "balls": 3, "wickets": 0}, "bd17b45f": {"runs": 7, "balls": 6, "wickets": 1}, "436b8481": {"runs": 2, "balls": 2, "wickets": 0}, "70eb694b": {"runs": 8, "balls": 6, "wickets": 0}, "529fbf1b": {"runs": 21, "balls": 9, "wickets": 0}, "2fcb040c": {"runs": 5, "balls": 4, "wickets": 0}, "fa73f373": {"runs": 4, "balls": 3, "wickets": 0}, "a63563c0": {"runs": 2, "balls": 2, "wickets": 0}, "caabc8e4": {"runs": 12, "balls": 6, "wickets": 0}, "f8c7484e": {"runs": 8, "balls": 4, "wickets": 0}, "dcf81436": {"runs": 1, "balls": 2, "wickets": 1}, "531f7ccc": {"runs": 1, "balls": 1, "wickets": 0}, "a0d66374": {"runs": 1, "balls": 1, "wickets": 0}, "fcd1dd35": {"runs": 2, "balls": 2, "wickets": 0}, "a457cfb5": {"runs": 7, "balls": 3, "wickets": 0}, "04a418e8": {"runs": 1, "balls": 1, "wickets": 0}, "69cbffb8": {"runs": 1, "balls": 1, "wickets": 0}, "4f36495c": {"runs": 7, "balls": 4, "wickets": 0}, "e342d310": {"runs": 15, "balls": 5, "wickets": 1}, "2cffab74": {"runs": 1, "balls": 4, "wickets": 0}, "0a67aec0": {"runs": 0, "balls": 1, "wickets": 1}, "1b7c4d69": {"runs": 3, "balls": 8, "wickets": 1}, "e2db2409": {"runs": 6, "balls": 9, "wickets": 0}, "b9671119": {"runs": 2, "balls": 3, "wickets": 1}, "15745dbe": {"runs": 12, "balls": 5, "wickets": 0}, "8b018008": {"runs": 0, "balls": 2, "wickets": 1}, "1e66c162": {"runs": 0, "balls": 1, "wickets": 1}, "7210d461": {"runs": 3, "balls": 4, "wickets": 0}, "db31895a": {"runs": 5, "balls": 6, "wickets": 1}, "c23938fd": {"runs": 4, "balls": 2, "wickets": 0}, "f29185a1": {"runs": 3, "balls": 3, "wickets": 0}, "b05fe3d9": {"runs": 2, "balls": 6, "wickets": 1}, "2314745e": {"runs": 0, "balls": 2, "wickets": 1}, "44aac2f0": {"runs": 4, "balls": 3, "wickets": 0}}, "fifties": 0, "thirties": 1, "centuries": 0, "maidens": 0.0, "hattricks": 4, "runs": 155.0, "wickets": 24.0, "club_ODI_previous3_runs": [], "club_ODI_previous3_wickets": [], "club_ODI_previous3_balls played": [], "club_ODI_previous3_overs": [], "club_ODI_previous3_runs gave": [], "club_ODI_lifetime_runs": 0.0, "club_ODI_lifetime_wickets": 0.0, "club_ODI_lifetime_balls played": 0.0, "club_ODI_lifetime_overs": 0.0, "club_ODI_lifetime_runs gave": 0.0, "club_Test_previous3_runs": [], "club_Test_previous3_wickets": [], "club_Test_previous3_balls played": [], "club_Test_previous3_overs": [], "club_Test_previous3_runs gave": [], "club_Test_lifetime_runs": 0.0, "club_Test_lifetime_wickets": 0.0, "club_Test_lifetime_balls played": 0.0, "club_Test_lifetime_overs": 0.0, "club_Test_lifetime_runs gave": 0.0, "club_T20_previous3_runs": [4.0, 0.0, 0.0], "club_T20_previous3_wickets": [4.0, 4.0, 3.0], "club_T20_previous3_balls played": [3.0, 0.0, 0.0], "club_T20_previous3_overs": [3.8333333333333335, 4.0, 4.0], "club_T20_previous3_runs gave": [21.0, 13.0, 31.0], "club_T20_lifetime_runs": 155.0, "club_T20_lifetime_wickets": 24.0, "club_T20_lifetime_balls played": 127.0, "club_T20_lifetime_overs": 68.5, "club_T20_lifetime_runs gave": 526.0, "international_ODI_previous3_runs": [], "international_ODI_previous3_wickets": [], "international_ODI_previous3_balls played": [], "international_ODI_previous3_overs": [], "international_ODI_previous3_runs gave": [], "international_ODI_lifetime_runs": 0.0, "international_ODI_lifetime_wickets": 0.0, "international_ODI_lifetime_balls played": 0.0, "international_ODI_lifetime_overs": 0.0, "international_ODI_lifetime_runs gave": 0.0, "international_Test_previous3_runs": [], "international_Test_previous3_wickets": [], "international_Test_previous3_balls played": [], "international_Test_previous3_overs": [], "international_Test_previous3_runs gave": [], "international_Test_lifetime_runs": 0.0, "international_Test_lifetime_wickets": 0.0, "international_Test_lifetime_balls played": 0.0, "international_Test_lifetime_overs": 0.0, "international_Test_lifetime_runs gave": 0.0, "international_T20_previous3_runs": [], "international_T20_previous3_wickets": [], "international_T20_previous3_balls played": [], "international_T20_previous3_overs": [], "international_T20_previous3_runs gave": [], "international_T20_lifetime_runs": 0.0, "international_T20_lifetime_wickets": 0.0, "international_T20_lifetime_balls played": 0.0, "international_T20_lifetime_overs": 0.0, "international_T20_lifetime_runs gave": 0.0}