{"played_against": {"382377a4": {"runs": 3, "balls": 6, "wickets": 0}, "8d747335": {"runs": 0, "balls": 1, "wickets": 1}, "850e9e00": {"runs": 1, "balls": 2, "wickets": 1}, "2b0deff9": {"runs": 0, "balls": 4, "wickets": 1}, "5d90eb77": {"runs": 0, "balls": 3, "wickets": 1}, "8d0543ce": {"runs": 0, "balls": 2, "wickets": 0}, "59f44fde": {"runs": 2, "balls": 6, "wickets": 0}, "6ab99b17": {"runs": 0, "balls": 1, "wickets": 0}, "5bc290a2": {"runs": 1, "balls": 1, "wickets": 0}, "b5714cf9": {"runs": 1, "balls": 2, "wickets": 0}, "ec687c3a": {"runs": 1, "balls": 4, "wickets": 0}}, "fifties": 0, "thirties": 0, "centuries": 0, "maidens": 0.0, "hattricks": 1, "runs": 9.0, "wickets": 6.0, "club_ODI_previous3_runs": [], "club_ODI_previous3_wickets": [], "club_ODI_previous3_balls played": [], "club_ODI_previous3_overs": [], "club_ODI_previous3_runs gave": [], "club_ODI_lifetime_runs": 0.0, "club_ODI_lifetime_wickets": 0.0, "club_ODI_lifetime_balls played": 0.0, "club_ODI_lifetime_overs": 0.0, "club_ODI_lifetime_runs gave": 0.0, "club_Test_previous3_runs": [], "club_Test_previous3_wickets": [], "club_Test_previous3_balls played": [], "club_Test_previous3_overs": [], "club_Test_previous3_runs gave": [], "club_Test_lifetime_runs": 0.0, "club_Test_lifetime_wickets": 0.0, "club_Test_lifetime_balls played": 0.0, "club_Test_lifetime_overs": 0.0, "club_Test_lifetime_runs gave": 0.0, "club_T20_previous3_runs": [], "club_T20_previous3_wickets": [], "club_T20_previous3_balls played": [], "club_T20_previous3_overs": [], "club_T20_previous3_runs gave": [], "club_T20_lifetime_runs": 0.0, "club_T20_lifetime_wickets": 0.0, "club_T20_lifetime_balls played": 0.0, "club_T20_lifetime_overs": 0.0, "club_T20_lifetime_runs gave": 0.0, "international_ODI_previous3_runs": [], "international_ODI_previous3_wickets": [], "international_ODI_previous3_balls played": [], "international_ODI_previous3_overs": [], "international_ODI_previous3_runs gave": [], "international_ODI_lifetime_runs": 0.0, "international_ODI_lifetime_wickets": 0.0, "international_ODI_lifetime_balls played": 0.0, "international_ODI_lifetime_overs": 0.0, "international_ODI_lifetime_runs gave": 0.0, "international_Test_previous3_runs": [], "international_Test_previous3_wickets": [], "international_Test_previous3_balls played": [], "international_Test_previous3_overs": [], "international_Test_previous3_runs gave": [], "international_Test_lifetime_runs": 0.0, "international_Test_lifetime_wickets": 0.0, "international_Test_lifetime_balls played": 0.0, "international_Test_lifetime_overs": 0.0, "international_Test_lifetime_runs gave": 0.0, "international_T20_previous3_runs": [2.0, 0.0, 3.0], "international_T20_previous3_wickets": [1.0, 0.0, 0.0], "international_T20_previous3_balls played": [4.0, 1.0, 11.0], "international_T20_previous3_overs": [4.0, 0.0, 1.8333333333333335], "international_T20_previous3_runs gave": [26.0, 0.0, 10.0], "international_T20_lifetime_runs": 9.0, "international_T20_lifetime_wickets": 6.0, "international_T20_lifetime_balls played": 32.0, "international_T20_lifetime_overs": 25.333333333333332, "international_T20_lifetime_runs gave": 204.0}