{"played_against": {"7595b47f": {"runs": 6, "balls": 23, "wickets": 0}, "ff1ec94d": {"runs": 8, "balls": 7, "wickets": 0}, "782fb776": {"runs": 9, "balls": 11, "wickets": 0}, "abbdca1a": {"runs": 9, "balls": 13, "wickets": 0}, "fc4375ef": {"runs": 5, "balls": 6, "wickets": 0}, "803dbf1d": {"runs": 6, "balls": 6, "wickets": 0}, "2911de16": {"runs": 1, "balls": 2, "wickets": 0}, "9e9af5f2": {"runs": 4, "balls": 9, "wickets": 0}, "3086f7a4": {"runs": 7, "balls": 16, "wickets": 0}, "9de62878": {"runs": 14, "balls": 13, "wickets": 0}, "7ccbb09f": {"runs": 7, "balls": 5, "wickets": 0}, "9d1d34bd": {"runs": 3, "balls": 11, "wickets": 0}, "0a8fce53": {"runs": 1, "balls": 5, "wickets": 0}, "8919756f": {"runs": 4, "balls": 8, "wickets": 0}, "37654b75": {"runs": 4, "balls": 16, "wickets": 1}, "c58b0108": {"runs": 20, "balls": 15, "wickets": 0}, "37138918": {"runs": 1, "balls": 11, "wickets": 0}, "73ad96ed": {"runs": 0, "balls": 2, "wickets": 0}, "2e171977": {"runs": 4, "balls": 17, "wickets": 0}, "1abb78f8": {"runs": 23, "balls": 26, "wickets": 1}, "13c35c9e": {"runs": 4, "balls": 8, "wickets": 0}, "e4a0deae": {"runs": 7, "balls": 22, "wickets": 0}, "2f9d0389": {"runs": 5, "balls": 4, "wickets": 0}, "e38bce7a": {"runs": 7, "balls": 12, "wickets": 0}, "a818c1be": {"runs": 4, "balls": 6, "wickets": 0}, "9219eff0": {"runs": 4, "balls": 7, "wickets": 1}, "9cab5daf": {"runs": 1, "balls": 1, "wickets": 0}, "0f721006": {"runs": 7, "balls": 6, "wickets": 1}, "bbd41817": {"runs": 2, "balls": 3, "wickets": 0}, "f2665768": {"runs": 2, "balls": 4, "wickets": 0}, "9d430b40": {"runs": 1, "balls": 2, "wickets": 0}, "4d7f517e": {"runs": 0, "balls": 2, "wickets": 1}, "d2d15439": {"runs": 19, "balls": 38, "wickets": 0}, "f0e293b0": {"runs": 4, "balls": 8, "wickets": 1}, "d1988788": {"runs": 1, "balls": 5, "wickets": 0}, "94759472": {"runs": 14, "balls": 13, "wickets": 0}, "adbf0400": {"runs": 9, "balls": 9, "wickets": 0}, "b91f2a31": {"runs": 12, "balls": 16, "wickets": 1}, "72253b87": {"runs": 16, "balls": 25, "wickets": 0}, "dcdb87f2": {"runs": 6, "balls": 9, "wickets": 0}, "c5d7b244": {"runs": 5, "balls": 6, "wickets": 0}, "526e006d": {"runs": 2, "balls": 7, "wickets": 0}, "44d6a8b8": {"runs": 0, "balls": 2, "wickets": 0}, "64839cb3": {"runs": 27, "balls": 26, "wickets": 0}, "f24c6701": {"runs": 10, "balls": 19, "wickets": 1}, "58431ca0": {"runs": 26, "balls": 26, "wickets": 0}, "c05f9d20": {"runs": 8, "balls": 12, "wickets": 0}, "de7d833e": {"runs": 13, "balls": 13, "wickets": 0}, "3ff033bb": {"runs": 4, "balls": 3, "wickets": 1}, "fe93fd9d": {"runs": 10, "balls": 17, "wickets": 0}, "8d2c70ad": {"runs": 7, "balls": 12, "wickets": 0}, "81c08fa3": {"runs": 3, "balls": 3, "wickets": 0}, "dbe50b21": {"runs": 11, "balls": 9, "wickets": 0}, "2cffab74": {"runs": 1, "balls": 5, "wickets": 0}, "1e66c162": {"runs": 0, "balls": 2, "wickets": 1}, "75224f22": {"runs": 1, "balls": 1, "wickets": 0}, "acee4cc4": {"runs": 7, "balls": 24, "wickets": 0}, "97bdec3d": {"runs": 21, "balls": 27, "wickets": 0}, "23cca426": {"runs": 56, "balls": 20, "wickets": 0}, "c5aef772": {"runs": 42, "balls": 20, "wickets": 0}, "11614d87": {"runs": 13, "balls": 10, "wickets": 0}, "684a56df": {"runs": 19, "balls": 10, "wickets": 1}, "0ecb4de6": {"runs": 14, "balls": 29, "wickets": 0}, "50c6bc2b": {"runs": 70, "balls": 69, "wickets": 0}, "e94915e6": {"runs": 17, "balls": 19, "wickets": 1}, "cad40f5e": {"runs": 0, "balls": 1, "wickets": 0}, "70d57519": {"runs": 18, "balls": 13, "wickets": 0}, "894b2d25": {"runs": 5, "balls": 6, "wickets": 0}, "9caf69a1": {"runs": 9, "balls": 12, "wickets": 1}, "3b53243a": {"runs": 10, "balls": 32, "wickets": 0}, "b08e58e2": {"runs": 36, "balls": 28, "wickets": 1}, "1a2676c5": {"runs": 17, "balls": 35, "wickets": 1}, "eaa76d3c": {"runs": 15, "balls": 18, "wickets": 0}, "14f96089": {"runs": 24, "balls": 36, "wickets": 0}, "a90e53ec": {"runs": 9, "balls": 7, "wickets": 0}, "bc2d4f2e": {"runs": 12, "balls": 13, "wickets": 0}, "03806cf8": {"runs": 3, "balls": 5, "wickets": 0}, "d405c0d5": {"runs": 12, "balls": 7, "wickets": 0}, "e62dd25d": {"runs": 37, "balls": 75, "wickets": 0}, "0b60eb09": {"runs": 45, "balls": 77, "wickets": 1}, "c96f6ac5": {"runs": 19, "balls": 47, "wickets": 1}, "f834dcfc": {"runs": 16, "balls": 15, "wickets": 0}, "465aa633": {"runs": 17, "balls": 21, "wickets": 1}, "a03bba42": {"runs": 2, "balls": 5, "wickets": 0}, "acdc62f5": {"runs": 9, "balls": 6, "wickets": 0}, "34b332d3": {"runs": 33, "balls": 11, "wickets": 0}, "393f2ae3": {"runs": 15, "balls": 8, "wickets": 0}, "b52ffbbd": {"runs": 8, "balls": 7, "wickets": 0}, "6f4c73ce": {"runs": 10, "balls": 7, "wickets": 0}, "4175d211": {"runs": 5, "balls": 7, "wickets": 1}, "9cb8d7a6": {"runs": 14, "balls": 4, "wickets": 0}, "e174dadd": {"runs": 0, "balls": 1, "wickets": 0}, "b7b09ba5": {"runs": 6, "balls": 10, "wickets": 0}, "b0946605": {"runs": 2, "balls": 4, "wickets": 1}, "3feda4fa": {"runs": 4, "balls": 5, "wickets": 0}, "efc04be7": {"runs": 4, "balls": 5, "wickets": 0}, "83d17bbc": {"runs": 0, "balls": 1, "wickets": 1}, "529eb9e0": {"runs": 11, "balls": 7, "wickets": 1}, "c0c411cb": {"runs": 14, "balls": 12, "wickets": 1}, "bb351c23": {"runs": 2, "balls": 5, "wickets": 0}, "97290faf": {"runs": 10, "balls": 8, "wickets": 0}, "ee0c05c0": {"runs": 3, "balls": 4, "wickets": 1}, "19b9f399": {"runs": 2, "balls": 4, "wickets": 1}, "1bf2fd29": {"runs": 3, "balls": 5, "wickets": 0}, "92b7602a": {"runs": 5, "balls": 5, "wickets": 0}, "73c18486": {"runs": 6, "balls": 7, "wickets": 1}, "a61bcb94": {"runs": 1, "balls": 2, "wickets": 0}, "fcf6b0f6": {"runs": 8, "balls": 7, "wickets": 0}, "650d5e49": {"runs": 5, "balls": 2, "wickets": 0}, "a97c8ec2": {"runs": 6, "balls": 14, "wickets": 0}, "736123bb": {"runs": 9, "balls": 19, "wickets": 0}, "aceb7654": {"runs": 8, "balls": 12, "wickets": 0}, "732c038e": {"runs": 14, "balls": 18, "wickets": 1}, "de3d549a": {"runs": 6, "balls": 5, "wickets": 0}, "249d60c9": {"runs": 42, "balls": 64, "wickets": 1}, "cdd875d9": {"runs": 14, "balls": 15, "wickets": 0}, "5574750c": {"runs": 32, "balls": 29, "wickets": 0}, "0f6db197": {"runs": 4, "balls": 8, "wickets": 0}, "3c55c703": {"runs": 25, "balls": 16, "wickets": 0}, "59559bc2": {"runs": 6, "balls": 7, "wickets": 0}, "8db7f47f": {"runs": 28, "balls": 21, "wickets": 0}}, "fifties": 7, "thirties": 12, "centuries": 1, "maidens": 0.0, "hattricks": 0, "runs": 1328.0, "wickets": 0.0, "club_ODI_previous3_runs": [], "club_ODI_previous3_wickets": [], "club_ODI_previous3_balls played": [], "club_ODI_previous3_overs": [], "club_ODI_previous3_runs gave": [], "club_ODI_lifetime_runs": 0.0, "club_ODI_lifetime_wickets": 0.0, "club_ODI_lifetime_balls played": 0.0, "club_ODI_lifetime_overs": 0.0, "club_ODI_lifetime_runs gave": 0.0, "club_Test_previous3_runs": [], "club_Test_previous3_wickets": [], "club_Test_previous3_balls played": [], "club_Test_previous3_overs": [], "club_Test_previous3_runs gave": [], "club_Test_lifetime_runs": 0.0, "club_Test_lifetime_wickets": 0.0, "club_Test_lifetime_balls played": 0.0, "club_Test_lifetime_overs": 0.0, "club_Test_lifetime_runs gave": 0.0, "club_T20_previous3_runs": [32.0, 27.0, 0.0], "club_T20_previous3_wickets": [0.0, 0.0, 0.0], "club_T20_previous3_balls played": [34.0, 13.0, 0.0], "club_T20_previous3_overs": [0.0, 0.0, 0.0], "club_T20_previous3_runs gave": [0.0, 0.0, 0.0], "club_T20_lifetime_runs": 373.0, "club_T20_lifetime_wickets": 0.0, "club_T20_lifetime_balls played": 302.0, "club_T20_lifetime_overs": 0.0, "club_T20_lifetime_runs gave": 0.0, "international_ODI_previous3_runs": [19.0, 71.0, 128.0], "international_ODI_previous3_wickets": [0.0, 0.0, 0.0], "international_ODI_previous3_balls played": [20.0, 77.0, 114.0], "international_ODI_previous3_overs": [0.0, 0.0, 0.0], "international_ODI_previous3_runs gave": [0.0, 0.0, 0.0], "international_ODI_lifetime_runs": 839.0, "international_ODI_lifetime_wickets": 0.0, "international_ODI_lifetime_balls played": 1126.0, "international_ODI_lifetime_overs": 5.0, "international_ODI_lifetime_runs gave": 34.0, "international_Test_previous3_runs": [73.0, 43.0], "international_Test_previous3_wickets": [0.0, 0.0], "international_Test_previous3_balls played": [134.0, 82.0], "international_Test_previous3_overs": [0.0, 0.0], "international_Test_previous3_runs gave": [0.0, 0.0], "international_Test_lifetime_runs": 116.0, "international_Test_lifetime_wickets": 0.0, "international_Test_lifetime_balls played": 216.0, "international_Test_lifetime_overs": 0.0, "international_Test_lifetime_runs gave": 0.0, "international_T20_previous3_runs": [], "international_T20_previous3_wickets": [], "international_T20_previous3_balls played": [], "international_T20_previous3_overs": [], "international_T20_previous3_runs gave": [], "international_T20_lifetime_runs": 0.0, "international_T20_lifetime_wickets": 0.0, "international_T20_lifetime_balls played": 0.0, "international_T20_lifetime_overs": 0.0, "international_T20_lifetime_runs gave": 0.0}