{"played_against": {"d469639b": {"runs": 7, "balls": 12, "wickets": 0}, "c436c424": {"runs": 5, "balls": 2, "wickets": 0}, "a9af6fea": {"runs": 2, "balls": 2, "wickets": 0}, "4a90dda5": {"runs": 5, "balls": 3, "wickets": 0}, "7a787b98": {"runs": 19, "balls": 10, "wickets": 0}, "492c17f0": {"runs": 9, "balls": 9, "wickets": 0}, "08df0bd3": {"runs": 5, "balls": 10, "wickets": 1}, "4833efb4": {"runs": 8, "balls": 10, "wickets": 0}, "008a024c": {"runs": 26, "balls": 14, "wickets": 0}, "18ae55e4": {"runs": 3, "balls": 3, "wickets": 0}, "4393e047": {"runs": 5, "balls": 5, "wickets": 0}, "3b52d247": {"runs": 4, "balls": 10, "wickets": 0}, "2c535f08": {"runs": 4, "balls": 5, "wickets": 0}, "57022b64": {"runs": 6, "balls": 8, "wickets": 0}, "d816fc1c": {"runs": 11, "balls": 10, "wickets": 0}, "989bb130": {"runs": 16, "balls": 13, "wickets": 0}, "2dde3e62": {"runs": 1, "balls": 1, "wickets": 0}, "f15d17c7": {"runs": 2, "balls": 3, "wickets": 0}, "16ddd36b": {"runs": 10, "balls": 13, "wickets": 0}, "473f4718": {"runs": 9, "balls": 6, "wickets": 1}, "170f4647": {"runs": 8, "balls": 9, "wickets": 0}, "d8083abf": {"runs": 9, "balls": 7, "wickets": 0}, "ab918733": {"runs": 2, "balls": 3, "wickets": 0}, "0d0f0385": {"runs": 0, "balls": 3, "wickets": 0}, "ce9ce42f": {"runs": 12, "balls": 10, "wickets": 0}, "53419aff": {"runs": 5, "balls": 4, "wickets": 0}, "d0178c53": {"runs": 7, "balls": 3, "wickets": 0}, "f98c24ec": {"runs": 0, "balls": 2, "wickets": 0}, "6949f713": {"runs": 2, "balls": 4, "wickets": 0}, "1ce4f664": {"runs": 4, "balls": 10, "wickets": 0}, "5fe3709e": {"runs": 1, "balls": 4, "wickets": 0}, "ee3bfb9b": {"runs": 27, "balls": 15, "wickets": 0}, "44744467": {"runs": 4, "balls": 7, "wickets": 0}, "895ae8b6": {"runs": 15, "balls": 11, "wickets": 0}, "d6b4e3e2": {"runs": 10, "balls": 15, "wickets": 0}, "b0f9dac4": {"runs": 21, "balls": 12, "wickets": 0}, "c62a0327": {"runs": 7, "balls": 6, "wickets": 0}, "8088632c": {"runs": 11, "balls": 10, "wickets": 0}, "1f3b9f8d": {"runs": 24, "balls": 22, "wickets": 0}, "9ccb6e52": {"runs": 32, "balls": 18, "wickets": 0}, "f99a219a": {"runs": 4, "balls": 3, "wickets": 0}, "ba57fb08": {"runs": 31, "balls": 19, "wickets": 0}, "b68b1633": {"runs": 2, "balls": 2, "wickets": 0}, "847b4bdd": {"runs": 19, "balls": 14, "wickets": 1}, "780d1997": {"runs": 9, "balls": 9, "wickets": 0}, "34e36b65": {"runs": 1, "balls": 1, "wickets": 0}, "c06c25fd": {"runs": 6, "balls": 10, "wickets": 1}, "29ee9bf9": {"runs": 5, "balls": 5, "wickets": 0}, "9238dd92": {"runs": 3, "balls": 4, "wickets": 0}, "bbab35a3": {"runs": 5, "balls": 3, "wickets": 0}, "ceec82cd": {"runs": 9, "balls": 3, "wickets": 0}, "6577a6ad": {"runs": 3, "balls": 4, "wickets": 0}, "99bf1fb7": {"runs": 8, "balls": 5, "wickets": 0}, "68e7e8d5": {"runs": 3, "balls": 3, "wickets": 0}, "090f96e4": {"runs": 12, "balls": 11, "wickets": 1}, "b5aa28ce": {"runs": 19, "balls": 12, "wickets": 0}, "e73f6c4b": {"runs": 27, "balls": 23, "wickets": 0}, "d7e51f87": {"runs": 0, "balls": 4, "wickets": 1}, "06b387f1": {"runs": 13, "balls": 6, "wickets": 0}, "07e5bda2": {"runs": 8, "balls": 6, "wickets": 0}, "456884dd": {"runs": 12, "balls": 11, "wickets": 0}, "6535cc7b": {"runs": 11, "balls": 10, "wickets": 0}, "6f14ddcb": {"runs": 11, "balls": 3, "wickets": 0}, "88a5adcf": {"runs": 8, "balls": 6, "wickets": 0}, "26c9b5be": {"runs": 4, "balls": 4, "wickets": 0}, "b38a9f73": {"runs": 3, "balls": 5, "wickets": 0}, "65a60be7": {"runs": 2, "balls": 3, "wickets": 1}, "8a9320a1": {"runs": 5, "balls": 2, "wickets": 0}, "5b9b8d98": {"runs": 6, "balls": 4, "wickets": 0}, "75f3aa00": {"runs": 0, "balls": 2, "wickets": 0}, "01679383": {"runs": 6, "balls": 3, "wickets": 0}, "490f475a": {"runs": 8, "balls": 3, "wickets": 0}, "073126d6": {"runs": 5, "balls": 4, "wickets": 0}, "0848ac5f": {"runs": 9, "balls": 5, "wickets": 0}, "089ebf89": {"runs": 3, "balls": 4, "wickets": 0}, "3ac13a94": {"runs": 6, "balls": 8, "wickets": 1}, "d3eedb51": {"runs": 0, "balls": 1, "wickets": 0}}, "fifties": 5, "thirties": 5, "centuries": 0, "maidens": 1.0, "hattricks": 0, "runs": 644.0, "wickets": 15.0, "club_ODI_previous3_runs": [], "club_ODI_previous3_wickets": [], "club_ODI_previous3_balls played": [], "club_ODI_previous3_overs": [], "club_ODI_previous3_runs gave": [], "club_ODI_lifetime_runs": 0.0, "club_ODI_lifetime_wickets": 0.0, "club_ODI_lifetime_balls played": 0.0, "club_ODI_lifetime_overs": 0.0, "club_ODI_lifetime_runs gave": 0.0, "club_Test_previous3_runs": [], "club_Test_previous3_wickets": [], "club_Test_previous3_balls played": [], "club_Test_previous3_overs": [], "club_Test_previous3_runs gave": [], "club_Test_lifetime_runs": 0.0, "club_Test_lifetime_wickets": 0.0, "club_Test_lifetime_balls played": 0.0, "club_Test_lifetime_overs": 0.0, "club_Test_lifetime_runs gave": 0.0, "club_T20_previous3_runs": [], "club_T20_previous3_wickets": [], "club_T20_previous3_balls played": [], "club_T20_previous3_overs": [], "club_T20_previous3_runs gave": [], "club_T20_lifetime_runs": 0.0, "club_T20_lifetime_wickets": 0.0, "club_T20_lifetime_balls played": 0.0, "club_T20_lifetime_overs": 0.0, "club_T20_lifetime_runs gave": 0.0, "international_ODI_previous3_runs": [], "international_ODI_previous3_wickets": [], "international_ODI_previous3_balls played": [], "international_ODI_previous3_overs": [], "international_ODI_previous3_runs gave": [], "international_ODI_lifetime_runs": 0.0, "international_ODI_lifetime_wickets": 0.0, "international_ODI_lifetime_balls played": 0.0, "international_ODI_lifetime_overs": 0.0, "international_ODI_lifetime_runs gave": 0.0, "international_Test_previous3_runs": [], "international_Test_previous3_wickets": [], "international_Test_previous3_balls played": [], "international_Test_previous3_overs": [], "international_Test_previous3_runs gave": [], "international_Test_lifetime_runs": 0.0, "international_Test_lifetime_wickets": 0.0, "international_Test_lifetime_balls played": 0.0, "international_Test_lifetime_overs": 0.0, "international_Test_lifetime_runs gave": 0.0, "international_T20_previous3_runs": [17.0, 7.0, 13.0], "international_T20_previous3_wickets": [0.0, 0.0, 0.0], "international_T20_previous3_balls played": [17.0, 7.0, 19.0], "international_T20_previous3_overs": [0.0, 0.0, 0.0], "international_T20_previous3_runs gave": [0.0, 0.0, 0.0], "international_T20_lifetime_runs": 644.0, "international_T20_lifetime_wickets": 15.0, "international_T20_lifetime_balls played": 553.0, "international_T20_lifetime_overs": 52.0, "international_T20_lifetime_runs gave": 322.0}