{"played_against": {"9d430b40": {"runs": 1, "balls": 1, "wickets": 0}, "b2b50355": {"runs": 6, "balls": 7, "wickets": 1}, "33a364a6": {"runs": 1, "balls": 1, "wickets": 0}, "3d7e087f": {"runs": 7, "balls": 5, "wickets": 0}, "de4b0555": {"runs": 1, "balls": 2, "wickets": 0}, "557153ca": {"runs": 2, "balls": 4, "wickets": 1}, "76388dc8": {"runs": 3, "balls": 3, "wickets": 0}, "bd17b45f": {"runs": 7, "balls": 3, "wickets": 0}, "f5180fe6": {"runs": 16, "balls": 8, "wickets": 0}, "8b5b6769": {"runs": 9, "balls": 7, "wickets": 0}, "a12e1d51": {"runs": 7, "balls": 8, "wickets": 0}, "6c6591ab": {"runs": 11, "balls": 9, "wickets": 0}, "a757b0d8": {"runs": 6, "balls": 6, "wickets": 0}, "d2340a43": {"runs": 7, "balls": 7, "wickets": 0}, "5bb1a1c4": {"runs": 3, "balls": 4, "wickets": 0}, "6b19d823": {"runs": 5, "balls": 11, "wickets": 1}, "41eb4a4f": {"runs": 1, "balls": 3, "wickets": 0}, "16043342": {"runs": 11, "balls": 6, "wickets": 0}, "1e66c162": {"runs": 2, "balls": 3, "wickets": 1}, "c64c2443": {"runs": 3, "balls": 4, "wickets": 0}, "759ac88f": {"runs": 2, "balls": 3, "wickets": 0}, "fd835ab3": {"runs": 6, "balls": 8, "wickets": 0}, "98ae73b1": {"runs": 12, "balls": 16, "wickets": 0}, "dc4686e6": {"runs": 4, "balls": 6, "wickets": 0}, "2a72fd4f": {"runs": 1, "balls": 2, "wickets": 1}, "b40d4f63": {"runs": 1, "balls": 1, "wickets": 0}, "c18496e1": {"runs": 5, "balls": 5, "wickets": 0}, "0d64d81c": {"runs": 2, "balls": 4, "wickets": 0}, "1d44cade": {"runs": 6, "balls": 5, "wickets": 0}, "bcaf7d33": {"runs": 2, "balls": 5, "wickets": 0}, "e1e7f950": {"runs": 13, "balls": 6, "wickets": 0}, "ec9fc54b": {"runs": 4, "balls": 7, "wickets": 0}, "1ea4fbd5": {"runs": 6, "balls": 3, "wickets": 0}, "fe5f2e48": {"runs": 6, "balls": 8, "wickets": 0}, "7b5b6311": {"runs": 1, "balls": 2, "wickets": 0}, "c2ce55cb": {"runs": 1, "balls": 2, "wickets": 0}, "2f49c897": {"runs": 2, "balls": 2, "wickets": 0}, "bc67cc22": {"runs": 1, "balls": 2, "wickets": 0}, "2c3afa34": {"runs": 4, "balls": 6, "wickets": 0}, "7793e24b": {"runs": 19, "balls": 6, "wickets": 0}, "626c5379": {"runs": 2, "balls": 6, "wickets": 1}, "398be4ed": {"runs": 11, "balls": 5, "wickets": 0}, "1a0c3177": {"runs": 6, "balls": 5, "wickets": 0}, "f62772e5": {"runs": 16, "balls": 9, "wickets": 0}, "bfcff6cd": {"runs": 7, "balls": 3, "wickets": 0}, "21d4e29b": {"runs": 9, "balls": 4, "wickets": 0}, "bee290b6": {"runs": 0, "balls": 1, "wickets": 1}, "e938e1bc": {"runs": 16, "balls": 9, "wickets": 0}, "db31895a": {"runs": 7, "balls": 6, "wickets": 1}, "40792cff": {"runs": 9, "balls": 5, "wickets": 0}, "8d2c70ad": {"runs": 15, "balls": 10, "wickets": 0}, "8b018008": {"runs": 7, "balls": 6, "wickets": 0}, "8a98675d": {"runs": 20, "balls": 8, "wickets": 0}, "9d80c5e1": {"runs": 5, "balls": 7, "wickets": 0}, "fe608a7e": {"runs": 1, "balls": 2, "wickets": 1}, "870e4cec": {"runs": 1, "balls": 5, "wickets": 1}}, "fifties": 1, "thirties": 4, "centuries": 0, "maidens": 0.0, "hattricks": 0, "runs": 339.0, "wickets": 0.0, "club_ODI_previous3_runs": [], "club_ODI_previous3_wickets": [], "club_ODI_previous3_balls played": [], "club_ODI_previous3_overs": [], "club_ODI_previous3_runs gave": [], "club_ODI_lifetime_runs": 0.0, "club_ODI_lifetime_wickets": 0.0, "club_ODI_lifetime_balls played": 0.0, "club_ODI_lifetime_overs": 0.0, "club_ODI_lifetime_runs gave": 0.0, "club_Test_previous3_runs": [], "club_Test_previous3_wickets": [], "club_Test_previous3_balls played": [], "club_Test_previous3_overs": [], "club_Test_previous3_runs gave": [], "club_Test_lifetime_runs": 0.0, "club_Test_lifetime_wickets": 0.0, "club_Test_lifetime_balls played": 0.0, "club_Test_lifetime_overs": 0.0, "club_Test_lifetime_runs gave": 0.0, "club_T20_previous3_runs": [33.0, 0.0, 3.0], "club_T20_previous3_wickets": [0.0, 0.0, 0.0], "club_T20_previous3_balls played": [24.0, 0.0, 7.0], "club_T20_previous3_overs": [0.0, 0.0, 0.0], "club_T20_previous3_runs gave": [0.0, 0.0, 0.0], "club_T20_lifetime_runs": 339.0, "club_T20_lifetime_wickets": 0.0, "club_T20_lifetime_balls played": 296.0, "club_T20_lifetime_overs": 0.0, "club_T20_lifetime_runs gave": 0.0, "international_ODI_previous3_runs": [], "international_ODI_previous3_wickets": [], "international_ODI_previous3_balls played": [], "international_ODI_previous3_overs": [], "international_ODI_previous3_runs gave": [], "international_ODI_lifetime_runs": 0.0, "international_ODI_lifetime_wickets": 0.0, "international_ODI_lifetime_balls played": 0.0, "international_ODI_lifetime_overs": 0.0, "international_ODI_lifetime_runs gave": 0.0, "international_Test_previous3_runs": [], "international_Test_previous3_wickets": [], "international_Test_previous3_balls played": [], "international_Test_previous3_overs": [], "international_Test_previous3_runs gave": [], "international_Test_lifetime_runs": 0.0, "international_Test_lifetime_wickets": 0.0, "international_Test_lifetime_balls played": 0.0, "international_Test_lifetime_overs": 0.0, "international_Test_lifetime_runs gave": 0.0, "international_T20_previous3_runs": [], "international_T20_previous3_wickets": [], "international_T20_previous3_balls played": [], "international_T20_previous3_overs": [], "international_T20_previous3_runs gave": [], "international_T20_lifetime_runs": 0.0, "international_T20_lifetime_wickets": 0.0, "international_T20_lifetime_balls played": 0.0, "international_T20_lifetime_overs": 0.0, "international_T20_lifetime_runs gave": 0.0}