{"played_against": {"6a434bd3": {"runs": 9, "balls": 12, "wickets": 1}, "99812d10": {"runs": 9, "balls": 7, "wickets": 2}, "3032933c": {"runs": 4, "balls": 7, "wickets": 0}, "9b3bcca4": {"runs": 26, "balls": 25, "wickets": 0}, "ca5acfa4": {"runs": 24, "balls": 27, "wickets": 2}, "17608a6f": {"runs": 22, "balls": 31, "wickets": 1}, "63e3b6b3": {"runs": 35, "balls": 33, "wickets": 2}, "0475a86b": {"runs": 13, "balls": 18, "wickets": 4}, "852820e3": {"runs": 7, "balls": 7, "wickets": 0}, "72b7ed1e": {"runs": 15, "balls": 14, "wickets": 1}, "110839f2": {"runs": 2, "balls": 2, "wickets": 0}, "df04fc4f": {"runs": 17, "balls": 21, "wickets": 2}, "28aba384": {"runs": 1, "balls": 2, "wickets": 0}, "6bb7a785": {"runs": 1, "balls": 1, "wickets": 0}, "5be043df": {"runs": 27, "balls": 26, "wickets": 1}, "9c515112": {"runs": 15, "balls": 9, "wickets": 0}, "d32cf49a": {"runs": 1, "balls": 2, "wickets": 0}, "507acf2e": {"runs": 20, "balls": 12, "wickets": 1}, "ac56b5a7": {"runs": 6, "balls": 7, "wickets": 0}, "78bec461": {"runs": 27, "balls": 36, "wickets": 1}, "b8cce99f": {"runs": 15, "balls": 7, "wickets": 1}, "f57d5dbb": {"runs": 35, "balls": 36, "wickets": 2}, "8c5775f3": {"runs": 30, "balls": 29, "wickets": 0}, "be150fc8": {"runs": 38, "balls": 36, "wickets": 1}, "bc969efb": {"runs": 32, "balls": 40, "wickets": 0}, "0b69a844": {"runs": 45, "balls": 28, "wickets": 0}, "60471339": {"runs": 20, "balls": 27, "wickets": 0}, "99e23670": {"runs": 25, "balls": 24, "wickets": 1}, "d693012d": {"runs": 31, "balls": 24, "wickets": 1}, "53bee17f": {"runs": 5, "balls": 2, "wickets": 0}, "72166006": {"runs": 6, "balls": 11, "wickets": 1}, "47bcaf7a": {"runs": 26, "balls": 12, "wickets": 2}, "dd883071": {"runs": 18, "balls": 16, "wickets": 2}, "2708b41c": {"runs": 0, "balls": 1, "wickets": 0}, "ef70a34b": {"runs": 13, "balls": 12, "wickets": 2}, "f0b4e47d": {"runs": 27, "balls": 32, "wickets": 0}, "275dff85": {"runs": 11, "balls": 13, "wickets": 2}, "d7b754d4": {"runs": 12, "balls": 20, "wickets": 2}, "6d76bc23": {"runs": 3, "balls": 3, "wickets": 0}, "a5f488bc": {"runs": 20, "balls": 20, "wickets": 2}, "ea8b65ab": {"runs": 5, "balls": 4, "wickets": 0}, "53d50717": {"runs": 12, "balls": 7, "wickets": 0}, "2ec8a400": {"runs": 24, "balls": 10, "wickets": 0}, "caaf2219": {"runs": 25, "balls": 15, "wickets": 0}, "4ba0289e": {"runs": 9, "balls": 11, "wickets": 1}, "a0bc8dc1": {"runs": 15, "balls": 14, "wickets": 0}, "923402d8": {"runs": 8, "balls": 21, "wickets": 2}, "1ade138e": {"runs": 4, "balls": 1, "wickets": 0}, "2bfc7199": {"runs": 4, "balls": 3, "wickets": 0}, "a594a6e0": {"runs": 8, "balls": 17, "wickets": 1}, "65d9b6b6": {"runs": 32, "balls": 28, "wickets": 0}, "83558266": {"runs": 14, "balls": 18, "wickets": 4}, "af8c3a85": {"runs": 54, "balls": 38, "wickets": 2}, "287ed3a0": {"runs": 3, "balls": 8, "wickets": 0}, "c218e4e7": {"runs": 5, "balls": 6, "wickets": 0}, "fe731c62": {"runs": 1, "balls": 3, "wickets": 1}, "dff806f4": {"runs": 0, "balls": 1, "wickets": 0}, "f3a18a0c": {"runs": 21, "balls": 21, "wickets": 0}, "de69af96": {"runs": 27, "balls": 25, "wickets": 1}, "89bbc67a": {"runs": 1, "balls": 2, "wickets": 0}, "d71e33bb": {"runs": 19, "balls": 14, "wickets": 0}, "a139c379": {"runs": 6, "balls": 4, "wickets": 0}, "2e81be88": {"runs": 10, "balls": 14, "wickets": 1}, "36453b99": {"runs": 6, "balls": 5, "wickets": 0}, "d5eb8b84": {"runs": 1, "balls": 7, "wickets": 0}, "c6b09326": {"runs": 6, "balls": 8, "wickets": 1}, "0816fb1e": {"runs": 21, "balls": 18, "wickets": 1}, "108c4c09": {"runs": 0, "balls": 1, "wickets": 1}, "c3d27d76": {"runs": 12, "balls": 10, "wickets": 1}, "c4fd751d": {"runs": 6, "balls": 5, "wickets": 0}, "b34e0c77": {"runs": 2, "balls": 4, "wickets": 0}, "50b558d2": {"runs": 9, "balls": 13, "wickets": 1}, "53cd8da6": {"runs": 15, "balls": 12, "wickets": 0}, "be50addf": {"runs": 12, "balls": 8, "wickets": 0}, "5471b94a": {"runs": 5, "balls": 5, "wickets": 0}, "340202b0": {"runs": 6, "balls": 5, "wickets": 0}, "dcf0e8f4": {"runs": 0, "balls": 2, "wickets": 0}, "c2ac0db5": {"runs": 3, "balls": 3, "wickets": 0}, "e5b17517": {"runs": 1, "balls": 2, "wickets": 0}, "6c3aef71": {"runs": 2, "balls": 3, "wickets": 0}, "c35a0b8a": {"runs": 15, "balls": 8, "wickets": 0}, "1f4a8a2a": {"runs": 7, "balls": 3, "wickets": 0}, "cdb82f1c": {"runs": 17, "balls": 10, "wickets": 0}, "7673c908": {"runs": 3, "balls": 4, "wickets": 0}, "910dd54e": {"runs": 3, "balls": 7, "wickets": 1}, "f7e41cd8": {"runs": 10, "balls": 9, "wickets": 0}, "5f377534": {"runs": 8, "balls": 6, "wickets": 0}, "4b69c598": {"runs": 10, "balls": 10, "wickets": 1}, "795ff893": {"runs": 1, "balls": 1, "wickets": 0}, "d7ff1adc": {"runs": 6, "balls": 6, "wickets": 0}, "4d4605e6": {"runs": 16, "balls": 10, "wickets": 1}, "5463cb7a": {"runs": 1, "balls": 2, "wickets": 0}, "0ded1af1": {"runs": 6, "balls": 3, "wickets": 0}, "ea544967": {"runs": 10, "balls": 4, "wickets": 0}, "cd2ad878": {"runs": 4, "balls": 6, "wickets": 0}, "27fa592f": {"runs": 1, "balls": 1, "wickets": 0}, "201fef33": {"runs": 11, "balls": 6, "wickets": 0}}, "fifties": 2, "thirties": 10, "centuries": 0, "maidens": 0.0, "hattricks": 0, "runs": 1236.0, "wickets": 0.0, "club_ODI_previous3_runs": [], "club_ODI_previous3_wickets": [], "club_ODI_previous3_balls played": [], "club_ODI_previous3_overs": [], "club_ODI_previous3_runs gave": [], "club_ODI_lifetime_runs": 0.0, "club_ODI_lifetime_wickets": 0.0, "club_ODI_lifetime_balls played": 0.0, "club_ODI_lifetime_overs": 0.0, "club_ODI_lifetime_runs gave": 0.0, "club_Test_previous3_runs": [], "club_Test_previous3_wickets": [], "club_Test_previous3_balls played": [], "club_Test_previous3_overs": [], "club_Test_previous3_runs gave": [], "club_Test_lifetime_runs": 0.0, "club_Test_lifetime_wickets": 0.0, "club_Test_lifetime_balls played": 0.0, "club_Test_lifetime_overs": 0.0, "club_Test_lifetime_runs gave": 0.0, "club_T20_previous3_runs": [9.0, 26.0, 0.0], "club_T20_previous3_wickets": [0.0, 0.0, 0.0], "club_T20_previous3_balls played": [15.0, 17.0, 0.0], "club_T20_previous3_overs": [0.0, 0.0, 0.0], "club_T20_previous3_runs gave": [0.0, 0.0, 0.0], "club_T20_lifetime_runs": 1236.0, "club_T20_lifetime_wickets": 0.0, "club_T20_lifetime_balls played": 1197.0, "club_T20_lifetime_overs": 1.0, "club_T20_lifetime_runs gave": 14.0, "international_ODI_previous3_runs": [], "international_ODI_previous3_wickets": [], "international_ODI_previous3_balls played": [], "international_ODI_previous3_overs": [], "international_ODI_previous3_runs gave": [], "international_ODI_lifetime_runs": 0.0, "international_ODI_lifetime_wickets": 0.0, "international_ODI_lifetime_balls played": 0.0, "international_ODI_lifetime_overs": 0.0, "international_ODI_lifetime_runs gave": 0.0, "international_Test_previous3_runs": [], "international_Test_previous3_wickets": [], "international_Test_previous3_balls played": [], "international_Test_previous3_overs": [], "international_Test_previous3_runs gave": [], "international_Test_lifetime_runs": 0.0, "international_Test_lifetime_wickets": 0.0, "international_Test_lifetime_balls played": 0.0, "international_Test_lifetime_overs": 0.0, "international_Test_lifetime_runs gave": 0.0, "international_T20_previous3_runs": [], "international_T20_previous3_wickets": [], "international_T20_previous3_balls played": [], "international_T20_previous3_overs": [], "international_T20_previous3_runs gave": [], "international_T20_lifetime_runs": 0.0, "international_T20_lifetime_wickets": 0.0, "international_T20_lifetime_balls played": 0.0, "international_T20_lifetime_overs": 0.0, "international_T20_lifetime_runs gave": 0.0}