{"played_against": {"e45810ed": {"runs": 1, "balls": 1, "wickets": 0}, "baa7dd37": {"runs": 13, "balls": 11, "wickets": 0}, "3daaabaa": {"runs": 9, "balls": 7, "wickets": 1}, "b1b99a1a": {"runs": 7, "balls": 6, "wickets": 1}, "f96933f0": {"runs": 1, "balls": 4, "wickets": 0}, "89b7e368": {"runs": 3, "balls": 2, "wickets": 0}, "b857468a": {"runs": 18, "balls": 12, "wickets": 0}, "1afd4f89": {"runs": 33, "balls": 18, "wickets": 0}, "d85d52c2": {"runs": 43, "balls": 26, "wickets": 0}, "02b078b1": {"runs": 19, "balls": 16, "wickets": 0}, "f8bd71c9": {"runs": 7, "balls": 6, "wickets": 1}, "fb34b0ec": {"runs": 34, "balls": 16, "wickets": 0}, "a9a09cb8": {"runs": 27, "balls": 11, "wickets": 0}, "89e17934": {"runs": 7, "balls": 7, "wickets": 0}, "d3016d75": {"runs": 15, "balls": 7, "wickets": 1}, "0fc88c2a": {"runs": 9, "balls": 6, "wickets": 0}, "cfcf189f": {"runs": 7, "balls": 7, "wickets": 1}, "6a63c29c": {"runs": 19, "balls": 14, "wickets": 0}, "2dfe0612": {"runs": 17, "balls": 26, "wickets": 0}, "37d8d19a": {"runs": 12, "balls": 17, "wickets": 3}, "249fe400": {"runs": 10, "balls": 6, "wickets": 0}, "5c93efb1": {"runs": 4, "balls": 11, "wickets": 1}, "5332fc2f": {"runs": 7, "balls": 9, "wickets": 1}, "d7074ddc": {"runs": 11, "balls": 6, "wickets": 0}, "90a41671": {"runs": 5, "balls": 4, "wickets": 0}, "f62fa324": {"runs": 1, "balls": 3, "wickets": 0}, "704e0160": {"runs": 15, "balls": 11, "wickets": 0}, "753ada66": {"runs": 24, "balls": 10, "wickets": 0}, "faef026c": {"runs": 14, "balls": 7, "wickets": 1}, "98dae38e": {"runs": 7, "balls": 9, "wickets": 0}, "e5464794": {"runs": 2, "balls": 3, "wickets": 0}, "87609cbb": {"runs": 14, "balls": 12, "wickets": 1}, "9244df4b": {"runs": 10, "balls": 5, "wickets": 0}, "4e3fd330": {"runs": 3, "balls": 4, "wickets": 1}, "50dbc953": {"runs": 1, "balls": 1, "wickets": 0}, "a40710b9": {"runs": 16, "balls": 6, "wickets": 0}, "de6ad58b": {"runs": 5, "balls": 6, "wickets": 0}, "91e035c6": {"runs": 7, "balls": 4, "wickets": 1}, "609d6c7c": {"runs": 9, "balls": 5, "wickets": 0}, "c573d173": {"runs": 3, "balls": 3, "wickets": 0}, "dfcdb11e": {"runs": 20, "balls": 13, "wickets": 0}, "0ac067e8": {"runs": 4, "balls": 4, "wickets": 0}, "7f74b21d": {"runs": 6, "balls": 4, "wickets": 1}, "aeab0d4f": {"runs": 18, "balls": 12, "wickets": 0}, "352e589f": {"runs": 12, "balls": 8, "wickets": 0}, "9f998ed8": {"runs": 2, "balls": 2, "wickets": 0}, "0b581ed6": {"runs": 6, "balls": 7, "wickets": 1}, "9e0bd203": {"runs": 1, "balls": 1, "wickets": 0}, "d8976cb7": {"runs": 8, "balls": 3, "wickets": 0}, "fc55ec67": {"runs": 5, "balls": 9, "wickets": 0}, "9061a703": {"runs": 7, "balls": 6, "wickets": 1}, "3766056b": {"runs": 4, "balls": 5, "wickets": 0}, "1a448be0": {"runs": 10, "balls": 8, "wickets": 0}, "478a63e7": {"runs": 7, "balls": 4, "wickets": 0}, "b0f2d3bd": {"runs": 5, "balls": 6, "wickets": 1}, "ef141f36": {"runs": 1, "balls": 2, "wickets": 0}, "f43dd8c2": {"runs": 1, "balls": 2, "wickets": 0}, "2ecd844a": {"runs": 5, "balls": 3, "wickets": 0}, "28131839": {"runs": 1, "balls": 4, "wickets": 1}}, "fifties": 2, "thirties": 8, "centuries": 0, "maidens": 0.0, "hattricks": 0, "runs": 592.0, "wickets": 0.0, "club_ODI_previous3_runs": [], "club_ODI_previous3_wickets": [], "club_ODI_previous3_balls played": [], "club_ODI_previous3_overs": [], "club_ODI_previous3_runs gave": [], "club_ODI_lifetime_runs": 0.0, "club_ODI_lifetime_wickets": 0.0, "club_ODI_lifetime_balls played": 0.0, "club_ODI_lifetime_overs": 0.0, "club_ODI_lifetime_runs gave": 0.0, "club_Test_previous3_runs": [], "club_Test_previous3_wickets": [], "club_Test_previous3_balls played": [], "club_Test_previous3_overs": [], "club_Test_previous3_runs gave": [], "club_Test_lifetime_runs": 0.0, "club_Test_lifetime_wickets": 0.0, "club_Test_lifetime_balls played": 0.0, "club_Test_lifetime_overs": 0.0, "club_Test_lifetime_runs gave": 0.0, "club_T20_previous3_runs": [], "club_T20_previous3_wickets": [], "club_T20_previous3_balls played": [], "club_T20_previous3_overs": [], "club_T20_previous3_runs gave": [], "club_T20_lifetime_runs": 0.0, "club_T20_lifetime_wickets": 0.0, "club_T20_lifetime_balls played": 0.0, "club_T20_lifetime_overs": 0.0, "club_T20_lifetime_runs gave": 0.0, "international_ODI_previous3_runs": [], "international_ODI_previous3_wickets": [], "international_ODI_previous3_balls played": [], "international_ODI_previous3_overs": [], "international_ODI_previous3_runs gave": [], "international_ODI_lifetime_runs": 0.0, "international_ODI_lifetime_wickets": 0.0, "international_ODI_lifetime_balls played": 0.0, "international_ODI_lifetime_overs": 0.0, "international_ODI_lifetime_runs gave": 0.0, "international_Test_previous3_runs": [], "international_Test_previous3_wickets": [], "international_Test_previous3_balls played": [], "international_Test_previous3_overs": [], "international_Test_previous3_runs gave": [], "international_Test_lifetime_runs": 0.0, "international_Test_lifetime_wickets": 0.0, "international_Test_lifetime_balls played": 0.0, "international_Test_lifetime_overs": 0.0, "international_Test_lifetime_runs gave": 0.0, "international_T20_previous3_runs": [33.0, 6.0, 7.0], "international_T20_previous3_wickets": [0.0, 0.0, 0.0], "international_T20_previous3_balls played": [32.0, 8.0, 10.0], "international_T20_previous3_overs": [0.0, 0.0, 0.0], "international_T20_previous3_runs gave": [0.0, 0.0, 0.0], "international_T20_lifetime_runs": 592.0, "international_T20_lifetime_wickets": 0.0, "international_T20_lifetime_balls played": 455.0, "international_T20_lifetime_overs": 2.8333333333333335, "international_T20_lifetime_runs gave": 22.0}