{"played_against": {"8caf9750": {"runs": 9, "balls": 8, "wickets": 0}, "58dc96cc": {"runs": 4, "balls": 7, "wickets": 0}, "dc596fac": {"runs": 14, "balls": 10, "wickets": 0}, "98dfe425": {"runs": 16, "balls": 10, "wickets": 0}, "3cfbddce": {"runs": 14, "balls": 12, "wickets": 2}, "bf8c8572": {"runs": 21, "balls": 17, "wickets": 1}, "ed840f44": {"runs": 17, "balls": 14, "wickets": 1}, "d4f0c300": {"runs": 7, "balls": 9, "wickets": 0}, "2ea9b32c": {"runs": 16, "balls": 22, "wickets": 1}, "b287e7b1": {"runs": 29, "balls": 43, "wickets": 0}, "ffae3d12": {"runs": 11, "balls": 12, "wickets": 0}, "5eaff430": {"runs": 11, "balls": 6, "wickets": 0}, "9dbc6f42": {"runs": 9, "balls": 8, "wickets": 0}, "af9f39c8": {"runs": 12, "balls": 9, "wickets": 0}, "88ea829f": {"runs": 12, "balls": 5, "wickets": 0}, "ce057756": {"runs": 14, "balls": 12, "wickets": 0}, "2967df25": {"runs": 12, "balls": 7, "wickets": 0}, "1b61a9fa": {"runs": 6, "balls": 6, "wickets": 1}, "e5be2427": {"runs": 1, "balls": 3, "wickets": 0}, "16443d2f": {"runs": 13, "balls": 17, "wickets": 0}, "108c4c09": {"runs": 7, "balls": 10, "wickets": 1}, "4d4605e6": {"runs": 13, "balls": 15, "wickets": 0}, "63e3b6b3": {"runs": 2, "balls": 5, "wickets": 1}, "e2410b5e": {"runs": 15, "balls": 22, "wickets": 0}, "8d6b36e3": {"runs": 1, "balls": 2, "wickets": 0}, "b8cce99f": {"runs": 12, "balls": 3, "wickets": 0}, "7391f160": {"runs": 4, "balls": 9, "wickets": 1}, "a6aac76b": {"runs": 2, "balls": 2, "wickets": 0}, "06653fcc": {"runs": 3, "balls": 4, "wickets": 0}, "037f2b86": {"runs": 10, "balls": 19, "wickets": 1}, "0475a86b": {"runs": 2, "balls": 4, "wickets": 1}, "be150fc8": {"runs": 5, "balls": 14, "wickets": 1}, "4ed7d23f": {"runs": 3, "balls": 7, "wickets": 1}, "17608a6f": {"runs": 22, "balls": 16, "wickets": 2}, "6d48df01": {"runs": 5, "balls": 7, "wickets": 0}, "53c738ac": {"runs": 12, "balls": 11, "wickets": 0}, "b4f38f95": {"runs": 1, "balls": 2, "wickets": 0}, "4eebb3e5": {"runs": 6, "balls": 4, "wickets": 1}, "1806d310": {"runs": 9, "balls": 4, "wickets": 0}, "a4f1fdd4": {"runs": 6, "balls": 9, "wickets": 0}, "09a58e2d": {"runs": 2, "balls": 5, "wickets": 0}, "2beae660": {"runs": 16, "balls": 12, "wickets": 0}, "da61a9af": {"runs": 7, "balls": 4, "wickets": 0}, "99c86133": {"runs": 6, "balls": 5, "wickets": 1}, "35230fa3": {"runs": 9, "balls": 10, "wickets": 0}, "00823a96": {"runs": 23, "balls": 12, "wickets": 1}, "2dc78362": {"runs": 6, "balls": 9, "wickets": 0}, "752183c1": {"runs": 42, "balls": 40, "wickets": 1}, "a92763ea": {"runs": 24, "balls": 14, "wickets": 1}, "60471339": {"runs": 8, "balls": 14, "wickets": 1}, "9b73d523": {"runs": 11, "balls": 13, "wickets": 1}, "180240d4": {"runs": 0, "balls": 1, "wickets": 1}, "a0fdf513": {"runs": 1, "balls": 3, "wickets": 0}, "b55fb828": {"runs": 0, "balls": 2, "wickets": 1}, "8c5775f3": {"runs": 6, "balls": 5, "wickets": 0}, "7544bf30": {"runs": 15, "balls": 6, "wickets": 0}, "6d76bc23": {"runs": 9, "balls": 8, "wickets": 1}, "275dff85": {"runs": 7, "balls": 9, "wickets": 0}, "0d518f89": {"runs": 16, "balls": 18, "wickets": 0}, "005f0561": {"runs": 8, "balls": 12, "wickets": 2}, "ad3940a5": {"runs": 9, "balls": 4, "wickets": 0}, "66078174": {"runs": 12, "balls": 9, "wickets": 0}, "558cdd64": {"runs": 4, "balls": 3, "wickets": 1}, "f281dd00": {"runs": 3, "balls": 6, "wickets": 0}, "36dfa62e": {"runs": 8, "balls": 4, "wickets": 1}, "b5341b28": {"runs": 4, "balls": 1, "wickets": 0}, "5f862ccd": {"runs": 17, "balls": 15, "wickets": 0}, "a61850e6": {"runs": 13, "balls": 19, "wickets": 0}, "8b552293": {"runs": 6, "balls": 2, "wickets": 0}, "d0bb40b8": {"runs": 6, "balls": 10, "wickets": 1}, "4b15618c": {"runs": 8, "balls": 7, "wickets": 0}, "e1aa1469": {"runs": 2, "balls": 3, "wickets": 0}, "f6ddfe08": {"runs": 2, "balls": 5, "wickets": 1}, "bec997fc": {"runs": 7, "balls": 9, "wickets": 0}, "c736a96b": {"runs": 14, "balls": 13, "wickets": 0}, "8b6c33d0": {"runs": 12, "balls": 5, "wickets": 0}, "58acb320": {"runs": 18, "balls": 11, "wickets": 0}, "9c4b58db": {"runs": 5, "balls": 9, "wickets": 1}, "f13d3eba": {"runs": 15, "balls": 13, "wickets": 1}, "8e7be59c": {"runs": 9, "balls": 8, "wickets": 0}, "bba7558e": {"runs": 13, "balls": 9, "wickets": 0}, "7027d12f": {"runs": 1, "balls": 1, "wickets": 0}, "f61e2829": {"runs": 4, "balls": 4, "wickets": 0}, "25c73eb6": {"runs": 1, "balls": 1, "wickets": 0}, "2085c2f4": {"runs": 2, "balls": 2, "wickets": 0}, "01c1b96c": {"runs": 12, "balls": 9, "wickets": 0}, "fc2150f4": {"runs": 6, "balls": 4, "wickets": 0}, "91d9aa26": {"runs": 7, "balls": 4, "wickets": 0}, "017cadb2": {"runs": 0, "balls": 2, "wickets": 1}, "cebc1351": {"runs": 0, "balls": 2, "wickets": 1}, "99e23670": {"runs": 6, "balls": 4, "wickets": 0}, "d693012d": {"runs": 1, "balls": 2, "wickets": 0}, "f0b4e47d": {"runs": 2, "balls": 2, "wickets": 0}, "c981d3c2": {"runs": 4, "balls": 4, "wickets": 1}, "47fb8d80": {"runs": 5, "balls": 4, "wickets": 0}, "6c3aef71": {"runs": 10, "balls": 8, "wickets": 0}, "201fef33": {"runs": 2, "balls": 4, "wickets": 0}, "7673c908": {"runs": 2, "balls": 6, "wickets": 0}}, "fifties": 1, "thirties": 10, "centuries": 0, "maidens": 0.0, "hattricks": 0, "runs": 856.0, "wickets": 0.0, "club_ODI_previous3_runs": [], "club_ODI_previous3_wickets": [], "club_ODI_previous3_balls played": [], "club_ODI_previous3_overs": [], "club_ODI_previous3_runs gave": [], "club_ODI_lifetime_runs": 0.0, "club_ODI_lifetime_wickets": 0.0, "club_ODI_lifetime_balls played": 0.0, "club_ODI_lifetime_overs": 0.0, "club_ODI_lifetime_runs gave": 0.0, "club_Test_previous3_runs": [], "club_Test_previous3_wickets": [], "club_Test_previous3_balls played": [], "club_Test_previous3_overs": [], "club_Test_previous3_runs gave": [], "club_Test_lifetime_runs": 0.0, "club_Test_lifetime_wickets": 0.0, "club_Test_lifetime_balls played": 0.0, "club_Test_lifetime_overs": 0.0, "club_Test_lifetime_runs gave": 0.0, "club_T20_previous3_runs": [], "club_T20_previous3_wickets": [], "club_T20_previous3_balls played": [], "club_T20_previous3_overs": [], "club_T20_previous3_runs gave": [], "club_T20_lifetime_runs": 0.0, "club_T20_lifetime_wickets": 0.0, "club_T20_lifetime_balls played": 0.0, "club_T20_lifetime_overs": 0.0, "club_T20_lifetime_runs gave": 0.0, "international_ODI_previous3_runs": [37.0, 12.0, 8.0], "international_ODI_previous3_wickets": [0.0, 0.0, 0.0], "international_ODI_previous3_balls played": [36.0, 9.0, 8.0], "international_ODI_previous3_overs": [0.0, 0.0, 0.0], "international_ODI_previous3_runs gave": [0.0, 0.0, 0.0], "international_ODI_lifetime_runs": 218.0, "international_ODI_lifetime_wickets": 0.0, "international_ODI_lifetime_balls played": 227.0, "international_ODI_lifetime_overs": 0.0, "international_ODI_lifetime_runs gave": 0.0, "international_Test_previous3_runs": [], "international_Test_previous3_wickets": [], "international_Test_previous3_balls played": [], "international_Test_previous3_overs": [], "international_Test_previous3_runs gave": [], "international_Test_lifetime_runs": 0.0, "international_Test_lifetime_wickets": 0.0, "international_Test_lifetime_balls played": 0.0, "international_Test_lifetime_overs": 0.0, "international_Test_lifetime_runs gave": 0.0, "international_T20_previous3_runs": [27.0, 23.0, 12.0], "international_T20_previous3_wickets": [0.0, 0.0, 0.0], "international_T20_previous3_balls played": [25.0, 23.0, 21.0], "international_T20_previous3_overs": [0.0, 0.0, 0.0], "international_T20_previous3_runs gave": [0.0, 0.0, 0.0], "international_T20_lifetime_runs": 638.0, "international_T20_lifetime_wickets": 0.0, "international_T20_lifetime_balls played": 620.0, "international_T20_lifetime_overs": 0.0, "international_T20_lifetime_runs gave": 0.0}