{"played_against": {"3f659464": {"runs": 22, "balls": 30, "wickets": 1}, "d112c570": {"runs": 40, "balls": 70, "wickets": 0}, "f5821615": {"runs": 87, "balls": 124, "wickets": 0}, "06c2de82": {"runs": 22, "balls": 31, "wickets": 1}, "d3868bd0": {"runs": 5, "balls": 19, "wickets": 0}, "e9987a94": {"runs": 45, "balls": 63, "wickets": 0}, "8bf61e65": {"runs": 11, "balls": 20, "wickets": 1}, "2085e1fa": {"runs": 19, "balls": 44, "wickets": 1}, "b2fe023a": {"runs": 24, "balls": 26, "wickets": 0}, "f54dbda7": {"runs": 5, "balls": 16, "wickets": 0}, "5fed6272": {"runs": 52, "balls": 63, "wickets": 1}, "98eacfe5": {"runs": 15, "balls": 23, "wickets": 0}, "ffe699c0": {"runs": 15, "balls": 12, "wickets": 0}, "f3abd0c9": {"runs": 50, "balls": 51, "wickets": 1}, "be869ccf": {"runs": 17, "balls": 32, "wickets": 2}, "aa8d28ae": {"runs": 18, "balls": 16, "wickets": 0}, "0a12e736": {"runs": 25, "balls": 34, "wickets": 0}, "0bec3a6c": {"runs": 4, "balls": 6, "wickets": 1}, "ee0c05c0": {"runs": 7, "balls": 8, "wickets": 0}, "74a274cc": {"runs": 3, "balls": 5, "wickets": 0}, "f1ba9ed7": {"runs": 44, "balls": 34, "wickets": 1}, "6c6aca89": {"runs": 33, "balls": 53, "wickets": 0}, "58043739": {"runs": 40, "balls": 63, "wickets": 0}, "b21ed464": {"runs": 70, "balls": 129, "wickets": 0}, "a8e56914": {"runs": 84, "balls": 119, "wickets": 3}, "a37b5c0a": {"runs": 50, "balls": 88, "wickets": 3}, "ad46c747": {"runs": 136, "balls": 251, "wickets": 0}, "5ac8f17b": {"runs": 31, "balls": 30, "wickets": 1}, "8728a058": {"runs": 19, "balls": 32, "wickets": 1}, "5ccdb14f": {"runs": 23, "balls": 39, "wickets": 0}, "33085ffb": {"runs": 14, "balls": 35, "wickets": 0}, "5bb5a915": {"runs": 27, "balls": 41, "wickets": 1}, "23638956": {"runs": 126, "balls": 219, "wickets": 2}, "bd93fea4": {"runs": 4, "balls": 11, "wickets": 0}, "679cd31e": {"runs": 79, "balls": 109, "wickets": 2}, "5b6d248a": {"runs": 110, "balls": 170, "wickets": 4}, "e423d162": {"runs": 16, "balls": 18, "wickets": 0}, "3d0ed2f9": {"runs": 19, "balls": 41, "wickets": 3}, "0e0d43b4": {"runs": 14, "balls": 13, "wickets": 1}, "11ec0b58": {"runs": 30, "balls": 18, "wickets": 0}, "ed12fcd7": {"runs": 9, "balls": 9, "wickets": 0}, "d83a3bdc": {"runs": 8, "balls": 5, "wickets": 1}, "e94915e6": {"runs": 18, "balls": 34, "wickets": 2}, "c672e80e": {"runs": 42, "balls": 43, "wickets": 0}, "2223b920": {"runs": 8, "balls": 19, "wickets": 2}, "a9da7784": {"runs": 35, "balls": 50, "wickets": 1}, "a7c226e1": {"runs": 15, "balls": 8, "wickets": 0}, "d74d1090": {"runs": 13, "balls": 12, "wickets": 0}, "4180d897": {"runs": 7, "balls": 8, "wickets": 0}, "59559bc2": {"runs": 20, "balls": 29, "wickets": 1}, "05c2ca46": {"runs": 23, "balls": 12, "wickets": 0}, "73f1f6b0": {"runs": 2, "balls": 5, "wickets": 0}, "1cfac535": {"runs": 19, "balls": 12, "wickets": 1}, "fb66ce1f": {"runs": 6, "balls": 4, "wickets": 0}, "4a461c24": {"runs": 20, "balls": 26, "wickets": 2}, "7ca5e05d": {"runs": 11, "balls": 12, "wickets": 2}, "14f96089": {"runs": 8, "balls": 5, "wickets": 0}, "7d92277a": {"runs": 1, "balls": 3, "wickets": 0}, "ccdd8308": {"runs": 12, "balls": 8, "wickets": 2}, "5574750c": {"runs": 1, "balls": 1, "wickets": 0}, "245c97cb": {"runs": 1, "balls": 2, "wickets": 1}, "3dd30077": {"runs": 1, "balls": 2, "wickets": 0}, "7c7d63a2": {"runs": 5, "balls": 4, "wickets": 0}, "6c79c098": {"runs": 6, "balls": 7, "wickets": 1}, "5b3acc53": {"runs": 4, "balls": 3, "wickets": 1}, "dddc811c": {"runs": 2, "balls": 3, "wickets": 0}, "e174dadd": {"runs": 6, "balls": 21, "wickets": 1}, "495d42a5": {"runs": 5, "balls": 22, "wickets": 1}, "8f2dfebf": {"runs": 31, "balls": 39, "wickets": 1}, "fbd4f01f": {"runs": 34, "balls": 41, "wickets": 0}, "70b8fd28": {"runs": 9, "balls": 16, "wickets": 0}, "b082d112": {"runs": 28, "balls": 73, "wickets": 1}, "92aa28fe": {"runs": 2, "balls": 3, "wickets": 0}, "948beb1f": {"runs": 25, "balls": 52, "wickets": 1}, "d26e0405": {"runs": 26, "balls": 43, "wickets": 1}, "64212089": {"runs": 1, "balls": 4, "wickets": 0}, "fc63d916": {"runs": 54, "balls": 61, "wickets": 0}, "57a76baa": {"runs": 12, "balls": 9, "wickets": 0}, "ac3c3cab": {"runs": 69, "balls": 64, "wickets": 1}, "5239d782": {"runs": 35, "balls": 45, "wickets": 2}, "867a45a7": {"runs": 34, "balls": 40, "wickets": 0}, "e22d3b5c": {"runs": 23, "balls": 30, "wickets": 0}, "42151725": {"runs": 64, "balls": 58, "wickets": 0}, "aa710a58": {"runs": 6, "balls": 12, "wickets": 0}, "e871a7a1": {"runs": 56, "balls": 71, "wickets": 1}, "1d2f290a": {"runs": 88, "balls": 127, "wickets": 3}, "7f048519": {"runs": 14, "balls": 12, "wickets": 0}, "4ae1755b": {"runs": 4, "balls": 8, "wickets": 0}, "b9877635": {"runs": 7, "balls": 41, "wickets": 1}, "27c5a793": {"runs": 22, "balls": 56, "wickets": 0}, "65b6943c": {"runs": 42, "balls": 64, "wickets": 1}, "19708692": {"runs": 47, "balls": 119, "wickets": 1}, "5da34add": {"runs": 19, "balls": 27, "wickets": 1}, "5e6d1a54": {"runs": 8, "balls": 12, "wickets": 0}, "0c7f11be": {"runs": 5, "balls": 14, "wickets": 0}, "d99cc23a": {"runs": 41, "balls": 68, "wickets": 2}, "a343262c": {"runs": 5, "balls": 4, "wickets": 0}, "0f3ee070": {"runs": 18, "balls": 27, "wickets": 0}, "344c6d55": {"runs": 69, "balls": 82, "wickets": 1}, "f1eb3c73": {"runs": 31, "balls": 44, "wickets": 0}, "ed8faea2": {"runs": 7, "balls": 9, "wickets": 0}, "12b610c2": {"runs": 4, "balls": 5, "wickets": 0}, "0164b064": {"runs": 32, "balls": 58, "wickets": 1}, "03df7a25": {"runs": 18, "balls": 25, "wickets": 0}, "b20f423b": {"runs": 23, "balls": 16, "wickets": 0}, "f0a0204e": {"runs": 13, "balls": 8, "wickets": 0}, "1a156c88": {"runs": 8, "balls": 4, "wickets": 0}, "3f61a062": {"runs": 5, "balls": 6, "wickets": 0}, "4167f30b": {"runs": 29, "balls": 42, "wickets": 1}, "b82e3032": {"runs": 32, "balls": 49, "wickets": 1}, "d12143bf": {"runs": 2, "balls": 15, "wickets": 1}, "6ea2710f": {"runs": 16, "balls": 12, "wickets": 1}, "70d57519": {"runs": 12, "balls": 8, "wickets": 0}, "e737a5fe": {"runs": 24, "balls": 36, "wickets": 1}, "56c80c90": {"runs": 33, "balls": 32, "wickets": 2}, "cd143bca": {"runs": 59, "balls": 62, "wickets": 0}, "5db1c288": {"runs": 8, "balls": 10, "wickets": 1}, "fc02a2b3": {"runs": 13, "balls": 11, "wickets": 0}, "9c643d7b": {"runs": 5, "balls": 3, "wickets": 1}, "a790df98": {"runs": 41, "balls": 57, "wickets": 1}, "39e2c0fd": {"runs": 38, "balls": 55, "wickets": 1}, "cdd875d9": {"runs": 45, "balls": 27, "wickets": 0}, "819ae1ad": {"runs": 33, "balls": 29, "wickets": 1}, "01a95383": {"runs": 30, "balls": 34, "wickets": 0}, "d786a8a1": {"runs": 13, "balls": 15, "wickets": 0}, "c2b6764d": {"runs": 11, "balls": 7, "wickets": 0}, "ba377b40": {"runs": 15, "balls": 15, "wickets": 1}, "dfc3f02d": {"runs": 2, "balls": 7, "wickets": 0}, "aa1210d8": {"runs": 45, "balls": 69, "wickets": 2}, "6c908ffc": {"runs": 39, "balls": 44, "wickets": 2}, "fec369cd": {"runs": 52, "balls": 63, "wickets": 1}, "a510bdd3": {"runs": 65, "balls": 41, "wickets": 0}, "52c442e4": {"runs": 57, "balls": 55, "wickets": 0}, "219cc59e": {"runs": 89, "balls": 60, "wickets": 1}, "c5cc48bc": {"runs": 93, "balls": 102, "wickets": 2}, "e142c599": {"runs": 13, "balls": 12, "wickets": 0}, "c89474d1": {"runs": 8, "balls": 29, "wickets": 1}, "bdc0670a": {"runs": 45, "balls": 47, "wickets": 0}, "76cb1a7f": {"runs": 4, "balls": 12, "wickets": 0}, "903560ed": {"runs": 2, "balls": 8, "wickets": 0}, "2911de16": {"runs": 18, "balls": 31, "wickets": 2}, "214f6461": {"runs": 50, "balls": 71, "wickets": 0}, "24bb1c2f": {"runs": 9, "balls": 6, "wickets": 0}, "28217d89": {"runs": 62, "balls": 61, "wickets": 1}, "ad9c32a2": {"runs": 6, "balls": 3, "wickets": 0}, "9caf69a1": {"runs": 47, "balls": 95, "wickets": 0}, "208f22ea": {"runs": 12, "balls": 38, "wickets": 0}, "94d7f855": {"runs": 22, "balls": 30, "wickets": 0}, "68e26ec9": {"runs": 0, "balls": 2, "wickets": 1}, "c0c411cb": {"runs": 21, "balls": 16, "wickets": 0}, "c78a879c": {"runs": 0, "balls": 1, "wickets": 1}, "58c481c6": {"runs": 4, "balls": 7, "wickets": 1}, "e342e5fb": {"runs": 0, "balls": 1, "wickets": 1}, "9679838c": {"runs": 67, "balls": 49, "wickets": 1}, "a4b810d0": {"runs": 70, "balls": 63, "wickets": 1}, "34b332d3": {"runs": 14, "balls": 4, "wickets": 0}, "249d60c9": {"runs": 10, "balls": 8, "wickets": 0}, "9219eff0": {"runs": 0, "balls": 1, "wickets": 1}, "22b98d7c": {"runs": 6, "balls": 3, "wickets": 0}, "402f8494": {"runs": 3, "balls": 7, "wickets": 1}, "ad212f96": {"runs": 16, "balls": 11, "wickets": 0}, "fe5b4367": {"runs": 47, "balls": 49, "wickets": 2}, "9fd3a210": {"runs": 35, "balls": 30, "wickets": 2}, "9de62878": {"runs": 11, "balls": 11, "wickets": 0}, "ec33b21a": {"runs": 18, "balls": 10, "wickets": 1}, "c96f6ac5": {"runs": 7, "balls": 5, "wickets": 0}, "0ecb4de6": {"runs": 27, "balls": 23, "wickets": 1}, "fe2ac1a8": {"runs": 11, "balls": 26, "wickets": 1}, "97905e64": {"runs": 8, "balls": 8, "wickets": 0}, "29e8a62e": {"runs": 5, "balls": 5, "wickets": 0}, "9f701298": {"runs": 7, "balls": 7, "wickets": 0}, "95a06106": {"runs": 7, "balls": 9, "wickets": 1}, "1066a976": {"runs": 14, "balls": 5, "wickets": 0}, "1252f71a": {"runs": 43, "balls": 29, "wickets": 0}, "9789e56e": {"runs": 22, "balls": 14, "wickets": 0}, "3a3e7d82": {"runs": 10, "balls": 16, "wickets": 1}, "f19ccfad": {"runs": 7, "balls": 23, "wickets": 0}, "7a8a0237": {"runs": 6, "balls": 12, "wickets": 0}, "0126ff20": {"runs": 30, "balls": 29, "wickets": 2}, "10f68de1": {"runs": 10, "balls": 10, "wickets": 0}, "80e44dc5": {"runs": 19, "balls": 20, "wickets": 0}, "34c7b9d2": {"runs": 7, "balls": 2, "wickets": 0}, "1a45b864": {"runs": 37, "balls": 22, "wickets": 0}, "c995d726": {"runs": 0, "balls": 2, "wickets": 1}, "e43aa7ed": {"runs": 16, "balls": 8, "wickets": 0}, "3b4f3099": {"runs": 19, "balls": 6, "wickets": 1}, "35c08a29": {"runs": 4, "balls": 3, "wickets": 1}, "de6c2c6e": {"runs": 8, "balls": 9, "wickets": 0}, "c5f40e35": {"runs": 13, "balls": 10, "wickets": 1}, "c1a89821": {"runs": 8, "balls": 11, "wickets": 0}, "dda5aae5": {"runs": 5, "balls": 4, "wickets": 0}, "a089f93f": {"runs": 4, "balls": 2, "wickets": 1}, "31b01074": {"runs": 8, "balls": 8, "wickets": 0}, "bbc192a4": {"runs": 21, "balls": 16, "wickets": 1}, "34b37279": {"runs": 2, "balls": 5, "wickets": 0}, "ba9258a7": {"runs": 4, "balls": 6, "wickets": 0}, "38c276e1": {"runs": 17, "balls": 17, "wickets": 0}, "27fc5808": {"runs": 51, "balls": 51, "wickets": 0}, "bdadcca1": {"runs": 7, "balls": 6, "wickets": 0}, "932d3cc9": {"runs": 23, "balls": 31, "wickets": 1}, "7f7f658b": {"runs": 2, "balls": 19, "wickets": 0}, "fa433be6": {"runs": 22, "balls": 14, "wickets": 1}, "9e707e02": {"runs": 17, "balls": 12, "wickets": 0}, "43205dad": {"runs": 19, "balls": 11, "wickets": 0}, "067bda18": {"runs": 28, "balls": 42, "wickets": 0}, "5f222a64": {"runs": 7, "balls": 10, "wickets": 0}, "27e60d6e": {"runs": 3, "balls": 7, "wickets": 0}, "63e1e352": {"runs": 8, "balls": 11, "wickets": 0}, "aed5be04": {"runs": 17, "balls": 4, "wickets": 0}, "58be5e46": {"runs": 20, "balls": 13, "wickets": 0}, "18fac429": {"runs": 23, "balls": 17, "wickets": 1}, "1ca7c00f": {"runs": 16, "balls": 12, "wickets": 0}, "2baad3bd": {"runs": 16, "balls": 9, "wickets": 2}, "45a7e761": {"runs": 9, "balls": 4, "wickets": 1}, "50c6bc2b": {"runs": 11, "balls": 8, "wickets": 1}, "eade4650": {"runs": 9, "balls": 6, "wickets": 0}, "1cc0a83d": {"runs": 28, "balls": 12, "wickets": 0}, "9c9af282": {"runs": 11, "balls": 9, "wickets": 0}, "56ef4f99": {"runs": 3, "balls": 1, "wickets": 0}, "ab01e323": {"runs": 6, "balls": 10, "wickets": 1}, "f655d740": {"runs": 3, "balls": 5, "wickets": 0}, "e734d090": {"runs": 22, "balls": 29, "wickets": 0}, "7d7233a9": {"runs": 9, "balls": 14, "wickets": 0}, "d12cead8": {"runs": 7, "balls": 14, "wickets": 0}, "dd9de7ad": {"runs": 12, "balls": 11, "wickets": 0}, "1957c6b7": {"runs": 26, "balls": 33, "wickets": 0}, "e5218454": {"runs": 17, "balls": 15, "wickets": 1}, "b681e71e": {"runs": 2, "balls": 3, "wickets": 0}, "876dbe2d": {"runs": 21, "balls": 21, "wickets": 0}, "4c5d73db": {"runs": 11, "balls": 7, "wickets": 0}, "e05b2a5b": {"runs": 8, "balls": 29, "wickets": 0}, "bfc60227": {"runs": 5, "balls": 8, "wickets": 0}, "e4a0deae": {"runs": 3, "balls": 3, "wickets": 0}, "1efd12d1": {"runs": 4, "balls": 3, "wickets": 0}, "dbb15645": {"runs": 5, "balls": 5, "wickets": 1}, "ad286dcc": {"runs": 5, "balls": 15, "wickets": 0}, "1e66c162": {"runs": 9, "balls": 13, "wickets": 0}, "782fb776": {"runs": 24, "balls": 18, "wickets": 0}, "f3b26fe4": {"runs": 15, "balls": 12, "wickets": 1}, "078ffbf2": {"runs": 3, "balls": 4, "wickets": 0}, "3581a798": {"runs": 31, "balls": 38, "wickets": 1}, "e0ac7144": {"runs": 9, "balls": 8, "wickets": 0}, "3c55c703": {"runs": 17, "balls": 23, "wickets": 0}, "0f721006": {"runs": 18, "balls": 19, "wickets": 0}, "05b1aef8": {"runs": 22, "balls": 22, "wickets": 1}, "0d61d8f0": {"runs": 3, "balls": 3, "wickets": 0}, "f8a63b6f": {"runs": 16, "balls": 9, "wickets": 0}, "00b195ae": {"runs": 32, "balls": 33, "wickets": 0}, "96a6a7ad": {"runs": 43, "balls": 72, "wickets": 1}, "0f6db197": {"runs": 31, "balls": 32, "wickets": 0}, "23dee937": {"runs": 24, "balls": 27, "wickets": 0}, "861eed37": {"runs": 29, "balls": 17, "wickets": 0}, "3987e390": {"runs": 17, "balls": 25, "wickets": 2}, "19b9f399": {"runs": 1, "balls": 5, "wickets": 1}, "57590dbb": {"runs": 8, "balls": 9, "wickets": 0}, "28d6c44d": {"runs": 17, "balls": 11, "wickets": 0}, "6ce9f3eb": {"runs": 14, "balls": 5, "wickets": 1}, "1ac2a995": {"runs": 9, "balls": 11, "wickets": 0}, "3ebb940f": {"runs": 0, "balls": 1, "wickets": 0}, "e9c7f0d0": {"runs": 8, "balls": 12, "wickets": 0}, "7671203a": {"runs": 3, "balls": 2, "wickets": 0}, "9cb8d7a6": {"runs": 3, "balls": 5, "wickets": 0}, "e86754b2": {"runs": 16, "balls": 16, "wickets": 0}, "1a2676c5": {"runs": 2, "balls": 3, "wickets": 0}, "13c35c9e": {"runs": 2, "balls": 3, "wickets": 0}, "350bb1b1": {"runs": 6, "balls": 4, "wickets": 1}, "6dd8b88c": {"runs": 1, "balls": 3, "wickets": 0}, "b3544c5d": {"runs": 4, "balls": 3, "wickets": 0}, "33a6488e": {"runs": 8, "balls": 7, "wickets": 0}, "7a32c1c1": {"runs": 10, "balls": 7, "wickets": 0}, "8db7f47f": {"runs": 0, "balls": 7, "wickets": 1}, "f2665768": {"runs": 4, "balls": 4, "wickets": 0}}, "fifties": 26, "thirties": 23, "centuries": 15, "maidens": 0.0, "hattricks": 0, "runs": 5704.0, "wickets": 0.0, "club_ODI_previous3_runs": [0.0, 27.0, 95.0], "club_ODI_previous3_wickets": [0.0, 0.0, 0.0], "club_ODI_previous3_balls played": [2.0, 25.0, 88.0], "club_ODI_previous3_overs": [0.0, 0.0, 0.0], "club_ODI_previous3_runs gave": [0.0, 0.0, 0.0], "club_ODI_lifetime_runs": 722.0, "club_ODI_lifetime_wickets": 0.0, "club_ODI_lifetime_balls played": 678.0, "club_ODI_lifetime_overs": 0.0, "club_ODI_lifetime_runs gave": 0.0, "club_Test_previous3_runs": [4.0, 31.0, 5.0], "club_Test_previous3_wickets": [0.0, 0.0, 0.0], "club_Test_previous3_balls played": [5.0, 58.0, 4.0], "club_Test_previous3_overs": [0.0, 0.0, 2.0], "club_Test_previous3_runs gave": [0.0, 0.0, 8.0], "club_Test_lifetime_runs": 3898.0, "club_Test_lifetime_wickets": 0.0, "club_Test_lifetime_balls played": 5667.0, "club_Test_lifetime_overs": 2.0, "club_Test_lifetime_runs gave": 8.0, "club_T20_previous3_runs": [12.0, 13.0, 1.0], "club_T20_previous3_wickets": [0.0, 0.0, 0.0], "club_T20_previous3_balls played": [16.0, 12.0, 11.0], "club_T20_previous3_overs": [0.0, 0.0, 0.0], "club_T20_previous3_runs gave": [0.0, 0.0, 0.0], "club_T20_lifetime_runs": 1084.0, "club_T20_lifetime_wickets": 0.0, "club_T20_lifetime_balls played": 863.0, "club_T20_lifetime_overs": 0.0, "club_T20_lifetime_runs gave": 0.0, "international_ODI_previous3_runs": [], "international_ODI_previous3_wickets": [], "international_ODI_previous3_balls played": [], "international_ODI_previous3_overs": [], "international_ODI_previous3_runs gave": [], "international_ODI_lifetime_runs": 0.0, "international_ODI_lifetime_wickets": 0.0, "international_ODI_lifetime_balls played": 0.0, "international_ODI_lifetime_overs": 0.0, "international_ODI_lifetime_runs gave": 0.0, "international_Test_previous3_runs": [], "international_Test_previous3_wickets": [], "international_Test_previous3_balls played": [], "international_Test_previous3_overs": [], "international_Test_previous3_runs gave": [], "international_Test_lifetime_runs": 0.0, "international_Test_lifetime_wickets": 0.0, "international_Test_lifetime_balls played": 0.0, "international_Test_lifetime_overs": 0.0, "international_Test_lifetime_runs gave": 0.0, "international_T20_previous3_runs": [], "international_T20_previous3_wickets": [], "international_T20_previous3_balls played": [], "international_T20_previous3_overs": [], "international_T20_previous3_runs gave": [], "international_T20_lifetime_runs": 0.0, "international_T20_lifetime_wickets": 0.0, "international_T20_lifetime_balls played": 0.0, "international_T20_lifetime_overs": 0.0, "international_T20_lifetime_runs gave": 0.0}