{"played_against": {"3cfbddce": {"runs": 1, "balls": 2, "wickets": 0}, "98dfe425": {"runs": 0, "balls": 4, "wickets": 0}, "b287e7b1": {"runs": 2, "balls": 5, "wickets": 0}, "3b770527": {"runs": 2, "balls": 6, "wickets": 0}, "ed840f44": {"runs": 3, "balls": 9, "wickets": 0}, "da61a9af": {"runs": 2, "balls": 7, "wickets": 1}, "a4f1fdd4": {"runs": 1, "balls": 1, "wickets": 0}, "4fc3790e": {"runs": 3, "balls": 7, "wickets": 0}, "c68fc575": {"runs": 4, "balls": 3, "wickets": 0}, "d24e69f5": {"runs": 0, "balls": 3, "wickets": 1}, "752183c1": {"runs": 0, "balls": 1, "wickets": 0}, "dd468f06": {"runs": 5, "balls": 9, "wickets": 1}, "00823a96": {"runs": 0, "balls": 1, "wickets": 1}, "6d48df01": {"runs": 2, "balls": 4, "wickets": 0}, "4eebb3e5": {"runs": 1, "balls": 1, "wickets": 0}, "b4f38f95": {"runs": 2, "balls": 5, "wickets": 1}, "53c738ac": {"runs": 4, "balls": 5, "wickets": 0}, "47fb8d80": {"runs": 0, "balls": 11, "wickets": 1}, "f0aadc22": {"runs": 0, "balls": 0, "wickets": 0}, "b5341b28": {"runs": 0, "balls": 5, "wickets": 1}, "d3b4b8ed": {"runs": 5, "balls": 11, "wickets": 0}, "ca753f5d": {"runs": 0, "balls": 5, "wickets": 1}, "5f862ccd": {"runs": 1, "balls": 4, "wickets": 0}, "5838cb64": {"runs": 2, "balls": 25, "wickets": 0}, "a61850e6": {"runs": 4, "balls": 17, "wickets": 0}, "ac56b5a7": {"runs": 4, "balls": 24, "wickets": 0}, "a1c4aed5": {"runs": 0, "balls": 2, "wickets": 0}, "8b552293": {"runs": 0, "balls": 1, "wickets": 0}, "dfdaca74": {"runs": 3, "balls": 5, "wickets": 1}, "c96e51ba": {"runs": 2, "balls": 2, "wickets": 0}, "bf5e7711": {"runs": 1, "balls": 2, "wickets": 0}, "997fffbe": {"runs": 0, "balls": 3, "wickets": 0}, "8001a208": {"runs": 1, "balls": 4, "wickets": 1}, "a51e6c6e": {"runs": 1, "balls": 2, "wickets": 0}, "9714e764": {"runs": 1, "balls": 2, "wickets": 0}, "7467fe01": {"runs": 2, "balls": 3, "wickets": 0}, "9e4f6851": {"runs": 1, "balls": 2, "wickets": 0}, "d35c1fc7": {"runs": 5, "balls": 9, "wickets": 0}, "037f2b86": {"runs": 1, "balls": 3, "wickets": 0}, "a92763ea": {"runs": 3, "balls": 4, "wickets": 0}, "66078174": {"runs": 5, "balls": 5, "wickets": 0}, "bec997fc": {"runs": 5, "balls": 5, "wickets": 0}, "f61e2829": {"runs": 1, "balls": 1, "wickets": 0}, "f13d3eba": {"runs": 2, "balls": 4, "wickets": 1}}, "fifties": 0, "thirties": 0, "centuries": 0, "maidens": 0.0, "hattricks": 0, "runs": 82.0, "wickets": 0.0, "club_ODI_previous3_runs": [], "club_ODI_previous3_wickets": [], "club_ODI_previous3_balls played": [], "club_ODI_previous3_overs": [], "club_ODI_previous3_runs gave": [], "club_ODI_lifetime_runs": 0.0, "club_ODI_lifetime_wickets": 0.0, "club_ODI_lifetime_balls played": 0.0, "club_ODI_lifetime_overs": 0.0, "club_ODI_lifetime_runs gave": 0.0, "club_Test_previous3_runs": [], "club_Test_previous3_wickets": [], "club_Test_previous3_balls played": [], "club_Test_previous3_overs": [], "club_Test_previous3_runs gave": [], "club_Test_lifetime_runs": 0.0, "club_Test_lifetime_wickets": 0.0, "club_Test_lifetime_balls played": 0.0, "club_Test_lifetime_overs": 0.0, "club_Test_lifetime_runs gave": 0.0, "club_T20_previous3_runs": [], "club_T20_previous3_wickets": [], "club_T20_previous3_balls played": [], "club_T20_previous3_overs": [], "club_T20_previous3_runs gave": [], "club_T20_lifetime_runs": 0.0, "club_T20_lifetime_wickets": 0.0, "club_T20_lifetime_balls played": 0.0, "club_T20_lifetime_overs": 0.0, "club_T20_lifetime_runs gave": 0.0, "international_ODI_previous3_runs": [0.0, 5.0, 11.0], "international_ODI_previous3_wickets": [0.0, 0.0, 0.0], "international_ODI_previous3_balls played": [5.0, 16.0, 73.0], "international_ODI_previous3_overs": [0.0, 0.0, 0.0], "international_ODI_previous3_runs gave": [0.0, 0.0, 0.0], "international_ODI_lifetime_runs": 16.0, "international_ODI_lifetime_wickets": 0.0, "international_ODI_lifetime_balls played": 105.0, "international_ODI_lifetime_overs": 0.0, "international_ODI_lifetime_runs gave": 0.0, "international_Test_previous3_runs": [], "international_Test_previous3_wickets": [], "international_Test_previous3_balls played": [], "international_Test_previous3_overs": [], "international_Test_previous3_runs gave": [], "international_Test_lifetime_runs": 0.0, "international_Test_lifetime_wickets": 0.0, "international_Test_lifetime_balls played": 0.0, "international_Test_lifetime_overs": 0.0, "international_Test_lifetime_runs gave": 0.0, "international_T20_previous3_runs": [3.0, 0.0, 0.0], "international_T20_previous3_wickets": [0.0, 0.0, 0.0], "international_T20_previous3_balls played": [5.0, 0.0, 0.0], "international_T20_previous3_overs": [0.0, 0.0, 0.0], "international_T20_previous3_runs gave": [0.0, 0.0, 0.0], "international_T20_lifetime_runs": 66.0, "international_T20_lifetime_wickets": 0.0, "international_T20_lifetime_balls played": 129.0, "international_T20_lifetime_overs": 0.0, "international_T20_lifetime_runs gave": 0.0}