{"played_against": {"27159c6a": {"runs": 1, "balls": 2, "wickets": 0}, "4ff67681": {"runs": 6, "balls": 5, "wickets": 1}, "611926bc": {"runs": 3, "balls": 8, "wickets": 0}, "61a9ce31": {"runs": 0, "balls": 5, "wickets": 1}, "a72b14ff": {"runs": 12, "balls": 11, "wickets": 1}, "57a76baa": {"runs": 9, "balls": 13, "wickets": 1}, "45c2196c": {"runs": 1, "balls": 3, "wickets": 1}, "1f572ee8": {"runs": 4, "balls": 2, "wickets": 0}, "a9da7784": {"runs": 3, "balls": 1, "wickets": 0}, "3cf5ae43": {"runs": 1, "balls": 1, "wickets": 0}, "fea7a34c": {"runs": 15, "balls": 4, "wickets": 0}, "f43dd8c2": {"runs": 1, "balls": 1, "wickets": 0}, "3f18724b": {"runs": 2, "balls": 4, "wickets": 1}, "af28816c": {"runs": 19, "balls": 18, "wickets": 1}, "243431b5": {"runs": 15, "balls": 10, "wickets": 1}, "7f3ad1ed": {"runs": 23, "balls": 20, "wickets": 1}, "2e2fe3e8": {"runs": 14, "balls": 5, "wickets": 0}, "61816a9c": {"runs": 1, "balls": 2, "wickets": 0}, "49dfe4a4": {"runs": 2, "balls": 6, "wickets": 1}, "e957b38f": {"runs": 16, "balls": 25, "wickets": 2}, "bd0a4a7d": {"runs": 4, "balls": 4, "wickets": 0}, "8c2aa0f9": {"runs": 8, "balls": 15, "wickets": 1}, "99cddc5e": {"runs": 17, "balls": 28, "wickets": 1}, "c9945bdf": {"runs": 12, "balls": 9, "wickets": 1}, "0f9c9d1d": {"runs": 6, "balls": 7, "wickets": 0}, "33b3d2df": {"runs": 0, "balls": 1, "wickets": 1}, "51c90542": {"runs": 0, "balls": 1, "wickets": 0}, "415e5c01": {"runs": 7, "balls": 8, "wickets": 0}, "3766056b": {"runs": 1, "balls": 1, "wickets": 0}, "8b054bba": {"runs": 1, "balls": 1, "wickets": 0}, "2af30786": {"runs": 6, "balls": 4, "wickets": 1}, "9061a703": {"runs": 0, "balls": 1, "wickets": 0}, "05f85159": {"runs": 8, "balls": 8, "wickets": 0}, "25550d06": {"runs": 1, "balls": 1, "wickets": 0}, "20f9e6b1": {"runs": 10, "balls": 4, "wickets": 0}}, "fifties": 0, "thirties": 2, "centuries": 0, "maidens": 30.0, "hattricks": 4, "runs": 229.0, "wickets": 50.0, "club_ODI_previous3_runs": [0.0, 23.0, 0.0], "club_ODI_previous3_wickets": [1.0, 0.0, 0.0], "club_ODI_previous3_balls played": [0.0, 15.0, 0.0], "club_ODI_previous3_overs": [6.0, 0.0, 9.833333333333334], "club_ODI_previous3_runs gave": [26.0, 0.0, 48.0], "club_ODI_lifetime_runs": 71.0, "club_ODI_lifetime_wickets": 17.0, "club_ODI_lifetime_balls played": 101.0, "club_ODI_lifetime_overs": 140.00000000000003, "club_ODI_lifetime_runs gave": 593.0, "club_Test_previous3_runs": [3.0, 21.0], "club_Test_previous3_wickets": [3.0, 3.0], "club_Test_previous3_balls played": [13.0, 25.0], "club_Test_previous3_overs": [16.0, 27.5], "club_Test_previous3_runs gave": [64.0, 81.0], "club_Test_lifetime_runs": 24.0, "club_Test_lifetime_wickets": 6.0, "club_Test_lifetime_balls played": 38.0, "club_Test_lifetime_overs": 43.5, "club_Test_lifetime_runs gave": 145.0, "club_T20_previous3_runs": [0.0, 0.0, 0.0], "club_T20_previous3_wickets": [1.0, 0.0, 0.0], "club_T20_previous3_balls played": [0.0, 2.0, 0.0], "club_T20_previous3_overs": [4.0, 1.0, 1.0], "club_T20_previous3_runs gave": [33.0, 11.0, 12.0], "club_T20_lifetime_runs": 126.0, "club_T20_lifetime_wickets": 23.0, "club_T20_lifetime_balls played": 95.0, "club_T20_lifetime_overs": 80.66666666666667, "club_T20_lifetime_runs gave": 640.0, "international_ODI_previous3_runs": [1.0], "international_ODI_previous3_wickets": [0.0], "international_ODI_previous3_balls played": [1.0], "international_ODI_previous3_overs": [8.0], "international_ODI_previous3_runs gave": [38.0], "international_ODI_lifetime_runs": 1.0, "international_ODI_lifetime_wickets": 0.0, "international_ODI_lifetime_balls played": 1.0, "international_ODI_lifetime_overs": 8.0, "international_ODI_lifetime_runs gave": 38.0, "international_Test_previous3_runs": [7.0], "international_Test_previous3_wickets": [4.0], "international_Test_previous3_balls played": [7.0], "international_Test_previous3_overs": [18.0], "international_Test_previous3_runs gave": [30.0], "international_Test_lifetime_runs": 7.0, "international_Test_lifetime_wickets": 4.0, "international_Test_lifetime_balls played": 7.0, "international_Test_lifetime_overs": 18.0, "international_Test_lifetime_runs gave": 30.0, "international_T20_previous3_runs": [0.0], "international_T20_previous3_wickets": [0.0], "international_T20_previous3_balls played": [0.0], "international_T20_previous3_overs": [3.0], "international_T20_previous3_runs gave": [30.0], "international_T20_lifetime_runs": 0.0, "international_T20_lifetime_wickets": 0.0, "international_T20_lifetime_balls played": 0.0, "international_T20_lifetime_overs": 3.0, "international_T20_lifetime_runs gave": 30.0}