{"played_against": {"d8f20ba5": {"runs": 1, "balls": 4, "wickets": 1}, "28aba384": {"runs": 1, "balls": 2, "wickets": 0}, "50ee0500": {"runs": 2, "balls": 4, "wickets": 0}, "a0a65375": {"runs": 4, "balls": 7, "wickets": 0}, "25c73eb6": {"runs": 1, "balls": 4, "wickets": 0}, "d5fa2ab3": {"runs": 2, "balls": 3, "wickets": 0}, "7027d12f": {"runs": 1, "balls": 2, "wickets": 0}, "35230fa3": {"runs": 1, "balls": 3, "wickets": 0}, "5596d5bf": {"runs": 2, "balls": 3, "wickets": 0}, "d758a366": {"runs": 3, "balls": 3, "wickets": 0}, "397369e0": {"runs": 7, "balls": 24, "wickets": 0}, "940feccc": {"runs": 3, "balls": 18, "wickets": 0}, "d284ef29": {"runs": 9, "balls": 19, "wickets": 0}, "5a50471c": {"runs": 6, "balls": 15, "wickets": 1}, "07248d8e": {"runs": 6, "balls": 11, "wickets": 0}, "b4f73b44": {"runs": 0, "balls": 1, "wickets": 1}, "62d92d76": {"runs": 0, "balls": 5, "wickets": 0}, "88bcd09d": {"runs": 2, "balls": 2, "wickets": 1}, "d92d3563": {"runs": 7, "balls": 9, "wickets": 0}, "f61e2829": {"runs": 8, "balls": 18, "wickets": 1}, "2daa8e40": {"runs": 1, "balls": 17, "wickets": 0}, "a3034d3d": {"runs": 0, "balls": 3, "wickets": 1}, "581eec7e": {"runs": 2, "balls": 5, "wickets": 0}, "385eac52": {"runs": 12, "balls": 22, "wickets": 0}, "c3394c16": {"runs": 3, "balls": 9, "wickets": 0}, "8e7be59c": {"runs": 2, "balls": 2, "wickets": 0}}, "fifties": 0, "thirties": 1, "centuries": 0, "maidens": 1.0, "hattricks": 1, "runs": 86.0, "wickets": 13.0, "club_ODI_previous3_runs": [], "club_ODI_previous3_wickets": [], "club_ODI_previous3_balls played": [], "club_ODI_previous3_overs": [], "club_ODI_previous3_runs gave": [], "club_ODI_lifetime_runs": 0.0, "club_ODI_lifetime_wickets": 0.0, "club_ODI_lifetime_balls played": 0.0, "club_ODI_lifetime_overs": 0.0, "club_ODI_lifetime_runs gave": 0.0, "club_Test_previous3_runs": [], "club_Test_previous3_wickets": [], "club_Test_previous3_balls played": [], "club_Test_previous3_overs": [], "club_Test_previous3_runs gave": [], "club_Test_lifetime_runs": 0.0, "club_Test_lifetime_wickets": 0.0, "club_Test_lifetime_balls played": 0.0, "club_Test_lifetime_overs": 0.0, "club_Test_lifetime_runs gave": 0.0, "club_T20_previous3_runs": [], "club_T20_previous3_wickets": [], "club_T20_previous3_balls played": [], "club_T20_previous3_overs": [], "club_T20_previous3_runs gave": [], "club_T20_lifetime_runs": 0.0, "club_T20_lifetime_wickets": 0.0, "club_T20_lifetime_balls played": 0.0, "club_T20_lifetime_overs": 0.0, "club_T20_lifetime_runs gave": 0.0, "international_ODI_previous3_runs": [3.0, 1.0, 30.0], "international_ODI_previous3_wickets": [0.0, 3.0, 2.0], "international_ODI_previous3_balls played": [3.0, 20.0, 62.0], "international_ODI_previous3_overs": [4.0, 9.833333333333334, 8.833333333333334], "international_ODI_previous3_runs gave": [22.0, 38.0, 29.0], "international_ODI_lifetime_runs": 68.0, "international_ODI_lifetime_wickets": 5.0, "international_ODI_lifetime_balls played": 186.0, "international_ODI_lifetime_overs": 30.16666666666667, "international_ODI_lifetime_runs gave": 159.0, "international_Test_previous3_runs": [], "international_Test_previous3_wickets": [], "international_Test_previous3_balls played": [], "international_Test_previous3_overs": [], "international_Test_previous3_runs gave": [], "international_Test_lifetime_runs": 0.0, "international_Test_lifetime_wickets": 0.0, "international_Test_lifetime_balls played": 0.0, "international_Test_lifetime_overs": 0.0, "international_Test_lifetime_runs gave": 0.0, "international_T20_previous3_runs": [5.0, 0.0, 3.0], "international_T20_previous3_wickets": [0.0, 0.0, 1.0], "international_T20_previous3_balls played": [6.0, 0.0, 3.0], "international_T20_previous3_overs": [3.0, 0.0, 4.0], "international_T20_previous3_runs gave": [14.0, 0.0, 27.0], "international_T20_lifetime_runs": 18.0, "international_T20_lifetime_wickets": 8.0, "international_T20_lifetime_balls played": 32.0, "international_T20_lifetime_overs": 34.66666666666667, "international_T20_lifetime_runs gave": 206.0}