{"played_against": {"5b3acc53": {"runs": 3, "balls": 3, "wickets": 0}, "3cf5ae43": {"runs": 3, "balls": 2, "wickets": 0}, "a72b14ff": {"runs": 13, "balls": 23, "wickets": 1}, "57a76baa": {"runs": 10, "balls": 13, "wickets": 1}, "7be8a0ed": {"runs": 4, "balls": 6, "wickets": 0}, "ecf7bbc9": {"runs": 3, "balls": 6, "wickets": 0}, "7ca5e05d": {"runs": 1, "balls": 2, "wickets": 0}, "8db7f47f": {"runs": 1, "balls": 2, "wickets": 1}}, "fifties": 0, "thirties": 0, "centuries": 0, "maidens": 0.0, "hattricks": 0, "runs": 38.0, "wickets": 0.0, "club_ODI_previous3_runs": [], "club_ODI_previous3_wickets": [], "club_ODI_previous3_balls played": [], "club_ODI_previous3_overs": [], "club_ODI_previous3_runs gave": [], "club_ODI_lifetime_runs": 0.0, "club_ODI_lifetime_wickets": 0.0, "club_ODI_lifetime_balls played": 0.0, "club_ODI_lifetime_overs": 0.0, "club_ODI_lifetime_runs gave": 0.0, "club_Test_previous3_runs": [27.0], "club_Test_previous3_wickets": [0.0], "club_Test_previous3_balls played": [42.0], "club_Test_previous3_overs": [6.0], "club_Test_previous3_runs gave": [25.0], "club_Test_lifetime_runs": 27.0, "club_Test_lifetime_wickets": 0.0, "club_Test_lifetime_balls played": 42.0, "club_Test_lifetime_overs": 6.0, "club_Test_lifetime_runs gave": 25.0, "club_T20_previous3_runs": [6.0, 0.0, 5.0], "club_T20_previous3_wickets": [0.0, 0.0, 0.0], "club_T20_previous3_balls played": [5.0, 0.0, 11.0], "club_T20_previous3_overs": [0.0, 0.0, 0.0], "club_T20_previous3_runs gave": [0.0, 0.0, 0.0], "club_T20_lifetime_runs": 11.0, "club_T20_lifetime_wickets": 0.0, "club_T20_lifetime_balls played": 16.0, "club_T20_lifetime_overs": 0.0, "club_T20_lifetime_runs gave": 0.0, "international_ODI_previous3_runs": [], "international_ODI_previous3_wickets": [], "international_ODI_previous3_balls played": [], "international_ODI_previous3_overs": [], "international_ODI_previous3_runs gave": [], "international_ODI_lifetime_runs": 0.0, "international_ODI_lifetime_wickets": 0.0, "international_ODI_lifetime_balls played": 0.0, "international_ODI_lifetime_overs": 0.0, "international_ODI_lifetime_runs gave": 0.0, "international_Test_previous3_runs": [], "international_Test_previous3_wickets": [], "international_Test_previous3_balls played": [], "international_Test_previous3_overs": [], "international_Test_previous3_runs gave": [], "international_Test_lifetime_runs": 0.0, "international_Test_lifetime_wickets": 0.0, "international_Test_lifetime_balls played": 0.0, "international_Test_lifetime_overs": 0.0, "international_Test_lifetime_runs gave": 0.0, "international_T20_previous3_runs": [], "international_T20_previous3_wickets": [], "international_T20_previous3_balls played": [], "international_T20_previous3_overs": [], "international_T20_previous3_runs gave": [], "international_T20_lifetime_runs": 0.0, "international_T20_lifetime_wickets": 0.0, "international_T20_lifetime_balls played": 0.0, "international_T20_lifetime_overs": 0.0, "international_T20_lifetime_runs gave": 0.0}