{"played_against": {"932d3cc9": {"runs": 4, "balls": 8, "wickets": 0}, "8f9c5014": {"runs": 1, "balls": 5, "wickets": 0}, "27fc5808": {"runs": 7, "balls": 13, "wickets": 1}, "5c86c3c2": {"runs": 0, "balls": 0, "wickets": 0}, "214f6461": {"runs": 1, "balls": 4, "wickets": 0}, "28217d89": {"runs": 3, "balls": 3, "wickets": 0}, "3ebb940f": {"runs": 12, "balls": 5, "wickets": 0}, "d48c0f40": {"runs": 0, "balls": 9, "wickets": 0}, "7671203a": {"runs": 6, "balls": 13, "wickets": 0}, "353de846": {"runs": 2, "balls": 3, "wickets": 0}, "c1f62b71": {"runs": 1, "balls": 3, "wickets": 0}, "70c39d0e": {"runs": 4, "balls": 4, "wickets": 0}}, "fifties": 0, "thirties": 0, "centuries": 0, "maidens": 0.0, "hattricks": 1, "runs": 41.0, "wickets": 6.0, "club_ODI_previous3_runs": [0.0, 16.0, 13.0], "club_ODI_previous3_wickets": [2.0, 1.0, 0.0], "club_ODI_previous3_balls played": [0.0, 13.0, 32.0], "club_ODI_previous3_overs": [5.0, 8.0, 1.0], "club_ODI_previous3_runs gave": [45.0, 50.0, 12.0], "club_ODI_lifetime_runs": 41.0, "club_ODI_lifetime_wickets": 6.0, "club_ODI_lifetime_balls played": 71.0, "club_ODI_lifetime_overs": 41.0, "club_ODI_lifetime_runs gave": 260.0, "club_Test_previous3_runs": [], "club_Test_previous3_wickets": [], "club_Test_previous3_balls played": [], "club_Test_previous3_overs": [], "club_Test_previous3_runs gave": [], "club_Test_lifetime_runs": 0.0, "club_Test_lifetime_wickets": 0.0, "club_Test_lifetime_balls played": 0.0, "club_Test_lifetime_overs": 0.0, "club_Test_lifetime_runs gave": 0.0, "club_T20_previous3_runs": [], "club_T20_previous3_wickets": [], "club_T20_previous3_balls played": [], "club_T20_previous3_overs": [], "club_T20_previous3_runs gave": [], "club_T20_lifetime_runs": 0.0, "club_T20_lifetime_wickets": 0.0, "club_T20_lifetime_balls played": 0.0, "club_T20_lifetime_overs": 0.0, "club_T20_lifetime_runs gave": 0.0, "international_ODI_previous3_runs": [], "international_ODI_previous3_wickets": [], "international_ODI_previous3_balls played": [], "international_ODI_previous3_overs": [], "international_ODI_previous3_runs gave": [], "international_ODI_lifetime_runs": 0.0, "international_ODI_lifetime_wickets": 0.0, "international_ODI_lifetime_balls played": 0.0, "international_ODI_lifetime_overs": 0.0, "international_ODI_lifetime_runs gave": 0.0, "international_Test_previous3_runs": [], "international_Test_previous3_wickets": [], "international_Test_previous3_balls played": [], "international_Test_previous3_overs": [], "international_Test_previous3_runs gave": [], "international_Test_lifetime_runs": 0.0, "international_Test_lifetime_wickets": 0.0, "international_Test_lifetime_balls played": 0.0, "international_Test_lifetime_overs": 0.0, "international_Test_lifetime_runs gave": 0.0, "international_T20_previous3_runs": [], "international_T20_previous3_wickets": [], "international_T20_previous3_balls played": [], "international_T20_previous3_overs": [], "international_T20_previous3_runs gave": [], "international_T20_lifetime_runs": 0.0, "international_T20_lifetime_wickets": 0.0, "international_T20_lifetime_balls played": 0.0, "international_T20_lifetime_overs": 0.0, "international_T20_lifetime_runs gave": 0.0}