{"played_against": {"f5821615": {"runs": 4, "balls": 13, "wickets": 0}, "2223b920": {"runs": 0, "balls": 3, "wickets": 0}, "8d1dad51": {"runs": 0, "balls": 3, "wickets": 0}, "e0ac7144": {"runs": 10, "balls": 10, "wickets": 1}, "18fac429": {"runs": 1, "balls": 1, "wickets": 0}, "a73321d3": {"runs": 6, "balls": 4, "wickets": 0}, "0e0d43b4": {"runs": 0, "balls": 1, "wickets": 1}, "6b0c3a20": {"runs": 2, "balls": 3, "wickets": 0}, "06c2de82": {"runs": 16, "balls": 24, "wickets": 0}, "b552a935": {"runs": 3, "balls": 22, "wickets": 1}, "a7e8ff19": {"runs": 1, "balls": 1, "wickets": 0}, "86d7acf4": {"runs": 2, "balls": 2, "wickets": 1}, "8479a24a": {"runs": 2, "balls": 3, "wickets": 0}, "71440756": {"runs": 9, "balls": 5, "wickets": 0}, "8bf61e65": {"runs": 1, "balls": 4, "wickets": 0}, "249d60c9": {"runs": 2, "balls": 3, "wickets": 1}, "4a461c24": {"runs": 5, "balls": 10, "wickets": 0}, "f3abd0c9": {"runs": 8, "balls": 7, "wickets": 1}, "5da34add": {"runs": 21, "balls": 32, "wickets": 1}, "e05b2a5b": {"runs": 9, "balls": 11, "wickets": 1}, "b16cf2ec": {"runs": 3, "balls": 5, "wickets": 1}, "1427277f": {"runs": 8, "balls": 4, "wickets": 0}, "5db1c288": {"runs": 8, "balls": 20, "wickets": 1}, "cd143bca": {"runs": 4, "balls": 4, "wickets": 0}, "51a3c5ef": {"runs": 1, "balls": 4, "wickets": 0}, "70fdd428": {"runs": 19, "balls": 11, "wickets": 0}, "b7a6a60b": {"runs": 28, "balls": 8, "wickets": 0}, "450f6fa6": {"runs": 15, "balls": 31, "wickets": 0}, "7d5e0b78": {"runs": 17, "balls": 45, "wickets": 2}, "0c7f11be": {"runs": 14, "balls": 21, "wickets": 0}, "7be8a0ed": {"runs": 6, "balls": 4, "wickets": 0}, "1a88bdd3": {"runs": 17, "balls": 42, "wickets": 1}, "4c0f3806": {"runs": 0, "balls": 2, "wickets": 1}, "012829ff": {"runs": 0, "balls": 1, "wickets": 0}, "02b93a83": {"runs": 1, "balls": 2, "wickets": 1}, "e9d5218e": {"runs": 9, "balls": 21, "wickets": 0}, "d66edc9a": {"runs": 0, "balls": 1, "wickets": 0}, "bca21d18": {"runs": 8, "balls": 12, "wickets": 0}, "9395f98e": {"runs": 12, "balls": 17, "wickets": 0}, "fdb8ed0d": {"runs": 2, "balls": 3, "wickets": 1}, "808f425a": {"runs": 2, "balls": 3, "wickets": 0}, "91ffa6c6": {"runs": 18, "balls": 28, "wickets": 2}, "611926bc": {"runs": 18, "balls": 38, "wickets": 0}, "5b6d248a": {"runs": 3, "balls": 5, "wickets": 0}, "e86754b2": {"runs": 6, "balls": 18, "wickets": 1}, "ce24059d": {"runs": 0, "balls": 2, "wickets": 0}, "5ac8f17b": {"runs": 1, "balls": 5, "wickets": 0}, "151d88b3": {"runs": 4, "balls": 6, "wickets": 0}, "93e06301": {"runs": 8, "balls": 6, "wickets": 0}, "d74d1090": {"runs": 6, "balls": 8, "wickets": 0}, "e22d3b5c": {"runs": 19, "balls": 48, "wickets": 1}, "e871a7a1": {"runs": 9, "balls": 32, "wickets": 0}, "7955eb15": {"runs": 9, "balls": 24, "wickets": 0}, "58c481c6": {"runs": 4, "balls": 9, "wickets": 0}, "2a0d5d4a": {"runs": 3, "balls": 16, "wickets": 0}, "6c79c098": {"runs": 10, "balls": 6, "wickets": 0}, "70542bef": {"runs": 8, "balls": 14, "wickets": 0}, "85ebf2be": {"runs": 6, "balls": 17, "wickets": 2}, "dda5aae5": {"runs": 3, "balls": 13, "wickets": 0}, "1ad0b441": {"runs": 12, "balls": 12, "wickets": 0}, "7ca5e05d": {"runs": 1, "balls": 1, "wickets": 0}, "d99cc23a": {"runs": 15, "balls": 12, "wickets": 0}, "eddf25bd": {"runs": 4, "balls": 16, "wickets": 0}, "15101f12": {"runs": 13, "balls": 8, "wickets": 0}, "1957c6b7": {"runs": 0, "balls": 5, "wickets": 1}, "3f659464": {"runs": 2, "balls": 8, "wickets": 0}}, "fifties": 1, "thirties": 5, "centuries": 0, "maidens": 60.0, "hattricks": 9, "runs": 458.0, "wickets": 66.0, "club_ODI_previous3_runs": [26.0, 0.0, 28.0], "club_ODI_previous3_wickets": [2.0, 1.0, 0.0], "club_ODI_previous3_balls played": [18.0, 0.0, 38.0], "club_ODI_previous3_overs": [9.833333333333334, 5.0, 3.0], "club_ODI_previous3_runs gave": [73.0, 38.0, 30.0], "club_ODI_lifetime_runs": 81.0, "club_ODI_lifetime_wickets": 10.0, "club_ODI_lifetime_balls played": 90.0, "club_ODI_lifetime_overs": 52.50000000000001, "club_ODI_lifetime_runs gave": 351.0, "club_Test_previous3_runs": [42.0, 0.0, 3.0], "club_Test_previous3_wickets": [2.0, 4.0, 3.0], "club_Test_previous3_balls played": [39.0, 5.0, 19.0], "club_Test_previous3_overs": [15.0, 26.0, 8.5], "club_Test_previous3_runs gave": [59.0, 85.0, 24.0], "club_Test_lifetime_runs": 335.0, "club_Test_lifetime_wickets": 42.0, "club_Test_lifetime_balls played": 656.0, "club_Test_lifetime_overs": 360.5, "club_Test_lifetime_runs gave": 1318.0, "club_T20_previous3_runs": [0.0, 12.0, 0.0], "club_T20_previous3_wickets": [1.0, 1.0, 2.0], "club_T20_previous3_balls played": [0.0, 14.0, 0.0], "club_T20_previous3_overs": [3.1666666666666665, 4.0, 4.0], "club_T20_previous3_runs gave": [49.0, 46.0, 25.0], "club_T20_lifetime_runs": 42.0, "club_T20_lifetime_wickets": 14.0, "club_T20_lifetime_balls played": 43.0, "club_T20_lifetime_overs": 47.166666666666664, "club_T20_lifetime_runs gave": 429.0, "international_ODI_previous3_runs": [], "international_ODI_previous3_wickets": [], "international_ODI_previous3_balls played": [], "international_ODI_previous3_overs": [], "international_ODI_previous3_runs gave": [], "international_ODI_lifetime_runs": 0.0, "international_ODI_lifetime_wickets": 0.0, "international_ODI_lifetime_balls played": 0.0, "international_ODI_lifetime_overs": 0.0, "international_ODI_lifetime_runs gave": 0.0, "international_Test_previous3_runs": [], "international_Test_previous3_wickets": [], "international_Test_previous3_balls played": [], "international_Test_previous3_overs": [], "international_Test_previous3_runs gave": [], "international_Test_lifetime_runs": 0.0, "international_Test_lifetime_wickets": 0.0, "international_Test_lifetime_balls played": 0.0, "international_Test_lifetime_overs": 0.0, "international_Test_lifetime_runs gave": 0.0, "international_T20_previous3_runs": [], "international_T20_previous3_wickets": [], "international_T20_previous3_balls played": [], "international_T20_previous3_overs": [], "international_T20_previous3_runs gave": [], "international_T20_lifetime_runs": 0.0, "international_T20_lifetime_wickets": 0.0, "international_T20_lifetime_balls played": 0.0, "international_T20_lifetime_overs": 0.0, "international_T20_lifetime_runs gave": 0.0}