{"played_against": {"ad05692c": {"runs": 6, "balls": 4, "wickets": 0}, "9e287ee3": {"runs": 2, "balls": 3, "wickets": 0}, "a073f2ff": {"runs": 1, "balls": 4, "wickets": 0}, "c9c356e2": {"runs": 1, "balls": 5, "wickets": 1}, "c7aae1f0": {"runs": 9, "balls": 7, "wickets": 1}, "a9ee404e": {"runs": 6, "balls": 5, "wickets": 0}, "3fa5672e": {"runs": 16, "balls": 6, "wickets": 1}, "87a6f411": {"runs": 1, "balls": 1, "wickets": 0}, "6ceec40d": {"runs": 0, "balls": 1, "wickets": 1}, "d62f04f5": {"runs": 1, "balls": 1, "wickets": 0}, "e56f4180": {"runs": 0, "balls": 2, "wickets": 1}, "ff0b1636": {"runs": 2, "balls": 4, "wickets": 0}, "95e47073": {"runs": 10, "balls": 6, "wickets": 0}, "716bf559": {"runs": 1, "balls": 2, "wickets": 0}, "1c8cd1c3": {"runs": 1, "balls": 6, "wickets": 0}, "fd2b8c06": {"runs": 8, "balls": 6, "wickets": 1}, "2a03bd2f": {"runs": 4, "balls": 3, "wickets": 0}, "441006af": {"runs": 0, "balls": 1, "wickets": 0}, "e23da78c": {"runs": 8, "balls": 2, "wickets": 0}, "033e9d59": {"runs": 1, "balls": 2, "wickets": 0}, "443d1fd8": {"runs": 1, "balls": 3, "wickets": 0}, "c4ab9b94": {"runs": 0, "balls": 2, "wickets": 1}}, "fifties": 0, "thirties": 0, "centuries": 0, "maidens": 0.0, "hattricks": 0, "runs": 79.0, "wickets": 2.0, "club_ODI_previous3_runs": [], "club_ODI_previous3_wickets": [], "club_ODI_previous3_balls played": [], "club_ODI_previous3_overs": [], "club_ODI_previous3_runs gave": [], "club_ODI_lifetime_runs": 0.0, "club_ODI_lifetime_wickets": 0.0, "club_ODI_lifetime_balls played": 0.0, "club_ODI_lifetime_overs": 0.0, "club_ODI_lifetime_runs gave": 0.0, "club_Test_previous3_runs": [], "club_Test_previous3_wickets": [], "club_Test_previous3_balls played": [], "club_Test_previous3_overs": [], "club_Test_previous3_runs gave": [], "club_Test_lifetime_runs": 0.0, "club_Test_lifetime_wickets": 0.0, "club_Test_lifetime_balls played": 0.0, "club_Test_lifetime_overs": 0.0, "club_Test_lifetime_runs gave": 0.0, "club_T20_previous3_runs": [], "club_T20_previous3_wickets": [], "club_T20_previous3_balls played": [], "club_T20_previous3_overs": [], "club_T20_previous3_runs gave": [], "club_T20_lifetime_runs": 0.0, "club_T20_lifetime_wickets": 0.0, "club_T20_lifetime_balls played": 0.0, "club_T20_lifetime_overs": 0.0, "club_T20_lifetime_runs gave": 0.0, "international_ODI_previous3_runs": [], "international_ODI_previous3_wickets": [], "international_ODI_previous3_balls played": [], "international_ODI_previous3_overs": [], "international_ODI_previous3_runs gave": [], "international_ODI_lifetime_runs": 0.0, "international_ODI_lifetime_wickets": 0.0, "international_ODI_lifetime_balls played": 0.0, "international_ODI_lifetime_overs": 0.0, "international_ODI_lifetime_runs gave": 0.0, "international_Test_previous3_runs": [], "international_Test_previous3_wickets": [], "international_Test_previous3_balls played": [], "international_Test_previous3_overs": [], "international_Test_previous3_runs gave": [], "international_Test_lifetime_runs": 0.0, "international_Test_lifetime_wickets": 0.0, "international_Test_lifetime_balls played": 0.0, "international_Test_lifetime_overs": 0.0, "international_Test_lifetime_runs gave": 0.0, "international_T20_previous3_runs": [10.0, 0.0, 7.0], "international_T20_previous3_wickets": [0.0, 0.0, 0.0], "international_T20_previous3_balls played": [9.0, 0.0, 4.0], "international_T20_previous3_overs": [0.0, 0.0, 1.0], "international_T20_previous3_runs gave": [0.0, 0.0, 10.0], "international_T20_lifetime_runs": 79.0, "international_T20_lifetime_wickets": 2.0, "international_T20_lifetime_balls played": 76.0, "international_T20_lifetime_overs": 9.666666666666666, "international_T20_lifetime_runs gave": 130.0}