{"played_against": {"ea8b65ab": {"runs": 30, "balls": 32, "wickets": 2}, "9706e64b": {"runs": 24, "balls": 19, "wickets": 1}, "053dc208": {"runs": 19, "balls": 22, "wickets": 0}, "d4188b60": {"runs": 2, "balls": 3, "wickets": 0}, "4ba0289e": {"runs": 47, "balls": 41, "wickets": 0}, "287ed3a0": {"runs": 31, "balls": 37, "wickets": 2}, "a139c379": {"runs": 15, "balls": 12, "wickets": 0}, "a61850e6": {"runs": 111, "balls": 83, "wickets": 2}, "dbd79036": {"runs": 51, "balls": 70, "wickets": 3}, "a0fdf513": {"runs": 25, "balls": 29, "wickets": 2}, "7391f160": {"runs": 23, "balls": 21, "wickets": 0}, "de69af96": {"runs": 78, "balls": 68, "wickets": 3}, "1f7825dd": {"runs": 2, "balls": 4, "wickets": 0}, "92cf79a8": {"runs": 76, "balls": 74, "wickets": 2}, "3308d881": {"runs": 24, "balls": 39, "wickets": 0}, "a7cd72b2": {"runs": 1, "balls": 1, "wickets": 0}, "81c29317": {"runs": 9, "balls": 3, "wickets": 0}, "a49985e6": {"runs": 47, "balls": 58, "wickets": 1}, "bec997fc": {"runs": 46, "balls": 45, "wickets": 0}, "b76fd014": {"runs": 23, "balls": 24, "wickets": 0}, "a92763ea": {"runs": 60, "balls": 79, "wickets": 3}, "ad3940a5": {"runs": 24, "balls": 14, "wickets": 0}, "037f2b86": {"runs": 28, "balls": 35, "wickets": 0}, "752183c1": {"runs": 11, "balls": 25, "wickets": 3}, "558cdd64": {"runs": 13, "balls": 16, "wickets": 0}, "6b992a6f": {"runs": 2, "balls": 3, "wickets": 0}, "ec1c4b4d": {"runs": 21, "balls": 23, "wickets": 0}, "5f862ccd": {"runs": 25, "balls": 32, "wickets": 1}, "bff0535a": {"runs": 11, "balls": 7, "wickets": 0}, "44d0e8af": {"runs": 18, "balls": 12, "wickets": 0}, "e5be2427": {"runs": 13, "balls": 16, "wickets": 0}, "98dfe425": {"runs": 8, "balls": 17, "wickets": 0}, "b287e7b1": {"runs": 45, "balls": 58, "wickets": 1}, "3cfbddce": {"runs": 4, "balls": 9, "wickets": 1}, "b4f73b44": {"runs": 9, "balls": 5, "wickets": 0}, "d3b4b8ed": {"runs": 9, "balls": 9, "wickets": 1}, "77c88f05": {"runs": 8, "balls": 5, "wickets": 0}, "2ea9b32c": {"runs": 1, "balls": 1, "wickets": 0}, "ed840f44": {"runs": 99, "balls": 105, "wickets": 3}, "ca753f5d": {"runs": 11, "balls": 4, "wickets": 0}, "b97f21d8": {"runs": 1, "balls": 2, "wickets": 0}, "89bbc67a": {"runs": 38, "balls": 35, "wickets": 1}, "b8cce99f": {"runs": 25, "balls": 22, "wickets": 0}, "a6aac76b": {"runs": 5, "balls": 4, "wickets": 0}, "f3a18a0c": {"runs": 65, "balls": 83, "wickets": 1}, "907c51ab": {"runs": 9, "balls": 12, "wickets": 0}, "32497ecd": {"runs": 56, "balls": 45, "wickets": 1}, "6a434bd3": {"runs": 67, "balls": 59, "wickets": 1}, "8b552293": {"runs": 8, "balls": 10, "wickets": 1}, "4ac6664d": {"runs": 9, "balls": 7, "wickets": 0}, "5838cb64": {"runs": 33, "balls": 23, "wickets": 1}, "d4f0c300": {"runs": 5, "balls": 5, "wickets": 0}, "06653fcc": {"runs": 11, "balls": 21, "wickets": 1}, "437068a1": {"runs": 5, "balls": 11, "wickets": 0}, "e2410b5e": {"runs": 19, "balls": 27, "wickets": 1}, "fa8f9dc3": {"runs": 8, "balls": 18, "wickets": 0}, "207ba61e": {"runs": 6, "balls": 7, "wickets": 0}, "83558266": {"runs": 53, "balls": 62, "wickets": 0}, "72b7ed1e": {"runs": 31, "balls": 23, "wickets": 0}, "0d19fa13": {"runs": 10, "balls": 10, "wickets": 1}, "42d9dd09": {"runs": 30, "balls": 38, "wickets": 0}, "53bee17f": {"runs": 52, "balls": 64, "wickets": 0}, "d32cf49a": {"runs": 113, "balls": 110, "wickets": 6}, "c29ada99": {"runs": 37, "balls": 35, "wickets": 0}, "cc3884f9": {"runs": 9, "balls": 9, "wickets": 0}, "be150fc8": {"runs": 49, "balls": 48, "wickets": 3}, "be85b12d": {"runs": 6, "balls": 3, "wickets": 0}, "d58fdb42": {"runs": 0, "balls": 1, "wickets": 0}, "9b73d523": {"runs": 14, "balls": 18, "wickets": 0}, "180240d4": {"runs": 4, "balls": 14, "wickets": 1}, "ac56b5a7": {"runs": 75, "balls": 61, "wickets": 0}, "b55fb828": {"runs": 21, "balls": 18, "wickets": 0}, "e69dbbef": {"runs": 6, "balls": 13, "wickets": 0}, "3a9b3866": {"runs": 40, "balls": 26, "wickets": 2}, "7156272d": {"runs": 0, "balls": 2, "wickets": 1}, "2479daa6": {"runs": 35, "balls": 35, "wickets": 1}, "cdb82f1c": {"runs": 130, "balls": 175, "wickets": 5}, "fb192f98": {"runs": 21, "balls": 9, "wickets": 1}, "60471339": {"runs": 75, "balls": 66, "wickets": 1}, "93fe473e": {"runs": 21, "balls": 14, "wickets": 0}, "8ca1f93a": {"runs": 15, "balls": 16, "wickets": 0}, "8d6b36e3": {"runs": 5, "balls": 10, "wickets": 2}, "72166006": {"runs": 13, "balls": 21, "wickets": 3}, "0475a86b": {"runs": 73, "balls": 63, "wickets": 5}, "17608a6f": {"runs": 63, "balls": 59, "wickets": 2}, "a594a6e0": {"runs": 1, "balls": 3, "wickets": 1}, "9b3bcca4": {"runs": 79, "balls": 77, "wickets": 2}, "99e26cea": {"runs": 12, "balls": 8, "wickets": 0}, "97d86043": {"runs": 1, "balls": 1, "wickets": 0}, "2e0b6638": {"runs": 26, "balls": 27, "wickets": 1}, "df04fc4f": {"runs": 10, "balls": 8, "wickets": 0}, "2708b41c": {"runs": 16, "balls": 16, "wickets": 0}, "99812d10": {"runs": 53, "balls": 42, "wickets": 0}, "c981d3c2": {"runs": 79, "balls": 102, "wickets": 1}, "3d689960": {"runs": 37, "balls": 39, "wickets": 1}, "d921449d": {"runs": 6, "balls": 9, "wickets": 1}, "2904b4b6": {"runs": 62, "balls": 64, "wickets": 1}, "00823a96": {"runs": 30, "balls": 36, "wickets": 2}, "2dc78362": {"runs": 4, "balls": 4, "wickets": 0}, "e6acd7aa": {"runs": 4, "balls": 3, "wickets": 0}, "237ec05b": {"runs": 78, "balls": 128, "wickets": 1}, "d0bb40b8": {"runs": 51, "balls": 77, "wickets": 2}, "201fef33": {"runs": 187, "balls": 235, "wickets": 4}, "5463cb7a": {"runs": 25, "balls": 46, "wickets": 1}, "705489eb": {"runs": 46, "balls": 53, "wickets": 0}, "f9ded29b": {"runs": 5, "balls": 6, "wickets": 1}, "53cd8da6": {"runs": 64, "balls": 62, "wickets": 1}, "9d87a319": {"runs": 8, "balls": 6, "wickets": 0}, "7e9b3b60": {"runs": 6, "balls": 4, "wickets": 0}, "2beae660": {"runs": 7, "balls": 16, "wickets": 0}, "a4f1fdd4": {"runs": 9, "balls": 5, "wickets": 0}, "84f1ae7f": {"runs": 32, "balls": 43, "wickets": 3}, "d284ef29": {"runs": 1, "balls": 2, "wickets": 1}, "3b770527": {"runs": 0, "balls": 4, "wickets": 0}, "d7c6b0fb": {"runs": 7, "balls": 5, "wickets": 0}, "e381ae69": {"runs": 1, "balls": 3, "wickets": 0}, "35828bdd": {"runs": 60, "balls": 58, "wickets": 0}, "8f30d191": {"runs": 17, "balls": 25, "wickets": 0}, "6d76bc23": {"runs": 13, "balls": 9, "wickets": 1}, "1ade138e": {"runs": 88, "balls": 85, "wickets": 0}, "15f609ed": {"runs": 5, "balls": 7, "wickets": 0}, "340202b0": {"runs": 32, "balls": 49, "wickets": 3}, "efc40724": {"runs": 28, "balls": 21, "wickets": 0}, "8d742853": {"runs": 2, "balls": 2, "wickets": 0}, "6e8b586a": {"runs": 5, "balls": 5, "wickets": 0}, "cb937b2d": {"runs": 5, "balls": 6, "wickets": 0}, "78bec461": {"runs": 24, "balls": 16, "wickets": 2}, "f57d5dbb": {"runs": 51, "balls": 38, "wickets": 1}, "dff806f4": {"runs": 28, "balls": 29, "wickets": 0}, "d693012d": {"runs": 19, "balls": 19, "wickets": 2}, "852820e3": {"runs": 4, "balls": 9, "wickets": 1}, "47bcaf7a": {"runs": 25, "balls": 25, "wickets": 1}, "6c3aef71": {"runs": 62, "balls": 50, "wickets": 1}, "7c1ba524": {"runs": 2, "balls": 2, "wickets": 0}, "050492b0": {"runs": 2, "balls": 5, "wickets": 1}, "66078174": {"runs": 21, "balls": 16, "wickets": 0}, "588360ee": {"runs": 2, "balls": 3, "wickets": 1}, "02181d9a": {"runs": 30, "balls": 27, "wickets": 1}, "b34e0c77": {"runs": 81, "balls": 67, "wickets": 4}, "d2763568": {"runs": 27, "balls": 17, "wickets": 0}, "2f9a6bd1": {"runs": 9, "balls": 11, "wickets": 2}, "52d3b7ff": {"runs": 77, "balls": 62, "wickets": 2}, "f0b4294e": {"runs": 5, "balls": 4, "wickets": 1}, "75820733": {"runs": 7, "balls": 15, "wickets": 0}, "af8c3a85": {"runs": 6, "balls": 17, "wickets": 3}, "abe30ff7": {"runs": 8, "balls": 10, "wickets": 0}, "877dd709": {"runs": 2, "balls": 3, "wickets": 0}, "0816fb1e": {"runs": 9, "balls": 15, "wickets": 0}, "06f988b8": {"runs": 22, "balls": 21, "wickets": 0}, "550373ea": {"runs": 17, "balls": 29, "wickets": 2}, "c34a15e6": {"runs": 48, "balls": 53, "wickets": 0}, "0b78b7c1": {"runs": 7, "balls": 10, "wickets": 0}, "9714e764": {"runs": 5, "balls": 7, "wickets": 0}, "f13d3eba": {"runs": 12, "balls": 8, "wickets": 2}, "c4e8d728": {"runs": 0, "balls": 1, "wickets": 1}, "4ed7d23f": {"runs": 2, "balls": 4, "wickets": 0}, "108c4c09": {"runs": 38, "balls": 22, "wickets": 0}, "7673c908": {"runs": 106, "balls": 125, "wickets": 2}, "99e23670": {"runs": 51, "balls": 29, "wickets": 0}, "f0b4e47d": {"runs": 58, "balls": 63, "wickets": 0}, "d7b754d4": {"runs": 15, "balls": 16, "wickets": 2}, "c218e4e7": {"runs": 60, "balls": 40, "wickets": 3}, "d71e33bb": {"runs": 14, "balls": 15, "wickets": 0}, "c4fd751d": {"runs": 1, "balls": 3, "wickets": 1}, "a5f488bc": {"runs": 38, "balls": 32, "wickets": 2}, "ca5acfa4": {"runs": 52, "balls": 64, "wickets": 3}, "9af58032": {"runs": 25, "balls": 31, "wickets": 0}, "a51e6c6e": {"runs": 58, "balls": 47, "wickets": 0}, "c736a96b": {"runs": 24, "balls": 19, "wickets": 0}, "4cf8708b": {"runs": 7, "balls": 8, "wickets": 1}, "b125ce63": {"runs": 3, "balls": 4, "wickets": 1}, "923402d8": {"runs": 19, "balls": 17, "wickets": 0}, "507acf2e": {"runs": 16, "balls": 10, "wickets": 0}, "dd883071": {"runs": 26, "balls": 16, "wickets": 1}, "eacd9bb1": {"runs": 6, "balls": 6, "wickets": 0}, "5471b94a": {"runs": 19, "balls": 13, "wickets": 1}, "53bb50f0": {"runs": 29, "balls": 36, "wickets": 2}, "ea9c54de": {"runs": 34, "balls": 24, "wickets": 0}, "821d7d46": {"runs": 5, "balls": 5, "wickets": 0}, "5f9c8d7a": {"runs": 10, "balls": 11, "wickets": 0}, "1d6ff329": {"runs": 4, "balls": 5, "wickets": 0}, "d1f0f514": {"runs": 8, "balls": 6, "wickets": 0}, "68ac12a0": {"runs": 6, "balls": 6, "wickets": 0}, "53d50717": {"runs": 5, "balls": 3, "wickets": 0}, "c6625a26": {"runs": 82, "balls": 70, "wickets": 0}, "b4e026de": {"runs": 5, "balls": 3, "wickets": 0}, "38b4583c": {"runs": 74, "balls": 86, "wickets": 1}, "8ae7bb3e": {"runs": 5, "balls": 5, "wickets": 0}, "78fd864b": {"runs": 17, "balls": 10, "wickets": 1}, "f61e2829": {"runs": 25, "balls": 16, "wickets": 0}, "e5b17517": {"runs": 84, "balls": 76, "wickets": 1}, "4b0e3049": {"runs": 8, "balls": 8, "wickets": 1}, "d6164dc0": {"runs": 18, "balls": 25, "wickets": 0}, "2e81be88": {"runs": 25, "balls": 23, "wickets": 2}, "3cd107a7": {"runs": 10, "balls": 5, "wickets": 0}, "65d9b6b6": {"runs": 40, "balls": 35, "wickets": 0}, "fe731c62": {"runs": 9, "balls": 5, "wickets": 0}, "f7e41cd8": {"runs": 7, "balls": 6, "wickets": 2}, "0b69a844": {"runs": 28, "balls": 34, "wickets": 0}, "8c5775f3": {"runs": 2, "balls": 2, "wickets": 0}, "7b51bfa4": {"runs": 8, "balls": 9, "wickets": 0}, "bc969efb": {"runs": 68, "balls": 57, "wickets": 3}, "c4c374d9": {"runs": 46, "balls": 73, "wickets": 1}, "0d518f89": {"runs": 2, "balls": 3, "wickets": 0}, "7467fe01": {"runs": 13, "balls": 8, "wickets": 0}, "61c22ad0": {"runs": 14, "balls": 8, "wickets": 0}, "f6ddfe08": {"runs": 5, "balls": 2, "wickets": 0}, "7b1f2542": {"runs": 15, "balls": 13, "wickets": 1}, "c64b7c5b": {"runs": 7, "balls": 5, "wickets": 0}, "f7b74efa": {"runs": 5, "balls": 3, "wickets": 0}, "b5c83d22": {"runs": 3, "balls": 2, "wickets": 0}, "9c515112": {"runs": 8, "balls": 4, "wickets": 0}, "c2ac0db5": {"runs": 10, "balls": 10, "wickets": 0}, "8026ea72": {"runs": 44, "balls": 36, "wickets": 1}, "5f377534": {"runs": 23, "balls": 11, "wickets": 0}, "275dff85": {"runs": 14, "balls": 11, "wickets": 0}, "a0bc8dc1": {"runs": 4, "balls": 1, "wickets": 0}, "910dd54e": {"runs": 3, "balls": 3, "wickets": 1}, "c3d27d76": {"runs": 7, "balls": 5, "wickets": 0}, "fa0bf9d9": {"runs": 14, "balls": 10, "wickets": 0}, "321c980e": {"runs": 4, "balls": 3, "wickets": 0}, "c35739a1": {"runs": 11, "balls": 8, "wickets": 0}, "6900060d": {"runs": 7, "balls": 6, "wickets": 0}, "7693851c": {"runs": 17, "balls": 22, "wickets": 2}, "ca1a3105": {"runs": 1, "balls": 1, "wickets": 0}, "77143581": {"runs": 52, "balls": 49, "wickets": 2}, "33946d69": {"runs": 27, "balls": 29, "wickets": 1}, "7298db76": {"runs": 36, "balls": 35, "wickets": 0}, "47fb8d80": {"runs": 10, "balls": 5, "wickets": 0}, "3664712e": {"runs": 14, "balls": 7, "wickets": 0}, "443c122f": {"runs": 1, "balls": 4, "wickets": 0}, "0dc28b3f": {"runs": 1, "balls": 8, "wickets": 0}, "712a32d7": {"runs": 5, "balls": 3, "wickets": 0}, "f2c1f0e5": {"runs": 10, "balls": 11, "wickets": 1}, "ade5c0c0": {"runs": 1, "balls": 3, "wickets": 0}, "fdc6b34d": {"runs": 2, "balls": 3, "wickets": 0}, "dfdaca74": {"runs": 2, "balls": 2, "wickets": 0}, "5777d460": {"runs": 11, "balls": 3, "wickets": 0}, "091001f8": {"runs": 3, "balls": 3, "wickets": 0}, "2f485713": {"runs": 4, "balls": 4, "wickets": 0}, "cefad9fd": {"runs": 20, "balls": 14, "wickets": 0}, "31adb911": {"runs": 12, "balls": 6, "wickets": 0}, "d12c8445": {"runs": 9, "balls": 7, "wickets": 0}, "4d4605e6": {"runs": 7, "balls": 7, "wickets": 0}, "c9366237": {"runs": 0, "balls": 3, "wickets": 0}, "7ce7fb3c": {"runs": 1, "balls": 4, "wickets": 0}, "6ee11109": {"runs": 45, "balls": 37, "wickets": 0}, "efb6cb2a": {"runs": 12, "balls": 9, "wickets": 0}, "6df697a9": {"runs": 13, "balls": 15, "wickets": 0}, "99dc3877": {"runs": 1, "balls": 3, "wickets": 0}, "4b69c598": {"runs": 2, "balls": 5, "wickets": 1}, "db873292": {"runs": 14, "balls": 14, "wickets": 0}, "aaf037b1": {"runs": 3, "balls": 5, "wickets": 0}, "ea544967": {"runs": 19, "balls": 7, "wickets": 0}, "2fa916b3": {"runs": 8, "balls": 8, "wickets": 0}, "5d2eda89": {"runs": 19, "balls": 15, "wickets": 0}, "eadc8924": {"runs": 16, "balls": 22, "wickets": 0}, "d8f59089": {"runs": 7, "balls": 8, "wickets": 0}, "907e5f6c": {"runs": 1, "balls": 1, "wickets": 0}, "54719239": {"runs": 8, "balls": 6, "wickets": 0}, "58717de2": {"runs": 29, "balls": 14, "wickets": 0}, "abc9f8a4": {"runs": 2, "balls": 2, "wickets": 0}, "9049ab63": {"runs": 13, "balls": 8, "wickets": 0}, "0d56e9a5": {"runs": 1, "balls": 1, "wickets": 0}, "c3394c16": {"runs": 10, "balls": 7, "wickets": 0}, "385eac52": {"runs": 10, "balls": 6, "wickets": 0}, "89895ae1": {"runs": 0, "balls": 3, "wickets": 0}, "795ff893": {"runs": 2, "balls": 6, "wickets": 0}, "b54cc792": {"runs": 3, "balls": 5, "wickets": 0}}, "fifties": 23, "thirties": 43, "centuries": 4, "maidens": 103.0, "hattricks": 24, "runs": 6286.0, "wickets": 330.0, "club_ODI_previous3_runs": [], "club_ODI_previous3_wickets": [], "club_ODI_previous3_balls played": [], "club_ODI_previous3_overs": [], "club_ODI_previous3_runs gave": [], "club_ODI_lifetime_runs": 0.0, "club_ODI_lifetime_wickets": 0.0, "club_ODI_lifetime_balls played": 0.0, "club_ODI_lifetime_overs": 0.0, "club_ODI_lifetime_runs gave": 0.0, "club_Test_previous3_runs": [], "club_Test_previous3_wickets": [], "club_Test_previous3_balls played": [], "club_Test_previous3_overs": [], "club_Test_previous3_runs gave": [], "club_Test_lifetime_runs": 0.0, "club_Test_lifetime_wickets": 0.0, "club_Test_lifetime_balls played": 0.0, "club_Test_lifetime_overs": 0.0, "club_Test_lifetime_runs gave": 0.0, "club_T20_previous3_runs": [15.0, 16.0, 16.0], "club_T20_previous3_wickets": [2.0, 0.0, 2.0], "club_T20_previous3_balls played": [11.0, 12.0, 8.0], "club_T20_previous3_overs": [4.0, 4.0, 3.8333333333333335], "club_T20_previous3_runs gave": [29.0, 23.0, 23.0], "club_T20_lifetime_runs": 2484.0, "club_T20_lifetime_wickets": 170.0, "club_T20_lifetime_balls played": 2182.0, "club_T20_lifetime_overs": 668.9666666666665, "club_T20_lifetime_runs gave": 3870.0, "international_ODI_previous3_runs": [24.0, 114.0, 7.0], "international_ODI_previous3_wickets": [0.0, 0.0, 0.0], "international_ODI_previous3_balls played": [39.0, 94.0, 20.0], "international_ODI_previous3_overs": [0.0, 0.0, 0.0], "international_ODI_previous3_runs gave": [0.0, 0.0, 0.0], "international_ODI_lifetime_runs": 2158.0, "international_ODI_lifetime_wickets": 96.0, "international_ODI_lifetime_balls played": 2470.0, "international_ODI_lifetime_overs": 762.5000000000001, "international_ODI_lifetime_runs gave": 3140.0, "international_Test_previous3_runs": [193.0, 105.0], "international_Test_previous3_wickets": [0.0, 0.0], "international_Test_previous3_balls played": [270.0, 221.0], "international_Test_previous3_overs": [21.0, 0.0], "international_Test_previous3_runs gave": [40.0, 0.0], "international_Test_lifetime_runs": 298.0, "international_Test_lifetime_wickets": 0.0, "international_Test_lifetime_balls played": 491.0, "international_Test_lifetime_overs": 21.0, "international_Test_lifetime_runs gave": 40.0, "international_T20_previous3_runs": [13.0, 0.0, 8.0], "international_T20_previous3_wickets": [1.0, 1.0, 0.0], "international_T20_previous3_balls played": [13.0, 0.0, 8.0], "international_T20_previous3_overs": [4.0, 3.8333333333333335, 4.0], "international_T20_previous3_runs gave": [10.0, 28.0, 26.0], "international_T20_lifetime_runs": 1346.0, "international_T20_lifetime_wickets": 64.0, "international_T20_lifetime_balls played": 1269.0, "international_T20_lifetime_overs": 273.3333333333333, "international_T20_lifetime_runs gave": 1587.0}