{"played_against": {"2cffab74": {"runs": 1, "balls": 1, "wickets": 0}, "bc67cc22": {"runs": 3, "balls": 4, "wickets": 0}, "c2ce55cb": {"runs": 7, "balls": 6, "wickets": 0}, "0ff9728b": {"runs": 6, "balls": 6, "wickets": 0}, "7b5b6311": {"runs": 7, "balls": 5, "wickets": 0}, "2f49c897": {"runs": 10, "balls": 4, "wickets": 0}, "f0f628c7": {"runs": 2, "balls": 5, "wickets": 0}, "983f2f61": {"runs": 8, "balls": 3, "wickets": 0}, "50455929": {"runs": 2, "balls": 2, "wickets": 0}, "5fa06777": {"runs": 7, "balls": 2, "wickets": 0}, "8da6dbf1": {"runs": 12, "balls": 7, "wickets": 0}, "6aed7e79": {"runs": 5, "balls": 4, "wickets": 0}, "a45a5e8d": {"runs": 2, "balls": 3, "wickets": 0}, "1abb78f8": {"runs": 4, "balls": 5, "wickets": 0}, "d2a989fc": {"runs": 8, "balls": 5, "wickets": 0}, "f705d984": {"runs": 6, "balls": 8, "wickets": 0}, "ddb00822": {"runs": 11, "balls": 8, "wickets": 0}, "39dd4d6d": {"runs": 10, "balls": 5, "wickets": 0}, "fb90249c": {"runs": 1, "balls": 3, "wickets": 1}}, "fifties": 0, "thirties": 2, "centuries": 0, "maidens": 0.0, "hattricks": 0, "runs": 112.0, "wickets": 0.0, "club_ODI_previous3_runs": [], "club_ODI_previous3_wickets": [], "club_ODI_previous3_balls played": [], "club_ODI_previous3_overs": [], "club_ODI_previous3_runs gave": [], "club_ODI_lifetime_runs": 0.0, "club_ODI_lifetime_wickets": 0.0, "club_ODI_lifetime_balls played": 0.0, "club_ODI_lifetime_overs": 0.0, "club_ODI_lifetime_runs gave": 0.0, "club_Test_previous3_runs": [], "club_Test_previous3_wickets": [], "club_Test_previous3_balls played": [], "club_Test_previous3_overs": [], "club_Test_previous3_runs gave": [], "club_Test_lifetime_runs": 0.0, "club_Test_lifetime_wickets": 0.0, "club_Test_lifetime_balls played": 0.0, "club_Test_lifetime_overs": 0.0, "club_Test_lifetime_runs gave": 0.0, "club_T20_previous3_runs": [19.0, 31.0, 28.0], "club_T20_previous3_wickets": [0.0, 0.0, 0.0], "club_T20_previous3_balls played": [12.0, 26.0, 24.0], "club_T20_previous3_overs": [0.0, 0.0, 0.0], "club_T20_previous3_runs gave": [0.0, 0.0, 0.0], "club_T20_lifetime_runs": 112.0, "club_T20_lifetime_wickets": 0.0, "club_T20_lifetime_balls played": 89.0, "club_T20_lifetime_overs": 0.0, "club_T20_lifetime_runs gave": 0.0, "international_ODI_previous3_runs": [], "international_ODI_previous3_wickets": [], "international_ODI_previous3_balls played": [], "international_ODI_previous3_overs": [], "international_ODI_previous3_runs gave": [], "international_ODI_lifetime_runs": 0.0, "international_ODI_lifetime_wickets": 0.0, "international_ODI_lifetime_balls played": 0.0, "international_ODI_lifetime_overs": 0.0, "international_ODI_lifetime_runs gave": 0.0, "international_Test_previous3_runs": [], "international_Test_previous3_wickets": [], "international_Test_previous3_balls played": [], "international_Test_previous3_overs": [], "international_Test_previous3_runs gave": [], "international_Test_lifetime_runs": 0.0, "international_Test_lifetime_wickets": 0.0, "international_Test_lifetime_balls played": 0.0, "international_Test_lifetime_overs": 0.0, "international_Test_lifetime_runs gave": 0.0, "international_T20_previous3_runs": [], "international_T20_previous3_wickets": [], "international_T20_previous3_balls played": [], "international_T20_previous3_overs": [], "international_T20_previous3_runs gave": [], "international_T20_lifetime_runs": 0.0, "international_T20_lifetime_wickets": 0.0, "international_T20_lifetime_balls played": 0.0, "international_T20_lifetime_overs": 0.0, "international_T20_lifetime_runs gave": 0.0}