{"played_against": {"82038f80": {"runs": 0, "balls": 3, "wickets": 1}, "de43472d": {"runs": 19, "balls": 26, "wickets": 1}, "6232e1ed": {"runs": 28, "balls": 76, "wickets": 5}, "3147131e": {"runs": 11, "balls": 30, "wickets": 0}, "c8065f31": {"runs": 15, "balls": 22, "wickets": 1}, "33f44dfc": {"runs": 19, "balls": 11, "wickets": 0}, "c962d3a5": {"runs": 5, "balls": 11, "wickets": 1}, "bd48593c": {"runs": 3, "balls": 5, "wickets": 0}, "51c90542": {"runs": 30, "balls": 39, "wickets": 1}, "f31ce798": {"runs": 17, "balls": 17, "wickets": 0}, "7f3ad1ed": {"runs": 8, "balls": 10, "wickets": 0}, "415e5c01": {"runs": 23, "balls": 19, "wickets": 1}, "00784913": {"runs": 1, "balls": 5, "wickets": 0}, "af28816c": {"runs": 33, "balls": 36, "wickets": 0}, "49dfe4a4": {"runs": 13, "balls": 5, "wickets": 0}, "9061a703": {"runs": 5, "balls": 3, "wickets": 1}, "99cddc5e": {"runs": 17, "balls": 12, "wickets": 0}, "bd0a4a7d": {"runs": 74, "balls": 91, "wickets": 3}, "59ea70a4": {"runs": 3, "balls": 4, "wickets": 1}, "574b4c01": {"runs": 28, "balls": 35, "wickets": 0}, "25550d06": {"runs": 45, "balls": 68, "wickets": 1}, "e957b38f": {"runs": 58, "balls": 68, "wickets": 1}, "f4a9e5a1": {"runs": 14, "balls": 8, "wickets": 1}, "8c2aa0f9": {"runs": 12, "balls": 7, "wickets": 0}, "33b3d2df": {"runs": 4, "balls": 5, "wickets": 0}, "c9945bdf": {"runs": 1, "balls": 2, "wickets": 1}, "fc55ec67": {"runs": 23, "balls": 36, "wickets": 3}, "05f85159": {"runs": 10, "balls": 16, "wickets": 2}, "478a63e7": {"runs": 1, "balls": 3, "wickets": 0}, "c491e6e1": {"runs": 2, "balls": 2, "wickets": 0}, "29b89ae8": {"runs": 16, "balls": 19, "wickets": 0}, "11e8e25f": {"runs": 15, "balls": 10, "wickets": 0}, "8ff85f5c": {"runs": 1, "balls": 1, "wickets": 0}, "ed282cc2": {"runs": 7, "balls": 5, "wickets": 0}, "69b1224b": {"runs": 3, "balls": 3, "wickets": 0}, "7afc806f": {"runs": 3, "balls": 5, "wickets": 0}, "0f9c9d1d": {"runs": 4, "balls": 16, "wickets": 1}, "b4402d8a": {"runs": 16, "balls": 22, "wickets": 0}, "d26de4de": {"runs": 6, "balls": 6, "wickets": 0}}, "fifties": 3, "thirties": 3, "centuries": 1, "maidens": 0.0, "hattricks": 0, "runs": 593.0, "wickets": 0.0, "club_ODI_previous3_runs": [11.0, 7.0, 39.0], "club_ODI_previous3_wickets": [0.0, 0.0, 0.0], "club_ODI_previous3_balls played": [10.0, 23.0, 55.0], "club_ODI_previous3_overs": [0.0, 0.0, 0.0], "club_ODI_previous3_runs gave": [0.0, 0.0, 0.0], "club_ODI_lifetime_runs": 482.0, "club_ODI_lifetime_wickets": 0.0, "club_ODI_lifetime_balls played": 671.0, "club_ODI_lifetime_overs": 0.0, "club_ODI_lifetime_runs gave": 0.0, "club_Test_previous3_runs": [], "club_Test_previous3_wickets": [], "club_Test_previous3_balls played": [], "club_Test_previous3_overs": [], "club_Test_previous3_runs gave": [], "club_Test_lifetime_runs": 0.0, "club_Test_lifetime_wickets": 0.0, "club_Test_lifetime_balls played": 0.0, "club_Test_lifetime_overs": 0.0, "club_Test_lifetime_runs gave": 0.0, "club_T20_previous3_runs": [0.0, 10.0, 6.0], "club_T20_previous3_wickets": [0.0, 0.0, 0.0], "club_T20_previous3_balls played": [0.0, 14.0, 9.0], "club_T20_previous3_overs": [0.0, 0.0, 0.0], "club_T20_previous3_runs gave": [0.0, 0.0, 0.0], "club_T20_lifetime_runs": 111.0, "club_T20_lifetime_wickets": 0.0, "club_T20_lifetime_balls played": 97.0, "club_T20_lifetime_overs": 0.0, "club_T20_lifetime_runs gave": 0.0, "international_ODI_previous3_runs": [], "international_ODI_previous3_wickets": [], "international_ODI_previous3_balls played": [], "international_ODI_previous3_overs": [], "international_ODI_previous3_runs gave": [], "international_ODI_lifetime_runs": 0.0, "international_ODI_lifetime_wickets": 0.0, "international_ODI_lifetime_balls played": 0.0, "international_ODI_lifetime_overs": 0.0, "international_ODI_lifetime_runs gave": 0.0, "international_Test_previous3_runs": [], "international_Test_previous3_wickets": [], "international_Test_previous3_balls played": [], "international_Test_previous3_overs": [], "international_Test_previous3_runs gave": [], "international_Test_lifetime_runs": 0.0, "international_Test_lifetime_wickets": 0.0, "international_Test_lifetime_balls played": 0.0, "international_Test_lifetime_overs": 0.0, "international_Test_lifetime_runs gave": 0.0, "international_T20_previous3_runs": [], "international_T20_previous3_wickets": [], "international_T20_previous3_balls played": [], "international_T20_previous3_overs": [], "international_T20_previous3_runs gave": [], "international_T20_lifetime_runs": 0.0, "international_T20_lifetime_wickets": 0.0, "international_T20_lifetime_balls played": 0.0, "international_T20_lifetime_overs": 0.0, "international_T20_lifetime_runs gave": 0.0}