{"played_against": {"4d7f517e": {"runs": 1, "balls": 5, "wickets": 1}, "7d92277a": {"runs": 11, "balls": 8, "wickets": 0}, "bc773eeb": {"runs": 12, "balls": 5, "wickets": 0}, "e1b9f3a9": {"runs": 26, "balls": 18, "wickets": 2}, "f422728b": {"runs": 50, "balls": 15, "wickets": 0}, "2cbdd22f": {"runs": 9, "balls": 7, "wickets": 0}, "1a2676c5": {"runs": 25, "balls": 23, "wickets": 1}, "ffe699c0": {"runs": 2, "balls": 3, "wickets": 0}, "3540beff": {"runs": 40, "balls": 32, "wickets": 2}, "4933f499": {"runs": 36, "balls": 26, "wickets": 1}, "b08e58e2": {"runs": 11, "balls": 6, "wickets": 1}, "ff1e12a0": {"runs": 2, "balls": 4, "wickets": 0}, "fe366f34": {"runs": 8, "balls": 3, "wickets": 0}, "7c7d63a2": {"runs": 2, "balls": 7, "wickets": 1}, "68e26ec9": {"runs": 12, "balls": 5, "wickets": 0}, "a2421394": {"runs": 16, "balls": 8, "wickets": 0}, "a90e53ec": {"runs": 28, "balls": 10, "wickets": 0}, "15de1f5d": {"runs": 9, "balls": 5, "wickets": 0}, "272fc5ad": {"runs": 1, "balls": 1, "wickets": 0}, "bd93fea4": {"runs": 1, "balls": 2, "wickets": 0}, "51a60c16": {"runs": 35, "balls": 12, "wickets": 1}, "65b6943c": {"runs": 5, "balls": 5, "wickets": 1}, "8f3fde65": {"runs": 4, "balls": 6, "wickets": 2}, "64775749": {"runs": 10, "balls": 15, "wickets": 1}, "7c8f533d": {"runs": 4, "balls": 1, "wickets": 0}, "bd4ea627": {"runs": 0, "balls": 1, "wickets": 1}, "caf69bf7": {"runs": 21, "balls": 12, "wickets": 1}, "19b9f399": {"runs": 8, "balls": 10, "wickets": 1}, "016188b4": {"runs": 1, "balls": 1, "wickets": 0}, "e1a867df": {"runs": 11, "balls": 6, "wickets": 1}, "1b04e02b": {"runs": 9, "balls": 9, "wickets": 0}, "bc2d4f2e": {"runs": 10, "balls": 5, "wickets": 0}, "22ae3041": {"runs": 11, "balls": 8, "wickets": 0}, "aa3c7a7a": {"runs": 7, "balls": 4, "wickets": 0}, "6c79c098": {"runs": 14, "balls": 11, "wickets": 2}, "38c276e1": {"runs": 6, "balls": 7, "wickets": 0}, "dfc4d8b5": {"runs": 0, "balls": 1, "wickets": 1}, "1558d83b": {"runs": 15, "balls": 10, "wickets": 0}, "52c952d9": {"runs": 4, "balls": 4, "wickets": 0}, "28392e11": {"runs": 1, "balls": 1, "wickets": 0}, "f787e0eb": {"runs": 15, "balls": 27, "wickets": 0}, "e86754b2": {"runs": 8, "balls": 4, "wickets": 0}, "ac2e7ec0": {"runs": 14, "balls": 5, "wickets": 0}, "8abdf100": {"runs": 4, "balls": 4, "wickets": 0}, "9eb1455b": {"runs": 0, "balls": 2, "wickets": 0}, "5e3054d0": {"runs": 2, "balls": 2, "wickets": 0}, "1f84183a": {"runs": 6, "balls": 4, "wickets": 1}, "d405c0d5": {"runs": 7, "balls": 3, "wickets": 0}, "055be93a": {"runs": 26, "balls": 12, "wickets": 0}, "003d49e6": {"runs": 40, "balls": 15, "wickets": 0}, "616a8149": {"runs": 24, "balls": 8, "wickets": 0}, "687e20b3": {"runs": 6, "balls": 5, "wickets": 0}, "b3a28446": {"runs": 11, "balls": 6, "wickets": 0}, "2cec2a92": {"runs": 7, "balls": 7, "wickets": 0}, "9d1d34bd": {"runs": 14, "balls": 10, "wickets": 1}, "64c34cd0": {"runs": 13, "balls": 4, "wickets": 0}, "9b06106d": {"runs": 8, "balls": 6, "wickets": 0}, "9dad0f2e": {"runs": 2, "balls": 1, "wickets": 0}, "7dc35884": {"runs": 0, "balls": 2, "wickets": 1}, "bb351c23": {"runs": 9, "balls": 6, "wickets": 0}, "aa467af0": {"runs": 16, "balls": 8, "wickets": 0}, "83d17bbc": {"runs": 11, "balls": 7, "wickets": 0}, "5935d694": {"runs": 0, "balls": 2, "wickets": 1}, "11614d87": {"runs": 4, "balls": 4, "wickets": 1}, "8919756f": {"runs": 6, "balls": 7, "wickets": 0}, "bb34fd31": {"runs": 4, "balls": 3, "wickets": 0}, "ef18b66e": {"runs": 1, "balls": 4, "wickets": 1}, "73c18486": {"runs": 9, "balls": 7, "wickets": 0}, "529eb9e0": {"runs": 12, "balls": 6, "wickets": 1}}, "fifties": 2, "thirties": 7, "centuries": 1, "maidens": 0.0, "hattricks": 0, "runs": 757.0, "wickets": 0.0, "club_ODI_previous3_runs": [], "club_ODI_previous3_wickets": [], "club_ODI_previous3_balls played": [], "club_ODI_previous3_overs": [], "club_ODI_previous3_runs gave": [], "club_ODI_lifetime_runs": 0.0, "club_ODI_lifetime_wickets": 0.0, "club_ODI_lifetime_balls played": 0.0, "club_ODI_lifetime_overs": 0.0, "club_ODI_lifetime_runs gave": 0.0, "club_Test_previous3_runs": [], "club_Test_previous3_wickets": [], "club_Test_previous3_balls played": [], "club_Test_previous3_overs": [], "club_Test_previous3_runs gave": [], "club_Test_lifetime_runs": 0.0, "club_Test_lifetime_wickets": 0.0, "club_Test_lifetime_balls played": 0.0, "club_Test_lifetime_overs": 0.0, "club_Test_lifetime_runs gave": 0.0, "club_T20_previous3_runs": [4.0, 11.0, 34.0], "club_T20_previous3_wickets": [0.0, 0.0, 0.0], "club_T20_previous3_balls played": [4.0, 14.0, 22.0], "club_T20_previous3_overs": [0.0, 0.0, 0.0], "club_T20_previous3_runs gave": [0.0, 0.0, 0.0], "club_T20_lifetime_runs": 757.0, "club_T20_lifetime_wickets": 0.0, "club_T20_lifetime_balls played": 511.0, "club_T20_lifetime_overs": 0.0, "club_T20_lifetime_runs gave": 0.0, "international_ODI_previous3_runs": [], "international_ODI_previous3_wickets": [], "international_ODI_previous3_balls played": [], "international_ODI_previous3_overs": [], "international_ODI_previous3_runs gave": [], "international_ODI_lifetime_runs": 0.0, "international_ODI_lifetime_wickets": 0.0, "international_ODI_lifetime_balls played": 0.0, "international_ODI_lifetime_overs": 0.0, "international_ODI_lifetime_runs gave": 0.0, "international_Test_previous3_runs": [], "international_Test_previous3_wickets": [], "international_Test_previous3_balls played": [], "international_Test_previous3_overs": [], "international_Test_previous3_runs gave": [], "international_Test_lifetime_runs": 0.0, "international_Test_lifetime_wickets": 0.0, "international_Test_lifetime_balls played": 0.0, "international_Test_lifetime_overs": 0.0, "international_Test_lifetime_runs gave": 0.0, "international_T20_previous3_runs": [], "international_T20_previous3_wickets": [], "international_T20_previous3_balls played": [], "international_T20_previous3_overs": [], "international_T20_previous3_runs gave": [], "international_T20_lifetime_runs": 0.0, "international_T20_lifetime_wickets": 0.0, "international_T20_lifetime_balls played": 0.0, "international_T20_lifetime_overs": 0.0, "international_T20_lifetime_runs gave": 0.0}