{"played_against": {"0f12f9df": {"runs": 3, "balls": 6, "wickets": 0}, "76388dc8": {"runs": 11, "balls": 6, "wickets": 0}, "a03bba42": {"runs": 57, "balls": 56, "wickets": 3}, "87e562a9": {"runs": 61, "balls": 47, "wickets": 2}, "557153ca": {"runs": 2, "balls": 7, "wickets": 1}, "684a56df": {"runs": 18, "balls": 6, "wickets": 0}, "d68e7f48": {"runs": 58, "balls": 34, "wickets": 2}, "64d43928": {"runs": 15, "balls": 11, "wickets": 2}, "a1d053dd": {"runs": 41, "balls": 27, "wickets": 0}, "b0946605": {"runs": 48, "balls": 27, "wickets": 1}, "531f0278": {"runs": 2, "balls": 2, "wickets": 0}, "0a9d8b61": {"runs": 7, "balls": 5, "wickets": 0}, "9d430b40": {"runs": 71, "balls": 98, "wickets": 4}, "364ee2cf": {"runs": 14, "balls": 8, "wickets": 0}, "af2c687b": {"runs": 13, "balls": 5, "wickets": 0}, "aa8d28ae": {"runs": 40, "balls": 20, "wickets": 1}, "a757b0d8": {"runs": 76, "balls": 31, "wickets": 1}, "4329fbb5": {"runs": 5, "balls": 9, "wickets": 0}, "d76b0d2d": {"runs": 5, "balls": 7, "wickets": 1}, "c03c6200": {"runs": 0, "balls": 1, "wickets": 1}, "c03449e0": {"runs": 8, "balls": 4, "wickets": 0}, "0077eaa3": {"runs": 1, "balls": 4, "wickets": 0}, "c0babb93": {"runs": 12, "balls": 4, "wickets": 0}, "14f96089": {"runs": 47, "balls": 38, "wickets": 1}, "0d51e658": {"runs": 2, "balls": 4, "wickets": 0}, "78dfe704": {"runs": 27, "balls": 20, "wickets": 1}, "f2665768": {"runs": 2, "balls": 4, "wickets": 0}, "770494eb": {"runs": 6, "balls": 9, "wickets": 0}, "2f28dc94": {"runs": 25, "balls": 11, "wickets": 1}, "469ea22b": {"runs": 11, "balls": 11, "wickets": 0}, "2af838ee": {"runs": 27, "balls": 18, "wickets": 2}, "49691d7a": {"runs": 9, "balls": 7, "wickets": 0}, "afe57f7a": {"runs": 27, "balls": 22, "wickets": 2}, "26d041c4": {"runs": 15, "balls": 9, "wickets": 0}, "9f0270e0": {"runs": 1, "balls": 1, "wickets": 0}, "4b2d6789": {"runs": 1, "balls": 4, "wickets": 0}, "9de62878": {"runs": 44, "balls": 49, "wickets": 4}, "2911de16": {"runs": 40, "balls": 30, "wickets": 1}, "495d42a5": {"runs": 8, "balls": 18, "wickets": 1}, "8d2c70ad": {"runs": 34, "balls": 68, "wickets": 5}, "cc1e8c68": {"runs": 33, "balls": 24, "wickets": 2}, "dbe50b21": {"runs": 35, "balls": 28, "wickets": 1}, "8cf9814c": {"runs": 19, "balls": 16, "wickets": 0}, "64c34cd0": {"runs": 4, "balls": 5, "wickets": 0}, "4d7f517e": {"runs": 28, "balls": 40, "wickets": 0}, "b3118300": {"runs": 4, "balls": 10, "wickets": 2}, "a61bcb94": {"runs": 51, "balls": 36, "wickets": 2}, "f846de6a": {"runs": 4, "balls": 4, "wickets": 0}, "95fcbfb7": {"runs": 2, "balls": 2, "wickets": 0}, "f8cdc4d7": {"runs": 3, "balls": 3, "wickets": 0}, "5f547c8b": {"runs": 27, "balls": 34, "wickets": 1}, "e7de4f6b": {"runs": 1, "balls": 4, "wickets": 2}, "62af8546": {"runs": 7, "balls": 11, "wickets": 0}, "f3171936": {"runs": 22, "balls": 11, "wickets": 0}, "e342e5fb": {"runs": 35, "balls": 13, "wickets": 2}, "529eb9e0": {"runs": 75, "balls": 52, "wickets": 5}, "73c18486": {"runs": 8, "balls": 7, "wickets": 0}, "99ed60f8": {"runs": 1, "balls": 2, "wickets": 1}, "8b248d88": {"runs": 2, "balls": 2, "wickets": 0}, "9a963804": {"runs": 30, "balls": 17, "wickets": 1}, "249d60c9": {"runs": 66, "balls": 72, "wickets": 4}, "ffe699c0": {"runs": 66, "balls": 34, "wickets": 3}, "e86754b2": {"runs": 15, "balls": 15, "wickets": 1}, "e087956b": {"runs": 7, "balls": 8, "wickets": 0}, "4c5d73db": {"runs": 29, "balls": 22, "wickets": 2}, "bb351c23": {"runs": 41, "balls": 26, "wickets": 1}, "3d0ed2f9": {"runs": 6, "balls": 5, "wickets": 0}, "2e9fdf9b": {"runs": 10, "balls": 6, "wickets": 1}, "2f9d0389": {"runs": 49, "balls": 37, "wickets": 2}, "13c35c9e": {"runs": 53, "balls": 41, "wickets": 4}, "383dd431": {"runs": 10, "balls": 17, "wickets": 0}, "a818c1be": {"runs": 62, "balls": 31, "wickets": 1}, "e84ac20c": {"runs": 1, "balls": 1, "wickets": 0}, "e4a0deae": {"runs": 8, "balls": 22, "wickets": 1}, "641ac5ff": {"runs": 25, "balls": 23, "wickets": 1}, "63a1874a": {"runs": 4, "balls": 2, "wickets": 1}, "e957b38f": {"runs": 17, "balls": 15, "wickets": 0}, "99cddc5e": {"runs": 10, "balls": 28, "wickets": 0}, "cf494ffe": {"runs": 2, "balls": 6, "wickets": 0}, "29b89ae8": {"runs": 20, "balls": 17, "wickets": 0}, "243431b5": {"runs": 37, "balls": 21, "wickets": 0}, "c89474d1": {"runs": 15, "balls": 11, "wickets": 1}, "91052c96": {"runs": 7, "balls": 8, "wickets": 0}, "4557dc54": {"runs": 23, "balls": 15, "wickets": 1}, "05c2ca46": {"runs": 6, "balls": 5, "wickets": 0}, "d99cc23a": {"runs": 7, "balls": 2, "wickets": 0}, "3a7ea906": {"runs": 17, "balls": 9, "wickets": 0}, "a790df98": {"runs": 5, "balls": 3, "wickets": 0}, "59792462": {"runs": 3, "balls": 3, "wickets": 0}, "449f4e3c": {"runs": 17, "balls": 11, "wickets": 2}, "28131839": {"runs": 8, "balls": 13, "wickets": 1}, "98e908bd": {"runs": 3, "balls": 3, "wickets": 0}, "f43dd8c2": {"runs": 5, "balls": 10, "wickets": 1}, "e9a870ed": {"runs": 1, "balls": 1, "wickets": 0}, "3f61a062": {"runs": 3, "balls": 5, "wickets": 0}, "bd4ea627": {"runs": 4, "balls": 4, "wickets": 0}, "e174dadd": {"runs": 39, "balls": 33, "wickets": 3}, "45a7e761": {"runs": 43, "balls": 27, "wickets": 2}, "0a8fce53": {"runs": 103, "balls": 91, "wickets": 4}, "f56cd097": {"runs": 46, "balls": 53, "wickets": 1}, "7dc35884": {"runs": 85, "balls": 92, "wickets": 0}, "c58b0108": {"runs": 68, "balls": 75, "wickets": 1}, "8919756f": {"runs": 17, "balls": 27, "wickets": 0}, "e186f49c": {"runs": 22, "balls": 26, "wickets": 2}, "6575e3bc": {"runs": 10, "balls": 5, "wickets": 0}, "31803fac": {"runs": 40, "balls": 17, "wickets": 0}, "4d9f9686": {"runs": 14, "balls": 13, "wickets": 0}, "b0eaaac6": {"runs": 21, "balls": 11, "wickets": 1}, "d9609443": {"runs": 0, "balls": 3, "wickets": 1}, "8d5d991e": {"runs": 20, "balls": 11, "wickets": 0}, "51a3c5ef": {"runs": 17, "balls": 9, "wickets": 0}, "2e11c706": {"runs": 24, "balls": 19, "wickets": 1}, "b410bd3d": {"runs": 3, "balls": 5, "wickets": 0}, "acee4cc4": {"runs": 64, "balls": 61, "wickets": 3}, "7a80ddf2": {"runs": 4, "balls": 3, "wickets": 0}, "19b9f399": {"runs": 17, "balls": 15, "wickets": 1}, "c4d9634c": {"runs": 24, "balls": 14, "wickets": 1}, "78cb83f3": {"runs": 30, "balls": 17, "wickets": 1}, "2ae01eb0": {"runs": 2, "balls": 2, "wickets": 0}, "f7c3d426": {"runs": 6, "balls": 5, "wickets": 0}, "4a745f65": {"runs": 1, "balls": 2, "wickets": 0}, "0f721006": {"runs": 31, "balls": 25, "wickets": 1}, "a8e3170f": {"runs": 21, "balls": 8, "wickets": 0}, "b52ffbbd": {"runs": 38, "balls": 18, "wickets": 1}, "6f4c73ce": {"runs": 6, "balls": 8, "wickets": 1}, "75224f22": {"runs": 33, "balls": 23, "wickets": 0}, "1ac2a995": {"runs": 12, "balls": 12, "wickets": 0}, "fe93fd9d": {"runs": 21, "balls": 27, "wickets": 2}, "a2f46292": {"runs": 41, "balls": 48, "wickets": 3}, "57ee1fde": {"runs": 47, "balls": 42, "wickets": 1}, "462411b3": {"runs": 12, "balls": 18, "wickets": 1}, "2e81a32d": {"runs": 37, "balls": 37, "wickets": 0}, "5b8c830e": {"runs": 17, "balls": 23, "wickets": 0}, "b3a28446": {"runs": 16, "balls": 14, "wickets": 0}, "bf1d7d3e": {"runs": 9, "balls": 9, "wickets": 1}, "21d4e29b": {"runs": 42, "balls": 21, "wickets": 0}, "f19ccfad": {"runs": 8, "balls": 3, "wickets": 0}, "2ed569a0": {"runs": 2, "balls": 7, "wickets": 1}, "f78e7113": {"runs": 0, "balls": 2, "wickets": 1}, "22ae3041": {"runs": 27, "balls": 24, "wickets": 2}, "a316d663": {"runs": 3, "balls": 3, "wickets": 0}, "94d7f855": {"runs": 8, "balls": 3, "wickets": 0}, "4751caa3": {"runs": 7, "balls": 8, "wickets": 0}, "79aad751": {"runs": 13, "balls": 6, "wickets": 1}, "896d78ad": {"runs": 2, "balls": 3, "wickets": 0}, "3ff033bb": {"runs": 19, "balls": 7, "wickets": 1}, "fef92afc": {"runs": 12, "balls": 5, "wickets": 0}, "786b7fe8": {"runs": 14, "balls": 14, "wickets": 2}, "ded9ff1e": {"runs": 48, "balls": 20, "wickets": 0}, "c0c411cb": {"runs": 22, "balls": 18, "wickets": 1}, "92b7602a": {"runs": 11, "balls": 13, "wickets": 1}, "9d450c28": {"runs": 1, "balls": 2, "wickets": 0}, "151c258b": {"runs": 1, "balls": 1, "wickets": 0}, "68c56d09": {"runs": 1, "balls": 1, "wickets": 0}, "80ad39ac": {"runs": 13, "balls": 16, "wickets": 1}, "ef18b66e": {"runs": 38, "balls": 18, "wickets": 0}, "327b58d3": {"runs": 2, "balls": 8, "wickets": 0}, "a97c8ec2": {"runs": 74, "balls": 48, "wickets": 0}, "8596fe80": {"runs": 23, "balls": 11, "wickets": 0}, "27c5715d": {"runs": 8, "balls": 4, "wickets": 0}, "ba158afd": {"runs": 21, "balls": 7, "wickets": 0}, "7ccbb09f": {"runs": 32, "balls": 16, "wickets": 1}, "9cb8d7a6": {"runs": 33, "balls": 27, "wickets": 0}, "efc04be7": {"runs": 10, "balls": 11, "wickets": 0}, "9fd3a210": {"runs": 2, "balls": 4, "wickets": 0}, "bb4b445b": {"runs": 7, "balls": 4, "wickets": 0}, "99d7d5b7": {"runs": 11, "balls": 5, "wickets": 1}, "bbfa0b42": {"runs": 0, "balls": 0, "wickets": 0}, "2b0f2af3": {"runs": 2, "balls": 2, "wickets": 0}, "3feda4fa": {"runs": 8, "balls": 10, "wickets": 0}, "33742f04": {"runs": 13, "balls": 5, "wickets": 0}, "d7725664": {"runs": 10, "balls": 7, "wickets": 0}, "66162077": {"runs": 4, "balls": 12, "wickets": 1}, "c6097d68": {"runs": 57, "balls": 25, "wickets": 0}, "34b332d3": {"runs": 53, "balls": 20, "wickets": 1}, "2b85c8e6": {"runs": 8, "balls": 6, "wickets": 0}, "6b07035d": {"runs": 0, "balls": 1, "wickets": 0}, "44a18ad8": {"runs": 2, "balls": 8, "wickets": 0}, "18fac429": {"runs": 7, "balls": 9, "wickets": 1}, "23cca426": {"runs": 64, "balls": 33, "wickets": 1}, "97bdec3d": {"runs": 24, "balls": 28, "wickets": 1}, "c5aef772": {"runs": 47, "balls": 20, "wickets": 1}, "1be67d37": {"runs": 3, "balls": 3, "wickets": 0}, "fb3e0d39": {"runs": 2, "balls": 2, "wickets": 0}, "f24c6701": {"runs": 9, "balls": 17, "wickets": 2}, "b40ee8a8": {"runs": 17, "balls": 4, "wickets": 0}, "3086f7a4": {"runs": 26, "balls": 33, "wickets": 2}, "24bb1c2f": {"runs": 26, "balls": 16, "wickets": 1}, "9e9af5f2": {"runs": 12, "balls": 7, "wickets": 1}, "50c6bc2b": {"runs": 95, "balls": 37, "wickets": 2}, "245c97cb": {"runs": 52, "balls": 26, "wickets": 0}, "be869ccf": {"runs": 21, "balls": 8, "wickets": 0}, "8db7f47f": {"runs": 48, "balls": 19, "wickets": 2}, "0f6db197": {"runs": 5, "balls": 9, "wickets": 0}, "df064e1a": {"runs": 30, "balls": 39, "wickets": 3}, "23eeb873": {"runs": 15, "balls": 6, "wickets": 0}, "f986ca1a": {"runs": 25, "balls": 14, "wickets": 1}, "a24be938": {"runs": 18, "balls": 5, "wickets": 0}, "eef2536f": {"runs": 4, "balls": 9, "wickets": 0}, "1abb78f8": {"runs": 24, "balls": 10, "wickets": 1}, "871e9faf": {"runs": 0, "balls": 2, "wickets": 1}, "0994d0ae": {"runs": 4, "balls": 1, "wickets": 0}, "39a2dfa8": {"runs": 7, "balls": 3, "wickets": 0}, "90de905a": {"runs": 19, "balls": 9, "wickets": 0}, "5b7ab5a9": {"runs": 9, "balls": 6, "wickets": 0}, "03806cf8": {"runs": 9, "balls": 8, "wickets": 2}, "77b1aa15": {"runs": 1, "balls": 1, "wickets": 0}, "bbd41817": {"runs": 39, "balls": 18, "wickets": 0}, "85ec8e33": {"runs": 6, "balls": 1, "wickets": 0}, "c33d8116": {"runs": 5, "balls": 3, "wickets": 1}, "5d2eea49": {"runs": 10, "balls": 7, "wickets": 0}, "7a8bd078": {"runs": 8, "balls": 4, "wickets": 0}, "81c08fa3": {"runs": 22, "balls": 11, "wickets": 0}, "1a2676c5": {"runs": 22, "balls": 9, "wickets": 0}, "765a4731": {"runs": 1, "balls": 2, "wickets": 1}, "a9fd84fb": {"runs": 11, "balls": 8, "wickets": 0}, "0c9652b0": {"runs": 18, "balls": 9, "wickets": 0}, "64775749": {"runs": 5, "balls": 4, "wickets": 0}, "caf69bf7": {"runs": 27, "balls": 21, "wickets": 0}, "be24ead0": {"runs": 1, "balls": 1, "wickets": 0}, "bb34fd31": {"runs": 16, "balls": 14, "wickets": 1}, "37138918": {"runs": 0, "balls": 2, "wickets": 1}, "37654b75": {"runs": 7, "balls": 13, "wickets": 0}, "9d1d34bd": {"runs": 2, "balls": 7, "wickets": 1}, "2f49c897": {"runs": 12, "balls": 10, "wickets": 0}, "244048f6": {"runs": 56, "balls": 28, "wickets": 3}, "2e171977": {"runs": 16, "balls": 8, "wickets": 1}, "e38bce7a": {"runs": 2, "balls": 3, "wickets": 0}, "9219eff0": {"runs": 8, "balls": 4, "wickets": 0}, "c8d45843": {"runs": 1, "balls": 2, "wickets": 0}, "11614d87": {"runs": 18, "balls": 14, "wickets": 1}, "8dc152d1": {"runs": 2, "balls": 3, "wickets": 0}, "7cb2d9d2": {"runs": 9, "balls": 5, "wickets": 0}, "30f4ac6f": {"runs": 6, "balls": 3, "wickets": 0}, "c68554a6": {"runs": 1, "balls": 1, "wickets": 0}, "5b16a806": {"runs": 5, "balls": 4, "wickets": 0}, "7d92277a": {"runs": 6, "balls": 7, "wickets": 0}, "83d17bbc": {"runs": 5, "balls": 10, "wickets": 1}, "43057192": {"runs": 7, "balls": 2, "wickets": 0}, "172dff15": {"runs": 23, "balls": 12, "wickets": 0}, "3fb19989": {"runs": 7, "balls": 8, "wickets": 0}, "ded9240e": {"runs": 11, "balls": 12, "wickets": 1}, "eaa76d3c": {"runs": 3, "balls": 3, "wickets": 0}, "b08252b8": {"runs": 2, "balls": 2, "wickets": 0}, "5bbabe59": {"runs": 2, "balls": 2, "wickets": 0}, "6e3f5a5c": {"runs": 4, "balls": 3, "wickets": 0}, "33b3d2df": {"runs": 5, "balls": 5, "wickets": 1}, "fc55ec67": {"runs": 1, "balls": 3, "wickets": 0}, "d07dbc28": {"runs": 11, "balls": 6, "wickets": 0}, "0ecb4de6": {"runs": 31, "balls": 20, "wickets": 1}, "4a461c24": {"runs": 15, "balls": 7, "wickets": 0}, "402f8494": {"runs": 11, "balls": 10, "wickets": 0}, "84dc72db": {"runs": 2, "balls": 3, "wickets": 0}, "098a757c": {"runs": 8, "balls": 5, "wickets": 0}, "e9c7f0d0": {"runs": 20, "balls": 13, "wickets": 0}, "f0e293b0": {"runs": 32, "balls": 11, "wickets": 0}, "6f02fe2a": {"runs": 9, "balls": 3, "wickets": 0}, "d1988788": {"runs": 14, "balls": 8, "wickets": 0}, "64839cb3": {"runs": 27, "balls": 28, "wickets": 2}, "70d57519": {"runs": 41, "balls": 16, "wickets": 0}, "65b6943c": {"runs": 9, "balls": 10, "wickets": 1}, "6dd8b88c": {"runs": 33, "balls": 21, "wickets": 0}, "3be224b0": {"runs": 9, "balls": 3, "wickets": 0}, "2cec2a92": {"runs": 3, "balls": 4, "wickets": 2}, "9c9af282": {"runs": 17, "balls": 15, "wickets": 2}, "9ab63e7b": {"runs": 2, "balls": 2, "wickets": 0}, "28392e11": {"runs": 16, "balls": 7, "wickets": 1}, "907d6e58": {"runs": 17, "balls": 5, "wickets": 0}, "774e65b3": {"runs": 8, "balls": 2, "wickets": 0}, "3204c99f": {"runs": 5, "balls": 10, "wickets": 1}, "f834dcfc": {"runs": 20, "balls": 13, "wickets": 0}, "9a2fc964": {"runs": 32, "balls": 18, "wickets": 0}, "81c36ee9": {"runs": 25, "balls": 14, "wickets": 0}, "6a26221c": {"runs": 7, "balls": 3, "wickets": 1}, "acdc62f5": {"runs": 11, "balls": 11, "wickets": 1}, "8361e524": {"runs": 9, "balls": 4, "wickets": 0}, "3a60e0b5": {"runs": 12, "balls": 7, "wickets": 1}, "e62dd25d": {"runs": 6, "balls": 5, "wickets": 0}, "8d92a2c3": {"runs": 1, "balls": 2, "wickets": 0}, "98ae73b1": {"runs": 0, "balls": 3, "wickets": 0}, "a9231c3f": {"runs": 0, "balls": 1, "wickets": 1}, "f53b3e1d": {"runs": 21, "balls": 8, "wickets": 0}, "6ad2d5f7": {"runs": 8, "balls": 6, "wickets": 1}, "2cffab74": {"runs": 24, "balls": 13, "wickets": 1}, "2cbdd22f": {"runs": 7, "balls": 6, "wickets": 0}, "d014d5ac": {"runs": 8, "balls": 3, "wickets": 0}, "3f1066d0": {"runs": 16, "balls": 21, "wickets": 2}, "59377a7f": {"runs": 6, "balls": 3, "wickets": 0}, "30afc92b": {"runs": 1, "balls": 1, "wickets": 0}, "78bb68d4": {"runs": 0, "balls": 1, "wickets": 0}, "0bec3a6c": {"runs": 16, "balls": 9, "wickets": 0}, "e5437608": {"runs": 3, "balls": 2, "wickets": 0}, "e94915e6": {"runs": 58, "balls": 33, "wickets": 4}, "de7d833e": {"runs": 1, "balls": 2, "wickets": 0}, "7f048519": {"runs": 14, "balls": 11, "wickets": 1}, "9124aa4c": {"runs": 1, "balls": 1, "wickets": 0}, "d9273ee7": {"runs": 17, "balls": 9, "wickets": 0}, "b681e71e": {"runs": 13, "balls": 4, "wickets": 1}, "83c3e8e3": {"runs": 6, "balls": 4, "wickets": 0}, "4933f499": {"runs": 24, "balls": 9, "wickets": 0}, "3b53243a": {"runs": 1, "balls": 2, "wickets": 0}, "d405c0d5": {"runs": 7, "balls": 6, "wickets": 1}, "03a83c50": {"runs": 1, "balls": 1, "wickets": 0}, "abb7c76c": {"runs": 5, "balls": 6, "wickets": 0}, "a86a37ab": {"runs": 2, "balls": 2, "wickets": 0}, "687e20b3": {"runs": 22, "balls": 6, "wickets": 0}, "22d73540": {"runs": 5, "balls": 4, "wickets": 1}, "3b8679bf": {"runs": 2, "balls": 6, "wickets": 1}, "8d42cee6": {"runs": 4, "balls": 6, "wickets": 0}, "5af743d0": {"runs": 7, "balls": 7, "wickets": 0}, "f2e8b37c": {"runs": 1, "balls": 2, "wickets": 0}, "b8527c3d": {"runs": 7, "balls": 5, "wickets": 0}, "f29185a1": {"runs": 3, "balls": 4, "wickets": 0}, "f9e6e7ef": {"runs": 1, "balls": 4, "wickets": 0}, "ce794613": {"runs": 0, "balls": 2, "wickets": 1}, "72e60730": {"runs": 5, "balls": 5, "wickets": 0}, "4d84ad05": {"runs": 2, "balls": 3, "wickets": 0}, "cde067e1": {"runs": 1, "balls": 1, "wickets": 0}, "9920dd86": {"runs": 7, "balls": 5, "wickets": 1}, "f33cfd25": {"runs": 5, "balls": 7, "wickets": 1}, "87e33d07": {"runs": 12, "balls": 4, "wickets": 0}, "30d8136b": {"runs": 1, "balls": 2, "wickets": 0}, "46a7ac78": {"runs": 5, "balls": 4, "wickets": 0}, "0b60eb09": {"runs": 1, "balls": 2, "wickets": 0}, "894b2d25": {"runs": 2, "balls": 3, "wickets": 0}, "e1b9f3a9": {"runs": 1, "balls": 2, "wickets": 0}, "c672e80e": {"runs": 8, "balls": 3, "wickets": 0}, "57590dbb": {"runs": 3, "balls": 4, "wickets": 0}, "22b98d7c": {"runs": 1, "balls": 2, "wickets": 1}, "350bb1b1": {"runs": 6, "balls": 3, "wickets": 0}, "1957c6b7": {"runs": 6, "balls": 4, "wickets": 0}, "f0a0204e": {"runs": 8, "balls": 6, "wickets": 0}, "9eb1455b": {"runs": 6, "balls": 4, "wickets": 0}, "f3abd0c9": {"runs": 2, "balls": 5, "wickets": 0}, "5574750c": {"runs": 1, "balls": 1, "wickets": 0}, "1cfac535": {"runs": 0, "balls": 2, "wickets": 0}, "ee0c05c0": {"runs": 8, "balls": 5, "wickets": 0}, "9caf69a1": {"runs": 12, "balls": 6, "wickets": 0}, "6b9eb501": {"runs": 6, "balls": 9, "wickets": 0}, "107c26fb": {"runs": 3, "balls": 11, "wickets": 1}, "39181592": {"runs": 17, "balls": 10, "wickets": 0}, "a1d95bd8": {"runs": 15, "balls": 5, "wickets": 1}, "79f8472d": {"runs": 11, "balls": 4, "wickets": 0}, "393f2ae3": {"runs": 1, "balls": 1, "wickets": 0}, "4175d211": {"runs": 1, "balls": 1, "wickets": 0}, "1bf2fd29": {"runs": 7, "balls": 2, "wickets": 0}, "45a62071": {"runs": 31, "balls": 17, "wickets": 1}, "4ef73fb3": {"runs": 6, "balls": 3, "wickets": 0}, "08548b13": {"runs": 15, "balls": 11, "wickets": 0}, "de3d549a": {"runs": 2, "balls": 4, "wickets": 0}, "732c038e": {"runs": 9, "balls": 6, "wickets": 0}, "736123bb": {"runs": 3, "balls": 5, "wickets": 0}, "59559bc2": {"runs": 0, "balls": 2, "wickets": 0}, "876dbe2d": {"runs": 2, "balls": 8, "wickets": 1}}, "fifties": 20, "thirties": 56, "centuries": 2, "maidens": 0.0, "hattricks": 0, "runs": 5722.0, "wickets": 32.0, "club_ODI_previous3_runs": [], "club_ODI_previous3_wickets": [], "club_ODI_previous3_balls played": [], "club_ODI_previous3_overs": [], "club_ODI_previous3_runs gave": [], "club_ODI_lifetime_runs": 0.0, "club_ODI_lifetime_wickets": 0.0, "club_ODI_lifetime_balls played": 0.0, "club_ODI_lifetime_overs": 0.0, "club_ODI_lifetime_runs gave": 0.0, "club_Test_previous3_runs": [], "club_Test_previous3_wickets": [], "club_Test_previous3_balls played": [], "club_Test_previous3_overs": [], "club_Test_previous3_runs gave": [], "club_Test_lifetime_runs": 0.0, "club_Test_lifetime_wickets": 0.0, "club_Test_lifetime_balls played": 0.0, "club_Test_lifetime_overs": 0.0, "club_Test_lifetime_runs gave": 0.0, "club_T20_previous3_runs": [18.0, 9.0, 12.0], "club_T20_previous3_wickets": [0.0, 0.0, 0.0], "club_T20_previous3_balls played": [21.0, 7.0, 8.0], "club_T20_previous3_overs": [1.0, 0.0, 0.0], "club_T20_previous3_runs gave": [15.0, 0.0, 0.0], "club_T20_lifetime_runs": 3196.0, "club_T20_lifetime_wickets": 26.0, "club_T20_lifetime_balls played": 2269.0, "club_T20_lifetime_overs": 96.0, "club_T20_lifetime_runs gave": 1058.0, "international_ODI_previous3_runs": [29.0, 1.0, 4.0], "international_ODI_previous3_wickets": [0.0, 0.0, 0.0], "international_ODI_previous3_balls played": [14.0, 2.0, 4.0], "international_ODI_previous3_overs": [0.0, 0.0, 0.0], "international_ODI_previous3_runs gave": [0.0, 0.0, 0.0], "international_ODI_lifetime_runs": 967.0, "international_ODI_lifetime_wickets": 3.0, "international_ODI_lifetime_balls played": 1053.0, "international_ODI_lifetime_overs": 41.5, "international_ODI_lifetime_runs gave": 255.0, "international_Test_previous3_runs": [], "international_Test_previous3_wickets": [], "international_Test_previous3_balls played": [], "international_Test_previous3_overs": [], "international_Test_previous3_runs gave": [], "international_Test_lifetime_runs": 0.0, "international_Test_lifetime_wickets": 0.0, "international_Test_lifetime_balls played": 0.0, "international_Test_lifetime_overs": 0.0, "international_Test_lifetime_runs gave": 0.0, "international_T20_previous3_runs": [37.0, 18.0, 43.0], "international_T20_previous3_wickets": [0.0, 0.0, 0.0], "international_T20_previous3_balls played": [27.0, 10.0, 41.0], "international_T20_previous3_overs": [0.0, 0.0, 0.0], "international_T20_previous3_runs gave": [0.0, 0.0, 0.0], "international_T20_lifetime_runs": 1559.0, "international_T20_lifetime_wickets": 3.0, "international_T20_lifetime_balls played": 1098.0, "international_T20_lifetime_overs": 17.833333333333336, "international_T20_lifetime_runs gave": 190.0}