{"played_against": {"3b52d247": {"runs": 3, "balls": 2, "wickets": 0}, "31f01815": {"runs": 1, "balls": 1, "wickets": 0}, "eb4f9c61": {"runs": 5, "balls": 2, "wickets": 0}, "2af28253": {"runs": 1, "balls": 2, "wickets": 0}, "49118dc7": {"runs": 4, "balls": 4, "wickets": 1}, "b5aa28ce": {"runs": 1, "balls": 4, "wickets": 0}, "090f96e4": {"runs": 2, "balls": 5, "wickets": 0}, "e73f6c4b": {"runs": 0, "balls": 2, "wickets": 1}}, "fifties": 0, "thirties": 0, "centuries": 0, "maidens": 0.0, "hattricks": 1, "runs": 17.0, "wickets": 8.0, "club_ODI_previous3_runs": [], "club_ODI_previous3_wickets": [], "club_ODI_previous3_balls played": [], "club_ODI_previous3_overs": [], "club_ODI_previous3_runs gave": [], "club_ODI_lifetime_runs": 0.0, "club_ODI_lifetime_wickets": 0.0, "club_ODI_lifetime_balls played": 0.0, "club_ODI_lifetime_overs": 0.0, "club_ODI_lifetime_runs gave": 0.0, "club_Test_previous3_runs": [], "club_Test_previous3_wickets": [], "club_Test_previous3_balls played": [], "club_Test_previous3_overs": [], "club_Test_previous3_runs gave": [], "club_Test_lifetime_runs": 0.0, "club_Test_lifetime_wickets": 0.0, "club_Test_lifetime_balls played": 0.0, "club_Test_lifetime_overs": 0.0, "club_Test_lifetime_runs gave": 0.0, "club_T20_previous3_runs": [], "club_T20_previous3_wickets": [], "club_T20_previous3_balls played": [], "club_T20_previous3_overs": [], "club_T20_previous3_runs gave": [], "club_T20_lifetime_runs": 0.0, "club_T20_lifetime_wickets": 0.0, "club_T20_lifetime_balls played": 0.0, "club_T20_lifetime_overs": 0.0, "club_T20_lifetime_runs gave": 0.0, "international_ODI_previous3_runs": [], "international_ODI_previous3_wickets": [], "international_ODI_previous3_balls played": [], "international_ODI_previous3_overs": [], "international_ODI_previous3_runs gave": [], "international_ODI_lifetime_runs": 0.0, "international_ODI_lifetime_wickets": 0.0, "international_ODI_lifetime_balls played": 0.0, "international_ODI_lifetime_overs": 0.0, "international_ODI_lifetime_runs gave": 0.0, "international_Test_previous3_runs": [], "international_Test_previous3_wickets": [], "international_Test_previous3_balls played": [], "international_Test_previous3_overs": [], "international_Test_previous3_runs gave": [], "international_Test_lifetime_runs": 0.0, "international_Test_lifetime_wickets": 0.0, "international_Test_lifetime_balls played": 0.0, "international_Test_lifetime_overs": 0.0, "international_Test_lifetime_runs gave": 0.0, "international_T20_previous3_runs": [4.0, 10.0, 3.0], "international_T20_previous3_wickets": [1.0, 0.0, 5.0], "international_T20_previous3_balls played": [3.0, 8.0, 12.0], "international_T20_previous3_overs": [4.0, 2.0, 4.0], "international_T20_previous3_runs gave": [31.0, 14.0, 25.0], "international_T20_lifetime_runs": 17.0, "international_T20_lifetime_wickets": 8.0, "international_T20_lifetime_balls played": 23.0, "international_T20_lifetime_overs": 14.0, "international_T20_lifetime_runs gave": 108.0}