{"played_against": {"81d06fb5": {"runs": 95, "balls": 230, "wickets": 0}, "208f22ea": {"runs": 33, "balls": 100, "wickets": 0}, "f048bb41": {"runs": 47, "balls": 63, "wickets": 0}, "14f96089": {"runs": 46, "balls": 80, "wickets": 2}, "12b610c2": {"runs": 33, "balls": 85, "wickets": 0}, "5dcd864f": {"runs": 5, "balls": 5, "wickets": 0}, "64775749": {"runs": 43, "balls": 105, "wickets": 1}, "770ae773": {"runs": 3, "balls": 13, "wickets": 1}, "e7dd5eca": {"runs": 8, "balls": 8, "wickets": 0}, "bc773eeb": {"runs": 91, "balls": 278, "wickets": 3}, "0164b064": {"runs": 30, "balls": 124, "wickets": 7}, "38c276e1": {"runs": 8, "balls": 19, "wickets": 1}, "caf69bf7": {"runs": 0, "balls": 1, "wickets": 0}, "808f425a": {"runs": 7, "balls": 5, "wickets": 0}, "7c503806": {"runs": 1, "balls": 1, "wickets": 0}, "5574750c": {"runs": 3, "balls": 3, "wickets": 1}, "519c30cb": {"runs": 64, "balls": 155, "wickets": 3}, "903560ed": {"runs": 20, "balls": 65, "wickets": 1}, "da13a0fc": {"runs": 7, "balls": 12, "wickets": 0}, "6c87f1df": {"runs": 22, "balls": 37, "wickets": 0}, "a0f612b6": {"runs": 32, "balls": 83, "wickets": 1}, "74f0056d": {"runs": 12, "balls": 15, "wickets": 0}, "2c7ac4b9": {"runs": 30, "balls": 65, "wickets": 1}, "272fc5ad": {"runs": 63, "balls": 117, "wickets": 0}, "96a6a7ad": {"runs": 19, "balls": 66, "wickets": 0}, "3540beff": {"runs": 7, "balls": 21, "wickets": 1}, "8f3fde65": {"runs": 12, "balls": 26, "wickets": 0}, "898e628d": {"runs": 29, "balls": 52, "wickets": 0}, "3b53243a": {"runs": 41, "balls": 64, "wickets": 0}, "6834d1f2": {"runs": 15, "balls": 29, "wickets": 0}, "e94d2d50": {"runs": 18, "balls": 23, "wickets": 0}, "e00a9155": {"runs": 1, "balls": 3, "wickets": 0}, "15de1f5d": {"runs": 35, "balls": 99, "wickets": 3}, "96824e68": {"runs": 64, "balls": 184, "wickets": 0}, "f422728b": {"runs": 43, "balls": 86, "wickets": 1}, "52c952d9": {"runs": 23, "balls": 58, "wickets": 0}, "f787e0eb": {"runs": 27, "balls": 82, "wickets": 0}, "32198ae0": {"runs": 19, "balls": 27, "wickets": 1}, "8db7f47f": {"runs": 1, "balls": 1, "wickets": 0}, "62af8546": {"runs": 11, "balls": 5, "wickets": 0}, "44afbf2d": {"runs": 4, "balls": 6, "wickets": 1}, "786b7fe8": {"runs": 7, "balls": 6, "wickets": 0}, "dfc4d8b5": {"runs": 5, "balls": 4, "wickets": 0}, "5f317fd4": {"runs": 4, "balls": 4, "wickets": 0}, "5390f178": {"runs": 0, "balls": 1, "wickets": 0}, "1558d83b": {"runs": 13, "balls": 76, "wickets": 2}, "bd93fea4": {"runs": 78, "balls": 140, "wickets": 1}, "ab21795b": {"runs": 52, "balls": 110, "wickets": 0}, "1b04e02b": {"runs": 34, "balls": 45, "wickets": 0}, "7c8f533d": {"runs": 16, "balls": 46, "wickets": 0}, "d405c0d5": {"runs": 31, "balls": 71, "wickets": 3}, "68e26ec9": {"runs": 16, "balls": 40, "wickets": 0}, "b08e58e2": {"runs": 16, "balls": 14, "wickets": 0}, "aa3c7a7a": {"runs": 3, "balls": 34, "wickets": 1}, "56b93d46": {"runs": 6, "balls": 45, "wickets": 0}, "912f472c": {"runs": 14, "balls": 35, "wickets": 0}, "9cebb612": {"runs": 2, "balls": 1, "wickets": 0}, "9eb1455b": {"runs": 13, "balls": 14, "wickets": 0}, "1a2676c5": {"runs": 9, "balls": 33, "wickets": 0}, "5f222a64": {"runs": 24, "balls": 26, "wickets": 1}, "19b9f399": {"runs": 3, "balls": 5, "wickets": 0}, "b03303ca": {"runs": 1, "balls": 18, "wickets": 2}, "83c3e8e3": {"runs": 9, "balls": 15, "wickets": 1}, "10735e1d": {"runs": 8, "balls": 25, "wickets": 0}, "098229a5": {"runs": 43, "balls": 95, "wickets": 1}, "037429dc": {"runs": 21, "balls": 42, "wickets": 1}, "f1c61793": {"runs": 8, "balls": 34, "wickets": 1}, "e1b9f3a9": {"runs": 28, "balls": 37, "wickets": 1}, "86b4bf88": {"runs": 1, "balls": 9, "wickets": 0}}, "fifties": 5, "thirties": 3, "centuries": 6, "maidens": 0.0, "hattricks": 0, "runs": 1537.0, "wickets": 0.0, "club_ODI_previous3_runs": [], "club_ODI_previous3_wickets": [], "club_ODI_previous3_balls played": [], "club_ODI_previous3_overs": [], "club_ODI_previous3_runs gave": [], "club_ODI_lifetime_runs": 0.0, "club_ODI_lifetime_wickets": 0.0, "club_ODI_lifetime_balls played": 0.0, "club_ODI_lifetime_overs": 0.0, "club_ODI_lifetime_runs gave": 0.0, "club_Test_previous3_runs": [0.0, 18.0, 4.0], "club_Test_previous3_wickets": [0.0, 0.0, 0.0], "club_Test_previous3_balls played": [0.0, 89.0, 46.0], "club_Test_previous3_overs": [0.0, 0.0, 0.0], "club_Test_previous3_runs gave": [0.0, 0.0, 0.0], "club_Test_lifetime_runs": 1487.0, "club_Test_lifetime_wickets": 0.0, "club_Test_lifetime_balls played": 3509.0, "club_Test_lifetime_overs": 2.0, "club_Test_lifetime_runs gave": 4.0, "club_T20_previous3_runs": [7.0, 11.0, 32.0], "club_T20_previous3_wickets": [0.0, 0.0, 0.0], "club_T20_previous3_balls played": [9.0, 9.0, 26.0], "club_T20_previous3_overs": [0.0, 0.0, 0.0], "club_T20_previous3_runs gave": [0.0, 0.0, 0.0], "club_T20_lifetime_runs": 50.0, "club_T20_lifetime_wickets": 0.0, "club_T20_lifetime_balls played": 44.0, "club_T20_lifetime_overs": 0.0, "club_T20_lifetime_runs gave": 0.0, "international_ODI_previous3_runs": [], "international_ODI_previous3_wickets": [], "international_ODI_previous3_balls played": [], "international_ODI_previous3_overs": [], "international_ODI_previous3_runs gave": [], "international_ODI_lifetime_runs": 0.0, "international_ODI_lifetime_wickets": 0.0, "international_ODI_lifetime_balls played": 0.0, "international_ODI_lifetime_overs": 0.0, "international_ODI_lifetime_runs gave": 0.0, "international_Test_previous3_runs": [], "international_Test_previous3_wickets": [], "international_Test_previous3_balls played": [], "international_Test_previous3_overs": [], "international_Test_previous3_runs gave": [], "international_Test_lifetime_runs": 0.0, "international_Test_lifetime_wickets": 0.0, "international_Test_lifetime_balls played": 0.0, "international_Test_lifetime_overs": 0.0, "international_Test_lifetime_runs gave": 0.0, "international_T20_previous3_runs": [], "international_T20_previous3_wickets": [], "international_T20_previous3_balls played": [], "international_T20_previous3_overs": [], "international_T20_previous3_runs gave": [], "international_T20_lifetime_runs": 0.0, "international_T20_lifetime_wickets": 0.0, "international_T20_lifetime_balls played": 0.0, "international_T20_lifetime_overs": 0.0, "international_T20_lifetime_runs gave": 0.0}