{"played_against": {"38b4583c": {"runs": 0, "balls": 12, "wickets": 0}, "8ae7bb3e": {"runs": 8, "balls": 10, "wickets": 0}, "15f609ed": {"runs": 4, "balls": 9, "wickets": 1}, "7b1f2542": {"runs": 4, "balls": 6, "wickets": 0}, "c6625a26": {"runs": 3, "balls": 9, "wickets": 0}, "0c694738": {"runs": 1, "balls": 1, "wickets": 0}, "26bc61b4": {"runs": 2, "balls": 2, "wickets": 0}, "992acb49": {"runs": 10, "balls": 8, "wickets": 0}, "b3ccffff": {"runs": 6, "balls": 7, "wickets": 0}, "c7bf22fa": {"runs": 5, "balls": 19, "wickets": 0}, "910dd54e": {"runs": 2, "balls": 3, "wickets": 0}, "e19307f3": {"runs": 9, "balls": 7, "wickets": 0}, "de0b7c56": {"runs": 3, "balls": 4, "wickets": 0}, "f285b7ff": {"runs": 0, "balls": 1, "wickets": 0}, "e893fef7": {"runs": 5, "balls": 9, "wickets": 0}, "f13d3eba": {"runs": 5, "balls": 9, "wickets": 0}}, "fifties": 0, "thirties": 0, "centuries": 0, "maidens": 2.0, "hattricks": 0, "runs": 67.0, "wickets": 2.0, "club_ODI_previous3_runs": [27.0, 12.0, 10.0], "club_ODI_previous3_wickets": [0.0, 0.0, 0.0], "club_ODI_previous3_balls played": [44.0, 12.0, 19.0], "club_ODI_previous3_overs": [4.0, 10.0, 8.0], "club_ODI_previous3_runs gave": [24.0, 41.0, 43.0], "club_ODI_lifetime_runs": 67.0, "club_ODI_lifetime_wickets": 2.0, "club_ODI_lifetime_balls played": 118.0, "club_ODI_lifetime_overs": 47.0, "club_ODI_lifetime_runs gave": 223.0, "club_Test_previous3_runs": [], "club_Test_previous3_wickets": [], "club_Test_previous3_balls played": [], "club_Test_previous3_overs": [], "club_Test_previous3_runs gave": [], "club_Test_lifetime_runs": 0.0, "club_Test_lifetime_wickets": 0.0, "club_Test_lifetime_balls played": 0.0, "club_Test_lifetime_overs": 0.0, "club_Test_lifetime_runs gave": 0.0, "club_T20_previous3_runs": [], "club_T20_previous3_wickets": [], "club_T20_previous3_balls played": [], "club_T20_previous3_overs": [], "club_T20_previous3_runs gave": [], "club_T20_lifetime_runs": 0.0, "club_T20_lifetime_wickets": 0.0, "club_T20_lifetime_balls played": 0.0, "club_T20_lifetime_overs": 0.0, "club_T20_lifetime_runs gave": 0.0, "international_ODI_previous3_runs": [], "international_ODI_previous3_wickets": [], "international_ODI_previous3_balls played": [], "international_ODI_previous3_overs": [], "international_ODI_previous3_runs gave": [], "international_ODI_lifetime_runs": 0.0, "international_ODI_lifetime_wickets": 0.0, "international_ODI_lifetime_balls played": 0.0, "international_ODI_lifetime_overs": 0.0, "international_ODI_lifetime_runs gave": 0.0, "international_Test_previous3_runs": [], "international_Test_previous3_wickets": [], "international_Test_previous3_balls played": [], "international_Test_previous3_overs": [], "international_Test_previous3_runs gave": [], "international_Test_lifetime_runs": 0.0, "international_Test_lifetime_wickets": 0.0, "international_Test_lifetime_balls played": 0.0, "international_Test_lifetime_overs": 0.0, "international_Test_lifetime_runs gave": 0.0, "international_T20_previous3_runs": [], "international_T20_previous3_wickets": [], "international_T20_previous3_balls played": [], "international_T20_previous3_overs": [], "international_T20_previous3_runs gave": [], "international_T20_lifetime_runs": 0.0, "international_T20_lifetime_wickets": 0.0, "international_T20_lifetime_balls played": 0.0, "international_T20_lifetime_overs": 0.0, "international_T20_lifetime_runs gave": 0.0}