{"played_against": {"1ee08e9a": {"runs": 3, "balls": 3, "wickets": 0}, "e1b9f3a9": {"runs": 0, "balls": 1, "wickets": 0}, "2a2e6343": {"runs": 1, "balls": 2, "wickets": 0}, "2911de16": {"runs": 1, "balls": 7, "wickets": 0}, "e174dadd": {"runs": 1, "balls": 2, "wickets": 0}, "7c8f533d": {"runs": 3, "balls": 4, "wickets": 0}, "58043739": {"runs": 1, "balls": 1, "wickets": 0}, "2e11c706": {"runs": 5, "balls": 2, "wickets": 0}, "8d92a2c3": {"runs": 0, "balls": 3, "wickets": 0}, "249d60c9": {"runs": 2, "balls": 12, "wickets": 0}, "bb351c23": {"runs": 1, "balls": 5, "wickets": 1}, "7f048519": {"runs": 1, "balls": 1, "wickets": 0}, "9a963804": {"runs": 6, "balls": 4, "wickets": 1}, "9de62878": {"runs": 1, "balls": 4, "wickets": 0}, "caf69bf7": {"runs": 2, "balls": 4, "wickets": 0}, "8cf9814c": {"runs": 0, "balls": 2, "wickets": 1}, "87e562a9": {"runs": 2, "balls": 2, "wickets": 0}, "d9273ee7": {"runs": 1, "balls": 3, "wickets": 0}, "1a2676c5": {"runs": 4, "balls": 20, "wickets": 0}, "2c7ac4b9": {"runs": 0, "balls": 1, "wickets": 1}, "8e3cb0e9": {"runs": 0, "balls": 12, "wickets": 1}, "d405c0d5": {"runs": 0, "balls": 1, "wickets": 0}, "68e26ec9": {"runs": 0, "balls": 1, "wickets": 0}, "272fc5ad": {"runs": 0, "balls": 5, "wickets": 2}, "fb66ce1f": {"runs": 1, "balls": 2, "wickets": 0}, "96824e68": {"runs": 0, "balls": 5, "wickets": 0}, "bc2d4f2e": {"runs": 0, "balls": 7, "wickets": 1}, "d167edd3": {"runs": 0, "balls": 6, "wickets": 0}, "bd93fea4": {"runs": 0, "balls": 1, "wickets": 0}, "64775749": {"runs": 1, "balls": 5, "wickets": 0}, "9eb1455b": {"runs": 1, "balls": 3, "wickets": 0}, "23638956": {"runs": 0, "balls": 7, "wickets": 1}, "5b6d248a": {"runs": 2, "balls": 15, "wickets": 0}, "679cd31e": {"runs": 6, "balls": 4, "wickets": 1}, "86b4bf88": {"runs": 0, "balls": 1, "wickets": 0}}, "fifties": 0, "thirties": 0, "centuries": 0, "maidens": 32.0, "hattricks": 7, "runs": 46.0, "wickets": 106.0, "club_ODI_previous3_runs": [], "club_ODI_previous3_wickets": [], "club_ODI_previous3_balls played": [], "club_ODI_previous3_overs": [], "club_ODI_previous3_runs gave": [], "club_ODI_lifetime_runs": 0.0, "club_ODI_lifetime_wickets": 0.0, "club_ODI_lifetime_balls played": 0.0, "club_ODI_lifetime_overs": 0.0, "club_ODI_lifetime_runs gave": 0.0, "club_Test_previous3_runs": [0.0, 8.0, 0.0], "club_Test_previous3_wickets": [3.0, 2.0, 8.0], "club_Test_previous3_balls played": [19.0, 26.0, 1.0], "club_Test_previous3_overs": [24.833333333333332, 17.0, 34.0], "club_Test_previous3_runs gave": [101.0, 91.0, 94.0], "club_Test_lifetime_runs": 12.0, "club_Test_lifetime_wickets": 21.0, "club_Test_lifetime_balls played": 86.0, "club_Test_lifetime_overs": 158.33333333333331, "club_Test_lifetime_runs gave": 560.0, "club_T20_previous3_runs": [0.0, 0.0, 0.0], "club_T20_previous3_wickets": [0.0, 1.0, 0.0], "club_T20_previous3_balls played": [0.0, 0.0, 0.0], "club_T20_previous3_overs": [4.0, 3.8333333333333335, 2.8333333333333335], "club_T20_previous3_runs gave": [20.0, 42.0, 32.0], "club_T20_lifetime_runs": 21.0, "club_T20_lifetime_wickets": 53.0, "club_T20_lifetime_balls played": 34.0, "club_T20_lifetime_overs": 201.0, "club_T20_lifetime_runs gave": 1666.0, "international_ODI_previous3_runs": [0.0, 2.0, 0.0], "international_ODI_previous3_wickets": [1.0, 3.0, 0.0], "international_ODI_previous3_balls played": [0.0, 13.0, 2.0], "international_ODI_previous3_overs": [8.0, 10.0, 10.0], "international_ODI_previous3_runs gave": [54.0, 40.0, 49.0], "international_ODI_lifetime_runs": 4.0, "international_ODI_lifetime_wickets": 7.0, "international_ODI_lifetime_balls played": 28.0, "international_ODI_lifetime_overs": 59.0, "international_ODI_lifetime_runs gave": 330.0, "international_Test_previous3_runs": [], "international_Test_previous3_wickets": [], "international_Test_previous3_balls played": [], "international_Test_previous3_overs": [], "international_Test_previous3_runs gave": [], "international_Test_lifetime_runs": 0.0, "international_Test_lifetime_wickets": 0.0, "international_Test_lifetime_balls played": 0.0, "international_Test_lifetime_overs": 0.0, "international_Test_lifetime_runs gave": 0.0, "international_T20_previous3_runs": [0.0, 0.0, 0.0], "international_T20_previous3_wickets": [1.0, 2.0, 0.0], "international_T20_previous3_balls played": [0.0, 0.0, 0.0], "international_T20_previous3_overs": [3.0, 4.0, 4.0], "international_T20_previous3_runs gave": [28.0, 24.0, 20.0], "international_T20_lifetime_runs": 9.0, "international_T20_lifetime_wickets": 25.0, "international_T20_lifetime_balls played": 12.0, "international_T20_lifetime_overs": 70.0, "international_T20_lifetime_runs gave": 556.0}