{"played_against": {"d0f5e72d": {"runs": 11, "balls": 7, "wickets": 0}, "8144820e": {"runs": 1, "balls": 1, "wickets": 0}, "e6ddab51": {"runs": 9, "balls": 5, "wickets": 0}, "99ffb3d3": {"runs": 1, "balls": 3, "wickets": 0}, "f7d267f7": {"runs": 3, "balls": 5, "wickets": 1}, "95fcbfb7": {"runs": 6, "balls": 4, "wickets": 0}, "5ec41cd7": {"runs": 9, "balls": 9, "wickets": 0}, "a6bab2a9": {"runs": 5, "balls": 7, "wickets": 1}, "c6e10e5c": {"runs": 8, "balls": 6, "wickets": 0}, "d981a1de": {"runs": 12, "balls": 15, "wickets": 0}, "38189be1": {"runs": 10, "balls": 14, "wickets": 1}, "b0f2d3bd": {"runs": 8, "balls": 14, "wickets": 0}, "28b99edd": {"runs": 6, "balls": 10, "wickets": 0}, "1f41b702": {"runs": 6, "balls": 5, "wickets": 0}, "48f25627": {"runs": 6, "balls": 9, "wickets": 0}, "dd5a9067": {"runs": 11, "balls": 9, "wickets": 0}, "13bc54a8": {"runs": 5, "balls": 10, "wickets": 0}, "8f1e023f": {"runs": 10, "balls": 12, "wickets": 0}, "f1f99156": {"runs": 1, "balls": 2, "wickets": 0}, "51e0e79f": {"runs": 7, "balls": 4, "wickets": 0}, "2494ff9e": {"runs": 5, "balls": 7, "wickets": 0}, "681f522f": {"runs": 2, "balls": 3, "wickets": 0}, "3a1c34e6": {"runs": 2, "balls": 5, "wickets": 1}, "65122d56": {"runs": 1, "balls": 2, "wickets": 0}, "f6c2659d": {"runs": 12, "balls": 4, "wickets": 0}, "7ecb9a14": {"runs": 5, "balls": 4, "wickets": 0}, "34464143": {"runs": 5, "balls": 5, "wickets": 1}, "dcdb87f2": {"runs": 5, "balls": 4, "wickets": 0}}, "fifties": 0, "thirties": 2, "centuries": 0, "maidens": 0.0, "hattricks": 1, "runs": 172.0, "wickets": 7.0, "club_ODI_previous3_runs": [], "club_ODI_previous3_wickets": [], "club_ODI_previous3_balls played": [], "club_ODI_previous3_overs": [], "club_ODI_previous3_runs gave": [], "club_ODI_lifetime_runs": 0.0, "club_ODI_lifetime_wickets": 0.0, "club_ODI_lifetime_balls played": 0.0, "club_ODI_lifetime_overs": 0.0, "club_ODI_lifetime_runs gave": 0.0, "club_Test_previous3_runs": [], "club_Test_previous3_wickets": [], "club_Test_previous3_balls played": [], "club_Test_previous3_overs": [], "club_Test_previous3_runs gave": [], "club_Test_lifetime_runs": 0.0, "club_Test_lifetime_wickets": 0.0, "club_Test_lifetime_balls played": 0.0, "club_Test_lifetime_overs": 0.0, "club_Test_lifetime_runs gave": 0.0, "club_T20_previous3_runs": [], "club_T20_previous3_wickets": [], "club_T20_previous3_balls played": [], "club_T20_previous3_overs": [], "club_T20_previous3_runs gave": [], "club_T20_lifetime_runs": 0.0, "club_T20_lifetime_wickets": 0.0, "club_T20_lifetime_balls played": 0.0, "club_T20_lifetime_overs": 0.0, "club_T20_lifetime_runs gave": 0.0, "international_ODI_previous3_runs": [42.0, 33.0], "international_ODI_previous3_wickets": [0.0, 5.0], "international_ODI_previous3_balls played": [58.0, 42.0], "international_ODI_previous3_overs": [0.0, 9.666666666666666], "international_ODI_previous3_runs gave": [0.0, 69.0], "international_ODI_lifetime_runs": 75.0, "international_ODI_lifetime_wickets": 5.0, "international_ODI_lifetime_balls played": 100.0, "international_ODI_lifetime_overs": 9.666666666666666, "international_ODI_lifetime_runs gave": 69.0, "international_Test_previous3_runs": [], "international_Test_previous3_wickets": [], "international_Test_previous3_balls played": [], "international_Test_previous3_overs": [], "international_Test_previous3_runs gave": [], "international_Test_lifetime_runs": 0.0, "international_Test_lifetime_wickets": 0.0, "international_Test_lifetime_balls played": 0.0, "international_Test_lifetime_overs": 0.0, "international_Test_lifetime_runs gave": 0.0, "international_T20_previous3_runs": [16.0, 13.0, 15.0], "international_T20_previous3_wickets": [0.0, 0.0, 0.0], "international_T20_previous3_balls played": [19.0, 6.0, 13.0], "international_T20_previous3_overs": [0.0, 0.0, 0.0], "international_T20_previous3_runs gave": [0.0, 0.0, 0.0], "international_T20_lifetime_runs": 97.0, "international_T20_lifetime_wickets": 2.0, "international_T20_lifetime_balls played": 85.0, "international_T20_lifetime_overs": 2.0, "international_T20_lifetime_runs gave": 4.0}