{"played_against": {"dbeb6733": {"runs": 6, "balls": 24, "wickets": 1}, "94734e80": {"runs": 34, "balls": 105, "wickets": 2}, "ed90abe4": {"runs": 6, "balls": 9, "wickets": 0}, "fef92afc": {"runs": 28, "balls": 42, "wickets": 1}, "f28c7456": {"runs": 19, "balls": 37, "wickets": 2}, "93f25f4f": {"runs": 4, "balls": 10, "wickets": 0}, "78adc879": {"runs": 14, "balls": 47, "wickets": 0}, "eec5fe00": {"runs": 0, "balls": 1, "wickets": 1}, "641ac5ff": {"runs": 16, "balls": 35, "wickets": 0}, "99528b4b": {"runs": 2, "balls": 3, "wickets": 0}, "7068c81e": {"runs": 2, "balls": 5, "wickets": 0}, "10f7b52b": {"runs": 2, "balls": 13, "wickets": 1}, "ac3e5a31": {"runs": 2, "balls": 12, "wickets": 1}, "74a1c1e3": {"runs": 2, "balls": 19, "wickets": 2}, "2c1438ef": {"runs": 4, "balls": 10, "wickets": 0}, "861eed37": {"runs": 3, "balls": 36, "wickets": 0}, "e84ac20c": {"runs": 18, "balls": 61, "wickets": 2}, "56d471f2": {"runs": 10, "balls": 21, "wickets": 0}, "c9bb898a": {"runs": 7, "balls": 8, "wickets": 1}, "5426de63": {"runs": 0, "balls": 5, "wickets": 1}, "69c994e4": {"runs": 11, "balls": 28, "wickets": 1}, "2e9fdf9b": {"runs": 4, "balls": 12, "wickets": 0}, "397f4d3a": {"runs": 4, "balls": 10, "wickets": 0}, "48ad3373": {"runs": 8, "balls": 9, "wickets": 1}, "1e1a8922": {"runs": 7, "balls": 5, "wickets": 0}, "dadbdb68": {"runs": 6, "balls": 11, "wickets": 0}, "2767c22a": {"runs": 0, "balls": 1, "wickets": 0}, "6fb2d3a2": {"runs": 1, "balls": 8, "wickets": 1}, "b53136ce": {"runs": 1, "balls": 7, "wickets": 0}, "cb9b8664": {"runs": 2, "balls": 14, "wickets": 1}, "f45cd5c8": {"runs": 3, "balls": 6, "wickets": 0}, "2742086d": {"runs": 1, "balls": 7, "wickets": 0}, "79f5bc26": {"runs": 3, "balls": 9, "wickets": 0}, "fd9f43bb": {"runs": 9, "balls": 7, "wickets": 0}, "321be7e3": {"runs": 11, "balls": 12, "wickets": 1}, "68c56d09": {"runs": 9, "balls": 6, "wickets": 0}, "750d906e": {"runs": 1, "balls": 1, "wickets": 0}}, "fifties": 1, "thirties": 2, "centuries": 0, "maidens": 0.0, "hattricks": 0, "runs": 260.0, "wickets": 0.0, "club_ODI_previous3_runs": [], "club_ODI_previous3_wickets": [], "club_ODI_previous3_balls played": [], "club_ODI_previous3_overs": [], "club_ODI_previous3_runs gave": [], "club_ODI_lifetime_runs": 0.0, "club_ODI_lifetime_wickets": 0.0, "club_ODI_lifetime_balls played": 0.0, "club_ODI_lifetime_overs": 0.0, "club_ODI_lifetime_runs gave": 0.0, "club_Test_previous3_runs": [1.0, 12.0, 1.0], "club_Test_previous3_wickets": [0.0, 0.0, 0.0], "club_Test_previous3_balls played": [10.0, 52.0, 12.0], "club_Test_previous3_overs": [2.0, 0.0, 3.0], "club_Test_previous3_runs gave": [11.0, 0.0, 12.0], "club_Test_lifetime_runs": 216.0, "club_Test_lifetime_wickets": 0.0, "club_Test_lifetime_balls played": 615.0, "club_Test_lifetime_overs": 5.0, "club_Test_lifetime_runs gave": 23.0, "club_T20_previous3_runs": [35.0, 1.0, 8.0], "club_T20_previous3_wickets": [0.0, 0.0, 0.0], "club_T20_previous3_balls played": [36.0, 4.0, 9.0], "club_T20_previous3_overs": [0.0, 0.0, 0.0], "club_T20_previous3_runs gave": [0.0, 0.0, 0.0], "club_T20_lifetime_runs": 44.0, "club_T20_lifetime_wickets": 0.0, "club_T20_lifetime_balls played": 49.0, "club_T20_lifetime_overs": 1.8333333333333335, "club_T20_lifetime_runs gave": 18.0, "international_ODI_previous3_runs": [], "international_ODI_previous3_wickets": [], "international_ODI_previous3_balls played": [], "international_ODI_previous3_overs": [], "international_ODI_previous3_runs gave": [], "international_ODI_lifetime_runs": 0.0, "international_ODI_lifetime_wickets": 0.0, "international_ODI_lifetime_balls played": 0.0, "international_ODI_lifetime_overs": 0.0, "international_ODI_lifetime_runs gave": 0.0, "international_Test_previous3_runs": [], "international_Test_previous3_wickets": [], "international_Test_previous3_balls played": [], "international_Test_previous3_overs": [], "international_Test_previous3_runs gave": [], "international_Test_lifetime_runs": 0.0, "international_Test_lifetime_wickets": 0.0, "international_Test_lifetime_balls played": 0.0, "international_Test_lifetime_overs": 0.0, "international_Test_lifetime_runs gave": 0.0, "international_T20_previous3_runs": [], "international_T20_previous3_wickets": [], "international_T20_previous3_balls played": [], "international_T20_previous3_overs": [], "international_T20_previous3_runs gave": [], "international_T20_lifetime_runs": 0.0, "international_T20_lifetime_wickets": 0.0, "international_T20_lifetime_balls played": 0.0, "international_T20_lifetime_overs": 0.0, "international_T20_lifetime_runs gave": 0.0}