{"played_against": {"808f425a": {"runs": 0, "balls": 0, "wickets": 0}, "fb66ce1f": {"runs": 0, "balls": 2, "wickets": 0}, "5bb5a915": {"runs": 0, "balls": 0, "wickets": 0}, "fe93fd9d": {"runs": 1, "balls": 1, "wickets": 0}, "759ac88f": {"runs": 1, "balls": 4, "wickets": 1}, "87e562a9": {"runs": 5, "balls": 7, "wickets": 0}, "495d42a5": {"runs": 2, "balls": 2, "wickets": 0}, "96fd40ae": {"runs": 3, "balls": 9, "wickets": 1}, "2e81a32d": {"runs": 7, "balls": 6, "wickets": 0}, "e938e1bc": {"runs": 0, "balls": 1, "wickets": 1}, "acee4cc4": {"runs": 8, "balls": 3, "wickets": 0}, "3fb19989": {"runs": 0, "balls": 2, "wickets": 1}, "73ad96ed": {"runs": 0, "balls": 0, "wickets": 0}, "50455929": {"runs": 6, "balls": 5, "wickets": 0}, "48bf9d5c": {"runs": 2, "balls": 4, "wickets": 1}, "cb4f31e2": {"runs": 1, "balls": 2, "wickets": 0}, "bf6e03ea": {"runs": 1, "balls": 1, "wickets": 0}, "872113ff": {"runs": 2, "balls": 4, "wickets": 0}, "e0407c01": {"runs": 9, "balls": 10, "wickets": 0}, "031b389c": {"runs": 2, "balls": 2, "wickets": 1}, "64959652": {"runs": 0, "balls": 1, "wickets": 0}, "dcf81436": {"runs": 6, "balls": 3, "wickets": 0}, "5c766d24": {"runs": 6, "balls": 1, "wickets": 0}, "cc8531c2": {"runs": 3, "balls": 2, "wickets": 0}, "f4ef0fd7": {"runs": 1, "balls": 1, "wickets": 0}, "21b9e62b": {"runs": 2, "balls": 4, "wickets": 1}, "31ee319e": {"runs": 2, "balls": 2, "wickets": 0}, "24d94623": {"runs": 1, "balls": 1, "wickets": 0}, "eef2536f": {"runs": 2, "balls": 2, "wickets": 0}, "bbd41817": {"runs": 1, "balls": 1, "wickets": 0}, "85e0cf10": {"runs": 2, "balls": 2, "wickets": 0}, "a18da10f": {"runs": 5, "balls": 7, "wickets": 0}, "98ae73b1": {"runs": 1, "balls": 1, "wickets": 0}, "59c8c5b5": {"runs": 5, "balls": 4, "wickets": 1}, "2e171977": {"runs": 1, "balls": 5, "wickets": 0}, "e3626fb1": {"runs": 17, "balls": 7, "wickets": 0}, "40caa465": {"runs": 1, "balls": 2, "wickets": 0}, "66ea7420": {"runs": 10, "balls": 3, "wickets": 0}, "b76b2d25": {"runs": 10, "balls": 9, "wickets": 0}, "258fa633": {"runs": 7, "balls": 5, "wickets": 0}, "4948a916": {"runs": 1, "balls": 2, "wickets": 0}, "65d905ea": {"runs": 0, "balls": 1, "wickets": 0}, "13903f13": {"runs": 13, "balls": 10, "wickets": 0}, "2597e56b": {"runs": 21, "balls": 12, "wickets": 0}, "b13c506b": {"runs": 7, "balls": 4, "wickets": 0}, "44cb17b4": {"runs": 1, "balls": 6, "wickets": 0}, "d7b3a420": {"runs": 4, "balls": 1, "wickets": 0}, "d221c0cf": {"runs": 1, "balls": 3, "wickets": 0}, "0f60513c": {"runs": 4, "balls": 5, "wickets": 0}, "33ffc3dd": {"runs": 1, "balls": 2, "wickets": 0}, "cf495041": {"runs": 0, "balls": 3, "wickets": 1}}, "fifties": 0, "thirties": 1, "centuries": 0, "maidens": 2.0, "hattricks": 2, "runs": 186.0, "wickets": 37.0, "club_ODI_previous3_runs": [], "club_ODI_previous3_wickets": [], "club_ODI_previous3_balls played": [], "club_ODI_previous3_overs": [], "club_ODI_previous3_runs gave": [], "club_ODI_lifetime_runs": 0.0, "club_ODI_lifetime_wickets": 0.0, "club_ODI_lifetime_balls played": 0.0, "club_ODI_lifetime_overs": 0.0, "club_ODI_lifetime_runs gave": 0.0, "club_Test_previous3_runs": [], "club_Test_previous3_wickets": [], "club_Test_previous3_balls played": [], "club_Test_previous3_overs": [], "club_Test_previous3_runs gave": [], "club_Test_lifetime_runs": 0.0, "club_Test_lifetime_wickets": 0.0, "club_Test_lifetime_balls played": 0.0, "club_Test_lifetime_overs": 0.0, "club_Test_lifetime_runs gave": 0.0, "club_T20_previous3_runs": [41.0, 6.0, 5.0], "club_T20_previous3_wickets": [1.0, 0.0, 0.0], "club_T20_previous3_balls played": [26.0, 11.0, 10.0], "club_T20_previous3_overs": [4.0, 4.0, 4.0], "club_T20_previous3_runs gave": [24.0, 44.0, 28.0], "club_T20_lifetime_runs": 186.0, "club_T20_lifetime_wickets": 37.0, "club_T20_lifetime_balls played": 181.0, "club_T20_lifetime_overs": 145.33333333333334, "club_T20_lifetime_runs gave": 1240.0, "international_ODI_previous3_runs": [], "international_ODI_previous3_wickets": [], "international_ODI_previous3_balls played": [], "international_ODI_previous3_overs": [], "international_ODI_previous3_runs gave": [], "international_ODI_lifetime_runs": 0.0, "international_ODI_lifetime_wickets": 0.0, "international_ODI_lifetime_balls played": 0.0, "international_ODI_lifetime_overs": 0.0, "international_ODI_lifetime_runs gave": 0.0, "international_Test_previous3_runs": [], "international_Test_previous3_wickets": [], "international_Test_previous3_balls played": [], "international_Test_previous3_overs": [], "international_Test_previous3_runs gave": [], "international_Test_lifetime_runs": 0.0, "international_Test_lifetime_wickets": 0.0, "international_Test_lifetime_balls played": 0.0, "international_Test_lifetime_overs": 0.0, "international_Test_lifetime_runs gave": 0.0, "international_T20_previous3_runs": [], "international_T20_previous3_wickets": [], "international_T20_previous3_balls played": [], "international_T20_previous3_overs": [], "international_T20_previous3_runs gave": [], "international_T20_lifetime_runs": 0.0, "international_T20_lifetime_wickets": 0.0, "international_T20_lifetime_balls played": 0.0, "international_T20_lifetime_overs": 0.0, "international_T20_lifetime_runs gave": 0.0}