{"played_against": {"5fe3709e": {"runs": 11, "balls": 14, "wickets": 0}, "65a60be7": {"runs": 5, "balls": 18, "wickets": 0}, "98614193": {"runs": 9, "balls": 10, "wickets": 0}, "bc3fc527": {"runs": 0, "balls": 3, "wickets": 1}, "f70e7767": {"runs": 8, "balls": 5, "wickets": 0}, "06bcb7e6": {"runs": 2, "balls": 5, "wickets": 0}, "bb225778": {"runs": 7, "balls": 17, "wickets": 0}, "745a474b": {"runs": 7, "balls": 23, "wickets": 1}, "e4f13acd": {"runs": 12, "balls": 15, "wickets": 0}, "1c5c3dce": {"runs": 11, "balls": 17, "wickets": 0}, "0c8e89cc": {"runs": 10, "balls": 10, "wickets": 0}, "715dbf27": {"runs": 3, "balls": 4, "wickets": 1}, "18ae55e4": {"runs": 12, "balls": 20, "wickets": 0}, "492c17f0": {"runs": 1, "balls": 8, "wickets": 0}, "b7f70e36": {"runs": 3, "balls": 4, "wickets": 0}, "5d9ebb3c": {"runs": 5, "balls": 11, "wickets": 0}, "4393e047": {"runs": 4, "balls": 19, "wickets": 0}, "a96b36af": {"runs": 15, "balls": 20, "wickets": 0}, "008a024c": {"runs": 2, "balls": 4, "wickets": 1}, "397462b9": {"runs": 5, "balls": 11, "wickets": 0}, "49be2f58": {"runs": 4, "balls": 8, "wickets": 0}, "a5dfcd4b": {"runs": 1, "balls": 2, "wickets": 0}, "b7db83eb": {"runs": 4, "balls": 5, "wickets": 0}, "da569a0d": {"runs": 10, "balls": 11, "wickets": 1}, "c6614fc0": {"runs": 0, "balls": 6, "wickets": 0}, "1ce4f664": {"runs": 10, "balls": 6, "wickets": 0}, "c156cc1f": {"runs": 12, "balls": 5, "wickets": 0}, "3a1c34e6": {"runs": 3, "balls": 4, "wickets": 0}, "68da8887": {"runs": 9, "balls": 8, "wickets": 0}, "6e80042d": {"runs": 10, "balls": 6, "wickets": 0}, "53dd7d8e": {"runs": 7, "balls": 9, "wickets": 0}, "0ec45a9a": {"runs": 4, "balls": 8, "wickets": 0}, "847b4bdd": {"runs": 4, "balls": 10, "wickets": 0}, "91056862": {"runs": 6, "balls": 4, "wickets": 0}, "34e36b65": {"runs": 14, "balls": 11, "wickets": 1}, "0848ac5f": {"runs": 5, "balls": 2, "wickets": 0}, "2e392afa": {"runs": 3, "balls": 10, "wickets": 2}, "75f3aa00": {"runs": 5, "balls": 4, "wickets": 0}, "01679383": {"runs": 2, "balls": 5, "wickets": 1}, "7a787b98": {"runs": 10, "balls": 7, "wickets": 1}, "fde53ec1": {"runs": 4, "balls": 3, "wickets": 0}, "b38a9f73": {"runs": 20, "balls": 17, "wickets": 0}, "26c9b5be": {"runs": 2, "balls": 3, "wickets": 0}, "266473e2": {"runs": 6, "balls": 5, "wickets": 0}, "4a2ce060": {"runs": 14, "balls": 9, "wickets": 0}, "97b9cb64": {"runs": 4, "balls": 2, "wickets": 1}, "a1448a10": {"runs": 2, "balls": 2, "wickets": 1}, "74a578d0": {"runs": 7, "balls": 7, "wickets": 0}, "ba57fb08": {"runs": 8, "balls": 11, "wickets": 1}, "090f96e4": {"runs": 12, "balls": 12, "wickets": 0}, "3ac13a94": {"runs": 2, "balls": 6, "wickets": 0}, "9ccb6e52": {"runs": 9, "balls": 11, "wickets": 0}, "f99a219a": {"runs": 8, "balls": 11, "wickets": 1}, "1f3b9f8d": {"runs": 7, "balls": 10, "wickets": 0}, "afe8ff08": {"runs": 6, "balls": 7, "wickets": 0}, "118b0a7c": {"runs": 2, "balls": 2, "wickets": 0}, "f98c24ec": {"runs": 6, "balls": 18, "wickets": 0}, "4286e899": {"runs": 16, "balls": 14, "wickets": 0}, "c74c583b": {"runs": 5, "balls": 4, "wickets": 0}}, "fifties": 0, "thirties": 3, "centuries": 0, "maidens": 8.0, "hattricks": 1, "runs": 395.0, "wickets": 20.0, "club_ODI_previous3_runs": [], "club_ODI_previous3_wickets": [], "club_ODI_previous3_balls played": [], "club_ODI_previous3_overs": [], "club_ODI_previous3_runs gave": [], "club_ODI_lifetime_runs": 0.0, "club_ODI_lifetime_wickets": 0.0, "club_ODI_lifetime_balls played": 0.0, "club_ODI_lifetime_overs": 0.0, "club_ODI_lifetime_runs gave": 0.0, "club_Test_previous3_runs": [], "club_Test_previous3_wickets": [], "club_Test_previous3_balls played": [], "club_Test_previous3_overs": [], "club_Test_previous3_runs gave": [], "club_Test_lifetime_runs": 0.0, "club_Test_lifetime_wickets": 0.0, "club_Test_lifetime_balls played": 0.0, "club_Test_lifetime_overs": 0.0, "club_Test_lifetime_runs gave": 0.0, "club_T20_previous3_runs": [], "club_T20_previous3_wickets": [], "club_T20_previous3_balls played": [], "club_T20_previous3_overs": [], "club_T20_previous3_runs gave": [], "club_T20_lifetime_runs": 0.0, "club_T20_lifetime_wickets": 0.0, "club_T20_lifetime_balls played": 0.0, "club_T20_lifetime_overs": 0.0, "club_T20_lifetime_runs gave": 0.0, "international_ODI_previous3_runs": [21.0, 42.0, 14.0], "international_ODI_previous3_wickets": [1.0, 1.0, 2.0], "international_ODI_previous3_balls played": [34.0, 86.0, 26.0], "international_ODI_previous3_overs": [10.0, 10.0, 7.0], "international_ODI_previous3_runs gave": [35.0, 19.0, 54.0], "international_ODI_lifetime_runs": 107.0, "international_ODI_lifetime_wickets": 5.0, "international_ODI_lifetime_balls played": 228.0, "international_ODI_lifetime_overs": 42.33333333333333, "international_ODI_lifetime_runs gave": 165.0, "international_Test_previous3_runs": [], "international_Test_previous3_wickets": [], "international_Test_previous3_balls played": [], "international_Test_previous3_overs": [], "international_Test_previous3_runs gave": [], "international_Test_lifetime_runs": 0.0, "international_Test_lifetime_wickets": 0.0, "international_Test_lifetime_balls played": 0.0, "international_Test_lifetime_overs": 0.0, "international_Test_lifetime_runs gave": 0.0, "international_T20_previous3_runs": [0.0, 26.0, 29.0], "international_T20_previous3_wickets": [1.0, 1.0, 3.0], "international_T20_previous3_balls played": [1.0, 25.0, 35.0], "international_T20_previous3_overs": [4.0, 4.0, 4.0], "international_T20_previous3_runs gave": [22.0, 26.0, 20.0], "international_T20_lifetime_runs": 288.0, "international_T20_lifetime_wickets": 15.0, "international_T20_lifetime_balls played": 298.0, "international_T20_lifetime_overs": 56.0, "international_T20_lifetime_runs gave": 312.0}