{"played_against": {"42172c3c": {"runs": 1, "balls": 3, "wickets": 0}, "8361e524": {"runs": 0, "balls": 2, "wickets": 1}, "5f419ace": {"runs": 5, "balls": 7, "wickets": 0}, "97b0e4ff": {"runs": 2, "balls": 9, "wickets": 2}, "8e6827f7": {"runs": 5, "balls": 5, "wickets": 0}, "d7a57f75": {"runs": 7, "balls": 3, "wickets": 0}, "9d50c7e1": {"runs": 4, "balls": 4, "wickets": 0}, "bbd41817": {"runs": 5, "balls": 3, "wickets": 0}, "7955eb15": {"runs": 0, "balls": 4, "wickets": 0}, "3a60e0b5": {"runs": 0, "balls": 1, "wickets": 0}, "016e5101": {"runs": 2, "balls": 3, "wickets": 0}, "26ff4c29": {"runs": 4, "balls": 2, "wickets": 0}, "6581d753": {"runs": 3, "balls": 4, "wickets": 1}, "99cddc5e": {"runs": 1, "balls": 5, "wickets": 0}, "c9945bdf": {"runs": 2, "balls": 5, "wickets": 0}, "3f18724b": {"runs": 2, "balls": 4, "wickets": 1}}, "fifties": 0, "thirties": 0, "centuries": 0, "maidens": 1.0, "hattricks": 1, "runs": 43.0, "wickets": 3.0, "club_ODI_previous3_runs": [5.0], "club_ODI_previous3_wickets": [3.0], "club_ODI_previous3_balls played": [14.0], "club_ODI_previous3_overs": [10.0], "club_ODI_previous3_runs gave": [54.0], "club_ODI_lifetime_runs": 5.0, "club_ODI_lifetime_wickets": 3.0, "club_ODI_lifetime_balls played": 14.0, "club_ODI_lifetime_overs": 10.0, "club_ODI_lifetime_runs gave": 54.0, "club_Test_previous3_runs": [], "club_Test_previous3_wickets": [], "club_Test_previous3_balls played": [], "club_Test_previous3_overs": [], "club_Test_previous3_runs gave": [], "club_Test_lifetime_runs": 0.0, "club_Test_lifetime_wickets": 0.0, "club_Test_lifetime_balls played": 0.0, "club_Test_lifetime_overs": 0.0, "club_Test_lifetime_runs gave": 0.0, "club_T20_previous3_runs": [3.0, 25.0, 9.0], "club_T20_previous3_wickets": [0.0, 0.0, 0.0], "club_T20_previous3_balls played": [8.0, 23.0, 14.0], "club_T20_previous3_overs": [0.0, 0.0, 0.0], "club_T20_previous3_runs gave": [0.0, 0.0, 0.0], "club_T20_lifetime_runs": 38.0, "club_T20_lifetime_wickets": 0.0, "club_T20_lifetime_balls played": 50.0, "club_T20_lifetime_overs": 0.0, "club_T20_lifetime_runs gave": 0.0, "international_ODI_previous3_runs": [], "international_ODI_previous3_wickets": [], "international_ODI_previous3_balls played": [], "international_ODI_previous3_overs": [], "international_ODI_previous3_runs gave": [], "international_ODI_lifetime_runs": 0.0, "international_ODI_lifetime_wickets": 0.0, "international_ODI_lifetime_balls played": 0.0, "international_ODI_lifetime_overs": 0.0, "international_ODI_lifetime_runs gave": 0.0, "international_Test_previous3_runs": [], "international_Test_previous3_wickets": [], "international_Test_previous3_balls played": [], "international_Test_previous3_overs": [], "international_Test_previous3_runs gave": [], "international_Test_lifetime_runs": 0.0, "international_Test_lifetime_wickets": 0.0, "international_Test_lifetime_balls played": 0.0, "international_Test_lifetime_overs": 0.0, "international_Test_lifetime_runs gave": 0.0, "international_T20_previous3_runs": [], "international_T20_previous3_wickets": [], "international_T20_previous3_balls played": [], "international_T20_previous3_overs": [], "international_T20_previous3_runs gave": [], "international_T20_lifetime_runs": 0.0, "international_T20_lifetime_wickets": 0.0, "international_T20_lifetime_balls played": 0.0, "international_T20_lifetime_overs": 0.0, "international_T20_lifetime_runs gave": 0.0}