{"played_against": {"ae918b70": {"runs": 1, "balls": 5, "wickets": 0}, "9f97c98d": {"runs": 1, "balls": 3, "wickets": 0}, "1459a86c": {"runs": 3, "balls": 3, "wickets": 0}, "38476559": {"runs": 3, "balls": 5, "wickets": 0}, "5f862ccd": {"runs": 3, "balls": 7, "wickets": 0}, "8b552293": {"runs": 0, "balls": 4, "wickets": 0}, "44d0e8af": {"runs": 1, "balls": 3, "wickets": 0}, "c68fc575": {"runs": 2, "balls": 9, "wickets": 1}, "61c22ad0": {"runs": 3, "balls": 8, "wickets": 0}, "cd7134f5": {"runs": 4, "balls": 4, "wickets": 0}, "fe7ba5cf": {"runs": 1, "balls": 1, "wickets": 0}, "fdc6b34d": {"runs": 1, "balls": 2, "wickets": 1}, "4c7744de": {"runs": 1, "balls": 2, "wickets": 0}, "cfdfe39c": {"runs": 0, "balls": 1, "wickets": 1}, "1f795a79": {"runs": 1, "balls": 2, "wickets": 0}, "760fcf65": {"runs": 2, "balls": 4, "wickets": 0}, "b1f21c0f": {"runs": 0, "balls": 1, "wickets": 0}, "6c8904c8": {"runs": 3, "balls": 4, "wickets": 0}, "bff0535a": {"runs": 0, "balls": 2, "wickets": 1}, "31c56f40": {"runs": 1, "balls": 7, "wickets": 0}, "62653085": {"runs": 0, "balls": 2, "wickets": 0}, "58acb320": {"runs": 1, "balls": 1, "wickets": 0}, "cdb82f1c": {"runs": 0, "balls": 3, "wickets": 0}, "6f17c546": {"runs": 1, "balls": 2, "wickets": 0}, "f037f4d8": {"runs": 3, "balls": 3, "wickets": 0}, "e1347433": {"runs": 1, "balls": 3, "wickets": 0}, "10854c82": {"runs": 9, "balls": 7, "wickets": 0}, "09cbca15": {"runs": 0, "balls": 1, "wickets": 0}, "f20e7e23": {"runs": 1, "balls": 4, "wickets": 0}, "78fa5f6d": {"runs": 0, "balls": 1, "wickets": 0}, "86a68879": {"runs": 0, "balls": 4, "wickets": 1}, "729c5ab5": {"runs": 1, "balls": 2, "wickets": 0}, "e393c6c1": {"runs": 2, "balls": 2, "wickets": 0}, "d91a936b": {"runs": 1, "balls": 3, "wickets": 0}, "0286eabe": {"runs": 0, "balls": 3, "wickets": 0}, "2cbe5db1": {"runs": 4, "balls": 3, "wickets": 0}, "59f44fde": {"runs": 1, "balls": 1, "wickets": 0}, "5bc290a2": {"runs": 1, "balls": 2, "wickets": 0}, "b5714cf9": {"runs": 0, "balls": 3, "wickets": 1}, "1119a645": {"runs": 0, "balls": 2, "wickets": 1}, "80d30c5f": {"runs": 1, "balls": 1, "wickets": 0}, "c84a3e06": {"runs": 1, "balls": 1, "wickets": 0}, "8ccef7e2": {"runs": 7, "balls": 4, "wickets": 0}}, "fifties": 0, "thirties": 0, "centuries": 0, "maidens": 0.0, "hattricks": 1, "runs": 66.0, "wickets": 4.0, "club_ODI_previous3_runs": [], "club_ODI_previous3_wickets": [], "club_ODI_previous3_balls played": [], "club_ODI_previous3_overs": [], "club_ODI_previous3_runs gave": [], "club_ODI_lifetime_runs": 0.0, "club_ODI_lifetime_wickets": 0.0, "club_ODI_lifetime_balls played": 0.0, "club_ODI_lifetime_overs": 0.0, "club_ODI_lifetime_runs gave": 0.0, "club_Test_previous3_runs": [], "club_Test_previous3_wickets": [], "club_Test_previous3_balls played": [], "club_Test_previous3_overs": [], "club_Test_previous3_runs gave": [], "club_Test_lifetime_runs": 0.0, "club_Test_lifetime_wickets": 0.0, "club_Test_lifetime_balls played": 0.0, "club_Test_lifetime_overs": 0.0, "club_Test_lifetime_runs gave": 0.0, "club_T20_previous3_runs": [0.0, 1.0], "club_T20_previous3_wickets": [0.0, 0.0], "club_T20_previous3_balls played": [0.0, 4.0], "club_T20_previous3_overs": [0.0, 0.0], "club_T20_previous3_runs gave": [0.0, 0.0], "club_T20_lifetime_runs": 1.0, "club_T20_lifetime_wickets": 0.0, "club_T20_lifetime_balls played": 4.0, "club_T20_lifetime_overs": 0.0, "club_T20_lifetime_runs gave": 0.0, "international_ODI_previous3_runs": [], "international_ODI_previous3_wickets": [], "international_ODI_previous3_balls played": [], "international_ODI_previous3_overs": [], "international_ODI_previous3_runs gave": [], "international_ODI_lifetime_runs": 0.0, "international_ODI_lifetime_wickets": 0.0, "international_ODI_lifetime_balls played": 0.0, "international_ODI_lifetime_overs": 0.0, "international_ODI_lifetime_runs gave": 0.0, "international_Test_previous3_runs": [], "international_Test_previous3_wickets": [], "international_Test_previous3_balls played": [], "international_Test_previous3_overs": [], "international_Test_previous3_runs gave": [], "international_Test_lifetime_runs": 0.0, "international_Test_lifetime_wickets": 0.0, "international_Test_lifetime_balls played": 0.0, "international_Test_lifetime_overs": 0.0, "international_Test_lifetime_runs gave": 0.0, "international_T20_previous3_runs": [9.0, 0.0, 0.0], "international_T20_previous3_wickets": [3.0, 0.0, 1.0], "international_T20_previous3_balls played": [8.0, 0.0, 0.0], "international_T20_previous3_overs": [4.0, 2.8333333333333335, 3.666666666666667], "international_T20_previous3_runs gave": [20.0, 7.0, 26.0], "international_T20_lifetime_runs": 65.0, "international_T20_lifetime_wickets": 4.0, "international_T20_lifetime_balls played": 132.0, "international_T20_lifetime_overs": 17.5, "international_T20_lifetime_runs gave": 90.0}