{"played_against": {"7eb7d5d4": {"runs": 0, "balls": 2, "wickets": 0}, "7f8ecc51": {"runs": 0, "balls": 1, "wickets": 1}, "94cdf850": {"runs": 0, "balls": 0, "wickets": 0}, "11614d87": {"runs": 1, "balls": 1, "wickets": 0}, "83d17bbc": {"runs": 1, "balls": 4, "wickets": 2}, "97290faf": {"runs": 0, "balls": 1, "wickets": 0}, "25550d06": {"runs": 1, "balls": 5, "wickets": 0}, "fc55ec67": {"runs": 2, "balls": 2, "wickets": 0}, "2c54c49b": {"runs": 0, "balls": 1, "wickets": 0}}, "fifties": 0, "thirties": 0, "centuries": 0, "maidens": 2.0, "hattricks": 8, "runs": 5.0, "wickets": 77.0, "club_ODI_previous3_runs": [], "club_ODI_previous3_wickets": [], "club_ODI_previous3_balls played": [], "club_ODI_previous3_overs": [], "club_ODI_previous3_runs gave": [], "club_ODI_lifetime_runs": 0.0, "club_ODI_lifetime_wickets": 0.0, "club_ODI_lifetime_balls played": 0.0, "club_ODI_lifetime_overs": 0.0, "club_ODI_lifetime_runs gave": 0.0, "club_Test_previous3_runs": [], "club_Test_previous3_wickets": [], "club_Test_previous3_balls played": [], "club_Test_previous3_overs": [], "club_Test_previous3_runs gave": [], "club_Test_lifetime_runs": 0.0, "club_Test_lifetime_wickets": 0.0, "club_Test_lifetime_balls played": 0.0, "club_Test_lifetime_overs": 0.0, "club_Test_lifetime_runs gave": 0.0, "club_T20_previous3_runs": [0.0, 0.0, 0.0], "club_T20_previous3_wickets": [0.0, 2.0, 0.0], "club_T20_previous3_balls played": [0.0, 0.0, 0.0], "club_T20_previous3_overs": [4.0, 4.0, 4.0], "club_T20_previous3_runs gave": [34.0, 35.0, 43.0], "club_T20_lifetime_runs": 1.0, "club_T20_lifetime_wickets": 60.0, "club_T20_lifetime_balls played": 4.0, "club_T20_lifetime_overs": 151.0, "club_T20_lifetime_runs gave": 1179.0, "international_ODI_previous3_runs": [3.0, 0.0, 0.0], "international_ODI_previous3_wickets": [1.0, 1.0, 2.0], "international_ODI_previous3_balls played": [3.0, 0.0, 5.0], "international_ODI_previous3_overs": [6.0, 4.0, 8.0], "international_ODI_previous3_runs gave": [24.0, 9.0, 33.0], "international_ODI_lifetime_runs": 3.0, "international_ODI_lifetime_wickets": 4.0, "international_ODI_lifetime_balls played": 8.0, "international_ODI_lifetime_overs": 18.0, "international_ODI_lifetime_runs gave": 66.0, "international_Test_previous3_runs": [], "international_Test_previous3_wickets": [], "international_Test_previous3_balls played": [], "international_Test_previous3_overs": [], "international_Test_previous3_runs gave": [], "international_Test_lifetime_runs": 0.0, "international_Test_lifetime_wickets": 0.0, "international_Test_lifetime_balls played": 0.0, "international_Test_lifetime_overs": 0.0, "international_Test_lifetime_runs gave": 0.0, "international_T20_previous3_runs": [1.0, 0.0, 0.0], "international_T20_previous3_wickets": [1.0, 1.0, 1.0], "international_T20_previous3_balls played": [5.0, 0.0, 0.0], "international_T20_previous3_overs": [4.0, 2.0, 3.0], "international_T20_previous3_runs gave": [32.0, 32.0, 36.0], "international_T20_lifetime_runs": 1.0, "international_T20_lifetime_wickets": 13.0, "international_T20_lifetime_balls played": 6.0, "international_T20_lifetime_overs": 36.0, "international_T20_lifetime_runs gave": 255.0}