{"played_against": {"b4a45b8c": {"runs": 20, "balls": 79, "wickets": 1}, "28754255": {"runs": 24, "balls": 52, "wickets": 0}, "c221d283": {"runs": 14, "balls": 49, "wickets": 0}, "01fcf20f": {"runs": 27, "balls": 50, "wickets": 0}, "8d80ca6b": {"runs": 25, "balls": 56, "wickets": 0}, "41f8d757": {"runs": 15, "balls": 90, "wickets": 0}, "efc28987": {"runs": 13, "balls": 39, "wickets": 0}, "6a434bd3": {"runs": 43, "balls": 74, "wickets": 2}, "907c51ab": {"runs": 16, "balls": 40, "wickets": 1}, "f46500c3": {"runs": 45, "balls": 119, "wickets": 0}, "648bc30f": {"runs": 23, "balls": 44, "wickets": 2}, "c8f378cc": {"runs": 7, "balls": 20, "wickets": 0}, "a6aac76b": {"runs": 10, "balls": 8, "wickets": 0}, "2874f960": {"runs": 5, "balls": 8, "wickets": 0}, "b41bd968": {"runs": 7, "balls": 7, "wickets": 0}, "89bbc67a": {"runs": 3, "balls": 4, "wickets": 0}, "7e9ff716": {"runs": 25, "balls": 56, "wickets": 0}, "d3a44255": {"runs": 49, "balls": 83, "wickets": 0}, "9706e64b": {"runs": 40, "balls": 31, "wickets": 0}, "8fbdc795": {"runs": 7, "balls": 11, "wickets": 0}, "d4188b60": {"runs": 4, "balls": 3, "wickets": 0}, "4ab6d138": {"runs": 12, "balls": 19, "wickets": 0}, "7c0055c1": {"runs": 4, "balls": 2, "wickets": 0}, "de69af96": {"runs": 9, "balls": 4, "wickets": 1}, "180240d4": {"runs": 2, "balls": 4, "wickets": 0}, "84f1ae7f": {"runs": 1, "balls": 5, "wickets": 0}, "705489eb": {"runs": 2, "balls": 3, "wickets": 0}, "ed840f44": {"runs": 5, "balls": 6, "wickets": 0}, "b287e7b1": {"runs": 10, "balls": 6, "wickets": 0}, "3cfbddce": {"runs": 8, "balls": 4, "wickets": 0}, "98dfe425": {"runs": 6, "balls": 5, "wickets": 0}, "32497ecd": {"runs": 11, "balls": 20, "wickets": 1}, "ea8b65ab": {"runs": 16, "balls": 17, "wickets": 0}, "a49985e6": {"runs": 10, "balls": 13, "wickets": 0}, "1f7825dd": {"runs": 3, "balls": 5, "wickets": 0}, "a7cd72b2": {"runs": 4, "balls": 6, "wickets": 0}, "3308d881": {"runs": 7, "balls": 6, "wickets": 1}, "cc3884f9": {"runs": 3, "balls": 7, "wickets": 1}, "c29ada99": {"runs": 5, "balls": 2, "wickets": 0}, "a139c379": {"runs": 3, "balls": 4, "wickets": 0}, "93a583c3": {"runs": 8, "balls": 14, "wickets": 0}, "8879d882": {"runs": 2, "balls": 4, "wickets": 0}, "e2410b5e": {"runs": 0, "balls": 1, "wickets": 0}, "72b7ed1e": {"runs": 8, "balls": 8, "wickets": 0}, "60471339": {"runs": 3, "balls": 10, "wickets": 1}, "053dc208": {"runs": 11, "balls": 11, "wickets": 1}, "92cf79a8": {"runs": 3, "balls": 6, "wickets": 0}, "207ba61e": {"runs": 1, "balls": 8, "wickets": 0}, "fa8f9dc3": {"runs": 2, "balls": 3, "wickets": 0}, "cb937b2d": {"runs": 2, "balls": 2, "wickets": 0}, "b8cce99f": {"runs": 2, "balls": 2, "wickets": 0}, "4ed7d23f": {"runs": 5, "balls": 2, "wickets": 0}}, "fifties": 0, "thirties": 4, "centuries": 2, "maidens": 74.0, "hattricks": 1, "runs": 590.0, "wickets": 24.0, "club_ODI_previous3_runs": [], "club_ODI_previous3_wickets": [], "club_ODI_previous3_balls played": [], "club_ODI_previous3_overs": [], "club_ODI_previous3_runs gave": [], "club_ODI_lifetime_runs": 0.0, "club_ODI_lifetime_wickets": 0.0, "club_ODI_lifetime_balls played": 0.0, "club_ODI_lifetime_overs": 0.0, "club_ODI_lifetime_runs gave": 0.0, "club_Test_previous3_runs": [], "club_Test_previous3_wickets": [], "club_Test_previous3_balls played": [], "club_Test_previous3_overs": [], "club_Test_previous3_runs gave": [], "club_Test_lifetime_runs": 0.0, "club_Test_lifetime_wickets": 0.0, "club_Test_lifetime_balls played": 0.0, "club_Test_lifetime_overs": 0.0, "club_Test_lifetime_runs gave": 0.0, "club_T20_previous3_runs": [0.0, 5.0, 0.0], "club_T20_previous3_wickets": [0.0, 2.0, 0.0], "club_T20_previous3_balls played": [0.0, 2.0, 0.0], "club_T20_previous3_overs": [1.0, 2.0, 3.0], "club_T20_previous3_runs gave": [7.0, 19.0, 23.0], "club_T20_lifetime_runs": 14.0, "club_T20_lifetime_wickets": 8.0, "club_T20_lifetime_balls played": 19.0, "club_T20_lifetime_overs": 22.666666666666668, "club_T20_lifetime_runs gave": 145.0, "international_ODI_previous3_runs": [41.0, 0.0, 12.0], "international_ODI_previous3_wickets": [1.0, 2.0, 2.0], "international_ODI_previous3_balls played": [59.0, 0.0, 20.0], "international_ODI_previous3_overs": [10.0, 8.333333333333334, 10.0], "international_ODI_previous3_runs gave": [19.0, 26.0, 21.0], "international_ODI_lifetime_runs": 119.0, "international_ODI_lifetime_wickets": 6.0, "international_ODI_lifetime_balls played": 183.0, "international_ODI_lifetime_overs": 73.16666666666666, "international_ODI_lifetime_runs gave": 265.0, "international_Test_previous3_runs": [100.0, 13.0, 10.0], "international_Test_previous3_wickets": [4.0, 2.0, 1.0], "international_Test_previous3_balls played": [226.0, 31.0, 41.0], "international_Test_previous3_overs": [41.0, 38.66666666666667, 45.83333333333333], "international_Test_previous3_runs gave": [97.0, 66.0, 58.0], "international_Test_lifetime_runs": 295.0, "international_Test_lifetime_wickets": 7.0, "international_Test_lifetime_balls played": 795.0, "international_Test_lifetime_overs": 171.33333333333331, "international_Test_lifetime_runs gave": 302.0, "international_T20_previous3_runs": [38.0, 23.0, 23.0], "international_T20_previous3_wickets": [0.0, 0.0, 2.0], "international_T20_previous3_balls played": [28.0, 25.0, 26.0], "international_T20_previous3_overs": [4.0, 4.0, 4.0], "international_T20_previous3_runs gave": [26.0, 6.0, 17.0], "international_T20_lifetime_runs": 162.0, "international_T20_lifetime_wickets": 3.0, "international_T20_lifetime_balls played": 143.0, "international_T20_lifetime_overs": 32.0, "international_T20_lifetime_runs gave": 171.0}