{"played_against": {"bcce309e": {"runs": 8, "balls": 7, "wickets": 0}, "a12e1d51": {"runs": 10, "balls": 14, "wickets": 1}, "4ba44e19": {"runs": 3, "balls": 11, "wickets": 0}, "f233bbb4": {"runs": 6, "balls": 11, "wickets": 0}, "10a91f35": {"runs": 3, "balls": 3, "wickets": 0}, "33f28243": {"runs": 6, "balls": 3, "wickets": 1}, "bd77eb62": {"runs": 1, "balls": 1, "wickets": 0}, "d0513f63": {"runs": 0, "balls": 3, "wickets": 1}, "ee7d0c82": {"runs": 6, "balls": 5, "wickets": 0}, "a3bfec5d": {"runs": 1, "balls": 1, "wickets": 0}, "4c61a0f9": {"runs": 3, "balls": 6, "wickets": 2}, "7d7ab238": {"runs": 1, "balls": 4, "wickets": 0}, "f5390243": {"runs": 1, "balls": 2, "wickets": 0}, "d7c6af50": {"runs": 5, "balls": 7, "wickets": 0}, "4f629497": {"runs": 0, "balls": 1, "wickets": 1}, "5d096f3d": {"runs": 10, "balls": 7, "wickets": 0}, "98ae73b1": {"runs": 4, "balls": 3, "wickets": 0}, "fa463154": {"runs": 3, "balls": 4, "wickets": 1}, "ccdd8308": {"runs": 4, "balls": 7, "wickets": 0}, "f1ba9ed7": {"runs": 11, "balls": 12, "wickets": 0}, "c89474d1": {"runs": 6, "balls": 6, "wickets": 0}, "6c6aca89": {"runs": 7, "balls": 8, "wickets": 0}, "dc670143": {"runs": 7, "balls": 3, "wickets": 0}, "2223b920": {"runs": 0, "balls": 5, "wickets": 0}, "6c908ffc": {"runs": 4, "balls": 9, "wickets": 1}, "06c2de82": {"runs": 5, "balls": 7, "wickets": 1}, "59559bc2": {"runs": 3, "balls": 9, "wickets": 0}, "b552a935": {"runs": 8, "balls": 14, "wickets": 0}, "93e06301": {"runs": 2, "balls": 7, "wickets": 1}, "59792462": {"runs": 1, "balls": 4, "wickets": 0}, "85afed77": {"runs": 3, "balls": 4, "wickets": 0}, "b20f423b": {"runs": 0, "balls": 6, "wickets": 0}, "8d92a2c3": {"runs": 7, "balls": 8, "wickets": 0}, "e737a5fe": {"runs": 1, "balls": 9, "wickets": 1}, "b8d490fd": {"runs": 11, "balls": 11, "wickets": 0}, "5fcb6fb1": {"runs": 1, "balls": 4, "wickets": 0}, "58043739": {"runs": 20, "balls": 25, "wickets": 0}, "8bf61e65": {"runs": 15, "balls": 29, "wickets": 1}, "b21ed464": {"runs": 14, "balls": 6, "wickets": 0}, "012829ff": {"runs": 2, "balls": 4, "wickets": 0}, "e087956b": {"runs": 4, "balls": 4, "wickets": 1}}, "fifties": 1, "thirties": 1, "centuries": 0, "maidens": 69.0, "hattricks": 6, "runs": 207.0, "wickets": 39.0, "club_ODI_previous3_runs": [], "club_ODI_previous3_wickets": [], "club_ODI_previous3_balls played": [], "club_ODI_previous3_overs": [], "club_ODI_previous3_runs gave": [], "club_ODI_lifetime_runs": 0.0, "club_ODI_lifetime_wickets": 0.0, "club_ODI_lifetime_balls played": 0.0, "club_ODI_lifetime_overs": 0.0, "club_ODI_lifetime_runs gave": 0.0, "club_Test_previous3_runs": [8.0, 61.0, 6.0], "club_Test_previous3_wickets": [0.0, 0.0, 5.0], "club_Test_previous3_balls played": [9.0, 76.0, 16.0], "club_Test_previous3_overs": [21.833333333333336, 24.833333333333332, 34.0], "club_Test_previous3_runs gave": [75.0, 59.0, 105.0], "club_Test_lifetime_runs": 136.0, "club_Test_lifetime_wickets": 17.0, "club_Test_lifetime_balls played": 203.0, "club_Test_lifetime_overs": 176.0, "club_Test_lifetime_runs gave": 467.0, "club_T20_previous3_runs": [0.0], "club_T20_previous3_wickets": [0.0], "club_T20_previous3_balls played": [0.0], "club_T20_previous3_overs": [4.0], "club_T20_previous3_runs gave": [36.0], "club_T20_lifetime_runs": 0.0, "club_T20_lifetime_wickets": 0.0, "club_T20_lifetime_balls played": 0.0, "club_T20_lifetime_overs": 4.0, "club_T20_lifetime_runs gave": 36.0, "international_ODI_previous3_runs": [1.0, 5.0, 17.0], "international_ODI_previous3_wickets": [4.0, 1.0, 1.0], "international_ODI_previous3_balls played": [4.0, 8.0, 14.0], "international_ODI_previous3_overs": [10.0, 10.0, 10.0], "international_ODI_previous3_runs gave": [39.0, 31.0, 63.0], "international_ODI_lifetime_runs": 43.0, "international_ODI_lifetime_wickets": 15.0, "international_ODI_lifetime_balls played": 47.0, "international_ODI_lifetime_overs": 104.16666666666667, "international_ODI_lifetime_runs gave": 419.0, "international_Test_previous3_runs": [27.0], "international_Test_previous3_wickets": [3.0], "international_Test_previous3_balls played": [43.0], "international_Test_previous3_overs": [41.0], "international_Test_previous3_runs gave": [122.0], "international_Test_lifetime_runs": 27.0, "international_Test_lifetime_wickets": 3.0, "international_Test_lifetime_balls played": 43.0, "international_Test_lifetime_overs": 41.0, "international_Test_lifetime_runs gave": 122.0, "international_T20_previous3_runs": [0.0, 1.0], "international_T20_previous3_wickets": [4.0, 0.0], "international_T20_previous3_balls played": [0.0, 4.0], "international_T20_previous3_overs": [4.0, 3.0], "international_T20_previous3_runs gave": [24.0, 32.0], "international_T20_lifetime_runs": 1.0, "international_T20_lifetime_wickets": 4.0, "international_T20_lifetime_balls played": 4.0, "international_T20_lifetime_overs": 7.0, "international_T20_lifetime_runs gave": 56.0}