{"played_against": {"f60dc2a5": {"runs": 0, "balls": 3, "wickets": 0}, "d167edd3": {"runs": 0, "balls": 1, "wickets": 0}, "808f425a": {"runs": 0, "balls": 2, "wickets": 0}, "86b4bf88": {"runs": 0, "balls": 3, "wickets": 0}, "0164b064": {"runs": 2, "balls": 21, "wickets": 0}, "1a156c88": {"runs": 12, "balls": 45, "wickets": 2}, "4d927a2e": {"runs": 1, "balls": 3, "wickets": 0}, "7c8f533d": {"runs": 2, "balls": 13, "wickets": 0}, "b03303ca": {"runs": 4, "balls": 10, "wickets": 0}, "a2421394": {"runs": 1, "balls": 40, "wickets": 1}, "04ef663a": {"runs": 22, "balls": 70, "wickets": 0}, "2c7ac4b9": {"runs": 9, "balls": 51, "wickets": 2}, "caf69bf7": {"runs": 0, "balls": 6, "wickets": 0}, "3540beff": {"runs": 3, "balls": 24, "wickets": 0}, "1a2676c5": {"runs": 3, "balls": 14, "wickets": 0}, "8e3cb0e9": {"runs": 3, "balls": 2, "wickets": 0}, "e1a867df": {"runs": 28, "balls": 56, "wickets": 0}, "1ee08e9a": {"runs": 13, "balls": 38, "wickets": 1}, "68e26ec9": {"runs": 6, "balls": 49, "wickets": 1}, "eaa76d3c": {"runs": 28, "balls": 33, "wickets": 0}, "3d8feaf8": {"runs": 10, "balls": 7, "wickets": 0}, "ff1e12a0": {"runs": 2, "balls": 9, "wickets": 1}, "afa7e784": {"runs": 2, "balls": 7, "wickets": 0}, "bc773eeb": {"runs": 6, "balls": 14, "wickets": 1}, "d1f23acb": {"runs": 2, "balls": 14, "wickets": 1}, "029c4618": {"runs": 9, "balls": 18, "wickets": 0}, "70c4f525": {"runs": 24, "balls": 105, "wickets": 0}, "a90e53ec": {"runs": 1, "balls": 7, "wickets": 0}, "f752db61": {"runs": 8, "balls": 13, "wickets": 0}, "96824e68": {"runs": 0, "balls": 9, "wickets": 2}, "bd93fea4": {"runs": 9, "balls": 18, "wickets": 0}, "b681e71e": {"runs": 15, "balls": 60, "wickets": 0}, "519c30cb": {"runs": 0, "balls": 12, "wickets": 1}, "903560ed": {"runs": 12, "balls": 21, "wickets": 1}, "32198ae0": {"runs": 0, "balls": 9, "wickets": 0}, "96a6a7ad": {"runs": 3, "balls": 12, "wickets": 0}, "03806cf8": {"runs": 7, "balls": 33, "wickets": 0}, "272fc5ad": {"runs": 1, "balls": 9, "wickets": 0}, "64775749": {"runs": 21, "balls": 22, "wickets": 0}, "72075ec1": {"runs": 11, "balls": 20, "wickets": 0}, "479f9b04": {"runs": 3, "balls": 4, "wickets": 0}, "770ae773": {"runs": 2, "balls": 6, "wickets": 1}, "d9273ee7": {"runs": 4, "balls": 14, "wickets": 1}, "b08e58e2": {"runs": 6, "balls": 28, "wickets": 0}, "350bb1b1": {"runs": 0, "balls": 1, "wickets": 0}, "19b9f399": {"runs": 0, "balls": 1, "wickets": 0}, "e1b9f3a9": {"runs": 0, "balls": 1, "wickets": 0}, "912f472c": {"runs": 0, "balls": 3, "wickets": 0}}, "fifties": 1, "thirties": 3, "centuries": 0, "maidens": 83.0, "hattricks": 6, "runs": 295.0, "wickets": 40.0, "club_ODI_previous3_runs": [], "club_ODI_previous3_wickets": [], "club_ODI_previous3_balls played": [], "club_ODI_previous3_overs": [], "club_ODI_previous3_runs gave": [], "club_ODI_lifetime_runs": 0.0, "club_ODI_lifetime_wickets": 0.0, "club_ODI_lifetime_balls played": 0.0, "club_ODI_lifetime_overs": 0.0, "club_ODI_lifetime_runs gave": 0.0, "club_Test_previous3_runs": [9.0, 9.0, 4.0], "club_Test_previous3_wickets": [2.0, 0.0, 1.0], "club_Test_previous3_balls played": [42.0, 81.0, 13.0], "club_Test_previous3_overs": [45.0, 40.0, 19.0], "club_Test_previous3_runs gave": [124.0, 146.0, 57.0], "club_Test_lifetime_runs": 295.0, "club_Test_lifetime_wickets": 35.0, "club_Test_lifetime_balls played": 957.0, "club_Test_lifetime_overs": 535.3333333333333, "club_Test_lifetime_runs gave": 1684.0, "club_T20_previous3_runs": [0.0, 0.0, 0.0], "club_T20_previous3_wickets": [0.0, 0.0, 0.0], "club_T20_previous3_balls played": [2.0, 1.0, 0.0], "club_T20_previous3_overs": [3.0, 3.0, 1.0], "club_T20_previous3_runs gave": [27.0, 24.0, 7.0], "club_T20_lifetime_runs": 0.0, "club_T20_lifetime_wickets": 5.0, "club_T20_lifetime_balls played": 9.0, "club_T20_lifetime_overs": 15.333333333333334, "club_T20_lifetime_runs gave": 116.0, "international_ODI_previous3_runs": [], "international_ODI_previous3_wickets": [], "international_ODI_previous3_balls played": [], "international_ODI_previous3_overs": [], "international_ODI_previous3_runs gave": [], "international_ODI_lifetime_runs": 0.0, "international_ODI_lifetime_wickets": 0.0, "international_ODI_lifetime_balls played": 0.0, "international_ODI_lifetime_overs": 0.0, "international_ODI_lifetime_runs gave": 0.0, "international_Test_previous3_runs": [], "international_Test_previous3_wickets": [], "international_Test_previous3_balls played": [], "international_Test_previous3_overs": [], "international_Test_previous3_runs gave": [], "international_Test_lifetime_runs": 0.0, "international_Test_lifetime_wickets": 0.0, "international_Test_lifetime_balls played": 0.0, "international_Test_lifetime_overs": 0.0, "international_Test_lifetime_runs gave": 0.0, "international_T20_previous3_runs": [], "international_T20_previous3_wickets": [], "international_T20_previous3_balls played": [], "international_T20_previous3_overs": [], "international_T20_previous3_runs gave": [], "international_T20_lifetime_runs": 0.0, "international_T20_lifetime_wickets": 0.0, "international_T20_lifetime_balls played": 0.0, "international_T20_lifetime_overs": 0.0, "international_T20_lifetime_runs gave": 0.0}