{"played_against": {"704e0160": {"runs": 1, "balls": 3, "wickets": 0}, "eb5aa5b9": {"runs": 0, "balls": 3, "wickets": 0}, "1d45c01a": {"runs": 4, "balls": 4, "wickets": 1}, "4e6ff836": {"runs": 1, "balls": 1, "wickets": 0}, "b0b80a99": {"runs": 1, "balls": 2, "wickets": 0}, "747209e0": {"runs": 5, "balls": 5, "wickets": 0}, "e6082b10": {"runs": 5, "balls": 5, "wickets": 0}, "5787be00": {"runs": 4, "balls": 4, "wickets": 0}, "716bf559": {"runs": 2, "balls": 5, "wickets": 0}, "2a03bd2f": {"runs": 17, "balls": 8, "wickets": 0}, "018f6488": {"runs": 8, "balls": 4, "wickets": 0}, "39e9f0c9": {"runs": 1, "balls": 4, "wickets": 0}, "b8e65260": {"runs": 0, "balls": 1, "wickets": 0}, "00467a76": {"runs": 10, "balls": 10, "wickets": 0}, "81898acc": {"runs": 15, "balls": 13, "wickets": 1}, "f5ba4611": {"runs": 15, "balls": 17, "wickets": 0}, "638f451b": {"runs": 32, "balls": 12, "wickets": 0}, "7f784eb8": {"runs": 1, "balls": 2, "wickets": 0}, "3924b2ee": {"runs": 15, "balls": 14, "wickets": 0}, "a768a762": {"runs": 0, "balls": 6, "wickets": 1}, "2809b390": {"runs": 20, "balls": 10, "wickets": 0}, "1c40f69f": {"runs": 33, "balls": 14, "wickets": 0}, "b0358c6d": {"runs": 13, "balls": 5, "wickets": 1}, "e4f13acd": {"runs": 9, "balls": 5, "wickets": 0}, "677c18f9": {"runs": 9, "balls": 5, "wickets": 0}, "79e23cc5": {"runs": 2, "balls": 2, "wickets": 0}, "5edaa34d": {"runs": 11, "balls": 6, "wickets": 0}, "ddc2613d": {"runs": 12, "balls": 7, "wickets": 0}, "7f74b21d": {"runs": 1, "balls": 1, "wickets": 0}, "0ac067e8": {"runs": 6, "balls": 4, "wickets": 0}, "7c7c4988": {"runs": 0, "balls": 1, "wickets": 0}, "de6ad58b": {"runs": 1, "balls": 2, "wickets": 1}, "4e3fd330": {"runs": 5, "balls": 2, "wickets": 0}, "02b078b1": {"runs": 17, "balls": 4, "wickets": 0}, "753ada66": {"runs": 1, "balls": 1, "wickets": 0}, "b857468a": {"runs": 4, "balls": 3, "wickets": 0}, "f8bd71c9": {"runs": 5, "balls": 5, "wickets": 0}, "65cd62a9": {"runs": 1, "balls": 3, "wickets": 0}, "0ed66ce6": {"runs": 0, "balls": 3, "wickets": 1}, "fa308279": {"runs": 2, "balls": 4, "wickets": 0}, "e00acf74": {"runs": 1, "balls": 6, "wickets": 0}, "d8bee9a1": {"runs": 0, "balls": 1, "wickets": 1}, "cc796077": {"runs": 0, "balls": 12, "wickets": 0}, "1c1bb0d5": {"runs": 0, "balls": 4, "wickets": 0}, "c7726eec": {"runs": 1, "balls": 2, "wickets": 0}, "babc65d3": {"runs": 0, "balls": 4, "wickets": 1}}, "fifties": 2, "thirties": 1, "centuries": 0, "maidens": 0.0, "hattricks": 0, "runs": 291.0, "wickets": 3.0, "club_ODI_previous3_runs": [], "club_ODI_previous3_wickets": [], "club_ODI_previous3_balls played": [], "club_ODI_previous3_overs": [], "club_ODI_previous3_runs gave": [], "club_ODI_lifetime_runs": 0.0, "club_ODI_lifetime_wickets": 0.0, "club_ODI_lifetime_balls played": 0.0, "club_ODI_lifetime_overs": 0.0, "club_ODI_lifetime_runs gave": 0.0, "club_Test_previous3_runs": [], "club_Test_previous3_wickets": [], "club_Test_previous3_balls played": [], "club_Test_previous3_overs": [], "club_Test_previous3_runs gave": [], "club_Test_lifetime_runs": 0.0, "club_Test_lifetime_wickets": 0.0, "club_Test_lifetime_balls played": 0.0, "club_Test_lifetime_overs": 0.0, "club_Test_lifetime_runs gave": 0.0, "club_T20_previous3_runs": [], "club_T20_previous3_wickets": [], "club_T20_previous3_balls played": [], "club_T20_previous3_overs": [], "club_T20_previous3_runs gave": [], "club_T20_lifetime_runs": 0.0, "club_T20_lifetime_wickets": 0.0, "club_T20_lifetime_balls played": 0.0, "club_T20_lifetime_overs": 0.0, "club_T20_lifetime_runs gave": 0.0, "international_ODI_previous3_runs": [], "international_ODI_previous3_wickets": [], "international_ODI_previous3_balls played": [], "international_ODI_previous3_overs": [], "international_ODI_previous3_runs gave": [], "international_ODI_lifetime_runs": 0.0, "international_ODI_lifetime_wickets": 0.0, "international_ODI_lifetime_balls played": 0.0, "international_ODI_lifetime_overs": 0.0, "international_ODI_lifetime_runs gave": 0.0, "international_Test_previous3_runs": [], "international_Test_previous3_wickets": [], "international_Test_previous3_balls played": [], "international_Test_previous3_overs": [], "international_Test_previous3_runs gave": [], "international_Test_lifetime_runs": 0.0, "international_Test_lifetime_wickets": 0.0, "international_Test_lifetime_balls played": 0.0, "international_Test_lifetime_overs": 0.0, "international_Test_lifetime_runs gave": 0.0, "international_T20_previous3_runs": [2.0, 1.0, 1.0], "international_T20_previous3_wickets": [0.0, 0.0, 0.0], "international_T20_previous3_balls played": [4.0, 7.0, 22.0], "international_T20_previous3_overs": [0.0, 0.0, 0.0], "international_T20_previous3_runs gave": [0.0, 0.0, 0.0], "international_T20_lifetime_runs": 291.0, "international_T20_lifetime_wickets": 3.0, "international_T20_lifetime_balls played": 244.0, "international_T20_lifetime_overs": 17.666666666666668, "international_T20_lifetime_runs gave": 223.0}