{"played_against": {"027662be": {"runs": 10, "balls": 5, "wickets": 0}, "8f929af6": {"runs": 3, "balls": 3, "wickets": 0}, "33328ec7": {"runs": 21, "balls": 22, "wickets": 0}, "7db29f25": {"runs": 20, "balls": 12, "wickets": 0}, "a049c39b": {"runs": 3, "balls": 7, "wickets": 1}, "486f252b": {"runs": 10, "balls": 13, "wickets": 0}, "f08adc01": {"runs": 14, "balls": 10, "wickets": 0}, "03b9ec54": {"runs": 2, "balls": 4, "wickets": 0}, "716bf559": {"runs": 29, "balls": 21, "wickets": 0}, "b89cde87": {"runs": 10, "balls": 7, "wickets": 0}, "58aa33cd": {"runs": 5, "balls": 10, "wickets": 0}, "ddc7e056": {"runs": 6, "balls": 4, "wickets": 0}, "bd3cecc6": {"runs": 1, "balls": 1, "wickets": 0}}, "fifties": 1, "thirties": 1, "centuries": 0, "maidens": 0.0, "hattricks": 0, "runs": 134.0, "wickets": 2.0, "club_ODI_previous3_runs": [], "club_ODI_previous3_wickets": [], "club_ODI_previous3_balls played": [], "club_ODI_previous3_overs": [], "club_ODI_previous3_runs gave": [], "club_ODI_lifetime_runs": 0.0, "club_ODI_lifetime_wickets": 0.0, "club_ODI_lifetime_balls played": 0.0, "club_ODI_lifetime_overs": 0.0, "club_ODI_lifetime_runs gave": 0.0, "club_Test_previous3_runs": [], "club_Test_previous3_wickets": [], "club_Test_previous3_balls played": [], "club_Test_previous3_overs": [], "club_Test_previous3_runs gave": [], "club_Test_lifetime_runs": 0.0, "club_Test_lifetime_wickets": 0.0, "club_Test_lifetime_balls played": 0.0, "club_Test_lifetime_overs": 0.0, "club_Test_lifetime_runs gave": 0.0, "club_T20_previous3_runs": [], "club_T20_previous3_wickets": [], "club_T20_previous3_balls played": [], "club_T20_previous3_overs": [], "club_T20_previous3_runs gave": [], "club_T20_lifetime_runs": 0.0, "club_T20_lifetime_wickets": 0.0, "club_T20_lifetime_balls played": 0.0, "club_T20_lifetime_overs": 0.0, "club_T20_lifetime_runs gave": 0.0, "international_ODI_previous3_runs": [], "international_ODI_previous3_wickets": [], "international_ODI_previous3_balls played": [], "international_ODI_previous3_overs": [], "international_ODI_previous3_runs gave": [], "international_ODI_lifetime_runs": 0.0, "international_ODI_lifetime_wickets": 0.0, "international_ODI_lifetime_balls played": 0.0, "international_ODI_lifetime_overs": 0.0, "international_ODI_lifetime_runs gave": 0.0, "international_Test_previous3_runs": [], "international_Test_previous3_wickets": [], "international_Test_previous3_balls played": [], "international_Test_previous3_overs": [], "international_Test_previous3_runs gave": [], "international_Test_lifetime_runs": 0.0, "international_Test_lifetime_wickets": 0.0, "international_Test_lifetime_balls played": 0.0, "international_Test_lifetime_overs": 0.0, "international_Test_lifetime_runs gave": 0.0, "international_T20_previous3_runs": [59.0, 41.0, 6.0], "international_T20_previous3_wickets": [0.0, 0.0, 0.0], "international_T20_previous3_balls played": [43.0, 37.0, 13.0], "international_T20_previous3_overs": [4.0, 0.0, 4.0], "international_T20_previous3_runs gave": [18.0, 0.0, 14.0], "international_T20_lifetime_runs": 134.0, "international_T20_lifetime_wickets": 2.0, "international_T20_lifetime_balls played": 122.0, "international_T20_lifetime_overs": 15.0, "international_T20_lifetime_runs gave": 70.0}