{"played_against": {"1a950c8c": {"runs": 0, "balls": 0, "wickets": 0}, "f80d79af": {"runs": 19, "balls": 13, "wickets": 0}, "50ee0500": {"runs": 9, "balls": 11, "wickets": 0}, "b91efad5": {"runs": 6, "balls": 9, "wickets": 0}, "e884a0ee": {"runs": 0, "balls": 1, "wickets": 1}, "9af58032": {"runs": 13, "balls": 7, "wickets": 0}, "ebe092a8": {"runs": 4, "balls": 3, "wickets": 0}, "7673c908": {"runs": 6, "balls": 6, "wickets": 2}, "9b73d523": {"runs": 13, "balls": 6, "wickets": 1}, "d6c1d6b7": {"runs": 8, "balls": 6, "wickets": 1}, "9b3bcca4": {"runs": 3, "balls": 4, "wickets": 0}, "b8cce99f": {"runs": 4, "balls": 7, "wickets": 0}, "2817e17a": {"runs": 1, "balls": 5, "wickets": 1}, "89bbc67a": {"runs": 0, "balls": 1, "wickets": 0}, "50b558d2": {"runs": 0, "balls": 1, "wickets": 1}, "ae2c396f": {"runs": 1, "balls": 4, "wickets": 0}, "6df697a9": {"runs": 7, "balls": 5, "wickets": 0}, "ec666142": {"runs": 2, "balls": 2, "wickets": 0}, "eca08a1d": {"runs": 7, "balls": 3, "wickets": 0}, "66754320": {"runs": 1, "balls": 2, "wickets": 0}, "efb6cb2a": {"runs": 1, "balls": 1, "wickets": 0}, "d945db3e": {"runs": 6, "balls": 3, "wickets": 0}, "865eae1f": {"runs": 1, "balls": 2, "wickets": 0}, "e1504909": {"runs": 4, "balls": 1, "wickets": 0}, "37f93dc8": {"runs": 3, "balls": 4, "wickets": 0}, "7693851c": {"runs": 5, "balls": 10, "wickets": 0}, "37bf3ef5": {"runs": 7, "balls": 4, "wickets": 0}, "93b4f6f6": {"runs": 6, "balls": 6, "wickets": 1}, "5fb8135c": {"runs": 8, "balls": 7, "wickets": 0}, "8ca1f93a": {"runs": 12, "balls": 9, "wickets": 1}, "7c0055c1": {"runs": 1, "balls": 3, "wickets": 0}, "7239a365": {"runs": 2, "balls": 3, "wickets": 0}, "8d6b36e3": {"runs": 4, "balls": 2, "wickets": 0}, "397369e0": {"runs": 2, "balls": 3, "wickets": 0}, "9b554bb9": {"runs": 3, "balls": 3, "wickets": 0}, "645b2a2f": {"runs": 0, "balls": 4, "wickets": 1}}, "fifties": 0, "thirties": 1, "centuries": 0, "maidens": 0.0, "hattricks": 0, "runs": 169.0, "wickets": 0.0, "club_ODI_previous3_runs": [], "club_ODI_previous3_wickets": [], "club_ODI_previous3_balls played": [], "club_ODI_previous3_overs": [], "club_ODI_previous3_runs gave": [], "club_ODI_lifetime_runs": 0.0, "club_ODI_lifetime_wickets": 0.0, "club_ODI_lifetime_balls played": 0.0, "club_ODI_lifetime_overs": 0.0, "club_ODI_lifetime_runs gave": 0.0, "club_Test_previous3_runs": [], "club_Test_previous3_wickets": [], "club_Test_previous3_balls played": [], "club_Test_previous3_overs": [], "club_Test_previous3_runs gave": [], "club_Test_lifetime_runs": 0.0, "club_Test_lifetime_wickets": 0.0, "club_Test_lifetime_balls played": 0.0, "club_Test_lifetime_overs": 0.0, "club_Test_lifetime_runs gave": 0.0, "club_T20_previous3_runs": [0.0, 0.0, 3.0], "club_T20_previous3_wickets": [0.0, 0.0, 0.0], "club_T20_previous3_balls played": [0.0, 3.0, 7.0], "club_T20_previous3_overs": [0.0, 0.0, 0.0], "club_T20_previous3_runs gave": [0.0, 0.0, 0.0], "club_T20_lifetime_runs": 169.0, "club_T20_lifetime_wickets": 0.0, "club_T20_lifetime_balls played": 162.0, "club_T20_lifetime_overs": 0.0, "club_T20_lifetime_runs gave": 0.0, "international_ODI_previous3_runs": [], "international_ODI_previous3_wickets": [], "international_ODI_previous3_balls played": [], "international_ODI_previous3_overs": [], "international_ODI_previous3_runs gave": [], "international_ODI_lifetime_runs": 0.0, "international_ODI_lifetime_wickets": 0.0, "international_ODI_lifetime_balls played": 0.0, "international_ODI_lifetime_overs": 0.0, "international_ODI_lifetime_runs gave": 0.0, "international_Test_previous3_runs": [], "international_Test_previous3_wickets": [], "international_Test_previous3_balls played": [], "international_Test_previous3_overs": [], "international_Test_previous3_runs gave": [], "international_Test_lifetime_runs": 0.0, "international_Test_lifetime_wickets": 0.0, "international_Test_lifetime_balls played": 0.0, "international_Test_lifetime_overs": 0.0, "international_Test_lifetime_runs gave": 0.0, "international_T20_previous3_runs": [], "international_T20_previous3_wickets": [], "international_T20_previous3_balls played": [], "international_T20_previous3_overs": [], "international_T20_previous3_runs gave": [], "international_T20_lifetime_runs": 0.0, "international_T20_lifetime_wickets": 0.0, "international_T20_lifetime_balls played": 0.0, "international_T20_lifetime_overs": 0.0, "international_T20_lifetime_runs gave": 0.0}