{"played_against": {"486f252b": {"runs": 9, "balls": 4, "wickets": 0}, "441006af": {"runs": 5, "balls": 3, "wickets": 0}, "b02bdcfc": {"runs": 15, "balls": 7, "wickets": 1}, "7c6293d1": {"runs": 22, "balls": 10, "wickets": 0}, "7d04a802": {"runs": 8, "balls": 5, "wickets": 0}, "7fcc57bf": {"runs": 0, "balls": 2, "wickets": 1}, "7f74b21d": {"runs": 0, "balls": 1, "wickets": 0}, "609d6c7c": {"runs": 1, "balls": 4, "wickets": 1}, "ff1e08eb": {"runs": 10, "balls": 6, "wickets": 1}, "f08adc01": {"runs": 6, "balls": 4, "wickets": 0}, "716bf559": {"runs": 23, "balls": 8, "wickets": 1}, "01c05b6c": {"runs": 13, "balls": 6, "wickets": 0}, "b0b80a99": {"runs": 13, "balls": 4, "wickets": 0}, "0fc88c2a": {"runs": 1, "balls": 4, "wickets": 0}, "a9a09cb8": {"runs": 1, "balls": 4, "wickets": 0}, "9244df4b": {"runs": 0, "balls": 1, "wickets": 1}, "5ef3c310": {"runs": 14, "balls": 7, "wickets": 0}, "eee46f77": {"runs": 0, "balls": 2, "wickets": 0}}, "fifties": 1, "thirties": 1, "centuries": 0, "maidens": 0.0, "hattricks": 0, "runs": 141.0, "wickets": 0.0, "club_ODI_previous3_runs": [], "club_ODI_previous3_wickets": [], "club_ODI_previous3_balls played": [], "club_ODI_previous3_overs": [], "club_ODI_previous3_runs gave": [], "club_ODI_lifetime_runs": 0.0, "club_ODI_lifetime_wickets": 0.0, "club_ODI_lifetime_balls played": 0.0, "club_ODI_lifetime_overs": 0.0, "club_ODI_lifetime_runs gave": 0.0, "club_Test_previous3_runs": [], "club_Test_previous3_wickets": [], "club_Test_previous3_balls played": [], "club_Test_previous3_overs": [], "club_Test_previous3_runs gave": [], "club_Test_lifetime_runs": 0.0, "club_Test_lifetime_wickets": 0.0, "club_Test_lifetime_balls played": 0.0, "club_Test_lifetime_overs": 0.0, "club_Test_lifetime_runs gave": 0.0, "club_T20_previous3_runs": [], "club_T20_previous3_wickets": [], "club_T20_previous3_balls played": [], "club_T20_previous3_overs": [], "club_T20_previous3_runs gave": [], "club_T20_lifetime_runs": 0.0, "club_T20_lifetime_wickets": 0.0, "club_T20_lifetime_balls played": 0.0, "club_T20_lifetime_overs": 0.0, "club_T20_lifetime_runs gave": 0.0, "international_ODI_previous3_runs": [], "international_ODI_previous3_wickets": [], "international_ODI_previous3_balls played": [], "international_ODI_previous3_overs": [], "international_ODI_previous3_runs gave": [], "international_ODI_lifetime_runs": 0.0, "international_ODI_lifetime_wickets": 0.0, "international_ODI_lifetime_balls played": 0.0, "international_ODI_lifetime_overs": 0.0, "international_ODI_lifetime_runs gave": 0.0, "international_Test_previous3_runs": [], "international_Test_previous3_wickets": [], "international_Test_previous3_balls played": [], "international_Test_previous3_overs": [], "international_Test_previous3_runs gave": [], "international_Test_lifetime_runs": 0.0, "international_Test_lifetime_wickets": 0.0, "international_Test_lifetime_balls played": 0.0, "international_Test_lifetime_overs": 0.0, "international_Test_lifetime_runs gave": 0.0, "international_T20_previous3_runs": [70.0, 2.0, 14.0], "international_T20_previous3_wickets": [0.0, 0.0, 0.0], "international_T20_previous3_balls played": [31.0, 9.0, 9.0], "international_T20_previous3_overs": [0.0, 0.0, 0.0], "international_T20_previous3_runs gave": [0.0, 0.0, 0.0], "international_T20_lifetime_runs": 141.0, "international_T20_lifetime_wickets": 0.0, "international_T20_lifetime_balls played": 84.0, "international_T20_lifetime_overs": 0.0, "international_T20_lifetime_runs gave": 0.0}