{"played_against": {"57022b64": {"runs": 6, "balls": 9, "wickets": 0}, "2dde3e62": {"runs": 7, "balls": 5, "wickets": 0}, "b8b95e44": {"runs": 1, "balls": 1, "wickets": 0}, "3b52d247": {"runs": 7, "balls": 7, "wickets": 0}, "989bb130": {"runs": 11, "balls": 8, "wickets": 0}, "6e849a7b": {"runs": 2, "balls": 5, "wickets": 0}, "1688f2dc": {"runs": 0, "balls": 6, "wickets": 0}, "017faef2": {"runs": 1, "balls": 3, "wickets": 0}, "e85d03d6": {"runs": 1, "balls": 6, "wickets": 0}, "3c9ff356": {"runs": 1, "balls": 4, "wickets": 0}, "8c8a3f08": {"runs": 12, "balls": 10, "wickets": 0}, "792805ee": {"runs": 3, "balls": 5, "wickets": 0}, "602ebd4c": {"runs": 9, "balls": 11, "wickets": 0}, "45ca12a7": {"runs": 13, "balls": 6, "wickets": 0}, "00029c30": {"runs": 6, "balls": 5, "wickets": 0}, "e88b6660": {"runs": 14, "balls": 6, "wickets": 0}, "08df0bd3": {"runs": 1, "balls": 1, "wickets": 0}, "18ae55e4": {"runs": 4, "balls": 13, "wickets": 0}, "008a024c": {"runs": 11, "balls": 10, "wickets": 1}, "4833efb4": {"runs": 3, "balls": 3, "wickets": 0}, "44744467": {"runs": 7, "balls": 4, "wickets": 0}, "ee3bfb9b": {"runs": 2, "balls": 5, "wickets": 0}, "b0f9dac4": {"runs": 7, "balls": 10, "wickets": 0}, "895ae8b6": {"runs": 6, "balls": 6, "wickets": 0}, "d6b4e3e2": {"runs": 2, "balls": 2, "wickets": 0}, "87e33d07": {"runs": 0, "balls": 2, "wickets": 1}, "f99a219a": {"runs": 3, "balls": 9, "wickets": 0}, "9ccb6e52": {"runs": 12, "balls": 5, "wickets": 0}, "b68b1633": {"runs": 8, "balls": 2, "wickets": 0}, "3a82673c": {"runs": 0, "balls": 1, "wickets": 1}, "fe3e9880": {"runs": 1, "balls": 5, "wickets": 0}, "abbc06cf": {"runs": 3, "balls": 5, "wickets": 0}, "86ea6123": {"runs": 1, "balls": 1, "wickets": 0}, "8c95e2dd": {"runs": 6, "balls": 5, "wickets": 1}, "059ec7a5": {"runs": 5, "balls": 3, "wickets": 0}, "49118dc7": {"runs": 0, "balls": 2, "wickets": 0}, "f4a0a615": {"runs": 0, "balls": 2, "wickets": 1}, "68e7e8d5": {"runs": 13, "balls": 9, "wickets": 0}, "99bf1fb7": {"runs": 2, "balls": 3, "wickets": 1}, "a4afc486": {"runs": 1, "balls": 4, "wickets": 1}, "89394502": {"runs": 0, "balls": 5, "wickets": 0}, "1ce4f664": {"runs": 1, "balls": 8, "wickets": 0}, "26c9b5be": {"runs": 1, "balls": 2, "wickets": 0}, "c391d077": {"runs": 1, "balls": 2, "wickets": 0}, "b38a9f73": {"runs": 0, "balls": 6, "wickets": 1}, "5b9b8d98": {"runs": 1, "balls": 1, "wickets": 0}, "5934e1b2": {"runs": 5, "balls": 4, "wickets": 0}, "e15c6692": {"runs": 0, "balls": 0, "wickets": 0}, "d7af6207": {"runs": 1, "balls": 2, "wickets": 0}, "01679383": {"runs": 4, "balls": 4, "wickets": 0}, "b7abb123": {"runs": 1, "balls": 4, "wickets": 0}, "75f3aa00": {"runs": 2, "balls": 1, "wickets": 0}}, "fifties": 1, "thirties": 1, "centuries": 0, "maidens": 0.0, "hattricks": 0, "runs": 209.0, "wickets": 0.0, "club_ODI_previous3_runs": [], "club_ODI_previous3_wickets": [], "club_ODI_previous3_balls played": [], "club_ODI_previous3_overs": [], "club_ODI_previous3_runs gave": [], "club_ODI_lifetime_runs": 0.0, "club_ODI_lifetime_wickets": 0.0, "club_ODI_lifetime_balls played": 0.0, "club_ODI_lifetime_overs": 0.0, "club_ODI_lifetime_runs gave": 0.0, "club_Test_previous3_runs": [], "club_Test_previous3_wickets": [], "club_Test_previous3_balls played": [], "club_Test_previous3_overs": [], "club_Test_previous3_runs gave": [], "club_Test_lifetime_runs": 0.0, "club_Test_lifetime_wickets": 0.0, "club_Test_lifetime_balls played": 0.0, "club_Test_lifetime_overs": 0.0, "club_Test_lifetime_runs gave": 0.0, "club_T20_previous3_runs": [], "club_T20_previous3_wickets": [], "club_T20_previous3_balls played": [], "club_T20_previous3_overs": [], "club_T20_previous3_runs gave": [], "club_T20_lifetime_runs": 0.0, "club_T20_lifetime_wickets": 0.0, "club_T20_lifetime_balls played": 0.0, "club_T20_lifetime_overs": 0.0, "club_T20_lifetime_runs gave": 0.0, "international_ODI_previous3_runs": [], "international_ODI_previous3_wickets": [], "international_ODI_previous3_balls played": [], "international_ODI_previous3_overs": [], "international_ODI_previous3_runs gave": [], "international_ODI_lifetime_runs": 0.0, "international_ODI_lifetime_wickets": 0.0, "international_ODI_lifetime_balls played": 0.0, "international_ODI_lifetime_overs": 0.0, "international_ODI_lifetime_runs gave": 0.0, "international_Test_previous3_runs": [], "international_Test_previous3_wickets": [], "international_Test_previous3_balls played": [], "international_Test_previous3_overs": [], "international_Test_previous3_runs gave": [], "international_Test_lifetime_runs": 0.0, "international_Test_lifetime_wickets": 0.0, "international_Test_lifetime_balls played": 0.0, "international_Test_lifetime_overs": 0.0, "international_Test_lifetime_runs gave": 0.0, "international_T20_previous3_runs": [3.0, 8.0, 7.0], "international_T20_previous3_wickets": [0.0, 0.0, 0.0], "international_T20_previous3_balls played": [18.0, 10.0, 10.0], "international_T20_previous3_overs": [0.0, 0.0, 0.0], "international_T20_previous3_runs gave": [0.0, 0.0, 0.0], "international_T20_lifetime_runs": 209.0, "international_T20_lifetime_wickets": 0.0, "international_T20_lifetime_balls played": 253.0, "international_T20_lifetime_overs": 0.0, "international_T20_lifetime_runs gave": 0.0}