{"played_against": {"c70448aa": {"runs": 1, "balls": 2, "wickets": 0}, "270bf7e2": {"runs": 10, "balls": 6, "wickets": 0}, "87a92b6b": {"runs": 25, "balls": 5, "wickets": 0}, "a36915ce": {"runs": 2, "balls": 3, "wickets": 0}, "6dba59e0": {"runs": 13, "balls": 7, "wickets": 0}, "f104c434": {"runs": 1, "balls": 2, "wickets": 0}, "0730a707": {"runs": 0, "balls": 1, "wickets": 0}, "9920dd86": {"runs": 8, "balls": 4, "wickets": 1}, "fe5175ce": {"runs": 7, "balls": 2, "wickets": 0}, "dec8e038": {"runs": 16, "balls": 8, "wickets": 0}, "c8a3f688": {"runs": 7, "balls": 12, "wickets": 0}, "b0eaaac6": {"runs": 10, "balls": 12, "wickets": 1}, "95a5e066": {"runs": 8, "balls": 9, "wickets": 0}, "e85d03d6": {"runs": 3, "balls": 7, "wickets": 2}, "3c87f0c3": {"runs": 1, "balls": 10, "wickets": 0}, "f468293b": {"runs": 1, "balls": 5, "wickets": 0}, "ff6a7ab5": {"runs": 14, "balls": 5, "wickets": 0}, "aa8d28ae": {"runs": 3, "balls": 7, "wickets": 0}, "eb4f9c61": {"runs": 3, "balls": 4, "wickets": 1}, "b64e3749": {"runs": 9, "balls": 3, "wickets": 0}, "5680f1ad": {"runs": 8, "balls": 3, "wickets": 0}, "6cedad99": {"runs": 0, "balls": 2, "wickets": 1}, "2af28253": {"runs": 1, "balls": 4, "wickets": 0}, "7fa6bd8e": {"runs": 6, "balls": 6, "wickets": 1}, "49118dc7": {"runs": 1, "balls": 7, "wickets": 0}, "c57fa67e": {"runs": 1, "balls": 1, "wickets": 0}, "c07a1f41": {"runs": 1, "balls": 1, "wickets": 0}}, "fifties": 0, "thirties": 2, "centuries": 0, "maidens": 5.0, "hattricks": 2, "runs": 160.0, "wickets": 11.0, "club_ODI_previous3_runs": [], "club_ODI_previous3_wickets": [], "club_ODI_previous3_balls played": [], "club_ODI_previous3_overs": [], "club_ODI_previous3_runs gave": [], "club_ODI_lifetime_runs": 0.0, "club_ODI_lifetime_wickets": 0.0, "club_ODI_lifetime_balls played": 0.0, "club_ODI_lifetime_overs": 0.0, "club_ODI_lifetime_runs gave": 0.0, "club_Test_previous3_runs": [], "club_Test_previous3_wickets": [], "club_Test_previous3_balls played": [], "club_Test_previous3_overs": [], "club_Test_previous3_runs gave": [], "club_Test_lifetime_runs": 0.0, "club_Test_lifetime_wickets": 0.0, "club_Test_lifetime_balls played": 0.0, "club_Test_lifetime_overs": 0.0, "club_Test_lifetime_runs gave": 0.0, "club_T20_previous3_runs": [], "club_T20_previous3_wickets": [], "club_T20_previous3_balls played": [], "club_T20_previous3_overs": [], "club_T20_previous3_runs gave": [], "club_T20_lifetime_runs": 0.0, "club_T20_lifetime_wickets": 0.0, "club_T20_lifetime_balls played": 0.0, "club_T20_lifetime_overs": 0.0, "club_T20_lifetime_runs gave": 0.0, "international_ODI_previous3_runs": [10.0, 0.0, 20.0], "international_ODI_previous3_wickets": [0.0, 3.0, 0.0], "international_ODI_previous3_balls played": [13.0, 0.0, 30.0], "international_ODI_previous3_overs": [7.0, 10.0, 6.0], "international_ODI_previous3_runs gave": [24.0, 31.0, 31.0], "international_ODI_lifetime_runs": 70.0, "international_ODI_lifetime_wickets": 6.0, "international_ODI_lifetime_balls played": 77.0, "international_ODI_lifetime_overs": 44.0, "international_ODI_lifetime_runs gave": 166.0, "international_Test_previous3_runs": [], "international_Test_previous3_wickets": [], "international_Test_previous3_balls played": [], "international_Test_previous3_overs": [], "international_Test_previous3_runs gave": [], "international_Test_lifetime_runs": 0.0, "international_Test_lifetime_wickets": 0.0, "international_Test_lifetime_balls played": 0.0, "international_Test_lifetime_overs": 0.0, "international_Test_lifetime_runs gave": 0.0, "international_T20_previous3_runs": [16.0, 8.0, 4.0], "international_T20_previous3_wickets": [1.0, 2.0, 1.0], "international_T20_previous3_balls played": [7.0, 15.0, 7.0], "international_T20_previous3_overs": [1.0, 4.0, 3.0], "international_T20_previous3_runs gave": [5.0, 21.0, 12.0], "international_T20_lifetime_runs": 90.0, "international_T20_lifetime_wickets": 5.0, "international_T20_lifetime_balls played": 62.0, "international_T20_lifetime_overs": 14.0, "international_T20_lifetime_runs gave": 85.0}