{"played_against": {"70fdd428": {"runs": 34, "balls": 57, "wickets": 0}, "5db1c288": {"runs": 57, "balls": 83, "wickets": 2}, "fac298ff": {"runs": 8, "balls": 22, "wickets": 1}, "d346d939": {"runs": 2, "balls": 3, "wickets": 0}, "27296d02": {"runs": 5, "balls": 3, "wickets": 0}, "bb351c23": {"runs": 8, "balls": 8, "wickets": 0}, "cd882d22": {"runs": 43, "balls": 79, "wickets": 0}, "01a95383": {"runs": 17, "balls": 36, "wickets": 2}, "6c79c098": {"runs": 30, "balls": 60, "wickets": 1}, "0a12e736": {"runs": 32, "balls": 61, "wickets": 0}, "dda5aae5": {"runs": 56, "balls": 55, "wickets": 4}, "10435ca2": {"runs": 7, "balls": 4, "wickets": 0}, "5239d782": {"runs": 9, "balls": 15, "wickets": 0}, "f7177fd6": {"runs": 12, "balls": 20, "wickets": 2}, "a7c7802a": {"runs": 56, "balls": 36, "wickets": 0}, "7fa2ab1f": {"runs": 12, "balls": 13, "wickets": 0}, "9c7d7cda": {"runs": 21, "balls": 33, "wickets": 2}, "58c481c6": {"runs": 5, "balls": 8, "wickets": 0}, "3812d56b": {"runs": 17, "balls": 14, "wickets": 1}, "5b3acc53": {"runs": 57, "balls": 41, "wickets": 2}, "98eacfe5": {"runs": 54, "balls": 38, "wickets": 0}, "c6a9148d": {"runs": 13, "balls": 7, "wickets": 0}, "025a092b": {"runs": 22, "balls": 19, "wickets": 0}, "2a2e6343": {"runs": 15, "balls": 8, "wickets": 0}, "dc670143": {"runs": 5, "balls": 12, "wickets": 0}, "e91de70e": {"runs": 52, "balls": 54, "wickets": 1}, "ccdd8308": {"runs": 33, "balls": 69, "wickets": 1}, "f1ba9ed7": {"runs": 51, "balls": 79, "wickets": 0}, "b16cf2ec": {"runs": 21, "balls": 24, "wickets": 0}, "dddc811c": {"runs": 79, "balls": 115, "wickets": 1}, "1427277f": {"runs": 39, "balls": 37, "wickets": 2}, "1066a976": {"runs": 17, "balls": 15, "wickets": 0}, "75223da4": {"runs": 23, "balls": 25, "wickets": 1}, "99464591": {"runs": 2, "balls": 6, "wickets": 0}, "f64eed39": {"runs": 6, "balls": 7, "wickets": 1}, "45c2196c": {"runs": 0, "balls": 5, "wickets": 1}, "e9987a94": {"runs": 75, "balls": 137, "wickets": 4}, "d74d1090": {"runs": 20, "balls": 18, "wickets": 2}, "eddf25bd": {"runs": 52, "balls": 52, "wickets": 2}, "b552a935": {"runs": 31, "balls": 36, "wickets": 0}, "c404f58a": {"runs": 2, "balls": 2, "wickets": 0}, "8db7f47f": {"runs": 36, "balls": 40, "wickets": 1}, "91ffa6c6": {"runs": 29, "balls": 37, "wickets": 0}, "245c97cb": {"runs": 42, "balls": 36, "wickets": 0}, "7ca5e05d": {"runs": 28, "balls": 32, "wickets": 1}, "4ec07775": {"runs": 30, "balls": 30, "wickets": 1}, "5a37ec26": {"runs": 17, "balls": 21, "wickets": 1}, "81efec30": {"runs": 16, "balls": 22, "wickets": 0}, "aed5be04": {"runs": 8, "balls": 12, "wickets": 1}, "6232e1ed": {"runs": 1, "balls": 2, "wickets": 0}, "0bec3a6c": {"runs": 22, "balls": 35, "wickets": 3}, "75e476d4": {"runs": 1, "balls": 1, "wickets": 0}, "7d5e0b78": {"runs": 15, "balls": 21, "wickets": 2}, "c03c6200": {"runs": 10, "balls": 7, "wickets": 1}, "5da34add": {"runs": 62, "balls": 85, "wickets": 2}, "1a88bdd3": {"runs": 0, "balls": 1, "wickets": 1}, "85ebf2be": {"runs": 19, "balls": 27, "wickets": 2}, "611926bc": {"runs": 43, "balls": 38, "wickets": 0}, "e97aefe2": {"runs": 23, "balls": 34, "wickets": 0}, "ecf7bbc9": {"runs": 66, "balls": 45, "wickets": 0}, "25a42048": {"runs": 39, "balls": 35, "wickets": 0}, "be4807e3": {"runs": 5, "balls": 5, "wickets": 0}, "3c77ca9d": {"runs": 7, "balls": 4, "wickets": 0}, "59792462": {"runs": 44, "balls": 75, "wickets": 1}, "fdb8ed0d": {"runs": 28, "balls": 50, "wickets": 1}, "6355d428": {"runs": 0, "balls": 1, "wickets": 1}, "5fed6272": {"runs": 19, "balls": 32, "wickets": 1}, "8e510697": {"runs": 3, "balls": 3, "wickets": 0}, "f6c84b9f": {"runs": 3, "balls": 4, "wickets": 0}, "61a9ce31": {"runs": 35, "balls": 51, "wickets": 0}, "eaa4cfc2": {"runs": 23, "balls": 27, "wickets": 1}, "15101f12": {"runs": 58, "balls": 64, "wickets": 2}, "1179469b": {"runs": 3, "balls": 10, "wickets": 1}, "c163432a": {"runs": 2, "balls": 2, "wickets": 0}, "60dd8960": {"runs": 0, "balls": 1, "wickets": 1}, "b2dbe638": {"runs": 6, "balls": 5, "wickets": 0}, "49b6c09f": {"runs": 52, "balls": 53, "wickets": 2}, "bca21d18": {"runs": 62, "balls": 146, "wickets": 0}, "a73321d3": {"runs": 29, "balls": 30, "wickets": 0}, "4c239537": {"runs": 25, "balls": 31, "wickets": 2}, "dd17e4bc": {"runs": 23, "balls": 28, "wickets": 0}, "6c908ffc": {"runs": 9, "balls": 10, "wickets": 0}, "f5821615": {"runs": 124, "balls": 186, "wickets": 3}, "29b89ae8": {"runs": 52, "balls": 56, "wickets": 1}, "2223b920": {"runs": 68, "balls": 109, "wickets": 1}, "8728a058": {"runs": 78, "balls": 137, "wickets": 1}, "18fac429": {"runs": 50, "balls": 66, "wickets": 0}, "cfe70281": {"runs": 2, "balls": 7, "wickets": 0}, "7a5f232a": {"runs": 2, "balls": 9, "wickets": 0}, "c1a89821": {"runs": 27, "balls": 34, "wickets": 0}, "76cb1a7f": {"runs": 3, "balls": 7, "wickets": 1}, "1f572ee8": {"runs": 33, "balls": 25, "wickets": 0}, "450f6fa6": {"runs": 19, "balls": 17, "wickets": 0}, "1a45b864": {"runs": 37, "balls": 52, "wickets": 1}, "cd143bca": {"runs": 32, "balls": 56, "wickets": 2}, "a510bdd3": {"runs": 47, "balls": 74, "wickets": 1}, "af2c687b": {"runs": 9, "balls": 18, "wickets": 0}, "0f3ee070": {"runs": 69, "balls": 60, "wickets": 2}, "1957c6b7": {"runs": 42, "balls": 31, "wickets": 1}, "932d3cc9": {"runs": 8, "balls": 7, "wickets": 0}, "6f049d41": {"runs": 10, "balls": 10, "wickets": 1}, "49299473": {"runs": 1, "balls": 1, "wickets": 0}, "e9d5218e": {"runs": 27, "balls": 28, "wickets": 3}, "43205dad": {"runs": 23, "balls": 30, "wickets": 2}, "06c2de82": {"runs": 69, "balls": 114, "wickets": 2}, "93e06301": {"runs": 27, "balls": 35, "wickets": 0}, "d094e7d1": {"runs": 3, "balls": 8, "wickets": 0}, "addfb70e": {"runs": 17, "balls": 7, "wickets": 0}, "6c6aca89": {"runs": 77, "balls": 121, "wickets": 4}, "c89474d1": {"runs": 78, "balls": 154, "wickets": 1}, "cf73ad76": {"runs": 44, "balls": 50, "wickets": 0}, "aac9f784": {"runs": 21, "balls": 18, "wickets": 1}, "6daf5e8c": {"runs": 30, "balls": 27, "wickets": 1}, "c995d726": {"runs": 20, "balls": 16, "wickets": 0}, "42537f07": {"runs": 3, "balls": 3, "wickets": 0}, "05d74535": {"runs": 22, "balls": 31, "wickets": 1}, "ce24059d": {"runs": 13, "balls": 6, "wickets": 1}, "e94915e6": {"runs": 41, "balls": 36, "wickets": 1}, "e86754b2": {"runs": 12, "balls": 10, "wickets": 0}, "7b1e20ea": {"runs": 19, "balls": 13, "wickets": 0}, "5ac8f17b": {"runs": 46, "balls": 41, "wickets": 0}, "9a158001": {"runs": 1, "balls": 1, "wickets": 0}, "1ad0b441": {"runs": 3, "balls": 3, "wickets": 1}, "5b6d248a": {"runs": 1, "balls": 3, "wickets": 1}, "e0ac7144": {"runs": 12, "balls": 41, "wickets": 0}, "9679838c": {"runs": 57, "balls": 77, "wickets": 3}, "88a004e9": {"runs": 27, "balls": 21, "wickets": 0}, "808f425a": {"runs": 10, "balls": 16, "wickets": 0}, "b20f423b": {"runs": 41, "balls": 66, "wickets": 1}, "ab474682": {"runs": 23, "balls": 20, "wickets": 1}, "45966141": {"runs": 0, "balls": 1, "wickets": 1}, "012829ff": {"runs": 7, "balls": 8, "wickets": 0}, "10f68de1": {"runs": 15, "balls": 8, "wickets": 0}, "e737a5fe": {"runs": 25, "balls": 57, "wickets": 1}, "757502b5": {"runs": 21, "balls": 16, "wickets": 0}, "c1f6c27e": {"runs": 15, "balls": 40, "wickets": 0}, "ddcd1520": {"runs": 6, "balls": 2, "wickets": 0}, "8bf61e65": {"runs": 37, "balls": 60, "wickets": 1}, "3d0ed2f9": {"runs": 31, "balls": 46, "wickets": 0}, "0e0d43b4": {"runs": 31, "balls": 54, "wickets": 1}, "b3544c5d": {"runs": 0, "balls": 1, "wickets": 1}, "31f671b7": {"runs": 4, "balls": 6, "wickets": 0}, "b21ed464": {"runs": 39, "balls": 64, "wickets": 2}, "9a963804": {"runs": 2, "balls": 21, "wickets": 0}, "9dca07d7": {"runs": 22, "balls": 32, "wickets": 0}, "249d60c9": {"runs": 14, "balls": 26, "wickets": 0}, "70b8fd28": {"runs": 9, "balls": 3, "wickets": 0}, "755a77c6": {"runs": 0, "balls": 3, "wickets": 0}, "cf494ffe": {"runs": 8, "balls": 23, "wickets": 0}, "78adc879": {"runs": 19, "balls": 30, "wickets": 0}, "07c8a2f4": {"runs": 10, "balls": 33, "wickets": 1}, "d12143bf": {"runs": 22, "balls": 37, "wickets": 0}, "50c6bc2b": {"runs": 17, "balls": 52, "wickets": 0}, "e423d162": {"runs": 23, "balls": 71, "wickets": 3}, "e412cb64": {"runs": 22, "balls": 48, "wickets": 2}, "b082d112": {"runs": 30, "balls": 46, "wickets": 1}, "9bab2b81": {"runs": 8, "balls": 6, "wickets": 0}, "314ed7e6": {"runs": 8, "balls": 11, "wickets": 0}, "4b685e2d": {"runs": 19, "balls": 21, "wickets": 1}, "74a274cc": {"runs": 42, "balls": 29, "wickets": 1}, "d66edc9a": {"runs": 10, "balls": 18, "wickets": 1}, "97e434a6": {"runs": 11, "balls": 23, "wickets": 1}, "d68e7f48": {"runs": 22, "balls": 13, "wickets": 1}, "59559bc2": {"runs": 15, "balls": 17, "wickets": 1}, "05c2ca46": {"runs": 43, "balls": 45, "wickets": 4}, "51e1ed69": {"runs": 38, "balls": 56, "wickets": 1}, "8479a24a": {"runs": 10, "balls": 10, "wickets": 0}, "3766056b": {"runs": 15, "balls": 12, "wickets": 0}, "71440756": {"runs": 9, "balls": 11, "wickets": 0}, "ac7fa28f": {"runs": 31, "balls": 34, "wickets": 0}, "bbbb7f1e": {"runs": 41, "balls": 42, "wickets": 0}, "5574750c": {"runs": 15, "balls": 20, "wickets": 2}, "eb9cb105": {"runs": 16, "balls": 33, "wickets": 2}, "ffe699c0": {"runs": 13, "balls": 18, "wickets": 0}, "be869ccf": {"runs": 17, "balls": 22, "wickets": 0}, "6b16f8ba": {"runs": 2, "balls": 2, "wickets": 0}, "c672e80e": {"runs": 25, "balls": 27, "wickets": 0}, "0f6db197": {"runs": 9, "balls": 9, "wickets": 0}, "acee4cc4": {"runs": 30, "balls": 45, "wickets": 2}, "65b6943c": {"runs": 13, "balls": 20, "wickets": 0}, "3987e390": {"runs": 38, "balls": 183, "wickets": 2}, "d99cc23a": {"runs": 56, "balls": 83, "wickets": 0}, "24dd1b81": {"runs": 14, "balls": 34, "wickets": 1}, "0c7f11be": {"runs": 30, "balls": 32, "wickets": 0}, "a316d663": {"runs": 26, "balls": 27, "wickets": 0}, "4a461c24": {"runs": 35, "balls": 40, "wickets": 2}, "a9da7784": {"runs": 70, "balls": 75, "wickets": 0}, "f0a0204e": {"runs": 42, "balls": 31, "wickets": 1}, "42151725": {"runs": 48, "balls": 58, "wickets": 0}, "556302a7": {"runs": 4, "balls": 22, "wickets": 1}, "4180d897": {"runs": 10, "balls": 5, "wickets": 0}, "0dc00542": {"runs": 7, "balls": 6, "wickets": 0}, "13c35c9e": {"runs": 8, "balls": 9, "wickets": 1}, "1cfac535": {"runs": 35, "balls": 44, "wickets": 3}, "58043739": {"runs": 39, "balls": 60, "wickets": 0}, "a37b5c0a": {"runs": 20, "balls": 23, "wickets": 3}, "ad212f96": {"runs": 50, "balls": 35, "wickets": 0}, "7cdecc31": {"runs": 1, "balls": 1, "wickets": 0}, "ee0c05c0": {"runs": 5, "balls": 5, "wickets": 1}, "4557dc54": {"runs": 24, "balls": 30, "wickets": 0}, "ad46c747": {"runs": 30, "balls": 27, "wickets": 1}, "b9877635": {"runs": 12, "balls": 29, "wickets": 0}, "c654af19": {"runs": 5, "balls": 12, "wickets": 1}, "208f22ea": {"runs": 6, "balls": 15, "wickets": 0}, "3f61a062": {"runs": 14, "balls": 13, "wickets": 1}, "3dd30077": {"runs": 21, "balls": 19, "wickets": 0}, "7be8a0ed": {"runs": 26, "balls": 26, "wickets": 2}, "5e6d1a54": {"runs": 23, "balls": 29, "wickets": 1}, "aa8d28ae": {"runs": 28, "balls": 22, "wickets": 0}, "f3abd0c9": {"runs": 11, "balls": 41, "wickets": 0}, "e84ac20c": {"runs": 7, "balls": 16, "wickets": 1}, "f048bb41": {"runs": 11, "balls": 30, "wickets": 0}, "19708692": {"runs": 13, "balls": 21, "wickets": 0}, "d8b24492": {"runs": 18, "balls": 17, "wickets": 0}, "8f2dfebf": {"runs": 10, "balls": 12, "wickets": 0}, "3dcd1e8d": {"runs": 70, "balls": 102, "wickets": 0}, "87e562a9": {"runs": 12, "balls": 3, "wickets": 0}, "6a2fadd0": {"runs": 13, "balls": 4, "wickets": 1}, "ba377b40": {"runs": 14, "balls": 9, "wickets": 0}, "978bd738": {"runs": 3, "balls": 3, "wickets": 0}, "a7c226e1": {"runs": 24, "balls": 8, "wickets": 0}, "7d92277a": {"runs": 5, "balls": 4, "wickets": 0}, "bdadf7da": {"runs": 10, "balls": 9, "wickets": 1}, "5bb5a915": {"runs": 4, "balls": 18, "wickets": 0}, "350bb1b1": {"runs": 13, "balls": 9, "wickets": 0}, "a77472dc": {"runs": 36, "balls": 29, "wickets": 0}, "9395f98e": {"runs": 9, "balls": 7, "wickets": 1}, "e5652e3d": {"runs": 14, "balls": 9, "wickets": 0}, "d3868bd0": {"runs": 11, "balls": 25, "wickets": 1}, "4167f30b": {"runs": 23, "balls": 27, "wickets": 0}, "219cc59e": {"runs": 22, "balls": 48, "wickets": 0}, "81127912": {"runs": 19, "balls": 21, "wickets": 0}, "8108e2d2": {"runs": 29, "balls": 46, "wickets": 1}, "3a60e0b5": {"runs": 20, "balls": 18, "wickets": 0}, "495d42a5": {"runs": 10, "balls": 13, "wickets": 0}, "a8e56914": {"runs": 5, "balls": 2, "wickets": 0}, "0b60eb09": {"runs": 0, "balls": 1, "wickets": 0}, "f54dbda7": {"runs": 10, "balls": 19, "wickets": 2}, "2085e1fa": {"runs": 15, "balls": 21, "wickets": 1}, "3f659464": {"runs": 23, "balls": 18, "wickets": 1}, "c042b412": {"runs": 21, "balls": 19, "wickets": 1}, "62af8546": {"runs": 3, "balls": 4, "wickets": 1}, "fb66ce1f": {"runs": 21, "balls": 11, "wickets": 0}, "a03bba42": {"runs": 8, "balls": 8, "wickets": 1}, "402f8494": {"runs": 3, "balls": 3, "wickets": 0}, "b681e71e": {"runs": 2, "balls": 2, "wickets": 0}, "ea3d687a": {"runs": 22, "balls": 57, "wickets": 0}, "c5cc48bc": {"runs": 6, "balls": 5, "wickets": 0}, "9789e56e": {"runs": 5, "balls": 6, "wickets": 0}, "1efd12d1": {"runs": 3, "balls": 4, "wickets": 0}, "eec81780": {"runs": 9, "balls": 9, "wickets": 0}, "94db3502": {"runs": 4, "balls": 15, "wickets": 0}, "f2ab7a69": {"runs": 2, "balls": 8, "wickets": 0}, "fc63d916": {"runs": 15, "balls": 26, "wickets": 1}, "70d57519": {"runs": 34, "balls": 34, "wickets": 0}, "97905e64": {"runs": 14, "balls": 23, "wickets": 0}, "9caf69a1": {"runs": 46, "balls": 34, "wickets": 0}, "5c86c3c2": {"runs": 14, "balls": 35, "wickets": 0}, "bdadcca1": {"runs": 2, "balls": 6, "wickets": 0}, "27fc5808": {"runs": 9, "balls": 18, "wickets": 0}, "6ea2710f": {"runs": 32, "balls": 43, "wickets": 1}, "57a76baa": {"runs": 7, "balls": 7, "wickets": 0}, "c5f40e35": {"runs": 10, "balls": 8, "wickets": 1}, "bdc0670a": {"runs": 4, "balls": 8, "wickets": 1}, "92aa28fe": {"runs": 1, "balls": 2, "wickets": 0}, "64212089": {"runs": 7, "balls": 38, "wickets": 0}, "39180894": {"runs": 31, "balls": 17, "wickets": 1}, "d26e0405": {"runs": 20, "balls": 34, "wickets": 0}, "0d61d8f0": {"runs": 15, "balls": 27, "wickets": 0}, "cad40f5e": {"runs": 28, "balls": 47, "wickets": 0}, "4c0f3806": {"runs": 17, "balls": 45, "wickets": 1}, "e05b2a5b": {"runs": 4, "balls": 6, "wickets": 0}, "3581a798": {"runs": 0, "balls": 5, "wickets": 0}, "462d7c62": {"runs": 3, "balls": 1, "wickets": 0}, "2baad3bd": {"runs": 0, "balls": 2, "wickets": 1}, "894b2d25": {"runs": 30, "balls": 43, "wickets": 0}, "8d5d991e": {"runs": 0, "balls": 1, "wickets": 1}, "19b9f399": {"runs": 8, "balls": 4, "wickets": 0}, "d4eef961": {"runs": 7, "balls": 6, "wickets": 0}, "ed47cb25": {"runs": 7, "balls": 3, "wickets": 0}, "c78a879c": {"runs": 2, "balls": 5, "wickets": 0}, "03df7a25": {"runs": 21, "balls": 27, "wickets": 0}, "e898ab57": {"runs": 9, "balls": 8, "wickets": 0}, "f1eb3c73": {"runs": 6, "balls": 4, "wickets": 0}, "cdd875d9": {"runs": 4, "balls": 4, "wickets": 0}, "52c442e4": {"runs": 21, "balls": 27, "wickets": 0}, "9c643d7b": {"runs": 1, "balls": 2, "wickets": 0}, "fc02a2b3": {"runs": 23, "balls": 7, "wickets": 1}, "457cab44": {"runs": 4, "balls": 3, "wickets": 0}, "28217d89": {"runs": 9, "balls": 3, "wickets": 0}, "214f6461": {"runs": 4, "balls": 5, "wickets": 0}, "c36bbf20": {"runs": 10, "balls": 6, "wickets": 0}, "34c7b9d2": {"runs": 0, "balls": 1, "wickets": 1}, "9fd3a210": {"runs": 10, "balls": 34, "wickets": 0}, "269ff06e": {"runs": 14, "balls": 15, "wickets": 1}, "867a45a7": {"runs": 37, "balls": 80, "wickets": 1}, "e22d3b5c": {"runs": 7, "balls": 38, "wickets": 0}, "5a74e559": {"runs": 5, "balls": 7, "wickets": 0}, "93cad673": {"runs": 1, "balls": 1, "wickets": 0}, "bc773eeb": {"runs": 2, "balls": 10, "wickets": 0}, "10b79140": {"runs": 8, "balls": 11, "wickets": 0}, "bd93fea4": {"runs": 2, "balls": 9, "wickets": 0}, "e871a7a1": {"runs": 2, "balls": 23, "wickets": 0}, "68e26ec9": {"runs": 17, "balls": 33, "wickets": 1}, "ab01e323": {"runs": 9, "balls": 28, "wickets": 0}}, "fifties": 38, "thirties": 40, "centuries": 8, "maidens": 0.0, "hattricks": 0, "runs": 6327.0, "wickets": 0.0, "club_ODI_previous3_runs": [5.0, 34.0, 16.0], "club_ODI_previous3_wickets": [0.0, 0.0, 0.0], "club_ODI_previous3_balls played": [8.0, 20.0, 8.0], "club_ODI_previous3_overs": [0.0, 0.0, 0.0], "club_ODI_previous3_runs gave": [0.0, 0.0, 0.0], "club_ODI_lifetime_runs": 1273.0, "club_ODI_lifetime_wickets": 0.0, "club_ODI_lifetime_balls played": 1279.0, "club_ODI_lifetime_overs": 0.0, "club_ODI_lifetime_runs gave": 0.0, "club_Test_previous3_runs": [21.0, 13.0, 47.0], "club_Test_previous3_wickets": [0.0, 0.0, 0.0], "club_Test_previous3_balls played": [54.0, 32.0, 197.0], "club_Test_previous3_overs": [0.0, 0.0, 0.0], "club_Test_previous3_runs gave": [0.0, 0.0, 0.0], "club_Test_lifetime_runs": 3567.0, "club_Test_lifetime_wickets": 0.0, "club_Test_lifetime_balls played": 6233.0, "club_Test_lifetime_overs": 0.0, "club_Test_lifetime_runs gave": 0.0, "club_T20_previous3_runs": [6.0, 0.0, 10.0], "club_T20_previous3_wickets": [0.0, 0.0, 0.0], "club_T20_previous3_balls played": [5.0, 2.0, 9.0], "club_T20_previous3_overs": [0.0, 0.0, 0.0], "club_T20_previous3_runs gave": [0.0, 0.0, 0.0], "club_T20_lifetime_runs": 1487.0, "club_T20_lifetime_wickets": 0.0, "club_T20_lifetime_balls played": 1129.0, "club_T20_lifetime_overs": 0.0, "club_T20_lifetime_runs gave": 0.0, "international_ODI_previous3_runs": [], "international_ODI_previous3_wickets": [], "international_ODI_previous3_balls played": [], "international_ODI_previous3_overs": [], "international_ODI_previous3_runs gave": [], "international_ODI_lifetime_runs": 0.0, "international_ODI_lifetime_wickets": 0.0, "international_ODI_lifetime_balls played": 0.0, "international_ODI_lifetime_overs": 0.0, "international_ODI_lifetime_runs gave": 0.0, "international_Test_previous3_runs": [], "international_Test_previous3_wickets": [], "international_Test_previous3_balls played": [], "international_Test_previous3_overs": [], "international_Test_previous3_runs gave": [], "international_Test_lifetime_runs": 0.0, "international_Test_lifetime_wickets": 0.0, "international_Test_lifetime_balls played": 0.0, "international_Test_lifetime_overs": 0.0, "international_Test_lifetime_runs gave": 0.0, "international_T20_previous3_runs": [], "international_T20_previous3_wickets": [], "international_T20_previous3_balls played": [], "international_T20_previous3_overs": [], "international_T20_previous3_runs gave": [], "international_T20_lifetime_runs": 0.0, "international_T20_lifetime_wickets": 0.0, "international_T20_lifetime_balls played": 0.0, "international_T20_lifetime_overs": 0.0, "international_T20_lifetime_runs gave": 0.0}