{"played_against": {"bbd41817": {"runs": 20, "balls": 14, "wickets": 0}, "4180d897": {"runs": 5, "balls": 3, "wickets": 0}, "d7c6af50": {"runs": 11, "balls": 11, "wickets": 1}, "dec8e038": {"runs": 3, "balls": 5, "wickets": 0}, "77bf0483": {"runs": 17, "balls": 6, "wickets": 0}, "e342e5fb": {"runs": 4, "balls": 5, "wickets": 2}, "19b9f399": {"runs": 16, "balls": 13, "wickets": 1}, "acee4cc4": {"runs": 21, "balls": 18, "wickets": 2}, "e412cb64": {"runs": 1, "balls": 1, "wickets": 0}, "d7725664": {"runs": 0, "balls": 2, "wickets": 1}, "7d92277a": {"runs": 11, "balls": 8, "wickets": 1}, "78dfe704": {"runs": 22, "balls": 9, "wickets": 1}, "a1d053dd": {"runs": 9, "balls": 4, "wickets": 0}, "2b85c8e6": {"runs": 11, "balls": 6, "wickets": 0}, "64d43928": {"runs": 4, "balls": 2, "wickets": 0}, "641ac5ff": {"runs": 8, "balls": 5, "wickets": 0}, "e7de4f6b": {"runs": 0, "balls": 1, "wickets": 1}, "b0eaaac6": {"runs": 16, "balls": 11, "wickets": 0}, "a61bcb94": {"runs": 61, "balls": 30, "wickets": 0}, "87e562a9": {"runs": 3, "balls": 4, "wickets": 0}, "a757b0d8": {"runs": 23, "balls": 23, "wickets": 1}, "22ae3041": {"runs": 9, "balls": 10, "wickets": 2}, "6aed7e79": {"runs": 1, "balls": 1, "wickets": 0}, "2ae01eb0": {"runs": 0, "balls": 1, "wickets": 1}, "26d041c4": {"runs": 30, "balls": 26, "wickets": 0}, "4d7f517e": {"runs": 38, "balls": 37, "wickets": 1}, "ded9ff1e": {"runs": 18, "balls": 5, "wickets": 0}, "a7c226e1": {"runs": 2, "balls": 3, "wickets": 0}, "c0c411cb": {"runs": 6, "balls": 3, "wickets": 0}, "54c2b697": {"runs": 12, "balls": 6, "wickets": 0}, "d68e7f48": {"runs": 18, "balls": 11, "wickets": 2}, "9d430b40": {"runs": 22, "balls": 14, "wickets": 1}, "c5aef772": {"runs": 34, "balls": 23, "wickets": 2}, "9ab63e7b": {"runs": 3, "balls": 3, "wickets": 0}, "23cca426": {"runs": 5, "balls": 9, "wickets": 1}, "64c34cd0": {"runs": 2, "balls": 2, "wickets": 0}, "97bdec3d": {"runs": 3, "balls": 6, "wickets": 1}, "9cb8d7a6": {"runs": 25, "balls": 13, "wickets": 0}, "0f721006": {"runs": 17, "balls": 13, "wickets": 1}, "e174dadd": {"runs": 11, "balls": 8, "wickets": 1}, "9c9af282": {"runs": 1, "balls": 2, "wickets": 0}, "34b332d3": {"runs": 0, "balls": 1, "wickets": 1}, "f2665768": {"runs": 1, "balls": 1, "wickets": 0}, "30f4ac6f": {"runs": 1, "balls": 1, "wickets": 0}, "f78e7113": {"runs": 0, "balls": 1, "wickets": 0}, "73c18486": {"runs": 8, "balls": 8, "wickets": 2}, "1ac2a995": {"runs": 10, "balls": 10, "wickets": 1}, "74d12124": {"runs": 5, "balls": 3, "wickets": 0}, "c6097d68": {"runs": 6, "balls": 4, "wickets": 0}, "b52ffbbd": {"runs": 6, "balls": 6, "wickets": 0}, "62af8546": {"runs": 1, "balls": 2, "wickets": 1}, "f56cd097": {"runs": 2, "balls": 2, "wickets": 1}, "62175638": {"runs": 4, "balls": 3, "wickets": 0}, "cb5100f1": {"runs": 1, "balls": 3, "wickets": 0}, "a4ff3629": {"runs": 8, "balls": 4, "wickets": 0}, "b0946605": {"runs": 2, "balls": 3, "wickets": 1}, "3feda4fa": {"runs": 11, "balls": 9, "wickets": 0}, "6f95e5fa": {"runs": 12, "balls": 11, "wickets": 0}, "c4d9634c": {"runs": 3, "balls": 4, "wickets": 0}, "529eb9e0": {"runs": 11, "balls": 4, "wickets": 0}, "30afc92b": {"runs": 4, "balls": 1, "wickets": 0}, "88b4d220": {"runs": 0, "balls": 2, "wickets": 1}, "11614d87": {"runs": 30, "balls": 20, "wickets": 1}, "83d17bbc": {"runs": 6, "balls": 9, "wickets": 0}, "6f4c73ce": {"runs": 13, "balls": 5, "wickets": 0}, "75224f22": {"runs": 10, "balls": 5, "wickets": 1}, "a818c1be": {"runs": 1, "balls": 1, "wickets": 0}, "e9c7f0d0": {"runs": 1, "balls": 1, "wickets": 0}, "3f1066d0": {"runs": 7, "balls": 5, "wickets": 0}}, "fifties": 2, "thirties": 7, "centuries": 0, "maidens": 0.0, "hattricks": 0, "runs": 687.0, "wickets": 13.0, "club_ODI_previous3_runs": [], "club_ODI_previous3_wickets": [], "club_ODI_previous3_balls played": [], "club_ODI_previous3_overs": [], "club_ODI_previous3_runs gave": [], "club_ODI_lifetime_runs": 0.0, "club_ODI_lifetime_wickets": 0.0, "club_ODI_lifetime_balls played": 0.0, "club_ODI_lifetime_overs": 0.0, "club_ODI_lifetime_runs gave": 0.0, "club_Test_previous3_runs": [], "club_Test_previous3_wickets": [], "club_Test_previous3_balls played": [], "club_Test_previous3_overs": [], "club_Test_previous3_runs gave": [], "club_Test_lifetime_runs": 0.0, "club_Test_lifetime_wickets": 0.0, "club_Test_lifetime_balls played": 0.0, "club_Test_lifetime_overs": 0.0, "club_Test_lifetime_runs gave": 0.0, "club_T20_previous3_runs": [16.0, 9.0, 0.0], "club_T20_previous3_wickets": [0.0, 0.0, 2.0], "club_T20_previous3_balls played": [9.0, 7.0, 0.0], "club_T20_previous3_overs": [0.0, 0.0, 4.0], "club_T20_previous3_runs gave": [0.0, 0.0, 20.0], "club_T20_lifetime_runs": 687.0, "club_T20_lifetime_wickets": 13.0, "club_T20_lifetime_balls played": 523.0, "club_T20_lifetime_overs": 45.5, "club_T20_lifetime_runs gave": 393.0, "international_ODI_previous3_runs": [], "international_ODI_previous3_wickets": [], "international_ODI_previous3_balls played": [], "international_ODI_previous3_overs": [], "international_ODI_previous3_runs gave": [], "international_ODI_lifetime_runs": 0.0, "international_ODI_lifetime_wickets": 0.0, "international_ODI_lifetime_balls played": 0.0, "international_ODI_lifetime_overs": 0.0, "international_ODI_lifetime_runs gave": 0.0, "international_Test_previous3_runs": [], "international_Test_previous3_wickets": [], "international_Test_previous3_balls played": [], "international_Test_previous3_overs": [], "international_Test_previous3_runs gave": [], "international_Test_lifetime_runs": 0.0, "international_Test_lifetime_wickets": 0.0, "international_Test_lifetime_balls played": 0.0, "international_Test_lifetime_overs": 0.0, "international_Test_lifetime_runs gave": 0.0, "international_T20_previous3_runs": [], "international_T20_previous3_wickets": [], "international_T20_previous3_balls played": [], "international_T20_previous3_overs": [], "international_T20_previous3_runs gave": [], "international_T20_lifetime_runs": 0.0, "international_T20_lifetime_wickets": 0.0, "international_T20_lifetime_balls played": 0.0, "international_T20_lifetime_overs": 0.0, "international_T20_lifetime_runs gave": 0.0}