{"played_against": {"94c0131e": {"runs": 6, "balls": 9, "wickets": 0}, "924ab6c4": {"runs": 2, "balls": 10, "wickets": 0}, "6be8fb20": {"runs": 4, "balls": 12, "wickets": 0}, "75a8844e": {"runs": 15, "balls": 22, "wickets": 0}, "66c898ab": {"runs": 10, "balls": 7, "wickets": 0}, "995aedfe": {"runs": 2, "balls": 16, "wickets": 1}, "5e7b9318": {"runs": 6, "balls": 10, "wickets": 0}, "0aedbfd4": {"runs": 1, "balls": 11, "wickets": 0}, "6d2dac56": {"runs": 6, "balls": 25, "wickets": 0}, "1676b2d6": {"runs": 4, "balls": 11, "wickets": 0}, "c62368d0": {"runs": 0, "balls": 4, "wickets": 0}, "52f96571": {"runs": 4, "balls": 5, "wickets": 0}, "0e0afd8b": {"runs": 0, "balls": 6, "wickets": 0}, "bceb1b07": {"runs": 5, "balls": 23, "wickets": 0}, "f5853cef": {"runs": 3, "balls": 7, "wickets": 1}, "279cfcf6": {"runs": 2, "balls": 3, "wickets": 0}, "2617ff3e": {"runs": 0, "balls": 12, "wickets": 0}, "98d05440": {"runs": 1, "balls": 8, "wickets": 0}, "2d8aae2f": {"runs": 1, "balls": 5, "wickets": 0}, "3748955d": {"runs": 6, "balls": 14, "wickets": 0}, "7ecb9a14": {"runs": 2, "balls": 20, "wickets": 1}, "f03c64bd": {"runs": 18, "balls": 31, "wickets": 0}, "b858be20": {"runs": 5, "balls": 26, "wickets": 0}, "681af475": {"runs": 15, "balls": 11, "wickets": 0}, "fb0abc20": {"runs": 1, "balls": 2, "wickets": 1}, "04029c44": {"runs": 5, "balls": 4, "wickets": 0}, "363fe2d5": {"runs": 1, "balls": 2, "wickets": 0}, "30baaf1f": {"runs": 1, "balls": 3, "wickets": 0}, "f4cbce64": {"runs": 1, "balls": 3, "wickets": 0}, "f5b1b6bb": {"runs": 5, "balls": 2, "wickets": 0}, "9ff7f691": {"runs": 1, "balls": 2, "wickets": 0}, "e85d03d6": {"runs": 5, "balls": 5, "wickets": 0}, "292381e0": {"runs": 6, "balls": 7, "wickets": 0}, "47e20f64": {"runs": 4, "balls": 4, "wickets": 0}, "bb134e5c": {"runs": 2, "balls": 2, "wickets": 0}, "5044f30d": {"runs": 6, "balls": 6, "wickets": 0}, "c4ff0618": {"runs": 3, "balls": 3, "wickets": 0}, "795df06c": {"runs": 3, "balls": 3, "wickets": 0}, "d146924b": {"runs": 4, "balls": 5, "wickets": 0}, "bb9b51f4": {"runs": 0, "balls": 1, "wickets": 1}, "34464143": {"runs": 0, "balls": 2, "wickets": 0}, "e05fcb17": {"runs": 0, "balls": 7, "wickets": 0}, "8160713d": {"runs": 1, "balls": 7, "wickets": 0}, "9f998ed8": {"runs": 12, "balls": 18, "wickets": 0}, "4b0a8488": {"runs": 3, "balls": 8, "wickets": 0}, "f8035c2a": {"runs": 2, "balls": 5, "wickets": 1}, "80089b3a": {"runs": 15, "balls": 28, "wickets": 0}, "2b8718c8": {"runs": 9, "balls": 22, "wickets": 0}, "4d3d1792": {"runs": 13, "balls": 9, "wickets": 0}, "a96938ba": {"runs": 13, "balls": 30, "wickets": 1}, "288ea226": {"runs": 20, "balls": 30, "wickets": 0}, "78bbeba1": {"runs": 11, "balls": 21, "wickets": 0}, "15cbeb9c": {"runs": 2, "balls": 4, "wickets": 0}, "16f4cc7e": {"runs": 3, "balls": 10, "wickets": 0}, "94ed8d37": {"runs": 0, "balls": 1, "wickets": 0}, "3b282e51": {"runs": 11, "balls": 20, "wickets": 1}, "007113d7": {"runs": 18, "balls": 25, "wickets": 0}, "e27cff77": {"runs": 5, "balls": 13, "wickets": 1}, "928baf6b": {"runs": 16, "balls": 19, "wickets": 0}, "12b7fa12": {"runs": 5, "balls": 9, "wickets": 0}, "bf385668": {"runs": 1, "balls": 10, "wickets": 0}, "a9231c3f": {"runs": 1, "balls": 6, "wickets": 0}, "b4a23876": {"runs": 2, "balls": 7, "wickets": 0}, "b6980844": {"runs": 3, "balls": 14, "wickets": 0}, "bc6f8328": {"runs": 9, "balls": 16, "wickets": 1}, "c024db94": {"runs": 6, "balls": 24, "wickets": 0}, "934b36a6": {"runs": 9, "balls": 7, "wickets": 1}, "f1eb3c73": {"runs": 3, "balls": 14, "wickets": 1}, "f71de062": {"runs": 12, "balls": 24, "wickets": 0}, "7f6c2dae": {"runs": 7, "balls": 12, "wickets": 0}}, "fifties": 2, "thirties": 3, "centuries": 0, "maidens": 0.0, "hattricks": 0, "runs": 378.0, "wickets": 0.0, "club_ODI_previous3_runs": [], "club_ODI_previous3_wickets": [], "club_ODI_previous3_balls played": [], "club_ODI_previous3_overs": [], "club_ODI_previous3_runs gave": [], "club_ODI_lifetime_runs": 0.0, "club_ODI_lifetime_wickets": 0.0, "club_ODI_lifetime_balls played": 0.0, "club_ODI_lifetime_overs": 0.0, "club_ODI_lifetime_runs gave": 0.0, "club_Test_previous3_runs": [], "club_Test_previous3_wickets": [], "club_Test_previous3_balls played": [], "club_Test_previous3_overs": [], "club_Test_previous3_runs gave": [], "club_Test_lifetime_runs": 0.0, "club_Test_lifetime_wickets": 0.0, "club_Test_lifetime_balls played": 0.0, "club_Test_lifetime_overs": 0.0, "club_Test_lifetime_runs gave": 0.0, "club_T20_previous3_runs": [], "club_T20_previous3_wickets": [], "club_T20_previous3_balls played": [], "club_T20_previous3_overs": [], "club_T20_previous3_runs gave": [], "club_T20_lifetime_runs": 0.0, "club_T20_lifetime_wickets": 0.0, "club_T20_lifetime_balls played": 0.0, "club_T20_lifetime_overs": 0.0, "club_T20_lifetime_runs gave": 0.0, "international_ODI_previous3_runs": [32.0, 19.0, 26.0], "international_ODI_previous3_wickets": [0.0, 0.0, 0.0], "international_ODI_previous3_balls played": [69.0, 40.0, 68.0], "international_ODI_previous3_overs": [0.0, 0.0, 0.0], "international_ODI_previous3_runs gave": [0.0, 0.0, 0.0], "international_ODI_lifetime_runs": 330.0, "international_ODI_lifetime_wickets": 0.0, "international_ODI_lifetime_balls played": 737.0, "international_ODI_lifetime_overs": 9.0, "international_ODI_lifetime_runs gave": 45.0, "international_Test_previous3_runs": [], "international_Test_previous3_wickets": [], "international_Test_previous3_balls played": [], "international_Test_previous3_overs": [], "international_Test_previous3_runs gave": [], "international_Test_lifetime_runs": 0.0, "international_Test_lifetime_wickets": 0.0, "international_Test_lifetime_balls played": 0.0, "international_Test_lifetime_overs": 0.0, "international_Test_lifetime_runs gave": 0.0, "international_T20_previous3_runs": [18.0, 0.0, 16.0], "international_T20_previous3_wickets": [0.0, 0.0, 0.0], "international_T20_previous3_balls played": [21.0, 0.0, 18.0], "international_T20_previous3_overs": [0.0, 0.0, 0.0], "international_T20_previous3_runs gave": [0.0, 0.0, 0.0], "international_T20_lifetime_runs": 48.0, "international_T20_lifetime_wickets": 0.0, "international_T20_lifetime_balls played": 56.0, "international_T20_lifetime_overs": 0.0, "international_T20_lifetime_runs gave": 0.0}