{"played_against": {"8ffa1b3c": {"runs": 0, "balls": 3, "wickets": 0}, "7a81836e": {"runs": 0, "balls": 4, "wickets": 0}, "23917bf0": {"runs": 0, "balls": 1, "wickets": 1}, "a6898f7a": {"runs": 0, "balls": 4, "wickets": 1}, "27339093": {"runs": 1, "balls": 3, "wickets": 0}, "2d772f77": {"runs": 0, "balls": 6, "wickets": 0}, "f5e70dd4": {"runs": 1, "balls": 7, "wickets": 1}, "ffa296f7": {"runs": 0, "balls": 2, "wickets": 0}, "88c742fb": {"runs": 0, "balls": 1, "wickets": 0}, "cba01c28": {"runs": 0, "balls": 1, "wickets": 1}, "7f97139f": {"runs": 1, "balls": 1, "wickets": 0}, "08c8c151": {"runs": 1, "balls": 1, "wickets": 0}, "2832fbba": {"runs": 1, "balls": 4, "wickets": 1}}, "fifties": 0, "thirties": 0, "centuries": 0, "maidens": 0.0, "hattricks": 0, "runs": 5.0, "wickets": 2.0, "club_ODI_previous3_runs": [], "club_ODI_previous3_wickets": [], "club_ODI_previous3_balls played": [], "club_ODI_previous3_overs": [], "club_ODI_previous3_runs gave": [], "club_ODI_lifetime_runs": 0.0, "club_ODI_lifetime_wickets": 0.0, "club_ODI_lifetime_balls played": 0.0, "club_ODI_lifetime_overs": 0.0, "club_ODI_lifetime_runs gave": 0.0, "club_Test_previous3_runs": [], "club_Test_previous3_wickets": [], "club_Test_previous3_balls played": [], "club_Test_previous3_overs": [], "club_Test_previous3_runs gave": [], "club_Test_lifetime_runs": 0.0, "club_Test_lifetime_wickets": 0.0, "club_Test_lifetime_balls played": 0.0, "club_Test_lifetime_overs": 0.0, "club_Test_lifetime_runs gave": 0.0, "club_T20_previous3_runs": [], "club_T20_previous3_wickets": [], "club_T20_previous3_balls played": [], "club_T20_previous3_overs": [], "club_T20_previous3_runs gave": [], "club_T20_lifetime_runs": 0.0, "club_T20_lifetime_wickets": 0.0, "club_T20_lifetime_balls played": 0.0, "club_T20_lifetime_overs": 0.0, "club_T20_lifetime_runs gave": 0.0, "international_ODI_previous3_runs": [], "international_ODI_previous3_wickets": [], "international_ODI_previous3_balls played": [], "international_ODI_previous3_overs": [], "international_ODI_previous3_runs gave": [], "international_ODI_lifetime_runs": 0.0, "international_ODI_lifetime_wickets": 0.0, "international_ODI_lifetime_balls played": 0.0, "international_ODI_lifetime_overs": 0.0, "international_ODI_lifetime_runs gave": 0.0, "international_Test_previous3_runs": [], "international_Test_previous3_wickets": [], "international_Test_previous3_balls played": [], "international_Test_previous3_overs": [], "international_Test_previous3_runs gave": [], "international_Test_lifetime_runs": 0.0, "international_Test_lifetime_wickets": 0.0, "international_Test_lifetime_balls played": 0.0, "international_Test_lifetime_overs": 0.0, "international_Test_lifetime_runs gave": 0.0, "international_T20_previous3_runs": [0.0, 0.0, 3.0], "international_T20_previous3_wickets": [0.0, 0.0, 1.0], "international_T20_previous3_balls played": [2.0, 2.0, 6.0], "international_T20_previous3_overs": [0.0, 4.0, 3.8333333333333335], "international_T20_previous3_runs gave": [0.0, 30.0, 25.0], "international_T20_lifetime_runs": 5.0, "international_T20_lifetime_wickets": 2.0, "international_T20_lifetime_balls played": 38.0, "international_T20_lifetime_overs": 18.833333333333332, "international_T20_lifetime_runs gave": 155.0}