{"played_against": {"e6581a17": {"runs": 2, "balls": 2, "wickets": 0}, "2e392afa": {"runs": 3, "balls": 3, "wickets": 1}, "9238dd92": {"runs": 1, "balls": 3, "wickets": 1}, "847b4bdd": {"runs": 8, "balls": 4, "wickets": 0}, "74a578d0": {"runs": 7, "balls": 6, "wickets": 1}, "1c5c3dce": {"runs": 0, "balls": 1, "wickets": 1}, "75f3aa00": {"runs": 0, "balls": 1, "wickets": 0}, "90f9aedf": {"runs": 2, "balls": 2, "wickets": 0}, "b7abb123": {"runs": 10, "balls": 5, "wickets": 1}, "bc3fc527": {"runs": 1, "balls": 2, "wickets": 0}, "a1448a10": {"runs": 0, "balls": 1, "wickets": 0}, "b9e07e44": {"runs": 1, "balls": 3, "wickets": 0}, "5249f9c4": {"runs": 4, "balls": 4, "wickets": 1}, "f99a219a": {"runs": 1, "balls": 2, "wickets": 0}, "ba57fb08": {"runs": 10, "balls": 4, "wickets": 0}, "3ac13a94": {"runs": 9, "balls": 5, "wickets": 1}, "090f96e4": {"runs": 3, "balls": 5, "wickets": 0}, "1f3b9f8d": {"runs": 2, "balls": 2, "wickets": 0}, "c4ecc42c": {"runs": 8, "balls": 6, "wickets": 0}, "681f522f": {"runs": 4, "balls": 7, "wickets": 1}, "5fe3709e": {"runs": 5, "balls": 2, "wickets": 0}, "c74c583b": {"runs": 4, "balls": 6, "wickets": 1}}, "fifties": 0, "thirties": 0, "centuries": 0, "maidens": 0.0, "hattricks": 0, "runs": 85.0, "wickets": 3.0, "club_ODI_previous3_runs": [], "club_ODI_previous3_wickets": [], "club_ODI_previous3_balls played": [], "club_ODI_previous3_overs": [], "club_ODI_previous3_runs gave": [], "club_ODI_lifetime_runs": 0.0, "club_ODI_lifetime_wickets": 0.0, "club_ODI_lifetime_balls played": 0.0, "club_ODI_lifetime_overs": 0.0, "club_ODI_lifetime_runs gave": 0.0, "club_Test_previous3_runs": [], "club_Test_previous3_wickets": [], "club_Test_previous3_balls played": [], "club_Test_previous3_overs": [], "club_Test_previous3_runs gave": [], "club_Test_lifetime_runs": 0.0, "club_Test_lifetime_wickets": 0.0, "club_Test_lifetime_balls played": 0.0, "club_Test_lifetime_overs": 0.0, "club_Test_lifetime_runs gave": 0.0, "club_T20_previous3_runs": [], "club_T20_previous3_wickets": [], "club_T20_previous3_balls played": [], "club_T20_previous3_overs": [], "club_T20_previous3_runs gave": [], "club_T20_lifetime_runs": 0.0, "club_T20_lifetime_wickets": 0.0, "club_T20_lifetime_balls played": 0.0, "club_T20_lifetime_overs": 0.0, "club_T20_lifetime_runs gave": 0.0, "international_ODI_previous3_runs": [], "international_ODI_previous3_wickets": [], "international_ODI_previous3_balls played": [], "international_ODI_previous3_overs": [], "international_ODI_previous3_runs gave": [], "international_ODI_lifetime_runs": 0.0, "international_ODI_lifetime_wickets": 0.0, "international_ODI_lifetime_balls played": 0.0, "international_ODI_lifetime_overs": 0.0, "international_ODI_lifetime_runs gave": 0.0, "international_Test_previous3_runs": [], "international_Test_previous3_wickets": [], "international_Test_previous3_balls played": [], "international_Test_previous3_overs": [], "international_Test_previous3_runs gave": [], "international_Test_lifetime_runs": 0.0, "international_Test_lifetime_wickets": 0.0, "international_Test_lifetime_balls played": 0.0, "international_Test_lifetime_overs": 0.0, "international_Test_lifetime_runs gave": 0.0, "international_T20_previous3_runs": [12.0, 9.0, 0.0], "international_T20_previous3_wickets": [0.0, 0.0, 0.0], "international_T20_previous3_balls played": [13.0, 8.0, 0.0], "international_T20_previous3_overs": [0.0, 0.0, 0.0], "international_T20_previous3_runs gave": [0.0, 0.0, 0.0], "international_T20_lifetime_runs": 85.0, "international_T20_lifetime_wickets": 3.0, "international_T20_lifetime_balls played": 76.0, "international_T20_lifetime_overs": 19.0, "international_T20_lifetime_runs gave": 113.0}