{"played_against": {"4a461c24": {"runs": 54, "balls": 60, "wickets": 1}, "c654af19": {"runs": 8, "balls": 16, "wickets": 0}, "978bd738": {"runs": 12, "balls": 12, "wickets": 0}, "42151725": {"runs": 37, "balls": 50, "wickets": 1}, "a7c226e1": {"runs": 17, "balls": 18, "wickets": 1}, "ad46c747": {"runs": 132, "balls": 226, "wickets": 1}, "3987e390": {"runs": 34, "balls": 32, "wickets": 1}, "05c2ca46": {"runs": 47, "balls": 76, "wickets": 2}, "e9987a94": {"runs": 32, "balls": 76, "wickets": 2}, "bb351c23": {"runs": 9, "balls": 12, "wickets": 0}, "a510bdd3": {"runs": 93, "balls": 173, "wickets": 0}, "cd143bca": {"runs": 84, "balls": 161, "wickets": 2}, "70fdd428": {"runs": 11, "balls": 10, "wickets": 0}, "012829ff": {"runs": 3, "balls": 4, "wickets": 0}, "7f048519": {"runs": 10, "balls": 16, "wickets": 0}, "5fcb6fb1": {"runs": 1, "balls": 4, "wickets": 0}, "58043739": {"runs": 4, "balls": 6, "wickets": 1}, "9a963804": {"runs": 1, "balls": 4, "wickets": 0}, "9868bc75": {"runs": 0, "balls": 2, "wickets": 0}, "f6c84b9f": {"runs": 7, "balls": 8, "wickets": 0}, "86e0f3f0": {"runs": 14, "balls": 16, "wickets": 0}, "c5cc48bc": {"runs": 29, "balls": 24, "wickets": 1}, "bbbb7f1e": {"runs": 17, "balls": 18, "wickets": 0}, "f5821615": {"runs": 23, "balls": 43, "wickets": 0}, "8728a058": {"runs": 40, "balls": 49, "wickets": 1}, "e0ac7144": {"runs": 88, "balls": 81, "wickets": 2}, "2223b920": {"runs": 22, "balls": 17, "wickets": 0}, "e3434f95": {"runs": 1, "balls": 4, "wickets": 0}, "eb1a5b03": {"runs": 3, "balls": 4, "wickets": 0}, "10f68de1": {"runs": 12, "balls": 11, "wickets": 0}, "a386e91b": {"runs": 20, "balls": 38, "wickets": 0}, "757502b5": {"runs": 10, "balls": 16, "wickets": 1}, "71440756": {"runs": 24, "balls": 29, "wickets": 1}, "e737a5fe": {"runs": 15, "balls": 36, "wickets": 0}, "8d92a2c3": {"runs": 18, "balls": 15, "wickets": 0}, "59559bc2": {"runs": 12, "balls": 13, "wickets": 0}, "06c2de82": {"runs": 8, "balls": 19, "wickets": 1}, "94eac556": {"runs": 9, "balls": 6, "wickets": 0}, "6a2fadd0": {"runs": 11, "balls": 9, "wickets": 0}, "21764a38": {"runs": 13, "balls": 10, "wickets": 0}, "9679838c": {"runs": 60, "balls": 101, "wickets": 0}, "95a06106": {"runs": 12, "balls": 15, "wickets": 0}, "e4a0deae": {"runs": 4, "balls": 2, "wickets": 0}, "1f1b4c89": {"runs": 18, "balls": 24, "wickets": 0}, "79c7041c": {"runs": 29, "balls": 27, "wickets": 1}, "afa78c3a": {"runs": 3, "balls": 3, "wickets": 0}, "a9da7784": {"runs": 15, "balls": 29, "wickets": 1}, "5239d782": {"runs": 62, "balls": 93, "wickets": 0}, "e871a7a1": {"runs": 69, "balls": 135, "wickets": 2}, "7955eb15": {"runs": 4, "balls": 15, "wickets": 2}, "2d4465da": {"runs": 31, "balls": 25, "wickets": 0}, "5574750c": {"runs": 39, "balls": 51, "wickets": 0}, "ffe699c0": {"runs": 19, "balls": 25, "wickets": 0}, "d8256633": {"runs": 26, "balls": 30, "wickets": 0}, "f1eb3c73": {"runs": 22, "balls": 38, "wickets": 0}, "6f049d41": {"runs": 1, "balls": 1, "wickets": 0}, "19708692": {"runs": 24, "balls": 16, "wickets": 1}, "f048bb41": {"runs": 1, "balls": 2, "wickets": 0}, "b3544c5d": {"runs": 21, "balls": 32, "wickets": 1}, "0f21680d": {"runs": 19, "balls": 17, "wickets": 0}, "07c8a2f4": {"runs": 54, "balls": 82, "wickets": 2}, "0a3d54b9": {"runs": 14, "balls": 8, "wickets": 0}, "4c0f3806": {"runs": 46, "balls": 112, "wickets": 4}, "2085e1fa": {"runs": 24, "balls": 40, "wickets": 1}, "3f659464": {"runs": 6, "balls": 10, "wickets": 1}, "0c5bb005": {"runs": 5, "balls": 3, "wickets": 1}, "67954d19": {"runs": 1, "balls": 2, "wickets": 0}, "ba9258a7": {"runs": 0, "balls": 2, "wickets": 1}, "d3868bd0": {"runs": 10, "balls": 38, "wickets": 3}, "e5652e3d": {"runs": 15, "balls": 22, "wickets": 1}, "bdadf7da": {"runs": 17, "balls": 22, "wickets": 0}, "e84ac20c": {"runs": 6, "balls": 7, "wickets": 0}, "43205dad": {"runs": 6, "balls": 4, "wickets": 0}, "b082d112": {"runs": 5, "balls": 28, "wickets": 0}, "78adc879": {"runs": 13, "balls": 34, "wickets": 0}, "e9d5218e": {"runs": 16, "balls": 46, "wickets": 0}, "5b6d248a": {"runs": 1, "balls": 21, "wickets": 0}, "23638956": {"runs": 46, "balls": 81, "wickets": 2}, "dd17e4bc": {"runs": 0, "balls": 1, "wickets": 1}, "8108e2d2": {"runs": 9, "balls": 24, "wickets": 0}, "81127912": {"runs": 9, "balls": 18, "wickets": 0}, "219cc59e": {"runs": 128, "balls": 205, "wickets": 2}, "94d7f855": {"runs": 6, "balls": 7, "wickets": 0}, "f54dbda7": {"runs": 49, "balls": 71, "wickets": 0}, "c03449e0": {"runs": 5, "balls": 5, "wickets": 0}, "f78e7113": {"runs": 10, "balls": 11, "wickets": 1}, "fe5b4367": {"runs": 59, "balls": 79, "wickets": 0}, "2f9d0389": {"runs": 11, "balls": 7, "wickets": 1}, "ad962377": {"runs": 4, "balls": 4, "wickets": 0}, "6042bf26": {"runs": 7, "balls": 6, "wickets": 0}, "acee4cc4": {"runs": 5, "balls": 7, "wickets": 1}, "a089f93f": {"runs": 1, "balls": 2, "wickets": 1}, "aa1210d8": {"runs": 2, "balls": 2, "wickets": 0}, "62af8546": {"runs": 10, "balls": 5, "wickets": 0}, "5bb5a915": {"runs": 6, "balls": 17, "wickets": 1}, "e94915e6": {"runs": 14, "balls": 11, "wickets": 1}, "ea3d687a": {"runs": 7, "balls": 13, "wickets": 0}, "ab474682": {"runs": 12, "balls": 10, "wickets": 0}, "c672e80e": {"runs": 0, "balls": 1, "wickets": 0}, "808f425a": {"runs": 5, "balls": 5, "wickets": 0}, "c1f6c27e": {"runs": 4, "balls": 4, "wickets": 0}, "d83a3bdc": {"runs": 0, "balls": 1, "wickets": 1}, "a316d663": {"runs": 1, "balls": 3, "wickets": 0}, "b3118300": {"runs": 3, "balls": 3, "wickets": 0}, "d68e7f48": {"runs": 42, "balls": 58, "wickets": 0}, "1efd12d1": {"runs": 22, "balls": 30, "wickets": 2}, "a05d0552": {"runs": 0, "balls": 3, "wickets": 1}, "449f4e3c": {"runs": 25, "balls": 31, "wickets": 1}, "e22d3b5c": {"runs": 45, "balls": 51, "wickets": 0}, "0f721006": {"runs": 16, "balls": 31, "wickets": 0}, "58c481c6": {"runs": 5, "balls": 6, "wickets": 0}, "679cd31e": {"runs": 12, "balls": 22, "wickets": 0}, "bd93fea4": {"runs": 9, "balls": 12, "wickets": 2}, "7ca5e05d": {"runs": 6, "balls": 6, "wickets": 0}, "1cfac535": {"runs": 1, "balls": 2, "wickets": 0}, "dda5aae5": {"runs": 7, "balls": 6, "wickets": 0}, "6a26221c": {"runs": 9, "balls": 8, "wickets": 1}, "f0a0204e": {"runs": 4, "balls": 9, "wickets": 0}, "ba377b40": {"runs": 46, "balls": 69, "wickets": 1}, "5b3acc53": {"runs": 16, "balls": 20, "wickets": 0}, "0bec3a6c": {"runs": 42, "balls": 40, "wickets": 0}, "0a12e736": {"runs": 23, "balls": 32, "wickets": 1}, "6c79c098": {"runs": 52, "balls": 95, "wickets": 2}, "ad212f96": {"runs": 60, "balls": 121, "wickets": 2}, "76cb1a7f": {"runs": 8, "balls": 11, "wickets": 0}, "6c6aca89": {"runs": 12, "balls": 19, "wickets": 0}, "ee0c05c0": {"runs": 39, "balls": 39, "wickets": 1}, "74a274cc": {"runs": 22, "balls": 59, "wickets": 0}, "f1ba9ed7": {"runs": 2, "balls": 3, "wickets": 0}, "be869ccf": {"runs": 16, "balls": 16, "wickets": 0}, "98eacfe5": {"runs": 26, "balls": 28, "wickets": 0}, "f3abd0c9": {"runs": 24, "balls": 17, "wickets": 0}, "aa8d28ae": {"runs": 9, "balls": 16, "wickets": 1}, "cb1a782a": {"runs": 15, "balls": 12, "wickets": 1}, "9a089b15": {"runs": 13, "balls": 18, "wickets": 1}, "01a95383": {"runs": 48, "balls": 84, "wickets": 2}, "9789e56e": {"runs": 49, "balls": 84, "wickets": 2}, "b16cf2ec": {"runs": 23, "balls": 28, "wickets": 0}, "1066a976": {"runs": 26, "balls": 33, "wickets": 0}, "782fb776": {"runs": 64, "balls": 97, "wickets": 0}, "ccdd8308": {"runs": 14, "balls": 19, "wickets": 3}, "c89474d1": {"runs": 1, "balls": 13, "wickets": 0}, "cf494ffe": {"runs": 5, "balls": 3, "wickets": 0}, "b82e3032": {"runs": 54, "balls": 70, "wickets": 1}, "4180d897": {"runs": 2, "balls": 2, "wickets": 0}, "7c7d63a2": {"runs": 13, "balls": 11, "wickets": 0}, "e86754b2": {"runs": 0, "balls": 1, "wickets": 1}, "7d92277a": {"runs": 2, "balls": 7, "wickets": 0}, "27c5a793": {"runs": 20, "balls": 31, "wickets": 0}, "402f8494": {"runs": 13, "balls": 13, "wickets": 1}, "b681e71e": {"runs": 14, "balls": 14, "wickets": 0}, "b9877635": {"runs": 3, "balls": 10, "wickets": 0}, "5db1c288": {"runs": 62, "balls": 97, "wickets": 4}, "fc63d916": {"runs": 25, "balls": 39, "wickets": 1}, "6c908ffc": {"runs": 15, "balls": 33, "wickets": 1}, "078ffbf2": {"runs": 11, "balls": 26, "wickets": 0}, "ed12fcd7": {"runs": 21, "balls": 42, "wickets": 1}, "e734d090": {"runs": 18, "balls": 20, "wickets": 0}, "be768595": {"runs": 7, "balls": 18, "wickets": 0}, "8bf61e65": {"runs": 14, "balls": 40, "wickets": 1}, "0d61d8f0": {"runs": 4, "balls": 24, "wickets": 0}, "c2b6764d": {"runs": 5, "balls": 14, "wickets": 0}, "b20f423b": {"runs": 10, "balls": 17, "wickets": 0}, "5a74e559": {"runs": 14, "balls": 20, "wickets": 0}, "d74d1090": {"runs": 2, "balls": 2, "wickets": 0}, "eab61ead": {"runs": 1, "balls": 1, "wickets": 0}, "d112c570": {"runs": 12, "balls": 27, "wickets": 0}, "85ebf2be": {"runs": 5, "balls": 8, "wickets": 0}, "ad286dcc": {"runs": 62, "balls": 166, "wickets": 0}, "8f2dfebf": {"runs": 28, "balls": 76, "wickets": 0}, "a37b5c0a": {"runs": 43, "balls": 74, "wickets": 1}, "b21ed464": {"runs": 25, "balls": 95, "wickets": 0}, "a8e56914": {"runs": 33, "balls": 69, "wickets": 0}, "a343262c": {"runs": 9, "balls": 13, "wickets": 0}, "4ae1755b": {"runs": 23, "balls": 49, "wickets": 1}, "0f3ee070": {"runs": 9, "balls": 22, "wickets": 0}, "27fc5808": {"runs": 10, "balls": 39, "wickets": 2}, "eb9cb105": {"runs": 15, "balls": 28, "wickets": 0}, "344c6d55": {"runs": 38, "balls": 90, "wickets": 1}, "3a60e0b5": {"runs": 6, "balls": 33, "wickets": 0}, "ab01e323": {"runs": 20, "balls": 37, "wickets": 1}, "bca21d18": {"runs": 19, "balls": 40, "wickets": 0}, "c042b412": {"runs": 20, "balls": 26, "wickets": 0}, "92aa28fe": {"runs": 24, "balls": 30, "wickets": 0}, "3dcd1e8d": {"runs": 18, "balls": 25, "wickets": 0}, "d12143bf": {"runs": 5, "balls": 24, "wickets": 0}, "0f6db197": {"runs": 3, "balls": 6, "wickets": 0}, "65b6943c": {"runs": 1, "balls": 8, "wickets": 0}, "1d2f290a": {"runs": 15, "balls": 23, "wickets": 0}, "93cad673": {"runs": 1, "balls": 10, "wickets": 0}, "6ea2710f": {"runs": 48, "balls": 77, "wickets": 2}, "5ac8f17b": {"runs": 3, "balls": 5, "wickets": 0}, "70d57519": {"runs": 41, "balls": 15, "wickets": 0}, "9caf69a1": {"runs": 3, "balls": 4, "wickets": 0}, "68c56d09": {"runs": 2, "balls": 2, "wickets": 0}, "e43aa7ed": {"runs": 4, "balls": 5, "wickets": 0}, "9219eff0": {"runs": 6, "balls": 6, "wickets": 0}, "23f2143b": {"runs": 0, "balls": 1, "wickets": 1}, "8f9c5014": {"runs": 26, "balls": 33, "wickets": 0}, "15101f12": {"runs": 11, "balls": 19, "wickets": 1}, "457cab44": {"runs": 25, "balls": 49, "wickets": 1}, "f4dfcbb4": {"runs": 2, "balls": 12, "wickets": 0}, "ed47cb25": {"runs": 25, "balls": 32, "wickets": 0}, "f838b4d1": {"runs": 2, "balls": 8, "wickets": 0}, "3c55c703": {"runs": 12, "balls": 20, "wickets": 0}, "6ce9f3eb": {"runs": 5, "balls": 19, "wickets": 1}, "acec0324": {"runs": 10, "balls": 11, "wickets": 0}, "463ebce3": {"runs": 16, "balls": 26, "wickets": 0}, "b8701e6d": {"runs": 2, "balls": 1, "wickets": 0}, "56ef4f99": {"runs": 1, "balls": 1, "wickets": 0}, "867a45a7": {"runs": 9, "balls": 11, "wickets": 1}, "31b01074": {"runs": 23, "balls": 18, "wickets": 0}, "34b37279": {"runs": 14, "balls": 19, "wickets": 0}, "78c12883": {"runs": 15, "balls": 9, "wickets": 0}, "5ccdb14f": {"runs": 24, "balls": 18, "wickets": 1}, "fd8a9b23": {"runs": 9, "balls": 10, "wickets": 0}, "0ecb4de6": {"runs": 23, "balls": 32, "wickets": 0}, "88a004e9": {"runs": 16, "balls": 10, "wickets": 0}, "fec369cd": {"runs": 4, "balls": 6, "wickets": 0}, "28217d89": {"runs": 29, "balls": 41, "wickets": 2}, "214f6461": {"runs": 57, "balls": 76, "wickets": 1}, "25a42048": {"runs": 6, "balls": 11, "wickets": 0}, "4ec07775": {"runs": 2, "balls": 2, "wickets": 1}, "894b2d25": {"runs": 24, "balls": 38, "wickets": 0}, "a790df98": {"runs": 5, "balls": 6, "wickets": 0}, "cad40f5e": {"runs": 32, "balls": 47, "wickets": 1}, "51e1ed69": {"runs": 7, "balls": 8, "wickets": 0}, "e087956b": {"runs": 19, "balls": 24, "wickets": 0}, "7f7f658b": {"runs": 9, "balls": 34, "wickets": 1}, "bdadcca1": {"runs": 16, "balls": 17, "wickets": 1}, "52c442e4": {"runs": 21, "balls": 51, "wickets": 0}, "caf69bf7": {"runs": 3, "balls": 6, "wickets": 0}, "eab74985": {"runs": 4, "balls": 10, "wickets": 1}, "8d5d991e": {"runs": 12, "balls": 7, "wickets": 0}, "a77472dc": {"runs": 4, "balls": 4, "wickets": 0}, "f2ab7a69": {"runs": 2, "balls": 2, "wickets": 0}, "00cada13": {"runs": 2, "balls": 7, "wickets": 0}, "e423d162": {"runs": 9, "balls": 32, "wickets": 1}, "462d7c62": {"runs": 9, "balls": 18, "wickets": 1}, "d48c0f40": {"runs": 45, "balls": 64, "wickets": 0}, "0e0d43b4": {"runs": 8, "balls": 27, "wickets": 0}, "eec81780": {"runs": 1, "balls": 3, "wickets": 1}, "3b4f3099": {"runs": 6, "balls": 5, "wickets": 0}, "ec33b21a": {"runs": 3, "balls": 8, "wickets": 1}, "c5f40e35": {"runs": 8, "balls": 19, "wickets": 0}, "cdd875d9": {"runs": 1, "balls": 1, "wickets": 0}, "63249474": {"runs": 31, "balls": 24, "wickets": 0}, "0126ff20": {"runs": 5, "balls": 12, "wickets": 0}, "948beb1f": {"runs": 28, "balls": 42, "wickets": 1}, "909b090d": {"runs": 19, "balls": 20, "wickets": 0}, "6e6fb538": {"runs": 6, "balls": 16, "wickets": 1}, "067bda18": {"runs": 51, "balls": 60, "wickets": 1}, "e142c599": {"runs": 27, "balls": 39, "wickets": 0}, "2ecd844a": {"runs": 4, "balls": 12, "wickets": 0}, "932d3cc9": {"runs": 22, "balls": 33, "wickets": 0}, "bd4ea627": {"runs": 10, "balls": 13, "wickets": 0}, "d4eef961": {"runs": 62, "balls": 97, "wickets": 2}, "269ff06e": {"runs": 25, "balls": 50, "wickets": 0}, "9fd3a210": {"runs": 63, "balls": 76, "wickets": 1}, "27e60d6e": {"runs": 47, "balls": 79, "wickets": 0}, "dfc3f02d": {"runs": 25, "balls": 31, "wickets": 0}, "aed5be04": {"runs": 9, "balls": 11, "wickets": 0}, "9e85455c": {"runs": 0, "balls": 6, "wickets": 0}, "ac3c3cab": {"runs": 17, "balls": 30, "wickets": 2}, "5f222a64": {"runs": 12, "balls": 13, "wickets": 1}, "d07c1b2f": {"runs": 12, "balls": 11, "wickets": 0}, "a4b810d0": {"runs": 5, "balls": 18, "wickets": 0}, "9c643d7b": {"runs": 10, "balls": 23, "wickets": 1}, "a5735bd3": {"runs": 60, "balls": 59, "wickets": 0}, "245c97cb": {"runs": 9, "balls": 4, "wickets": 0}, "1a2676c5": {"runs": 17, "balls": 13, "wickets": 0}, "57590dbb": {"runs": 6, "balls": 5, "wickets": 1}, "5fed6272": {"runs": 13, "balls": 19, "wickets": 1}, "fbd4f01f": {"runs": 32, "balls": 44, "wickets": 0}, "f40d24d9": {"runs": 10, "balls": 12, "wickets": 0}, "fc4375ef": {"runs": 11, "balls": 21, "wickets": 0}, "63e1e352": {"runs": 24, "balls": 28, "wickets": 1}, "9d430b40": {"runs": 3, "balls": 4, "wickets": 1}, "5426de63": {"runs": 26, "balls": 40, "wickets": 0}, "38c276e1": {"runs": 11, "balls": 11, "wickets": 1}, "e05b2a5b": {"runs": 5, "balls": 24, "wickets": 1}, "4557dc54": {"runs": 15, "balls": 21, "wickets": 0}, "dbb15645": {"runs": 28, "balls": 33, "wickets": 0}, "2f28dc94": {"runs": 2, "balls": 4, "wickets": 0}, "92205bc7": {"runs": 14, "balls": 19, "wickets": 0}, "e5218454": {"runs": 48, "balls": 38, "wickets": 0}, "bdd4bc21": {"runs": 15, "balls": 10, "wickets": 0}, "78795cbc": {"runs": 5, "balls": 4, "wickets": 0}, "660538af": {"runs": 15, "balls": 12, "wickets": 0}, "7a32c1c1": {"runs": 15, "balls": 17, "wickets": 0}, "a6f2b2ef": {"runs": 16, "balls": 13, "wickets": 0}, "39e2c0fd": {"runs": 28, "balls": 37, "wickets": 0}, "3ebb940f": {"runs": 16, "balls": 24, "wickets": 0}, "70b8fd28": {"runs": 13, "balls": 33, "wickets": 0}, "42a5c1c7": {"runs": 0, "balls": 2, "wickets": 1}, "0a396666": {"runs": 9, "balls": 33, "wickets": 0}, "8cbcff3b": {"runs": 7, "balls": 22, "wickets": 0}, "48ad3373": {"runs": 7, "balls": 11, "wickets": 1}, "0a7c6649": {"runs": 5, "balls": 13, "wickets": 0}, "96824e68": {"runs": 17, "balls": 28, "wickets": 0}, "acb94221": {"runs": 36, "balls": 37, "wickets": 0}, "ded9ff1e": {"runs": 5, "balls": 9, "wickets": 1}, "4167f30b": {"runs": 11, "balls": 27, "wickets": 0}, "693af62a": {"runs": 11, "balls": 24, "wickets": 0}, "ec5160d7": {"runs": 9, "balls": 11, "wickets": 0}, "56b93d46": {"runs": 1, "balls": 8, "wickets": 0}, "5c86c3c2": {"runs": 0, "balls": 1, "wickets": 0}, "ed8faea2": {"runs": 3, "balls": 5, "wickets": 0}, "bf659c0f": {"runs": 12, "balls": 15, "wickets": 0}, "04cd872b": {"runs": 1, "balls": 7, "wickets": 0}, "c2e5539b": {"runs": 16, "balls": 13, "wickets": 0}, "f8a63b6f": {"runs": 6, "balls": 6, "wickets": 0}, "634749ad": {"runs": 10, "balls": 9, "wickets": 1}, "b5781ac3": {"runs": 3, "balls": 5, "wickets": 1}, "9f812582": {"runs": 2, "balls": 3, "wickets": 0}, "2413a688": {"runs": 4, "balls": 6, "wickets": 0}, "1c06d60a": {"runs": 6, "balls": 18, "wickets": 1}, "7a8a0237": {"runs": 1, "balls": 9, "wickets": 0}, "1e66c162": {"runs": 12, "balls": 16, "wickets": 0}, "f2e28b0c": {"runs": 14, "balls": 13, "wickets": 1}, "88211932": {"runs": 1, "balls": 1, "wickets": 0}}, "fifties": 29, "thirties": 36, "centuries": 9, "maidens": 8.0, "hattricks": 1, "runs": 5629.0, "wickets": 11.0, "club_ODI_previous3_runs": [66.0, 46.0, 39.0], "club_ODI_previous3_wickets": [0.0, 0.0, 0.0], "club_ODI_previous3_balls played": [68.0, 70.0, 28.0], "club_ODI_previous3_overs": [0.0, 0.0, 0.0], "club_ODI_previous3_runs gave": [0.0, 0.0, 0.0], "club_ODI_lifetime_runs": 1491.0, "club_ODI_lifetime_wickets": 5.0, "club_ODI_lifetime_balls played": 1647.0, "club_ODI_lifetime_overs": 48.666666666666664, "club_ODI_lifetime_runs gave": 310.0, "club_Test_previous3_runs": [22.0, 6.0, 20.0], "club_Test_previous3_wickets": [0.0, 0.0, 0.0], "club_Test_previous3_balls played": [56.0, 23.0, 56.0], "club_Test_previous3_overs": [0.0, 0.0, 0.0], "club_Test_previous3_runs gave": [0.0, 0.0, 0.0], "club_Test_lifetime_runs": 3504.0, "club_Test_lifetime_wickets": 6.0, "club_Test_lifetime_balls played": 6536.0, "club_Test_lifetime_overs": 62.666666666666664, "club_Test_lifetime_runs gave": 264.0, "club_T20_previous3_runs": [36.0, 31.0, 2.0], "club_T20_previous3_wickets": [0.0, 0.0, 0.0], "club_T20_previous3_balls played": [24.0, 23.0, 5.0], "club_T20_previous3_overs": [0.0, 0.0, 0.0], "club_T20_previous3_runs gave": [0.0, 0.0, 0.0], "club_T20_lifetime_runs": 634.0, "club_T20_lifetime_wickets": 0.0, "club_T20_lifetime_balls played": 561.0, "club_T20_lifetime_overs": 3.0, "club_T20_lifetime_runs gave": 37.0, "international_ODI_previous3_runs": [], "international_ODI_previous3_wickets": [], "international_ODI_previous3_balls played": [], "international_ODI_previous3_overs": [], "international_ODI_previous3_runs gave": [], "international_ODI_lifetime_runs": 0.0, "international_ODI_lifetime_wickets": 0.0, "international_ODI_lifetime_balls played": 0.0, "international_ODI_lifetime_overs": 0.0, "international_ODI_lifetime_runs gave": 0.0, "international_Test_previous3_runs": [], "international_Test_previous3_wickets": [], "international_Test_previous3_balls played": [], "international_Test_previous3_overs": [], "international_Test_previous3_runs gave": [], "international_Test_lifetime_runs": 0.0, "international_Test_lifetime_wickets": 0.0, "international_Test_lifetime_balls played": 0.0, "international_Test_lifetime_overs": 0.0, "international_Test_lifetime_runs gave": 0.0, "international_T20_previous3_runs": [], "international_T20_previous3_wickets": [], "international_T20_previous3_balls played": [], "international_T20_previous3_overs": [], "international_T20_previous3_runs gave": [], "international_T20_lifetime_runs": 0.0, "international_T20_lifetime_wickets": 0.0, "international_T20_lifetime_balls played": 0.0, "international_T20_lifetime_overs": 0.0, "international_T20_lifetime_runs gave": 0.0}