{"played_against": {"9235396c": {"runs": 2, "balls": 2, "wickets": 0}, "09c30c43": {"runs": 2, "balls": 3, "wickets": 0}, "0e818f80": {"runs": 1, "balls": 3, "wickets": 0}, "f20e7e23": {"runs": 7, "balls": 5, "wickets": 0}, "3aca2ed5": {"runs": 2, "balls": 3, "wickets": 0}, "97fc39fd": {"runs": 6, "balls": 2, "wickets": 0}, "8ce69204": {"runs": 9, "balls": 18, "wickets": 0}, "5aac4f00": {"runs": 4, "balls": 5, "wickets": 0}, "dd468f06": {"runs": 10, "balls": 10, "wickets": 0}, "040f11e8": {"runs": 4, "balls": 6, "wickets": 1}, "2daa8e40": {"runs": 4, "balls": 11, "wickets": 0}, "cebc1351": {"runs": 4, "balls": 5, "wickets": 0}, "fe12944e": {"runs": 5, "balls": 3, "wickets": 0}, "745815a1": {"runs": 1, "balls": 1, "wickets": 0}, "78103121": {"runs": 10, "balls": 12, "wickets": 0}, "34f0c9ad": {"runs": 14, "balls": 8, "wickets": 0}, "f536e967": {"runs": 4, "balls": 9, "wickets": 0}, "9044ee8e": {"runs": 11, "balls": 10, "wickets": 0}, "11d83c44": {"runs": 7, "balls": 12, "wickets": 1}, "d852095e": {"runs": 1, "balls": 1, "wickets": 0}, "66c1accf": {"runs": 0, "balls": 7, "wickets": 1}, "94271647": {"runs": 9, "balls": 9, "wickets": 0}, "88bba252": {"runs": 1, "balls": 5, "wickets": 0}, "7163637f": {"runs": 1, "balls": 6, "wickets": 0}, "ef9ff861": {"runs": 6, "balls": 15, "wickets": 0}, "78fa5f6d": {"runs": 2, "balls": 6, "wickets": 0}, "211f48fe": {"runs": 6, "balls": 7, "wickets": 0}, "eb33378d": {"runs": 6, "balls": 7, "wickets": 0}, "d144423b": {"runs": 1, "balls": 2, "wickets": 1}, "62d92d76": {"runs": 4, "balls": 5, "wickets": 0}, "a3034d3d": {"runs": 2, "balls": 4, "wickets": 0}, "4c7744de": {"runs": 1, "balls": 4, "wickets": 0}, "4db4c8be": {"runs": 2, "balls": 5, "wickets": 0}, "7467fe01": {"runs": 1, "balls": 5, "wickets": 0}, "b9b32e3c": {"runs": 1, "balls": 1, "wickets": 0}, "3af75717": {"runs": 7, "balls": 8, "wickets": 0}, "2cd18a73": {"runs": 6, "balls": 6, "wickets": 0}, "857de42e": {"runs": 1, "balls": 6, "wickets": 1}, "89df3901": {"runs": 8, "balls": 14, "wickets": 0}, "0dda36e7": {"runs": 14, "balls": 13, "wickets": 0}, "d577d45a": {"runs": 6, "balls": 7, "wickets": 0}, "01396dc6": {"runs": 13, "balls": 9, "wickets": 0}, "322855f7": {"runs": 9, "balls": 5, "wickets": 0}, "d6f9dfd6": {"runs": 11, "balls": 8, "wickets": 0}, "24903af6": {"runs": 10, "balls": 6, "wickets": 0}, "6c8904c8": {"runs": 0, "balls": 6, "wickets": 0}, "f537d39c": {"runs": 0, "balls": 1, "wickets": 0}, "31c56f40": {"runs": 7, "balls": 8, "wickets": 0}, "5bb904d4": {"runs": 1, "balls": 8, "wickets": 0}, "2f8c4e6e": {"runs": 32, "balls": 27, "wickets": 1}, "f40bc7e3": {"runs": 34, "balls": 33, "wickets": 0}, "e14e70c0": {"runs": 21, "balls": 15, "wickets": 0}, "5f45a88b": {"runs": 39, "balls": 25, "wickets": 2}, "24dacf72": {"runs": 23, "balls": 15, "wickets": 0}, "c054cf6f": {"runs": 7, "balls": 9, "wickets": 0}, "10854c82": {"runs": 9, "balls": 18, "wickets": 0}, "c0266a6e": {"runs": 11, "balls": 21, "wickets": 1}, "b1c113d7": {"runs": 3, "balls": 8, "wickets": 0}, "0c40b02d": {"runs": 6, "balls": 11, "wickets": 0}, "3a743619": {"runs": 1, "balls": 2, "wickets": 0}, "992979fa": {"runs": 16, "balls": 18, "wickets": 0}, "417bde96": {"runs": 10, "balls": 6, "wickets": 0}, "e1e0775d": {"runs": 5, "balls": 4, "wickets": 0}, "3da8cd3a": {"runs": 8, "balls": 9, "wickets": 1}, "c4480b25": {"runs": 9, "balls": 6, "wickets": 0}, "b1f21c0f": {"runs": 2, "balls": 5, "wickets": 1}, "09cbca15": {"runs": 1, "balls": 2, "wickets": 0}}, "fifties": 3, "thirties": 2, "centuries": 0, "maidens": 0.0, "hattricks": 0, "runs": 481.0, "wickets": 0.0, "club_ODI_previous3_runs": [], "club_ODI_previous3_wickets": [], "club_ODI_previous3_balls played": [], "club_ODI_previous3_overs": [], "club_ODI_previous3_runs gave": [], "club_ODI_lifetime_runs": 0.0, "club_ODI_lifetime_wickets": 0.0, "club_ODI_lifetime_balls played": 0.0, "club_ODI_lifetime_overs": 0.0, "club_ODI_lifetime_runs gave": 0.0, "club_Test_previous3_runs": [], "club_Test_previous3_wickets": [], "club_Test_previous3_balls played": [], "club_Test_previous3_overs": [], "club_Test_previous3_runs gave": [], "club_Test_lifetime_runs": 0.0, "club_Test_lifetime_wickets": 0.0, "club_Test_lifetime_balls played": 0.0, "club_Test_lifetime_overs": 0.0, "club_Test_lifetime_runs gave": 0.0, "club_T20_previous3_runs": [], "club_T20_previous3_wickets": [], "club_T20_previous3_balls played": [], "club_T20_previous3_overs": [], "club_T20_previous3_runs gave": [], "club_T20_lifetime_runs": 0.0, "club_T20_lifetime_wickets": 0.0, "club_T20_lifetime_balls played": 0.0, "club_T20_lifetime_overs": 0.0, "club_T20_lifetime_runs gave": 0.0, "international_ODI_previous3_runs": [], "international_ODI_previous3_wickets": [], "international_ODI_previous3_balls played": [], "international_ODI_previous3_overs": [], "international_ODI_previous3_runs gave": [], "international_ODI_lifetime_runs": 0.0, "international_ODI_lifetime_wickets": 0.0, "international_ODI_lifetime_balls played": 0.0, "international_ODI_lifetime_overs": 0.0, "international_ODI_lifetime_runs gave": 0.0, "international_Test_previous3_runs": [], "international_Test_previous3_wickets": [], "international_Test_previous3_balls played": [], "international_Test_previous3_overs": [], "international_Test_previous3_runs gave": [], "international_Test_lifetime_runs": 0.0, "international_Test_lifetime_wickets": 0.0, "international_Test_lifetime_balls played": 0.0, "international_Test_lifetime_overs": 0.0, "international_Test_lifetime_runs gave": 0.0, "international_T20_previous3_runs": [28.0, 4.0, 0.0], "international_T20_previous3_wickets": [0.0, 0.0, 0.0], "international_T20_previous3_balls played": [30.0, 11.0, 0.0], "international_T20_previous3_overs": [0.0, 0.0, 0.0], "international_T20_previous3_runs gave": [0.0, 0.0, 0.0], "international_T20_lifetime_runs": 481.0, "international_T20_lifetime_wickets": 0.0, "international_T20_lifetime_balls played": 562.0, "international_T20_lifetime_overs": 0.0, "international_T20_lifetime_runs gave": 0.0}