{"played_against": {"8fd1a8f5": {"runs": 6, "balls": 4, "wickets": 0}, "5eef2118": {"runs": 12, "balls": 6, "wickets": 0}, "327b58d3": {"runs": 15, "balls": 12, "wickets": 1}, "fec50c96": {"runs": 11, "balls": 8, "wickets": 0}, "896d78ad": {"runs": 21, "balls": 15, "wickets": 2}, "8d5d991e": {"runs": 8, "balls": 8, "wickets": 0}, "ef6aea67": {"runs": 13, "balls": 7, "wickets": 0}, "bbd41817": {"runs": 17, "balls": 10, "wickets": 2}, "3ff033bb": {"runs": 9, "balls": 7, "wickets": 0}, "18fac429": {"runs": 3, "balls": 5, "wickets": 0}, "eb2d5fe7": {"runs": 29, "balls": 13, "wickets": 1}, "b529630e": {"runs": 1, "balls": 3, "wickets": 1}, "0a2184d9": {"runs": 14, "balls": 11, "wickets": 2}, "ee1b6c27": {"runs": 17, "balls": 23, "wickets": 0}, "c05f9d20": {"runs": 2, "balls": 3, "wickets": 0}, "79aad751": {"runs": 23, "balls": 24, "wickets": 3}, "4c5d73db": {"runs": 11, "balls": 7, "wickets": 0}, "7f048519": {"runs": 0, "balls": 9, "wickets": 2}, "e94915e6": {"runs": 5, "balls": 9, "wickets": 0}, "8d2c70ad": {"runs": 62, "balls": 96, "wickets": 3}, "5b8c830e": {"runs": 19, "balls": 29, "wickets": 0}, "57ee1fde": {"runs": 65, "balls": 67, "wickets": 2}, "2e81a32d": {"runs": 14, "balls": 20, "wickets": 1}, "23eeb873": {"runs": 5, "balls": 11, "wickets": 2}, "dbe50b21": {"runs": 49, "balls": 38, "wickets": 0}, "21d4e29b": {"runs": 3, "balls": 9, "wickets": 0}, "2cdce1be": {"runs": 3, "balls": 3, "wickets": 0}, "90de905a": {"runs": 11, "balls": 7, "wickets": 0}, "5b7ab5a9": {"runs": 19, "balls": 7, "wickets": 0}, "0b60eb09": {"runs": 58, "balls": 74, "wickets": 0}, "a03bba42": {"runs": 43, "balls": 51, "wickets": 3}, "e62dd25d": {"runs": 50, "balls": 43, "wickets": 1}, "6a26221c": {"runs": 25, "balls": 35, "wickets": 1}, "acdc62f5": {"runs": 35, "balls": 26, "wickets": 1}, "ab6b1c45": {"runs": 14, "balls": 17, "wickets": 0}, "c96f6ac5": {"runs": 15, "balls": 13, "wickets": 0}, "e5437608": {"runs": 31, "balls": 19, "wickets": 0}, "9a2fc964": {"runs": 5, "balls": 11, "wickets": 0}, "0dbe27b8": {"runs": 0, "balls": 3, "wickets": 0}, "4557dc54": {"runs": 33, "balls": 32, "wickets": 1}, "c042b412": {"runs": 11, "balls": 9, "wickets": 0}, "37654b75": {"runs": 22, "balls": 8, "wickets": 0}, "9dad0f2e": {"runs": 53, "balls": 59, "wickets": 1}, "b3a28446": {"runs": 9, "balls": 6, "wickets": 0}, "7dc35884": {"runs": 53, "balls": 58, "wickets": 0}, "0a8fce53": {"runs": 84, "balls": 67, "wickets": 3}, "bf1d7d3e": {"runs": 17, "balls": 10, "wickets": 0}, "37138918": {"runs": 1, "balls": 1, "wickets": 0}, "ded9240e": {"runs": 55, "balls": 58, "wickets": 2}, "b681e71e": {"runs": 86, "balls": 90, "wickets": 3}, "03806cf8": {"runs": 41, "balls": 65, "wickets": 0}, "d9273ee7": {"runs": 8, "balls": 13, "wickets": 1}, "14f96089": {"runs": 31, "balls": 25, "wickets": 2}, "bb351c23": {"runs": 13, "balls": 11, "wickets": 0}, "249d60c9": {"runs": 0, "balls": 3, "wickets": 1}, "4d7f517e": {"runs": 10, "balls": 6, "wickets": 0}, "87e562a9": {"runs": 31, "balls": 22, "wickets": 0}, "0f721006": {"runs": 6, "balls": 6, "wickets": 0}, "a757b0d8": {"runs": 7, "balls": 5, "wickets": 1}, "d68e7f48": {"runs": 16, "balls": 10, "wickets": 0}, "78dfe704": {"runs": 15, "balls": 22, "wickets": 2}, "cc23e91e": {"runs": 1, "balls": 3, "wickets": 0}, "3feda4fa": {"runs": 87, "balls": 107, "wickets": 0}, "acee4cc4": {"runs": 29, "balls": 17, "wickets": 1}, "1be67d37": {"runs": 7, "balls": 8, "wickets": 2}, "9ab63e7b": {"runs": 5, "balls": 5, "wickets": 0}, "f24c6701": {"runs": 29, "balls": 22, "wickets": 0}, "a97c8ec2": {"runs": 46, "balls": 29, "wickets": 2}, "ded9ff1e": {"runs": 7, "balls": 3, "wickets": 0}, "b40ee8a8": {"runs": 11, "balls": 8, "wickets": 1}, "e174dadd": {"runs": 5, "balls": 5, "wickets": 0}, "b3118300": {"runs": 23, "balls": 14, "wickets": 0}, "64c34cd0": {"runs": 13, "balls": 12, "wickets": 0}, "2f28dc94": {"runs": 2, "balls": 1, "wickets": 0}, "f78e7113": {"runs": 7, "balls": 5, "wickets": 0}, "c0c411cb": {"runs": 7, "balls": 11, "wickets": 1}, "7d608e12": {"runs": 8, "balls": 15, "wickets": 0}, "aceb7654": {"runs": 0, "balls": 1, "wickets": 0}, "26d041c4": {"runs": 80, "balls": 83, "wickets": 1}, "afe57f7a": {"runs": 25, "balls": 22, "wickets": 0}, "449f4e3c": {"runs": 49, "balls": 43, "wickets": 0}, "a879b92c": {"runs": 27, "balls": 15, "wickets": 1}, "6e3f5a5c": {"runs": 45, "balls": 46, "wickets": 1}, "5bbabe59": {"runs": 8, "balls": 14, "wickets": 1}, "b08252b8": {"runs": 28, "balls": 17, "wickets": 0}, "4bc0a378": {"runs": 30, "balls": 26, "wickets": 0}, "3fb19989": {"runs": 22, "balls": 23, "wickets": 0}, "dfc4d8b5": {"runs": 47, "balls": 21, "wickets": 1}, "a2421394": {"runs": 41, "balls": 37, "wickets": 1}, "caf69bf7": {"runs": 16, "balls": 10, "wickets": 0}, "1ee08e9a": {"runs": 29, "balls": 23, "wickets": 2}, "462411b3": {"runs": 15, "balls": 25, "wickets": 0}, "f986ca1a": {"runs": 3, "balls": 5, "wickets": 0}, "a24be938": {"runs": 10, "balls": 8, "wickets": 0}, "fe93fd9d": {"runs": 50, "balls": 42, "wickets": 0}, "73ad96ed": {"runs": 9, "balls": 8, "wickets": 0}, "eef2536f": {"runs": 0, "balls": 2, "wickets": 1}, "2f49c897": {"runs": 20, "balls": 35, "wickets": 1}, "495d42a5": {"runs": 23, "balls": 40, "wickets": 1}, "8cf9814c": {"runs": 7, "balls": 27, "wickets": 2}, "2e171977": {"runs": 32, "balls": 43, "wickets": 2}, "3d8feaf8": {"runs": 39, "balls": 32, "wickets": 0}, "86b4bf88": {"runs": 1, "balls": 4, "wickets": 0}, "7b953689": {"runs": 17, "balls": 19, "wickets": 0}, "eaa76d3c": {"runs": 18, "balls": 19, "wickets": 0}, "fa433be6": {"runs": 3, "balls": 3, "wickets": 0}, "cb5100f1": {"runs": 1, "balls": 3, "wickets": 1}, "b91f2a31": {"runs": 0, "balls": 1, "wickets": 1}, "05c2ca46": {"runs": 13, "balls": 18, "wickets": 0}, "8ce2080b": {"runs": 13, "balls": 9, "wickets": 0}, "fc4375ef": {"runs": 20, "balls": 14, "wickets": 1}, "d99cc23a": {"runs": 3, "balls": 2, "wickets": 0}, "33b3d2df": {"runs": 24, "balls": 22, "wickets": 1}, "9061a703": {"runs": 32, "balls": 16, "wickets": 0}, "3766056b": {"runs": 5, "balls": 7, "wickets": 0}, "c9945bdf": {"runs": 1, "balls": 1, "wickets": 0}, "a818c1be": {"runs": 6, "balls": 10, "wickets": 1}, "13c35c9e": {"runs": 1, "balls": 4, "wickets": 0}, "e087956b": {"runs": 3, "balls": 3, "wickets": 1}, "e342e5fb": {"runs": 18, "balls": 8, "wickets": 1}, "4751caa3": {"runs": 20, "balls": 14, "wickets": 1}, "29e253dd": {"runs": 23, "balls": 22, "wickets": 1}, "dda5aae5": {"runs": 1, "balls": 1, "wickets": 0}, "de3d549a": {"runs": 1, "balls": 4, "wickets": 0}, "03a83c50": {"runs": 11, "balls": 10, "wickets": 0}, "9cb8d7a6": {"runs": 12, "balls": 9, "wickets": 0}, "3ee0050f": {"runs": 3, "balls": 8, "wickets": 0}, "efc04be7": {"runs": 25, "balls": 18, "wickets": 1}, "ac5ae4af": {"runs": 26, "balls": 12, "wickets": 0}, "fb3e0d39": {"runs": 7, "balls": 12, "wickets": 0}, "c6097d68": {"runs": 5, "balls": 2, "wickets": 0}, "b52ffbbd": {"runs": 24, "balls": 12, "wickets": 1}, "0f12f9df": {"runs": 16, "balls": 12, "wickets": 1}, "2af838ee": {"runs": 1, "balls": 2, "wickets": 0}, "08548b13": {"runs": 10, "balls": 9, "wickets": 0}, "dabbd0ae": {"runs": 39, "balls": 25, "wickets": 0}, "736123bb": {"runs": 4, "balls": 4, "wickets": 1}, "c38d3503": {"runs": 8, "balls": 5, "wickets": 0}, "81c08fa3": {"runs": 18, "balls": 21, "wickets": 3}, "0bec3a6c": {"runs": 16, "balls": 8, "wickets": 0}, "101dcc31": {"runs": 4, "balls": 4, "wickets": 0}, "70d57519": {"runs": 0, "balls": 1, "wickets": 0}, "57590dbb": {"runs": 8, "balls": 3, "wickets": 0}, "098a757c": {"runs": 24, "balls": 10, "wickets": 1}, "e9c7f0d0": {"runs": 5, "balls": 5, "wickets": 0}, "f0e293b0": {"runs": 27, "balls": 17, "wickets": 1}, "5426de63": {"runs": 26, "balls": 17, "wickets": 1}, "e84ac20c": {"runs": 2, "balls": 15, "wickets": 0}, "48ad3373": {"runs": 1, "balls": 4, "wickets": 0}, "eade4650": {"runs": 8, "balls": 8, "wickets": 1}, "9219eff0": {"runs": 21, "balls": 13, "wickets": 0}, "641ac5ff": {"runs": 29, "balls": 25, "wickets": 0}, "350bb1b1": {"runs": 24, "balls": 9, "wickets": 1}, "79f5bc26": {"runs": 9, "balls": 10, "wickets": 1}, "ba5e1069": {"runs": 14, "balls": 8, "wickets": 0}, "f5715b48": {"runs": 6, "balls": 6, "wickets": 0}, "d1988788": {"runs": 24, "balls": 9, "wickets": 0}, "fc55ec67": {"runs": 7, "balls": 6, "wickets": 0}, "e9a870ed": {"runs": 7, "balls": 14, "wickets": 0}, "1252f71a": {"runs": 23, "balls": 21, "wickets": 1}, "28131839": {"runs": 23, "balls": 19, "wickets": 0}, "469ccead": {"runs": 7, "balls": 6, "wickets": 0}, "f42064d5": {"runs": 3, "balls": 5, "wickets": 0}, "782fb776": {"runs": 27, "balls": 21, "wickets": 2}, "ff1ec94d": {"runs": 0, "balls": 3, "wickets": 0}, "5d38476c": {"runs": 22, "balls": 21, "wickets": 0}, "803dbf1d": {"runs": 36, "balls": 38, "wickets": 1}, "9c9af282": {"runs": 1, "balls": 1, "wickets": 0}, "64839cb3": {"runs": 7, "balls": 10, "wickets": 0}, "7ccbb09f": {"runs": 19, "balls": 13, "wickets": 0}, "f422728b": {"runs": 6, "balls": 7, "wickets": 0}, "24d72446": {"runs": 1, "balls": 3, "wickets": 0}, "8012d0b8": {"runs": 4, "balls": 3, "wickets": 0}, "7d92277a": {"runs": 6, "balls": 12, "wickets": 1}, "2911de16": {"runs": 4, "balls": 8, "wickets": 2}, "c58b0108": {"runs": 79, "balls": 100, "wickets": 1}, "ef18b66e": {"runs": 61, "balls": 66, "wickets": 2}, "bb34fd31": {"runs": 44, "balls": 48, "wickets": 1}, "28392e11": {"runs": 17, "balls": 12, "wickets": 0}, "9de62878": {"runs": 4, "balls": 12, "wickets": 1}, "45a7e761": {"runs": 11, "balls": 10, "wickets": 0}, "3204c99f": {"runs": 20, "balls": 14, "wickets": 0}, "f834dcfc": {"runs": 8, "balls": 7, "wickets": 1}, "81c36ee9": {"runs": 18, "balls": 11, "wickets": 0}, "e734d090": {"runs": 5, "balls": 8, "wickets": 0}, "0b0cc297": {"runs": 63, "balls": 51, "wickets": 1}, "2f9d0389": {"runs": 5, "balls": 3, "wickets": 1}, "38214163": {"runs": 22, "balls": 22, "wickets": 0}, "d38b80df": {"runs": 12, "balls": 23, "wickets": 0}, "b8704508": {"runs": 13, "balls": 6, "wickets": 1}, "5935d694": {"runs": 13, "balls": 13, "wickets": 1}, "4d9f9686": {"runs": 14, "balls": 19, "wickets": 0}, "9d1d34bd": {"runs": 10, "balls": 10, "wickets": 0}, "11614d87": {"runs": 12, "balls": 7, "wickets": 1}, "62af8546": {"runs": 9, "balls": 14, "wickets": 0}, "5b16a806": {"runs": 7, "balls": 9, "wickets": 0}, "a5c48ed1": {"runs": 1, "balls": 1, "wickets": 0}, "b215a7be": {"runs": 24, "balls": 6, "wickets": 0}, "127bc5ca": {"runs": 2, "balls": 3, "wickets": 0}, "df064e1a": {"runs": 1, "balls": 4, "wickets": 1}, "244048f6": {"runs": 10, "balls": 8, "wickets": 1}, "f19ccfad": {"runs": 17, "balls": 28, "wickets": 2}, "04a418e8": {"runs": 9, "balls": 8, "wickets": 0}, "97bdec3d": {"runs": 22, "balls": 25, "wickets": 0}, "4175d211": {"runs": 23, "balls": 9, "wickets": 0}, "c5aef772": {"runs": 39, "balls": 31, "wickets": 1}, "b0946605": {"runs": 40, "balls": 31, "wickets": 1}, "97290faf": {"runs": 2, "balls": 2, "wickets": 0}, "1ac2a995": {"runs": 5, "balls": 7, "wickets": 0}, "58c2fac4": {"runs": 8, "balls": 8, "wickets": 0}, "d014d5ac": {"runs": 0, "balls": 1, "wickets": 1}, "e38bce7a": {"runs": 16, "balls": 13, "wickets": 0}, "30f92334": {"runs": 4, "balls": 3, "wickets": 0}, "9a46c4e5": {"runs": 6, "balls": 4, "wickets": 0}, "e4a0deae": {"runs": 14, "balls": 9, "wickets": 0}, "dadbdb68": {"runs": 8, "balls": 11, "wickets": 1}, "05b1aef8": {"runs": 15, "balls": 6, "wickets": 0}}, "fifties": 21, "thirties": 28, "centuries": 3, "maidens": 4.0, "hattricks": 1, "runs": 3884.0, "wickets": 15.0, "club_ODI_previous3_runs": [], "club_ODI_previous3_wickets": [], "club_ODI_previous3_balls played": [], "club_ODI_previous3_overs": [], "club_ODI_previous3_runs gave": [], "club_ODI_lifetime_runs": 0.0, "club_ODI_lifetime_wickets": 0.0, "club_ODI_lifetime_balls played": 0.0, "club_ODI_lifetime_overs": 0.0, "club_ODI_lifetime_runs gave": 0.0, "club_Test_previous3_runs": [], "club_Test_previous3_wickets": [], "club_Test_previous3_balls played": [], "club_Test_previous3_overs": [], "club_Test_previous3_runs gave": [], "club_Test_lifetime_runs": 0.0, "club_Test_lifetime_wickets": 0.0, "club_Test_lifetime_balls played": 0.0, "club_Test_lifetime_overs": 0.0, "club_Test_lifetime_runs gave": 0.0, "club_T20_previous3_runs": [7.0, 4.0, 0.0], "club_T20_previous3_wickets": [0.0, 0.0, 0.0], "club_T20_previous3_balls played": [6.0, 6.0, 0.0], "club_T20_previous3_overs": [0.0, 0.0, 2.0], "club_T20_previous3_runs gave": [0.0, 0.0, 35.0], "club_T20_lifetime_runs": 849.0, "club_T20_lifetime_wickets": 2.0, "club_T20_lifetime_balls played": 668.0, "club_T20_lifetime_overs": 25.333333333333332, "club_T20_lifetime_runs gave": 193.0, "international_ODI_previous3_runs": [62.0, 6.0, 40.0], "international_ODI_previous3_wickets": [0.0, 0.0, 2.0], "international_ODI_previous3_balls played": [61.0, 3.0, 28.0], "international_ODI_previous3_overs": [4.0, 2.0, 3.0], "international_ODI_previous3_runs gave": [27.0, 19.0, 15.0], "international_ODI_lifetime_runs": 1793.0, "international_ODI_lifetime_wickets": 10.0, "international_ODI_lifetime_balls played": 2001.0, "international_ODI_lifetime_overs": 66.33333333333334, "international_ODI_lifetime_runs gave": 317.0, "international_Test_previous3_runs": [29.0, 49.0, 10.0], "international_Test_previous3_wickets": [0.0, 0.0, 0.0], "international_Test_previous3_balls played": [70.0, 72.0, 28.0], "international_Test_previous3_overs": [1.0, 4.0, 0.0], "international_Test_previous3_runs gave": [2.0, 18.0, 0.0], "international_Test_lifetime_runs": 88.0, "international_Test_lifetime_wickets": 0.0, "international_Test_lifetime_balls played": 170.0, "international_Test_lifetime_overs": 5.0, "international_Test_lifetime_runs gave": 20.0, "international_T20_previous3_runs": [0.0, 35.0, 0.0], "international_T20_previous3_wickets": [1.0, 0.0, 0.0], "international_T20_previous3_balls played": [0.0, 28.0, 1.0], "international_T20_previous3_overs": [2.0, 2.0, 0.0], "international_T20_previous3_runs gave": [14.0, 25.0, 0.0], "international_T20_lifetime_runs": 1154.0, "international_T20_lifetime_wickets": 3.0, "international_T20_lifetime_balls played": 874.0, "international_T20_lifetime_overs": 12.0, "international_T20_lifetime_runs gave": 82.0}