{"played_against": {"e91933cb": {"runs": 9, "balls": 15, "wickets": 0}, "af19aa66": {"runs": 0, "balls": 5, "wickets": 0}, "6cb6215d": {"runs": 9, "balls": 29, "wickets": 0}, "b269b49d": {"runs": 4, "balls": 11, "wickets": 1}, "48024cf4": {"runs": 11, "balls": 19, "wickets": 0}, "bd3c364d": {"runs": 22, "balls": 19, "wickets": 0}, "cbd91942": {"runs": 17, "balls": 18, "wickets": 1}, "3dab8f3f": {"runs": 0, "balls": 6, "wickets": 0}, "97da4ec9": {"runs": 9, "balls": 10, "wickets": 0}, "766e328e": {"runs": 3, "balls": 9, "wickets": 0}, "63f306ac": {"runs": 12, "balls": 10, "wickets": 0}, "f681481e": {"runs": 14, "balls": 11, "wickets": 1}, "9a5668db": {"runs": 22, "balls": 9, "wickets": 0}, "4a51c045": {"runs": 0, "balls": 1, "wickets": 1}, "cc9b822c": {"runs": 13, "balls": 15, "wickets": 0}, "2b9c8de3": {"runs": 17, "balls": 15, "wickets": 0}, "a62f55ba": {"runs": 12, "balls": 6, "wickets": 0}, "a89c270b": {"runs": 3, "balls": 5, "wickets": 1}, "039f8170": {"runs": 0, "balls": 1, "wickets": 1}, "e969e580": {"runs": 8, "balls": 9, "wickets": 0}, "f0a45427": {"runs": 8, "balls": 3, "wickets": 0}, "1d683ea3": {"runs": 4, "balls": 4, "wickets": 1}, "a36915ce": {"runs": 2, "balls": 3, "wickets": 0}, "053f3ce3": {"runs": 7, "balls": 7, "wickets": 0}, "9920dd86": {"runs": 4, "balls": 7, "wickets": 1}, "f49c401e": {"runs": 4, "balls": 6, "wickets": 0}, "c498c510": {"runs": 4, "balls": 6, "wickets": 1}}, "fifties": 0, "thirties": 4, "centuries": 0, "maidens": 0.0, "hattricks": 0, "runs": 218.0, "wickets": 0.0, "club_ODI_previous3_runs": [], "club_ODI_previous3_wickets": [], "club_ODI_previous3_balls played": [], "club_ODI_previous3_overs": [], "club_ODI_previous3_runs gave": [], "club_ODI_lifetime_runs": 0.0, "club_ODI_lifetime_wickets": 0.0, "club_ODI_lifetime_balls played": 0.0, "club_ODI_lifetime_overs": 0.0, "club_ODI_lifetime_runs gave": 0.0, "club_Test_previous3_runs": [], "club_Test_previous3_wickets": [], "club_Test_previous3_balls played": [], "club_Test_previous3_overs": [], "club_Test_previous3_runs gave": [], "club_Test_lifetime_runs": 0.0, "club_Test_lifetime_wickets": 0.0, "club_Test_lifetime_balls played": 0.0, "club_Test_lifetime_overs": 0.0, "club_Test_lifetime_runs gave": 0.0, "club_T20_previous3_runs": [], "club_T20_previous3_wickets": [], "club_T20_previous3_balls played": [], "club_T20_previous3_overs": [], "club_T20_previous3_runs gave": [], "club_T20_lifetime_runs": 0.0, "club_T20_lifetime_wickets": 0.0, "club_T20_lifetime_balls played": 0.0, "club_T20_lifetime_overs": 0.0, "club_T20_lifetime_runs gave": 0.0, "international_ODI_previous3_runs": [5.0, 33.0], "international_ODI_previous3_wickets": [0.0, 0.0], "international_ODI_previous3_balls played": [13.0, 77.0], "international_ODI_previous3_overs": [0.0, 0.0], "international_ODI_previous3_runs gave": [0.0, 0.0], "international_ODI_lifetime_runs": 38.0, "international_ODI_lifetime_wickets": 0.0, "international_ODI_lifetime_balls played": 90.0, "international_ODI_lifetime_overs": 0.0, "international_ODI_lifetime_runs gave": 0.0, "international_Test_previous3_runs": [], "international_Test_previous3_wickets": [], "international_Test_previous3_balls played": [], "international_Test_previous3_overs": [], "international_Test_previous3_runs gave": [], "international_Test_lifetime_runs": 0.0, "international_Test_lifetime_wickets": 0.0, "international_Test_lifetime_balls played": 0.0, "international_Test_lifetime_overs": 0.0, "international_Test_lifetime_runs gave": 0.0, "international_T20_previous3_runs": [12.0, 0.0, 0.0], "international_T20_previous3_wickets": [0.0, 0.0, 0.0], "international_T20_previous3_balls played": [19.0, 0.0, 0.0], "international_T20_previous3_overs": [0.0, 4.0, 0.0], "international_T20_previous3_runs gave": [0.0, 27.0, 0.0], "international_T20_lifetime_runs": 180.0, "international_T20_lifetime_wickets": 0.0, "international_T20_lifetime_balls played": 172.0, "international_T20_lifetime_overs": 4.0, "international_T20_lifetime_runs gave": 27.0}