{"played_against": {"9706e64b": {"runs": 2, "balls": 4, "wickets": 0}, "a139c379": {"runs": 7, "balls": 5, "wickets": 0}, "32497ecd": {"runs": 8, "balls": 21, "wickets": 2}, "053dc208": {"runs": 6, "balls": 11, "wickets": 1}, "cc3884f9": {"runs": 1, "balls": 2, "wickets": 0}, "a7cd72b2": {"runs": 1, "balls": 2, "wickets": 0}, "a4d52e08": {"runs": 4, "balls": 8, "wickets": 0}, "8c5775f3": {"runs": 15, "balls": 9, "wickets": 1}, "7544bf30": {"runs": 9, "balls": 7, "wickets": 0}, "386f410e": {"runs": 2, "balls": 2, "wickets": 0}, "63e3b6b3": {"runs": 6, "balls": 10, "wickets": 1}, "108c4c09": {"runs": 20, "balls": 18, "wickets": 0}, "bff0535a": {"runs": 4, "balls": 7, "wickets": 0}, "d6f9dfd6": {"runs": 3, "balls": 7, "wickets": 0}, "dbd79036": {"runs": 2, "balls": 3, "wickets": 0}, "bd8139a1": {"runs": 2, "balls": 3, "wickets": 0}, "a61850e6": {"runs": 2, "balls": 3, "wickets": 0}, "ea8b65ab": {"runs": 8, "balls": 22, "wickets": 0}, "be150fc8": {"runs": 29, "balls": 18, "wickets": 0}, "d0d9b0e6": {"runs": 0, "balls": 1, "wickets": 1}, "1f7825dd": {"runs": 4, "balls": 6, "wickets": 0}, "6a434bd3": {"runs": 15, "balls": 20, "wickets": 0}, "907c51ab": {"runs": 7, "balls": 16, "wickets": 0}, "d3a44255": {"runs": 1, "balls": 1, "wickets": 0}, "a594a6e0": {"runs": 1, "balls": 2, "wickets": 0}, "0475a86b": {"runs": 15, "balls": 12, "wickets": 0}, "a5f488bc": {"runs": 1, "balls": 4, "wickets": 0}, "4ed7d23f": {"runs": 2, "balls": 2, "wickets": 0}, "fe731c62": {"runs": 3, "balls": 5, "wickets": 0}, "d3b4b8ed": {"runs": 6, "balls": 8, "wickets": 0}, "77c88f05": {"runs": 14, "balls": 11, "wickets": 0}, "69a9bb78": {"runs": 2, "balls": 3, "wickets": 0}, "b97f21d8": {"runs": 6, "balls": 9, "wickets": 0}, "b4f73b44": {"runs": 14, "balls": 8, "wickets": 0}, "50ee0500": {"runs": 24, "balls": 37, "wickets": 1}, "201fef33": {"runs": 13, "balls": 18, "wickets": 0}, "7c1ba524": {"runs": 7, "balls": 3, "wickets": 0}, "6c3aef71": {"runs": 1, "balls": 2, "wickets": 0}, "1a950c8c": {"runs": 11, "balls": 11, "wickets": 0}, "f80d79af": {"runs": 11, "balls": 15, "wickets": 0}, "b91efad5": {"runs": 9, "balls": 14, "wickets": 0}, "e884a0ee": {"runs": 8, "balls": 6, "wickets": 0}, "51afe432": {"runs": 40, "balls": 23, "wickets": 0}, "efb6cb2a": {"runs": 35, "balls": 34, "wickets": 1}, "ebe092a8": {"runs": 11, "balls": 13, "wickets": 0}, "57a49987": {"runs": 29, "balls": 37, "wickets": 0}, "9b73d523": {"runs": 35, "balls": 47, "wickets": 1}, "7673c908": {"runs": 18, "balls": 26, "wickets": 2}, "9af58032": {"runs": 38, "balls": 49, "wickets": 1}, "66754320": {"runs": 8, "balls": 13, "wickets": 1}, "50b558d2": {"runs": 3, "balls": 6, "wickets": 0}, "997fffbe": {"runs": 4, "balls": 6, "wickets": 0}, "89bbc67a": {"runs": 15, "balls": 18, "wickets": 0}, "9b3bcca4": {"runs": 1, "balls": 3, "wickets": 0}, "93b4f6f6": {"runs": 26, "balls": 24, "wickets": 0}, "37f93dc8": {"runs": 5, "balls": 5, "wickets": 0}, "397369e0": {"runs": 17, "balls": 20, "wickets": 1}, "0160b1d9": {"runs": 20, "balls": 23, "wickets": 1}, "8ca1f93a": {"runs": 35, "balls": 26, "wickets": 0}, "7239a365": {"runs": 22, "balls": 25, "wickets": 1}, "5fb8135c": {"runs": 14, "balls": 6, "wickets": 0}, "256b70b1": {"runs": 15, "balls": 9, "wickets": 0}, "ede7bb67": {"runs": 4, "balls": 4, "wickets": 0}, "8d6b36e3": {"runs": 7, "balls": 12, "wickets": 0}, "ae2c396f": {"runs": 0, "balls": 1, "wickets": 1}, "d945db3e": {"runs": 21, "balls": 28, "wickets": 0}, "e1504909": {"runs": 3, "balls": 5, "wickets": 0}, "214115f5": {"runs": 19, "balls": 25, "wickets": 0}, "37bf3ef5": {"runs": 8, "balls": 7, "wickets": 0}, "7693851c": {"runs": 27, "balls": 18, "wickets": 0}, "2817e17a": {"runs": 16, "balls": 25, "wickets": 1}, "8aa62462": {"runs": 9, "balls": 12, "wickets": 0}, "add6bd03": {"runs": 6, "balls": 12, "wickets": 1}, "de69af96": {"runs": 5, "balls": 11, "wickets": 0}, "4ba0289e": {"runs": 0, "balls": 2, "wickets": 0}, "cdb82f1c": {"runs": 3, "balls": 11, "wickets": 0}, "17608a6f": {"runs": 6, "balls": 11, "wickets": 0}, "2e81be88": {"runs": 16, "balls": 13, "wickets": 1}, "dff806f4": {"runs": 7, "balls": 5, "wickets": 0}, "f0b4e47d": {"runs": 10, "balls": 6, "wickets": 0}, "f587fbbe": {"runs": 15, "balls": 14, "wickets": 0}, "93fe473e": {"runs": 15, "balls": 12, "wickets": 0}, "f41d1a02": {"runs": 3, "balls": 7, "wickets": 0}, "ae79a86f": {"runs": 3, "balls": 5, "wickets": 1}, "d5eb8b84": {"runs": 1, "balls": 4, "wickets": 0}, "6df697a9": {"runs": 16, "balls": 17, "wickets": 0}, "645b2a2f": {"runs": 20, "balls": 20, "wickets": 1}, "9b554bb9": {"runs": 2, "balls": 6, "wickets": 0}, "eca08a1d": {"runs": 3, "balls": 2, "wickets": 0}, "ec666142": {"runs": 7, "balls": 6, "wickets": 0}, "b8cce99f": {"runs": 10, "balls": 18, "wickets": 0}, "7c0055c1": {"runs": 2, "balls": 3, "wickets": 0}, "84f1ae7f": {"runs": 16, "balls": 13, "wickets": 0}, "f176e421": {"runs": 9, "balls": 5, "wickets": 0}, "c4c374d9": {"runs": 4, "balls": 9, "wickets": 0}, "237ec05b": {"runs": 9, "balls": 17, "wickets": 1}, "7298db76": {"runs": 0, "balls": 1, "wickets": 1}, "d0bb40b8": {"runs": 2, "balls": 9, "wickets": 0}, "8026ea72": {"runs": 1, "balls": 2, "wickets": 0}, "ca5acfa4": {"runs": 1, "balls": 1, "wickets": 0}, "0d518f89": {"runs": 1, "balls": 1, "wickets": 0}, "1ade138e": {"runs": 1, "balls": 1, "wickets": 0}, "ea9c54de": {"runs": 6, "balls": 3, "wickets": 0}, "06653fcc": {"runs": 3, "balls": 2, "wickets": 0}, "80a0cd77": {"runs": 18, "balls": 13, "wickets": 0}, "c4c97b51": {"runs": 11, "balls": 8, "wickets": 0}, "321ea9e8": {"runs": 5, "balls": 8, "wickets": 1}, "c0787387": {"runs": 2, "balls": 4, "wickets": 0}, "a2d53c59": {"runs": 0, "balls": 4, "wickets": 1}, "340202b0": {"runs": 8, "balls": 9, "wickets": 0}, "e2a71375": {"runs": 1, "balls": 3, "wickets": 1}, "d8e8179f": {"runs": 12, "balls": 12, "wickets": 0}, "ac56b5a7": {"runs": 8, "balls": 7, "wickets": 0}, "4291f081": {"runs": 21, "balls": 9, "wickets": 0}, "b9bb76c8": {"runs": 12, "balls": 9, "wickets": 0}, "c0380823": {"runs": 3, "balls": 2, "wickets": 0}}, "fifties": 4, "thirties": 10, "centuries": 0, "maidens": 5.0, "hattricks": 1, "runs": 1115.0, "wickets": 50.0, "club_ODI_previous3_runs": [], "club_ODI_previous3_wickets": [], "club_ODI_previous3_balls played": [], "club_ODI_previous3_overs": [], "club_ODI_previous3_runs gave": [], "club_ODI_lifetime_runs": 0.0, "club_ODI_lifetime_wickets": 0.0, "club_ODI_lifetime_balls played": 0.0, "club_ODI_lifetime_overs": 0.0, "club_ODI_lifetime_runs gave": 0.0, "club_Test_previous3_runs": [], "club_Test_previous3_wickets": [], "club_Test_previous3_balls played": [], "club_Test_previous3_overs": [], "club_Test_previous3_runs gave": [], "club_Test_lifetime_runs": 0.0, "club_Test_lifetime_wickets": 0.0, "club_Test_lifetime_balls played": 0.0, "club_Test_lifetime_overs": 0.0, "club_Test_lifetime_runs gave": 0.0, "club_T20_previous3_runs": [9.0, 19.0, 31.0], "club_T20_previous3_wickets": [0.0, 1.0, 0.0], "club_T20_previous3_balls played": [22.0, 13.0, 41.0], "club_T20_previous3_overs": [4.0, 4.0, 0.0], "club_T20_previous3_runs gave": [30.0, 27.0, 0.0], "club_T20_lifetime_runs": 768.0, "club_T20_lifetime_wickets": 29.0, "club_T20_lifetime_balls played": 858.0, "club_T20_lifetime_overs": 107.5, "club_T20_lifetime_runs gave": 579.0, "international_ODI_previous3_runs": [7.0, 1.0, 9.0], "international_ODI_previous3_wickets": [2.0, 2.0, 2.0], "international_ODI_previous3_balls played": [13.0, 2.0, 5.0], "international_ODI_previous3_overs": [8.5, 9.0, 10.0], "international_ODI_previous3_runs gave": [49.0, 34.0, 29.0], "international_ODI_lifetime_runs": 125.0, "international_ODI_lifetime_wickets": 12.0, "international_ODI_lifetime_balls played": 192.0, "international_ODI_lifetime_overs": 101.5, "international_ODI_lifetime_runs gave": 475.0, "international_Test_previous3_runs": [], "international_Test_previous3_wickets": [], "international_Test_previous3_balls played": [], "international_Test_previous3_overs": [], "international_Test_previous3_runs gave": [], "international_Test_lifetime_runs": 0.0, "international_Test_lifetime_wickets": 0.0, "international_Test_lifetime_balls played": 0.0, "international_Test_lifetime_overs": 0.0, "international_Test_lifetime_runs gave": 0.0, "international_T20_previous3_runs": [10.0, 3.0, 46.0], "international_T20_previous3_wickets": [0.0, 1.0, 2.0], "international_T20_previous3_balls played": [9.0, 3.0, 38.0], "international_T20_previous3_overs": [0.0, 4.0, 4.0], "international_T20_previous3_runs gave": [0.0, 29.0, 20.0], "international_T20_lifetime_runs": 222.0, "international_T20_lifetime_wickets": 9.0, "international_T20_lifetime_balls played": 226.0, "international_T20_lifetime_overs": 47.166666666666664, "international_T20_lifetime_runs gave": 318.0}