{"played_against": {"a9a18e3e": {"runs": 10, "balls": 7, "wickets": 0}, "0cfb42b5": {"runs": 5, "balls": 4, "wickets": 0}, "09c766ec": {"runs": 2, "balls": 4, "wickets": 1}, "ecdd8d60": {"runs": 6, "balls": 7, "wickets": 0}, "a80cc0cc": {"runs": 13, "balls": 7, "wickets": 0}, "b9cfb0b1": {"runs": 1, "balls": 1, "wickets": 0}, "f310704c": {"runs": 2, "balls": 4, "wickets": 1}, "20481563": {"runs": 9, "balls": 7, "wickets": 1}, "84dc72db": {"runs": 11, "balls": 7, "wickets": 0}, "098a757c": {"runs": 0, "balls": 1, "wickets": 0}, "d2d15439": {"runs": 0, "balls": 1, "wickets": 1}, "42a01b52": {"runs": 9, "balls": 6, "wickets": 0}, "70456281": {"runs": 5, "balls": 7, "wickets": 1}, "a1e80d06": {"runs": 18, "balls": 9, "wickets": 0}, "6a11facf": {"runs": 18, "balls": 13, "wickets": 2}, "be0f9ce9": {"runs": 0, "balls": 1, "wickets": 0}, "66a7f213": {"runs": 0, "balls": 2, "wickets": 1}, "d3851cd8": {"runs": 2, "balls": 3, "wickets": 0}, "29b322c7": {"runs": 0, "balls": 3, "wickets": 0}, "7e9f1cde": {"runs": 5, "balls": 2, "wickets": 0}, "64fb6b15": {"runs": 6, "balls": 3, "wickets": 0}, "1747ea18": {"runs": 8, "balls": 3, "wickets": 0}}, "fifties": 0, "thirties": 1, "centuries": 0, "maidens": 0.0, "hattricks": 1, "runs": 130.0, "wickets": 6.0, "club_ODI_previous3_runs": [], "club_ODI_previous3_wickets": [], "club_ODI_previous3_balls played": [], "club_ODI_previous3_overs": [], "club_ODI_previous3_runs gave": [], "club_ODI_lifetime_runs": 0.0, "club_ODI_lifetime_wickets": 0.0, "club_ODI_lifetime_balls played": 0.0, "club_ODI_lifetime_overs": 0.0, "club_ODI_lifetime_runs gave": 0.0, "club_Test_previous3_runs": [], "club_Test_previous3_wickets": [], "club_Test_previous3_balls played": [], "club_Test_previous3_overs": [], "club_Test_previous3_runs gave": [], "club_Test_lifetime_runs": 0.0, "club_Test_lifetime_wickets": 0.0, "club_Test_lifetime_balls played": 0.0, "club_Test_lifetime_overs": 0.0, "club_Test_lifetime_runs gave": 0.0, "club_T20_previous3_runs": [], "club_T20_previous3_wickets": [], "club_T20_previous3_balls played": [], "club_T20_previous3_overs": [], "club_T20_previous3_runs gave": [], "club_T20_lifetime_runs": 0.0, "club_T20_lifetime_wickets": 0.0, "club_T20_lifetime_balls played": 0.0, "club_T20_lifetime_overs": 0.0, "club_T20_lifetime_runs gave": 0.0, "international_ODI_previous3_runs": [], "international_ODI_previous3_wickets": [], "international_ODI_previous3_balls played": [], "international_ODI_previous3_overs": [], "international_ODI_previous3_runs gave": [], "international_ODI_lifetime_runs": 0.0, "international_ODI_lifetime_wickets": 0.0, "international_ODI_lifetime_balls played": 0.0, "international_ODI_lifetime_overs": 0.0, "international_ODI_lifetime_runs gave": 0.0, "international_Test_previous3_runs": [], "international_Test_previous3_wickets": [], "international_Test_previous3_balls played": [], "international_Test_previous3_overs": [], "international_Test_previous3_runs gave": [], "international_Test_lifetime_runs": 0.0, "international_Test_lifetime_wickets": 0.0, "international_Test_lifetime_balls played": 0.0, "international_Test_lifetime_overs": 0.0, "international_Test_lifetime_runs gave": 0.0, "international_T20_previous3_runs": [3.0, 1.0, 19.0], "international_T20_previous3_wickets": [1.0, 0.0, 0.0], "international_T20_previous3_balls played": [6.0, 7.0, 8.0], "international_T20_previous3_overs": [4.0, 1.0, 3.0], "international_T20_previous3_runs gave": [31.0, 12.0, 27.0], "international_T20_lifetime_runs": 130.0, "international_T20_lifetime_wickets": 6.0, "international_T20_lifetime_balls played": 102.0, "international_T20_lifetime_overs": 30.0, "international_T20_lifetime_runs gave": 242.0}