{"played_against": {"9c181b99": {"runs": 9, "balls": 13, "wickets": 1}, "e068d48e": {"runs": 14, "balls": 15, "wickets": 0}, "609d6c7c": {"runs": 4, "balls": 15, "wickets": 0}, "c573d173": {"runs": 8, "balls": 16, "wickets": 1}, "526fe472": {"runs": 11, "balls": 7, "wickets": 0}, "0ac067e8": {"runs": 9, "balls": 6, "wickets": 0}, "dfcdb11e": {"runs": 0, "balls": 1, "wickets": 1}, "8299b9a2": {"runs": 6, "balls": 5, "wickets": 0}, "eee46f77": {"runs": 9, "balls": 7, "wickets": 0}, "6913e38e": {"runs": 7, "balls": 2, "wickets": 0}, "1c4161b3": {"runs": 0, "balls": 1, "wickets": 1}, "e2abcf16": {"runs": 7, "balls": 8, "wickets": 0}, "bb939fa3": {"runs": 4, "balls": 2, "wickets": 1}, "d11272c4": {"runs": 2, "balls": 4, "wickets": 0}, "ff36e706": {"runs": 10, "balls": 7, "wickets": 0}, "be0077ba": {"runs": 16, "balls": 6, "wickets": 0}, "58aa33cd": {"runs": 2, "balls": 5, "wickets": 1}, "ef141f36": {"runs": 10, "balls": 12, "wickets": 0}, "38189be1": {"runs": 0, "balls": 1, "wickets": 1}, "76b19864": {"runs": 4, "balls": 2, "wickets": 0}, "cf0b9a0d": {"runs": 13, "balls": 6, "wickets": 1}, "5c57229d": {"runs": 9, "balls": 5, "wickets": 0}, "ccda520f": {"runs": 19, "balls": 9, "wickets": 1}, "c4281e43": {"runs": 6, "balls": 6, "wickets": 1}, "aeab0d4f": {"runs": 2, "balls": 7, "wickets": 1}, "2dfe0612": {"runs": 3, "balls": 6, "wickets": 0}, "37d8d19a": {"runs": 0, "balls": 4, "wickets": 1}, "9a8f01b7": {"runs": 3, "balls": 3, "wickets": 0}, "cae17490": {"runs": 1, "balls": 7, "wickets": 0}, "26d80a9d": {"runs": 1, "balls": 1, "wickets": 0}, "832b77c6": {"runs": 2, "balls": 2, "wickets": 0}, "1a5d690f": {"runs": 8, "balls": 5, "wickets": 0}, "5db10a22": {"runs": 8, "balls": 3, "wickets": 0}, "0c95e20e": {"runs": 14, "balls": 11, "wickets": 0}, "b312a9c1": {"runs": 16, "balls": 14, "wickets": 0}, "dba54d8e": {"runs": 30, "balls": 12, "wickets": 0}, "efcb778e": {"runs": 14, "balls": 8, "wickets": 1}, "6e60a792": {"runs": 12, "balls": 4, "wickets": 0}, "68019a70": {"runs": 4, "balls": 4, "wickets": 0}, "0b581ed6": {"runs": 14, "balls": 8, "wickets": 0}, "d8976cb7": {"runs": 11, "balls": 4, "wickets": 0}, "9f998ed8": {"runs": 6, "balls": 9, "wickets": 1}, "42bf1b7d": {"runs": 2, "balls": 2, "wickets": 0}, "5ca0e315": {"runs": 15, "balls": 8, "wickets": 0}, "aea11d1d": {"runs": 6, "balls": 4, "wickets": 0}, "96fe3e9f": {"runs": 12, "balls": 9, "wickets": 1}, "511871c6": {"runs": 5, "balls": 8, "wickets": 0}, "c577d7d4": {"runs": 7, "balls": 7, "wickets": 1}, "98e4af63": {"runs": 6, "balls": 3, "wickets": 2}, "a17a9548": {"runs": 10, "balls": 11, "wickets": 0}, "305c9b8a": {"runs": 1, "balls": 4, "wickets": 0}, "3ec513ea": {"runs": 29, "balls": 14, "wickets": 1}, "fe11e1a3": {"runs": 7, "balls": 4, "wickets": 0}, "c594137f": {"runs": 7, "balls": 6, "wickets": 0}, "2011735e": {"runs": 8, "balls": 8, "wickets": 1}, "2cf2fc9e": {"runs": 22, "balls": 11, "wickets": 0}, "f0f2b9c5": {"runs": 9, "balls": 4, "wickets": 0}, "985b649e": {"runs": 2, "balls": 3, "wickets": 0}, "90bd1f11": {"runs": 4, "balls": 5, "wickets": 0}, "2d45d7d2": {"runs": 7, "balls": 3, "wickets": 0}, "e5464794": {"runs": 14, "balls": 6, "wickets": 1}, "e82543d5": {"runs": 18, "balls": 14, "wickets": 0}, "f7cb7c3a": {"runs": 14, "balls": 8, "wickets": 0}, "87609cbb": {"runs": 26, "balls": 13, "wickets": 0}, "4612619b": {"runs": 1, "balls": 1, "wickets": 0}, "db218528": {"runs": 5, "balls": 4, "wickets": 0}, "f5bd70f2": {"runs": 5, "balls": 2, "wickets": 0}, "1c1bb0d5": {"runs": 0, "balls": 1, "wickets": 1}}, "fifties": 2, "thirties": 4, "centuries": 0, "maidens": 0.0, "hattricks": 0, "runs": 570.0, "wickets": 0.0, "club_ODI_previous3_runs": [], "club_ODI_previous3_wickets": [], "club_ODI_previous3_balls played": [], "club_ODI_previous3_overs": [], "club_ODI_previous3_runs gave": [], "club_ODI_lifetime_runs": 0.0, "club_ODI_lifetime_wickets": 0.0, "club_ODI_lifetime_balls played": 0.0, "club_ODI_lifetime_overs": 0.0, "club_ODI_lifetime_runs gave": 0.0, "club_Test_previous3_runs": [], "club_Test_previous3_wickets": [], "club_Test_previous3_balls played": [], "club_Test_previous3_overs": [], "club_Test_previous3_runs gave": [], "club_Test_lifetime_runs": 0.0, "club_Test_lifetime_wickets": 0.0, "club_Test_lifetime_balls played": 0.0, "club_Test_lifetime_overs": 0.0, "club_Test_lifetime_runs gave": 0.0, "club_T20_previous3_runs": [], "club_T20_previous3_wickets": [], "club_T20_previous3_balls played": [], "club_T20_previous3_overs": [], "club_T20_previous3_runs gave": [], "club_T20_lifetime_runs": 0.0, "club_T20_lifetime_wickets": 0.0, "club_T20_lifetime_balls played": 0.0, "club_T20_lifetime_overs": 0.0, "club_T20_lifetime_runs gave": 0.0, "international_ODI_previous3_runs": [], "international_ODI_previous3_wickets": [], "international_ODI_previous3_balls played": [], "international_ODI_previous3_overs": [], "international_ODI_previous3_runs gave": [], "international_ODI_lifetime_runs": 0.0, "international_ODI_lifetime_wickets": 0.0, "international_ODI_lifetime_balls played": 0.0, "international_ODI_lifetime_overs": 0.0, "international_ODI_lifetime_runs gave": 0.0, "international_Test_previous3_runs": [], "international_Test_previous3_wickets": [], "international_Test_previous3_balls played": [], "international_Test_previous3_overs": [], "international_Test_previous3_runs gave": [], "international_Test_lifetime_runs": 0.0, "international_Test_lifetime_wickets": 0.0, "international_Test_lifetime_balls played": 0.0, "international_Test_lifetime_overs": 0.0, "international_Test_lifetime_runs gave": 0.0, "international_T20_previous3_runs": [72.0, 6.0, 5.0], "international_T20_previous3_wickets": [0.0, 0.0, 0.0], "international_T20_previous3_balls played": [41.0, 5.0, 3.0], "international_T20_previous3_overs": [0.0, 0.0, 0.0], "international_T20_previous3_runs gave": [0.0, 0.0, 0.0], "international_T20_lifetime_runs": 570.0, "international_T20_lifetime_wickets": 0.0, "international_T20_lifetime_balls played": 439.0, "international_T20_lifetime_overs": 2.0, "international_T20_lifetime_runs gave": 14.0}