{"played_against": {"2ed569a0": {"runs": 4, "balls": 5, "wickets": 0}, "df064e1a": {"runs": 3, "balls": 6, "wickets": 0}, "a2f46292": {"runs": 1, "balls": 6, "wickets": 1}, "23eeb873": {"runs": 1, "balls": 1, "wickets": 0}, "18e6906e": {"runs": 8, "balls": 4, "wickets": 0}, "e5eb5edf": {"runs": 5, "balls": 3, "wickets": 0}, "a97c96bf": {"runs": 1, "balls": 2, "wickets": 0}, "7c2e7c17": {"runs": 0, "balls": 1, "wickets": 1}, "ec9fc54b": {"runs": 1, "balls": 3, "wickets": 0}, "dddca1d6": {"runs": 5, "balls": 3, "wickets": 1}, "324a6e1e": {"runs": 12, "balls": 4, "wickets": 0}, "0f60513c": {"runs": 7, "balls": 4, "wickets": 0}, "ad72e8cc": {"runs": 10, "balls": 4, "wickets": 0}, "481dd6dc": {"runs": 7, "balls": 2, "wickets": 0}}, "fifties": 0, "thirties": 1, "centuries": 0, "maidens": 0.0, "hattricks": 0, "runs": 65.0, "wickets": 0.0, "club_ODI_previous3_runs": [], "club_ODI_previous3_wickets": [], "club_ODI_previous3_balls played": [], "club_ODI_previous3_overs": [], "club_ODI_previous3_runs gave": [], "club_ODI_lifetime_runs": 0.0, "club_ODI_lifetime_wickets": 0.0, "club_ODI_lifetime_balls played": 0.0, "club_ODI_lifetime_overs": 0.0, "club_ODI_lifetime_runs gave": 0.0, "club_Test_previous3_runs": [], "club_Test_previous3_wickets": [], "club_Test_previous3_balls played": [], "club_Test_previous3_overs": [], "club_Test_previous3_runs gave": [], "club_Test_lifetime_runs": 0.0, "club_Test_lifetime_wickets": 0.0, "club_Test_lifetime_balls played": 0.0, "club_Test_lifetime_overs": 0.0, "club_Test_lifetime_runs gave": 0.0, "club_T20_previous3_runs": [0.0, 6.0, 36.0], "club_T20_previous3_wickets": [0.0, 0.0, 0.0], "club_T20_previous3_balls played": [1.0, 6.0, 14.0], "club_T20_previous3_overs": [0.0, 0.0, 0.0], "club_T20_previous3_runs gave": [0.0, 0.0, 0.0], "club_T20_lifetime_runs": 65.0, "club_T20_lifetime_wickets": 0.0, "club_T20_lifetime_balls played": 49.0, "club_T20_lifetime_overs": 0.0, "club_T20_lifetime_runs gave": 0.0, "international_ODI_previous3_runs": [], "international_ODI_previous3_wickets": [], "international_ODI_previous3_balls played": [], "international_ODI_previous3_overs": [], "international_ODI_previous3_runs gave": [], "international_ODI_lifetime_runs": 0.0, "international_ODI_lifetime_wickets": 0.0, "international_ODI_lifetime_balls played": 0.0, "international_ODI_lifetime_overs": 0.0, "international_ODI_lifetime_runs gave": 0.0, "international_Test_previous3_runs": [], "international_Test_previous3_wickets": [], "international_Test_previous3_balls played": [], "international_Test_previous3_overs": [], "international_Test_previous3_runs gave": [], "international_Test_lifetime_runs": 0.0, "international_Test_lifetime_wickets": 0.0, "international_Test_lifetime_balls played": 0.0, "international_Test_lifetime_overs": 0.0, "international_Test_lifetime_runs gave": 0.0, "international_T20_previous3_runs": [], "international_T20_previous3_wickets": [], "international_T20_previous3_balls played": [], "international_T20_previous3_overs": [], "international_T20_previous3_runs gave": [], "international_T20_lifetime_runs": 0.0, "international_T20_lifetime_wickets": 0.0, "international_T20_lifetime_balls played": 0.0, "international_T20_lifetime_overs": 0.0, "international_T20_lifetime_runs gave": 0.0}