{"played_against": {"61a9ce31": {"runs": 6, "balls": 18, "wickets": 1}, "611926bc": {"runs": 11, "balls": 41, "wickets": 2}, "5a37ec26": {"runs": 8, "balls": 11, "wickets": 0}, "245c97cb": {"runs": 10, "balls": 9, "wickets": 0}, "be4807e3": {"runs": 10, "balls": 7, "wickets": 0}, "7ca5e05d": {"runs": 8, "balls": 13, "wickets": 0}, "05d74535": {"runs": 17, "balls": 30, "wickets": 0}, "fac298ff": {"runs": 1, "balls": 9, "wickets": 0}, "70fdd428": {"runs": 12, "balls": 18, "wickets": 1}, "5db1c288": {"runs": 1, "balls": 15, "wickets": 0}, "45c2196c": {"runs": 19, "balls": 33, "wickets": 1}, "dda5aae5": {"runs": 13, "balls": 22, "wickets": 0}, "85ebf2be": {"runs": 17, "balls": 32, "wickets": 0}, "cd882d22": {"runs": 6, "balls": 11, "wickets": 0}, "0bec3a6c": {"runs": 13, "balls": 49, "wickets": 0}, "0a12e736": {"runs": 5, "balls": 9, "wickets": 0}, "58822938": {"runs": 5, "balls": 23, "wickets": 0}, "a9da7784": {"runs": 6, "balls": 27, "wickets": 1}, "e9d5218e": {"runs": 8, "balls": 9, "wickets": 0}, "f3abd0c9": {"runs": 4, "balls": 13, "wickets": 0}, "916508da": {"runs": 18, "balls": 19, "wickets": 0}, "a7c7802a": {"runs": 22, "balls": 40, "wickets": 0}, "5147c792": {"runs": 27, "balls": 58, "wickets": 0}, "4c0f3806": {"runs": 21, "balls": 35, "wickets": 0}, "7fa2ab1f": {"runs": 11, "balls": 27, "wickets": 1}, "58c481c6": {"runs": 10, "balls": 20, "wickets": 0}, "7be8a0ed": {"runs": 9, "balls": 19, "wickets": 1}, "e86754b2": {"runs": 8, "balls": 16, "wickets": 1}, "5ac8f17b": {"runs": 18, "balls": 32, "wickets": 0}, "7b1e20ea": {"runs": 11, "balls": 12, "wickets": 0}, "a72b14ff": {"runs": 10, "balls": 20, "wickets": 0}, "eaa4cfc2": {"runs": 22, "balls": 41, "wickets": 0}, "bca21d18": {"runs": 7, "balls": 28, "wickets": 0}, "749a1b3a": {"runs": 4, "balls": 8, "wickets": 0}, "84838938": {"runs": 7, "balls": 16, "wickets": 0}, "49299473": {"runs": 2, "balls": 8, "wickets": 0}, "4c5d73db": {"runs": 9, "balls": 6, "wickets": 0}, "6c908ffc": {"runs": 3, "balls": 2, "wickets": 0}, "a386e91b": {"runs": 1, "balls": 2, "wickets": 0}, "fa92fc48": {"runs": 1, "balls": 2, "wickets": 0}, "8db7f47f": {"runs": 8, "balls": 16, "wickets": 0}, "ecf7bbc9": {"runs": 12, "balls": 16, "wickets": 0}, "95085a7d": {"runs": 8, "balls": 13, "wickets": 0}, "81efec30": {"runs": 0, "balls": 6, "wickets": 0}, "91ffa6c6": {"runs": 1, "balls": 7, "wickets": 0}, "3f659464": {"runs": 4, "balls": 1, "wickets": 0}, "5fcb6fb1": {"runs": 2, "balls": 2, "wickets": 0}, "249d60c9": {"runs": 18, "balls": 12, "wickets": 1}, "70b8fd28": {"runs": 3, "balls": 3, "wickets": 0}, "aed5be04": {"runs": 0, "balls": 6, "wickets": 1}, "086f5984": {"runs": 2, "balls": 2, "wickets": 0}, "6355d428": {"runs": 1, "balls": 8, "wickets": 2}, "5da34add": {"runs": 13, "balls": 67, "wickets": 2}, "f1ba9ed7": {"runs": 9, "balls": 31, "wickets": 0}, "7d5e0b78": {"runs": 6, "balls": 31, "wickets": 0}, "75e476d4": {"runs": 6, "balls": 9, "wickets": 0}, "aac9f784": {"runs": 11, "balls": 21, "wickets": 0}, "cd143bca": {"runs": 1, "balls": 1, "wickets": 0}, "51a3c5ef": {"runs": 8, "balls": 10, "wickets": 0}, "c672e80e": {"runs": 6, "balls": 5, "wickets": 0}, "b20f423b": {"runs": 2, "balls": 5, "wickets": 0}, "b9877635": {"runs": 1, "balls": 1, "wickets": 0}, "58043739": {"runs": 1, "balls": 3, "wickets": 0}, "8f2dfebf": {"runs": 2, "balls": 5, "wickets": 0}, "6c79c098": {"runs": 4, "balls": 1, "wickets": 0}, "a73321d3": {"runs": 1, "balls": 3, "wickets": 0}, "18fac429": {"runs": 9, "balls": 8, "wickets": 0}, "0e0d43b4": {"runs": 13, "balls": 6, "wickets": 0}, "e423d162": {"runs": 11, "balls": 10, "wickets": 1}, "3d0ed2f9": {"runs": 7, "balls": 3, "wickets": 0}, "9b411f8f": {"runs": 3, "balls": 3, "wickets": 0}, "450f6fa6": {"runs": 4, "balls": 16, "wickets": 0}, "b7a6a60b": {"runs": 0, "balls": 1, "wickets": 1}, "1a88bdd3": {"runs": 1, "balls": 9, "wickets": 0}, "6fe2c1c0": {"runs": 3, "balls": 3, "wickets": 0}, "eddf25bd": {"runs": 1, "balls": 7, "wickets": 0}, "9a963804": {"runs": 4, "balls": 2, "wickets": 1}, "3987e390": {"runs": 22, "balls": 31, "wickets": 0}, "05c2ca46": {"runs": 11, "balls": 21, "wickets": 0}, "e9987a94": {"runs": 3, "balls": 6, "wickets": 0}}, "fifties": 3, "thirties": 5, "centuries": 1, "maidens": 64.0, "hattricks": 6, "runs": 623.0, "wickets": 38.0, "club_ODI_previous3_runs": [5.0, 4.0, 41.0], "club_ODI_previous3_wickets": [0.0, 2.0, 1.0], "club_ODI_previous3_balls played": [11.0, 1.0, 31.0], "club_ODI_previous3_overs": [3.0, 9.0, 10.0], "club_ODI_previous3_runs gave": [20.0, 45.0, 35.0], "club_ODI_lifetime_runs": 60.0, "club_ODI_lifetime_wickets": 8.0, "club_ODI_lifetime_balls played": 61.0, "club_ODI_lifetime_overs": 55.333333333333336, "club_ODI_lifetime_runs gave": 269.0, "club_Test_previous3_runs": [1.0, 8.0, 36.0], "club_Test_previous3_wickets": [3.0, 0.0, 1.0], "club_Test_previous3_balls played": [11.0, 31.0, 63.0], "club_Test_previous3_overs": [19.666666666666668, 0.0, 31.0], "club_Test_previous3_runs gave": [78.0, 0.0, 113.0], "club_Test_lifetime_runs": 511.0, "club_Test_lifetime_wickets": 26.0, "club_Test_lifetime_balls played": 1133.0, "club_Test_lifetime_overs": 363.8333333333334, "club_Test_lifetime_runs gave": 1265.0, "club_T20_previous3_runs": [7.0, 5.0, 0.0], "club_T20_previous3_wickets": [0.0, 0.0, 1.0], "club_T20_previous3_balls played": [6.0, 4.0, 0.0], "club_T20_previous3_overs": [3.0, 3.0, 4.0], "club_T20_previous3_runs gave": [28.0, 29.0, 26.0], "club_T20_lifetime_runs": 52.0, "club_T20_lifetime_wickets": 4.0, "club_T20_lifetime_balls played": 39.0, "club_T20_lifetime_overs": 31.333333333333336, "club_T20_lifetime_runs gave": 268.0, "international_ODI_previous3_runs": [], "international_ODI_previous3_wickets": [], "international_ODI_previous3_balls played": [], "international_ODI_previous3_overs": [], "international_ODI_previous3_runs gave": [], "international_ODI_lifetime_runs": 0.0, "international_ODI_lifetime_wickets": 0.0, "international_ODI_lifetime_balls played": 0.0, "international_ODI_lifetime_overs": 0.0, "international_ODI_lifetime_runs gave": 0.0, "international_Test_previous3_runs": [], "international_Test_previous3_wickets": [], "international_Test_previous3_balls played": [], "international_Test_previous3_overs": [], "international_Test_previous3_runs gave": [], "international_Test_lifetime_runs": 0.0, "international_Test_lifetime_wickets": 0.0, "international_Test_lifetime_balls played": 0.0, "international_Test_lifetime_overs": 0.0, "international_Test_lifetime_runs gave": 0.0, "international_T20_previous3_runs": [], "international_T20_previous3_wickets": [], "international_T20_previous3_balls played": [], "international_T20_previous3_overs": [], "international_T20_previous3_runs gave": [], "international_T20_lifetime_runs": 0.0, "international_T20_lifetime_wickets": 0.0, "international_T20_lifetime_balls played": 0.0, "international_T20_lifetime_overs": 0.0, "international_T20_lifetime_runs gave": 0.0}