{"played_against": {"7ff3fcaa": {"runs": 11, "balls": 11, "wickets": 0}, "7dc35884": {"runs": 5, "balls": 10, "wickets": 0}, "888e32bf": {"runs": 8, "balls": 20, "wickets": 0}, "e186f49c": {"runs": 3, "balls": 4, "wickets": 0}, "27159c6a": {"runs": 6, "balls": 12, "wickets": 0}, "7d32d965": {"runs": 1, "balls": 3, "wickets": 0}, "05e0fab5": {"runs": 0, "balls": 4, "wickets": 1}, "d7c6af50": {"runs": 0, "balls": 2, "wickets": 0}, "bcce309e": {"runs": 1, "balls": 7, "wickets": 1}, "342d8ade": {"runs": 4, "balls": 1, "wickets": 0}, "c66d9486": {"runs": 8, "balls": 15, "wickets": 2}, "2b8b75a0": {"runs": 10, "balls": 16, "wickets": 2}, "8a79613a": {"runs": 1, "balls": 5, "wickets": 0}, "123e663a": {"runs": 1, "balls": 1, "wickets": 0}, "6d8356ee": {"runs": 0, "balls": 4, "wickets": 1}, "543d3e69": {"runs": 16, "balls": 26, "wickets": 1}, "52f96571": {"runs": 7, "balls": 9, "wickets": 0}, "fbc5c0c6": {"runs": 8, "balls": 23, "wickets": 1}, "0e0afd8b": {"runs": 15, "balls": 13, "wickets": 0}, "243431b5": {"runs": 1, "balls": 3, "wickets": 0}, "7c503806": {"runs": 1, "balls": 8, "wickets": 0}, "2e8994e7": {"runs": 3, "balls": 4, "wickets": 0}, "c3d35165": {"runs": 1, "balls": 6, "wickets": 0}, "9b75e4f1": {"runs": 10, "balls": 5, "wickets": 0}, "5bb5a915": {"runs": 2, "balls": 5, "wickets": 0}, "9de271ef": {"runs": 26, "balls": 18, "wickets": 0}, "67af6f81": {"runs": 16, "balls": 8, "wickets": 0}, "49691d7a": {"runs": 7, "balls": 6, "wickets": 1}, "795df06c": {"runs": 0, "balls": 2, "wickets": 0}, "3a026eb4": {"runs": 16, "balls": 20, "wickets": 2}, "7839bf3a": {"runs": 2, "balls": 5, "wickets": 0}, "37312a74": {"runs": 8, "balls": 5, "wickets": 2}, "4ec07775": {"runs": 21, "balls": 20, "wickets": 0}, "91052c96": {"runs": 5, "balls": 12, "wickets": 1}, "235a247a": {"runs": 0, "balls": 2, "wickets": 0}, "abbdca1a": {"runs": 19, "balls": 24, "wickets": 0}, "74ef405a": {"runs": 5, "balls": 7, "wickets": 0}, "3eac9d95": {"runs": 0, "balls": 2, "wickets": 0}, "13c35c9e": {"runs": 0, "balls": 3, "wickets": 1}, "0dc00542": {"runs": 0, "balls": 5, "wickets": 0}, "9ab63e7b": {"runs": 0, "balls": 1, "wickets": 0}, "a12e1d51": {"runs": 8, "balls": 3, "wickets": 0}, "ea0cdc12": {"runs": 0, "balls": 6, "wickets": 0}, "5471024e": {"runs": 3, "balls": 5, "wickets": 0}, "86421172": {"runs": 7, "balls": 15, "wickets": 0}, "9f0270e0": {"runs": 11, "balls": 18, "wickets": 0}, "99cddc5e": {"runs": 9, "balls": 18, "wickets": 0}, "cf494ffe": {"runs": 1, "balls": 3, "wickets": 0}, "f27f89e8": {"runs": 7, "balls": 10, "wickets": 0}, "29b89ae8": {"runs": 2, "balls": 7, "wickets": 0}, "3f18724b": {"runs": 9, "balls": 8, "wickets": 0}, "568e5a4a": {"runs": 2, "balls": 3, "wickets": 1}, "aae9ce90": {"runs": 1, "balls": 1, "wickets": 0}, "e01895bb": {"runs": 4, "balls": 9, "wickets": 1}, "f7b2cbe8": {"runs": 4, "balls": 8, "wickets": 1}, "248b72c3": {"runs": 12, "balls": 9, "wickets": 0}, "2adb9943": {"runs": 7, "balls": 8, "wickets": 0}, "9ff7f691": {"runs": 9, "balls": 14, "wickets": 0}, "88c4a8e8": {"runs": 5, "balls": 12, "wickets": 1}, "e85d03d6": {"runs": 11, "balls": 19, "wickets": 1}, "c4d28aa3": {"runs": 0, "balls": 1, "wickets": 0}, "98d05440": {"runs": 5, "balls": 9, "wickets": 0}, "f8dcfe4e": {"runs": 1, "balls": 1, "wickets": 0}, "12b7fa12": {"runs": 3, "balls": 3, "wickets": 0}, "7fa2ab1f": {"runs": 39, "balls": 15, "wickets": 1}, "f43dd8c2": {"runs": 10, "balls": 11, "wickets": 0}, "bceb1b07": {"runs": 12, "balls": 2, "wickets": 0}, "dab18aa5": {"runs": 6, "balls": 2, "wickets": 1}, "bb9b51f4": {"runs": 10, "balls": 7, "wickets": 1}, "9025e58f": {"runs": 13, "balls": 7, "wickets": 0}, "7429c452": {"runs": 5, "balls": 5, "wickets": 0}, "ed97af2b": {"runs": 3, "balls": 4, "wickets": 0}, "7bf34437": {"runs": 0, "balls": 1, "wickets": 1}, "87e33d07": {"runs": 7, "balls": 7, "wickets": 0}, "f53b3e1d": {"runs": 2, "balls": 3, "wickets": 0}, "12c3ba4d": {"runs": 12, "balls": 9, "wickets": 0}, "edc2a9c6": {"runs": 7, "balls": 5, "wickets": 0}, "1adb8ee8": {"runs": 17, "balls": 7, "wickets": 0}, "26534b48": {"runs": 5, "balls": 3, "wickets": 0}, "4861d29b": {"runs": 5, "balls": 20, "wickets": 3}, "c024db94": {"runs": 0, "balls": 1, "wickets": 0}, "b858be20": {"runs": 1, "balls": 18, "wickets": 0}, "34464143": {"runs": 12, "balls": 8, "wickets": 1}, "7ecb9a14": {"runs": 6, "balls": 6, "wickets": 0}, "4c7df2c8": {"runs": 8, "balls": 6, "wickets": 0}, "a75a78eb": {"runs": 0, "balls": 1, "wickets": 0}, "d99cc23a": {"runs": 4, "balls": 1, "wickets": 0}, "4d1ec7eb": {"runs": 1, "balls": 4, "wickets": 0}, "9920dd86": {"runs": 0, "balls": 2, "wickets": 1}, "a36915ce": {"runs": 5, "balls": 2, "wickets": 0}, "6a685375": {"runs": 0, "balls": 1, "wickets": 1}, "5539605a": {"runs": 1, "balls": 3, "wickets": 0}, "382ca816": {"runs": 1, "balls": 2, "wickets": 0}, "e29e7278": {"runs": 1, "balls": 4, "wickets": 0}, "08f04bc3": {"runs": 2, "balls": 2, "wickets": 0}, "023f6b02": {"runs": 1, "balls": 2, "wickets": 0}, "571f11e4": {"runs": 0, "balls": 1, "wickets": 1}, "3c4007d3": {"runs": 3, "balls": 4, "wickets": 0}, "b410bd3d": {"runs": 6, "balls": 10, "wickets": 0}, "3de06845": {"runs": 9, "balls": 9, "wickets": 0}, "18261c22": {"runs": 2, "balls": 2, "wickets": 0}, "469ccead": {"runs": 0, "balls": 5, "wickets": 1}, "1252f71a": {"runs": 1, "balls": 4, "wickets": 0}, "e9a870ed": {"runs": 1, "balls": 1, "wickets": 0}, "5faa30f7": {"runs": 0, "balls": 1, "wickets": 0}, "e16e7347": {"runs": 0, "balls": 4, "wickets": 1}, "e258a603": {"runs": 0, "balls": 3, "wickets": 0}, "cbabd6ad": {"runs": 1, "balls": 1, "wickets": 0}, "bb134e5c": {"runs": 1, "balls": 2, "wickets": 0}, "c5d7b244": {"runs": 0, "balls": 2, "wickets": 0}, "dcdb87f2": {"runs": 4, "balls": 6, "wickets": 0}, "bd9fbd51": {"runs": 14, "balls": 6, "wickets": 0}, "72253b87": {"runs": 23, "balls": 16, "wickets": 1}, "934b36a6": {"runs": 20, "balls": 11, "wickets": 1}, "1a9e9efe": {"runs": 1, "balls": 1, "wickets": 0}, "18db3f22": {"runs": 2, "balls": 2, "wickets": 0}, "f092b4c7": {"runs": 1, "balls": 1, "wickets": 0}, "8de618ab": {"runs": 2, "balls": 4, "wickets": 0}, "2c6052a6": {"runs": 10, "balls": 9, "wickets": 1}, "46a7ac78": {"runs": 5, "balls": 2, "wickets": 0}, "2b7609f1": {"runs": 3, "balls": 5, "wickets": 0}, "0d0f0385": {"runs": 1, "balls": 7, "wickets": 1}, "780d1997": {"runs": 0, "balls": 3, "wickets": 1}, "70ced7f2": {"runs": 5, "balls": 3, "wickets": 0}, "218c7eab": {"runs": 15, "balls": 11, "wickets": 1}, "1747ea18": {"runs": 11, "balls": 6, "wickets": 0}, "75f3aa00": {"runs": 1, "balls": 1, "wickets": 0}, "01679383": {"runs": 6, "balls": 2, "wickets": 0}, "414d8a10": {"runs": 4, "balls": 10, "wickets": 1}, "269cc4ff": {"runs": 1, "balls": 1, "wickets": 0}, "a3a275ec": {"runs": 9, "balls": 5, "wickets": 0}, "395695ce": {"runs": 1, "balls": 1, "wickets": 0}, "7636b587": {"runs": 1, "balls": 2, "wickets": 0}}, "fifties": 1, "thirties": 4, "centuries": 0, "maidens": 42.0, "hattricks": 7, "runs": 729.0, "wickets": 79.0, "club_ODI_previous3_runs": [], "club_ODI_previous3_wickets": [], "club_ODI_previous3_balls played": [], "club_ODI_previous3_overs": [], "club_ODI_previous3_runs gave": [], "club_ODI_lifetime_runs": 0.0, "club_ODI_lifetime_wickets": 0.0, "club_ODI_lifetime_balls played": 0.0, "club_ODI_lifetime_overs": 0.0, "club_ODI_lifetime_runs gave": 0.0, "club_Test_previous3_runs": [], "club_Test_previous3_wickets": [], "club_Test_previous3_balls played": [], "club_Test_previous3_overs": [], "club_Test_previous3_runs gave": [], "club_Test_lifetime_runs": 0.0, "club_Test_lifetime_wickets": 0.0, "club_Test_lifetime_balls played": 0.0, "club_Test_lifetime_overs": 0.0, "club_Test_lifetime_runs gave": 0.0, "club_T20_previous3_runs": [], "club_T20_previous3_wickets": [], "club_T20_previous3_balls played": [], "club_T20_previous3_overs": [], "club_T20_previous3_runs gave": [], "club_T20_lifetime_runs": 0.0, "club_T20_lifetime_wickets": 0.0, "club_T20_lifetime_balls played": 0.0, "club_T20_lifetime_overs": 0.0, "club_T20_lifetime_runs gave": 0.0, "international_ODI_previous3_runs": [0.0, 1.0, 12.0], "international_ODI_previous3_wickets": [0.0, 1.0, 0.0], "international_ODI_previous3_balls played": [0.0, 1.0, 13.0], "international_ODI_previous3_overs": [7.0, 7.0, 7.5], "international_ODI_previous3_runs gave": [38.0, 61.0, 41.0], "international_ODI_lifetime_runs": 358.0, "international_ODI_lifetime_wickets": 35.0, "international_ODI_lifetime_balls played": 499.0, "international_ODI_lifetime_overs": 321.16666666666663, "international_ODI_lifetime_runs gave": 1780.0, "international_Test_previous3_runs": [1.0, 52.0, 35.0], "international_Test_previous3_wickets": [4.0, 4.0, 2.0], "international_Test_previous3_balls played": [5.0, 57.0, 48.0], "international_Test_previous3_overs": [31.0, 43.5, 25.833333333333332], "international_Test_previous3_runs gave": [110.0, 196.0, 145.0], "international_Test_lifetime_runs": 116.0, "international_Test_lifetime_wickets": 12.0, "international_Test_lifetime_balls played": 167.0, "international_Test_lifetime_overs": 127.16666666666667, "international_Test_lifetime_runs gave": 557.0, "international_T20_previous3_runs": [0.0, 7.0, 23.0], "international_T20_previous3_wickets": [0.0, 0.0, 0.0], "international_T20_previous3_balls played": [0.0, 3.0, 27.0], "international_T20_previous3_overs": [2.0, 0.0, 0.0], "international_T20_previous3_runs gave": [34.0, 0.0, 0.0], "international_T20_lifetime_runs": 255.0, "international_T20_lifetime_wickets": 32.0, "international_T20_lifetime_balls played": 230.0, "international_T20_lifetime_overs": 110.0, "international_T20_lifetime_runs gave": 975.0}