{"played_against": {"d1988788": {"runs": 5, "balls": 5, "wickets": 0}, "79b4839e": {"runs": 6, "balls": 3, "wickets": 0}, "f0e293b0": {"runs": 7, "balls": 5, "wickets": 0}, "84dc72db": {"runs": 3, "balls": 3, "wickets": 1}, "24fcd95d": {"runs": 12, "balls": 4, "wickets": 1}, "3766056b": {"runs": 6, "balls": 4, "wickets": 0}, "fc55ec67": {"runs": 0, "balls": 2, "wickets": 1}, "34464143": {"runs": 11, "balls": 9, "wickets": 0}, "7ecb9a14": {"runs": 3, "balls": 6, "wickets": 0}, "934b36a6": {"runs": 2, "balls": 2, "wickets": 1}, "b978780e": {"runs": 6, "balls": 1, "wickets": 0}, "a968d39b": {"runs": 0, "balls": 1, "wickets": 0}, "c70448aa": {"runs": 1, "balls": 2, "wickets": 0}, "4d84ad05": {"runs": 4, "balls": 2, "wickets": 1}, "72e60730": {"runs": 1, "balls": 1, "wickets": 0}, "87a92b6b": {"runs": 13, "balls": 4, "wickets": 0}, "9920dd86": {"runs": 5, "balls": 4, "wickets": 0}, "9a95bebb": {"runs": 1, "balls": 2, "wickets": 0}, "0730a707": {"runs": 0, "balls": 2, "wickets": 0}}, "fifties": 0, "thirties": 1, "centuries": 0, "maidens": 0.0, "hattricks": 0, "runs": 86.0, "wickets": 0.0, "club_ODI_previous3_runs": [], "club_ODI_previous3_wickets": [], "club_ODI_previous3_balls played": [], "club_ODI_previous3_overs": [], "club_ODI_previous3_runs gave": [], "club_ODI_lifetime_runs": 0.0, "club_ODI_lifetime_wickets": 0.0, "club_ODI_lifetime_balls played": 0.0, "club_ODI_lifetime_overs": 0.0, "club_ODI_lifetime_runs gave": 0.0, "club_Test_previous3_runs": [], "club_Test_previous3_wickets": [], "club_Test_previous3_balls played": [], "club_Test_previous3_overs": [], "club_Test_previous3_runs gave": [], "club_Test_lifetime_runs": 0.0, "club_Test_lifetime_wickets": 0.0, "club_Test_lifetime_balls played": 0.0, "club_Test_lifetime_overs": 0.0, "club_Test_lifetime_runs gave": 0.0, "club_T20_previous3_runs": [], "club_T20_previous3_wickets": [], "club_T20_previous3_balls played": [], "club_T20_previous3_overs": [], "club_T20_previous3_runs gave": [], "club_T20_lifetime_runs": 0.0, "club_T20_lifetime_wickets": 0.0, "club_T20_lifetime_balls played": 0.0, "club_T20_lifetime_overs": 0.0, "club_T20_lifetime_runs gave": 0.0, "international_ODI_previous3_runs": [], "international_ODI_previous3_wickets": [], "international_ODI_previous3_balls played": [], "international_ODI_previous3_overs": [], "international_ODI_previous3_runs gave": [], "international_ODI_lifetime_runs": 0.0, "international_ODI_lifetime_wickets": 0.0, "international_ODI_lifetime_balls played": 0.0, "international_ODI_lifetime_overs": 0.0, "international_ODI_lifetime_runs gave": 0.0, "international_Test_previous3_runs": [], "international_Test_previous3_wickets": [], "international_Test_previous3_balls played": [], "international_Test_previous3_overs": [], "international_Test_previous3_runs gave": [], "international_Test_lifetime_runs": 0.0, "international_Test_lifetime_wickets": 0.0, "international_Test_lifetime_balls played": 0.0, "international_Test_lifetime_overs": 0.0, "international_Test_lifetime_runs gave": 0.0, "international_T20_previous3_runs": [0.0, 14.0, 6.0], "international_T20_previous3_wickets": [0.0, 0.0, 0.0], "international_T20_previous3_balls played": [0.0, 5.0, 9.0], "international_T20_previous3_overs": [0.0, 0.0, 0.0], "international_T20_previous3_runs gave": [0.0, 0.0, 0.0], "international_T20_lifetime_runs": 86.0, "international_T20_lifetime_wickets": 0.0, "international_T20_lifetime_balls played": 65.0, "international_T20_lifetime_overs": 0.0, "international_T20_lifetime_runs gave": 0.0}