{"played_against": {"5c756df3": {"runs": 1, "balls": 1, "wickets": 0}, "64d43928": {"runs": 2, "balls": 2, "wickets": 0}, "3eac9d95": {"runs": 1, "balls": 1, "wickets": 0}, "addfb70e": {"runs": 4, "balls": 5, "wickets": 0}, "4948a447": {"runs": 0, "balls": 1, "wickets": 0}, "fccebff9": {"runs": 0, "balls": 1, "wickets": 0}, "b552a935": {"runs": 1, "balls": 2, "wickets": 0}, "531f0278": {"runs": 1, "balls": 3, "wickets": 1}, "5a85d45f": {"runs": 12, "balls": 6, "wickets": 0}, "a7c226e1": {"runs": 1, "balls": 3, "wickets": 0}, "6eea0b32": {"runs": 1, "balls": 2, "wickets": 1}, "4a461c24": {"runs": 1, "balls": 1, "wickets": 0}, "f56cd097": {"runs": 0, "balls": 1, "wickets": 1}, "0a8fce53": {"runs": 0, "balls": 1, "wickets": 0}, "3f5f39cd": {"runs": 7, "balls": 5, "wickets": 0}, "aa8d28ae": {"runs": 9, "balls": 5, "wickets": 0}}, "fifties": 0, "thirties": 0, "centuries": 0, "maidens": 1.0, "hattricks": 0, "runs": 41.0, "wickets": 15.0, "club_ODI_previous3_runs": [], "club_ODI_previous3_wickets": [], "club_ODI_previous3_balls played": [], "club_ODI_previous3_overs": [], "club_ODI_previous3_runs gave": [], "club_ODI_lifetime_runs": 0.0, "club_ODI_lifetime_wickets": 0.0, "club_ODI_lifetime_balls played": 0.0, "club_ODI_lifetime_overs": 0.0, "club_ODI_lifetime_runs gave": 0.0, "club_Test_previous3_runs": [], "club_Test_previous3_wickets": [], "club_Test_previous3_balls played": [], "club_Test_previous3_overs": [], "club_Test_previous3_runs gave": [], "club_Test_lifetime_runs": 0.0, "club_Test_lifetime_wickets": 0.0, "club_Test_lifetime_balls played": 0.0, "club_Test_lifetime_overs": 0.0, "club_Test_lifetime_runs gave": 0.0, "club_T20_previous3_runs": [0.0, 16.0, 0.0], "club_T20_previous3_wickets": [0.0, 0.0, 1.0], "club_T20_previous3_balls played": [1.0, 10.0, 0.0], "club_T20_previous3_overs": [2.3333333333333335, 3.0, 4.0], "club_T20_previous3_runs gave": [15.0, 21.0, 25.0], "club_T20_lifetime_runs": 41.0, "club_T20_lifetime_wickets": 15.0, "club_T20_lifetime_balls played": 40.0, "club_T20_lifetime_overs": 81.99999999999999, "club_T20_lifetime_runs gave": 590.0, "international_ODI_previous3_runs": [], "international_ODI_previous3_wickets": [], "international_ODI_previous3_balls played": [], "international_ODI_previous3_overs": [], "international_ODI_previous3_runs gave": [], "international_ODI_lifetime_runs": 0.0, "international_ODI_lifetime_wickets": 0.0, "international_ODI_lifetime_balls played": 0.0, "international_ODI_lifetime_overs": 0.0, "international_ODI_lifetime_runs gave": 0.0, "international_Test_previous3_runs": [], "international_Test_previous3_wickets": [], "international_Test_previous3_balls played": [], "international_Test_previous3_overs": [], "international_Test_previous3_runs gave": [], "international_Test_lifetime_runs": 0.0, "international_Test_lifetime_wickets": 0.0, "international_Test_lifetime_balls played": 0.0, "international_Test_lifetime_overs": 0.0, "international_Test_lifetime_runs gave": 0.0, "international_T20_previous3_runs": [], "international_T20_previous3_wickets": [], "international_T20_previous3_balls played": [], "international_T20_previous3_overs": [], "international_T20_previous3_runs gave": [], "international_T20_lifetime_runs": 0.0, "international_T20_lifetime_wickets": 0.0, "international_T20_lifetime_balls played": 0.0, "international_T20_lifetime_overs": 0.0, "international_T20_lifetime_runs gave": 0.0}