{"played_against": {"b9b32e3c": {"runs": 3, "balls": 3, "wickets": 1}, "7467fe01": {"runs": 1, "balls": 1, "wickets": 0}, "cfdfe39c": {"runs": 2, "balls": 3, "wickets": 0}, "2cd18a73": {"runs": 4, "balls": 4, "wickets": 0}, "bf5e7711": {"runs": 10, "balls": 12, "wickets": 0}, "34f86a2d": {"runs": 7, "balls": 5, "wickets": 0}, "c4022bff": {"runs": 16, "balls": 19, "wickets": 0}, "6348c6e9": {"runs": 4, "balls": 2, "wickets": 0}, "c8ae2573": {"runs": 1, "balls": 4, "wickets": 1}, "4bed6af7": {"runs": 0, "balls": 1, "wickets": 0}, "4c7744de": {"runs": 0, "balls": 1, "wickets": 1}, "cfb49f67": {"runs": 0, "balls": 3, "wickets": 1}, "6e60bbe2": {"runs": 0, "balls": 4, "wickets": 0}, "f4270fc7": {"runs": 0, "balls": 2, "wickets": 1}, "aaccb8ca": {"runs": 0, "balls": 3, "wickets": 0}, "f8b50da3": {"runs": 19, "balls": 11, "wickets": 0}, "a259c414": {"runs": 1, "balls": 1, "wickets": 0}, "5bb904d4": {"runs": 4, "balls": 6, "wickets": 0}, "31c56f40": {"runs": 19, "balls": 9, "wickets": 0}, "fdc6b34d": {"runs": 13, "balls": 5, "wickets": 0}, "f537d39c": {"runs": 4, "balls": 4, "wickets": 0}, "aea89d48": {"runs": 1, "balls": 1, "wickets": 0}, "9f87d0f0": {"runs": 11, "balls": 8, "wickets": 0}, "ea9c54de": {"runs": 4, "balls": 5, "wickets": 1}, "7298db76": {"runs": 5, "balls": 3, "wickets": 0}, "eadc8924": {"runs": 2, "balls": 4, "wickets": 1}}, "fifties": 1, "thirties": 1, "centuries": 0, "maidens": 0.0, "hattricks": 0, "runs": 131.0, "wickets": 0.0, "club_ODI_previous3_runs": [], "club_ODI_previous3_wickets": [], "club_ODI_previous3_balls played": [], "club_ODI_previous3_overs": [], "club_ODI_previous3_runs gave": [], "club_ODI_lifetime_runs": 0.0, "club_ODI_lifetime_wickets": 0.0, "club_ODI_lifetime_balls played": 0.0, "club_ODI_lifetime_overs": 0.0, "club_ODI_lifetime_runs gave": 0.0, "club_Test_previous3_runs": [], "club_Test_previous3_wickets": [], "club_Test_previous3_balls played": [], "club_Test_previous3_overs": [], "club_Test_previous3_runs gave": [], "club_Test_lifetime_runs": 0.0, "club_Test_lifetime_wickets": 0.0, "club_Test_lifetime_balls played": 0.0, "club_Test_lifetime_overs": 0.0, "club_Test_lifetime_runs gave": 0.0, "club_T20_previous3_runs": [], "club_T20_previous3_wickets": [], "club_T20_previous3_balls played": [], "club_T20_previous3_overs": [], "club_T20_previous3_runs gave": [], "club_T20_lifetime_runs": 0.0, "club_T20_lifetime_wickets": 0.0, "club_T20_lifetime_balls played": 0.0, "club_T20_lifetime_overs": 0.0, "club_T20_lifetime_runs gave": 0.0, "international_ODI_previous3_runs": [], "international_ODI_previous3_wickets": [], "international_ODI_previous3_balls played": [], "international_ODI_previous3_overs": [], "international_ODI_previous3_runs gave": [], "international_ODI_lifetime_runs": 0.0, "international_ODI_lifetime_wickets": 0.0, "international_ODI_lifetime_balls played": 0.0, "international_ODI_lifetime_overs": 0.0, "international_ODI_lifetime_runs gave": 0.0, "international_Test_previous3_runs": [], "international_Test_previous3_wickets": [], "international_Test_previous3_balls played": [], "international_Test_previous3_overs": [], "international_Test_previous3_runs gave": [], "international_Test_lifetime_runs": 0.0, "international_Test_lifetime_wickets": 0.0, "international_Test_lifetime_balls played": 0.0, "international_Test_lifetime_overs": 0.0, "international_Test_lifetime_runs gave": 0.0, "international_T20_previous3_runs": [72.0, 4.0, 7.0], "international_T20_previous3_wickets": [0.0, 0.0, 0.0], "international_T20_previous3_balls played": [45.0, 5.0, 7.0], "international_T20_previous3_overs": [0.0, 0.0, 0.0], "international_T20_previous3_runs gave": [0.0, 0.0, 0.0], "international_T20_lifetime_runs": 131.0, "international_T20_lifetime_wickets": 0.0, "international_T20_lifetime_balls played": 125.0, "international_T20_lifetime_overs": 0.0, "international_T20_lifetime_runs gave": 0.0}