{"played_against": {"b3118300": {"runs": 0, "balls": 1, "wickets": 1}, "b3a28446": {"runs": 12, "balls": 4, "wickets": 0}, "0b7363da": {"runs": 0, "balls": 0, "wickets": 0}, "6eea0b32": {"runs": 0, "balls": 1, "wickets": 1}, "0a8fce53": {"runs": 0, "balls": 2, "wickets": 0}, "a699488a": {"runs": 1, "balls": 1, "wickets": 0}, "aa467af0": {"runs": 10, "balls": 4, "wickets": 0}, "9d430b40": {"runs": 5, "balls": 3, "wickets": 0}, "8919756f": {"runs": 0, "balls": 3, "wickets": 0}, "df064e1a": {"runs": 6, "balls": 1, "wickets": 0}, "f9e6e7ef": {"runs": 8, "balls": 5, "wickets": 1}, "4277234d": {"runs": 4, "balls": 1, "wickets": 0}}, "fifties": 0, "thirties": 0, "centuries": 0, "maidens": 1.0, "hattricks": 0, "runs": 46.0, "wickets": 12.0, "club_ODI_previous3_runs": [], "club_ODI_previous3_wickets": [], "club_ODI_previous3_balls played": [], "club_ODI_previous3_overs": [], "club_ODI_previous3_runs gave": [], "club_ODI_lifetime_runs": 0.0, "club_ODI_lifetime_wickets": 0.0, "club_ODI_lifetime_balls played": 0.0, "club_ODI_lifetime_overs": 0.0, "club_ODI_lifetime_runs gave": 0.0, "club_Test_previous3_runs": [], "club_Test_previous3_wickets": [], "club_Test_previous3_balls played": [], "club_Test_previous3_overs": [], "club_Test_previous3_runs gave": [], "club_Test_lifetime_runs": 0.0, "club_Test_lifetime_wickets": 0.0, "club_Test_lifetime_balls played": 0.0, "club_Test_lifetime_overs": 0.0, "club_Test_lifetime_runs gave": 0.0, "club_T20_previous3_runs": [0.0, 0.0, 0.0], "club_T20_previous3_wickets": [0.0, 0.0, 0.0], "club_T20_previous3_balls played": [0.0, 0.0, 0.0], "club_T20_previous3_overs": [2.0, 4.0, 3.0], "club_T20_previous3_runs gave": [19.0, 32.0, 37.0], "club_T20_lifetime_runs": 28.0, "club_T20_lifetime_wickets": 10.0, "club_T20_lifetime_balls played": 21.0, "club_T20_lifetime_overs": 43.0, "club_T20_lifetime_runs gave": 303.0, "international_ODI_previous3_runs": [], "international_ODI_previous3_wickets": [], "international_ODI_previous3_balls played": [], "international_ODI_previous3_overs": [], "international_ODI_previous3_runs gave": [], "international_ODI_lifetime_runs": 0.0, "international_ODI_lifetime_wickets": 0.0, "international_ODI_lifetime_balls played": 0.0, "international_ODI_lifetime_overs": 0.0, "international_ODI_lifetime_runs gave": 0.0, "international_Test_previous3_runs": [], "international_Test_previous3_wickets": [], "international_Test_previous3_balls played": [], "international_Test_previous3_overs": [], "international_Test_previous3_runs gave": [], "international_Test_lifetime_runs": 0.0, "international_Test_lifetime_wickets": 0.0, "international_Test_lifetime_balls played": 0.0, "international_Test_lifetime_overs": 0.0, "international_Test_lifetime_runs gave": 0.0, "international_T20_previous3_runs": [0.0, 14.0, 4.0], "international_T20_previous3_wickets": [1.0, 0.0, 1.0], "international_T20_previous3_balls played": [0.0, 6.0, 1.0], "international_T20_previous3_overs": [4.0, 1.0, 2.0], "international_T20_previous3_runs gave": [26.0, 17.0, 12.0], "international_T20_lifetime_runs": 18.0, "international_T20_lifetime_wickets": 2.0, "international_T20_lifetime_balls played": 7.0, "international_T20_lifetime_overs": 7.0, "international_T20_lifetime_runs gave": 55.0}