{"played_against": {"5db1c288": {"runs": 11, "balls": 49, "wickets": 1}, "70fdd428": {"runs": 19, "balls": 74, "wickets": 0}, "9b411f8f": {"runs": 15, "balls": 61, "wickets": 0}, "fac298ff": {"runs": 3, "balls": 27, "wickets": 1}, "bb351c23": {"runs": 40, "balls": 105, "wickets": 0}, "f7177fd6": {"runs": 20, "balls": 56, "wickets": 0}, "7fa2ab1f": {"runs": 11, "balls": 23, "wickets": 0}, "9c7d7cda": {"runs": 15, "balls": 25, "wickets": 1}, "a7c7802a": {"runs": 4, "balls": 6, "wickets": 0}, "1066a976": {"runs": 4, "balls": 10, "wickets": 0}, "dddc811c": {"runs": 12, "balls": 22, "wickets": 1}, "b16cf2ec": {"runs": 7, "balls": 25, "wickets": 0}, "75223da4": {"runs": 14, "balls": 22, "wickets": 1}, "1427277f": {"runs": 10, "balls": 21, "wickets": 1}, "dda5aae5": {"runs": 40, "balls": 70, "wickets": 1}, "cd882d22": {"runs": 24, "balls": 43, "wickets": 0}, "01a95383": {"runs": 22, "balls": 46, "wickets": 1}, "0bec3a6c": {"runs": 12, "balls": 24, "wickets": 0}, "0a12e736": {"runs": 35, "balls": 64, "wickets": 0}, "05d74535": {"runs": 21, "balls": 36, "wickets": 0}, "cd143bca": {"runs": 3, "balls": 16, "wickets": 0}, "5a37ec26": {"runs": 8, "balls": 11, "wickets": 0}, "245c97cb": {"runs": 20, "balls": 53, "wickets": 0}, "61a9ce31": {"runs": 12, "balls": 58, "wickets": 3}, "91ffa6c6": {"runs": 39, "balls": 65, "wickets": 0}, "25a42048": {"runs": 6, "balls": 16, "wickets": 0}, "7d5e0b78": {"runs": 31, "balls": 49, "wickets": 0}, "450f6fa6": {"runs": 12, "balls": 43, "wickets": 0}, "5da34add": {"runs": 30, "balls": 51, "wickets": 1}, "6daf5e8c": {"runs": 6, "balls": 7, "wickets": 0}, "1a45b864": {"runs": 15, "balls": 37, "wickets": 1}, "aac9f784": {"runs": 19, "balls": 48, "wickets": 1}, "867a45a7": {"runs": 8, "balls": 12, "wickets": 0}, "e9d5218e": {"runs": 19, "balls": 31, "wickets": 1}, "1cfac535": {"runs": 6, "balls": 20, "wickets": 1}, "a9da7784": {"runs": 0, "balls": 1, "wickets": 1}, "4c0f3806": {"runs": 26, "balls": 30, "wickets": 0}, "5239d782": {"runs": 10, "balls": 21, "wickets": 1}, "3cf5ae43": {"runs": 1, "balls": 2, "wickets": 1}, "ecf7bbc9": {"runs": 3, "balls": 3, "wickets": 0}, "be4807e3": {"runs": 2, "balls": 2, "wickets": 0}, "611926bc": {"runs": 22, "balls": 18, "wickets": 0}, "c404f58a": {"runs": 1, "balls": 2, "wickets": 0}, "1a88bdd3": {"runs": 35, "balls": 70, "wickets": 0}, "eb9cb105": {"runs": 15, "balls": 37, "wickets": 1}, "57a76baa": {"runs": 6, "balls": 23, "wickets": 1}, "d1c36f5c": {"runs": 2, "balls": 4, "wickets": 0}, "5ac8f17b": {"runs": 3, "balls": 24, "wickets": 1}, "9a158001": {"runs": 0, "balls": 1, "wickets": 0}, "3d0ed2f9": {"runs": 15, "balls": 11, "wickets": 0}, "e423d162": {"runs": 4, "balls": 3, "wickets": 0}, "a73321d3": {"runs": 0, "balls": 0, "wickets": 0}, "fea7a34c": {"runs": 3, "balls": 7, "wickets": 0}, "c6a9148d": {"runs": 17, "balls": 17, "wickets": 1}, "5b3acc53": {"runs": 8, "balls": 8, "wickets": 0}, "98eacfe5": {"runs": 5, "balls": 9, "wickets": 0}, "58822938": {"runs": 27, "balls": 41, "wickets": 0}, "556302a7": {"runs": 14, "balls": 16, "wickets": 0}, "f3abd0c9": {"runs": 3, "balls": 5, "wickets": 1}, "4a461c24": {"runs": 4, "balls": 18, "wickets": 0}, "137b58de": {"runs": 1, "balls": 4, "wickets": 0}, "6c6aca89": {"runs": 4, "balls": 5, "wickets": 0}, "43205dad": {"runs": 3, "balls": 3, "wickets": 1}, "6c79c098": {"runs": 0, "balls": 1, "wickets": 0}, "b7a6a60b": {"runs": 1, "balls": 15, "wickets": 0}, "151d88b3": {"runs": 13, "balls": 21, "wickets": 0}, "29b89ae8": {"runs": 2, "balls": 8, "wickets": 0}, "f5821615": {"runs": 2, "balls": 4, "wickets": 1}, "8d1dad51": {"runs": 4, "balls": 5, "wickets": 0}, "94eac556": {"runs": 2, "balls": 7, "wickets": 0}, "7b1e20ea": {"runs": 13, "balls": 35, "wickets": 0}, "e86754b2": {"runs": 10, "balls": 40, "wickets": 0}, "ce24059d": {"runs": 3, "balls": 20, "wickets": 0}, "e94915e6": {"runs": 13, "balls": 28, "wickets": 0}, "5b6d248a": {"runs": 27, "balls": 42, "wickets": 0}, "025a092b": {"runs": 27, "balls": 47, "wickets": 0}, "7ca5e05d": {"runs": 25, "balls": 38, "wickets": 1}, "4ec07775": {"runs": 1, "balls": 1, "wickets": 0}, "18899e2b": {"runs": 4, "balls": 14, "wickets": 0}, "2a0d5d4a": {"runs": 0, "balls": 4, "wickets": 1}, "3f659464": {"runs": 0, "balls": 7, "wickets": 0}, "e871a7a1": {"runs": 0, "balls": 2, "wickets": 0}, "a7e8ff19": {"runs": 9, "balls": 18, "wickets": 0}, "c5cc48bc": {"runs": 15, "balls": 15, "wickets": 0}, "7f3f108f": {"runs": 18, "balls": 12, "wickets": 1}}, "fifties": 6, "thirties": 5, "centuries": 2, "maidens": 4.0, "hattricks": 2, "runs": 996.0, "wickets": 13.0, "club_ODI_previous3_runs": [8.0, 0.0, 21.0], "club_ODI_previous3_wickets": [0.0, 3.0, 0.0], "club_ODI_previous3_balls played": [13.0, 1.0, 38.0], "club_ODI_previous3_overs": [0.0, 10.0, 5.0], "club_ODI_previous3_runs gave": [0.0, 40.0, 28.0], "club_ODI_lifetime_runs": 124.0, "club_ODI_lifetime_wickets": 4.0, "club_ODI_lifetime_balls played": 159.0, "club_ODI_lifetime_overs": 17.0, "club_ODI_lifetime_runs gave": 80.0, "club_Test_previous3_runs": [123.0, 4.0, 53.0], "club_Test_previous3_wickets": [0.0, 0.0, 0.0], "club_Test_previous3_balls played": [208.0, 27.0, 72.0], "club_Test_previous3_overs": [0.0, 0.0, 0.0], "club_Test_previous3_runs gave": [0.0, 0.0, 0.0], "club_Test_lifetime_runs": 849.0, "club_Test_lifetime_wickets": 2.0, "club_Test_lifetime_balls played": 1924.0, "club_Test_lifetime_overs": 35.16666666666667, "club_Test_lifetime_runs gave": 143.0, "club_T20_previous3_runs": [18.0, 1.0, 0.0], "club_T20_previous3_wickets": [1.0, 1.0, 1.0], "club_T20_previous3_balls played": [11.0, 2.0, 1.0], "club_T20_previous3_overs": [3.0, 2.0, 2.0], "club_T20_previous3_runs gave": [62.0, 24.0, 13.0], "club_T20_lifetime_runs": 23.0, "club_T20_lifetime_wickets": 7.0, "club_T20_lifetime_balls played": 22.0, "club_T20_lifetime_overs": 15.0, "club_T20_lifetime_runs gave": 168.0, "international_ODI_previous3_runs": [], "international_ODI_previous3_wickets": [], "international_ODI_previous3_balls played": [], "international_ODI_previous3_overs": [], "international_ODI_previous3_runs gave": [], "international_ODI_lifetime_runs": 0.0, "international_ODI_lifetime_wickets": 0.0, "international_ODI_lifetime_balls played": 0.0, "international_ODI_lifetime_overs": 0.0, "international_ODI_lifetime_runs gave": 0.0, "international_Test_previous3_runs": [], "international_Test_previous3_wickets": [], "international_Test_previous3_balls played": [], "international_Test_previous3_overs": [], "international_Test_previous3_runs gave": [], "international_Test_lifetime_runs": 0.0, "international_Test_lifetime_wickets": 0.0, "international_Test_lifetime_balls played": 0.0, "international_Test_lifetime_overs": 0.0, "international_Test_lifetime_runs gave": 0.0, "international_T20_previous3_runs": [], "international_T20_previous3_wickets": [], "international_T20_previous3_balls played": [], "international_T20_previous3_overs": [], "international_T20_previous3_runs gave": [], "international_T20_lifetime_runs": 0.0, "international_T20_lifetime_wickets": 0.0, "international_T20_lifetime_balls played": 0.0, "international_T20_lifetime_overs": 0.0, "international_T20_lifetime_runs gave": 0.0}