{"played_against": {"9c181b99": {"runs": 5, "balls": 14, "wickets": 0}, "e068d48e": {"runs": 11, "balls": 11, "wickets": 0}, "6913e38e": {"runs": 2, "balls": 6, "wickets": 1}, "336a85f6": {"runs": 8, "balls": 9, "wickets": 0}, "eee46f77": {"runs": 6, "balls": 8, "wickets": 0}, "331e137f": {"runs": 9, "balls": 7, "wickets": 0}, "8299b9a2": {"runs": 10, "balls": 8, "wickets": 1}, "c573d173": {"runs": 3, "balls": 5, "wickets": 0}, "609d6c7c": {"runs": 0, "balls": 4, "wickets": 0}, "dfcdb11e": {"runs": 6, "balls": 6, "wickets": 1}, "526fe472": {"runs": 18, "balls": 21, "wickets": 0}, "51a125b3": {"runs": 10, "balls": 5, "wickets": 0}, "0ac067e8": {"runs": 5, "balls": 9, "wickets": 0}, "38189be1": {"runs": 5, "balls": 7, "wickets": 0}, "b0f2d3bd": {"runs": 1, "balls": 4, "wickets": 0}, "5902f2eb": {"runs": 9, "balls": 4, "wickets": 0}, "007113d7": {"runs": 1, "balls": 4, "wickets": 1}, "76b19864": {"runs": 7, "balls": 4, "wickets": 0}, "5c57229d": {"runs": 12, "balls": 6, "wickets": 0}, "cf0b9a0d": {"runs": 0, "balls": 3, "wickets": 1}}, "fifties": 0, "thirties": 1, "centuries": 0, "maidens": 0.0, "hattricks": 0, "runs": 128.0, "wickets": 0.0, "club_ODI_previous3_runs": [], "club_ODI_previous3_wickets": [], "club_ODI_previous3_balls played": [], "club_ODI_previous3_overs": [], "club_ODI_previous3_runs gave": [], "club_ODI_lifetime_runs": 0.0, "club_ODI_lifetime_wickets": 0.0, "club_ODI_lifetime_balls played": 0.0, "club_ODI_lifetime_overs": 0.0, "club_ODI_lifetime_runs gave": 0.0, "club_Test_previous3_runs": [], "club_Test_previous3_wickets": [], "club_Test_previous3_balls played": [], "club_Test_previous3_overs": [], "club_Test_previous3_runs gave": [], "club_Test_lifetime_runs": 0.0, "club_Test_lifetime_wickets": 0.0, "club_Test_lifetime_balls played": 0.0, "club_Test_lifetime_overs": 0.0, "club_Test_lifetime_runs gave": 0.0, "club_T20_previous3_runs": [], "club_T20_previous3_wickets": [], "club_T20_previous3_balls played": [], "club_T20_previous3_overs": [], "club_T20_previous3_runs gave": [], "club_T20_lifetime_runs": 0.0, "club_T20_lifetime_wickets": 0.0, "club_T20_lifetime_balls played": 0.0, "club_T20_lifetime_overs": 0.0, "club_T20_lifetime_runs gave": 0.0, "international_ODI_previous3_runs": [], "international_ODI_previous3_wickets": [], "international_ODI_previous3_balls played": [], "international_ODI_previous3_overs": [], "international_ODI_previous3_runs gave": [], "international_ODI_lifetime_runs": 0.0, "international_ODI_lifetime_wickets": 0.0, "international_ODI_lifetime_balls played": 0.0, "international_ODI_lifetime_overs": 0.0, "international_ODI_lifetime_runs gave": 0.0, "international_Test_previous3_runs": [], "international_Test_previous3_wickets": [], "international_Test_previous3_balls played": [], "international_Test_previous3_overs": [], "international_Test_previous3_runs gave": [], "international_Test_lifetime_runs": 0.0, "international_Test_lifetime_wickets": 0.0, "international_Test_lifetime_balls played": 0.0, "international_Test_lifetime_overs": 0.0, "international_Test_lifetime_runs gave": 0.0, "international_T20_previous3_runs": [0.0, 16.0, 19.0], "international_T20_previous3_wickets": [0.0, 0.0, 0.0], "international_T20_previous3_balls played": [0.0, 19.0, 13.0], "international_T20_previous3_overs": [0.0, 0.0, 0.0], "international_T20_previous3_runs gave": [0.0, 0.0, 0.0], "international_T20_lifetime_runs": 128.0, "international_T20_lifetime_wickets": 0.0, "international_T20_lifetime_balls played": 147.0, "international_T20_lifetime_overs": 0.0, "international_T20_lifetime_runs gave": 0.0}