{"played_against": {"32497ecd": {"runs": 3, "balls": 7, "wickets": 1}, "a139c379": {"runs": 13, "balls": 9, "wickets": 1}, "ea8b65ab": {"runs": 6, "balls": 12, "wickets": 0}, "9706e64b": {"runs": 5, "balls": 14, "wickets": 0}, "63e3b6b3": {"runs": 27, "balls": 30, "wickets": 1}, "fe731c62": {"runs": 23, "balls": 29, "wickets": 0}, "a5f488bc": {"runs": 10, "balls": 11, "wickets": 0}, "d0d9b0e6": {"runs": 28, "balls": 15, "wickets": 0}, "6bb7a785": {"runs": 11, "balls": 14, "wickets": 0}, "17608a6f": {"runs": 47, "balls": 50, "wickets": 0}, "be150fc8": {"runs": 52, "balls": 61, "wickets": 0}, "cc3884f9": {"runs": 2, "balls": 5, "wickets": 0}, "92cf79a8": {"runs": 4, "balls": 17, "wickets": 0}, "a49985e6": {"runs": 6, "balls": 10, "wickets": 0}, "d3a44255": {"runs": 8, "balls": 19, "wickets": 0}, "053dc208": {"runs": 2, "balls": 2, "wickets": 0}, "6a434bd3": {"runs": 6, "balls": 8, "wickets": 0}, "4ed7d23f": {"runs": 16, "balls": 17, "wickets": 0}, "0475a86b": {"runs": 68, "balls": 110, "wickets": 2}, "98dfe425": {"runs": 6, "balls": 6, "wickets": 1}, "b287e7b1": {"runs": 16, "balls": 16, "wickets": 1}, "6d76bc23": {"runs": 42, "balls": 48, "wickets": 1}, "386f410e": {"runs": 6, "balls": 4, "wickets": 0}, "8c5775f3": {"runs": 14, "balls": 36, "wickets": 0}, "52d3b7ff": {"runs": 5, "balls": 5, "wickets": 0}, "a61850e6": {"runs": 9, "balls": 10, "wickets": 0}, "dbd79036": {"runs": 10, "balls": 15, "wickets": 1}, "44d0e8af": {"runs": 7, "balls": 4, "wickets": 0}, "237ec05b": {"runs": 4, "balls": 15, "wickets": 1}, "84f1ae7f": {"runs": 4, "balls": 7, "wickets": 0}, "53cd8da6": {"runs": 2, "balls": 10, "wickets": 0}, "705489eb": {"runs": 5, "balls": 5, "wickets": 0}, "ac56b5a7": {"runs": 1, "balls": 1, "wickets": 0}, "f0b4294e": {"runs": 6, "balls": 3, "wickets": 1}, "72166006": {"runs": 1, "balls": 4, "wickets": 1}, "a594a6e0": {"runs": 0, "balls": 1, "wickets": 1}, "3308d881": {"runs": 1, "balls": 2, "wickets": 1}, "0d518f89": {"runs": 21, "balls": 29, "wickets": 1}, "ce85fcaf": {"runs": 18, "balls": 15, "wickets": 1}, "3cfbddce": {"runs": 13, "balls": 14, "wickets": 0}, "2904b4b6": {"runs": 2, "balls": 4, "wickets": 0}, "ed840f44": {"runs": 5, "balls": 8, "wickets": 0}, "fa8f9dc3": {"runs": 10, "balls": 11, "wickets": 0}, "9b3bcca4": {"runs": 36, "balls": 34, "wickets": 1}, "f57d5dbb": {"runs": 2, "balls": 4, "wickets": 0}, "275dff85": {"runs": 13, "balls": 9, "wickets": 0}, "bc969efb": {"runs": 47, "balls": 58, "wickets": 0}, "cde96d97": {"runs": 17, "balls": 14, "wickets": 1}, "53d50717": {"runs": 10, "balls": 9, "wickets": 0}, "4ba0289e": {"runs": 15, "balls": 14, "wickets": 0}, "907c51ab": {"runs": 12, "balls": 13, "wickets": 0}, "201fef33": {"runs": 0, "balls": 2, "wickets": 1}, "3b770527": {"runs": 0, "balls": 2, "wickets": 0}, "a51e6c6e": {"runs": 1, "balls": 2, "wickets": 0}, "d921449d": {"runs": 1, "balls": 2, "wickets": 0}, "c981d3c2": {"runs": 2, "balls": 2, "wickets": 0}, "f0b4e47d": {"runs": 35, "balls": 62, "wickets": 0}, "256b70b1": {"runs": 30, "balls": 25, "wickets": 1}, "0160b1d9": {"runs": 33, "balls": 31, "wickets": 0}, "7239a365": {"runs": 15, "balls": 17, "wickets": 2}, "d5eb8b84": {"runs": 14, "balls": 17, "wickets": 1}, "8ca1f93a": {"runs": 24, "balls": 21, "wickets": 1}, "d6c1d6b7": {"runs": 10, "balls": 12, "wickets": 0}, "1a950c8c": {"runs": 6, "balls": 8, "wickets": 0}, "50ee0500": {"runs": 36, "balls": 25, "wickets": 0}, "b91efad5": {"runs": 20, "balls": 11, "wickets": 0}, "efb6cb2a": {"runs": 37, "balls": 29, "wickets": 2}, "f80d79af": {"runs": 35, "balls": 27, "wickets": 0}, "ebe092a8": {"runs": 8, "balls": 11, "wickets": 0}, "de69af96": {"runs": 29, "balls": 28, "wickets": 0}, "9af58032": {"runs": 28, "balls": 33, "wickets": 2}, "7673c908": {"runs": 26, "balls": 32, "wickets": 1}, "9b73d523": {"runs": 22, "balls": 16, "wickets": 0}, "57a49987": {"runs": 5, "balls": 6, "wickets": 0}, "50b558d2": {"runs": 0, "balls": 5, "wickets": 0}, "4d4605e6": {"runs": 5, "balls": 10, "wickets": 0}, "108c4c09": {"runs": 18, "balls": 13, "wickets": 0}, "99e23670": {"runs": 5, "balls": 17, "wickets": 0}, "d693012d": {"runs": 2, "balls": 2, "wickets": 0}, "dff806f4": {"runs": 6, "balls": 9, "wickets": 1}, "214115f5": {"runs": 23, "balls": 28, "wickets": 0}, "93fe473e": {"runs": 18, "balls": 18, "wickets": 0}, "37bf3ef5": {"runs": 6, "balls": 7, "wickets": 0}, "b8cce99f": {"runs": 22, "balls": 28, "wickets": 1}, "37f93dc8": {"runs": 10, "balls": 12, "wickets": 0}, "7693851c": {"runs": 27, "balls": 25, "wickets": 2}, "2cdd939f": {"runs": 9, "balls": 9, "wickets": 0}, "2817e17a": {"runs": 19, "balls": 27, "wickets": 1}, "add6bd03": {"runs": 26, "balls": 18, "wickets": 0}, "84c422e3": {"runs": 8, "balls": 4, "wickets": 0}, "6d35b4f0": {"runs": 1, "balls": 3, "wickets": 1}, "d945db3e": {"runs": 23, "balls": 23, "wickets": 0}, "66754320": {"runs": 24, "balls": 23, "wickets": 0}, "51afe432": {"runs": 14, "balls": 11, "wickets": 0}, "8aa62462": {"runs": 19, "balls": 14, "wickets": 0}, "ede7bb67": {"runs": 1, "balls": 3, "wickets": 0}, "5fb8135c": {"runs": 5, "balls": 3, "wickets": 0}, "e1504909": {"runs": 13, "balls": 12, "wickets": 0}, "93b4f6f6": {"runs": 29, "balls": 26, "wickets": 0}, "865eae1f": {"runs": 14, "balls": 11, "wickets": 0}, "f41d1a02": {"runs": 1, "balls": 2, "wickets": 0}, "fb8c6afa": {"runs": 18, "balls": 14, "wickets": 0}, "7c0055c1": {"runs": 12, "balls": 12, "wickets": 0}, "60471339": {"runs": 6, "balls": 14, "wickets": 0}, "1e17a238": {"runs": 12, "balls": 13, "wickets": 0}, "7391f160": {"runs": 6, "balls": 6, "wickets": 1}, "72b7ed1e": {"runs": 24, "balls": 20, "wickets": 0}, "33360da1": {"runs": 2, "balls": 4, "wickets": 1}, "7938c793": {"runs": 5, "balls": 4, "wickets": 0}, "165b9097": {"runs": 9, "balls": 9, "wickets": 0}, "31972229": {"runs": 8, "balls": 11, "wickets": 0}, "c0380823": {"runs": 2, "balls": 3, "wickets": 0}, "dd639a8c": {"runs": 0, "balls": 1, "wickets": 0}, "b5c83d22": {"runs": 3, "balls": 7, "wickets": 1}, "d8e8179f": {"runs": 1, "balls": 3, "wickets": 0}, "d7ff1adc": {"runs": 1, "balls": 1, "wickets": 0}}, "fifties": 6, "thirties": 16, "centuries": 0, "maidens": 0.0, "hattricks": 0, "runs": 1571.0, "wickets": 0.0, "club_ODI_previous3_runs": [], "club_ODI_previous3_wickets": [], "club_ODI_previous3_balls played": [], "club_ODI_previous3_overs": [], "club_ODI_previous3_runs gave": [], "club_ODI_lifetime_runs": 0.0, "club_ODI_lifetime_wickets": 0.0, "club_ODI_lifetime_balls played": 0.0, "club_ODI_lifetime_overs": 0.0, "club_ODI_lifetime_runs gave": 0.0, "club_Test_previous3_runs": [], "club_Test_previous3_wickets": [], "club_Test_previous3_balls played": [], "club_Test_previous3_overs": [], "club_Test_previous3_runs gave": [], "club_Test_lifetime_runs": 0.0, "club_Test_lifetime_wickets": 0.0, "club_Test_lifetime_balls played": 0.0, "club_Test_lifetime_overs": 0.0, "club_Test_lifetime_runs gave": 0.0, "club_T20_previous3_runs": [8.0, 23.0, 3.0], "club_T20_previous3_wickets": [0.0, 0.0, 0.0], "club_T20_previous3_balls played": [11.0, 28.0, 3.0], "club_T20_previous3_overs": [0.0, 0.0, 0.0], "club_T20_previous3_runs gave": [0.0, 0.0, 0.0], "club_T20_lifetime_runs": 802.0, "club_T20_lifetime_wickets": 0.0, "club_T20_lifetime_balls played": 800.0, "club_T20_lifetime_overs": 0.0, "club_T20_lifetime_runs gave": 0.0, "international_ODI_previous3_runs": [32.0, 5.0, 6.0], "international_ODI_previous3_wickets": [0.0, 0.0, 0.0], "international_ODI_previous3_balls played": [51.0, 3.0, 26.0], "international_ODI_previous3_overs": [0.0, 0.0, 0.0], "international_ODI_previous3_runs gave": [0.0, 0.0, 0.0], "international_ODI_lifetime_runs": 618.0, "international_ODI_lifetime_wickets": 0.0, "international_ODI_lifetime_balls played": 818.0, "international_ODI_lifetime_overs": 0.0, "international_ODI_lifetime_runs gave": 0.0, "international_Test_previous3_runs": [], "international_Test_previous3_wickets": [], "international_Test_previous3_balls played": [], "international_Test_previous3_overs": [], "international_Test_previous3_runs gave": [], "international_Test_lifetime_runs": 0.0, "international_Test_lifetime_wickets": 0.0, "international_Test_lifetime_balls played": 0.0, "international_Test_lifetime_overs": 0.0, "international_Test_lifetime_runs gave": 0.0, "international_T20_previous3_runs": [0.0, 15.0, 0.0], "international_T20_previous3_wickets": [0.0, 0.0, 0.0], "international_T20_previous3_balls played": [0.0, 13.0, 0.0], "international_T20_previous3_overs": [0.0, 0.0, 0.0], "international_T20_previous3_runs gave": [0.0, 0.0, 0.0], "international_T20_lifetime_runs": 151.0, "international_T20_lifetime_wickets": 0.0, "international_T20_lifetime_balls played": 179.0, "international_T20_lifetime_overs": 0.0, "international_T20_lifetime_runs gave": 0.0}