{"played_against": {"6ea2710f": {"runs": 1, "balls": 7, "wickets": 0}, "8728a058": {"runs": 2, "balls": 8, "wickets": 0}, "bee8bd62": {"runs": 2, "balls": 8, "wickets": 0}, "57a76baa": {"runs": 1, "balls": 1, "wickets": 0}, "97905e64": {"runs": 1, "balls": 1, "wickets": 0}, "b20f423b": {"runs": 0, "balls": 3, "wickets": 1}, "d48c0f40": {"runs": 3, "balls": 4, "wickets": 0}, "462d7c62": {"runs": 0, "balls": 2, "wickets": 1}, "fbdec8c0": {"runs": 1, "balls": 4, "wickets": 0}, "71440756": {"runs": 0, "balls": 3, "wickets": 0}, "e737a5fe": {"runs": 1, "balls": 2, "wickets": 0}, "3a60e0b5": {"runs": 0, "balls": 0, "wickets": 0}, "7f048519": {"runs": 0, "balls": 1, "wickets": 1}}, "fifties": 0, "thirties": 0, "centuries": 0, "maidens": 2.0, "hattricks": 3, "runs": 12.0, "wickets": 20.0, "club_ODI_previous3_runs": [3.0, 2.0, 0.0], "club_ODI_previous3_wickets": [0.0, 5.0, 3.0], "club_ODI_previous3_balls played": [6.0, 9.0, 0.0], "club_ODI_previous3_overs": [1.8333333333333335, 10.0, 9.333333333333334], "club_ODI_previous3_runs gave": [39.0, 47.0, 70.0], "club_ODI_lifetime_runs": 12.0, "club_ODI_lifetime_wickets": 17.0, "club_ODI_lifetime_balls played": 43.0, "club_ODI_lifetime_overs": 75.83333333333333, "club_ODI_lifetime_runs gave": 488.0, "club_Test_previous3_runs": [], "club_Test_previous3_wickets": [], "club_Test_previous3_balls played": [], "club_Test_previous3_overs": [], "club_Test_previous3_runs gave": [], "club_Test_lifetime_runs": 0.0, "club_Test_lifetime_wickets": 0.0, "club_Test_lifetime_balls played": 0.0, "club_Test_lifetime_overs": 0.0, "club_Test_lifetime_runs gave": 0.0, "club_T20_previous3_runs": [0.0, 0.0, 0.0], "club_T20_previous3_wickets": [0.0, 2.0, 1.0], "club_T20_previous3_balls played": [0.0, 2.0, 0.0], "club_T20_previous3_overs": [2.0, 3.0, 4.0], "club_T20_previous3_runs gave": [17.0, 28.0, 44.0], "club_T20_lifetime_runs": 0.0, "club_T20_lifetime_wickets": 3.0, "club_T20_lifetime_balls played": 2.0, "club_T20_lifetime_overs": 13.0, "club_T20_lifetime_runs gave": 119.0, "international_ODI_previous3_runs": [], "international_ODI_previous3_wickets": [], "international_ODI_previous3_balls played": [], "international_ODI_previous3_overs": [], "international_ODI_previous3_runs gave": [], "international_ODI_lifetime_runs": 0.0, "international_ODI_lifetime_wickets": 0.0, "international_ODI_lifetime_balls played": 0.0, "international_ODI_lifetime_overs": 0.0, "international_ODI_lifetime_runs gave": 0.0, "international_Test_previous3_runs": [], "international_Test_previous3_wickets": [], "international_Test_previous3_balls played": [], "international_Test_previous3_overs": [], "international_Test_previous3_runs gave": [], "international_Test_lifetime_runs": 0.0, "international_Test_lifetime_wickets": 0.0, "international_Test_lifetime_balls played": 0.0, "international_Test_lifetime_overs": 0.0, "international_Test_lifetime_runs gave": 0.0, "international_T20_previous3_runs": [], "international_T20_previous3_wickets": [], "international_T20_previous3_balls played": [], "international_T20_previous3_overs": [], "international_T20_previous3_runs gave": [], "international_T20_lifetime_runs": 0.0, "international_T20_lifetime_wickets": 0.0, "international_T20_lifetime_balls played": 0.0, "international_T20_lifetime_overs": 0.0, "international_T20_lifetime_runs gave": 0.0}