{"played_against": {"41acc8bf": {"runs": 6, "balls": 5, "wickets": 0}, "13f86301": {"runs": 1, "balls": 2, "wickets": 0}, "8f929af6": {"runs": 1, "balls": 2, "wickets": 0}, "027662be": {"runs": 4, "balls": 6, "wickets": 1}, "e62a07ce": {"runs": 3, "balls": 2, "wickets": 0}, "0c5f662b": {"runs": 1, "balls": 4, "wickets": 1}, "86ac0262": {"runs": 3, "balls": 4, "wickets": 0}, "5e0bb751": {"runs": 10, "balls": 8, "wickets": 0}, "e4ad57ea": {"runs": 1, "balls": 3, "wickets": 1}, "b3e9555a": {"runs": 11, "balls": 5, "wickets": 0}, "76b19864": {"runs": 2, "balls": 3, "wickets": 0}, "4aad6842": {"runs": 8, "balls": 3, "wickets": 0}, "b0f2d3bd": {"runs": 4, "balls": 7, "wickets": 1}, "8de618ab": {"runs": 1, "balls": 2, "wickets": 0}, "5d6a1f76": {"runs": 1, "balls": 4, "wickets": 0}, "2deb4082": {"runs": 14, "balls": 7, "wickets": 0}, "11f56b14": {"runs": 7, "balls": 5, "wickets": 1}, "39e9f0c9": {"runs": 5, "balls": 3, "wickets": 0}, "eb5aa5b9": {"runs": 2, "balls": 3, "wickets": 0}, "d8bee9a1": {"runs": 8, "balls": 4, "wickets": 0}, "b8e65260": {"runs": 8, "balls": 4, "wickets": 0}, "6de4e430": {"runs": 2, "balls": 4, "wickets": 1}, "69e53eb3": {"runs": 2, "balls": 12, "wickets": 0}, "bd3cecc6": {"runs": 0, "balls": 1, "wickets": 0}, "d0d32c30": {"runs": 4, "balls": 1, "wickets": 0}, "58aa33cd": {"runs": 13, "balls": 7, "wickets": 1}, "ff36e706": {"runs": 2, "balls": 12, "wickets": 1}, "be0077ba": {"runs": 10, "balls": 14, "wickets": 1}, "14e1fdab": {"runs": 30, "balls": 16, "wickets": 0}, "7adc2d68": {"runs": 24, "balls": 20, "wickets": 0}, "eb40ed89": {"runs": 19, "balls": 13, "wickets": 1}, "d18b7f34": {"runs": 13, "balls": 11, "wickets": 2}, "376557f7": {"runs": 24, "balls": 6, "wickets": 0}, "71b1e668": {"runs": 4, "balls": 5, "wickets": 1}, "0813a8b1": {"runs": 12, "balls": 12, "wickets": 0}, "fa308279": {"runs": 18, "balls": 17, "wickets": 1}, "04855b85": {"runs": 15, "balls": 9, "wickets": 1}, "fa39ad19": {"runs": 0, "balls": 2, "wickets": 0}, "3b22ee4e": {"runs": 5, "balls": 2, "wickets": 0}, "b648094c": {"runs": 1, "balls": 2, "wickets": 0}, "77e321db": {"runs": 2, "balls": 4, "wickets": 0}, "c228c52d": {"runs": 11, "balls": 4, "wickets": 0}, "a768a762": {"runs": 5, "balls": 8, "wickets": 0}, "6483c062": {"runs": 3, "balls": 8, "wickets": 1}, "b0358c6d": {"runs": 13, "balls": 9, "wickets": 0}, "ff0b1636": {"runs": 2, "balls": 3, "wickets": 0}, "995fd3b2": {"runs": 10, "balls": 7, "wickets": 0}, "3fa5672e": {"runs": 10, "balls": 8, "wickets": 0}, "9822fb85": {"runs": 3, "balls": 5, "wickets": 1}, "0fa81719": {"runs": 3, "balls": 2, "wickets": 0}, "eb0f2802": {"runs": 0, "balls": 1, "wickets": 1}, "f094e3b8": {"runs": 1, "balls": 6, "wickets": 0}, "5f25b104": {"runs": 9, "balls": 11, "wickets": 0}, "a92609f2": {"runs": 7, "balls": 5, "wickets": 0}, "1339f52a": {"runs": 13, "balls": 4, "wickets": 0}, "2dfe0612": {"runs": 15, "balls": 11, "wickets": 0}, "37d8d19a": {"runs": 1, "balls": 3, "wickets": 0}, "f8fb7e7b": {"runs": 8, "balls": 9, "wickets": 0}, "8209da53": {"runs": 15, "balls": 7, "wickets": 0}, "373954ca": {"runs": 10, "balls": 4, "wickets": 0}, "b1b99a1a": {"runs": 9, "balls": 4, "wickets": 0}, "5332fc2f": {"runs": 2, "balls": 2, "wickets": 0}, "0a15f357": {"runs": 9, "balls": 5, "wickets": 0}, "935305fd": {"runs": 0, "balls": 2, "wickets": 1}, "6913e38e": {"runs": 5, "balls": 5, "wickets": 0}, "8299b9a2": {"runs": 6, "balls": 7, "wickets": 0}, "fc362c5d": {"runs": 2, "balls": 2, "wickets": 0}, "94113d54": {"runs": 0, "balls": 1, "wickets": 1}, "7f784eb8": {"runs": 1, "balls": 2, "wickets": 0}, "f5ba4611": {"runs": 10, "balls": 6, "wickets": 0}, "638f451b": {"runs": 8, "balls": 4, "wickets": 0}}, "fifties": 2, "thirties": 3, "centuries": 0, "maidens": 0.0, "hattricks": 0, "runs": 492.0, "wickets": 9.0, "club_ODI_previous3_runs": [], "club_ODI_previous3_wickets": [], "club_ODI_previous3_balls played": [], "club_ODI_previous3_overs": [], "club_ODI_previous3_runs gave": [], "club_ODI_lifetime_runs": 0.0, "club_ODI_lifetime_wickets": 0.0, "club_ODI_lifetime_balls played": 0.0, "club_ODI_lifetime_overs": 0.0, "club_ODI_lifetime_runs gave": 0.0, "club_Test_previous3_runs": [], "club_Test_previous3_wickets": [], "club_Test_previous3_balls played": [], "club_Test_previous3_overs": [], "club_Test_previous3_runs gave": [], "club_Test_lifetime_runs": 0.0, "club_Test_lifetime_wickets": 0.0, "club_Test_lifetime_balls played": 0.0, "club_Test_lifetime_overs": 0.0, "club_Test_lifetime_runs gave": 0.0, "club_T20_previous3_runs": [], "club_T20_previous3_wickets": [], "club_T20_previous3_balls played": [], "club_T20_previous3_overs": [], "club_T20_previous3_runs gave": [], "club_T20_lifetime_runs": 0.0, "club_T20_lifetime_wickets": 0.0, "club_T20_lifetime_balls played": 0.0, "club_T20_lifetime_overs": 0.0, "club_T20_lifetime_runs gave": 0.0, "international_ODI_previous3_runs": [], "international_ODI_previous3_wickets": [], "international_ODI_previous3_balls played": [], "international_ODI_previous3_overs": [], "international_ODI_previous3_runs gave": [], "international_ODI_lifetime_runs": 0.0, "international_ODI_lifetime_wickets": 0.0, "international_ODI_lifetime_balls played": 0.0, "international_ODI_lifetime_overs": 0.0, "international_ODI_lifetime_runs gave": 0.0, "international_Test_previous3_runs": [], "international_Test_previous3_wickets": [], "international_Test_previous3_balls played": [], "international_Test_previous3_overs": [], "international_Test_previous3_runs gave": [], "international_Test_lifetime_runs": 0.0, "international_Test_lifetime_wickets": 0.0, "international_Test_lifetime_balls played": 0.0, "international_Test_lifetime_overs": 0.0, "international_Test_lifetime_runs gave": 0.0, "international_T20_previous3_runs": [11.0, 13.0, 29.0], "international_T20_previous3_wickets": [0.0, 0.0, 0.0], "international_T20_previous3_balls played": [9.0, 16.0, 18.0], "international_T20_previous3_overs": [2.0, 1.0, 0.0], "international_T20_previous3_runs gave": [16.0, 13.0, 0.0], "international_T20_lifetime_runs": 492.0, "international_T20_lifetime_wickets": 9.0, "international_T20_lifetime_balls played": 416.0, "international_T20_lifetime_overs": 31.666666666666668, "international_T20_lifetime_runs gave": 311.0}