{"played_against": {"9c376401": {"runs": 2, "balls": 2, "wickets": 0}, "4373c57e": {"runs": 7, "balls": 3, "wickets": 0}, "27cc4361": {"runs": 5, "balls": 8, "wickets": 0}, "270b3f8e": {"runs": 2, "balls": 7, "wickets": 0}, "2c13defe": {"runs": 14, "balls": 10, "wickets": 0}, "753b5a2d": {"runs": 24, "balls": 38, "wickets": 2}, "eeeebf82": {"runs": 0, "balls": 15, "wickets": 1}, "37312a74": {"runs": 6, "balls": 5, "wickets": 0}, "4ec07775": {"runs": 1, "balls": 1, "wickets": 0}, "59cc6b79": {"runs": 3, "balls": 5, "wickets": 1}, "1676b2d6": {"runs": 1, "balls": 1, "wickets": 0}, "469ea22b": {"runs": 0, "balls": 4, "wickets": 1}, "0f12f9df": {"runs": 4, "balls": 4, "wickets": 0}, "9f0270e0": {"runs": 6, "balls": 15, "wickets": 0}, "afe57f7a": {"runs": 2, "balls": 7, "wickets": 0}, "0dc00542": {"runs": 1, "balls": 10, "wickets": 0}, "05d74535": {"runs": 1, "balls": 2, "wickets": 0}, "16dfcc19": {"runs": 2, "balls": 5, "wickets": 0}, "b3118300": {"runs": 1, "balls": 2, "wickets": 0}, "3eac9d95": {"runs": 3, "balls": 4, "wickets": 0}, "13c35c9e": {"runs": 2, "balls": 5, "wickets": 0}, "5673a3fc": {"runs": 12, "balls": 4, "wickets": 0}, "91ffa6c6": {"runs": 5, "balls": 3, "wickets": 1}, "aae9ce90": {"runs": 1, "balls": 9, "wickets": 1}, "568e5a4a": {"runs": 1, "balls": 2, "wickets": 0}, "243431b5": {"runs": 3, "balls": 8, "wickets": 0}, "e01895bb": {"runs": 1, "balls": 3, "wickets": 0}, "f43dd8c2": {"runs": 1, "balls": 12, "wickets": 0}, "e21bc7f3": {"runs": 6, "balls": 3, "wickets": 0}, "8c7d6cbe": {"runs": 1, "balls": 4, "wickets": 0}, "7fa2ab1f": {"runs": 1, "balls": 4, "wickets": 0}, "abbdca1a": {"runs": 0, "balls": 1, "wickets": 0}, "96503059": {"runs": 6, "balls": 11, "wickets": 1}, "91052c96": {"runs": 8, "balls": 7, "wickets": 0}}, "fifties": 0, "thirties": 1, "centuries": 0, "maidens": 10.0, "hattricks": 4, "runs": 133.0, "wickets": 19.0, "club_ODI_previous3_runs": [], "club_ODI_previous3_wickets": [], "club_ODI_previous3_balls played": [], "club_ODI_previous3_overs": [], "club_ODI_previous3_runs gave": [], "club_ODI_lifetime_runs": 0.0, "club_ODI_lifetime_wickets": 0.0, "club_ODI_lifetime_balls played": 0.0, "club_ODI_lifetime_overs": 0.0, "club_ODI_lifetime_runs gave": 0.0, "club_Test_previous3_runs": [], "club_Test_previous3_wickets": [], "club_Test_previous3_balls played": [], "club_Test_previous3_overs": [], "club_Test_previous3_runs gave": [], "club_Test_lifetime_runs": 0.0, "club_Test_lifetime_wickets": 0.0, "club_Test_lifetime_balls played": 0.0, "club_Test_lifetime_overs": 0.0, "club_Test_lifetime_runs gave": 0.0, "club_T20_previous3_runs": [], "club_T20_previous3_wickets": [], "club_T20_previous3_balls played": [], "club_T20_previous3_overs": [], "club_T20_previous3_runs gave": [], "club_T20_lifetime_runs": 0.0, "club_T20_lifetime_wickets": 0.0, "club_T20_lifetime_balls played": 0.0, "club_T20_lifetime_overs": 0.0, "club_T20_lifetime_runs gave": 0.0, "international_ODI_previous3_runs": [1.0, 9.0, 14.0], "international_ODI_previous3_wickets": [0.0, 5.0, 0.0], "international_ODI_previous3_balls played": [3.0, 25.0, 19.0], "international_ODI_previous3_overs": [10.0, 10.0, 5.0], "international_ODI_previous3_runs gave": [52.0, 68.0, 34.0], "international_ODI_lifetime_runs": 77.0, "international_ODI_lifetime_wickets": 17.0, "international_ODI_lifetime_balls played": 137.0, "international_ODI_lifetime_overs": 94.66666666666666, "international_ODI_lifetime_runs gave": 481.0, "international_Test_previous3_runs": [42.0], "international_Test_previous3_wickets": [0.0], "international_Test_previous3_balls played": [75.0], "international_Test_previous3_overs": [33.83333333333333], "international_Test_previous3_runs gave": [143.0], "international_Test_lifetime_runs": 42.0, "international_Test_lifetime_wickets": 0.0, "international_Test_lifetime_balls played": 75.0, "international_Test_lifetime_overs": 33.83333333333333, "international_Test_lifetime_runs gave": 143.0, "international_T20_previous3_runs": [7.0, 3.0, 4.0], "international_T20_previous3_wickets": [0.0, 0.0, 2.0], "international_T20_previous3_balls played": [7.0, 3.0, 6.0], "international_T20_previous3_overs": [3.1666666666666665, 1.0, 3.0], "international_T20_previous3_runs gave": [36.0, 15.0, 19.0], "international_T20_lifetime_runs": 14.0, "international_T20_lifetime_wickets": 2.0, "international_T20_lifetime_balls played": 16.0, "international_T20_lifetime_overs": 7.166666666666666, "international_T20_lifetime_runs gave": 70.0}