{"played_against": {"9706e64b": {"runs": 5, "balls": 17, "wickets": 0}, "8fbdc795": {"runs": 5, "balls": 7, "wickets": 0}, "f46500c3": {"runs": 0, "balls": 5, "wickets": 1}, "7e9ff716": {"runs": 4, "balls": 3, "wickets": 0}, "d3a44255": {"runs": 0, "balls": 4, "wickets": 1}}, "fifties": 0, "thirties": 0, "centuries": 0, "maidens": 12.0, "hattricks": 1, "runs": 14.0, "wickets": 4.0, "club_ODI_previous3_runs": [], "club_ODI_previous3_wickets": [], "club_ODI_previous3_balls played": [], "club_ODI_previous3_overs": [], "club_ODI_previous3_runs gave": [], "club_ODI_lifetime_runs": 0.0, "club_ODI_lifetime_wickets": 0.0, "club_ODI_lifetime_balls played": 0.0, "club_ODI_lifetime_overs": 0.0, "club_ODI_lifetime_runs gave": 0.0, "club_Test_previous3_runs": [], "club_Test_previous3_wickets": [], "club_Test_previous3_balls played": [], "club_Test_previous3_overs": [], "club_Test_previous3_runs gave": [], "club_Test_lifetime_runs": 0.0, "club_Test_lifetime_wickets": 0.0, "club_Test_lifetime_balls played": 0.0, "club_Test_lifetime_overs": 0.0, "club_Test_lifetime_runs gave": 0.0, "club_T20_previous3_runs": [], "club_T20_previous3_wickets": [], "club_T20_previous3_balls played": [], "club_T20_previous3_overs": [], "club_T20_previous3_runs gave": [], "club_T20_lifetime_runs": 0.0, "club_T20_lifetime_wickets": 0.0, "club_T20_lifetime_balls played": 0.0, "club_T20_lifetime_overs": 0.0, "club_T20_lifetime_runs gave": 0.0, "international_ODI_previous3_runs": [0.0], "international_ODI_previous3_wickets": [3.0], "international_ODI_previous3_balls played": [0.0], "international_ODI_previous3_overs": [9.833333333333334], "international_ODI_previous3_runs gave": [25.0], "international_ODI_lifetime_runs": 0.0, "international_ODI_lifetime_wickets": 3.0, "international_ODI_lifetime_balls played": 0.0, "international_ODI_lifetime_overs": 9.833333333333334, "international_ODI_lifetime_runs gave": 25.0, "international_Test_previous3_runs": [14.0], "international_Test_previous3_wickets": [1.0], "international_Test_previous3_balls played": [36.0], "international_Test_previous3_overs": [23.0], "international_Test_previous3_runs gave": [39.0], "international_Test_lifetime_runs": 14.0, "international_Test_lifetime_wickets": 1.0, "international_Test_lifetime_balls played": 36.0, "international_Test_lifetime_overs": 23.0, "international_Test_lifetime_runs gave": 39.0, "international_T20_previous3_runs": [0.0, 0.0], "international_T20_previous3_wickets": [0.0, 0.0], "international_T20_previous3_balls played": [0.0, 0.0], "international_T20_previous3_overs": [3.0, 4.0], "international_T20_previous3_runs gave": [28.0, 36.0], "international_T20_lifetime_runs": 0.0, "international_T20_lifetime_wickets": 0.0, "international_T20_lifetime_balls played": 0.0, "international_T20_lifetime_overs": 7.0, "international_T20_lifetime_runs gave": 64.0}